2026-03-30 22:53:21 - __main__ - INFO - Comparison pipeline | device=cuda | out_dir=./runs/tiny_imagenet_2026_03/30 | args={"adamw_betas": [0.9, 0.999], "adamw_eps": 1e-08, "amp": false, "batch_size": 128, "cam_layer": "auto", "config": "/content/CAMRegularization/configs.json", "data_dir": "./data", "dataset": "tiny_imagenet", "enable_random_control": true, "enable_shuffled_cam_control": true, "epochs": 100, "gamma": 0.1, "input_models": ["resnet18"], "label_smoothing": 0.0, "log_every": 100, "lr": 0.1, "milestones": "60,80", "min_lr": 1e-05, "momentum": 0.9, "nesterov": false, "num_workers": 2, "optimizer": "sgd", "out_dir": "./runs/tiny_imagenet_2026_03/30", "output_models": ["resnet34", "densenet121"], "run_name": "", "scheduler": "cosine", "seed": 42, "threshold": 0.15, "val_split": 0.1, "warmup_epochs": 5, "weight_decay": 0.0005}
2026-03-30 22:53:21 - __main__ - INFO - Enabled variants: ['original', 'low_saliency', 'random_sparsity', 'shuffled_cam_low_saliency']
2026-03-30 22:53:21 - __main__ - INFO - 
============================================================
2026-03-30 22:53:21 - __main__ - INFO - Training input model: resnet18
2026-03-30 22:53:21 - __main__ - INFO -   Resolved config → opt=sgd, lr=0.1, wd=0.0005, bs=128, epochs=100, scheduler=cosine, warmup=5
2026-03-30 22:53:21 - __main__ - INFO - ============================================================
2026-03-30 22:53:21 - __main__ - INFO - device: cuda | cuda: True | gpu: NVIDIA L4
2026-03-30 22:53:58 - __main__ - INFO - Model: resnet18 | Dataset: tiny_imagenet | Classes: 200 | Optimizer: sgd
2026-03-30 22:53:58 - __main__ - INFO - 
Epoch 1/100 | lr 0.000100
2026-03-30 22:55:18 - __main__ - INFO - Train: loss 5.3345 acc1 0.89%
2026-03-30 22:55:18 - __main__ - INFO - Val:   loss 5.2760 acc1 1.27%
2026-03-30 22:55:18 - __main__ - INFO - saved best: 1.27%
2026-03-30 22:55:18 - __main__ - INFO - 
Epoch 2/100 | lr 0.020080
2026-03-30 22:56:36 - __main__ - INFO - Train: loss 4.3604 acc1 9.37%
2026-03-30 22:56:36 - __main__ - INFO - Val:   loss 4.5303 acc1 9.68%
2026-03-30 22:56:36 - __main__ - INFO - saved best: 9.68%
2026-03-30 22:56:36 - __main__ - INFO - 
Epoch 3/100 | lr 0.040060
2026-03-30 22:57:54 - __main__ - INFO - Train: loss 3.5969 acc1 19.38%
2026-03-30 22:57:54 - __main__ - INFO - Val:   loss 3.8460 acc1 17.67%
2026-03-30 22:57:54 - __main__ - INFO - saved best: 17.67%
2026-03-30 22:57:54 - __main__ - INFO - 
Epoch 4/100 | lr 0.060040
2026-03-30 22:59:12 - __main__ - INFO - Train: loss 3.1649 acc1 26.61%
2026-03-30 22:59:12 - __main__ - INFO - Val:   loss 3.8204 acc1 19.18%
2026-03-30 22:59:12 - __main__ - INFO - saved best: 19.18%
2026-03-30 22:59:12 - __main__ - INFO - 
Epoch 5/100 | lr 0.080020
2026-03-30 23:00:30 - __main__ - INFO - Train: loss 2.8998 acc1 31.70%
2026-03-30 23:00:30 - __main__ - INFO - Val:   loss 3.5673 acc1 23.18%
2026-03-30 23:00:30 - __main__ - INFO - saved best: 23.18%
2026-03-30 23:00:30 - __main__ - INFO - 
Epoch 6/100 | lr 0.100000
2026-03-30 23:01:48 - __main__ - INFO - Train: loss 2.7304 acc1 34.88%
2026-03-30 23:01:48 - __main__ - INFO - Val:   loss 3.8768 acc1 22.55%
2026-03-30 23:01:48 - __main__ - INFO - 
Epoch 7/100 | lr 0.099973
2026-03-30 23:03:06 - __main__ - INFO - Train: loss 2.5591 acc1 38.41%
2026-03-30 23:03:06 - __main__ - INFO - Val:   loss 3.3046 acc1 28.63%
2026-03-30 23:03:06 - __main__ - INFO - saved best: 28.63%
2026-03-30 23:03:06 - __main__ - INFO - 
Epoch 8/100 | lr 0.099891
2026-03-30 23:04:24 - __main__ - INFO - Train: loss 2.4406 acc1 40.98%
2026-03-30 23:04:24 - __main__ - INFO - Val:   loss 3.6046 acc1 24.11%
2026-03-30 23:04:24 - __main__ - INFO - 
Epoch 9/100 | lr 0.099754
2026-03-30 23:05:42 - __main__ - INFO - Train: loss 2.3555 acc1 42.59%
2026-03-30 23:05:42 - __main__ - INFO - Val:   loss 3.2716 acc1 30.80%
2026-03-30 23:05:42 - __main__ - INFO - saved best: 30.80%
2026-03-30 23:05:42 - __main__ - INFO - 
Epoch 10/100 | lr 0.099563
2026-03-30 23:07:00 - __main__ - INFO - Train: loss 2.2780 acc1 44.29%
2026-03-30 23:07:00 - __main__ - INFO - Val:   loss 3.9722 acc1 22.37%
2026-03-30 23:07:00 - __main__ - INFO - 
Epoch 11/100 | lr 0.099318
2026-03-30 23:08:18 - __main__ - INFO - Train: loss 2.2292 acc1 45.31%
2026-03-30 23:08:18 - __main__ - INFO - Val:   loss 3.0775 acc1 32.84%
2026-03-30 23:08:18 - __main__ - INFO - saved best: 32.84%
2026-03-30 23:08:18 - __main__ - INFO - 
Epoch 12/100 | lr 0.099019
2026-03-30 23:09:36 - __main__ - INFO - Train: loss 2.1809 acc1 46.42%
2026-03-30 23:09:36 - __main__ - INFO - Val:   loss 2.7542 acc1 36.62%
2026-03-30 23:09:36 - __main__ - INFO - saved best: 36.62%
2026-03-30 23:09:36 - __main__ - INFO - 
Epoch 13/100 | lr 0.098666
2026-03-30 23:10:54 - __main__ - INFO - Train: loss 2.1357 acc1 47.50%
2026-03-30 23:10:54 - __main__ - INFO - Val:   loss 3.1525 acc1 31.93%
2026-03-30 23:10:54 - __main__ - INFO - 
Epoch 14/100 | lr 0.098261
2026-03-30 23:12:11 - __main__ - INFO - Train: loss 2.1013 acc1 48.16%
2026-03-30 23:12:11 - __main__ - INFO - Val:   loss 2.7565 acc1 38.73%
2026-03-30 23:12:11 - __main__ - INFO - saved best: 38.73%
2026-03-30 23:12:11 - __main__ - INFO - 
Epoch 15/100 | lr 0.097802
2026-03-30 23:13:29 - __main__ - INFO - Train: loss 2.0680 acc1 48.84%
2026-03-30 23:13:29 - __main__ - INFO - Val:   loss 2.3262 acc1 44.99%
2026-03-30 23:13:29 - __main__ - INFO - saved best: 44.99%
2026-03-30 23:13:29 - __main__ - INFO - 
Epoch 16/100 | lr 0.097291
2026-03-30 23:14:47 - __main__ - INFO - Train: loss 2.0317 acc1 49.72%
2026-03-30 23:14:47 - __main__ - INFO - Val:   loss 3.0964 acc1 31.78%
2026-03-30 23:14:47 - __main__ - INFO - 
Epoch 17/100 | lr 0.096729
2026-03-30 23:16:05 - __main__ - INFO - Train: loss 2.0171 acc1 50.00%
2026-03-30 23:16:05 - __main__ - INFO - Val:   loss 3.3350 acc1 30.90%
2026-03-30 23:16:05 - __main__ - INFO - 
Epoch 18/100 | lr 0.096115
2026-03-30 23:17:23 - __main__ - INFO - Train: loss 1.9860 acc1 50.77%
2026-03-30 23:17:23 - __main__ - INFO - Val:   loss 2.8854 acc1 37.15%
2026-03-30 23:17:23 - __main__ - INFO - 
Epoch 19/100 | lr 0.095451
2026-03-30 23:18:41 - __main__ - INFO - Train: loss 1.9629 acc1 51.39%
2026-03-30 23:18:41 - __main__ - INFO - Val:   loss 2.9246 acc1 36.84%
2026-03-30 23:18:41 - __main__ - INFO - 
Epoch 20/100 | lr 0.094737
2026-03-30 23:19:59 - __main__ - INFO - Train: loss 1.9416 acc1 51.60%
2026-03-30 23:19:59 - __main__ - INFO - Val:   loss 2.7674 acc1 38.16%
2026-03-30 23:19:59 - __main__ - INFO - 
Epoch 21/100 | lr 0.093974
2026-03-30 23:21:16 - __main__ - INFO - Train: loss 1.9280 acc1 52.09%
2026-03-30 23:21:16 - __main__ - INFO - Val:   loss 2.5714 acc1 41.11%
2026-03-30 23:21:16 - __main__ - INFO - 
Epoch 22/100 | lr 0.093164
2026-03-30 23:22:34 - __main__ - INFO - Train: loss 1.9104 acc1 52.41%
2026-03-30 23:22:34 - __main__ - INFO - Val:   loss 2.5095 acc1 42.26%
2026-03-30 23:22:34 - __main__ - INFO - 
Epoch 23/100 | lr 0.092306
2026-03-30 23:23:52 - __main__ - INFO - Train: loss 1.8924 acc1 52.65%
2026-03-30 23:23:52 - __main__ - INFO - Val:   loss 2.9466 acc1 36.37%
2026-03-30 23:23:52 - __main__ - INFO - 
Epoch 24/100 | lr 0.091401
2026-03-30 23:25:10 - __main__ - INFO - Train: loss 1.8715 acc1 53.15%
2026-03-30 23:25:10 - __main__ - INFO - Val:   loss 2.5737 acc1 40.83%
2026-03-30 23:25:10 - __main__ - INFO - 
Epoch 25/100 | lr 0.090452
2026-03-30 23:26:28 - __main__ - INFO - Train: loss 1.8615 acc1 53.54%
2026-03-30 23:26:28 - __main__ - INFO - Val:   loss 2.7665 acc1 36.96%
2026-03-30 23:26:28 - __main__ - INFO - 
Epoch 26/100 | lr 0.089458
2026-03-30 23:27:45 - __main__ - INFO - Train: loss 1.8411 acc1 53.92%
2026-03-30 23:27:45 - __main__ - INFO - Val:   loss 3.0774 acc1 36.81%
2026-03-30 23:27:45 - __main__ - INFO - 
Epoch 27/100 | lr 0.088421
2026-03-30 23:29:03 - __main__ - INFO - Train: loss 1.8264 acc1 54.23%
2026-03-30 23:29:03 - __main__ - INFO - Val:   loss 2.9312 acc1 37.05%
2026-03-30 23:29:03 - __main__ - INFO - 
Epoch 28/100 | lr 0.087342
2026-03-30 23:30:21 - __main__ - INFO - Train: loss 1.8119 acc1 54.65%
2026-03-30 23:30:21 - __main__ - INFO - Val:   loss 2.7699 acc1 39.09%
2026-03-30 23:30:21 - __main__ - INFO - 
Epoch 29/100 | lr 0.086223
2026-03-30 23:31:39 - __main__ - INFO - Train: loss 1.7927 acc1 55.18%
2026-03-30 23:31:39 - __main__ - INFO - Val:   loss 2.7347 acc1 39.08%
2026-03-30 23:31:39 - __main__ - INFO - 
Epoch 30/100 | lr 0.085063
2026-03-30 23:32:57 - __main__ - INFO - Train: loss 1.7743 acc1 55.39%
2026-03-30 23:32:57 - __main__ - INFO - Val:   loss 3.1425 acc1 33.83%
2026-03-30 23:32:57 - __main__ - INFO - 
Epoch 31/100 | lr 0.083866
2026-03-30 23:34:15 - __main__ - INFO - Train: loss 1.7561 acc1 55.85%
2026-03-30 23:34:15 - __main__ - INFO - Val:   loss 2.4275 acc1 44.90%
2026-03-30 23:34:15 - __main__ - INFO - 
Epoch 32/100 | lr 0.082631
2026-03-30 23:35:32 - __main__ - INFO - Train: loss 1.7373 acc1 56.41%
2026-03-30 23:35:32 - __main__ - INFO - Val:   loss 2.4739 acc1 42.65%
2026-03-30 23:35:32 - __main__ - INFO - 
Epoch 33/100 | lr 0.081361
2026-03-30 23:36:50 - __main__ - INFO - Train: loss 1.7297 acc1 56.11%
2026-03-30 23:36:50 - __main__ - INFO - Val:   loss 2.7571 acc1 39.27%
2026-03-30 23:36:50 - __main__ - INFO - 
Epoch 34/100 | lr 0.080056
2026-03-30 23:38:08 - __main__ - INFO - Train: loss 1.7086 acc1 57.05%
2026-03-30 23:38:08 - __main__ - INFO - Val:   loss 2.2638 acc1 47.22%
2026-03-30 23:38:08 - __main__ - INFO - saved best: 47.22%
2026-03-30 23:38:08 - __main__ - INFO - 
Epoch 35/100 | lr 0.078719
2026-03-30 23:39:26 - __main__ - INFO - Train: loss 1.6888 acc1 57.33%
2026-03-30 23:39:26 - __main__ - INFO - Val:   loss 2.5270 acc1 42.68%
2026-03-30 23:39:26 - __main__ - INFO - 
Epoch 36/100 | lr 0.077350
2026-03-30 23:40:43 - __main__ - INFO - Train: loss 1.6704 acc1 57.60%
2026-03-30 23:40:43 - __main__ - INFO - Val:   loss 2.5801 acc1 42.43%
2026-03-30 23:40:43 - __main__ - INFO - 
Epoch 37/100 | lr 0.075951
2026-03-30 23:42:01 - __main__ - INFO - Train: loss 1.6551 acc1 58.00%
2026-03-30 23:42:01 - __main__ - INFO - Val:   loss 2.3849 acc1 45.17%
2026-03-30 23:42:01 - __main__ - INFO - 
Epoch 38/100 | lr 0.074524
2026-03-30 23:43:19 - __main__ - INFO - Train: loss 1.6311 acc1 58.53%
2026-03-30 23:43:19 - __main__ - INFO - Val:   loss 2.3604 acc1 45.99%
2026-03-30 23:43:19 - __main__ - INFO - 
Epoch 39/100 | lr 0.073070
2026-03-30 23:44:37 - __main__ - INFO - Train: loss 1.6122 acc1 58.91%
2026-03-30 23:44:37 - __main__ - INFO - Val:   loss 2.5621 acc1 43.45%
2026-03-30 23:44:37 - __main__ - INFO - 
Epoch 40/100 | lr 0.071591
2026-03-30 23:45:54 - __main__ - INFO - Train: loss 1.5933 acc1 59.47%
2026-03-30 23:45:54 - __main__ - INFO - Val:   loss 2.4077 acc1 46.12%
2026-03-30 23:45:54 - __main__ - INFO - 
Epoch 41/100 | lr 0.070088
2026-03-30 23:47:12 - __main__ - INFO - Train: loss 1.5704 acc1 59.95%
2026-03-30 23:47:12 - __main__ - INFO - Val:   loss 2.9933 acc1 37.63%
2026-03-30 23:47:12 - __main__ - INFO - 
Epoch 42/100 | lr 0.068563
2026-03-30 23:48:30 - __main__ - INFO - Train: loss 1.5529 acc1 60.36%
2026-03-30 23:48:30 - __main__ - INFO - Val:   loss 2.4262 acc1 45.92%
2026-03-30 23:48:30 - __main__ - INFO - 
Epoch 43/100 | lr 0.067018
2026-03-30 23:49:48 - __main__ - INFO - Train: loss 1.5329 acc1 60.88%
2026-03-30 23:49:48 - __main__ - INFO - Val:   loss 2.1402 acc1 50.21%
2026-03-30 23:49:48 - __main__ - INFO - saved best: 50.21%
2026-03-30 23:49:48 - __main__ - INFO - 
Epoch 44/100 | lr 0.065454
2026-03-30 23:51:05 - __main__ - INFO - Train: loss 1.5059 acc1 61.35%
2026-03-30 23:51:05 - __main__ - INFO - Val:   loss 2.6006 acc1 42.16%
2026-03-30 23:51:05 - __main__ - INFO - 
Epoch 45/100 | lr 0.063874
2026-03-30 23:52:23 - __main__ - INFO - Train: loss 1.4872 acc1 61.90%
2026-03-30 23:52:23 - __main__ - INFO - Val:   loss 2.5196 acc1 44.61%
2026-03-30 23:52:23 - __main__ - INFO - 
Epoch 46/100 | lr 0.062278
2026-03-30 23:53:41 - __main__ - INFO - Train: loss 1.4674 acc1 62.12%
2026-03-30 23:53:41 - __main__ - INFO - Val:   loss 2.5806 acc1 45.21%
2026-03-30 23:53:41 - __main__ - INFO - 
Epoch 47/100 | lr 0.060669
2026-03-30 23:54:58 - __main__ - INFO - Train: loss 1.4509 acc1 62.83%
2026-03-30 23:54:58 - __main__ - INFO - Val:   loss 2.7245 acc1 41.92%
2026-03-30 23:54:58 - __main__ - INFO - 
Epoch 48/100 | lr 0.059048
2026-03-30 23:56:16 - __main__ - INFO - Train: loss 1.4283 acc1 63.13%
2026-03-30 23:56:16 - __main__ - INFO - Val:   loss 2.4885 acc1 44.69%
2026-03-30 23:56:16 - __main__ - INFO - 
Epoch 49/100 | lr 0.057417
2026-03-30 23:57:34 - __main__ - INFO - Train: loss 1.4016 acc1 63.70%
2026-03-30 23:57:34 - __main__ - INFO - Val:   loss 2.2966 acc1 48.48%
2026-03-30 23:57:34 - __main__ - INFO - 
Epoch 50/100 | lr 0.055779
2026-03-30 23:58:51 - __main__ - INFO - Train: loss 1.3652 acc1 64.55%
2026-03-30 23:58:51 - __main__ - INFO - Val:   loss 2.2278 acc1 49.74%
2026-03-30 23:58:51 - __main__ - INFO - 
Epoch 51/100 | lr 0.054134
2026-03-31 00:00:09 - __main__ - INFO - Train: loss 1.3429 acc1 65.01%
2026-03-31 00:00:09 - __main__ - INFO - Val:   loss 2.2459 acc1 48.96%
2026-03-31 00:00:09 - __main__ - INFO - 
Epoch 52/100 | lr 0.052484
2026-03-31 00:01:27 - __main__ - INFO - Train: loss 1.3093 acc1 65.88%
2026-03-31 00:01:27 - __main__ - INFO - Val:   loss 2.5377 acc1 45.76%
2026-03-31 00:01:27 - __main__ - INFO - 
Epoch 53/100 | lr 0.050832
2026-03-31 00:02:44 - __main__ - INFO - Train: loss 1.2906 acc1 66.23%
2026-03-31 00:02:44 - __main__ - INFO - Val:   loss 2.3132 acc1 47.03%
2026-03-31 00:02:44 - __main__ - INFO - 
Epoch 54/100 | lr 0.049178
2026-03-31 00:04:02 - __main__ - INFO - Train: loss 1.2589 acc1 67.07%
2026-03-31 00:04:02 - __main__ - INFO - Val:   loss 2.5975 acc1 45.58%
2026-03-31 00:04:02 - __main__ - INFO - 
Epoch 55/100 | lr 0.047526
2026-03-31 00:05:20 - __main__ - INFO - Train: loss 1.2209 acc1 68.02%
2026-03-31 00:05:20 - __main__ - INFO - Val:   loss 2.3379 acc1 48.15%
2026-03-31 00:05:20 - __main__ - INFO - 
Epoch 56/100 | lr 0.045876
2026-03-31 00:06:37 - __main__ - INFO - Train: loss 1.1981 acc1 68.56%
2026-03-31 00:06:37 - __main__ - INFO - Val:   loss 2.1895 acc1 49.79%
2026-03-31 00:06:37 - __main__ - INFO - 
Epoch 57/100 | lr 0.044231
2026-03-31 00:07:55 - __main__ - INFO - Train: loss 1.1639 acc1 69.34%
2026-03-31 00:07:55 - __main__ - INFO - Val:   loss 2.3896 acc1 48.11%
2026-03-31 00:07:55 - __main__ - INFO - 
Epoch 58/100 | lr 0.042593
2026-03-31 00:09:12 - __main__ - INFO - Train: loss 1.1331 acc1 69.97%
2026-03-31 00:09:12 - __main__ - INFO - Val:   loss 2.2766 acc1 50.21%
2026-03-31 00:09:12 - __main__ - INFO - saved best: 50.21%
2026-03-31 00:09:12 - __main__ - INFO - 
Epoch 59/100 | lr 0.040962
2026-03-31 00:10:30 - __main__ - INFO - Train: loss 1.0908 acc1 70.90%
2026-03-31 00:10:30 - __main__ - INFO - Val:   loss 2.4123 acc1 47.41%
2026-03-31 00:10:30 - __main__ - INFO - 
Epoch 60/100 | lr 0.039341
2026-03-31 00:11:48 - __main__ - INFO - Train: loss 1.0620 acc1 71.78%
2026-03-31 00:11:48 - __main__ - INFO - Val:   loss 2.1151 acc1 52.33%
2026-03-31 00:11:48 - __main__ - INFO - saved best: 52.33%
2026-03-31 00:11:48 - __main__ - INFO - 
Epoch 61/100 | lr 0.037732
2026-03-31 00:13:05 - __main__ - INFO - Train: loss 1.0217 acc1 72.47%
2026-03-31 00:13:05 - __main__ - INFO - Val:   loss 2.4274 acc1 47.87%
2026-03-31 00:13:05 - __main__ - INFO - 
Epoch 62/100 | lr 0.036136
2026-03-31 00:14:23 - __main__ - INFO - Train: loss 0.9752 acc1 73.70%
2026-03-31 00:14:23 - __main__ - INFO - Val:   loss 2.5154 acc1 48.96%
2026-03-31 00:14:23 - __main__ - INFO - 
Epoch 63/100 | lr 0.034556
2026-03-31 00:15:41 - __main__ - INFO - Train: loss 0.9450 acc1 74.57%
2026-03-31 00:15:41 - __main__ - INFO - Val:   loss 2.1579 acc1 53.00%
2026-03-31 00:15:41 - __main__ - INFO - saved best: 53.00%
2026-03-31 00:15:41 - __main__ - INFO - 
Epoch 64/100 | lr 0.032992
2026-03-31 00:16:58 - __main__ - INFO - Train: loss 0.9023 acc1 75.71%
2026-03-31 00:16:58 - __main__ - INFO - Val:   loss 2.1523 acc1 53.99%
2026-03-31 00:16:58 - __main__ - INFO - saved best: 53.99%
2026-03-31 00:16:58 - __main__ - INFO - 
Epoch 65/100 | lr 0.031447
2026-03-31 00:18:16 - __main__ - INFO - Train: loss 0.8506 acc1 77.04%
2026-03-31 00:18:16 - __main__ - INFO - Val:   loss 2.1674 acc1 52.89%
2026-03-31 00:18:16 - __main__ - INFO - 
Epoch 66/100 | lr 0.029922
2026-03-31 00:19:34 - __main__ - INFO - Train: loss 0.8145 acc1 78.12%
2026-03-31 00:19:34 - __main__ - INFO - Val:   loss 2.3456 acc1 50.32%
2026-03-31 00:19:34 - __main__ - INFO - 
Epoch 67/100 | lr 0.028419
2026-03-31 00:20:51 - __main__ - INFO - Train: loss 0.7692 acc1 79.18%
2026-03-31 00:20:51 - __main__ - INFO - Val:   loss 2.0872 acc1 55.24%
2026-03-31 00:20:51 - __main__ - INFO - saved best: 55.24%
2026-03-31 00:20:51 - __main__ - INFO - 
Epoch 68/100 | lr 0.026940
2026-03-31 00:22:09 - __main__ - INFO - Train: loss 0.7142 acc1 80.68%
2026-03-31 00:22:09 - __main__ - INFO - Val:   loss 2.0865 acc1 54.36%
2026-03-31 00:22:09 - __main__ - INFO - 
Epoch 69/100 | lr 0.025486
2026-03-31 00:23:27 - __main__ - INFO - Train: loss 0.6776 acc1 81.54%
2026-03-31 00:23:27 - __main__ - INFO - Val:   loss 2.0519 acc1 54.41%
2026-03-31 00:23:27 - __main__ - INFO - 
Epoch 70/100 | lr 0.024059
2026-03-31 00:24:44 - __main__ - INFO - Train: loss 0.6334 acc1 82.76%
2026-03-31 00:24:44 - __main__ - INFO - Val:   loss 2.1193 acc1 55.21%
2026-03-31 00:24:44 - __main__ - INFO - 
Epoch 71/100 | lr 0.022660
2026-03-31 00:26:02 - __main__ - INFO - Train: loss 0.5838 acc1 84.23%
2026-03-31 00:26:02 - __main__ - INFO - Val:   loss 2.1579 acc1 53.93%
2026-03-31 00:26:02 - __main__ - INFO - 
Epoch 72/100 | lr 0.021291
2026-03-31 00:27:20 - __main__ - INFO - Train: loss 0.5257 acc1 85.80%
2026-03-31 00:27:20 - __main__ - INFO - Val:   loss 2.1191 acc1 55.40%
2026-03-31 00:27:20 - __main__ - INFO - saved best: 55.40%
2026-03-31 00:27:20 - __main__ - INFO - 
Epoch 73/100 | lr 0.019954
2026-03-31 00:28:37 - __main__ - INFO - Train: loss 0.4669 acc1 87.61%
2026-03-31 00:28:37 - __main__ - INFO - Val:   loss 2.0078 acc1 57.55%
2026-03-31 00:28:37 - __main__ - INFO - saved best: 57.55%
2026-03-31 00:28:37 - __main__ - INFO - 
Epoch 74/100 | lr 0.018649
2026-03-31 00:29:55 - __main__ - INFO - Train: loss 0.4055 acc1 89.42%
2026-03-31 00:29:55 - __main__ - INFO - Val:   loss 2.1794 acc1 55.49%
2026-03-31 00:29:55 - __main__ - INFO - 
Epoch 75/100 | lr 0.017379
2026-03-31 00:31:13 - __main__ - INFO - Train: loss 0.3698 acc1 90.57%
2026-03-31 00:31:13 - __main__ - INFO - Val:   loss 2.1270 acc1 56.04%
2026-03-31 00:31:13 - __main__ - INFO - 
Epoch 76/100 | lr 0.016144
2026-03-31 00:32:30 - __main__ - INFO - Train: loss 0.3248 acc1 91.91%
2026-03-31 00:32:30 - __main__ - INFO - Val:   loss 2.0578 acc1 56.99%
2026-03-31 00:32:30 - __main__ - INFO - 
Epoch 77/100 | lr 0.014947
2026-03-31 00:33:48 - __main__ - INFO - Train: loss 0.2729 acc1 93.49%
2026-03-31 00:33:48 - __main__ - INFO - Val:   loss 1.9728 acc1 58.41%
2026-03-31 00:33:48 - __main__ - INFO - saved best: 58.41%
2026-03-31 00:33:48 - __main__ - INFO - 
Epoch 78/100 | lr 0.013787
2026-03-31 00:35:05 - __main__ - INFO - Train: loss 0.2244 acc1 95.04%
2026-03-31 00:35:05 - __main__ - INFO - Val:   loss 1.9337 acc1 60.56%
2026-03-31 00:35:05 - __main__ - INFO - saved best: 60.56%
2026-03-31 00:35:05 - __main__ - INFO - 
Epoch 79/100 | lr 0.012668
2026-03-31 00:36:23 - __main__ - INFO - Train: loss 0.1792 acc1 96.44%
2026-03-31 00:36:23 - __main__ - INFO - Val:   loss 1.8893 acc1 60.35%
2026-03-31 00:36:23 - __main__ - INFO - 
Epoch 80/100 | lr 0.011589
2026-03-31 00:37:41 - __main__ - INFO - Train: loss 0.1417 acc1 97.54%
2026-03-31 00:37:41 - __main__ - INFO - Val:   loss 1.8340 acc1 60.70%
2026-03-31 00:37:41 - __main__ - INFO - saved best: 60.70%
2026-03-31 00:37:41 - __main__ - INFO - 
Epoch 81/100 | lr 0.010552
2026-03-31 00:38:58 - __main__ - INFO - Train: loss 0.1138 acc1 98.21%
2026-03-31 00:38:58 - __main__ - INFO - Val:   loss 1.7712 acc1 62.45%
2026-03-31 00:38:58 - __main__ - INFO - saved best: 62.45%
2026-03-31 00:38:58 - __main__ - INFO - 
Epoch 82/100 | lr 0.009558
2026-03-31 00:40:16 - __main__ - INFO - Train: loss 0.0873 acc1 98.98%
2026-03-31 00:40:16 - __main__ - INFO - Val:   loss 1.7198 acc1 62.39%
2026-03-31 00:40:16 - __main__ - INFO - 
Epoch 83/100 | lr 0.008609
2026-03-31 00:41:34 - __main__ - INFO - Train: loss 0.0689 acc1 99.34%
2026-03-31 00:41:34 - __main__ - INFO - Val:   loss 1.7127 acc1 63.10%
2026-03-31 00:41:34 - __main__ - INFO - saved best: 63.10%
2026-03-31 00:41:34 - __main__ - INFO - 
Epoch 84/100 | lr 0.007704
2026-03-31 00:42:51 - __main__ - INFO - Train: loss 0.0594 acc1 99.53%
2026-03-31 00:42:51 - __main__ - INFO - Val:   loss 1.6823 acc1 63.53%
2026-03-31 00:42:51 - __main__ - INFO - saved best: 63.53%
2026-03-31 00:42:51 - __main__ - INFO - 
Epoch 85/100 | lr 0.006846
2026-03-31 00:44:09 - __main__ - INFO - Train: loss 0.0485 acc1 99.72%
2026-03-31 00:44:09 - __main__ - INFO - Val:   loss 1.6387 acc1 64.00%
2026-03-31 00:44:09 - __main__ - INFO - saved best: 64.00%
2026-03-31 00:44:09 - __main__ - INFO - 
Epoch 86/100 | lr 0.006036
2026-03-31 00:45:27 - __main__ - INFO - Train: loss 0.0425 acc1 99.80%
2026-03-31 00:45:27 - __main__ - INFO - Val:   loss 1.6282 acc1 64.38%
2026-03-31 00:45:27 - __main__ - INFO - saved best: 64.38%
2026-03-31 00:45:27 - __main__ - INFO - 
Epoch 87/100 | lr 0.005273
2026-03-31 00:46:44 - __main__ - INFO - Train: loss 0.0386 acc1 99.86%
2026-03-31 00:46:44 - __main__ - INFO - Val:   loss 1.6050 acc1 64.31%
2026-03-31 00:46:44 - __main__ - INFO - 
Epoch 88/100 | lr 0.004559
2026-03-31 00:48:02 - __main__ - INFO - Train: loss 0.0358 acc1 99.90%
2026-03-31 00:48:02 - __main__ - INFO - Val:   loss 1.5909 acc1 64.84%
2026-03-31 00:48:02 - __main__ - INFO - saved best: 64.84%
2026-03-31 00:48:02 - __main__ - INFO - 
Epoch 89/100 | lr 0.003895
2026-03-31 00:49:19 - __main__ - INFO - Train: loss 0.0334 acc1 99.93%
2026-03-31 00:49:19 - __main__ - INFO - Val:   loss 1.5836 acc1 65.12%
2026-03-31 00:49:19 - __main__ - INFO - saved best: 65.12%
2026-03-31 00:49:19 - __main__ - INFO - 
Epoch 90/100 | lr 0.003281
2026-03-31 00:50:37 - __main__ - INFO - Train: loss 0.0313 acc1 99.94%
2026-03-31 00:50:37 - __main__ - INFO - Val:   loss 1.5806 acc1 64.92%
2026-03-31 00:50:37 - __main__ - INFO - 
Epoch 91/100 | lr 0.002719
2026-03-31 00:51:55 - __main__ - INFO - Train: loss 0.0302 acc1 99.95%
2026-03-31 00:51:55 - __main__ - INFO - Val:   loss 1.5699 acc1 64.77%
2026-03-31 00:51:55 - __main__ - INFO - 
Epoch 92/100 | lr 0.002208
2026-03-31 00:53:13 - __main__ - INFO - Train: loss 0.0294 acc1 99.95%
2026-03-31 00:53:13 - __main__ - INFO - Val:   loss 1.5653 acc1 65.43%
2026-03-31 00:53:13 - __main__ - INFO - saved best: 65.43%
2026-03-31 00:53:13 - __main__ - INFO - 
Epoch 93/100 | lr 0.001749
2026-03-31 00:54:30 - __main__ - INFO - Train: loss 0.0281 acc1 99.95%
2026-03-31 00:54:30 - __main__ - INFO - Val:   loss 1.5606 acc1 65.00%
2026-03-31 00:54:30 - __main__ - INFO - 
Epoch 94/100 | lr 0.001344
2026-03-31 00:55:48 - __main__ - INFO - Train: loss 0.0279 acc1 99.96%
2026-03-31 00:55:48 - __main__ - INFO - Val:   loss 1.5577 acc1 65.21%
2026-03-31 00:55:48 - __main__ - INFO - 
Epoch 95/100 | lr 0.000991
2026-03-31 00:57:06 - __main__ - INFO - Train: loss 0.0265 acc1 99.96%
2026-03-31 00:57:06 - __main__ - INFO - Val:   loss 1.5546 acc1 65.20%
2026-03-31 00:57:06 - __main__ - INFO - 
Epoch 96/100 | lr 0.000692
2026-03-31 00:58:23 - __main__ - INFO - Train: loss 0.0263 acc1 99.97%
2026-03-31 00:58:23 - __main__ - INFO - Val:   loss 1.5533 acc1 65.22%
2026-03-31 00:58:23 - __main__ - INFO - 
Epoch 97/100 | lr 0.000447
2026-03-31 00:59:41 - __main__ - INFO - Train: loss 0.0263 acc1 99.95%
2026-03-31 00:59:41 - __main__ - INFO - Val:   loss 1.5532 acc1 65.13%
2026-03-31 00:59:41 - __main__ - INFO - 
Epoch 98/100 | lr 0.000256
2026-03-31 01:00:59 - __main__ - INFO - Train: loss 0.0259 acc1 99.97%
2026-03-31 01:00:59 - __main__ - INFO - Val:   loss 1.5532 acc1 64.93%
2026-03-31 01:00:59 - __main__ - INFO - 
Epoch 99/100 | lr 0.000119
2026-03-31 01:02:17 - __main__ - INFO - Train: loss 0.0253 acc1 99.97%
2026-03-31 01:02:17 - __main__ - INFO - Val:   loss 1.5518 acc1 65.46%
2026-03-31 01:02:17 - __main__ - INFO - saved best: 65.46%
2026-03-31 01:02:17 - __main__ - INFO - 
Epoch 100/100 | lr 0.000037
2026-03-31 01:03:34 - __main__ - INFO - Train: loss 0.0250 acc1 99.97%
2026-03-31 01:03:34 - __main__ - INFO - Val:   loss 1.5539 acc1 65.30%
2026-03-31 01:03:34 - __main__ - INFO - Loaded best checkpoint weights for final test evaluation.
2026-03-31 01:03:39 - __main__ - INFO - 
Best tracked (val): 65.46%
2026-03-31 01:03:39 - __main__ - INFO - Final test: loss 1.5697 acc1 65.12%
2026-03-31 01:03:40 - __main__ - INFO - Input model resnet18 done — test acc 65.12%, test loss 1.5697
2026-03-31 01:03:40 - __main__ - INFO - 
Preparing eval dataloaders for HiResCAM computation …
2026-03-31 01:03:40 - __main__ - INFO - 
Saving variant datasets to data/comparison_tiny_imagenet_2026_03/30
2026-03-31 01:03:40 - __main__ - INFO - Generating train variants → data/comparison_tiny_imagenet_2026_03/30
2026-03-31 01:03:48 - __main__ - INFO -   [train] processed 1280 images …
2026-03-31 01:03:55 - __main__ - INFO -   [train] processed 2560 images …
2026-03-31 01:04:02 - __main__ - INFO -   [train] processed 3840 images …
2026-03-31 01:04:08 - __main__ - INFO -   [train] processed 5120 images …
2026-03-31 01:04:15 - __main__ - INFO -   [train] processed 6400 images …
2026-03-31 01:04:22 - __main__ - INFO -   [train] processed 7680 images …
2026-03-31 01:04:29 - __main__ - INFO -   [train] processed 8960 images …
2026-03-31 01:04:36 - __main__ - INFO -   [train] processed 10240 images …
2026-03-31 01:04:43 - __main__ - INFO -   [train] processed 11520 images …
2026-03-31 01:04:50 - __main__ - INFO -   [train] processed 12800 images …
2026-03-31 01:04:56 - __main__ - INFO -   [train] processed 14080 images …
2026-03-31 01:05:03 - __main__ - INFO -   [train] processed 15360 images …
2026-03-31 01:05:10 - __main__ - INFO -   [train] processed 16640 images …
2026-03-31 01:05:17 - __main__ - INFO -   [train] processed 17920 images …
2026-03-31 01:05:24 - __main__ - INFO -   [train] processed 19200 images …
2026-03-31 01:05:31 - __main__ - INFO -   [train] processed 20480 images …
2026-03-31 01:05:38 - __main__ - INFO -   [train] processed 21760 images …
2026-03-31 01:05:44 - __main__ - INFO -   [train] processed 23040 images …
2026-03-31 01:05:51 - __main__ - INFO -   [train] processed 24320 images …
2026-03-31 01:05:58 - __main__ - INFO -   [train] processed 25600 images …
2026-03-31 01:06:05 - __main__ - INFO -   [train] processed 26880 images …
2026-03-31 01:06:12 - __main__ - INFO -   [train] processed 28160 images …
2026-03-31 01:06:19 - __main__ - INFO -   [train] processed 29440 images …
2026-03-31 01:06:26 - __main__ - INFO -   [train] processed 30720 images …
2026-03-31 01:06:33 - __main__ - INFO -   [train] processed 32000 images …
2026-03-31 01:06:39 - __main__ - INFO -   [train] processed 33280 images …
2026-03-31 01:06:46 - __main__ - INFO -   [train] processed 34560 images …
2026-03-31 01:06:53 - __main__ - INFO -   [train] processed 35840 images …
2026-03-31 01:07:00 - __main__ - INFO -   [train] processed 37120 images …
2026-03-31 01:07:07 - __main__ - INFO -   [train] processed 38400 images …
2026-03-31 01:07:14 - __main__ - INFO -   [train] processed 39680 images …
2026-03-31 01:07:21 - __main__ - INFO -   [train] processed 40960 images …
2026-03-31 01:07:28 - __main__ - INFO -   [train] processed 42240 images …
2026-03-31 01:07:35 - __main__ - INFO -   [train] processed 43520 images …
2026-03-31 01:07:41 - __main__ - INFO -   [train] processed 44800 images …
2026-03-31 01:07:48 - __main__ - INFO -   [train] processed 46080 images …
2026-03-31 01:07:55 - __main__ - INFO -   [train] processed 47360 images …
2026-03-31 01:08:02 - __main__ - INFO -   [train] processed 48640 images …
2026-03-31 01:08:09 - __main__ - INFO -   [train] processed 49920 images …
2026-03-31 01:08:16 - __main__ - INFO -   [train] processed 51200 images …
2026-03-31 01:08:23 - __main__ - INFO -   [train] processed 52480 images …
2026-03-31 01:08:29 - __main__ - INFO -   [train] processed 53760 images …
2026-03-31 01:08:36 - __main__ - INFO -   [train] processed 55040 images …
2026-03-31 01:08:43 - __main__ - INFO -   [train] processed 56320 images …
2026-03-31 01:08:50 - __main__ - INFO -   [train] processed 57600 images …
2026-03-31 01:08:57 - __main__ - INFO -   [train] processed 58880 images …
2026-03-31 01:09:04 - __main__ - INFO -   [train] processed 60160 images …
2026-03-31 01:09:11 - __main__ - INFO -   [train] processed 61440 images …
2026-03-31 01:09:18 - __main__ - INFO -   [train] processed 62720 images …
2026-03-31 01:09:25 - __main__ - INFO -   [train] processed 64000 images …
2026-03-31 01:09:32 - __main__ - INFO -   [train] processed 65280 images …
2026-03-31 01:09:39 - __main__ - INFO -   [train] processed 66560 images …
2026-03-31 01:09:45 - __main__ - INFO -   [train] processed 67840 images …
2026-03-31 01:09:52 - __main__ - INFO -   [train] processed 69120 images …
2026-03-31 01:09:59 - __main__ - INFO -   [train] processed 70400 images …
2026-03-31 01:10:06 - __main__ - INFO -   [train] processed 71680 images …
2026-03-31 01:10:13 - __main__ - INFO -   [train] processed 72960 images …
2026-03-31 01:10:20 - __main__ - INFO -   [train] processed 74240 images …
2026-03-31 01:10:27 - __main__ - INFO -   [train] processed 75520 images …
2026-03-31 01:10:34 - __main__ - INFO -   [train] processed 76800 images …
2026-03-31 01:10:41 - __main__ - INFO -   [train] processed 78080 images …
2026-03-31 01:10:47 - __main__ - INFO -   [train] processed 79360 images …
2026-03-31 01:10:54 - __main__ - INFO -   [train] processed 80640 images …
2026-03-31 01:11:01 - __main__ - INFO -   [train] processed 81920 images …
2026-03-31 01:11:08 - __main__ - INFO -   [train] processed 83200 images …
2026-03-31 01:11:15 - __main__ - INFO -   [train] processed 84480 images …
2026-03-31 01:11:22 - __main__ - INFO -   [train] processed 85760 images …
2026-03-31 01:11:29 - __main__ - INFO -   [train] processed 87040 images …
2026-03-31 01:11:36 - __main__ - INFO -   [train] processed 88320 images …
2026-03-31 01:11:43 - __main__ - INFO -   [train] processed 89600 images …
2026-03-31 01:11:45 - __main__ - INFO -   [train] processed 90000 images …
2026-03-31 01:11:45 - __main__ - INFO -   [train] saved 90000 images for all 4 variants
2026-03-31 01:11:45 - __main__ - INFO - Generating test variants → data/comparison_tiny_imagenet_2026_03/30
2026-03-31 01:11:52 - __main__ - INFO -   [test] processed 1280 images …
2026-03-31 01:11:59 - __main__ - INFO -   [test] processed 2560 images …
2026-03-31 01:12:06 - __main__ - INFO -   [test] processed 3840 images …
2026-03-31 01:12:13 - __main__ - INFO -   [test] processed 5120 images …
2026-03-31 01:12:20 - __main__ - INFO -   [test] processed 6400 images …
2026-03-31 01:12:27 - __main__ - INFO -   [test] processed 7680 images …
2026-03-31 01:12:33 - __main__ - INFO -   [test] processed 8960 images …
2026-03-31 01:12:39 - __main__ - INFO -   [test] processed 10000 images …
2026-03-31 01:12:39 - __main__ - INFO -   [test] saved 10000 images for all 4 variants
2026-03-31 01:12:39 - __main__ - INFO - 
Starting output model sweep: resnet34
2026-03-31 01:12:39 - __main__ - INFO - 
============================================================
2026-03-31 01:12:39 - __main__ - INFO - Training output model: resnet34 [original]
2026-03-31 01:12:39 - __main__ - INFO -   Resolved config → opt=sgd, lr=0.1, wd=0.0005, bs=128, epochs=100, scheduler=cosine, warmup=5
2026-03-31 01:12:39 - __main__ - INFO - ============================================================
2026-03-31 01:12:39 - __main__ - INFO -   Validation during training uses variant split with val_split=0.1
2026-03-31 01:12:39 - __main__ - INFO -   Final test uses original test split
2026-03-31 01:12:40 - __main__ - INFO - device: cuda | cuda: True | gpu: NVIDIA L4
2026-03-31 01:12:40 - __main__ - INFO - Model: resnet34 | Dataset: tiny_imagenet | Classes: 200 | Optimizer: sgd
2026-03-31 01:12:40 - __main__ - INFO - 
Epoch 1/100 | lr 0.000100
2026-03-31 01:14:43 - __main__ - INFO - Train: loss 5.3462 acc1 0.73%
2026-03-31 01:14:43 - __main__ - INFO - Val:   loss 5.2868 acc1 0.76%
2026-03-31 01:14:44 - __main__ - INFO - saved best: 0.76%
2026-03-31 01:14:44 - __main__ - INFO - 
Epoch 2/100 | lr 0.020080
2026-03-31 01:16:46 - __main__ - INFO - Train: loss 4.5501 acc1 6.88%
2026-03-31 01:16:46 - __main__ - INFO - Val:   loss 4.0454 acc1 11.42%
2026-03-31 01:16:46 - __main__ - INFO - saved best: 11.42%
2026-03-31 01:16:46 - __main__ - INFO - 
Epoch 3/100 | lr 0.040060
2026-03-31 01:18:50 - __main__ - INFO - Train: loss 3.7949 acc1 15.69%
2026-03-31 01:18:50 - __main__ - INFO - Val:   loss 3.5494 acc1 19.64%
2026-03-31 01:18:50 - __main__ - INFO - saved best: 19.64%
2026-03-31 01:18:50 - __main__ - INFO - 
Epoch 4/100 | lr 0.060040
2026-03-31 01:20:52 - __main__ - INFO - Train: loss 3.3509 acc1 22.95%
2026-03-31 01:20:52 - __main__ - INFO - Val:   loss 3.3812 acc1 22.99%
2026-03-31 01:20:52 - __main__ - INFO - saved best: 22.99%
2026-03-31 01:20:52 - __main__ - INFO - 
Epoch 5/100 | lr 0.080020
2026-03-31 01:22:55 - __main__ - INFO - Train: loss 3.0690 acc1 27.89%
2026-03-31 01:22:55 - __main__ - INFO - Val:   loss 3.3323 acc1 23.91%
2026-03-31 01:22:55 - __main__ - INFO - saved best: 23.91%
2026-03-31 01:22:55 - __main__ - INFO - 
Epoch 6/100 | lr 0.100000
2026-03-31 01:24:58 - __main__ - INFO - Train: loss 2.8640 acc1 32.00%
2026-03-31 01:24:58 - __main__ - INFO - Val:   loss 3.0679 acc1 29.40%
2026-03-31 01:24:58 - __main__ - INFO - saved best: 29.40%
2026-03-31 01:24:58 - __main__ - INFO - 
Epoch 7/100 | lr 0.099973
2026-03-31 01:27:01 - __main__ - INFO - Train: loss 2.6523 acc1 36.24%
2026-03-31 01:27:01 - __main__ - INFO - Val:   loss 2.9553 acc1 32.11%
2026-03-31 01:27:01 - __main__ - INFO - saved best: 32.11%
2026-03-31 01:27:01 - __main__ - INFO - 
Epoch 8/100 | lr 0.099891
2026-03-31 01:29:04 - __main__ - INFO - Train: loss 2.5149 acc1 39.04%
2026-03-31 01:29:04 - __main__ - INFO - Val:   loss 2.8183 acc1 33.58%
2026-03-31 01:29:04 - __main__ - INFO - saved best: 33.58%
2026-03-31 01:29:04 - __main__ - INFO - 
Epoch 9/100 | lr 0.099754
2026-03-31 01:31:06 - __main__ - INFO - Train: loss 2.4166 acc1 41.12%
2026-03-31 01:31:06 - __main__ - INFO - Val:   loss 2.7502 acc1 35.99%
2026-03-31 01:31:06 - __main__ - INFO - saved best: 35.99%
2026-03-31 01:31:06 - __main__ - INFO - 
Epoch 10/100 | lr 0.099563
2026-03-31 01:33:08 - __main__ - INFO - Train: loss 2.3337 acc1 42.73%
2026-03-31 01:33:08 - __main__ - INFO - Val:   loss 2.9393 acc1 33.12%
2026-03-31 01:33:08 - __main__ - INFO - 
Epoch 11/100 | lr 0.099318
2026-03-31 01:35:10 - __main__ - INFO - Train: loss 2.2619 acc1 44.38%
2026-03-31 01:35:10 - __main__ - INFO - Val:   loss 2.7777 acc1 36.05%
2026-03-31 01:35:10 - __main__ - INFO - saved best: 36.05%
2026-03-31 01:35:10 - __main__ - INFO - 
Epoch 12/100 | lr 0.099019
2026-03-31 01:37:13 - __main__ - INFO - Train: loss 2.2034 acc1 45.77%
2026-03-31 01:37:13 - __main__ - INFO - Val:   loss 2.6475 acc1 38.44%
2026-03-31 01:37:13 - __main__ - INFO - saved best: 38.44%
2026-03-31 01:37:13 - __main__ - INFO - 
Epoch 13/100 | lr 0.098666
2026-03-31 01:39:15 - __main__ - INFO - Train: loss 2.1494 acc1 46.95%
2026-03-31 01:39:15 - __main__ - INFO - Val:   loss 2.6454 acc1 38.32%
2026-03-31 01:39:15 - __main__ - INFO - 
Epoch 14/100 | lr 0.098261
2026-03-31 01:41:17 - __main__ - INFO - Train: loss 2.1053 acc1 47.90%
2026-03-31 01:41:17 - __main__ - INFO - Val:   loss 2.6065 acc1 39.05%
2026-03-31 01:41:17 - __main__ - INFO - saved best: 39.05%
2026-03-31 01:41:17 - __main__ - INFO - 
Epoch 15/100 | lr 0.097802
2026-03-31 01:43:19 - __main__ - INFO - Train: loss 2.0665 acc1 48.50%
2026-03-31 01:43:19 - __main__ - INFO - Val:   loss 2.4542 acc1 41.64%
2026-03-31 01:43:19 - __main__ - INFO - saved best: 41.64%
2026-03-31 01:43:19 - __main__ - INFO - 
Epoch 16/100 | lr 0.097291
2026-03-31 01:45:21 - __main__ - INFO - Train: loss 2.0318 acc1 49.39%
2026-03-31 01:45:21 - __main__ - INFO - Val:   loss 2.5430 acc1 41.12%
2026-03-31 01:45:21 - __main__ - INFO - 
Epoch 17/100 | lr 0.096729
2026-03-31 01:47:23 - __main__ - INFO - Train: loss 1.9941 acc1 50.26%
2026-03-31 01:47:23 - __main__ - INFO - Val:   loss 2.6065 acc1 40.33%
2026-03-31 01:47:23 - __main__ - INFO - 
Epoch 18/100 | lr 0.096115
2026-03-31 01:49:25 - __main__ - INFO - Train: loss 1.9636 acc1 50.86%
2026-03-31 01:49:25 - __main__ - INFO - Val:   loss 2.5102 acc1 41.88%
2026-03-31 01:49:25 - __main__ - INFO - saved best: 41.88%
2026-03-31 01:49:25 - __main__ - INFO - 
Epoch 19/100 | lr 0.095451
2026-03-31 01:51:27 - __main__ - INFO - Train: loss 1.9383 acc1 51.60%
2026-03-31 01:51:27 - __main__ - INFO - Val:   loss 2.7157 acc1 38.54%
2026-03-31 01:51:27 - __main__ - INFO - 
Epoch 20/100 | lr 0.094737
2026-03-31 01:53:29 - __main__ - INFO - Train: loss 1.9061 acc1 52.10%
2026-03-31 01:53:29 - __main__ - INFO - Val:   loss 2.5562 acc1 40.67%
2026-03-31 01:53:29 - __main__ - INFO - 
Epoch 21/100 | lr 0.093974
2026-03-31 01:55:31 - __main__ - INFO - Train: loss 1.8844 acc1 52.76%
2026-03-31 01:55:31 - __main__ - INFO - Val:   loss 2.7778 acc1 37.97%
2026-03-31 01:55:31 - __main__ - INFO - 
Epoch 22/100 | lr 0.093164
2026-03-31 01:57:34 - __main__ - INFO - Train: loss 1.8603 acc1 53.22%
2026-03-31 01:57:34 - __main__ - INFO - Val:   loss 2.5786 acc1 40.35%
2026-03-31 01:57:34 - __main__ - INFO - 
Epoch 23/100 | lr 0.092306
2026-03-31 01:59:36 - __main__ - INFO - Train: loss 1.8455 acc1 53.68%
2026-03-31 01:59:36 - __main__ - INFO - Val:   loss 2.9195 acc1 35.79%
2026-03-31 01:59:36 - __main__ - INFO - 
Epoch 24/100 | lr 0.091401
2026-03-31 02:01:38 - __main__ - INFO - Train: loss 1.8115 acc1 54.18%
2026-03-31 02:01:38 - __main__ - INFO - Val:   loss 2.5598 acc1 41.97%
2026-03-31 02:01:38 - __main__ - INFO - saved best: 41.97%
2026-03-31 02:01:38 - __main__ - INFO - 
Epoch 25/100 | lr 0.090452
2026-03-31 02:03:40 - __main__ - INFO - Train: loss 1.7940 acc1 54.81%
2026-03-31 02:03:40 - __main__ - INFO - Val:   loss 2.8436 acc1 36.88%
2026-03-31 02:03:40 - __main__ - INFO - 
Epoch 26/100 | lr 0.089458
2026-03-31 02:05:41 - __main__ - INFO - Train: loss 1.7746 acc1 55.10%
2026-03-31 02:05:41 - __main__ - INFO - Val:   loss 2.7122 acc1 40.10%
2026-03-31 02:05:41 - __main__ - INFO - 
Epoch 27/100 | lr 0.088421
2026-03-31 02:07:43 - __main__ - INFO - Train: loss 1.7528 acc1 55.60%
2026-03-31 02:07:43 - __main__ - INFO - Val:   loss 2.7332 acc1 39.21%
2026-03-31 02:07:43 - __main__ - INFO - 
Epoch 28/100 | lr 0.087342
2026-03-31 02:09:45 - __main__ - INFO - Train: loss 1.7261 acc1 56.27%
2026-03-31 02:09:45 - __main__ - INFO - Val:   loss 2.5276 acc1 42.81%
2026-03-31 02:09:46 - __main__ - INFO - saved best: 42.81%
2026-03-31 02:09:46 - __main__ - INFO - 
Epoch 29/100 | lr 0.086223
2026-03-31 02:11:47 - __main__ - INFO - Train: loss 1.7196 acc1 56.34%
2026-03-31 02:11:47 - __main__ - INFO - Val:   loss 2.3301 acc1 46.10%
2026-03-31 02:11:47 - __main__ - INFO - saved best: 46.10%
2026-03-31 02:11:47 - __main__ - INFO - 
Epoch 30/100 | lr 0.085063
2026-03-31 02:13:49 - __main__ - INFO - Train: loss 1.6919 acc1 57.03%
2026-03-31 02:13:49 - __main__ - INFO - Val:   loss 2.3552 acc1 45.13%
2026-03-31 02:13:49 - __main__ - INFO - 
Epoch 31/100 | lr 0.083866
2026-03-31 02:15:51 - __main__ - INFO - Train: loss 1.6743 acc1 57.46%
2026-03-31 02:15:51 - __main__ - INFO - Val:   loss 2.3809 acc1 44.70%
2026-03-31 02:15:51 - __main__ - INFO - 
Epoch 32/100 | lr 0.082631
2026-03-31 02:17:53 - __main__ - INFO - Train: loss 1.6538 acc1 57.88%
2026-03-31 02:17:53 - __main__ - INFO - Val:   loss 2.2824 acc1 46.24%
2026-03-31 02:17:53 - __main__ - INFO - saved best: 46.24%
2026-03-31 02:17:53 - __main__ - INFO - 
Epoch 33/100 | lr 0.081361
2026-03-31 02:19:55 - __main__ - INFO - Train: loss 1.6280 acc1 58.42%
2026-03-31 02:19:55 - __main__ - INFO - Val:   loss 2.1845 acc1 48.53%
2026-03-31 02:19:55 - __main__ - INFO - saved best: 48.53%
2026-03-31 02:19:55 - __main__ - INFO - 
Epoch 34/100 | lr 0.080056
2026-03-31 02:21:57 - __main__ - INFO - Train: loss 1.6096 acc1 58.84%
2026-03-31 02:21:57 - __main__ - INFO - Val:   loss 2.5338 acc1 42.36%
2026-03-31 02:21:57 - __main__ - INFO - 
Epoch 35/100 | lr 0.078719
2026-03-31 02:23:59 - __main__ - INFO - Train: loss 1.5928 acc1 59.21%
2026-03-31 02:23:59 - __main__ - INFO - Val:   loss 2.3965 acc1 45.03%
2026-03-31 02:23:59 - __main__ - INFO - 
Epoch 36/100 | lr 0.077350
2026-03-31 02:26:01 - __main__ - INFO - Train: loss 1.5749 acc1 59.74%
2026-03-31 02:26:01 - __main__ - INFO - Val:   loss 2.4756 acc1 43.49%
2026-03-31 02:26:01 - __main__ - INFO - 
Epoch 37/100 | lr 0.075951
2026-03-31 02:28:03 - __main__ - INFO - Train: loss 1.5531 acc1 60.11%
2026-03-31 02:28:03 - __main__ - INFO - Val:   loss 2.3283 acc1 46.39%
2026-03-31 02:28:03 - __main__ - INFO - 
Epoch 38/100 | lr 0.074524
2026-03-31 02:30:05 - __main__ - INFO - Train: loss 1.5220 acc1 60.72%
2026-03-31 02:30:05 - __main__ - INFO - Val:   loss 2.3732 acc1 44.85%
2026-03-31 02:30:05 - __main__ - INFO - 
Epoch 39/100 | lr 0.073070
2026-03-31 02:32:07 - __main__ - INFO - Train: loss 1.5098 acc1 61.06%
2026-03-31 02:32:07 - __main__ - INFO - Val:   loss 2.2319 acc1 47.76%
2026-03-31 02:32:07 - __main__ - INFO - 
Epoch 40/100 | lr 0.071591
2026-03-31 02:34:09 - __main__ - INFO - Train: loss 1.4878 acc1 61.66%
2026-03-31 02:34:09 - __main__ - INFO - Val:   loss 2.4900 acc1 44.92%
2026-03-31 02:34:09 - __main__ - INFO - 
Epoch 41/100 | lr 0.070088
2026-03-31 02:36:11 - __main__ - INFO - Train: loss 1.4619 acc1 62.11%
2026-03-31 02:36:11 - __main__ - INFO - Val:   loss 2.1143 acc1 49.09%
2026-03-31 02:36:11 - __main__ - INFO - saved best: 49.09%
2026-03-31 02:36:11 - __main__ - INFO - 
Epoch 42/100 | lr 0.068563
2026-03-31 02:38:13 - __main__ - INFO - Train: loss 1.4341 acc1 62.76%
2026-03-31 02:38:13 - __main__ - INFO - Val:   loss 2.2013 acc1 49.45%
2026-03-31 02:38:13 - __main__ - INFO - saved best: 49.45%
2026-03-31 02:38:13 - __main__ - INFO - 
Epoch 43/100 | lr 0.067018
2026-03-31 02:40:15 - __main__ - INFO - Train: loss 1.4157 acc1 63.31%
2026-03-31 02:40:15 - __main__ - INFO - Val:   loss 2.3014 acc1 47.17%
2026-03-31 02:40:15 - __main__ - INFO - 
Epoch 44/100 | lr 0.065454
2026-03-31 02:42:17 - __main__ - INFO - Train: loss 1.3863 acc1 64.04%
2026-03-31 02:42:17 - __main__ - INFO - Val:   loss 2.2692 acc1 48.23%
2026-03-31 02:42:17 - __main__ - INFO - 
Epoch 45/100 | lr 0.063874
2026-03-31 02:44:19 - __main__ - INFO - Train: loss 1.3602 acc1 64.61%
2026-03-31 02:44:19 - __main__ - INFO - Val:   loss 2.1503 acc1 49.87%
2026-03-31 02:44:19 - __main__ - INFO - saved best: 49.87%
2026-03-31 02:44:19 - __main__ - INFO - 
Epoch 46/100 | lr 0.062278
2026-03-31 02:46:21 - __main__ - INFO - Train: loss 1.3389 acc1 64.92%
2026-03-31 02:46:21 - __main__ - INFO - Val:   loss 2.2769 acc1 47.92%
2026-03-31 02:46:21 - __main__ - INFO - 
Epoch 47/100 | lr 0.060669
2026-03-31 02:48:23 - __main__ - INFO - Train: loss 1.3075 acc1 65.71%
2026-03-31 02:48:23 - __main__ - INFO - Val:   loss 2.1759 acc1 49.65%
2026-03-31 02:48:23 - __main__ - INFO - 
Epoch 48/100 | lr 0.059048
2026-03-31 02:50:25 - __main__ - INFO - Train: loss 1.2793 acc1 66.30%
2026-03-31 02:50:25 - __main__ - INFO - Val:   loss 2.1435 acc1 50.66%
2026-03-31 02:50:25 - __main__ - INFO - saved best: 50.66%
2026-03-31 02:50:25 - __main__ - INFO - 
Epoch 49/100 | lr 0.057417
2026-03-31 02:52:27 - __main__ - INFO - Train: loss 1.2500 acc1 67.04%
2026-03-31 02:52:27 - __main__ - INFO - Val:   loss 2.1601 acc1 50.10%
2026-03-31 02:52:27 - __main__ - INFO - 
Epoch 50/100 | lr 0.055779
2026-03-31 02:54:29 - __main__ - INFO - Train: loss 1.2200 acc1 67.83%
2026-03-31 02:54:29 - __main__ - INFO - Val:   loss 2.1830 acc1 50.05%
2026-03-31 02:54:29 - __main__ - INFO - 
Epoch 51/100 | lr 0.054134
2026-03-31 02:56:31 - __main__ - INFO - Train: loss 1.1896 acc1 68.51%
2026-03-31 02:56:31 - __main__ - INFO - Val:   loss 2.1151 acc1 51.17%
2026-03-31 02:56:31 - __main__ - INFO - saved best: 51.17%
2026-03-31 02:56:31 - __main__ - INFO - 
Epoch 52/100 | lr 0.052484
2026-03-31 02:58:33 - __main__ - INFO - Train: loss 1.1637 acc1 69.19%
2026-03-31 02:58:33 - __main__ - INFO - Val:   loss 2.2020 acc1 49.71%
2026-03-31 02:58:33 - __main__ - INFO - 
Epoch 53/100 | lr 0.050832
2026-03-31 03:00:35 - __main__ - INFO - Train: loss 1.1232 acc1 70.18%
2026-03-31 03:00:35 - __main__ - INFO - Val:   loss 2.1541 acc1 50.84%
2026-03-31 03:00:35 - __main__ - INFO - 
Epoch 54/100 | lr 0.049178
2026-03-31 03:02:37 - __main__ - INFO - Train: loss 1.0966 acc1 70.72%
2026-03-31 03:02:37 - __main__ - INFO - Val:   loss 2.2471 acc1 49.75%
2026-03-31 03:02:37 - __main__ - INFO - 
Epoch 55/100 | lr 0.047526
2026-03-31 03:04:39 - __main__ - INFO - Train: loss 1.0654 acc1 71.50%
2026-03-31 03:04:39 - __main__ - INFO - Val:   loss 2.1261 acc1 51.57%
2026-03-31 03:04:39 - __main__ - INFO - saved best: 51.57%
2026-03-31 03:04:39 - __main__ - INFO - 
Epoch 56/100 | lr 0.045876
2026-03-31 03:06:41 - __main__ - INFO - Train: loss 1.0230 acc1 72.61%
2026-03-31 03:06:41 - __main__ - INFO - Val:   loss 2.2206 acc1 50.37%
2026-03-31 03:06:41 - __main__ - INFO - 
Epoch 57/100 | lr 0.044231
2026-03-31 03:08:43 - __main__ - INFO - Train: loss 0.9834 acc1 73.34%
2026-03-31 03:08:43 - __main__ - INFO - Val:   loss 2.1486 acc1 51.38%
2026-03-31 03:08:43 - __main__ - INFO - 
Epoch 58/100 | lr 0.042593
2026-03-31 03:10:45 - __main__ - INFO - Train: loss 0.9524 acc1 74.19%
2026-03-31 03:10:45 - __main__ - INFO - Val:   loss 2.2149 acc1 50.82%
2026-03-31 03:10:45 - __main__ - INFO - 
Epoch 59/100 | lr 0.040962
2026-03-31 03:12:47 - __main__ - INFO - Train: loss 0.9071 acc1 75.36%
2026-03-31 03:12:47 - __main__ - INFO - Val:   loss 2.2091 acc1 51.99%
2026-03-31 03:12:47 - __main__ - INFO - saved best: 51.99%
2026-03-31 03:12:47 - __main__ - INFO - 
Epoch 60/100 | lr 0.039341
2026-03-31 03:14:49 - __main__ - INFO - Train: loss 0.8618 acc1 76.49%
2026-03-31 03:14:49 - __main__ - INFO - Val:   loss 1.9743 acc1 54.88%
2026-03-31 03:14:49 - __main__ - INFO - saved best: 54.88%
2026-03-31 03:14:49 - __main__ - INFO - 
Epoch 61/100 | lr 0.037732
2026-03-31 03:16:51 - __main__ - INFO - Train: loss 0.8310 acc1 77.49%
2026-03-31 03:16:51 - __main__ - INFO - Val:   loss 2.2419 acc1 51.15%
2026-03-31 03:16:51 - __main__ - INFO - 
Epoch 62/100 | lr 0.036136
2026-03-31 03:18:52 - __main__ - INFO - Train: loss 0.7859 acc1 78.33%
2026-03-31 03:18:52 - __main__ - INFO - Val:   loss 2.1389 acc1 52.66%
2026-03-31 03:18:52 - __main__ - INFO - 
Epoch 63/100 | lr 0.034556
2026-03-31 03:20:55 - __main__ - INFO - Train: loss 0.7423 acc1 79.55%
2026-03-31 03:20:55 - __main__ - INFO - Val:   loss 2.1866 acc1 53.11%
2026-03-31 03:20:55 - __main__ - INFO - 
Epoch 64/100 | lr 0.032992
2026-03-31 03:22:56 - __main__ - INFO - Train: loss 0.6964 acc1 80.88%
2026-03-31 03:22:56 - __main__ - INFO - Val:   loss 2.1295 acc1 53.16%
2026-03-31 03:22:56 - __main__ - INFO - 
Epoch 65/100 | lr 0.031447
2026-03-31 03:24:58 - __main__ - INFO - Train: loss 0.6503 acc1 81.93%
2026-03-31 03:24:58 - __main__ - INFO - Val:   loss 2.1424 acc1 53.67%
2026-03-31 03:24:58 - __main__ - INFO - 
Epoch 66/100 | lr 0.029922
2026-03-31 03:27:00 - __main__ - INFO - Train: loss 0.6078 acc1 83.15%
2026-03-31 03:27:00 - __main__ - INFO - Val:   loss 2.0367 acc1 55.21%
2026-03-31 03:27:00 - __main__ - INFO - saved best: 55.21%
2026-03-31 03:27:00 - __main__ - INFO - 
Epoch 67/100 | lr 0.028419
2026-03-31 03:29:03 - __main__ - INFO - Train: loss 0.5693 acc1 84.22%
2026-03-31 03:29:03 - __main__ - INFO - Val:   loss 2.1669 acc1 53.30%
2026-03-31 03:29:03 - __main__ - INFO - 
Epoch 68/100 | lr 0.026940
2026-03-31 03:31:04 - __main__ - INFO - Train: loss 0.5040 acc1 86.17%
2026-03-31 03:31:04 - __main__ - INFO - Val:   loss 2.1522 acc1 54.55%
2026-03-31 03:31:04 - __main__ - INFO - 
Epoch 69/100 | lr 0.025486
2026-03-31 03:33:06 - __main__ - INFO - Train: loss 0.4671 acc1 87.21%
2026-03-31 03:33:06 - __main__ - INFO - Val:   loss 2.0628 acc1 55.86%
2026-03-31 03:33:06 - __main__ - INFO - saved best: 55.86%
2026-03-31 03:33:06 - __main__ - INFO - 
Epoch 70/100 | lr 0.024059
2026-03-31 03:35:08 - __main__ - INFO - Train: loss 0.4156 acc1 88.72%
2026-03-31 03:35:08 - __main__ - INFO - Val:   loss 2.0903 acc1 56.50%
2026-03-31 03:35:08 - __main__ - INFO - saved best: 56.50%
2026-03-31 03:35:08 - __main__ - INFO - 
Epoch 71/100 | lr 0.022660
2026-03-31 03:37:10 - __main__ - INFO - Train: loss 0.3692 acc1 90.13%
2026-03-31 03:37:10 - __main__ - INFO - Val:   loss 2.0825 acc1 56.66%
2026-03-31 03:37:10 - __main__ - INFO - saved best: 56.66%
2026-03-31 03:37:10 - __main__ - INFO - 
Epoch 72/100 | lr 0.021291
2026-03-31 03:39:12 - __main__ - INFO - Train: loss 0.3181 acc1 91.73%
2026-03-31 03:39:12 - __main__ - INFO - Val:   loss 2.0677 acc1 57.06%
2026-03-31 03:39:12 - __main__ - INFO - saved best: 57.06%
2026-03-31 03:39:12 - __main__ - INFO - 
Epoch 73/100 | lr 0.019954
2026-03-31 03:41:14 - __main__ - INFO - Train: loss 0.2841 acc1 92.73%
2026-03-31 03:41:14 - __main__ - INFO - Val:   loss 1.9497 acc1 58.14%
2026-03-31 03:41:14 - __main__ - INFO - saved best: 58.14%
2026-03-31 03:41:14 - __main__ - INFO - 
Epoch 74/100 | lr 0.018649
2026-03-31 03:43:16 - __main__ - INFO - Train: loss 0.2315 acc1 94.32%
2026-03-31 03:43:16 - __main__ - INFO - Val:   loss 2.0149 acc1 57.82%
2026-03-31 03:43:16 - __main__ - INFO - 
Epoch 75/100 | lr 0.017379
2026-03-31 03:45:18 - __main__ - INFO - Train: loss 0.1911 acc1 95.59%
2026-03-31 03:45:18 - __main__ - INFO - Val:   loss 2.0241 acc1 57.98%
2026-03-31 03:45:18 - __main__ - INFO - 
Epoch 76/100 | lr 0.016144
2026-03-31 03:47:20 - __main__ - INFO - Train: loss 0.1530 acc1 96.76%
2026-03-31 03:47:20 - __main__ - INFO - Val:   loss 1.9043 acc1 60.28%
2026-03-31 03:47:20 - __main__ - INFO - saved best: 60.28%
2026-03-31 03:47:20 - __main__ - INFO - 
Epoch 77/100 | lr 0.014947
2026-03-31 03:49:22 - __main__ - INFO - Train: loss 0.1179 acc1 97.74%
2026-03-31 03:49:22 - __main__ - INFO - Val:   loss 1.8010 acc1 61.39%
2026-03-31 03:49:22 - __main__ - INFO - saved best: 61.39%
2026-03-31 03:49:22 - __main__ - INFO - 
Epoch 78/100 | lr 0.013787
2026-03-31 03:51:24 - __main__ - INFO - Train: loss 0.0876 acc1 98.60%
2026-03-31 03:51:24 - __main__ - INFO - Val:   loss 1.7565 acc1 62.17%
2026-03-31 03:51:24 - __main__ - INFO - saved best: 62.17%
2026-03-31 03:51:24 - __main__ - INFO - 
Epoch 79/100 | lr 0.012668
2026-03-31 03:53:26 - __main__ - INFO - Train: loss 0.0652 acc1 99.12%
2026-03-31 03:53:26 - __main__ - INFO - Val:   loss 1.7155 acc1 62.59%
2026-03-31 03:53:26 - __main__ - INFO - saved best: 62.59%
2026-03-31 03:53:26 - __main__ - INFO - 
Epoch 80/100 | lr 0.011589
2026-03-31 03:55:28 - __main__ - INFO - Train: loss 0.0479 acc1 99.55%
2026-03-31 03:55:28 - __main__ - INFO - Val:   loss 1.6815 acc1 63.54%
2026-03-31 03:55:28 - __main__ - INFO - saved best: 63.54%
2026-03-31 03:55:28 - __main__ - INFO - 
Epoch 81/100 | lr 0.010552
2026-03-31 03:57:30 - __main__ - INFO - Train: loss 0.0371 acc1 99.71%
2026-03-31 03:57:30 - __main__ - INFO - Val:   loss 1.6249 acc1 64.18%
2026-03-31 03:57:30 - __main__ - INFO - saved best: 64.18%
2026-03-31 03:57:30 - __main__ - INFO - 
Epoch 82/100 | lr 0.009558
2026-03-31 03:59:32 - __main__ - INFO - Train: loss 0.0300 acc1 99.84%
2026-03-31 03:59:32 - __main__ - INFO - Val:   loss 1.5903 acc1 64.40%
2026-03-31 03:59:32 - __main__ - INFO - saved best: 64.40%
2026-03-31 03:59:32 - __main__ - INFO - 
Epoch 83/100 | lr 0.008609
2026-03-31 04:01:34 - __main__ - INFO - Train: loss 0.0262 acc1 99.90%
2026-03-31 04:01:34 - __main__ - INFO - Val:   loss 1.5762 acc1 64.35%
2026-03-31 04:01:34 - __main__ - INFO - 
Epoch 84/100 | lr 0.007704
2026-03-31 04:03:36 - __main__ - INFO - Train: loss 0.0236 acc1 99.90%
2026-03-31 04:03:36 - __main__ - INFO - Val:   loss 1.5602 acc1 64.94%
2026-03-31 04:03:36 - __main__ - INFO - saved best: 64.94%
2026-03-31 04:03:36 - __main__ - INFO - 
Epoch 85/100 | lr 0.006846
2026-03-31 04:05:38 - __main__ - INFO - Train: loss 0.0206 acc1 99.95%
2026-03-31 04:05:38 - __main__ - INFO - Val:   loss 1.5416 acc1 64.94%
2026-03-31 04:05:38 - __main__ - INFO - 
Epoch 86/100 | lr 0.006036
2026-03-31 04:07:40 - __main__ - INFO - Train: loss 0.0201 acc1 99.95%
2026-03-31 04:07:40 - __main__ - INFO - Val:   loss 1.5341 acc1 65.26%
2026-03-31 04:07:40 - __main__ - INFO - saved best: 65.26%
2026-03-31 04:07:40 - __main__ - INFO - 
Epoch 87/100 | lr 0.005273
2026-03-31 04:09:42 - __main__ - INFO - Train: loss 0.0183 acc1 99.97%
2026-03-31 04:09:42 - __main__ - INFO - Val:   loss 1.5245 acc1 65.35%
2026-03-31 04:09:42 - __main__ - INFO - saved best: 65.35%
2026-03-31 04:09:42 - __main__ - INFO - 
Epoch 88/100 | lr 0.004559
2026-03-31 04:11:44 - __main__ - INFO - Train: loss 0.0179 acc1 99.96%
2026-03-31 04:11:44 - __main__ - INFO - Val:   loss 1.5188 acc1 65.43%
2026-03-31 04:11:44 - __main__ - INFO - saved best: 65.43%
2026-03-31 04:11:44 - __main__ - INFO - 
Epoch 89/100 | lr 0.003895
2026-03-31 04:13:46 - __main__ - INFO - Train: loss 0.0171 acc1 99.97%
2026-03-31 04:13:46 - __main__ - INFO - Val:   loss 1.5154 acc1 65.18%
2026-03-31 04:13:46 - __main__ - INFO - 
Epoch 90/100 | lr 0.003281
2026-03-31 04:15:48 - __main__ - INFO - Train: loss 0.0165 acc1 99.97%
2026-03-31 04:15:48 - __main__ - INFO - Val:   loss 1.5157 acc1 65.29%
2026-03-31 04:15:48 - __main__ - INFO - 
Epoch 91/100 | lr 0.002719
2026-03-31 04:17:50 - __main__ - INFO - Train: loss 0.0163 acc1 99.97%
2026-03-31 04:17:50 - __main__ - INFO - Val:   loss 1.5152 acc1 65.55%
2026-03-31 04:17:50 - __main__ - INFO - saved best: 65.55%
2026-03-31 04:17:50 - __main__ - INFO - 
Epoch 92/100 | lr 0.002208
2026-03-31 04:19:52 - __main__ - INFO - Train: loss 0.0160 acc1 99.98%
2026-03-31 04:19:52 - __main__ - INFO - Val:   loss 1.5125 acc1 65.47%
2026-03-31 04:19:52 - __main__ - INFO - 
Epoch 93/100 | lr 0.001749
2026-03-31 04:21:54 - __main__ - INFO - Train: loss 0.0156 acc1 99.98%
2026-03-31 04:21:54 - __main__ - INFO - Val:   loss 1.5059 acc1 65.64%
2026-03-31 04:21:54 - __main__ - INFO - saved best: 65.64%
2026-03-31 04:21:54 - __main__ - INFO - 
Epoch 94/100 | lr 0.001344
2026-03-31 04:23:56 - __main__ - INFO - Train: loss 0.0153 acc1 99.98%
2026-03-31 04:23:56 - __main__ - INFO - Val:   loss 1.5086 acc1 65.45%
2026-03-31 04:23:56 - __main__ - INFO - 
Epoch 95/100 | lr 0.000991
2026-03-31 04:25:58 - __main__ - INFO - Train: loss 0.0149 acc1 99.98%
2026-03-31 04:25:58 - __main__ - INFO - Val:   loss 1.5091 acc1 65.52%
2026-03-31 04:25:58 - __main__ - INFO - 
Epoch 96/100 | lr 0.000692
2026-03-31 04:28:00 - __main__ - INFO - Train: loss 0.0148 acc1 99.98%
2026-03-31 04:28:00 - __main__ - INFO - Val:   loss 1.5101 acc1 65.57%
2026-03-31 04:28:00 - __main__ - INFO - 
Epoch 97/100 | lr 0.000447
2026-03-31 04:30:02 - __main__ - INFO - Train: loss 0.0144 acc1 99.98%
2026-03-31 04:30:02 - __main__ - INFO - Val:   loss 1.5076 acc1 65.65%
2026-03-31 04:30:02 - __main__ - INFO - saved best: 65.65%
2026-03-31 04:30:02 - __main__ - INFO - 
Epoch 98/100 | lr 0.000256
2026-03-31 04:32:04 - __main__ - INFO - Train: loss 0.0145 acc1 99.98%
2026-03-31 04:32:04 - __main__ - INFO - Val:   loss 1.5086 acc1 65.49%
2026-03-31 04:32:04 - __main__ - INFO - 
Epoch 99/100 | lr 0.000119
2026-03-31 04:34:06 - __main__ - INFO - Train: loss 0.0145 acc1 99.98%
2026-03-31 04:34:06 - __main__ - INFO - Val:   loss 1.5045 acc1 65.50%
2026-03-31 04:34:06 - __main__ - INFO - 
Epoch 100/100 | lr 0.000037
2026-03-31 04:36:08 - __main__ - INFO - Train: loss 0.0145 acc1 99.98%
2026-03-31 04:36:08 - __main__ - INFO - Val:   loss 1.5037 acc1 65.62%
2026-03-31 04:36:08 - __main__ - INFO - Loaded best checkpoint weights for final test evaluation.
2026-03-31 04:36:16 - __main__ - INFO - 
Best tracked (val): 65.65%
2026-03-31 04:36:16 - __main__ - INFO - Final test: loss 1.5385 acc1 65.35%
2026-03-31 04:36:34 - __main__ - INFO - Variant [original] done — test acc 65.35%, test loss 1.5385
2026-03-31 04:36:34 - __main__ - INFO - 
============================================================
2026-03-31 04:36:34 - __main__ - INFO - Training output model: resnet34 [low_saliency]
2026-03-31 04:36:34 - __main__ - INFO -   Resolved config → opt=sgd, lr=0.1, wd=0.0005, bs=128, epochs=100, scheduler=cosine, warmup=5
2026-03-31 04:36:34 - __main__ - INFO - ============================================================
2026-03-31 04:36:34 - __main__ - INFO -   Validation during training uses variant split with val_split=0.1
2026-03-31 04:36:34 - __main__ - INFO -   Final test uses low_saliency variant test split
2026-03-31 04:36:35 - __main__ - INFO - device: cuda | cuda: True | gpu: NVIDIA L4
2026-03-31 04:36:36 - __main__ - INFO - Model: resnet34 | Dataset: tiny_imagenet | Classes: 200 | Optimizer: sgd
2026-03-31 04:36:36 - __main__ - INFO - 
Epoch 1/100 | lr 0.000100
2026-03-31 04:38:39 - __main__ - INFO - Train: loss 5.3450 acc1 0.69%
2026-03-31 04:38:39 - __main__ - INFO - Val:   loss 5.2840 acc1 0.98%
2026-03-31 04:38:39 - __main__ - INFO - saved best: 0.98%
2026-03-31 04:38:39 - __main__ - INFO - 
Epoch 2/100 | lr 0.020080
2026-03-31 04:40:41 - __main__ - INFO - Train: loss 4.4496 acc1 8.23%
2026-03-31 04:40:41 - __main__ - INFO - Val:   loss 3.9295 acc1 13.87%
2026-03-31 04:40:41 - __main__ - INFO - saved best: 13.87%
2026-03-31 04:40:41 - __main__ - INFO - 
Epoch 3/100 | lr 0.040060
2026-03-31 04:42:44 - __main__ - INFO - Train: loss 3.5295 acc1 20.00%
2026-03-31 04:42:44 - __main__ - INFO - Val:   loss 3.4844 acc1 20.86%
2026-03-31 04:42:44 - __main__ - INFO - saved best: 20.86%
2026-03-31 04:42:44 - __main__ - INFO - 
Epoch 4/100 | lr 0.060040
2026-03-31 04:44:47 - __main__ - INFO - Train: loss 3.0002 acc1 29.11%
2026-03-31 04:44:47 - __main__ - INFO - Val:   loss 3.1040 acc1 28.24%
2026-03-31 04:44:47 - __main__ - INFO - saved best: 28.24%
2026-03-31 04:44:47 - __main__ - INFO - 
Epoch 5/100 | lr 0.080020
2026-03-31 04:46:50 - __main__ - INFO - Train: loss 2.6552 acc1 35.65%
2026-03-31 04:46:50 - __main__ - INFO - Val:   loss 4.5775 acc1 16.46%
2026-03-31 04:46:50 - __main__ - INFO - 
Epoch 6/100 | lr 0.100000
2026-03-31 04:48:53 - __main__ - INFO - Train: loss 2.4357 acc1 40.13%
2026-03-31 04:48:53 - __main__ - INFO - Val:   loss 4.8949 acc1 15.35%
2026-03-31 04:48:53 - __main__ - INFO - 
Epoch 7/100 | lr 0.099973
2026-03-31 04:50:55 - __main__ - INFO - Train: loss 2.2354 acc1 44.41%
2026-03-31 04:50:55 - __main__ - INFO - Val:   loss 4.7337 acc1 15.54%
2026-03-31 04:50:55 - __main__ - INFO - 
Epoch 8/100 | lr 0.099891
2026-03-31 04:52:57 - __main__ - INFO - Train: loss 2.1210 acc1 46.90%
2026-03-31 04:52:57 - __main__ - INFO - Val:   loss 5.1733 acc1 17.08%
2026-03-31 04:52:57 - __main__ - INFO - 
Epoch 9/100 | lr 0.099754
2026-03-31 04:54:59 - __main__ - INFO - Train: loss 2.0160 acc1 49.24%
2026-03-31 04:54:59 - __main__ - INFO - Val:   loss 3.8167 acc1 23.57%
2026-03-31 04:54:59 - __main__ - INFO - 
Epoch 10/100 | lr 0.099563
2026-03-31 04:57:01 - __main__ - INFO - Train: loss 1.9410 acc1 50.68%
2026-03-31 04:57:01 - __main__ - INFO - Val:   loss 5.2630 acc1 13.53%
2026-03-31 04:57:01 - __main__ - INFO - 
Epoch 11/100 | lr 0.099318
2026-03-31 04:59:03 - __main__ - INFO - Train: loss 1.8787 acc1 52.20%
2026-03-31 04:59:03 - __main__ - INFO - Val:   loss 5.0926 acc1 15.49%
2026-03-31 04:59:03 - __main__ - INFO - 
Epoch 12/100 | lr 0.099019
2026-03-31 05:01:05 - __main__ - INFO - Train: loss 1.8193 acc1 53.47%
2026-03-31 05:01:05 - __main__ - INFO - Val:   loss 2.7325 acc1 36.54%
2026-03-31 05:01:05 - __main__ - INFO - saved best: 36.54%
2026-03-31 05:01:05 - __main__ - INFO - 
Epoch 13/100 | lr 0.098666
2026-03-31 05:03:07 - __main__ - INFO - Train: loss 1.7786 acc1 54.57%
2026-03-31 05:03:07 - __main__ - INFO - Val:   loss 2.3880 acc1 43.12%
2026-03-31 05:03:07 - __main__ - INFO - saved best: 43.12%
2026-03-31 05:03:07 - __main__ - INFO - 
Epoch 14/100 | lr 0.098261
2026-03-31 05:05:09 - __main__ - INFO - Train: loss 1.7382 acc1 55.42%
2026-03-31 05:05:09 - __main__ - INFO - Val:   loss 2.0692 acc1 48.31%
2026-03-31 05:05:09 - __main__ - INFO - saved best: 48.31%
2026-03-31 05:05:09 - __main__ - INFO - 
Epoch 15/100 | lr 0.097802
2026-03-31 05:07:11 - __main__ - INFO - Train: loss 1.6987 acc1 56.29%
2026-03-31 05:07:11 - __main__ - INFO - Val:   loss 4.3053 acc1 23.21%
2026-03-31 05:07:11 - __main__ - INFO - 
Epoch 16/100 | lr 0.097291
2026-03-31 05:09:13 - __main__ - INFO - Train: loss 1.6749 acc1 56.81%
2026-03-31 05:09:13 - __main__ - INFO - Val:   loss 3.1292 acc1 32.52%
2026-03-31 05:09:13 - __main__ - INFO - 
Epoch 17/100 | lr 0.096729
2026-03-31 05:11:15 - __main__ - INFO - Train: loss 1.6482 acc1 57.17%
2026-03-31 05:11:15 - __main__ - INFO - Val:   loss 1.9183 acc1 52.15%
2026-03-31 05:11:15 - __main__ - INFO - saved best: 52.15%
2026-03-31 05:11:15 - __main__ - INFO - 
Epoch 18/100 | lr 0.096115
2026-03-31 05:13:17 - __main__ - INFO - Train: loss 1.6179 acc1 58.15%
2026-03-31 05:13:17 - __main__ - INFO - Val:   loss 4.4889 acc1 23.16%
2026-03-31 05:13:17 - __main__ - INFO - 
Epoch 19/100 | lr 0.095451
2026-03-31 05:15:19 - __main__ - INFO - Train: loss 1.6020 acc1 58.49%
2026-03-31 05:15:19 - __main__ - INFO - Val:   loss 2.1629 acc1 46.85%
2026-03-31 05:15:19 - __main__ - INFO - 
Epoch 20/100 | lr 0.094737
2026-03-31 05:17:21 - __main__ - INFO - Train: loss 1.5719 acc1 58.96%
2026-03-31 05:17:21 - __main__ - INFO - Val:   loss 5.3132 acc1 18.34%
2026-03-31 05:17:21 - __main__ - INFO - 
Epoch 21/100 | lr 0.093974
2026-03-31 05:19:23 - __main__ - INFO - Train: loss 1.5577 acc1 59.57%
2026-03-31 05:19:23 - __main__ - INFO - Val:   loss 2.1859 acc1 47.62%
2026-03-31 05:19:23 - __main__ - INFO - 
Epoch 22/100 | lr 0.093164
2026-03-31 05:21:25 - __main__ - INFO - Train: loss 1.5407 acc1 59.84%
2026-03-31 05:21:25 - __main__ - INFO - Val:   loss 4.3579 acc1 23.42%
2026-03-31 05:21:25 - __main__ - INFO - 
Epoch 23/100 | lr 0.092306
2026-03-31 05:23:27 - __main__ - INFO - Train: loss 1.5229 acc1 60.03%
2026-03-31 05:23:27 - __main__ - INFO - Val:   loss 4.7226 acc1 17.52%
2026-03-31 05:23:27 - __main__ - INFO - 
Epoch 24/100 | lr 0.091401
2026-03-31 05:25:29 - __main__ - INFO - Train: loss 1.5007 acc1 60.82%
2026-03-31 05:25:29 - __main__ - INFO - Val:   loss 2.0639 acc1 48.66%
2026-03-31 05:25:29 - __main__ - INFO - 
Epoch 25/100 | lr 0.090452
2026-03-31 05:27:31 - __main__ - INFO - Train: loss 1.4827 acc1 61.08%
2026-03-31 05:27:31 - __main__ - INFO - Val:   loss 2.3021 acc1 45.27%
2026-03-31 05:27:31 - __main__ - INFO - 
Epoch 26/100 | lr 0.089458
2026-03-31 05:29:33 - __main__ - INFO - Train: loss 1.4721 acc1 61.44%
2026-03-31 05:29:33 - __main__ - INFO - Val:   loss 2.3447 acc1 44.95%
2026-03-31 05:29:33 - __main__ - INFO - 
Epoch 27/100 | lr 0.088421
2026-03-31 05:31:35 - __main__ - INFO - Train: loss 1.4506 acc1 61.88%
2026-03-31 05:31:35 - __main__ - INFO - Val:   loss 2.1999 acc1 46.69%
2026-03-31 05:31:35 - __main__ - INFO - 
Epoch 28/100 | lr 0.087342
2026-03-31 05:33:37 - __main__ - INFO - Train: loss 1.4339 acc1 62.32%
2026-03-31 05:33:37 - __main__ - INFO - Val:   loss 2.0052 acc1 50.43%
2026-03-31 05:33:37 - __main__ - INFO - 
Epoch 29/100 | lr 0.086223
2026-03-31 05:35:39 - __main__ - INFO - Train: loss 1.4259 acc1 62.37%
2026-03-31 05:35:39 - __main__ - INFO - Val:   loss 2.0542 acc1 49.26%
2026-03-31 05:35:39 - __main__ - INFO - 
Epoch 30/100 | lr 0.085063
2026-03-31 05:37:41 - __main__ - INFO - Train: loss 1.4081 acc1 62.66%
2026-03-31 05:37:41 - __main__ - INFO - Val:   loss 1.9305 acc1 51.77%
2026-03-31 05:37:41 - __main__ - INFO - 
Epoch 31/100 | lr 0.083866
2026-03-31 05:39:43 - __main__ - INFO - Train: loss 1.3820 acc1 63.50%
2026-03-31 05:39:43 - __main__ - INFO - Val:   loss 4.2286 acc1 23.49%
2026-03-31 05:39:43 - __main__ - INFO - 
Epoch 32/100 | lr 0.082631
2026-03-31 05:41:45 - __main__ - INFO - Train: loss 1.3687 acc1 63.83%
2026-03-31 05:41:45 - __main__ - INFO - Val:   loss 1.8895 acc1 53.67%
2026-03-31 05:41:45 - __main__ - INFO - saved best: 53.67%
2026-03-31 05:41:45 - __main__ - INFO - 
Epoch 33/100 | lr 0.081361
2026-03-31 05:43:47 - __main__ - INFO - Train: loss 1.3554 acc1 63.96%
2026-03-31 05:43:47 - __main__ - INFO - Val:   loss 2.7958 acc1 38.08%
2026-03-31 05:43:47 - __main__ - INFO - 
Epoch 34/100 | lr 0.080056
2026-03-31 05:45:48 - __main__ - INFO - Train: loss 1.3396 acc1 64.40%
2026-03-31 05:45:48 - __main__ - INFO - Val:   loss 1.9725 acc1 50.42%
2026-03-31 05:45:48 - __main__ - INFO - 
Epoch 35/100 | lr 0.078719
2026-03-31 05:47:50 - __main__ - INFO - Train: loss 1.3203 acc1 64.87%
2026-03-31 05:47:50 - __main__ - INFO - Val:   loss 2.0467 acc1 50.35%
2026-03-31 05:47:50 - __main__ - INFO - 
Epoch 36/100 | lr 0.077350
2026-03-31 05:49:52 - __main__ - INFO - Train: loss 1.3118 acc1 65.00%
2026-03-31 05:49:52 - __main__ - INFO - Val:   loss 2.3388 acc1 45.33%
2026-03-31 05:49:52 - __main__ - INFO - 
Epoch 37/100 | lr 0.075951
2026-03-31 05:51:54 - __main__ - INFO - Train: loss 1.2995 acc1 65.25%
2026-03-31 05:51:54 - __main__ - INFO - Val:   loss 4.6870 acc1 21.58%
2026-03-31 05:51:54 - __main__ - INFO - 
Epoch 38/100 | lr 0.074524
2026-03-31 05:53:56 - __main__ - INFO - Train: loss 1.2688 acc1 66.28%
2026-03-31 05:53:56 - __main__ - INFO - Val:   loss 1.7803 acc1 55.47%
2026-03-31 05:53:56 - __main__ - INFO - saved best: 55.47%
2026-03-31 05:53:56 - __main__ - INFO - 
Epoch 39/100 | lr 0.073070
2026-03-31 05:55:58 - __main__ - INFO - Train: loss 1.2485 acc1 66.50%
2026-03-31 05:55:58 - __main__ - INFO - Val:   loss 3.1669 acc1 35.14%
2026-03-31 05:55:58 - __main__ - INFO - 
Epoch 40/100 | lr 0.071591
2026-03-31 05:58:00 - __main__ - INFO - Train: loss 1.2388 acc1 66.67%
2026-03-31 05:58:00 - __main__ - INFO - Val:   loss 5.6229 acc1 17.00%
2026-03-31 05:58:00 - __main__ - INFO - 
Epoch 41/100 | lr 0.070088
2026-03-31 06:00:02 - __main__ - INFO - Train: loss 1.2128 acc1 67.45%
2026-03-31 06:00:02 - __main__ - INFO - Val:   loss 1.7969 acc1 55.23%
2026-03-31 06:00:02 - __main__ - INFO - 
Epoch 42/100 | lr 0.068563
2026-03-31 06:02:04 - __main__ - INFO - Train: loss 1.2036 acc1 67.62%
2026-03-31 06:02:04 - __main__ - INFO - Val:   loss 1.8036 acc1 55.06%
2026-03-31 06:02:04 - __main__ - INFO - 
Epoch 43/100 | lr 0.067018
2026-03-31 06:04:06 - __main__ - INFO - Train: loss 1.1764 acc1 68.28%
2026-03-31 06:04:06 - __main__ - INFO - Val:   loss 3.2302 acc1 35.29%
2026-03-31 06:04:06 - __main__ - INFO - 
Epoch 44/100 | lr 0.065454
2026-03-31 06:06:08 - __main__ - INFO - Train: loss 1.1600 acc1 68.74%
2026-03-31 06:06:08 - __main__ - INFO - Val:   loss 1.9673 acc1 51.97%
2026-03-31 06:06:08 - __main__ - INFO - 
Epoch 45/100 | lr 0.063874
2026-03-31 06:08:10 - __main__ - INFO - Train: loss 1.1319 acc1 69.23%
2026-03-31 06:08:10 - __main__ - INFO - Val:   loss 3.6974 acc1 28.72%
2026-03-31 06:08:10 - __main__ - INFO - 
Epoch 46/100 | lr 0.062278
2026-03-31 06:10:12 - __main__ - INFO - Train: loss 1.1136 acc1 69.66%
2026-03-31 06:10:12 - __main__ - INFO - Val:   loss 2.1064 acc1 50.13%
2026-03-31 06:10:12 - __main__ - INFO - 
Epoch 47/100 | lr 0.060669
2026-03-31 06:12:14 - __main__ - INFO - Train: loss 1.0909 acc1 70.41%
2026-03-31 06:12:14 - __main__ - INFO - Val:   loss 1.7063 acc1 56.76%
2026-03-31 06:12:14 - __main__ - INFO - saved best: 56.76%
2026-03-31 06:12:14 - __main__ - INFO - 
Epoch 48/100 | lr 0.059048
2026-03-31 06:14:16 - __main__ - INFO - Train: loss 1.0687 acc1 70.71%
2026-03-31 06:14:16 - __main__ - INFO - Val:   loss 1.7733 acc1 56.10%
2026-03-31 06:14:16 - __main__ - INFO - 
Epoch 49/100 | lr 0.057417
2026-03-31 06:16:18 - __main__ - INFO - Train: loss 1.0470 acc1 71.37%
2026-03-31 06:16:18 - __main__ - INFO - Val:   loss 4.8507 acc1 20.09%
2026-03-31 06:16:18 - __main__ - INFO - 
Epoch 50/100 | lr 0.055779
2026-03-31 06:18:19 - __main__ - INFO - Train: loss 1.0196 acc1 72.16%
2026-03-31 06:18:19 - __main__ - INFO - Val:   loss 1.6426 acc1 58.71%
2026-03-31 06:18:19 - __main__ - INFO - saved best: 58.71%
2026-03-31 06:18:19 - __main__ - INFO - 
Epoch 51/100 | lr 0.054134
2026-03-31 06:20:21 - __main__ - INFO - Train: loss 0.9938 acc1 72.61%
2026-03-31 06:20:21 - __main__ - INFO - Val:   loss 1.8564 acc1 54.76%
2026-03-31 06:20:21 - __main__ - INFO - 
Epoch 52/100 | lr 0.052484
2026-03-31 06:22:23 - __main__ - INFO - Train: loss 0.9699 acc1 73.47%
2026-03-31 06:22:23 - __main__ - INFO - Val:   loss 1.8303 acc1 54.72%
2026-03-31 06:22:23 - __main__ - INFO - 
Epoch 53/100 | lr 0.050832
2026-03-31 06:24:25 - __main__ - INFO - Train: loss 0.9464 acc1 73.70%
2026-03-31 06:24:25 - __main__ - INFO - Val:   loss 5.1885 acc1 22.21%
2026-03-31 06:24:25 - __main__ - INFO - 
Epoch 54/100 | lr 0.049178
2026-03-31 06:26:27 - __main__ - INFO - Train: loss 0.9227 acc1 74.39%
2026-03-31 06:26:27 - __main__ - INFO - Val:   loss 4.6584 acc1 25.01%
2026-03-31 06:26:27 - __main__ - INFO - 
Epoch 55/100 | lr 0.047526
2026-03-31 06:28:29 - __main__ - INFO - Train: loss 0.8931 acc1 75.26%
2026-03-31 06:28:29 - __main__ - INFO - Val:   loss 1.6925 acc1 58.30%
2026-03-31 06:28:29 - __main__ - INFO - 
Epoch 56/100 | lr 0.045876
2026-03-31 06:30:31 - __main__ - INFO - Train: loss 0.8673 acc1 75.59%
2026-03-31 06:30:31 - __main__ - INFO - Val:   loss 1.7815 acc1 57.74%
2026-03-31 06:30:31 - __main__ - INFO - 
Epoch 57/100 | lr 0.044231
2026-03-31 06:32:33 - __main__ - INFO - Train: loss 0.8329 acc1 76.72%
2026-03-31 06:32:33 - __main__ - INFO - Val:   loss 5.2690 acc1 20.57%
2026-03-31 06:32:33 - __main__ - INFO - 
Epoch 58/100 | lr 0.042593
2026-03-31 06:34:35 - __main__ - INFO - Train: loss 0.8037 acc1 77.38%
2026-03-31 06:34:35 - __main__ - INFO - Val:   loss 4.7583 acc1 23.24%
2026-03-31 06:34:35 - __main__ - INFO - 
Epoch 59/100 | lr 0.040962
2026-03-31 06:36:37 - __main__ - INFO - Train: loss 0.7674 acc1 78.45%
2026-03-31 06:36:37 - __main__ - INFO - Val:   loss 1.7358 acc1 58.19%
2026-03-31 06:36:37 - __main__ - INFO - 
Epoch 60/100 | lr 0.039341
2026-03-31 06:38:39 - __main__ - INFO - Train: loss 0.7509 acc1 78.83%
2026-03-31 06:38:39 - __main__ - INFO - Val:   loss 1.7188 acc1 58.12%
2026-03-31 06:38:39 - __main__ - INFO - 
Epoch 61/100 | lr 0.037732
2026-03-31 06:40:41 - __main__ - INFO - Train: loss 0.7107 acc1 79.95%
2026-03-31 06:40:41 - __main__ - INFO - Val:   loss 3.5781 acc1 33.40%
2026-03-31 06:40:41 - __main__ - INFO - 
Epoch 62/100 | lr 0.036136
2026-03-31 06:42:43 - __main__ - INFO - Train: loss 0.6822 acc1 80.82%
2026-03-31 06:42:43 - __main__ - INFO - Val:   loss 1.5452 acc1 61.94%
2026-03-31 06:42:43 - __main__ - INFO - saved best: 61.94%
2026-03-31 06:42:43 - __main__ - INFO - 
Epoch 63/100 | lr 0.034556
2026-03-31 06:44:44 - __main__ - INFO - Train: loss 0.6478 acc1 81.42%
2026-03-31 06:44:44 - __main__ - INFO - Val:   loss 1.6280 acc1 59.46%
2026-03-31 06:44:44 - __main__ - INFO - 
Epoch 64/100 | lr 0.032992
2026-03-31 06:46:46 - __main__ - INFO - Train: loss 0.6095 acc1 82.61%
2026-03-31 06:46:46 - __main__ - INFO - Val:   loss 1.5784 acc1 61.65%
2026-03-31 06:46:46 - __main__ - INFO - 
Epoch 65/100 | lr 0.031447
2026-03-31 06:48:48 - __main__ - INFO - Train: loss 0.5807 acc1 83.31%
2026-03-31 06:48:48 - __main__ - INFO - Val:   loss 1.5828 acc1 61.49%
2026-03-31 06:48:48 - __main__ - INFO - 
Epoch 66/100 | lr 0.029922
2026-03-31 06:50:50 - __main__ - INFO - Train: loss 0.5447 acc1 84.38%
2026-03-31 06:50:50 - __main__ - INFO - Val:   loss 1.6108 acc1 60.16%
2026-03-31 06:50:50 - __main__ - INFO - 
Epoch 67/100 | lr 0.028419
2026-03-31 06:52:52 - __main__ - INFO - Train: loss 0.5062 acc1 85.62%
2026-03-31 06:52:52 - __main__ - INFO - Val:   loss 1.5492 acc1 62.12%
2026-03-31 06:52:52 - __main__ - INFO - saved best: 62.12%
2026-03-31 06:52:52 - __main__ - INFO - 
Epoch 68/100 | lr 0.026940
2026-03-31 06:54:53 - __main__ - INFO - Train: loss 0.4716 acc1 86.46%
2026-03-31 06:54:53 - __main__ - INFO - Val:   loss 1.5113 acc1 62.89%
2026-03-31 06:54:53 - __main__ - INFO - saved best: 62.89%
2026-03-31 06:54:53 - __main__ - INFO - 
Epoch 69/100 | lr 0.025486
2026-03-31 06:56:55 - __main__ - INFO - Train: loss 0.4290 acc1 87.79%
2026-03-31 06:56:55 - __main__ - INFO - Val:   loss 1.5862 acc1 61.48%
2026-03-31 06:56:55 - __main__ - INFO - 
Epoch 70/100 | lr 0.024059
2026-03-31 06:58:57 - __main__ - INFO - Train: loss 0.3985 acc1 88.60%
2026-03-31 06:58:57 - __main__ - INFO - Val:   loss 3.4680 acc1 34.73%
2026-03-31 06:58:57 - __main__ - INFO - 
Epoch 71/100 | lr 0.022660
2026-03-31 07:00:59 - __main__ - INFO - Train: loss 0.3615 acc1 89.72%
2026-03-31 07:00:59 - __main__ - INFO - Val:   loss 3.2116 acc1 41.62%
2026-03-31 07:00:59 - __main__ - INFO - 
Epoch 72/100 | lr 0.021291
2026-03-31 07:03:01 - __main__ - INFO - Train: loss 0.3223 acc1 90.99%
2026-03-31 07:03:01 - __main__ - INFO - Val:   loss 5.1650 acc1 25.16%
2026-03-31 07:03:01 - __main__ - INFO - 
Epoch 73/100 | lr 0.019954
2026-03-31 07:05:03 - __main__ - INFO - Train: loss 0.2887 acc1 92.01%
2026-03-31 07:05:03 - __main__ - INFO - Val:   loss 1.4486 acc1 65.73%
2026-03-31 07:05:03 - __main__ - INFO - saved best: 65.73%
2026-03-31 07:05:03 - __main__ - INFO - 
Epoch 74/100 | lr 0.018649
2026-03-31 07:07:05 - __main__ - INFO - Train: loss 0.2476 acc1 93.26%
2026-03-31 07:07:05 - __main__ - INFO - Val:   loss 4.0822 acc1 31.10%
2026-03-31 07:07:05 - __main__ - INFO - 
Epoch 75/100 | lr 0.017379
2026-03-31 07:09:06 - __main__ - INFO - Train: loss 0.2144 acc1 94.34%
2026-03-31 07:09:06 - __main__ - INFO - Val:   loss 1.4438 acc1 65.64%
2026-03-31 07:09:06 - __main__ - INFO - 
Epoch 76/100 | lr 0.016144
2026-03-31 07:11:08 - __main__ - INFO - Train: loss 0.1761 acc1 95.58%
2026-03-31 07:11:08 - __main__ - INFO - Val:   loss 1.4169 acc1 66.54%
2026-03-31 07:11:08 - __main__ - INFO - saved best: 66.54%
2026-03-31 07:11:08 - __main__ - INFO - 
Epoch 77/100 | lr 0.014947
2026-03-31 07:13:10 - __main__ - INFO - Train: loss 0.1452 acc1 96.45%
2026-03-31 07:13:10 - __main__ - INFO - Val:   loss 4.2543 acc1 30.10%
2026-03-31 07:13:10 - __main__ - INFO - 
Epoch 78/100 | lr 0.013787
2026-03-31 07:15:12 - __main__ - INFO - Train: loss 0.1140 acc1 97.51%
2026-03-31 07:15:12 - __main__ - INFO - Val:   loss 2.0382 acc1 56.25%
2026-03-31 07:15:12 - __main__ - INFO - 
Epoch 79/100 | lr 0.012668
2026-03-31 07:17:13 - __main__ - INFO - Train: loss 0.0864 acc1 98.38%
2026-03-31 07:17:13 - __main__ - INFO - Val:   loss 1.2499 acc1 70.02%
2026-03-31 07:17:13 - __main__ - INFO - saved best: 70.02%
2026-03-31 07:17:13 - __main__ - INFO - 
Epoch 80/100 | lr 0.011589
2026-03-31 07:19:15 - __main__ - INFO - Train: loss 0.0675 acc1 98.87%
2026-03-31 07:19:15 - __main__ - INFO - Val:   loss 2.4873 acc1 49.86%
2026-03-31 07:19:15 - __main__ - INFO - 
Epoch 81/100 | lr 0.010552
2026-03-31 07:21:17 - __main__ - INFO - Train: loss 0.0500 acc1 99.32%
2026-03-31 07:21:17 - __main__ - INFO - Val:   loss 1.4499 acc1 65.86%
2026-03-31 07:21:17 - __main__ - INFO - 
Epoch 82/100 | lr 0.009558
2026-03-31 07:23:19 - __main__ - INFO - Train: loss 0.0357 acc1 99.65%
2026-03-31 07:23:19 - __main__ - INFO - Val:   loss 1.1763 acc1 71.27%
2026-03-31 07:23:19 - __main__ - INFO - saved best: 71.27%
2026-03-31 07:23:19 - __main__ - INFO - 
Epoch 83/100 | lr 0.008609
2026-03-31 07:25:21 - __main__ - INFO - Train: loss 0.0294 acc1 99.76%
2026-03-31 07:25:21 - __main__ - INFO - Val:   loss 1.7152 acc1 61.47%
2026-03-31 07:25:21 - __main__ - INFO - 
Epoch 84/100 | lr 0.007704
2026-03-31 07:27:23 - __main__ - INFO - Train: loss 0.0253 acc1 99.83%
2026-03-31 07:27:23 - __main__ - INFO - Val:   loss 1.1222 acc1 72.43%
2026-03-31 07:27:23 - __main__ - INFO - saved best: 72.43%
2026-03-31 07:27:23 - __main__ - INFO - 
Epoch 85/100 | lr 0.006846
2026-03-31 07:29:24 - __main__ - INFO - Train: loss 0.0204 acc1 99.91%
2026-03-31 07:29:24 - __main__ - INFO - Val:   loss 1.1002 acc1 73.28%
2026-03-31 07:29:24 - __main__ - INFO - saved best: 73.28%
2026-03-31 07:29:24 - __main__ - INFO - 
Epoch 86/100 | lr 0.006036
2026-03-31 07:31:26 - __main__ - INFO - Train: loss 0.0190 acc1 99.92%
2026-03-31 07:31:26 - __main__ - INFO - Val:   loss 1.0910 acc1 73.47%
2026-03-31 07:31:26 - __main__ - INFO - saved best: 73.47%
2026-03-31 07:31:26 - __main__ - INFO - 
Epoch 87/100 | lr 0.005273
2026-03-31 07:33:28 - __main__ - INFO - Train: loss 0.0179 acc1 99.92%
2026-03-31 07:33:28 - __main__ - INFO - Val:   loss 1.0851 acc1 73.48%
2026-03-31 07:33:28 - __main__ - INFO - saved best: 73.48%
2026-03-31 07:33:28 - __main__ - INFO - 
Epoch 88/100 | lr 0.004559
2026-03-31 07:35:30 - __main__ - INFO - Train: loss 0.0165 acc1 99.95%
2026-03-31 07:35:30 - __main__ - INFO - Val:   loss 1.0806 acc1 73.34%
2026-03-31 07:35:30 - __main__ - INFO - 
Epoch 89/100 | lr 0.003895
2026-03-31 07:37:32 - __main__ - INFO - Train: loss 0.0160 acc1 99.95%
2026-03-31 07:37:32 - __main__ - INFO - Val:   loss 1.0828 acc1 73.48%
2026-03-31 07:37:32 - __main__ - INFO - saved best: 73.48%
2026-03-31 07:37:32 - __main__ - INFO - 
Epoch 90/100 | lr 0.003281
2026-03-31 07:39:34 - __main__ - INFO - Train: loss 0.0145 acc1 99.96%
2026-03-31 07:39:34 - __main__ - INFO - Val:   loss 1.0859 acc1 73.38%
2026-03-31 07:39:34 - __main__ - INFO - 
Epoch 91/100 | lr 0.002719
2026-03-31 07:41:36 - __main__ - INFO - Train: loss 0.0145 acc1 99.97%
2026-03-31 07:41:36 - __main__ - INFO - Val:   loss 1.0791 acc1 73.35%
2026-03-31 07:41:36 - __main__ - INFO - 
Epoch 92/100 | lr 0.002208
2026-03-31 07:43:38 - __main__ - INFO - Train: loss 0.0143 acc1 99.97%
2026-03-31 07:43:38 - __main__ - INFO - Val:   loss 1.0723 acc1 73.50%
2026-03-31 07:43:38 - __main__ - INFO - saved best: 73.50%
2026-03-31 07:43:38 - __main__ - INFO - 
Epoch 93/100 | lr 0.001749
2026-03-31 07:45:39 - __main__ - INFO - Train: loss 0.0140 acc1 99.97%
2026-03-31 07:45:39 - __main__ - INFO - Val:   loss 1.0725 acc1 73.76%
2026-03-31 07:45:40 - __main__ - INFO - saved best: 73.76%
2026-03-31 07:45:40 - __main__ - INFO - 
Epoch 94/100 | lr 0.001344
2026-03-31 07:47:41 - __main__ - INFO - Train: loss 0.0136 acc1 99.96%
2026-03-31 07:47:41 - __main__ - INFO - Val:   loss 1.0719 acc1 73.59%
2026-03-31 07:47:41 - __main__ - INFO - 
Epoch 95/100 | lr 0.000991
2026-03-31 07:49:43 - __main__ - INFO - Train: loss 0.0131 acc1 99.98%
2026-03-31 07:49:43 - __main__ - INFO - Val:   loss 1.0697 acc1 73.77%
2026-03-31 07:49:43 - __main__ - INFO - saved best: 73.77%
2026-03-31 07:49:43 - __main__ - INFO - 
Epoch 96/100 | lr 0.000692
2026-03-31 07:51:45 - __main__ - INFO - Train: loss 0.0131 acc1 99.98%
2026-03-31 07:51:45 - __main__ - INFO - Val:   loss 1.0712 acc1 73.70%
2026-03-31 07:51:45 - __main__ - INFO - 
Epoch 97/100 | lr 0.000447
2026-03-31 07:53:47 - __main__ - INFO - Train: loss 0.0128 acc1 99.97%
2026-03-31 07:53:47 - __main__ - INFO - Val:   loss 1.0692 acc1 73.75%
2026-03-31 07:53:47 - __main__ - INFO - 
Epoch 98/100 | lr 0.000256
2026-03-31 07:55:49 - __main__ - INFO - Train: loss 0.0129 acc1 99.97%
2026-03-31 07:55:49 - __main__ - INFO - Val:   loss 1.0716 acc1 73.62%
2026-03-31 07:55:49 - __main__ - INFO - 
Epoch 99/100 | lr 0.000119
2026-03-31 07:57:51 - __main__ - INFO - Train: loss 0.0128 acc1 99.98%
2026-03-31 07:57:51 - __main__ - INFO - Val:   loss 1.0667 acc1 73.68%
2026-03-31 07:57:51 - __main__ - INFO - 
Epoch 100/100 | lr 0.000037
2026-03-31 07:59:52 - __main__ - INFO - Train: loss 0.0128 acc1 99.98%
2026-03-31 07:59:52 - __main__ - INFO - Val:   loss 1.0698 acc1 73.68%
2026-03-31 07:59:52 - __main__ - INFO - Loaded best checkpoint weights for final test evaluation.
2026-03-31 08:00:01 - __main__ - INFO - 
Best tracked (val): 73.77%
2026-03-31 08:00:01 - __main__ - INFO - Final test: loss 2.0492 acc1 61.86%
2026-03-31 08:00:19 - __main__ - INFO - Variant [low_saliency] done — test acc 61.86%, test loss 2.0492
2026-03-31 08:00:19 - __main__ - INFO - 
============================================================
2026-03-31 08:00:19 - __main__ - INFO - Training output model: resnet34 [random_sparsity]
2026-03-31 08:00:19 - __main__ - INFO -   Resolved config → opt=sgd, lr=0.1, wd=0.0005, bs=128, epochs=100, scheduler=cosine, warmup=5
2026-03-31 08:00:19 - __main__ - INFO - ============================================================
2026-03-31 08:00:19 - __main__ - INFO -   Validation during training uses variant split with val_split=0.1
2026-03-31 08:00:19 - __main__ - INFO -   Final test uses random_sparsity variant test split
2026-03-31 08:00:20 - __main__ - INFO - device: cuda | cuda: True | gpu: NVIDIA L4
2026-03-31 08:00:20 - __main__ - INFO - Model: resnet34 | Dataset: tiny_imagenet | Classes: 200 | Optimizer: sgd
2026-03-31 08:00:20 - __main__ - INFO - 
Epoch 1/100 | lr 0.000100
2026-03-31 08:02:24 - __main__ - INFO - Train: loss 5.3484 acc1 0.63%
2026-03-31 08:02:24 - __main__ - INFO - Val:   loss 5.2930 acc1 0.60%
2026-03-31 08:02:24 - __main__ - INFO - saved best: 0.60%
2026-03-31 08:02:24 - __main__ - INFO - 
Epoch 2/100 | lr 0.020080
2026-03-31 08:04:27 - __main__ - INFO - Train: loss 4.7278 acc1 5.18%
2026-03-31 08:04:27 - __main__ - INFO - Val:   loss 4.3732 acc1 8.81%
2026-03-31 08:04:27 - __main__ - INFO - saved best: 8.81%
2026-03-31 08:04:27 - __main__ - INFO - 
Epoch 3/100 | lr 0.040060
2026-03-31 08:06:30 - __main__ - INFO - Train: loss 4.0248 acc1 12.61%
2026-03-31 08:06:30 - __main__ - INFO - Val:   loss 3.8009 acc1 15.83%
2026-03-31 08:06:30 - __main__ - INFO - saved best: 15.83%
2026-03-31 08:06:30 - __main__ - INFO - 
Epoch 4/100 | lr 0.060040
2026-03-31 08:08:33 - __main__ - INFO - Train: loss 3.5289 acc1 20.06%
2026-03-31 08:08:33 - __main__ - INFO - Val:   loss 3.5582 acc1 18.86%
2026-03-31 08:08:33 - __main__ - INFO - saved best: 18.86%
2026-03-31 08:08:33 - __main__ - INFO - 
Epoch 5/100 | lr 0.080020
2026-03-31 08:10:36 - __main__ - INFO - Train: loss 3.2258 acc1 25.03%
2026-03-31 08:10:36 - __main__ - INFO - Val:   loss 3.4636 acc1 21.18%
2026-03-31 08:10:36 - __main__ - INFO - saved best: 21.18%
2026-03-31 08:10:36 - __main__ - INFO - 
Epoch 6/100 | lr 0.100000
2026-03-31 08:12:39 - __main__ - INFO - Train: loss 3.0129 acc1 29.15%
2026-03-31 08:12:39 - __main__ - INFO - Val:   loss 3.3373 acc1 24.40%
2026-03-31 08:12:39 - __main__ - INFO - saved best: 24.40%
2026-03-31 08:12:39 - __main__ - INFO - 
Epoch 7/100 | lr 0.099973
2026-03-31 08:14:42 - __main__ - INFO - Train: loss 2.7943 acc1 33.41%
2026-03-31 08:14:42 - __main__ - INFO - Val:   loss 3.2164 acc1 27.45%
2026-03-31 08:14:42 - __main__ - INFO - saved best: 27.45%
2026-03-31 08:14:42 - __main__ - INFO - 
Epoch 8/100 | lr 0.099891
2026-03-31 08:16:44 - __main__ - INFO - Train: loss 2.6558 acc1 36.04%
2026-03-31 08:16:44 - __main__ - INFO - Val:   loss 2.9469 acc1 30.61%
2026-03-31 08:16:44 - __main__ - INFO - saved best: 30.61%
2026-03-31 08:16:44 - __main__ - INFO - 
Epoch 9/100 | lr 0.099754
2026-03-31 08:18:47 - __main__ - INFO - Train: loss 2.5582 acc1 38.20%
2026-03-31 08:18:47 - __main__ - INFO - Val:   loss 3.1821 acc1 28.32%
2026-03-31 08:18:47 - __main__ - INFO - 
Epoch 10/100 | lr 0.099563
2026-03-31 08:20:49 - __main__ - INFO - Train: loss 2.4736 acc1 39.74%
2026-03-31 08:20:49 - __main__ - INFO - Val:   loss 3.2103 acc1 27.55%
2026-03-31 08:20:49 - __main__ - INFO - 
Epoch 11/100 | lr 0.099318
2026-03-31 08:22:52 - __main__ - INFO - Train: loss 2.4048 acc1 41.38%
2026-03-31 08:22:52 - __main__ - INFO - Val:   loss 2.8818 acc1 33.77%
2026-03-31 08:22:52 - __main__ - INFO - saved best: 33.77%
2026-03-31 08:22:52 - __main__ - INFO - 
Epoch 12/100 | lr 0.099019
2026-03-31 08:24:54 - __main__ - INFO - Train: loss 2.3468 acc1 42.59%
2026-03-31 08:24:54 - __main__ - INFO - Val:   loss 2.8009 acc1 35.01%
2026-03-31 08:24:54 - __main__ - INFO - saved best: 35.01%
2026-03-31 08:24:54 - __main__ - INFO - 
Epoch 13/100 | lr 0.098666
2026-03-31 08:26:56 - __main__ - INFO - Train: loss 2.2950 acc1 43.72%
2026-03-31 08:26:56 - __main__ - INFO - Val:   loss 2.7860 acc1 34.51%
2026-03-31 08:26:56 - __main__ - INFO - 
Epoch 14/100 | lr 0.098261
2026-03-31 08:28:59 - __main__ - INFO - Train: loss 2.2507 acc1 44.67%
2026-03-31 08:28:59 - __main__ - INFO - Val:   loss 2.7853 acc1 35.32%
2026-03-31 08:28:59 - __main__ - INFO - saved best: 35.32%
2026-03-31 08:28:59 - __main__ - INFO - 
Epoch 15/100 | lr 0.097802
2026-03-31 08:31:01 - __main__ - INFO - Train: loss 2.2100 acc1 45.61%
2026-03-31 08:31:01 - __main__ - INFO - Val:   loss 2.9754 acc1 33.83%
2026-03-31 08:31:01 - __main__ - INFO - 
Epoch 16/100 | lr 0.097291
2026-03-31 08:33:03 - __main__ - INFO - Train: loss 2.1730 acc1 46.40%
2026-03-31 08:33:03 - __main__ - INFO - Val:   loss 2.9530 acc1 34.27%
2026-03-31 08:33:03 - __main__ - INFO - 
Epoch 17/100 | lr 0.096729
2026-03-31 08:35:06 - __main__ - INFO - Train: loss 2.1400 acc1 47.18%
2026-03-31 08:35:06 - __main__ - INFO - Val:   loss 2.5862 acc1 39.75%
2026-03-31 08:35:06 - __main__ - INFO - saved best: 39.75%
2026-03-31 08:35:06 - __main__ - INFO - 
Epoch 18/100 | lr 0.096115
2026-03-31 08:37:08 - __main__ - INFO - Train: loss 2.1142 acc1 47.63%
2026-03-31 08:37:08 - __main__ - INFO - Val:   loss 2.7315 acc1 36.98%
2026-03-31 08:37:08 - __main__ - INFO - 
Epoch 19/100 | lr 0.095451
2026-03-31 08:39:10 - __main__ - INFO - Train: loss 2.0893 acc1 48.29%
2026-03-31 08:39:10 - __main__ - INFO - Val:   loss 2.6462 acc1 37.88%
2026-03-31 08:39:10 - __main__ - INFO - 
Epoch 20/100 | lr 0.094737
2026-03-31 08:41:12 - __main__ - INFO - Train: loss 2.0563 acc1 48.95%
2026-03-31 08:41:12 - __main__ - INFO - Val:   loss 2.8271 acc1 36.44%
2026-03-31 08:41:12 - __main__ - INFO - 
Epoch 21/100 | lr 0.093974
2026-03-31 08:43:14 - __main__ - INFO - Train: loss 2.0321 acc1 49.57%
2026-03-31 08:43:14 - __main__ - INFO - Val:   loss 2.6029 acc1 39.07%
2026-03-31 08:43:14 - __main__ - INFO - 
Epoch 22/100 | lr 0.093164
2026-03-31 08:45:17 - __main__ - INFO - Train: loss 2.0168 acc1 49.82%
2026-03-31 08:45:17 - __main__ - INFO - Val:   loss 2.6951 acc1 38.51%
2026-03-31 08:45:17 - __main__ - INFO - 
Epoch 23/100 | lr 0.092306
2026-03-31 08:47:19 - __main__ - INFO - Train: loss 1.9914 acc1 50.39%
2026-03-31 08:47:19 - __main__ - INFO - Val:   loss 2.6342 acc1 39.88%
2026-03-31 08:47:19 - __main__ - INFO - saved best: 39.88%
2026-03-31 08:47:19 - __main__ - INFO - 
Epoch 24/100 | lr 0.091401
2026-03-31 08:49:21 - __main__ - INFO - Train: loss 1.9730 acc1 50.73%
2026-03-31 08:49:21 - __main__ - INFO - Val:   loss 2.6423 acc1 39.93%
2026-03-31 08:49:21 - __main__ - INFO - saved best: 39.93%
2026-03-31 08:49:21 - __main__ - INFO - 
Epoch 25/100 | lr 0.090452
2026-03-31 08:51:23 - __main__ - INFO - Train: loss 1.9457 acc1 51.25%
2026-03-31 08:51:23 - __main__ - INFO - Val:   loss 2.8854 acc1 36.38%
2026-03-31 08:51:23 - __main__ - INFO - 
Epoch 26/100 | lr 0.089458
2026-03-31 08:53:25 - __main__ - INFO - Train: loss 1.9282 acc1 51.67%
2026-03-31 08:53:25 - __main__ - INFO - Val:   loss 2.6349 acc1 40.80%
2026-03-31 08:53:25 - __main__ - INFO - saved best: 40.80%
2026-03-31 08:53:25 - __main__ - INFO - 
Epoch 27/100 | lr 0.088421
2026-03-31 08:55:27 - __main__ - INFO - Train: loss 1.9073 acc1 52.18%
2026-03-31 08:55:27 - __main__ - INFO - Val:   loss 2.7351 acc1 37.70%
2026-03-31 08:55:27 - __main__ - INFO - 
Epoch 28/100 | lr 0.087342
2026-03-31 08:57:29 - __main__ - INFO - Train: loss 1.8886 acc1 52.79%
2026-03-31 08:57:29 - __main__ - INFO - Val:   loss 2.7529 acc1 37.66%
2026-03-31 08:57:29 - __main__ - INFO - 
Epoch 29/100 | lr 0.086223
2026-03-31 08:59:31 - __main__ - INFO - Train: loss 1.8696 acc1 52.91%
2026-03-31 08:59:31 - __main__ - INFO - Val:   loss 2.5013 acc1 41.96%
2026-03-31 08:59:31 - __main__ - INFO - saved best: 41.96%
2026-03-31 08:59:31 - __main__ - INFO - 
Epoch 30/100 | lr 0.085063
2026-03-31 09:01:34 - __main__ - INFO - Train: loss 1.8508 acc1 53.29%
2026-03-31 09:01:34 - __main__ - INFO - Val:   loss 2.4960 acc1 41.73%
2026-03-31 09:01:34 - __main__ - INFO - 
Epoch 31/100 | lr 0.083866
2026-03-31 09:03:36 - __main__ - INFO - Train: loss 1.8208 acc1 54.11%
2026-03-31 09:03:36 - __main__ - INFO - Val:   loss 2.3894 acc1 44.58%
2026-03-31 09:03:36 - __main__ - INFO - saved best: 44.58%
2026-03-31 09:03:36 - __main__ - INFO - 
Epoch 32/100 | lr 0.082631
2026-03-31 09:05:38 - __main__ - INFO - Train: loss 1.8104 acc1 54.39%
2026-03-31 09:05:38 - __main__ - INFO - Val:   loss 2.4664 acc1 42.81%
2026-03-31 09:05:38 - __main__ - INFO - 
Epoch 33/100 | lr 0.081361
2026-03-31 09:07:40 - __main__ - INFO - Train: loss 1.7860 acc1 54.69%
2026-03-31 09:07:40 - __main__ - INFO - Val:   loss 2.4875 acc1 42.85%
2026-03-31 09:07:40 - __main__ - INFO - 
Epoch 34/100 | lr 0.080056
2026-03-31 09:09:42 - __main__ - INFO - Train: loss 1.7619 acc1 55.34%
2026-03-31 09:09:42 - __main__ - INFO - Val:   loss 2.3521 acc1 44.67%
2026-03-31 09:09:42 - __main__ - INFO - saved best: 44.67%
2026-03-31 09:09:42 - __main__ - INFO - 
Epoch 35/100 | lr 0.078719
2026-03-31 09:11:44 - __main__ - INFO - Train: loss 1.7450 acc1 55.75%
2026-03-31 09:11:44 - __main__ - INFO - Val:   loss 2.5136 acc1 42.98%
2026-03-31 09:11:44 - __main__ - INFO - 
Epoch 36/100 | lr 0.077350
2026-03-31 09:13:46 - __main__ - INFO - Train: loss 1.7224 acc1 56.45%
2026-03-31 09:13:46 - __main__ - INFO - Val:   loss 2.5524 acc1 41.26%
2026-03-31 09:13:46 - __main__ - INFO - 
Epoch 37/100 | lr 0.075951
2026-03-31 09:15:48 - __main__ - INFO - Train: loss 1.7066 acc1 56.57%
2026-03-31 09:15:48 - __main__ - INFO - Val:   loss 2.2757 acc1 45.71%
2026-03-31 09:15:48 - __main__ - INFO - saved best: 45.71%
2026-03-31 09:15:48 - __main__ - INFO - 
Epoch 38/100 | lr 0.074524
2026-03-31 09:17:50 - __main__ - INFO - Train: loss 1.6716 acc1 57.43%
2026-03-31 09:17:50 - __main__ - INFO - Val:   loss 2.2455 acc1 46.79%
2026-03-31 09:17:50 - __main__ - INFO - saved best: 46.79%
2026-03-31 09:17:50 - __main__ - INFO - 
Epoch 39/100 | lr 0.073070
2026-03-31 09:19:52 - __main__ - INFO - Train: loss 1.6556 acc1 57.67%
2026-03-31 09:19:52 - __main__ - INFO - Val:   loss 2.5331 acc1 41.79%
2026-03-31 09:19:52 - __main__ - INFO - 
Epoch 40/100 | lr 0.071591
2026-03-31 09:21:54 - __main__ - INFO - Train: loss 1.6347 acc1 57.92%
2026-03-31 09:21:54 - __main__ - INFO - Val:   loss 2.4989 acc1 42.95%
2026-03-31 09:21:54 - __main__ - INFO - 
Epoch 41/100 | lr 0.070088
2026-03-31 09:23:56 - __main__ - INFO - Train: loss 1.6079 acc1 58.84%
2026-03-31 09:23:56 - __main__ - INFO - Val:   loss 2.3720 acc1 44.68%
2026-03-31 09:23:56 - __main__ - INFO - 
Epoch 42/100 | lr 0.068563
2026-03-31 09:25:58 - __main__ - INFO - Train: loss 1.5823 acc1 59.74%
2026-03-31 09:25:58 - __main__ - INFO - Val:   loss 2.3793 acc1 44.91%
2026-03-31 09:25:58 - __main__ - INFO - 
Epoch 43/100 | lr 0.067018
2026-03-31 09:28:00 - __main__ - INFO - Train: loss 1.5600 acc1 59.85%
2026-03-31 09:28:00 - __main__ - INFO - Val:   loss 2.5050 acc1 43.93%
2026-03-31 09:28:00 - __main__ - INFO - 
Epoch 44/100 | lr 0.065454
2026-03-31 09:30:02 - __main__ - INFO - Train: loss 1.5307 acc1 60.47%
2026-03-31 09:30:02 - __main__ - INFO - Val:   loss 2.4185 acc1 44.03%
2026-03-31 09:30:02 - __main__ - INFO - 
Epoch 45/100 | lr 0.063874
2026-03-31 09:32:04 - __main__ - INFO - Train: loss 1.5105 acc1 60.87%
2026-03-31 09:32:04 - __main__ - INFO - Val:   loss 2.2987 acc1 46.50%
2026-03-31 09:32:04 - __main__ - INFO - 
Epoch 46/100 | lr 0.062278
2026-03-31 09:34:06 - __main__ - INFO - Train: loss 1.4751 acc1 61.52%
2026-03-31 09:34:06 - __main__ - INFO - Val:   loss 2.3257 acc1 45.87%
2026-03-31 09:34:06 - __main__ - INFO - 
Epoch 47/100 | lr 0.060669
2026-03-31 09:36:08 - __main__ - INFO - Train: loss 1.4490 acc1 62.37%
2026-03-31 09:36:08 - __main__ - INFO - Val:   loss 2.5148 acc1 43.50%
2026-03-31 09:36:08 - __main__ - INFO - 
Epoch 48/100 | lr 0.059048
2026-03-31 09:38:10 - __main__ - INFO - Train: loss 1.4250 acc1 63.05%
2026-03-31 09:38:10 - __main__ - INFO - Val:   loss 2.2448 acc1 47.42%
2026-03-31 09:38:10 - __main__ - INFO - saved best: 47.42%
2026-03-31 09:38:10 - __main__ - INFO - 
Epoch 49/100 | lr 0.057417
2026-03-31 09:40:12 - __main__ - INFO - Train: loss 1.3942 acc1 63.36%
2026-03-31 09:40:12 - __main__ - INFO - Val:   loss 2.1952 acc1 48.72%
2026-03-31 09:40:12 - __main__ - INFO - saved best: 48.72%
2026-03-31 09:40:12 - __main__ - INFO - 
Epoch 50/100 | lr 0.055779
2026-03-31 09:42:14 - __main__ - INFO - Train: loss 1.3632 acc1 64.22%
2026-03-31 09:42:14 - __main__ - INFO - Val:   loss 2.2679 acc1 48.28%
2026-03-31 09:42:14 - __main__ - INFO - 
Epoch 51/100 | lr 0.054134
2026-03-31 09:44:16 - __main__ - INFO - Train: loss 1.3258 acc1 65.15%
2026-03-31 09:44:16 - __main__ - INFO - Val:   loss 2.3072 acc1 46.74%
2026-03-31 09:44:16 - __main__ - INFO - 
Epoch 52/100 | lr 0.052484
2026-03-31 09:46:18 - __main__ - INFO - Train: loss 1.2989 acc1 65.71%
2026-03-31 09:46:18 - __main__ - INFO - Val:   loss 2.2354 acc1 48.07%
2026-03-31 09:46:18 - __main__ - INFO - 
Epoch 53/100 | lr 0.050832
2026-03-31 09:48:20 - __main__ - INFO - Train: loss 1.2618 acc1 66.59%
2026-03-31 09:48:20 - __main__ - INFO - Val:   loss 2.3513 acc1 47.11%
2026-03-31 09:48:20 - __main__ - INFO - 
Epoch 54/100 | lr 0.049178
2026-03-31 09:50:22 - __main__ - INFO - Train: loss 1.2258 acc1 67.31%
2026-03-31 09:50:22 - __main__ - INFO - Val:   loss 2.2468 acc1 48.18%
2026-03-31 09:50:22 - __main__ - INFO - 
Epoch 55/100 | lr 0.047526
2026-03-31 09:52:24 - __main__ - INFO - Train: loss 1.1908 acc1 68.29%
2026-03-31 09:52:24 - __main__ - INFO - Val:   loss 2.1420 acc1 50.08%
2026-03-31 09:52:24 - __main__ - INFO - saved best: 50.08%
2026-03-31 09:52:24 - __main__ - INFO - 
Epoch 56/100 | lr 0.045876
2026-03-31 09:54:26 - __main__ - INFO - Train: loss 1.1475 acc1 69.40%
2026-03-31 09:54:26 - __main__ - INFO - Val:   loss 2.4083 acc1 47.13%
2026-03-31 09:54:26 - __main__ - INFO - 
Epoch 57/100 | lr 0.044231
2026-03-31 09:56:28 - __main__ - INFO - Train: loss 1.1075 acc1 70.44%
2026-03-31 09:56:28 - __main__ - INFO - Val:   loss 2.3226 acc1 47.85%
2026-03-31 09:56:28 - __main__ - INFO - 
Epoch 58/100 | lr 0.042593
2026-03-31 09:58:30 - __main__ - INFO - Train: loss 1.0833 acc1 70.81%
2026-03-31 09:58:30 - __main__ - INFO - Val:   loss 2.1081 acc1 51.06%
2026-03-31 09:58:30 - __main__ - INFO - saved best: 51.06%
2026-03-31 09:58:30 - __main__ - INFO - 
Epoch 59/100 | lr 0.040962
2026-03-31 10:00:32 - __main__ - INFO - Train: loss 1.0244 acc1 72.28%
2026-03-31 10:00:32 - __main__ - INFO - Val:   loss 2.4131 acc1 47.13%
2026-03-31 10:00:32 - __main__ - INFO - 
Epoch 60/100 | lr 0.039341
2026-03-31 10:02:34 - __main__ - INFO - Train: loss 0.9940 acc1 72.92%
2026-03-31 10:02:34 - __main__ - INFO - Val:   loss 2.3400 acc1 49.20%
2026-03-31 10:02:34 - __main__ - INFO - 
Epoch 61/100 | lr 0.037732
2026-03-31 10:04:36 - __main__ - INFO - Train: loss 0.9450 acc1 74.42%
2026-03-31 10:04:36 - __main__ - INFO - Val:   loss 2.1142 acc1 52.11%
2026-03-31 10:04:36 - __main__ - INFO - saved best: 52.11%
2026-03-31 10:04:36 - __main__ - INFO - 
Epoch 62/100 | lr 0.036136
2026-03-31 10:06:38 - __main__ - INFO - Train: loss 0.9059 acc1 75.21%
2026-03-31 10:06:38 - __main__ - INFO - Val:   loss 2.2109 acc1 51.28%
2026-03-31 10:06:38 - __main__ - INFO - 
Epoch 63/100 | lr 0.034556
2026-03-31 10:08:40 - __main__ - INFO - Train: loss 0.8583 acc1 76.53%
2026-03-31 10:08:40 - __main__ - INFO - Val:   loss 2.5288 acc1 45.61%
2026-03-31 10:08:40 - __main__ - INFO - 
Epoch 64/100 | lr 0.032992
2026-03-31 10:10:42 - __main__ - INFO - Train: loss 0.8116 acc1 77.68%
2026-03-31 10:10:42 - __main__ - INFO - Val:   loss 2.2477 acc1 50.76%
2026-03-31 10:10:42 - __main__ - INFO - 
Epoch 65/100 | lr 0.031447
2026-03-31 10:12:44 - __main__ - INFO - Train: loss 0.7573 acc1 79.08%
2026-03-31 10:12:44 - __main__ - INFO - Val:   loss 2.2364 acc1 51.14%
2026-03-31 10:12:44 - __main__ - INFO - 
Epoch 66/100 | lr 0.029922
2026-03-31 10:14:46 - __main__ - INFO - Train: loss 0.7109 acc1 80.30%
2026-03-31 10:14:46 - __main__ - INFO - Val:   loss 2.1581 acc1 52.32%
2026-03-31 10:14:46 - __main__ - INFO - saved best: 52.32%
2026-03-31 10:14:46 - __main__ - INFO - 
Epoch 67/100 | lr 0.028419
2026-03-31 10:16:48 - __main__ - INFO - Train: loss 0.6561 acc1 81.80%
2026-03-31 10:16:48 - __main__ - INFO - Val:   loss 2.2612 acc1 52.09%
2026-03-31 10:16:48 - __main__ - INFO - 
Epoch 68/100 | lr 0.026940
2026-03-31 10:18:50 - __main__ - INFO - Train: loss 0.6042 acc1 83.36%
2026-03-31 10:18:50 - __main__ - INFO - Val:   loss 2.3123 acc1 51.45%
2026-03-31 10:18:50 - __main__ - INFO - 
Epoch 69/100 | lr 0.025486
2026-03-31 10:20:52 - __main__ - INFO - Train: loss 0.5483 acc1 84.88%
2026-03-31 10:20:52 - __main__ - INFO - Val:   loss 2.2061 acc1 52.08%
2026-03-31 10:20:52 - __main__ - INFO - 
Epoch 70/100 | lr 0.024059
2026-03-31 10:22:54 - __main__ - INFO - Train: loss 0.5016 acc1 86.20%
2026-03-31 10:22:54 - __main__ - INFO - Val:   loss 2.2548 acc1 53.91%
2026-03-31 10:22:54 - __main__ - INFO - saved best: 53.91%
2026-03-31 10:22:54 - __main__ - INFO - 
Epoch 71/100 | lr 0.022660
2026-03-31 10:24:56 - __main__ - INFO - Train: loss 0.4499 acc1 87.68%
2026-03-31 10:24:56 - __main__ - INFO - Val:   loss 2.2914 acc1 52.95%
2026-03-31 10:24:56 - __main__ - INFO - 
Epoch 72/100 | lr 0.021291
2026-03-31 10:26:58 - __main__ - INFO - Train: loss 0.3969 acc1 89.36%
2026-03-31 10:26:58 - __main__ - INFO - Val:   loss 2.2647 acc1 53.88%
2026-03-31 10:26:58 - __main__ - INFO - 
Epoch 73/100 | lr 0.019954
2026-03-31 10:28:59 - __main__ - INFO - Train: loss 0.3436 acc1 91.06%
2026-03-31 10:28:59 - __main__ - INFO - Val:   loss 2.1534 acc1 54.26%
2026-03-31 10:29:00 - __main__ - INFO - saved best: 54.26%
2026-03-31 10:29:00 - __main__ - INFO - 
Epoch 74/100 | lr 0.018649
2026-03-31 10:31:02 - __main__ - INFO - Train: loss 0.2843 acc1 92.79%
2026-03-31 10:31:02 - __main__ - INFO - Val:   loss 2.1394 acc1 55.41%
2026-03-31 10:31:02 - __main__ - INFO - saved best: 55.41%
2026-03-31 10:31:02 - __main__ - INFO - 
Epoch 75/100 | lr 0.017379
2026-03-31 10:33:04 - __main__ - INFO - Train: loss 0.2318 acc1 94.41%
2026-03-31 10:33:04 - __main__ - INFO - Val:   loss 2.0630 acc1 55.44%
2026-03-31 10:33:04 - __main__ - INFO - saved best: 55.44%
2026-03-31 10:33:04 - __main__ - INFO - 
Epoch 76/100 | lr 0.016144
2026-03-31 10:35:06 - __main__ - INFO - Train: loss 0.1913 acc1 95.62%
2026-03-31 10:35:06 - __main__ - INFO - Val:   loss 2.0762 acc1 56.08%
2026-03-31 10:35:06 - __main__ - INFO - saved best: 56.08%
2026-03-31 10:35:06 - __main__ - INFO - 
Epoch 77/100 | lr 0.014947
2026-03-31 10:37:08 - __main__ - INFO - Train: loss 0.1540 acc1 96.76%
2026-03-31 10:37:08 - __main__ - INFO - Val:   loss 1.9857 acc1 57.55%
2026-03-31 10:37:08 - __main__ - INFO - saved best: 57.55%
2026-03-31 10:37:08 - __main__ - INFO - 
Epoch 78/100 | lr 0.013787
2026-03-31 10:39:10 - __main__ - INFO - Train: loss 0.1122 acc1 97.93%
2026-03-31 10:39:10 - __main__ - INFO - Val:   loss 1.9624 acc1 58.45%
2026-03-31 10:39:10 - __main__ - INFO - saved best: 58.45%
2026-03-31 10:39:10 - __main__ - INFO - 
Epoch 79/100 | lr 0.012668
2026-03-31 10:41:12 - __main__ - INFO - Train: loss 0.0799 acc1 98.86%
2026-03-31 10:41:12 - __main__ - INFO - Val:   loss 1.9231 acc1 59.37%
2026-03-31 10:41:12 - __main__ - INFO - saved best: 59.37%
2026-03-31 10:41:12 - __main__ - INFO - 
Epoch 80/100 | lr 0.011589
2026-03-31 10:43:14 - __main__ - INFO - Train: loss 0.0592 acc1 99.32%
2026-03-31 10:43:14 - __main__ - INFO - Val:   loss 1.8306 acc1 60.48%
2026-03-31 10:43:14 - __main__ - INFO - saved best: 60.48%
2026-03-31 10:43:14 - __main__ - INFO - 
Epoch 81/100 | lr 0.010552
2026-03-31 10:45:16 - __main__ - INFO - Train: loss 0.0437 acc1 99.61%
2026-03-31 10:45:16 - __main__ - INFO - Val:   loss 1.7796 acc1 61.18%
2026-03-31 10:45:16 - __main__ - INFO - saved best: 61.18%
2026-03-31 10:45:16 - __main__ - INFO - 
Epoch 82/100 | lr 0.009558
2026-03-31 10:47:18 - __main__ - INFO - Train: loss 0.0345 acc1 99.80%
2026-03-31 10:47:18 - __main__ - INFO - Val:   loss 1.7306 acc1 61.89%
2026-03-31 10:47:18 - __main__ - INFO - saved best: 61.89%
2026-03-31 10:47:18 - __main__ - INFO - 
Epoch 83/100 | lr 0.008609
2026-03-31 10:49:20 - __main__ - INFO - Train: loss 0.0291 acc1 99.87%
2026-03-31 10:49:20 - __main__ - INFO - Val:   loss 1.7218 acc1 61.80%
2026-03-31 10:49:20 - __main__ - INFO - 
Epoch 84/100 | lr 0.007704
2026-03-31 10:51:21 - __main__ - INFO - Train: loss 0.0251 acc1 99.92%
2026-03-31 10:51:21 - __main__ - INFO - Val:   loss 1.6987 acc1 62.48%
2026-03-31 10:51:21 - __main__ - INFO - saved best: 62.48%
2026-03-31 10:51:21 - __main__ - INFO - 
Epoch 85/100 | lr 0.006846
2026-03-31 10:53:23 - __main__ - INFO - Train: loss 0.0231 acc1 99.94%
2026-03-31 10:53:23 - __main__ - INFO - Val:   loss 1.6776 acc1 62.41%
2026-03-31 10:53:23 - __main__ - INFO - 
Epoch 86/100 | lr 0.006036
2026-03-31 10:55:25 - __main__ - INFO - Train: loss 0.0215 acc1 99.95%
2026-03-31 10:55:25 - __main__ - INFO - Val:   loss 1.6657 acc1 62.70%
2026-03-31 10:55:25 - __main__ - INFO - saved best: 62.70%
2026-03-31 10:55:25 - __main__ - INFO - 
Epoch 87/100 | lr 0.005273
2026-03-31 10:57:27 - __main__ - INFO - Train: loss 0.0201 acc1 99.96%
2026-03-31 10:57:27 - __main__ - INFO - Val:   loss 1.6623 acc1 62.62%
2026-03-31 10:57:27 - __main__ - INFO - 
Epoch 88/100 | lr 0.004559
2026-03-31 10:59:29 - __main__ - INFO - Train: loss 0.0190 acc1 99.96%
2026-03-31 10:59:29 - __main__ - INFO - Val:   loss 1.6529 acc1 62.61%
2026-03-31 10:59:29 - __main__ - INFO - 
Epoch 89/100 | lr 0.003895
2026-03-31 11:01:31 - __main__ - INFO - Train: loss 0.0184 acc1 99.97%
2026-03-31 11:01:31 - __main__ - INFO - Val:   loss 1.6484 acc1 62.60%
2026-03-31 11:01:31 - __main__ - INFO - 
Epoch 90/100 | lr 0.003281
2026-03-31 11:03:33 - __main__ - INFO - Train: loss 0.0174 acc1 99.98%
2026-03-31 11:03:33 - __main__ - INFO - Val:   loss 1.6494 acc1 62.64%
2026-03-31 11:03:33 - __main__ - INFO - 
Epoch 91/100 | lr 0.002719
2026-03-31 11:05:35 - __main__ - INFO - Train: loss 0.0170 acc1 99.98%
2026-03-31 11:05:35 - __main__ - INFO - Val:   loss 1.6421 acc1 62.97%
2026-03-31 11:05:35 - __main__ - INFO - saved best: 62.97%
2026-03-31 11:05:35 - __main__ - INFO - 
Epoch 92/100 | lr 0.002208
2026-03-31 11:07:37 - __main__ - INFO - Train: loss 0.0169 acc1 99.98%
2026-03-31 11:07:37 - __main__ - INFO - Val:   loss 1.6436 acc1 62.87%
2026-03-31 11:07:37 - __main__ - INFO - 
Epoch 93/100 | lr 0.001749
2026-03-31 11:09:39 - __main__ - INFO - Train: loss 0.0166 acc1 99.99%
2026-03-31 11:09:39 - __main__ - INFO - Val:   loss 1.6306 acc1 63.10%
2026-03-31 11:09:39 - __main__ - INFO - saved best: 63.10%
2026-03-31 11:09:39 - __main__ - INFO - 
Epoch 94/100 | lr 0.001344
2026-03-31 11:11:41 - __main__ - INFO - Train: loss 0.0161 acc1 99.98%
2026-03-31 11:11:41 - __main__ - INFO - Val:   loss 1.6333 acc1 63.04%
2026-03-31 11:11:41 - __main__ - INFO - 
Epoch 95/100 | lr 0.000991
2026-03-31 11:13:43 - __main__ - INFO - Train: loss 0.0157 acc1 99.99%
2026-03-31 11:13:43 - __main__ - INFO - Val:   loss 1.6339 acc1 62.91%
2026-03-31 11:13:43 - __main__ - INFO - 
Epoch 96/100 | lr 0.000692
2026-03-31 11:15:45 - __main__ - INFO - Train: loss 0.0156 acc1 99.99%
2026-03-31 11:15:45 - __main__ - INFO - Val:   loss 1.6363 acc1 62.94%
2026-03-31 11:15:45 - __main__ - INFO - 
Epoch 97/100 | lr 0.000447
2026-03-31 11:17:47 - __main__ - INFO - Train: loss 0.0154 acc1 99.99%
2026-03-31 11:17:47 - __main__ - INFO - Val:   loss 1.6333 acc1 62.92%
2026-03-31 11:17:47 - __main__ - INFO - 
Epoch 98/100 | lr 0.000256
2026-03-31 11:19:49 - __main__ - INFO - Train: loss 0.0153 acc1 99.99%
2026-03-31 11:19:49 - __main__ - INFO - Val:   loss 1.6367 acc1 62.77%
2026-03-31 11:19:49 - __main__ - INFO - 
Epoch 99/100 | lr 0.000119
2026-03-31 11:21:51 - __main__ - INFO - Train: loss 0.0151 acc1 100.00%
2026-03-31 11:21:51 - __main__ - INFO - Val:   loss 1.6341 acc1 62.93%
2026-03-31 11:21:51 - __main__ - INFO - 
Epoch 100/100 | lr 0.000037
2026-03-31 11:23:53 - __main__ - INFO - Train: loss 0.0152 acc1 99.99%
2026-03-31 11:23:53 - __main__ - INFO - Val:   loss 1.6333 acc1 62.79%
2026-03-31 11:23:53 - __main__ - INFO - Loaded best checkpoint weights for final test evaluation.
2026-03-31 11:24:02 - __main__ - INFO - 
Best tracked (val): 63.10%
2026-03-31 11:24:02 - __main__ - INFO - Final test: loss 1.8222 acc1 60.87%
2026-03-31 11:24:29 - __main__ - INFO - Variant [random_sparsity] done — test acc 60.87%, test loss 1.8222
2026-03-31 11:24:29 - __main__ - INFO - 
============================================================
2026-03-31 11:24:29 - __main__ - INFO - Training output model: resnet34 [shuffled_cam_low_saliency]
2026-03-31 11:24:29 - __main__ - INFO -   Resolved config → opt=sgd, lr=0.1, wd=0.0005, bs=128, epochs=100, scheduler=cosine, warmup=5
2026-03-31 11:24:29 - __main__ - INFO - ============================================================
2026-03-31 11:24:29 - __main__ - INFO -   Validation during training uses variant split with val_split=0.1
2026-03-31 11:24:29 - __main__ - INFO -   Final test uses shuffled_cam_low_saliency variant test split
2026-03-31 11:24:29 - __main__ - INFO - device: cuda | cuda: True | gpu: NVIDIA L4
2026-03-31 11:24:30 - __main__ - INFO - Model: resnet34 | Dataset: tiny_imagenet | Classes: 200 | Optimizer: sgd
2026-03-31 11:24:30 - __main__ - INFO - 
Epoch 1/100 | lr 0.000100
2026-03-31 11:26:33 - __main__ - INFO - Train: loss 5.3473 acc1 0.65%
2026-03-31 11:26:33 - __main__ - INFO - Val:   loss 5.2918 acc1 0.77%
2026-03-31 11:26:33 - __main__ - INFO - saved best: 0.77%
2026-03-31 11:26:33 - __main__ - INFO - 
Epoch 2/100 | lr 0.020080
2026-03-31 11:28:36 - __main__ - INFO - Train: loss 4.7037 acc1 5.29%
2026-03-31 11:28:36 - __main__ - INFO - Val:   loss 4.3902 acc1 7.63%
2026-03-31 11:28:36 - __main__ - INFO - saved best: 7.63%
2026-03-31 11:28:36 - __main__ - INFO - 
Epoch 3/100 | lr 0.040060
2026-03-31 11:30:39 - __main__ - INFO - Train: loss 4.0486 acc1 12.33%
2026-03-31 11:30:39 - __main__ - INFO - Val:   loss 4.1312 acc1 11.06%
2026-03-31 11:30:39 - __main__ - INFO - saved best: 11.06%
2026-03-31 11:30:39 - __main__ - INFO - 
Epoch 4/100 | lr 0.060040
2026-03-31 11:32:41 - __main__ - INFO - Train: loss 3.6600 acc1 17.95%
2026-03-31 11:32:41 - __main__ - INFO - Val:   loss 4.2457 acc1 11.94%
2026-03-31 11:32:41 - __main__ - INFO - saved best: 11.94%
2026-03-31 11:32:41 - __main__ - INFO - 
Epoch 5/100 | lr 0.080020
2026-03-31 11:34:44 - __main__ - INFO - Train: loss 3.3924 acc1 22.48%
2026-03-31 11:34:44 - __main__ - INFO - Val:   loss 4.0650 acc1 14.29%
2026-03-31 11:34:44 - __main__ - INFO - saved best: 14.29%
2026-03-31 11:34:44 - __main__ - INFO - 
Epoch 6/100 | lr 0.100000
2026-03-31 11:36:47 - __main__ - INFO - Train: loss 3.1879 acc1 26.22%
2026-03-31 11:36:47 - __main__ - INFO - Val:   loss 3.6992 acc1 20.33%
2026-03-31 11:36:47 - __main__ - INFO - saved best: 20.33%
2026-03-31 11:36:47 - __main__ - INFO - 
Epoch 7/100 | lr 0.099973
2026-03-31 11:38:49 - __main__ - INFO - Train: loss 2.9792 acc1 30.17%
2026-03-31 11:38:49 - __main__ - INFO - Val:   loss 3.9137 acc1 16.81%
2026-03-31 11:38:49 - __main__ - INFO - 
Epoch 8/100 | lr 0.099891
2026-03-31 11:40:51 - __main__ - INFO - Train: loss 2.8374 acc1 32.87%
2026-03-31 11:40:51 - __main__ - INFO - Val:   loss 3.2994 acc1 25.56%
2026-03-31 11:40:51 - __main__ - INFO - saved best: 25.56%
2026-03-31 11:40:51 - __main__ - INFO - 
Epoch 9/100 | lr 0.099754
2026-03-31 11:42:53 - __main__ - INFO - Train: loss 2.7395 acc1 34.79%
2026-03-31 11:42:53 - __main__ - INFO - Val:   loss 3.3066 acc1 27.58%
2026-03-31 11:42:53 - __main__ - INFO - saved best: 27.58%
2026-03-31 11:42:53 - __main__ - INFO - 
Epoch 10/100 | lr 0.099563
2026-03-31 11:44:55 - __main__ - INFO - Train: loss 2.6463 acc1 36.86%
2026-03-31 11:44:55 - __main__ - INFO - Val:   loss 3.8038 acc1 20.81%
2026-03-31 11:44:55 - __main__ - INFO - 
Epoch 11/100 | lr 0.099318
2026-03-31 11:46:57 - __main__ - INFO - Train: loss 2.5790 acc1 38.09%
2026-03-31 11:46:57 - __main__ - INFO - Val:   loss 3.4951 acc1 24.98%
2026-03-31 11:46:57 - __main__ - INFO - 
Epoch 12/100 | lr 0.099019
2026-03-31 11:48:59 - __main__ - INFO - Train: loss 2.5124 acc1 39.64%
2026-03-31 11:48:59 - __main__ - INFO - Val:   loss 3.1592 acc1 28.91%
2026-03-31 11:48:59 - __main__ - INFO - saved best: 28.91%
2026-03-31 11:48:59 - __main__ - INFO - 
Epoch 13/100 | lr 0.098666
2026-03-31 11:51:01 - __main__ - INFO - Train: loss 2.4568 acc1 40.78%
2026-03-31 11:51:01 - __main__ - INFO - Val:   loss 3.2276 acc1 28.40%
2026-03-31 11:51:01 - __main__ - INFO - 
Epoch 14/100 | lr 0.098261
2026-03-31 11:53:03 - __main__ - INFO - Train: loss 2.4107 acc1 41.77%
2026-03-31 11:53:03 - __main__ - INFO - Val:   loss 4.0955 acc1 18.89%
2026-03-31 11:53:03 - __main__ - INFO - 
Epoch 15/100 | lr 0.097802
2026-03-31 11:55:05 - __main__ - INFO - Train: loss 2.3664 acc1 42.43%
2026-03-31 11:55:05 - __main__ - INFO - Val:   loss 2.8845 acc1 33.54%
2026-03-31 11:55:05 - __main__ - INFO - saved best: 33.54%
2026-03-31 11:55:05 - __main__ - INFO - 
Epoch 16/100 | lr 0.097291
2026-03-31 11:57:07 - __main__ - INFO - Train: loss 2.3246 acc1 43.49%
2026-03-31 11:57:07 - __main__ - INFO - Val:   loss 3.1265 acc1 30.35%
2026-03-31 11:57:07 - __main__ - INFO - 
Epoch 17/100 | lr 0.096729
2026-03-31 11:59:09 - __main__ - INFO - Train: loss 2.2888 acc1 44.28%
2026-03-31 11:59:09 - __main__ - INFO - Val:   loss 2.8694 acc1 33.68%
2026-03-31 11:59:09 - __main__ - INFO - saved best: 33.68%
2026-03-31 11:59:09 - __main__ - INFO - 
Epoch 18/100 | lr 0.096115
2026-03-31 12:01:11 - __main__ - INFO - Train: loss 2.2599 acc1 44.86%
2026-03-31 12:01:11 - __main__ - INFO - Val:   loss 3.6102 acc1 27.02%
2026-03-31 12:01:11 - __main__ - INFO - 
Epoch 19/100 | lr 0.095451
2026-03-31 12:03:13 - __main__ - INFO - Train: loss 2.2336 acc1 45.30%
2026-03-31 12:03:13 - __main__ - INFO - Val:   loss 3.8187 acc1 23.27%
2026-03-31 12:03:13 - __main__ - INFO - 
Epoch 20/100 | lr 0.094737
2026-03-31 12:05:15 - __main__ - INFO - Train: loss 2.2000 acc1 46.10%
2026-03-31 12:05:15 - __main__ - INFO - Val:   loss 4.0390 acc1 22.87%
2026-03-31 12:05:15 - __main__ - INFO - 
Epoch 21/100 | lr 0.093974
2026-03-31 12:07:17 - __main__ - INFO - Train: loss 2.1711 acc1 46.59%
2026-03-31 12:07:17 - __main__ - INFO - Val:   loss 2.8879 acc1 35.33%
2026-03-31 12:07:17 - __main__ - INFO - saved best: 35.33%
2026-03-31 12:07:17 - __main__ - INFO - 
Epoch 22/100 | lr 0.093164
2026-03-31 12:09:19 - __main__ - INFO - Train: loss 2.1544 acc1 47.16%
2026-03-31 12:09:19 - __main__ - INFO - Val:   loss 3.6819 acc1 23.83%
2026-03-31 12:09:19 - __main__ - INFO - 
Epoch 23/100 | lr 0.092306
2026-03-31 12:11:21 - __main__ - INFO - Train: loss 2.1295 acc1 47.69%
2026-03-31 12:11:21 - __main__ - INFO - Val:   loss 2.9170 acc1 33.66%
2026-03-31 12:11:21 - __main__ - INFO - 
Epoch 24/100 | lr 0.091401
2026-03-31 12:13:23 - __main__ - INFO - Train: loss 2.1030 acc1 48.18%
2026-03-31 12:13:23 - __main__ - INFO - Val:   loss 2.8294 acc1 35.47%
2026-03-31 12:13:23 - __main__ - INFO - saved best: 35.47%
2026-03-31 12:13:23 - __main__ - INFO - 
Epoch 25/100 | lr 0.090452
2026-03-31 12:15:25 - __main__ - INFO - Train: loss 2.0812 acc1 48.58%
2026-03-31 12:15:25 - __main__ - INFO - Val:   loss 3.7821 acc1 26.04%
2026-03-31 12:15:25 - __main__ - INFO - 
Epoch 26/100 | lr 0.089458
2026-03-31 12:17:27 - __main__ - INFO - Train: loss 2.0554 acc1 49.32%
2026-03-31 12:17:27 - __main__ - INFO - Val:   loss 2.6381 acc1 38.71%
2026-03-31 12:17:27 - __main__ - INFO - saved best: 38.71%
2026-03-31 12:17:27 - __main__ - INFO - 
Epoch 27/100 | lr 0.088421
2026-03-31 12:19:29 - __main__ - INFO - Train: loss 2.0398 acc1 49.51%
2026-03-31 12:19:29 - __main__ - INFO - Val:   loss 2.9050 acc1 33.64%
2026-03-31 12:19:29 - __main__ - INFO - 
Epoch 28/100 | lr 0.087342
2026-03-31 12:21:31 - __main__ - INFO - Train: loss 2.0122 acc1 50.25%
2026-03-31 12:21:31 - __main__ - INFO - Val:   loss 4.0991 acc1 21.23%
2026-03-31 12:21:31 - __main__ - INFO - 
Epoch 29/100 | lr 0.086223
2026-03-31 12:23:33 - __main__ - INFO - Train: loss 1.9952 acc1 50.56%
2026-03-31 12:23:33 - __main__ - INFO - Val:   loss 3.0459 acc1 33.54%
2026-03-31 12:23:33 - __main__ - INFO - 
Epoch 30/100 | lr 0.085063
2026-03-31 12:25:35 - __main__ - INFO - Train: loss 1.9736 acc1 50.99%
2026-03-31 12:25:35 - __main__ - INFO - Val:   loss 2.5137 acc1 41.28%
2026-03-31 12:25:35 - __main__ - INFO - saved best: 41.28%
2026-03-31 12:25:35 - __main__ - INFO - 
Epoch 31/100 | lr 0.083866
2026-03-31 12:27:37 - __main__ - INFO - Train: loss 1.9447 acc1 51.52%
2026-03-31 12:27:37 - __main__ - INFO - Val:   loss 2.7484 acc1 37.32%
2026-03-31 12:27:37 - __main__ - INFO - 
Epoch 32/100 | lr 0.082631
2026-03-31 12:29:39 - __main__ - INFO - Train: loss 1.9334 acc1 51.92%
2026-03-31 12:29:39 - __main__ - INFO - Val:   loss 3.2638 acc1 31.44%
2026-03-31 12:29:39 - __main__ - INFO - 
Epoch 33/100 | lr 0.081361
2026-03-31 12:31:41 - __main__ - INFO - Train: loss 1.8963 acc1 52.52%
2026-03-31 12:31:41 - __main__ - INFO - Val:   loss 2.7903 acc1 36.22%
2026-03-31 12:31:41 - __main__ - INFO - 
Epoch 34/100 | lr 0.080056
2026-03-31 12:33:43 - __main__ - INFO - Train: loss 1.8861 acc1 52.83%
2026-03-31 12:33:43 - __main__ - INFO - Val:   loss 2.9071 acc1 36.19%
2026-03-31 12:33:43 - __main__ - INFO - 
Epoch 35/100 | lr 0.078719
2026-03-31 12:35:45 - __main__ - INFO - Train: loss 1.8631 acc1 53.26%
2026-03-31 12:35:45 - __main__ - INFO - Val:   loss 2.9615 acc1 35.09%
2026-03-31 12:35:45 - __main__ - INFO - 
Epoch 36/100 | lr 0.077350
2026-03-31 12:37:46 - __main__ - INFO - Train: loss 1.8345 acc1 54.15%
2026-03-31 12:37:46 - __main__ - INFO - Val:   loss 3.2010 acc1 32.20%
2026-03-31 12:37:46 - __main__ - INFO - 
Epoch 37/100 | lr 0.075951
2026-03-31 12:39:48 - __main__ - INFO - Train: loss 1.8211 acc1 54.40%
2026-03-31 12:39:48 - __main__ - INFO - Val:   loss 3.5693 acc1 27.71%
2026-03-31 12:39:48 - __main__ - INFO - 
Epoch 38/100 | lr 0.074524
2026-03-31 12:41:50 - __main__ - INFO - Train: loss 1.7911 acc1 55.05%
2026-03-31 12:41:50 - __main__ - INFO - Val:   loss 2.9781 acc1 34.92%
2026-03-31 12:41:50 - __main__ - INFO - 
Epoch 39/100 | lr 0.073070
2026-03-31 12:43:52 - __main__ - INFO - Train: loss 1.7664 acc1 55.53%
2026-03-31 12:43:52 - __main__ - INFO - Val:   loss 2.6300 acc1 40.35%
2026-03-31 12:43:52 - __main__ - INFO - 
Epoch 40/100 | lr 0.071591
2026-03-31 12:45:54 - __main__ - INFO - Train: loss 1.7424 acc1 55.96%
2026-03-31 12:45:54 - __main__ - INFO - Val:   loss 2.9485 acc1 36.37%
2026-03-31 12:45:54 - __main__ - INFO - 
Epoch 41/100 | lr 0.070088
2026-03-31 12:47:56 - __main__ - INFO - Train: loss 1.7176 acc1 56.69%
2026-03-31 12:47:56 - __main__ - INFO - Val:   loss 2.5259 acc1 41.72%
2026-03-31 12:47:56 - __main__ - INFO - saved best: 41.72%
2026-03-31 12:47:56 - __main__ - INFO - 
Epoch 42/100 | lr 0.068563
2026-03-31 12:49:58 - __main__ - INFO - Train: loss 1.6868 acc1 57.19%
2026-03-31 12:49:58 - __main__ - INFO - Val:   loss 3.7041 acc1 27.95%
2026-03-31 12:49:58 - __main__ - INFO - 
Epoch 43/100 | lr 0.067018
2026-03-31 12:52:00 - __main__ - INFO - Train: loss 1.6656 acc1 57.65%
2026-03-31 12:52:00 - __main__ - INFO - Val:   loss 2.4732 acc1 43.09%
2026-03-31 12:52:00 - __main__ - INFO - saved best: 43.09%
2026-03-31 12:52:00 - __main__ - INFO - 
Epoch 44/100 | lr 0.065454
2026-03-31 12:54:02 - __main__ - INFO - Train: loss 1.6404 acc1 58.32%
2026-03-31 12:54:02 - __main__ - INFO - Val:   loss 2.9897 acc1 36.45%
2026-03-31 12:54:02 - __main__ - INFO - 
Epoch 45/100 | lr 0.063874
2026-03-31 12:56:04 - __main__ - INFO - Train: loss 1.6084 acc1 59.11%
2026-03-31 12:56:04 - __main__ - INFO - Val:   loss 3.1617 acc1 33.18%
2026-03-31 12:56:04 - __main__ - INFO - 
Epoch 46/100 | lr 0.062278
2026-03-31 12:58:06 - __main__ - INFO - Train: loss 1.5794 acc1 59.58%
2026-03-31 12:58:06 - __main__ - INFO - Val:   loss 2.6480 acc1 39.95%
2026-03-31 12:58:06 - __main__ - INFO - 
Epoch 47/100 | lr 0.060669
2026-03-31 13:00:08 - __main__ - INFO - Train: loss 1.5518 acc1 60.37%
2026-03-31 13:00:08 - __main__ - INFO - Val:   loss 3.1039 acc1 34.32%
2026-03-31 13:00:08 - __main__ - INFO - 
Epoch 48/100 | lr 0.059048
2026-03-31 13:02:10 - __main__ - INFO - Train: loss 1.5191 acc1 60.83%
2026-03-31 13:02:10 - __main__ - INFO - Val:   loss 2.5257 acc1 43.06%
2026-03-31 13:02:10 - __main__ - INFO - 
Epoch 49/100 | lr 0.057417
2026-03-31 13:04:12 - __main__ - INFO - Train: loss 1.4845 acc1 61.67%
2026-03-31 13:04:12 - __main__ - INFO - Val:   loss 3.4682 acc1 31.79%
2026-03-31 13:04:12 - __main__ - INFO - 
Epoch 50/100 | lr 0.055779
2026-03-31 13:06:14 - __main__ - INFO - Train: loss 1.4539 acc1 62.39%
2026-03-31 13:06:14 - __main__ - INFO - Val:   loss 2.3918 acc1 45.13%
2026-03-31 13:06:14 - __main__ - INFO - saved best: 45.13%
2026-03-31 13:06:14 - __main__ - INFO - 
Epoch 51/100 | lr 0.054134
2026-03-31 13:08:16 - __main__ - INFO - Train: loss 1.4220 acc1 63.27%
2026-03-31 13:08:16 - __main__ - INFO - Val:   loss 2.3680 acc1 44.62%
2026-03-31 13:08:16 - __main__ - INFO - 
Epoch 52/100 | lr 0.052484
2026-03-31 13:10:18 - __main__ - INFO - Train: loss 1.3823 acc1 64.06%
2026-03-31 13:10:18 - __main__ - INFO - Val:   loss 2.9939 acc1 36.29%
2026-03-31 13:10:18 - __main__ - INFO - 
Epoch 53/100 | lr 0.050832
2026-03-31 13:12:20 - __main__ - INFO - Train: loss 1.3446 acc1 64.85%
2026-03-31 13:12:20 - __main__ - INFO - Val:   loss 2.3744 acc1 45.98%
2026-03-31 13:12:20 - __main__ - INFO - saved best: 45.98%
2026-03-31 13:12:20 - __main__ - INFO - 
Epoch 54/100 | lr 0.049178
2026-03-31 13:14:22 - __main__ - INFO - Train: loss 1.3111 acc1 65.86%
2026-03-31 13:14:22 - __main__ - INFO - Val:   loss 2.3822 acc1 45.65%
2026-03-31 13:14:22 - __main__ - INFO - 
Epoch 55/100 | lr 0.047526
2026-03-31 13:16:24 - __main__ - INFO - Train: loss 1.2723 acc1 66.59%
2026-03-31 13:16:24 - __main__ - INFO - Val:   loss 2.9271 acc1 39.23%
2026-03-31 13:16:24 - __main__ - INFO - 
Epoch 56/100 | lr 0.045876
2026-03-31 13:18:25 - __main__ - INFO - Train: loss 1.2321 acc1 67.45%
2026-03-31 13:18:25 - __main__ - INFO - Val:   loss 2.4906 acc1 44.83%
2026-03-31 13:18:25 - __main__ - INFO - 
Epoch 57/100 | lr 0.044231
2026-03-31 13:20:27 - __main__ - INFO - Train: loss 1.1836 acc1 68.83%
2026-03-31 13:20:27 - __main__ - INFO - Val:   loss 2.4819 acc1 44.34%
2026-03-31 13:20:27 - __main__ - INFO - 
Epoch 58/100 | lr 0.042593
2026-03-31 13:22:29 - __main__ - INFO - Train: loss 1.1497 acc1 69.41%
2026-03-31 13:22:29 - __main__ - INFO - Val:   loss 2.5890 acc1 43.35%
2026-03-31 13:22:29 - __main__ - INFO - 
Epoch 59/100 | lr 0.040962
2026-03-31 13:24:31 - __main__ - INFO - Train: loss 1.0948 acc1 70.93%
2026-03-31 13:24:31 - __main__ - INFO - Val:   loss 2.3766 acc1 45.81%
2026-03-31 13:24:31 - __main__ - INFO - 
Epoch 60/100 | lr 0.039341
2026-03-31 13:26:33 - __main__ - INFO - Train: loss 1.0564 acc1 71.75%
2026-03-31 13:26:33 - __main__ - INFO - Val:   loss 2.5462 acc1 44.92%
2026-03-31 13:26:33 - __main__ - INFO - 
Epoch 61/100 | lr 0.037732
2026-03-31 13:28:35 - __main__ - INFO - Train: loss 1.0157 acc1 72.59%
2026-03-31 13:28:35 - __main__ - INFO - Val:   loss 3.2873 acc1 36.37%
2026-03-31 13:28:35 - __main__ - INFO - 
Epoch 62/100 | lr 0.036136
2026-03-31 13:30:37 - __main__ - INFO - Train: loss 0.9555 acc1 74.29%
2026-03-31 13:30:37 - __main__ - INFO - Val:   loss 2.3960 acc1 47.47%
2026-03-31 13:30:37 - __main__ - INFO - saved best: 47.47%
2026-03-31 13:30:37 - __main__ - INFO - 
Epoch 63/100 | lr 0.034556
2026-03-31 13:32:39 - __main__ - INFO - Train: loss 0.9156 acc1 75.02%
2026-03-31 13:32:39 - __main__ - INFO - Val:   loss 2.8656 acc1 40.86%
2026-03-31 13:32:39 - __main__ - INFO - 
Epoch 64/100 | lr 0.032992
2026-03-31 13:34:41 - __main__ - INFO - Train: loss 0.8536 acc1 76.77%
2026-03-31 13:34:41 - __main__ - INFO - Val:   loss 2.4729 acc1 46.76%
2026-03-31 13:34:41 - __main__ - INFO - 
Epoch 65/100 | lr 0.031447
2026-03-31 13:36:43 - __main__ - INFO - Train: loss 0.7953 acc1 78.35%
2026-03-31 13:36:43 - __main__ - INFO - Val:   loss 2.6089 acc1 45.94%
2026-03-31 13:36:43 - __main__ - INFO - 
Epoch 66/100 | lr 0.029922
2026-03-31 13:38:44 - __main__ - INFO - Train: loss 0.7496 acc1 79.45%
2026-03-31 13:38:44 - __main__ - INFO - Val:   loss 2.3759 acc1 48.80%
2026-03-31 13:38:44 - __main__ - INFO - saved best: 48.80%
2026-03-31 13:38:44 - __main__ - INFO - 
Epoch 67/100 | lr 0.028419
2026-03-31 13:40:46 - __main__ - INFO - Train: loss 0.6899 acc1 81.14%
2026-03-31 13:40:46 - __main__ - INFO - Val:   loss 2.4656 acc1 47.52%
2026-03-31 13:40:46 - __main__ - INFO - 
Epoch 68/100 | lr 0.026940
2026-03-31 13:42:48 - __main__ - INFO - Train: loss 0.6362 acc1 82.54%
2026-03-31 13:42:48 - __main__ - INFO - Val:   loss 2.4203 acc1 49.41%
2026-03-31 13:42:48 - __main__ - INFO - saved best: 49.41%
2026-03-31 13:42:48 - __main__ - INFO - 
Epoch 69/100 | lr 0.025486
2026-03-31 13:44:50 - __main__ - INFO - Train: loss 0.5766 acc1 84.25%
2026-03-31 13:44:50 - __main__ - INFO - Val:   loss 3.0272 acc1 41.55%
2026-03-31 13:44:50 - __main__ - INFO - 
Epoch 70/100 | lr 0.024059
2026-03-31 13:46:52 - __main__ - INFO - Train: loss 0.5229 acc1 85.72%
2026-03-31 13:46:52 - __main__ - INFO - Val:   loss 2.4614 acc1 49.38%
2026-03-31 13:46:52 - __main__ - INFO - 
Epoch 71/100 | lr 0.022660
2026-03-31 13:48:54 - __main__ - INFO - Train: loss 0.4603 acc1 87.46%
2026-03-31 13:48:54 - __main__ - INFO - Val:   loss 2.3843 acc1 50.71%
2026-03-31 13:48:54 - __main__ - INFO - saved best: 50.71%
2026-03-31 13:48:54 - __main__ - INFO - 
Epoch 72/100 | lr 0.021291
2026-03-31 13:50:56 - __main__ - INFO - Train: loss 0.4048 acc1 89.18%
2026-03-31 13:50:56 - __main__ - INFO - Val:   loss 2.4692 acc1 49.32%
2026-03-31 13:50:56 - __main__ - INFO - 
Epoch 73/100 | lr 0.019954
2026-03-31 13:52:58 - __main__ - INFO - Train: loss 0.3518 acc1 90.97%
2026-03-31 13:52:58 - __main__ - INFO - Val:   loss 2.3428 acc1 52.11%
2026-03-31 13:52:58 - __main__ - INFO - saved best: 52.11%
2026-03-31 13:52:58 - __main__ - INFO - 
Epoch 74/100 | lr 0.018649
2026-03-31 13:55:00 - __main__ - INFO - Train: loss 0.2835 acc1 92.92%
2026-03-31 13:55:00 - __main__ - INFO - Val:   loss 2.8647 acc1 45.61%
2026-03-31 13:55:00 - __main__ - INFO - 
Epoch 75/100 | lr 0.017379
2026-03-31 13:57:02 - __main__ - INFO - Train: loss 0.2377 acc1 94.31%
2026-03-31 13:57:02 - __main__ - INFO - Val:   loss 2.3951 acc1 50.70%
2026-03-31 13:57:02 - __main__ - INFO - 
Epoch 76/100 | lr 0.016144
2026-03-31 13:59:04 - __main__ - INFO - Train: loss 0.1892 acc1 95.81%
2026-03-31 13:59:04 - __main__ - INFO - Val:   loss 2.3208 acc1 52.84%
2026-03-31 13:59:04 - __main__ - INFO - saved best: 52.84%
2026-03-31 13:59:04 - __main__ - INFO - 
Epoch 77/100 | lr 0.014947
2026-03-31 14:01:05 - __main__ - INFO - Train: loss 0.1376 acc1 97.29%
2026-03-31 14:01:05 - __main__ - INFO - Val:   loss 2.5323 acc1 49.63%
2026-03-31 14:01:05 - __main__ - INFO - 
Epoch 78/100 | lr 0.013787
2026-03-31 14:03:07 - __main__ - INFO - Train: loss 0.1008 acc1 98.32%
2026-03-31 14:03:07 - __main__ - INFO - Val:   loss 2.1445 acc1 55.49%
2026-03-31 14:03:07 - __main__ - INFO - saved best: 55.49%
2026-03-31 14:03:07 - __main__ - INFO - 
Epoch 79/100 | lr 0.012668
2026-03-31 14:05:09 - __main__ - INFO - Train: loss 0.0729 acc1 99.02%
2026-03-31 14:05:09 - __main__ - INFO - Val:   loss 2.0687 acc1 56.40%
2026-03-31 14:05:09 - __main__ - INFO - saved best: 56.40%
2026-03-31 14:05:09 - __main__ - INFO - 
Epoch 80/100 | lr 0.011589
2026-03-31 14:07:11 - __main__ - INFO - Train: loss 0.0492 acc1 99.55%
2026-03-31 14:07:11 - __main__ - INFO - Val:   loss 1.9986 acc1 56.60%
2026-03-31 14:07:11 - __main__ - INFO - saved best: 56.60%
2026-03-31 14:07:11 - __main__ - INFO - 
Epoch 81/100 | lr 0.010552
2026-03-31 14:09:13 - __main__ - INFO - Train: loss 0.0380 acc1 99.77%
2026-03-31 14:09:13 - __main__ - INFO - Val:   loss 1.9439 acc1 58.20%
2026-03-31 14:09:13 - __main__ - INFO - saved best: 58.20%
2026-03-31 14:09:13 - __main__ - INFO - 
Epoch 82/100 | lr 0.009558
2026-03-31 14:11:15 - __main__ - INFO - Train: loss 0.0303 acc1 99.84%
2026-03-31 14:11:15 - __main__ - INFO - Val:   loss 1.9082 acc1 58.35%
2026-03-31 14:11:15 - __main__ - INFO - saved best: 58.35%
2026-03-31 14:11:15 - __main__ - INFO - 
Epoch 83/100 | lr 0.008609
2026-03-31 14:13:17 - __main__ - INFO - Train: loss 0.0252 acc1 99.92%
2026-03-31 14:13:17 - __main__ - INFO - Val:   loss 1.8855 acc1 58.47%
2026-03-31 14:13:17 - __main__ - INFO - saved best: 58.47%
2026-03-31 14:13:17 - __main__ - INFO - 
Epoch 84/100 | lr 0.007704
2026-03-31 14:15:19 - __main__ - INFO - Train: loss 0.0220 acc1 99.96%
2026-03-31 14:15:19 - __main__ - INFO - Val:   loss 1.8642 acc1 59.28%
2026-03-31 14:15:19 - __main__ - INFO - saved best: 59.28%
2026-03-31 14:15:19 - __main__ - INFO - 
Epoch 85/100 | lr 0.006846
2026-03-31 14:17:21 - __main__ - INFO - Train: loss 0.0212 acc1 99.94%
2026-03-31 14:17:21 - __main__ - INFO - Val:   loss 1.8627 acc1 58.88%
2026-03-31 14:17:21 - __main__ - INFO - 
Epoch 86/100 | lr 0.006036
2026-03-31 14:19:23 - __main__ - INFO - Train: loss 0.0199 acc1 99.97%
2026-03-31 14:19:23 - __main__ - INFO - Val:   loss 1.8383 acc1 58.98%
2026-03-31 14:19:23 - __main__ - INFO - 
Epoch 87/100 | lr 0.005273
2026-03-31 14:21:25 - __main__ - INFO - Train: loss 0.0187 acc1 99.98%
2026-03-31 14:21:25 - __main__ - INFO - Val:   loss 1.8346 acc1 59.21%
2026-03-31 14:21:25 - __main__ - INFO - 
Epoch 88/100 | lr 0.004559
2026-03-31 14:23:27 - __main__ - INFO - Train: loss 0.0179 acc1 99.98%
2026-03-31 14:23:27 - __main__ - INFO - Val:   loss 1.8294 acc1 58.94%
2026-03-31 14:23:27 - __main__ - INFO - 
Epoch 89/100 | lr 0.003895
2026-03-31 14:25:28 - __main__ - INFO - Train: loss 0.0175 acc1 99.99%
2026-03-31 14:25:28 - __main__ - INFO - Val:   loss 1.8287 acc1 59.11%
2026-03-31 14:25:28 - __main__ - INFO - 
Epoch 90/100 | lr 0.003281
2026-03-31 14:27:30 - __main__ - INFO - Train: loss 0.0168 acc1 99.99%
2026-03-31 14:27:30 - __main__ - INFO - Val:   loss 1.8198 acc1 59.41%
2026-03-31 14:27:30 - __main__ - INFO - saved best: 59.41%
2026-03-31 14:27:30 - __main__ - INFO - 
Epoch 91/100 | lr 0.002719
2026-03-31 14:29:32 - __main__ - INFO - Train: loss 0.0166 acc1 99.99%
2026-03-31 14:29:32 - __main__ - INFO - Val:   loss 1.8195 acc1 59.00%
2026-03-31 14:29:32 - __main__ - INFO - 
Epoch 92/100 | lr 0.002208
2026-03-31 14:31:34 - __main__ - INFO - Train: loss 0.0163 acc1 99.99%
2026-03-31 14:31:34 - __main__ - INFO - Val:   loss 1.8196 acc1 59.18%
2026-03-31 14:31:34 - __main__ - INFO - 
Epoch 93/100 | lr 0.001749
2026-03-31 14:33:36 - __main__ - INFO - Train: loss 0.0158 acc1 100.00%
2026-03-31 14:33:36 - __main__ - INFO - Val:   loss 1.8165 acc1 59.38%
2026-03-31 14:33:36 - __main__ - INFO - 
Epoch 94/100 | lr 0.001344
2026-03-31 14:35:38 - __main__ - INFO - Train: loss 0.0156 acc1 99.99%
2026-03-31 14:35:38 - __main__ - INFO - Val:   loss 1.8156 acc1 59.51%
2026-03-31 14:35:38 - __main__ - INFO - saved best: 59.51%
2026-03-31 14:35:38 - __main__ - INFO - 
Epoch 95/100 | lr 0.000991
2026-03-31 14:37:40 - __main__ - INFO - Train: loss 0.0152 acc1 99.99%
2026-03-31 14:37:40 - __main__ - INFO - Val:   loss 1.8151 acc1 59.44%
2026-03-31 14:37:40 - __main__ - INFO - 
Epoch 96/100 | lr 0.000692
2026-03-31 14:39:42 - __main__ - INFO - Train: loss 0.0153 acc1 99.99%
2026-03-31 14:39:42 - __main__ - INFO - Val:   loss 1.8183 acc1 59.38%
2026-03-31 14:39:42 - __main__ - INFO - 
Epoch 97/100 | lr 0.000447
2026-03-31 14:41:44 - __main__ - INFO - Train: loss 0.0150 acc1 100.00%
2026-03-31 14:41:44 - __main__ - INFO - Val:   loss 1.8126 acc1 59.55%
2026-03-31 14:41:44 - __main__ - INFO - saved best: 59.55%
2026-03-31 14:41:44 - __main__ - INFO - 
Epoch 98/100 | lr 0.000256
2026-03-31 14:43:46 - __main__ - INFO - Train: loss 0.0150 acc1 100.00%
2026-03-31 14:43:46 - __main__ - INFO - Val:   loss 1.8173 acc1 59.22%
2026-03-31 14:43:46 - __main__ - INFO - 
Epoch 99/100 | lr 0.000119
2026-03-31 14:45:48 - __main__ - INFO - Train: loss 0.0148 acc1 99.99%
2026-03-31 14:45:48 - __main__ - INFO - Val:   loss 1.8113 acc1 59.47%
2026-03-31 14:45:48 - __main__ - INFO - 
Epoch 100/100 | lr 0.000037
2026-03-31 14:47:49 - __main__ - INFO - Train: loss 0.0149 acc1 100.00%
2026-03-31 14:47:49 - __main__ - INFO - Val:   loss 1.8131 acc1 59.18%
2026-03-31 14:47:49 - __main__ - INFO - Loaded best checkpoint weights for final test evaluation.
2026-03-31 14:47:58 - __main__ - INFO - 
Best tracked (val): 59.55%
2026-03-31 14:47:58 - __main__ - INFO - Final test: loss 1.8634 acc1 58.84%
2026-03-31 14:48:25 - __main__ - INFO - Variant [shuffled_cam_low_saliency] done — test acc 58.84%, test loss 1.8634
2026-03-31 14:48:25 - __main__ - INFO - Saved validation comparison plot: runs/tiny_imagenet_2026_03/30/resnet34/validation_comparison_plot.png
2026-03-31 14:48:25 - __main__ - INFO - 
Starting output model sweep: densenet121
2026-03-31 14:48:25 - __main__ - INFO - 
============================================================
2026-03-31 14:48:25 - __main__ - INFO - Training output model: densenet121 [original]
2026-03-31 14:48:25 - __main__ - INFO -   Resolved config → opt=sgd, lr=0.1, wd=0.0001, bs=128, epochs=100, scheduler=cosine, warmup=5
2026-03-31 14:48:25 - __main__ - INFO - ============================================================
2026-03-31 14:48:25 - __main__ - INFO -   Validation during training uses variant split with val_split=0.1
2026-03-31 14:48:25 - __main__ - INFO -   Final test uses original test split
2026-03-31 14:48:26 - __main__ - INFO - device: cuda | cuda: True | gpu: NVIDIA L4
2026-03-31 14:48:26 - __main__ - INFO - Model: densenet121 | Dataset: tiny_imagenet | Classes: 200 | Optimizer: sgd
2026-03-31 14:48:26 - __main__ - INFO - 
Epoch 1/100 | lr 0.000100
2026-03-31 14:49:17 - __main__ - INFO - Train: loss 5.3121 acc1 0.62%
2026-03-31 14:49:17 - __main__ - INFO - Val:   loss 5.2902 acc1 0.89%
2026-03-31 14:49:17 - __main__ - INFO - saved best: 0.89%
2026-03-31 14:49:17 - __main__ - INFO - 
Epoch 2/100 | lr 0.020080
2026-03-31 14:50:06 - __main__ - INFO - Train: loss 4.5160 acc1 7.85%
2026-03-31 14:50:06 - __main__ - INFO - Val:   loss 4.0083 acc1 13.39%
2026-03-31 14:50:06 - __main__ - INFO - saved best: 13.39%
2026-03-31 14:50:06 - __main__ - INFO - 
Epoch 3/100 | lr 0.040060
2026-03-31 14:50:55 - __main__ - INFO - Train: loss 3.7989 acc1 16.94%
2026-03-31 14:50:55 - __main__ - INFO - Val:   loss 3.6152 acc1 20.33%
2026-03-31 14:50:55 - __main__ - INFO - saved best: 20.33%
2026-03-31 14:50:55 - __main__ - INFO - 
Epoch 4/100 | lr 0.060040
2026-03-31 14:51:44 - __main__ - INFO - Train: loss 3.3889 acc1 23.26%
2026-03-31 14:51:44 - __main__ - INFO - Val:   loss 3.3977 acc1 24.34%
2026-03-31 14:51:44 - __main__ - INFO - saved best: 24.34%
2026-03-31 14:51:44 - __main__ - INFO - 
Epoch 5/100 | lr 0.080020
2026-03-31 14:52:33 - __main__ - INFO - Train: loss 3.0842 acc1 28.57%
2026-03-31 14:52:33 - __main__ - INFO - Val:   loss 3.1197 acc1 29.13%
2026-03-31 14:52:33 - __main__ - INFO - saved best: 29.13%
2026-03-31 14:52:33 - __main__ - INFO - 
Epoch 6/100 | lr 0.100000
2026-03-31 14:53:23 - __main__ - INFO - Train: loss 2.8597 acc1 32.50%
2026-03-31 14:53:23 - __main__ - INFO - Val:   loss 2.9499 acc1 31.59%
2026-03-31 14:53:23 - __main__ - INFO - saved best: 31.59%
2026-03-31 14:53:23 - __main__ - INFO - 
Epoch 7/100 | lr 0.099973
2026-03-31 14:54:13 - __main__ - INFO - Train: loss 2.6149 acc1 37.10%
2026-03-31 14:54:13 - __main__ - INFO - Val:   loss 2.7960 acc1 35.12%
2026-03-31 14:54:13 - __main__ - INFO - saved best: 35.12%
2026-03-31 14:54:13 - __main__ - INFO - 
Epoch 8/100 | lr 0.099891
2026-03-31 14:55:03 - __main__ - INFO - Train: loss 2.4363 acc1 40.63%
2026-03-31 14:55:03 - __main__ - INFO - Val:   loss 2.6566 acc1 37.42%
2026-03-31 14:55:03 - __main__ - INFO - saved best: 37.42%
2026-03-31 14:55:03 - __main__ - INFO - 
Epoch 9/100 | lr 0.099754
2026-03-31 14:55:52 - __main__ - INFO - Train: loss 2.2968 acc1 43.58%
2026-03-31 14:55:52 - __main__ - INFO - Val:   loss 2.5765 acc1 39.55%
2026-03-31 14:55:52 - __main__ - INFO - saved best: 39.55%
2026-03-31 14:55:52 - __main__ - INFO - 
Epoch 10/100 | lr 0.099563
2026-03-31 14:56:42 - __main__ - INFO - Train: loss 2.1709 acc1 45.99%
2026-03-31 14:56:42 - __main__ - INFO - Val:   loss 2.5241 acc1 40.81%
2026-03-31 14:56:42 - __main__ - INFO - saved best: 40.81%
2026-03-31 14:56:42 - __main__ - INFO - 
Epoch 11/100 | lr 0.099318
2026-03-31 14:57:31 - __main__ - INFO - Train: loss 2.0561 acc1 48.66%
2026-03-31 14:57:31 - __main__ - INFO - Val:   loss 2.5078 acc1 40.72%
2026-03-31 14:57:31 - __main__ - INFO - 
Epoch 12/100 | lr 0.099019
2026-03-31 14:58:21 - __main__ - INFO - Train: loss 1.9645 acc1 50.34%
2026-03-31 14:58:21 - __main__ - INFO - Val:   loss 2.4719 acc1 42.78%
2026-03-31 14:58:21 - __main__ - INFO - saved best: 42.78%
2026-03-31 14:58:21 - __main__ - INFO - 
Epoch 13/100 | lr 0.098666
2026-03-31 14:59:10 - __main__ - INFO - Train: loss 1.8676 acc1 52.33%
2026-03-31 14:59:10 - __main__ - INFO - Val:   loss 2.5105 acc1 42.08%
2026-03-31 14:59:10 - __main__ - INFO - 
Epoch 14/100 | lr 0.098261
2026-03-31 15:00:00 - __main__ - INFO - Train: loss 1.7894 acc1 53.83%
2026-03-31 15:00:00 - __main__ - INFO - Val:   loss 2.5188 acc1 42.34%
2026-03-31 15:00:00 - __main__ - INFO - 
Epoch 15/100 | lr 0.097802
2026-03-31 15:00:49 - __main__ - INFO - Train: loss 1.7198 acc1 55.43%
2026-03-31 15:00:49 - __main__ - INFO - Val:   loss 2.4777 acc1 42.99%
2026-03-31 15:00:49 - __main__ - INFO - saved best: 42.99%
2026-03-31 15:00:49 - __main__ - INFO - 
Epoch 16/100 | lr 0.097291
2026-03-31 15:01:38 - __main__ - INFO - Train: loss 1.6483 acc1 56.87%
2026-03-31 15:01:38 - __main__ - INFO - Val:   loss 2.3825 acc1 45.13%
2026-03-31 15:01:38 - __main__ - INFO - saved best: 45.13%
2026-03-31 15:01:38 - __main__ - INFO - 
Epoch 17/100 | lr 0.096729
2026-03-31 15:02:27 - __main__ - INFO - Train: loss 1.5821 acc1 58.30%
2026-03-31 15:02:27 - __main__ - INFO - Val:   loss 2.4353 acc1 44.86%
2026-03-31 15:02:27 - __main__ - INFO - 
Epoch 18/100 | lr 0.096115
2026-03-31 15:03:17 - __main__ - INFO - Train: loss 1.5221 acc1 59.34%
2026-03-31 15:03:17 - __main__ - INFO - Val:   loss 2.3959 acc1 45.43%
2026-03-31 15:03:17 - __main__ - INFO - saved best: 45.43%
2026-03-31 15:03:17 - __main__ - INFO - 
Epoch 19/100 | lr 0.095451
2026-03-31 15:04:06 - __main__ - INFO - Train: loss 1.4526 acc1 61.02%
2026-03-31 15:04:06 - __main__ - INFO - Val:   loss 2.5878 acc1 43.32%
2026-03-31 15:04:06 - __main__ - INFO - 
Epoch 20/100 | lr 0.094737
2026-03-31 15:04:55 - __main__ - INFO - Train: loss 1.4027 acc1 62.18%
2026-03-31 15:04:55 - __main__ - INFO - Val:   loss 2.5440 acc1 43.48%
2026-03-31 15:04:55 - __main__ - INFO - 
Epoch 21/100 | lr 0.093974
2026-03-31 15:05:44 - __main__ - INFO - Train: loss 1.3528 acc1 63.37%
2026-03-31 15:05:44 - __main__ - INFO - Val:   loss 2.4740 acc1 45.35%
2026-03-31 15:05:44 - __main__ - INFO - 
Epoch 22/100 | lr 0.093164
2026-03-31 15:06:34 - __main__ - INFO - Train: loss 1.2952 acc1 64.66%
2026-03-31 15:06:34 - __main__ - INFO - Val:   loss 2.6021 acc1 43.72%
2026-03-31 15:06:34 - __main__ - INFO - 
Epoch 23/100 | lr 0.092306
2026-03-31 15:07:23 - __main__ - INFO - Train: loss 1.2447 acc1 65.78%
2026-03-31 15:07:23 - __main__ - INFO - Val:   loss 2.5577 acc1 44.52%
2026-03-31 15:07:23 - __main__ - INFO - 
Epoch 24/100 | lr 0.091401
2026-03-31 15:08:13 - __main__ - INFO - Train: loss 1.2038 acc1 66.43%
2026-03-31 15:08:13 - __main__ - INFO - Val:   loss 2.6098 acc1 45.18%
2026-03-31 15:08:13 - __main__ - INFO - 
Epoch 25/100 | lr 0.090452
2026-03-31 15:09:02 - __main__ - INFO - Train: loss 1.1551 acc1 67.83%
2026-03-31 15:09:02 - __main__ - INFO - Val:   loss 2.5954 acc1 45.19%
2026-03-31 15:09:02 - __main__ - INFO - 
Epoch 26/100 | lr 0.089458
2026-03-31 15:09:52 - __main__ - INFO - Train: loss 1.1092 acc1 68.82%
2026-03-31 15:09:52 - __main__ - INFO - Val:   loss 2.5712 acc1 45.38%
2026-03-31 15:09:52 - __main__ - INFO - 
Epoch 27/100 | lr 0.088421
2026-03-31 15:10:42 - __main__ - INFO - Train: loss 1.0645 acc1 70.02%
2026-03-31 15:10:42 - __main__ - INFO - Val:   loss 2.6991 acc1 44.15%
2026-03-31 15:10:42 - __main__ - INFO - 
Epoch 28/100 | lr 0.087342
2026-03-31 15:11:32 - __main__ - INFO - Train: loss 1.0319 acc1 70.65%
2026-03-31 15:11:32 - __main__ - INFO - Val:   loss 2.6831 acc1 44.54%
2026-03-31 15:11:32 - __main__ - INFO - 
Epoch 29/100 | lr 0.086223
2026-03-31 15:12:21 - __main__ - INFO - Train: loss 0.9925 acc1 71.52%
2026-03-31 15:12:21 - __main__ - INFO - Val:   loss 2.6766 acc1 45.28%
2026-03-31 15:12:21 - __main__ - INFO - 
Epoch 30/100 | lr 0.085063
2026-03-31 15:13:11 - __main__ - INFO - Train: loss 0.9468 acc1 72.73%
2026-03-31 15:13:11 - __main__ - INFO - Val:   loss 2.7198 acc1 45.34%
2026-03-31 15:13:11 - __main__ - INFO - 
Epoch 31/100 | lr 0.083866
2026-03-31 15:14:01 - __main__ - INFO - Train: loss 0.9095 acc1 73.71%
2026-03-31 15:14:01 - __main__ - INFO - Val:   loss 2.7065 acc1 45.89%
2026-03-31 15:14:01 - __main__ - INFO - saved best: 45.89%
2026-03-31 15:14:01 - __main__ - INFO - 
Epoch 32/100 | lr 0.082631
2026-03-31 15:14:50 - __main__ - INFO - Train: loss 0.8770 acc1 74.57%
2026-03-31 15:14:50 - __main__ - INFO - Val:   loss 2.6600 acc1 45.87%
2026-03-31 15:14:50 - __main__ - INFO - 
Epoch 33/100 | lr 0.081361
2026-03-31 15:15:39 - __main__ - INFO - Train: loss 0.8439 acc1 75.28%
2026-03-31 15:15:39 - __main__ - INFO - Val:   loss 2.7464 acc1 45.16%
2026-03-31 15:15:39 - __main__ - INFO - 
Epoch 34/100 | lr 0.080056
2026-03-31 15:16:29 - __main__ - INFO - Train: loss 0.8125 acc1 76.20%
2026-03-31 15:16:29 - __main__ - INFO - Val:   loss 2.7737 acc1 45.71%
2026-03-31 15:16:29 - __main__ - INFO - 
Epoch 35/100 | lr 0.078719
2026-03-31 15:17:18 - __main__ - INFO - Train: loss 0.7673 acc1 77.44%
2026-03-31 15:17:18 - __main__ - INFO - Val:   loss 2.8451 acc1 45.48%
2026-03-31 15:17:18 - __main__ - INFO - 
Epoch 36/100 | lr 0.077350
2026-03-31 15:18:08 - __main__ - INFO - Train: loss 0.7412 acc1 77.99%
2026-03-31 15:18:08 - __main__ - INFO - Val:   loss 2.9409 acc1 44.66%
2026-03-31 15:18:08 - __main__ - INFO - 
Epoch 37/100 | lr 0.075951
2026-03-31 15:18:57 - __main__ - INFO - Train: loss 0.7135 acc1 78.69%
2026-03-31 15:18:57 - __main__ - INFO - Val:   loss 2.8469 acc1 45.54%
2026-03-31 15:18:57 - __main__ - INFO - 
Epoch 38/100 | lr 0.074524
2026-03-31 15:19:46 - __main__ - INFO - Train: loss 0.6642 acc1 80.26%
2026-03-31 15:19:46 - __main__ - INFO - Val:   loss 2.9494 acc1 45.63%
2026-03-31 15:19:46 - __main__ - INFO - 
Epoch 39/100 | lr 0.073070
2026-03-31 15:20:36 - __main__ - INFO - Train: loss 0.6412 acc1 80.72%
2026-03-31 15:20:36 - __main__ - INFO - Val:   loss 2.9369 acc1 45.66%
2026-03-31 15:20:36 - __main__ - INFO - 
Epoch 40/100 | lr 0.071591
2026-03-31 15:21:25 - __main__ - INFO - Train: loss 0.6152 acc1 81.47%
2026-03-31 15:21:25 - __main__ - INFO - Val:   loss 2.9981 acc1 44.92%
2026-03-31 15:21:25 - __main__ - INFO - 
Epoch 41/100 | lr 0.070088
2026-03-31 15:22:15 - __main__ - INFO - Train: loss 0.5884 acc1 82.32%
2026-03-31 15:22:15 - __main__ - INFO - Val:   loss 2.9772 acc1 45.14%
2026-03-31 15:22:15 - __main__ - INFO - 
Epoch 42/100 | lr 0.068563
2026-03-31 15:23:04 - __main__ - INFO - Train: loss 0.5647 acc1 82.95%
2026-03-31 15:23:04 - __main__ - INFO - Val:   loss 3.0212 acc1 45.13%
2026-03-31 15:23:04 - __main__ - INFO - 
Epoch 43/100 | lr 0.067018
2026-03-31 15:23:53 - __main__ - INFO - Train: loss 0.5209 acc1 84.19%
2026-03-31 15:23:53 - __main__ - INFO - Val:   loss 2.9932 acc1 46.11%
2026-03-31 15:23:53 - __main__ - INFO - saved best: 46.11%
2026-03-31 15:23:53 - __main__ - INFO - 
Epoch 44/100 | lr 0.065454
2026-03-31 15:24:43 - __main__ - INFO - Train: loss 0.5030 acc1 84.77%
2026-03-31 15:24:43 - __main__ - INFO - Val:   loss 3.0502 acc1 46.14%
2026-03-31 15:24:43 - __main__ - INFO - saved best: 46.14%
2026-03-31 15:24:43 - __main__ - INFO - 
Epoch 45/100 | lr 0.063874
2026-03-31 15:25:32 - __main__ - INFO - Train: loss 0.4729 acc1 85.63%
2026-03-31 15:25:32 - __main__ - INFO - Val:   loss 3.0530 acc1 45.85%
2026-03-31 15:25:32 - __main__ - INFO - 
Epoch 46/100 | lr 0.062278
2026-03-31 15:26:22 - __main__ - INFO - Train: loss 0.4575 acc1 86.03%
2026-03-31 15:26:22 - __main__ - INFO - Val:   loss 3.0546 acc1 45.75%
2026-03-31 15:26:22 - __main__ - INFO - 
Epoch 47/100 | lr 0.060669
2026-03-31 15:27:11 - __main__ - INFO - Train: loss 0.4261 acc1 86.96%
2026-03-31 15:27:11 - __main__ - INFO - Val:   loss 2.9519 acc1 46.69%
2026-03-31 15:27:11 - __main__ - INFO - saved best: 46.69%
2026-03-31 15:27:11 - __main__ - INFO - 
Epoch 48/100 | lr 0.059048
2026-03-31 15:28:01 - __main__ - INFO - Train: loss 0.3925 acc1 88.14%
2026-03-31 15:28:01 - __main__ - INFO - Val:   loss 2.9894 acc1 46.98%
2026-03-31 15:28:01 - __main__ - INFO - saved best: 46.98%
2026-03-31 15:28:01 - __main__ - INFO - 
Epoch 49/100 | lr 0.057417
2026-03-31 15:28:50 - __main__ - INFO - Train: loss 0.3760 acc1 88.54%
2026-03-31 15:28:50 - __main__ - INFO - Val:   loss 3.0217 acc1 46.83%
2026-03-31 15:28:50 - __main__ - INFO - 
Epoch 50/100 | lr 0.055779
2026-03-31 15:29:40 - __main__ - INFO - Train: loss 0.3491 acc1 89.33%
2026-03-31 15:29:40 - __main__ - INFO - Val:   loss 3.1395 acc1 45.76%
2026-03-31 15:29:40 - __main__ - INFO - 
Epoch 51/100 | lr 0.054134
2026-03-31 15:30:29 - __main__ - INFO - Train: loss 0.3242 acc1 90.19%
2026-03-31 15:30:29 - __main__ - INFO - Val:   loss 3.1033 acc1 46.99%
2026-03-31 15:30:29 - __main__ - INFO - saved best: 46.99%
2026-03-31 15:30:29 - __main__ - INFO - 
Epoch 52/100 | lr 0.052484
2026-03-31 15:31:19 - __main__ - INFO - Train: loss 0.2995 acc1 90.97%
2026-03-31 15:31:19 - __main__ - INFO - Val:   loss 3.1167 acc1 46.81%
2026-03-31 15:31:19 - __main__ - INFO - 
Epoch 53/100 | lr 0.050832
2026-03-31 15:32:08 - __main__ - INFO - Train: loss 0.2723 acc1 91.90%
2026-03-31 15:32:08 - __main__ - INFO - Val:   loss 3.0588 acc1 46.87%
2026-03-31 15:32:08 - __main__ - INFO - 
Epoch 54/100 | lr 0.049178
2026-03-31 15:32:57 - __main__ - INFO - Train: loss 0.2437 acc1 92.75%
2026-03-31 15:32:57 - __main__ - INFO - Val:   loss 3.0083 acc1 48.20%
2026-03-31 15:32:57 - __main__ - INFO - saved best: 48.20%
2026-03-31 15:32:57 - __main__ - INFO - 
Epoch 55/100 | lr 0.047526
2026-03-31 15:33:47 - __main__ - INFO - Train: loss 0.2311 acc1 93.08%
2026-03-31 15:33:47 - __main__ - INFO - Val:   loss 3.1277 acc1 47.43%
2026-03-31 15:33:47 - __main__ - INFO - 
Epoch 56/100 | lr 0.045876
2026-03-31 15:34:36 - __main__ - INFO - Train: loss 0.2139 acc1 93.68%
2026-03-31 15:34:36 - __main__ - INFO - Val:   loss 3.0772 acc1 48.09%
2026-03-31 15:34:36 - __main__ - INFO - 
Epoch 57/100 | lr 0.044231
2026-03-31 15:35:25 - __main__ - INFO - Train: loss 0.1911 acc1 94.40%
2026-03-31 15:35:25 - __main__ - INFO - Val:   loss 2.9913 acc1 48.44%
2026-03-31 15:35:25 - __main__ - INFO - saved best: 48.44%
2026-03-31 15:35:25 - __main__ - INFO - 
Epoch 58/100 | lr 0.042593
2026-03-31 15:36:15 - __main__ - INFO - Train: loss 0.1714 acc1 95.07%
2026-03-31 15:36:15 - __main__ - INFO - Val:   loss 3.0562 acc1 48.48%
2026-03-31 15:36:15 - __main__ - INFO - saved best: 48.48%
2026-03-31 15:36:15 - __main__ - INFO - 
Epoch 59/100 | lr 0.040962
2026-03-31 15:37:05 - __main__ - INFO - Train: loss 0.1457 acc1 95.87%
2026-03-31 15:37:05 - __main__ - INFO - Val:   loss 3.0125 acc1 49.17%
2026-03-31 15:37:05 - __main__ - INFO - saved best: 49.17%
2026-03-31 15:37:05 - __main__ - INFO - 
Epoch 60/100 | lr 0.039341
2026-03-31 15:37:54 - __main__ - INFO - Train: loss 0.1291 acc1 96.49%
2026-03-31 15:37:54 - __main__ - INFO - Val:   loss 3.0177 acc1 49.18%
2026-03-31 15:37:54 - __main__ - INFO - saved best: 49.18%
2026-03-31 15:37:54 - __main__ - INFO - 
Epoch 61/100 | lr 0.037732
2026-03-31 15:38:43 - __main__ - INFO - Train: loss 0.1034 acc1 97.38%
2026-03-31 15:38:43 - __main__ - INFO - Val:   loss 2.9768 acc1 49.90%
2026-03-31 15:38:43 - __main__ - INFO - saved best: 49.90%
2026-03-31 15:38:43 - __main__ - INFO - 
Epoch 62/100 | lr 0.036136
2026-03-31 15:39:33 - __main__ - INFO - Train: loss 0.0892 acc1 97.81%
2026-03-31 15:39:33 - __main__ - INFO - Val:   loss 2.9045 acc1 50.69%
2026-03-31 15:39:33 - __main__ - INFO - saved best: 50.69%
2026-03-31 15:39:33 - __main__ - INFO - 
Epoch 63/100 | lr 0.034556
2026-03-31 15:40:22 - __main__ - INFO - Train: loss 0.0711 acc1 98.32%
2026-03-31 15:40:22 - __main__ - INFO - Val:   loss 2.8860 acc1 50.42%
2026-03-31 15:40:22 - __main__ - INFO - 
Epoch 64/100 | lr 0.032992
2026-03-31 15:41:12 - __main__ - INFO - Train: loss 0.0535 acc1 98.89%
2026-03-31 15:41:12 - __main__ - INFO - Val:   loss 2.8839 acc1 51.05%
2026-03-31 15:41:12 - __main__ - INFO - saved best: 51.05%
2026-03-31 15:41:12 - __main__ - INFO - 
Epoch 65/100 | lr 0.031447
2026-03-31 15:42:01 - __main__ - INFO - Train: loss 0.0460 acc1 99.08%
2026-03-31 15:42:01 - __main__ - INFO - Val:   loss 2.8327 acc1 50.99%
2026-03-31 15:42:01 - __main__ - INFO - 
Epoch 66/100 | lr 0.029922
2026-03-31 15:42:51 - __main__ - INFO - Train: loss 0.0362 acc1 99.39%
2026-03-31 15:42:51 - __main__ - INFO - Val:   loss 2.7545 acc1 52.28%
2026-03-31 15:42:51 - __main__ - INFO - saved best: 52.28%
2026-03-31 15:42:51 - __main__ - INFO - 
Epoch 67/100 | lr 0.028419
2026-03-31 15:43:40 - __main__ - INFO - Train: loss 0.0311 acc1 99.52%
2026-03-31 15:43:40 - __main__ - INFO - Val:   loss 2.7577 acc1 52.12%
2026-03-31 15:43:40 - __main__ - INFO - 
Epoch 68/100 | lr 0.026940
2026-03-31 15:44:29 - __main__ - INFO - Train: loss 0.0250 acc1 99.66%
2026-03-31 15:44:29 - __main__ - INFO - Val:   loss 2.7100 acc1 52.07%
2026-03-31 15:44:29 - __main__ - INFO - 
Epoch 69/100 | lr 0.025486
2026-03-31 15:45:19 - __main__ - INFO - Train: loss 0.0203 acc1 99.74%
2026-03-31 15:45:19 - __main__ - INFO - Val:   loss 2.6740 acc1 52.14%
2026-03-31 15:45:19 - __main__ - INFO - 
Epoch 70/100 | lr 0.024059
2026-03-31 15:46:09 - __main__ - INFO - Train: loss 0.0166 acc1 99.84%
2026-03-31 15:46:09 - __main__ - INFO - Val:   loss 2.6483 acc1 52.83%
2026-03-31 15:46:09 - __main__ - INFO - saved best: 52.83%
2026-03-31 15:46:09 - __main__ - INFO - 
Epoch 71/100 | lr 0.022660
2026-03-31 15:46:58 - __main__ - INFO - Train: loss 0.0140 acc1 99.89%
2026-03-31 15:46:58 - __main__ - INFO - Val:   loss 2.6321 acc1 52.81%
2026-03-31 15:46:58 - __main__ - INFO - 
Epoch 72/100 | lr 0.021291
2026-03-31 15:47:47 - __main__ - INFO - Train: loss 0.0128 acc1 99.90%
2026-03-31 15:47:47 - __main__ - INFO - Val:   loss 2.5911 acc1 52.74%
2026-03-31 15:47:47 - __main__ - INFO - 
Epoch 73/100 | lr 0.019954
2026-03-31 15:48:36 - __main__ - INFO - Train: loss 0.0125 acc1 99.90%
2026-03-31 15:48:36 - __main__ - INFO - Val:   loss 2.5773 acc1 53.35%
2026-03-31 15:48:36 - __main__ - INFO - saved best: 53.35%
2026-03-31 15:48:36 - __main__ - INFO - 
Epoch 74/100 | lr 0.018649
2026-03-31 15:49:26 - __main__ - INFO - Train: loss 0.0113 acc1 99.93%
2026-03-31 15:49:26 - __main__ - INFO - Val:   loss 2.5523 acc1 53.04%
2026-03-31 15:49:26 - __main__ - INFO - 
Epoch 75/100 | lr 0.017379
2026-03-31 15:50:16 - __main__ - INFO - Train: loss 0.0101 acc1 99.94%
2026-03-31 15:50:16 - __main__ - INFO - Val:   loss 2.5324 acc1 53.31%
2026-03-31 15:50:16 - __main__ - INFO - 
Epoch 76/100 | lr 0.016144
2026-03-31 15:51:04 - __main__ - INFO - Train: loss 0.0095 acc1 99.95%
2026-03-31 15:51:04 - __main__ - INFO - Val:   loss 2.5110 acc1 53.42%
2026-03-31 15:51:05 - __main__ - INFO - saved best: 53.42%
2026-03-31 15:51:05 - __main__ - INFO - 
Epoch 77/100 | lr 0.014947
2026-03-31 15:51:53 - __main__ - INFO - Train: loss 0.0089 acc1 99.97%
2026-03-31 15:51:53 - __main__ - INFO - Val:   loss 2.4899 acc1 53.65%
2026-03-31 15:51:53 - __main__ - INFO - saved best: 53.65%
2026-03-31 15:51:53 - __main__ - INFO - 
Epoch 78/100 | lr 0.013787
2026-03-31 15:52:43 - __main__ - INFO - Train: loss 0.0085 acc1 99.97%
2026-03-31 15:52:43 - __main__ - INFO - Val:   loss 2.4894 acc1 53.52%
2026-03-31 15:52:43 - __main__ - INFO - 
Epoch 79/100 | lr 0.012668
2026-03-31 15:53:33 - __main__ - INFO - Train: loss 0.0081 acc1 99.96%
2026-03-31 15:53:33 - __main__ - INFO - Val:   loss 2.4716 acc1 53.95%
2026-03-31 15:53:33 - __main__ - INFO - saved best: 53.95%
2026-03-31 15:53:33 - __main__ - INFO - 
Epoch 80/100 | lr 0.011589
2026-03-31 15:54:22 - __main__ - INFO - Train: loss 0.0080 acc1 99.96%
2026-03-31 15:54:22 - __main__ - INFO - Val:   loss 2.4647 acc1 53.64%
2026-03-31 15:54:22 - __main__ - INFO - 
Epoch 81/100 | lr 0.010552
2026-03-31 15:55:12 - __main__ - INFO - Train: loss 0.0081 acc1 99.96%
2026-03-31 15:55:12 - __main__ - INFO - Val:   loss 2.4470 acc1 53.79%
2026-03-31 15:55:12 - __main__ - INFO - 
Epoch 82/100 | lr 0.009558
2026-03-31 15:56:01 - __main__ - INFO - Train: loss 0.0075 acc1 99.97%
2026-03-31 15:56:01 - __main__ - INFO - Val:   loss 2.4415 acc1 53.82%
2026-03-31 15:56:01 - __main__ - INFO - 
Epoch 83/100 | lr 0.008609
2026-03-31 15:56:50 - __main__ - INFO - Train: loss 0.0074 acc1 99.97%
2026-03-31 15:56:50 - __main__ - INFO - Val:   loss 2.4310 acc1 53.46%
2026-03-31 15:56:51 - __main__ - INFO - 
Epoch 84/100 | lr 0.007704
2026-03-31 15:57:40 - __main__ - INFO - Train: loss 0.0075 acc1 99.97%
2026-03-31 15:57:40 - __main__ - INFO - Val:   loss 2.4292 acc1 53.95%
2026-03-31 15:57:40 - __main__ - INFO - 
Epoch 85/100 | lr 0.006846
2026-03-31 15:58:29 - __main__ - INFO - Train: loss 0.0073 acc1 99.97%
2026-03-31 15:58:29 - __main__ - INFO - Val:   loss 2.4195 acc1 53.65%
2026-03-31 15:58:29 - __main__ - INFO - 
Epoch 86/100 | lr 0.006036
2026-03-31 15:59:19 - __main__ - INFO - Train: loss 0.0071 acc1 99.97%
2026-03-31 15:59:19 - __main__ - INFO - Val:   loss 2.4149 acc1 53.72%
2026-03-31 15:59:19 - __main__ - INFO - 
Epoch 87/100 | lr 0.005273
2026-03-31 16:00:08 - __main__ - INFO - Train: loss 0.0072 acc1 99.97%
2026-03-31 16:00:08 - __main__ - INFO - Val:   loss 2.4076 acc1 53.85%
2026-03-31 16:00:08 - __main__ - INFO - 
Epoch 88/100 | lr 0.004559
2026-03-31 16:00:58 - __main__ - INFO - Train: loss 0.0069 acc1 99.98%
2026-03-31 16:00:58 - __main__ - INFO - Val:   loss 2.4102 acc1 54.08%
2026-03-31 16:00:58 - __main__ - INFO - saved best: 54.08%
2026-03-31 16:00:58 - __main__ - INFO - 
Epoch 89/100 | lr 0.003895
2026-03-31 16:01:47 - __main__ - INFO - Train: loss 0.0068 acc1 99.97%
2026-03-31 16:01:47 - __main__ - INFO - Val:   loss 2.4067 acc1 53.95%
2026-03-31 16:01:47 - __main__ - INFO - 
Epoch 90/100 | lr 0.003281
2026-03-31 16:02:37 - __main__ - INFO - Train: loss 0.0068 acc1 99.97%
2026-03-31 16:02:37 - __main__ - INFO - Val:   loss 2.4002 acc1 54.17%
2026-03-31 16:02:37 - __main__ - INFO - saved best: 54.17%
2026-03-31 16:02:37 - __main__ - INFO - 
Epoch 91/100 | lr 0.002719
2026-03-31 16:03:27 - __main__ - INFO - Train: loss 0.0066 acc1 99.99%
2026-03-31 16:03:27 - __main__ - INFO - Val:   loss 2.3936 acc1 53.97%
2026-03-31 16:03:27 - __main__ - INFO - 
Epoch 92/100 | lr 0.002208
2026-03-31 16:04:16 - __main__ - INFO - Train: loss 0.0068 acc1 99.97%
2026-03-31 16:04:16 - __main__ - INFO - Val:   loss 2.3959 acc1 54.06%
2026-03-31 16:04:16 - __main__ - INFO - 
Epoch 93/100 | lr 0.001749
2026-03-31 16:05:06 - __main__ - INFO - Train: loss 0.0065 acc1 99.99%
2026-03-31 16:05:06 - __main__ - INFO - Val:   loss 2.3908 acc1 53.93%
2026-03-31 16:05:06 - __main__ - INFO - 
Epoch 94/100 | lr 0.001344
2026-03-31 16:05:56 - __main__ - INFO - Train: loss 0.0067 acc1 99.97%
2026-03-31 16:05:56 - __main__ - INFO - Val:   loss 2.3879 acc1 54.04%
2026-03-31 16:05:56 - __main__ - INFO - 
Epoch 95/100 | lr 0.000991
2026-03-31 16:06:44 - __main__ - INFO - Train: loss 0.0067 acc1 99.97%
2026-03-31 16:06:44 - __main__ - INFO - Val:   loss 2.3923 acc1 54.24%
2026-03-31 16:06:45 - __main__ - INFO - saved best: 54.24%
2026-03-31 16:06:45 - __main__ - INFO - 
Epoch 96/100 | lr 0.000692
2026-03-31 16:07:34 - __main__ - INFO - Train: loss 0.0065 acc1 99.98%
2026-03-31 16:07:34 - __main__ - INFO - Val:   loss 2.3956 acc1 53.98%
2026-03-31 16:07:34 - __main__ - INFO - 
Epoch 97/100 | lr 0.000447
2026-03-31 16:08:23 - __main__ - INFO - Train: loss 0.0067 acc1 99.97%
2026-03-31 16:08:23 - __main__ - INFO - Val:   loss 2.3930 acc1 53.90%
2026-03-31 16:08:23 - __main__ - INFO - 
Epoch 98/100 | lr 0.000256
2026-03-31 16:09:13 - __main__ - INFO - Train: loss 0.0066 acc1 99.98%
2026-03-31 16:09:13 - __main__ - INFO - Val:   loss 2.3909 acc1 54.16%
2026-03-31 16:09:13 - __main__ - INFO - 
Epoch 99/100 | lr 0.000119
2026-03-31 16:10:02 - __main__ - INFO - Train: loss 0.0065 acc1 99.98%
2026-03-31 16:10:02 - __main__ - INFO - Val:   loss 2.3902 acc1 54.06%
2026-03-31 16:10:02 - __main__ - INFO - 
Epoch 100/100 | lr 0.000037
2026-03-31 16:10:52 - __main__ - INFO - Train: loss 0.0067 acc1 99.97%
2026-03-31 16:10:52 - __main__ - INFO - Val:   loss 2.3877 acc1 54.05%
2026-03-31 16:10:52 - __main__ - INFO - Loaded best checkpoint weights for final test evaluation.
2026-03-31 16:10:56 - __main__ - INFO - 
Best tracked (val): 54.24%
2026-03-31 16:10:56 - __main__ - INFO - Final test: loss 2.4427 acc1 53.54%
2026-03-31 16:11:01 - __main__ - INFO - Variant [original] done — test acc 53.54%, test loss 2.4427
2026-03-31 16:11:01 - __main__ - INFO - 
============================================================
2026-03-31 16:11:01 - __main__ - INFO - Training output model: densenet121 [low_saliency]
2026-03-31 16:11:01 - __main__ - INFO -   Resolved config → opt=sgd, lr=0.1, wd=0.0001, bs=128, epochs=100, scheduler=cosine, warmup=5
2026-03-31 16:11:01 - __main__ - INFO - ============================================================
2026-03-31 16:11:01 - __main__ - INFO -   Validation during training uses variant split with val_split=0.1
2026-03-31 16:11:01 - __main__ - INFO -   Final test uses low_saliency variant test split
2026-03-31 16:11:02 - __main__ - INFO - device: cuda | cuda: True | gpu: NVIDIA L4
2026-03-31 16:11:03 - __main__ - INFO - Model: densenet121 | Dataset: tiny_imagenet | Classes: 200 | Optimizer: sgd
2026-03-31 16:11:03 - __main__ - INFO - 
Epoch 1/100 | lr 0.000100
2026-03-31 16:11:52 - __main__ - INFO - Train: loss 5.3113 acc1 0.58%
2026-03-31 16:11:52 - __main__ - INFO - Val:   loss 5.2901 acc1 0.83%
2026-03-31 16:11:52 - __main__ - INFO - saved best: 0.83%
2026-03-31 16:11:52 - __main__ - INFO - 
Epoch 2/100 | lr 0.020080
2026-03-31 16:12:42 - __main__ - INFO - Train: loss 4.3630 acc1 9.63%
2026-03-31 16:12:42 - __main__ - INFO - Val:   loss 3.7665 acc1 16.48%
2026-03-31 16:12:42 - __main__ - INFO - saved best: 16.48%
2026-03-31 16:12:42 - __main__ - INFO - 
Epoch 3/100 | lr 0.040060
2026-03-31 16:13:32 - __main__ - INFO - Train: loss 3.5506 acc1 20.47%
2026-03-31 16:13:32 - __main__ - INFO - Val:   loss 3.2837 acc1 24.66%
2026-03-31 16:13:32 - __main__ - INFO - saved best: 24.66%
2026-03-31 16:13:32 - __main__ - INFO - 
Epoch 4/100 | lr 0.060040
2026-03-31 16:14:22 - __main__ - INFO - Train: loss 3.0841 acc1 28.37%
2026-03-31 16:14:22 - __main__ - INFO - Val:   loss 3.0673 acc1 28.50%
2026-03-31 16:14:22 - __main__ - INFO - saved best: 28.50%
2026-03-31 16:14:22 - __main__ - INFO - 
Epoch 5/100 | lr 0.080020
2026-03-31 16:15:11 - __main__ - INFO - Train: loss 2.7548 acc1 34.05%
2026-03-31 16:15:11 - __main__ - INFO - Val:   loss 2.5913 acc1 37.86%
2026-03-31 16:15:11 - __main__ - INFO - saved best: 37.86%
2026-03-31 16:15:11 - __main__ - INFO - 
Epoch 6/100 | lr 0.100000
2026-03-31 16:16:01 - __main__ - INFO - Train: loss 2.5050 acc1 39.14%
2026-03-31 16:16:01 - __main__ - INFO - Val:   loss 2.5928 acc1 37.89%
2026-03-31 16:16:01 - __main__ - INFO - saved best: 37.89%
2026-03-31 16:16:01 - __main__ - INFO - 
Epoch 7/100 | lr 0.099973
2026-03-31 16:16:52 - __main__ - INFO - Train: loss 2.2545 acc1 44.18%
2026-03-31 16:16:52 - __main__ - INFO - Val:   loss 2.5066 acc1 40.27%
2026-03-31 16:16:52 - __main__ - INFO - saved best: 40.27%
2026-03-31 16:16:52 - __main__ - INFO - 
Epoch 8/100 | lr 0.099891
2026-03-31 16:17:42 - __main__ - INFO - Train: loss 2.0707 acc1 48.16%
2026-03-31 16:17:42 - __main__ - INFO - Val:   loss 2.2249 acc1 44.47%
2026-03-31 16:17:42 - __main__ - INFO - saved best: 44.47%
2026-03-31 16:17:42 - __main__ - INFO - 
Epoch 9/100 | lr 0.099754
2026-03-31 16:18:31 - __main__ - INFO - Train: loss 1.9238 acc1 51.06%
2026-03-31 16:18:31 - __main__ - INFO - Val:   loss 2.1697 acc1 46.15%
2026-03-31 16:18:31 - __main__ - INFO - saved best: 46.15%
2026-03-31 16:18:31 - __main__ - INFO - 
Epoch 10/100 | lr 0.099563
2026-03-31 16:19:21 - __main__ - INFO - Train: loss 1.8170 acc1 53.25%
2026-03-31 16:19:21 - __main__ - INFO - Val:   loss 2.1955 acc1 46.50%
2026-03-31 16:19:21 - __main__ - INFO - saved best: 46.50%
2026-03-31 16:19:21 - __main__ - INFO - 
Epoch 11/100 | lr 0.099318
2026-03-31 16:20:11 - __main__ - INFO - Train: loss 1.7079 acc1 55.87%
2026-03-31 16:20:11 - __main__ - INFO - Val:   loss 2.0860 acc1 48.56%
2026-03-31 16:20:11 - __main__ - INFO - saved best: 48.56%
2026-03-31 16:20:11 - __main__ - INFO - 
Epoch 12/100 | lr 0.099019
2026-03-31 16:21:01 - __main__ - INFO - Train: loss 1.6200 acc1 57.49%
2026-03-31 16:21:01 - __main__ - INFO - Val:   loss 2.0049 acc1 50.91%
2026-03-31 16:21:01 - __main__ - INFO - saved best: 50.91%
2026-03-31 16:21:01 - __main__ - INFO - 
Epoch 13/100 | lr 0.098666
2026-03-31 16:21:51 - __main__ - INFO - Train: loss 1.5326 acc1 59.52%
2026-03-31 16:21:51 - __main__ - INFO - Val:   loss 2.0724 acc1 49.37%
2026-03-31 16:21:51 - __main__ - INFO - 
Epoch 14/100 | lr 0.098261
2026-03-31 16:22:41 - __main__ - INFO - Train: loss 1.4599 acc1 61.00%
2026-03-31 16:22:41 - __main__ - INFO - Val:   loss 3.6322 acc1 30.52%
2026-03-31 16:22:41 - __main__ - INFO - 
Epoch 15/100 | lr 0.097802
2026-03-31 16:23:31 - __main__ - INFO - Train: loss 1.3999 acc1 62.32%
2026-03-31 16:23:31 - __main__ - INFO - Val:   loss 1.9327 acc1 52.32%
2026-03-31 16:23:31 - __main__ - INFO - saved best: 52.32%
2026-03-31 16:23:31 - __main__ - INFO - 
Epoch 16/100 | lr 0.097291
2026-03-31 16:24:21 - __main__ - INFO - Train: loss 1.3409 acc1 63.73%
2026-03-31 16:24:21 - __main__ - INFO - Val:   loss 1.9962 acc1 51.60%
2026-03-31 16:24:21 - __main__ - INFO - 
Epoch 17/100 | lr 0.096729
2026-03-31 16:25:11 - __main__ - INFO - Train: loss 1.2738 acc1 65.23%
2026-03-31 16:25:11 - __main__ - INFO - Val:   loss 2.5642 acc1 43.16%
2026-03-31 16:25:11 - __main__ - INFO - 
Epoch 18/100 | lr 0.096115
2026-03-31 16:26:01 - __main__ - INFO - Train: loss 1.2279 acc1 66.13%
2026-03-31 16:26:01 - __main__ - INFO - Val:   loss 1.9330 acc1 53.40%
2026-03-31 16:26:01 - __main__ - INFO - saved best: 53.40%
2026-03-31 16:26:01 - __main__ - INFO - 
Epoch 19/100 | lr 0.095451
2026-03-31 16:26:51 - __main__ - INFO - Train: loss 1.2009 acc1 66.97%
2026-03-31 16:26:51 - __main__ - INFO - Val:   loss 1.9893 acc1 52.44%
2026-03-31 16:26:51 - __main__ - INFO - 
Epoch 20/100 | lr 0.094737
2026-03-31 16:27:40 - __main__ - INFO - Train: loss 1.1375 acc1 68.35%
2026-03-31 16:27:40 - __main__ - INFO - Val:   loss 4.6968 acc1 25.93%
2026-03-31 16:27:40 - __main__ - INFO - 
Epoch 21/100 | lr 0.093974
2026-03-31 16:28:30 - __main__ - INFO - Train: loss 1.0923 acc1 69.43%
2026-03-31 16:28:30 - __main__ - INFO - Val:   loss 1.9647 acc1 53.62%
2026-03-31 16:28:30 - __main__ - INFO - saved best: 53.62%
2026-03-31 16:28:30 - __main__ - INFO - 
Epoch 22/100 | lr 0.093164
2026-03-31 16:29:20 - __main__ - INFO - Train: loss 1.0471 acc1 70.40%
2026-03-31 16:29:20 - __main__ - INFO - Val:   loss 2.1235 acc1 50.84%
2026-03-31 16:29:20 - __main__ - INFO - 
Epoch 23/100 | lr 0.092306
2026-03-31 16:30:09 - __main__ - INFO - Train: loss 1.0145 acc1 71.29%
2026-03-31 16:30:09 - __main__ - INFO - Val:   loss 2.2724 acc1 48.98%
2026-03-31 16:30:09 - __main__ - INFO - 
Epoch 24/100 | lr 0.091401
2026-03-31 16:30:59 - __main__ - INFO - Train: loss 0.9660 acc1 72.43%
2026-03-31 16:30:59 - __main__ - INFO - Val:   loss 2.0139 acc1 52.98%
2026-03-31 16:30:59 - __main__ - INFO - 
Epoch 25/100 | lr 0.090452
2026-03-31 16:31:49 - __main__ - INFO - Train: loss 0.9316 acc1 73.37%
2026-03-31 16:31:49 - __main__ - INFO - Val:   loss 2.0662 acc1 52.94%
2026-03-31 16:31:49 - __main__ - INFO - 
Epoch 26/100 | lr 0.089458
2026-03-31 16:32:39 - __main__ - INFO - Train: loss 0.9070 acc1 73.92%
2026-03-31 16:32:39 - __main__ - INFO - Val:   loss 2.1692 acc1 50.01%
2026-03-31 16:32:39 - __main__ - INFO - 
Epoch 27/100 | lr 0.088421
2026-03-31 16:33:29 - __main__ - INFO - Train: loss 0.8606 acc1 74.99%
2026-03-31 16:33:29 - __main__ - INFO - Val:   loss 2.2870 acc1 50.33%
2026-03-31 16:33:29 - __main__ - INFO - 
Epoch 28/100 | lr 0.087342
2026-03-31 16:34:19 - __main__ - INFO - Train: loss 0.8268 acc1 75.88%
2026-03-31 16:34:19 - __main__ - INFO - Val:   loss 2.0576 acc1 53.19%
2026-03-31 16:34:19 - __main__ - INFO - 
Epoch 29/100 | lr 0.086223
2026-03-31 16:35:08 - __main__ - INFO - Train: loss 0.8018 acc1 76.40%
2026-03-31 16:35:08 - __main__ - INFO - Val:   loss 2.0837 acc1 53.02%
2026-03-31 16:35:08 - __main__ - INFO - 
Epoch 30/100 | lr 0.085063
2026-03-31 16:35:59 - __main__ - INFO - Train: loss 0.7609 acc1 77.54%
2026-03-31 16:35:59 - __main__ - INFO - Val:   loss 2.0525 acc1 54.12%
2026-03-31 16:35:59 - __main__ - INFO - saved best: 54.12%
2026-03-31 16:35:59 - __main__ - INFO - 
Epoch 31/100 | lr 0.083866
2026-03-31 16:36:49 - __main__ - INFO - Train: loss 0.7335 acc1 78.27%
2026-03-31 16:36:49 - __main__ - INFO - Val:   loss 2.1951 acc1 52.22%
2026-03-31 16:36:49 - __main__ - INFO - 
Epoch 32/100 | lr 0.082631
2026-03-31 16:37:38 - __main__ - INFO - Train: loss 0.7110 acc1 78.69%
2026-03-31 16:37:38 - __main__ - INFO - Val:   loss 2.1064 acc1 53.49%
2026-03-31 16:37:38 - __main__ - INFO - 
Epoch 33/100 | lr 0.081361
2026-03-31 16:38:29 - __main__ - INFO - Train: loss 0.6874 acc1 79.51%
2026-03-31 16:38:29 - __main__ - INFO - Val:   loss 2.9176 acc1 43.03%
2026-03-31 16:38:29 - __main__ - INFO - 
Epoch 34/100 | lr 0.080056
2026-03-31 16:39:19 - __main__ - INFO - Train: loss 0.6575 acc1 80.22%
2026-03-31 16:39:19 - __main__ - INFO - Val:   loss 2.1216 acc1 53.35%
2026-03-31 16:39:19 - __main__ - INFO - 
Epoch 35/100 | lr 0.078719
2026-03-31 16:40:08 - __main__ - INFO - Train: loss 0.6287 acc1 81.27%
2026-03-31 16:40:08 - __main__ - INFO - Val:   loss 2.1039 acc1 54.37%
2026-03-31 16:40:08 - __main__ - INFO - saved best: 54.37%
2026-03-31 16:40:08 - __main__ - INFO - 
Epoch 36/100 | lr 0.077350
2026-03-31 16:40:58 - __main__ - INFO - Train: loss 0.6006 acc1 81.86%
2026-03-31 16:40:58 - __main__ - INFO - Val:   loss 2.1370 acc1 54.03%
2026-03-31 16:40:58 - __main__ - INFO - 
Epoch 37/100 | lr 0.075951
2026-03-31 16:41:48 - __main__ - INFO - Train: loss 0.5761 acc1 82.57%
2026-03-31 16:41:48 - __main__ - INFO - Val:   loss 3.4561 acc1 38.97%
2026-03-31 16:41:48 - __main__ - INFO - 
Epoch 38/100 | lr 0.074524
2026-03-31 16:42:38 - __main__ - INFO - Train: loss 0.5583 acc1 82.96%
2026-03-31 16:42:38 - __main__ - INFO - Val:   loss 2.1648 acc1 53.59%
2026-03-31 16:42:38 - __main__ - INFO - 
Epoch 39/100 | lr 0.073070
2026-03-31 16:43:29 - __main__ - INFO - Train: loss 0.5213 acc1 84.18%
2026-03-31 16:43:29 - __main__ - INFO - Val:   loss 2.1520 acc1 54.98%
2026-03-31 16:43:29 - __main__ - INFO - saved best: 54.98%
2026-03-31 16:43:29 - __main__ - INFO - 
Epoch 40/100 | lr 0.071591
2026-03-31 16:44:19 - __main__ - INFO - Train: loss 0.5080 acc1 84.46%
2026-03-31 16:44:19 - __main__ - INFO - Val:   loss 2.4270 acc1 51.05%
2026-03-31 16:44:19 - __main__ - INFO - 
Epoch 41/100 | lr 0.070088
2026-03-31 16:45:09 - __main__ - INFO - Train: loss 0.4897 acc1 84.96%
2026-03-31 16:45:09 - __main__ - INFO - Val:   loss 2.1682 acc1 55.13%
2026-03-31 16:45:09 - __main__ - INFO - saved best: 55.13%
2026-03-31 16:45:09 - __main__ - INFO - 
Epoch 42/100 | lr 0.068563
2026-03-31 16:45:59 - __main__ - INFO - Train: loss 0.4658 acc1 85.69%
2026-03-31 16:45:59 - __main__ - INFO - Val:   loss 2.2933 acc1 52.93%
2026-03-31 16:45:59 - __main__ - INFO - 
Epoch 43/100 | lr 0.067018
2026-03-31 16:46:49 - __main__ - INFO - Train: loss 0.4309 acc1 86.69%
2026-03-31 16:46:49 - __main__ - INFO - Val:   loss 2.2026 acc1 55.18%
2026-03-31 16:46:49 - __main__ - INFO - saved best: 55.18%
2026-03-31 16:46:49 - __main__ - INFO - 
Epoch 44/100 | lr 0.065454
2026-03-31 16:47:38 - __main__ - INFO - Train: loss 0.4174 acc1 87.11%
2026-03-31 16:47:38 - __main__ - INFO - Val:   loss 2.3604 acc1 53.31%
2026-03-31 16:47:38 - __main__ - INFO - 
Epoch 45/100 | lr 0.063874
2026-03-31 16:48:29 - __main__ - INFO - Train: loss 0.3949 acc1 87.83%
2026-03-31 16:48:29 - __main__ - INFO - Val:   loss 2.3025 acc1 54.47%
2026-03-31 16:48:29 - __main__ - INFO - 
Epoch 46/100 | lr 0.062278
2026-03-31 16:49:18 - __main__ - INFO - Train: loss 0.3779 acc1 88.28%
2026-03-31 16:49:18 - __main__ - INFO - Val:   loss 2.1644 acc1 56.15%
2026-03-31 16:49:18 - __main__ - INFO - saved best: 56.15%
2026-03-31 16:49:18 - __main__ - INFO - 
Epoch 47/100 | lr 0.060669
2026-03-31 16:50:08 - __main__ - INFO - Train: loss 0.3485 acc1 89.23%
2026-03-31 16:50:08 - __main__ - INFO - Val:   loss 2.3139 acc1 53.41%
2026-03-31 16:50:08 - __main__ - INFO - 
Epoch 48/100 | lr 0.059048
2026-03-31 16:50:57 - __main__ - INFO - Train: loss 0.3294 acc1 89.80%
2026-03-31 16:50:57 - __main__ - INFO - Val:   loss 2.2024 acc1 55.61%
2026-03-31 16:50:57 - __main__ - INFO - 
Epoch 49/100 | lr 0.057417
2026-03-31 16:51:47 - __main__ - INFO - Train: loss 0.3172 acc1 90.25%
2026-03-31 16:51:47 - __main__ - INFO - Val:   loss 2.2433 acc1 55.76%
2026-03-31 16:51:47 - __main__ - INFO - 
Epoch 50/100 | lr 0.055779
2026-03-31 16:52:37 - __main__ - INFO - Train: loss 0.2853 acc1 91.26%
2026-03-31 16:52:37 - __main__ - INFO - Val:   loss 2.1546 acc1 56.93%
2026-03-31 16:52:37 - __main__ - INFO - saved best: 56.93%
2026-03-31 16:52:37 - __main__ - INFO - 
Epoch 51/100 | lr 0.054134
2026-03-31 16:53:27 - __main__ - INFO - Train: loss 0.2763 acc1 91.58%
2026-03-31 16:53:27 - __main__ - INFO - Val:   loss 2.2714 acc1 54.95%
2026-03-31 16:53:27 - __main__ - INFO - 
Epoch 52/100 | lr 0.052484
2026-03-31 16:54:16 - __main__ - INFO - Train: loss 0.2484 acc1 92.41%
2026-03-31 16:54:16 - __main__ - INFO - Val:   loss 2.2144 acc1 57.09%
2026-03-31 16:54:16 - __main__ - INFO - saved best: 57.09%
2026-03-31 16:54:16 - __main__ - INFO - 
Epoch 53/100 | lr 0.050832
2026-03-31 16:55:06 - __main__ - INFO - Train: loss 0.2292 acc1 92.98%
2026-03-31 16:55:06 - __main__ - INFO - Val:   loss 2.2160 acc1 56.61%
2026-03-31 16:55:06 - __main__ - INFO - 
Epoch 54/100 | lr 0.049178
2026-03-31 16:55:56 - __main__ - INFO - Train: loss 0.2182 acc1 93.39%
2026-03-31 16:55:56 - __main__ - INFO - Val:   loss 2.1981 acc1 56.74%
2026-03-31 16:55:56 - __main__ - INFO - 
Epoch 55/100 | lr 0.047526
2026-03-31 16:56:46 - __main__ - INFO - Train: loss 0.1942 acc1 94.31%
2026-03-31 16:56:46 - __main__ - INFO - Val:   loss 2.2323 acc1 56.88%
2026-03-31 16:56:46 - __main__ - INFO - 
Epoch 56/100 | lr 0.045876
2026-03-31 16:57:36 - __main__ - INFO - Train: loss 0.1840 acc1 94.58%
2026-03-31 16:57:36 - __main__ - INFO - Val:   loss 2.2448 acc1 56.62%
2026-03-31 16:57:36 - __main__ - INFO - 
Epoch 57/100 | lr 0.044231
2026-03-31 16:58:26 - __main__ - INFO - Train: loss 0.1599 acc1 95.35%
2026-03-31 16:58:26 - __main__ - INFO - Val:   loss 2.2428 acc1 56.57%
2026-03-31 16:58:26 - __main__ - INFO - 
Epoch 58/100 | lr 0.042593
2026-03-31 16:59:15 - __main__ - INFO - Train: loss 0.1482 acc1 95.72%
2026-03-31 16:59:15 - __main__ - INFO - Val:   loss 3.2847 acc1 44.00%
2026-03-31 16:59:15 - __main__ - INFO - 
Epoch 59/100 | lr 0.040962
2026-03-31 17:00:06 - __main__ - INFO - Train: loss 0.1230 acc1 96.58%
2026-03-31 17:00:06 - __main__ - INFO - Val:   loss 2.1455 acc1 58.45%
2026-03-31 17:00:06 - __main__ - INFO - saved best: 58.45%
2026-03-31 17:00:06 - __main__ - INFO - 
Epoch 60/100 | lr 0.039341
2026-03-31 17:00:55 - __main__ - INFO - Train: loss 0.1068 acc1 97.05%
2026-03-31 17:00:55 - __main__ - INFO - Val:   loss 2.0804 acc1 59.06%
2026-03-31 17:00:55 - __main__ - INFO - saved best: 59.06%
2026-03-31 17:00:55 - __main__ - INFO - 
Epoch 61/100 | lr 0.037732
2026-03-31 17:01:45 - __main__ - INFO - Train: loss 0.0943 acc1 97.51%
2026-03-31 17:01:45 - __main__ - INFO - Val:   loss 2.1204 acc1 58.89%
2026-03-31 17:01:45 - __main__ - INFO - 
Epoch 62/100 | lr 0.036136
2026-03-31 17:02:35 - __main__ - INFO - Train: loss 0.0848 acc1 97.82%
2026-03-31 17:02:35 - __main__ - INFO - Val:   loss 2.0096 acc1 60.10%
2026-03-31 17:02:35 - __main__ - INFO - saved best: 60.10%
2026-03-31 17:02:35 - __main__ - INFO - 
Epoch 63/100 | lr 0.034556
2026-03-31 17:03:25 - __main__ - INFO - Train: loss 0.0618 acc1 98.57%
2026-03-31 17:03:25 - __main__ - INFO - Val:   loss 2.0183 acc1 60.71%
2026-03-31 17:03:25 - __main__ - INFO - saved best: 60.71%
2026-03-31 17:03:25 - __main__ - INFO - 
Epoch 64/100 | lr 0.032992
2026-03-31 17:04:14 - __main__ - INFO - Train: loss 0.0462 acc1 99.07%
2026-03-31 17:04:14 - __main__ - INFO - Val:   loss 1.9764 acc1 60.71%
2026-03-31 17:04:14 - __main__ - INFO - 
Epoch 65/100 | lr 0.031447
2026-03-31 17:05:04 - __main__ - INFO - Train: loss 0.0379 acc1 99.28%
2026-03-31 17:05:04 - __main__ - INFO - Val:   loss 1.9524 acc1 61.42%
2026-03-31 17:05:04 - __main__ - INFO - saved best: 61.42%
2026-03-31 17:05:04 - __main__ - INFO - 
Epoch 66/100 | lr 0.029922
2026-03-31 17:05:54 - __main__ - INFO - Train: loss 0.0331 acc1 99.39%
2026-03-31 17:05:54 - __main__ - INFO - Val:   loss 1.9193 acc1 61.85%
2026-03-31 17:05:54 - __main__ - INFO - saved best: 61.85%
2026-03-31 17:05:54 - __main__ - INFO - 
Epoch 67/100 | lr 0.028419
2026-03-31 17:06:43 - __main__ - INFO - Train: loss 0.0270 acc1 99.55%
2026-03-31 17:06:43 - __main__ - INFO - Val:   loss 1.9288 acc1 61.49%
2026-03-31 17:06:43 - __main__ - INFO - 
Epoch 68/100 | lr 0.026940
2026-03-31 17:07:33 - __main__ - INFO - Train: loss 0.0221 acc1 99.69%
2026-03-31 17:07:33 - __main__ - INFO - Val:   loss 1.8841 acc1 62.49%
2026-03-31 17:07:33 - __main__ - INFO - saved best: 62.49%
2026-03-31 17:07:33 - __main__ - INFO - 
Epoch 69/100 | lr 0.025486
2026-03-31 17:08:23 - __main__ - INFO - Train: loss 0.0186 acc1 99.78%
2026-03-31 17:08:23 - __main__ - INFO - Val:   loss 1.8431 acc1 62.34%
2026-03-31 17:08:23 - __main__ - INFO - 
Epoch 70/100 | lr 0.024059
2026-03-31 17:09:13 - __main__ - INFO - Train: loss 0.0160 acc1 99.80%
2026-03-31 17:09:13 - __main__ - INFO - Val:   loss 1.8317 acc1 62.85%
2026-03-31 17:09:13 - __main__ - INFO - saved best: 62.85%
2026-03-31 17:09:13 - __main__ - INFO - 
Epoch 71/100 | lr 0.022660
2026-03-31 17:10:03 - __main__ - INFO - Train: loss 0.0139 acc1 99.85%
2026-03-31 17:10:03 - __main__ - INFO - Val:   loss 1.8196 acc1 63.04%
2026-03-31 17:10:03 - __main__ - INFO - saved best: 63.04%
2026-03-31 17:10:03 - __main__ - INFO - 
Epoch 72/100 | lr 0.021291
2026-03-31 17:10:52 - __main__ - INFO - Train: loss 0.0123 acc1 99.90%
2026-03-31 17:10:52 - __main__ - INFO - Val:   loss 1.8213 acc1 62.96%
2026-03-31 17:10:52 - __main__ - INFO - 
Epoch 73/100 | lr 0.019954
2026-03-31 17:11:42 - __main__ - INFO - Train: loss 0.0116 acc1 99.90%
2026-03-31 17:11:42 - __main__ - INFO - Val:   loss 1.7836 acc1 63.27%
2026-03-31 17:11:42 - __main__ - INFO - saved best: 63.27%
2026-03-31 17:11:42 - __main__ - INFO - 
Epoch 74/100 | lr 0.018649
2026-03-31 17:12:32 - __main__ - INFO - Train: loss 0.0106 acc1 99.92%
2026-03-31 17:12:32 - __main__ - INFO - Val:   loss 1.7662 acc1 63.53%
2026-03-31 17:12:32 - __main__ - INFO - saved best: 63.53%
2026-03-31 17:12:32 - __main__ - INFO - 
Epoch 75/100 | lr 0.017379
2026-03-31 17:13:22 - __main__ - INFO - Train: loss 0.0091 acc1 99.95%
2026-03-31 17:13:22 - __main__ - INFO - Val:   loss 1.7612 acc1 63.63%
2026-03-31 17:13:22 - __main__ - INFO - saved best: 63.63%
2026-03-31 17:13:22 - __main__ - INFO - 
Epoch 76/100 | lr 0.016144
2026-03-31 17:14:11 - __main__ - INFO - Train: loss 0.0085 acc1 99.95%
2026-03-31 17:14:11 - __main__ - INFO - Val:   loss 1.7528 acc1 63.83%
2026-03-31 17:14:11 - __main__ - INFO - saved best: 63.83%
2026-03-31 17:14:11 - __main__ - INFO - 
Epoch 77/100 | lr 0.014947
2026-03-31 17:15:01 - __main__ - INFO - Train: loss 0.0084 acc1 99.95%
2026-03-31 17:15:01 - __main__ - INFO - Val:   loss 1.7449 acc1 63.93%
2026-03-31 17:15:01 - __main__ - INFO - saved best: 63.93%
2026-03-31 17:15:01 - __main__ - INFO - 
Epoch 78/100 | lr 0.013787
2026-03-31 17:15:51 - __main__ - INFO - Train: loss 0.0084 acc1 99.94%
2026-03-31 17:15:51 - __main__ - INFO - Val:   loss 1.7415 acc1 63.83%
2026-03-31 17:15:51 - __main__ - INFO - 
Epoch 79/100 | lr 0.012668
2026-03-31 17:16:41 - __main__ - INFO - Train: loss 0.0076 acc1 99.96%
2026-03-31 17:16:41 - __main__ - INFO - Val:   loss 1.7300 acc1 63.89%
2026-03-31 17:16:41 - __main__ - INFO - 
Epoch 80/100 | lr 0.011589
2026-03-31 17:17:31 - __main__ - INFO - Train: loss 0.0075 acc1 99.97%
2026-03-31 17:17:31 - __main__ - INFO - Val:   loss 1.7221 acc1 63.85%
2026-03-31 17:17:31 - __main__ - INFO - 
Epoch 81/100 | lr 0.010552
2026-03-31 17:18:21 - __main__ - INFO - Train: loss 0.0073 acc1 99.97%
2026-03-31 17:18:21 - __main__ - INFO - Val:   loss 1.7067 acc1 64.18%
2026-03-31 17:18:21 - __main__ - INFO - saved best: 64.18%
2026-03-31 17:18:21 - __main__ - INFO - 
Epoch 82/100 | lr 0.009558
2026-03-31 17:19:11 - __main__ - INFO - Train: loss 0.0072 acc1 99.96%
2026-03-31 17:19:11 - __main__ - INFO - Val:   loss 1.7088 acc1 64.00%
2026-03-31 17:19:11 - __main__ - INFO - 
Epoch 83/100 | lr 0.008609
2026-03-31 17:20:01 - __main__ - INFO - Train: loss 0.0071 acc1 99.96%
2026-03-31 17:20:01 - __main__ - INFO - Val:   loss 1.7141 acc1 63.83%
2026-03-31 17:20:01 - __main__ - INFO - 
Epoch 84/100 | lr 0.007704
2026-03-31 17:20:50 - __main__ - INFO - Train: loss 0.0068 acc1 99.98%
2026-03-31 17:20:50 - __main__ - INFO - Val:   loss 1.6979 acc1 64.07%
2026-03-31 17:20:50 - __main__ - INFO - 
Epoch 85/100 | lr 0.006846
2026-03-31 17:21:40 - __main__ - INFO - Train: loss 0.0067 acc1 99.97%
2026-03-31 17:21:40 - __main__ - INFO - Val:   loss 1.6973 acc1 63.69%
2026-03-31 17:21:40 - __main__ - INFO - 
Epoch 86/100 | lr 0.006036
2026-03-31 17:22:29 - __main__ - INFO - Train: loss 0.0065 acc1 99.97%
2026-03-31 17:22:29 - __main__ - INFO - Val:   loss 1.6931 acc1 63.92%
2026-03-31 17:22:29 - __main__ - INFO - 
Epoch 87/100 | lr 0.005273
2026-03-31 17:23:19 - __main__ - INFO - Train: loss 0.0065 acc1 99.97%
2026-03-31 17:23:19 - __main__ - INFO - Val:   loss 1.6875 acc1 64.22%
2026-03-31 17:23:19 - __main__ - INFO - saved best: 64.22%
2026-03-31 17:23:19 - __main__ - INFO - 
Epoch 88/100 | lr 0.004559
2026-03-31 17:24:09 - __main__ - INFO - Train: loss 0.0063 acc1 99.97%
2026-03-31 17:24:09 - __main__ - INFO - Val:   loss 1.6889 acc1 64.10%
2026-03-31 17:24:09 - __main__ - INFO - 
Epoch 89/100 | lr 0.003895
2026-03-31 17:24:59 - __main__ - INFO - Train: loss 0.0063 acc1 99.98%
2026-03-31 17:24:59 - __main__ - INFO - Val:   loss 1.6894 acc1 63.82%
2026-03-31 17:24:59 - __main__ - INFO - 
Epoch 90/100 | lr 0.003281
2026-03-31 17:25:48 - __main__ - INFO - Train: loss 0.0061 acc1 99.98%
2026-03-31 17:25:48 - __main__ - INFO - Val:   loss 1.6861 acc1 64.04%
2026-03-31 17:25:48 - __main__ - INFO - 
Epoch 91/100 | lr 0.002719
2026-03-31 17:26:38 - __main__ - INFO - Train: loss 0.0060 acc1 99.98%
2026-03-31 17:26:38 - __main__ - INFO - Val:   loss 1.6842 acc1 64.03%
2026-03-31 17:26:38 - __main__ - INFO - 
Epoch 92/100 | lr 0.002208
2026-03-31 17:27:28 - __main__ - INFO - Train: loss 0.0060 acc1 99.98%
2026-03-31 17:27:28 - __main__ - INFO - Val:   loss 1.6917 acc1 64.15%
2026-03-31 17:27:28 - __main__ - INFO - 
Epoch 93/100 | lr 0.001749
2026-03-31 17:28:18 - __main__ - INFO - Train: loss 0.0059 acc1 99.98%
2026-03-31 17:28:18 - __main__ - INFO - Val:   loss 1.6809 acc1 64.13%
2026-03-31 17:28:18 - __main__ - INFO - 
Epoch 94/100 | lr 0.001344
2026-03-31 17:29:07 - __main__ - INFO - Train: loss 0.0059 acc1 99.98%
2026-03-31 17:29:07 - __main__ - INFO - Val:   loss 1.6804 acc1 64.03%
2026-03-31 17:29:07 - __main__ - INFO - 
Epoch 95/100 | lr 0.000991
2026-03-31 17:29:57 - __main__ - INFO - Train: loss 0.0060 acc1 99.98%
2026-03-31 17:29:57 - __main__ - INFO - Val:   loss 1.6820 acc1 64.02%
2026-03-31 17:29:57 - __main__ - INFO - 
Epoch 96/100 | lr 0.000692
2026-03-31 17:30:47 - __main__ - INFO - Train: loss 0.0060 acc1 99.98%
2026-03-31 17:30:47 - __main__ - INFO - Val:   loss 1.6876 acc1 64.00%
2026-03-31 17:30:47 - __main__ - INFO - 
Epoch 97/100 | lr 0.000447
2026-03-31 17:31:38 - __main__ - INFO - Train: loss 0.0059 acc1 99.98%
2026-03-31 17:31:38 - __main__ - INFO - Val:   loss 1.6778 acc1 64.17%
2026-03-31 17:31:38 - __main__ - INFO - 
Epoch 98/100 | lr 0.000256
2026-03-31 17:32:28 - __main__ - INFO - Train: loss 0.0059 acc1 99.98%
2026-03-31 17:32:28 - __main__ - INFO - Val:   loss 1.6777 acc1 64.02%
2026-03-31 17:32:28 - __main__ - INFO - 
Epoch 99/100 | lr 0.000119
2026-03-31 17:33:17 - __main__ - INFO - Train: loss 0.0059 acc1 99.98%
2026-03-31 17:33:17 - __main__ - INFO - Val:   loss 1.6826 acc1 64.05%
2026-03-31 17:33:17 - __main__ - INFO - 
Epoch 100/100 | lr 0.000037
2026-03-31 17:34:07 - __main__ - INFO - Train: loss 0.0059 acc1 99.98%
2026-03-31 17:34:07 - __main__ - INFO - Val:   loss 1.6806 acc1 63.94%
2026-03-31 17:34:07 - __main__ - INFO - Loaded best checkpoint weights for final test evaluation.
2026-03-31 17:34:09 - __main__ - INFO - 
Best tracked (val): 64.22%
2026-03-31 17:34:09 - __main__ - INFO - Final test: loss 2.7905 acc1 55.61%
2026-03-31 17:34:15 - __main__ - INFO - Variant [low_saliency] done — test acc 55.61%, test loss 2.7905
2026-03-31 17:34:15 - __main__ - INFO - 
============================================================
2026-03-31 17:34:15 - __main__ - INFO - Training output model: densenet121 [random_sparsity]
2026-03-31 17:34:15 - __main__ - INFO -   Resolved config → opt=sgd, lr=0.1, wd=0.0001, bs=128, epochs=100, scheduler=cosine, warmup=5
2026-03-31 17:34:15 - __main__ - INFO - ============================================================
2026-03-31 17:34:15 - __main__ - INFO -   Validation during training uses variant split with val_split=0.1
2026-03-31 17:34:15 - __main__ - INFO -   Final test uses random_sparsity variant test split
2026-03-31 17:34:15 - __main__ - INFO - device: cuda | cuda: True | gpu: NVIDIA L4
2026-03-31 17:34:16 - __main__ - INFO - Model: densenet121 | Dataset: tiny_imagenet | Classes: 200 | Optimizer: sgd
2026-03-31 17:34:16 - __main__ - INFO - 
Epoch 1/100 | lr 0.000100
2026-03-31 17:35:05 - __main__ - INFO - Train: loss 5.3107 acc1 0.64%
2026-03-31 17:35:05 - __main__ - INFO - Val:   loss 5.2897 acc1 0.91%
2026-03-31 17:35:05 - __main__ - INFO - saved best: 0.91%
2026-03-31 17:35:05 - __main__ - INFO - 
Epoch 2/100 | lr 0.020080
2026-03-31 17:35:55 - __main__ - INFO - Train: loss 4.6686 acc1 6.07%
2026-03-31 17:35:55 - __main__ - INFO - Val:   loss 4.3178 acc1 9.74%
2026-03-31 17:35:55 - __main__ - INFO - saved best: 9.74%
2026-03-31 17:35:55 - __main__ - INFO - 
Epoch 3/100 | lr 0.040060
2026-03-31 17:36:44 - __main__ - INFO - Train: loss 4.1467 acc1 12.25%
2026-03-31 17:36:44 - __main__ - INFO - Val:   loss 3.9996 acc1 14.60%
2026-03-31 17:36:44 - __main__ - INFO - saved best: 14.60%
2026-03-31 17:36:44 - __main__ - INFO - 
Epoch 4/100 | lr 0.060040
2026-03-31 17:37:33 - __main__ - INFO - Train: loss 3.7635 acc1 17.49%
2026-03-31 17:37:33 - __main__ - INFO - Val:   loss 4.0041 acc1 17.44%
2026-03-31 17:37:33 - __main__ - INFO - saved best: 17.44%
2026-03-31 17:37:33 - __main__ - INFO - 
Epoch 5/100 | lr 0.080020
2026-03-31 17:38:21 - __main__ - INFO - Train: loss 3.4709 acc1 22.09%
2026-03-31 17:38:21 - __main__ - INFO - Val:   loss 3.5982 acc1 21.44%
2026-03-31 17:38:21 - __main__ - INFO - saved best: 21.44%
2026-03-31 17:38:21 - __main__ - INFO - 
Epoch 6/100 | lr 0.100000
2026-03-31 17:39:11 - __main__ - INFO - Train: loss 3.2568 acc1 25.69%
2026-03-31 17:39:11 - __main__ - INFO - Val:   loss 3.5168 acc1 22.96%
2026-03-31 17:39:11 - __main__ - INFO - saved best: 22.96%
2026-03-31 17:39:11 - __main__ - INFO - 
Epoch 7/100 | lr 0.099973
2026-03-31 17:40:00 - __main__ - INFO - Train: loss 3.0282 acc1 29.69%
2026-03-31 17:40:00 - __main__ - INFO - Val:   loss 3.2063 acc1 27.75%
2026-03-31 17:40:00 - __main__ - INFO - saved best: 27.75%
2026-03-31 17:40:00 - __main__ - INFO - 
Epoch 8/100 | lr 0.099891
2026-03-31 17:40:49 - __main__ - INFO - Train: loss 2.8451 acc1 32.77%
2026-03-31 17:40:49 - __main__ - INFO - Val:   loss 3.0657 acc1 30.53%
2026-03-31 17:40:49 - __main__ - INFO - saved best: 30.53%
2026-03-31 17:40:49 - __main__ - INFO - 
Epoch 9/100 | lr 0.099754
2026-03-31 17:41:38 - __main__ - INFO - Train: loss 2.6990 acc1 35.75%
2026-03-31 17:41:38 - __main__ - INFO - Val:   loss 2.9521 acc1 32.16%
2026-03-31 17:41:38 - __main__ - INFO - saved best: 32.16%
2026-03-31 17:41:38 - __main__ - INFO - 
Epoch 10/100 | lr 0.099563
2026-03-31 17:42:28 - __main__ - INFO - Train: loss 2.5664 acc1 38.23%
2026-03-31 17:42:28 - __main__ - INFO - Val:   loss 2.9070 acc1 33.45%
2026-03-31 17:42:28 - __main__ - INFO - saved best: 33.45%
2026-03-31 17:42:28 - __main__ - INFO - 
Epoch 11/100 | lr 0.099318
2026-03-31 17:43:17 - __main__ - INFO - Train: loss 2.4559 acc1 40.19%
2026-03-31 17:43:17 - __main__ - INFO - Val:   loss 2.9596 acc1 33.22%
2026-03-31 17:43:17 - __main__ - INFO - 
Epoch 12/100 | lr 0.099019
2026-03-31 17:44:06 - __main__ - INFO - Train: loss 2.3652 acc1 42.08%
2026-03-31 17:44:06 - __main__ - INFO - Val:   loss 2.7726 acc1 36.32%
2026-03-31 17:44:06 - __main__ - INFO - saved best: 36.32%
2026-03-31 17:44:06 - __main__ - INFO - 
Epoch 13/100 | lr 0.098666
2026-03-31 17:44:55 - __main__ - INFO - Train: loss 2.2667 acc1 44.02%
2026-03-31 17:44:55 - __main__ - INFO - Val:   loss 2.8345 acc1 35.89%
2026-03-31 17:44:55 - __main__ - INFO - 
Epoch 14/100 | lr 0.098261
2026-03-31 17:45:43 - __main__ - INFO - Train: loss 2.1824 acc1 45.77%
2026-03-31 17:45:43 - __main__ - INFO - Val:   loss 2.7766 acc1 37.08%
2026-03-31 17:45:43 - __main__ - INFO - saved best: 37.08%
2026-03-31 17:45:43 - __main__ - INFO - 
Epoch 15/100 | lr 0.097802
2026-03-31 17:46:32 - __main__ - INFO - Train: loss 2.1039 acc1 47.08%
2026-03-31 17:46:32 - __main__ - INFO - Val:   loss 2.8491 acc1 35.79%
2026-03-31 17:46:32 - __main__ - INFO - 
Epoch 16/100 | lr 0.097291
2026-03-31 17:47:21 - __main__ - INFO - Train: loss 2.0290 acc1 48.69%
2026-03-31 17:47:21 - __main__ - INFO - Val:   loss 2.6984 acc1 37.92%
2026-03-31 17:47:21 - __main__ - INFO - saved best: 37.92%
2026-03-31 17:47:21 - __main__ - INFO - 
Epoch 17/100 | lr 0.096729
2026-03-31 17:48:09 - __main__ - INFO - Train: loss 1.9557 acc1 50.35%
2026-03-31 17:48:09 - __main__ - INFO - Val:   loss 2.7419 acc1 38.12%
2026-03-31 17:48:09 - __main__ - INFO - saved best: 38.12%
2026-03-31 17:48:09 - __main__ - INFO - 
Epoch 18/100 | lr 0.096115
2026-03-31 17:48:57 - __main__ - INFO - Train: loss 1.8958 acc1 51.60%
2026-03-31 17:48:57 - __main__ - INFO - Val:   loss 2.7211 acc1 38.44%
2026-03-31 17:48:57 - __main__ - INFO - saved best: 38.44%
2026-03-31 17:48:57 - __main__ - INFO - 
Epoch 19/100 | lr 0.095451
2026-03-31 17:49:45 - __main__ - INFO - Train: loss 1.8302 acc1 52.79%
2026-03-31 17:49:45 - __main__ - INFO - Val:   loss 2.7904 acc1 38.44%
2026-03-31 17:49:45 - __main__ - INFO - 
Epoch 20/100 | lr 0.094737
2026-03-31 17:50:34 - __main__ - INFO - Train: loss 1.7554 acc1 54.26%
2026-03-31 17:50:34 - __main__ - INFO - Val:   loss 2.7786 acc1 38.93%
2026-03-31 17:50:34 - __main__ - INFO - saved best: 38.93%
2026-03-31 17:50:34 - __main__ - INFO - 
Epoch 21/100 | lr 0.093974
2026-03-31 17:51:23 - __main__ - INFO - Train: loss 1.7087 acc1 55.36%
2026-03-31 17:51:23 - __main__ - INFO - Val:   loss 2.8229 acc1 38.12%
2026-03-31 17:51:23 - __main__ - INFO - 
Epoch 22/100 | lr 0.093164
2026-03-31 17:52:12 - __main__ - INFO - Train: loss 1.6411 acc1 56.65%
2026-03-31 17:52:12 - __main__ - INFO - Val:   loss 2.7809 acc1 38.29%
2026-03-31 17:52:12 - __main__ - INFO - 
Epoch 23/100 | lr 0.092306
2026-03-31 17:53:00 - __main__ - INFO - Train: loss 1.5904 acc1 57.74%
2026-03-31 17:53:00 - __main__ - INFO - Val:   loss 2.8368 acc1 38.64%
2026-03-31 17:53:00 - __main__ - INFO - 
Epoch 24/100 | lr 0.091401
2026-03-31 17:53:49 - __main__ - INFO - Train: loss 1.5323 acc1 59.19%
2026-03-31 17:53:49 - __main__ - INFO - Val:   loss 2.9068 acc1 38.01%
2026-03-31 17:53:49 - __main__ - INFO - 
Epoch 25/100 | lr 0.090452
2026-03-31 17:54:38 - __main__ - INFO - Train: loss 1.4918 acc1 59.80%
2026-03-31 17:54:38 - __main__ - INFO - Val:   loss 2.8323 acc1 39.40%
2026-03-31 17:54:38 - __main__ - INFO - saved best: 39.40%
2026-03-31 17:54:38 - __main__ - INFO - 
Epoch 26/100 | lr 0.089458
2026-03-31 17:55:28 - __main__ - INFO - Train: loss 1.4360 acc1 61.07%
2026-03-31 17:55:28 - __main__ - INFO - Val:   loss 2.9449 acc1 38.10%
2026-03-31 17:55:28 - __main__ - INFO - 
Epoch 27/100 | lr 0.088421
2026-03-31 17:56:17 - __main__ - INFO - Train: loss 1.3812 acc1 62.52%
2026-03-31 17:56:17 - __main__ - INFO - Val:   loss 2.9857 acc1 38.64%
2026-03-31 17:56:17 - __main__ - INFO - 
Epoch 28/100 | lr 0.087342
2026-03-31 17:57:06 - __main__ - INFO - Train: loss 1.3363 acc1 63.29%
2026-03-31 17:57:06 - __main__ - INFO - Val:   loss 3.0620 acc1 37.30%
2026-03-31 17:57:06 - __main__ - INFO - 
Epoch 29/100 | lr 0.086223
2026-03-31 17:57:54 - __main__ - INFO - Train: loss 1.2861 acc1 64.51%
2026-03-31 17:57:54 - __main__ - INFO - Val:   loss 3.0250 acc1 38.28%
2026-03-31 17:57:54 - __main__ - INFO - 
Epoch 30/100 | lr 0.085063
2026-03-31 17:58:43 - __main__ - INFO - Train: loss 1.2326 acc1 65.69%
2026-03-31 17:58:43 - __main__ - INFO - Val:   loss 3.0752 acc1 38.69%
2026-03-31 17:58:43 - __main__ - INFO - 
Epoch 31/100 | lr 0.083866
2026-03-31 17:59:32 - __main__ - INFO - Train: loss 1.1992 acc1 66.39%
2026-03-31 17:59:32 - __main__ - INFO - Val:   loss 3.0530 acc1 38.88%
2026-03-31 17:59:32 - __main__ - INFO - 
Epoch 32/100 | lr 0.082631
2026-03-31 18:00:21 - __main__ - INFO - Train: loss 1.1447 acc1 68.00%
2026-03-31 18:00:21 - __main__ - INFO - Val:   loss 3.0803 acc1 38.36%
2026-03-31 18:00:21 - __main__ - INFO - 
Epoch 33/100 | lr 0.081361
2026-03-31 18:01:10 - __main__ - INFO - Train: loss 1.1104 acc1 68.73%
2026-03-31 18:01:10 - __main__ - INFO - Val:   loss 3.1269 acc1 38.57%
2026-03-31 18:01:10 - __main__ - INFO - 
Epoch 34/100 | lr 0.080056
2026-03-31 18:02:00 - __main__ - INFO - Train: loss 1.0657 acc1 69.62%
2026-03-31 18:02:00 - __main__ - INFO - Val:   loss 3.2015 acc1 38.50%
2026-03-31 18:02:00 - __main__ - INFO - 
Epoch 35/100 | lr 0.078719
2026-03-31 18:02:49 - __main__ - INFO - Train: loss 1.0236 acc1 70.72%
2026-03-31 18:02:49 - __main__ - INFO - Val:   loss 3.2065 acc1 38.55%
2026-03-31 18:02:49 - __main__ - INFO - 
Epoch 36/100 | lr 0.077350
2026-03-31 18:03:39 - __main__ - INFO - Train: loss 0.9881 acc1 71.56%
2026-03-31 18:03:39 - __main__ - INFO - Val:   loss 3.2586 acc1 37.60%
2026-03-31 18:03:39 - __main__ - INFO - 
Epoch 37/100 | lr 0.075951
2026-03-31 18:04:27 - __main__ - INFO - Train: loss 0.9372 acc1 72.93%
2026-03-31 18:04:27 - __main__ - INFO - Val:   loss 3.2894 acc1 38.57%
2026-03-31 18:04:27 - __main__ - INFO - 
Epoch 38/100 | lr 0.074524
2026-03-31 18:05:16 - __main__ - INFO - Train: loss 0.8978 acc1 73.93%
2026-03-31 18:05:16 - __main__ - INFO - Val:   loss 3.3473 acc1 39.07%
2026-03-31 18:05:16 - __main__ - INFO - 
Epoch 39/100 | lr 0.073070
2026-03-31 18:06:05 - __main__ - INFO - Train: loss 0.8471 acc1 75.29%
2026-03-31 18:06:05 - __main__ - INFO - Val:   loss 3.3629 acc1 38.06%
2026-03-31 18:06:05 - __main__ - INFO - 
Epoch 40/100 | lr 0.071591
2026-03-31 18:06:54 - __main__ - INFO - Train: loss 0.8231 acc1 75.73%
2026-03-31 18:06:54 - __main__ - INFO - Val:   loss 3.3292 acc1 39.23%
2026-03-31 18:06:54 - __main__ - INFO - 
Epoch 41/100 | lr 0.070088
2026-03-31 18:07:42 - __main__ - INFO - Train: loss 0.7719 acc1 77.10%
2026-03-31 18:07:42 - __main__ - INFO - Val:   loss 3.3887 acc1 38.22%
2026-03-31 18:07:42 - __main__ - INFO - 
Epoch 42/100 | lr 0.068563
2026-03-31 18:08:30 - __main__ - INFO - Train: loss 0.7398 acc1 78.30%
2026-03-31 18:08:30 - __main__ - INFO - Val:   loss 3.4101 acc1 39.50%
2026-03-31 18:08:31 - __main__ - INFO - saved best: 39.50%
2026-03-31 18:08:31 - __main__ - INFO - 
Epoch 43/100 | lr 0.067018
2026-03-31 18:09:19 - __main__ - INFO - Train: loss 0.7054 acc1 79.03%
2026-03-31 18:09:19 - __main__ - INFO - Val:   loss 3.5880 acc1 37.51%
2026-03-31 18:09:19 - __main__ - INFO - 
Epoch 44/100 | lr 0.065454
2026-03-31 18:10:08 - __main__ - INFO - Train: loss 0.6576 acc1 80.50%
2026-03-31 18:10:08 - __main__ - INFO - Val:   loss 3.4831 acc1 39.29%
2026-03-31 18:10:08 - __main__ - INFO - 
Epoch 45/100 | lr 0.063874
2026-03-31 18:10:56 - __main__ - INFO - Train: loss 0.6330 acc1 81.08%
2026-03-31 18:10:56 - __main__ - INFO - Val:   loss 3.5449 acc1 37.80%
2026-03-31 18:10:56 - __main__ - INFO - 
Epoch 46/100 | lr 0.062278
2026-03-31 18:11:45 - __main__ - INFO - Train: loss 0.6077 acc1 81.82%
2026-03-31 18:11:45 - __main__ - INFO - Val:   loss 3.5440 acc1 38.09%
2026-03-31 18:11:45 - __main__ - INFO - 
Epoch 47/100 | lr 0.060669
2026-03-31 18:12:34 - __main__ - INFO - Train: loss 0.5691 acc1 82.78%
2026-03-31 18:12:34 - __main__ - INFO - Val:   loss 3.5877 acc1 39.44%
2026-03-31 18:12:34 - __main__ - INFO - 
Epoch 48/100 | lr 0.059048
2026-03-31 18:13:22 - __main__ - INFO - Train: loss 0.5354 acc1 83.85%
2026-03-31 18:13:22 - __main__ - INFO - Val:   loss 3.6383 acc1 39.01%
2026-03-31 18:13:22 - __main__ - INFO - 
Epoch 49/100 | lr 0.057417
2026-03-31 18:14:11 - __main__ - INFO - Train: loss 0.4878 acc1 85.24%
2026-03-31 18:14:11 - __main__ - INFO - Val:   loss 3.5658 acc1 39.24%
2026-03-31 18:14:11 - __main__ - INFO - 
Epoch 50/100 | lr 0.055779
2026-03-31 18:15:00 - __main__ - INFO - Train: loss 0.4515 acc1 86.43%
2026-03-31 18:15:00 - __main__ - INFO - Val:   loss 3.6249 acc1 39.26%
2026-03-31 18:15:00 - __main__ - INFO - 
Epoch 51/100 | lr 0.054134
2026-03-31 18:15:49 - __main__ - INFO - Train: loss 0.4429 acc1 86.67%
2026-03-31 18:15:49 - __main__ - INFO - Val:   loss 3.6622 acc1 39.20%
2026-03-31 18:15:49 - __main__ - INFO - 
Epoch 52/100 | lr 0.052484
2026-03-31 18:16:38 - __main__ - INFO - Train: loss 0.3922 acc1 88.34%
2026-03-31 18:16:38 - __main__ - INFO - Val:   loss 3.7380 acc1 39.13%
2026-03-31 18:16:38 - __main__ - INFO - 
Epoch 53/100 | lr 0.050832
2026-03-31 18:17:26 - __main__ - INFO - Train: loss 0.3663 acc1 89.14%
2026-03-31 18:17:26 - __main__ - INFO - Val:   loss 3.6232 acc1 40.00%
2026-03-31 18:17:26 - __main__ - INFO - saved best: 40.00%
2026-03-31 18:17:26 - __main__ - INFO - 
Epoch 54/100 | lr 0.049178
2026-03-31 18:18:15 - __main__ - INFO - Train: loss 0.3358 acc1 89.97%
2026-03-31 18:18:15 - __main__ - INFO - Val:   loss 3.7468 acc1 38.82%
2026-03-31 18:18:15 - __main__ - INFO - 
Epoch 55/100 | lr 0.047526
2026-03-31 18:19:03 - __main__ - INFO - Train: loss 0.3054 acc1 90.92%
2026-03-31 18:19:03 - __main__ - INFO - Val:   loss 3.7012 acc1 40.13%
2026-03-31 18:19:03 - __main__ - INFO - saved best: 40.13%
2026-03-31 18:19:03 - __main__ - INFO - 
Epoch 56/100 | lr 0.045876
2026-03-31 18:19:53 - __main__ - INFO - Train: loss 0.2850 acc1 91.48%
2026-03-31 18:19:53 - __main__ - INFO - Val:   loss 3.6762 acc1 40.09%
2026-03-31 18:19:53 - __main__ - INFO - 
Epoch 57/100 | lr 0.044231
2026-03-31 18:20:43 - __main__ - INFO - Train: loss 0.2640 acc1 92.27%
2026-03-31 18:20:43 - __main__ - INFO - Val:   loss 3.6867 acc1 41.33%
2026-03-31 18:20:43 - __main__ - INFO - saved best: 41.33%
2026-03-31 18:20:43 - __main__ - INFO - 
Epoch 58/100 | lr 0.042593
2026-03-31 18:21:32 - __main__ - INFO - Train: loss 0.2189 acc1 93.70%
2026-03-31 18:21:32 - __main__ - INFO - Val:   loss 3.6931 acc1 40.85%
2026-03-31 18:21:32 - __main__ - INFO - 
Epoch 59/100 | lr 0.040962
2026-03-31 18:22:21 - __main__ - INFO - Train: loss 0.2023 acc1 94.25%
2026-03-31 18:22:21 - __main__ - INFO - Val:   loss 3.6535 acc1 41.39%
2026-03-31 18:22:21 - __main__ - INFO - saved best: 41.39%
2026-03-31 18:22:21 - __main__ - INFO - 
Epoch 60/100 | lr 0.039341
2026-03-31 18:23:10 - __main__ - INFO - Train: loss 0.1776 acc1 95.03%
2026-03-31 18:23:10 - __main__ - INFO - Val:   loss 3.5676 acc1 41.63%
2026-03-31 18:23:10 - __main__ - INFO - saved best: 41.63%
2026-03-31 18:23:10 - __main__ - INFO - 
Epoch 61/100 | lr 0.037732
2026-03-31 18:23:59 - __main__ - INFO - Train: loss 0.1534 acc1 95.86%
2026-03-31 18:23:59 - __main__ - INFO - Val:   loss 3.5546 acc1 42.78%
2026-03-31 18:23:59 - __main__ - INFO - saved best: 42.78%
2026-03-31 18:23:59 - __main__ - INFO - 
Epoch 62/100 | lr 0.036136
2026-03-31 18:24:48 - __main__ - INFO - Train: loss 0.1275 acc1 96.65%
2026-03-31 18:24:48 - __main__ - INFO - Val:   loss 3.5951 acc1 42.27%
2026-03-31 18:24:48 - __main__ - INFO - 
Epoch 63/100 | lr 0.034556
2026-03-31 18:25:38 - __main__ - INFO - Train: loss 0.1055 acc1 97.37%
2026-03-31 18:25:38 - __main__ - INFO - Val:   loss 3.5611 acc1 42.57%
2026-03-31 18:25:38 - __main__ - INFO - 
Epoch 64/100 | lr 0.032992
2026-03-31 18:26:27 - __main__ - INFO - Train: loss 0.0847 acc1 98.11%
2026-03-31 18:26:27 - __main__ - INFO - Val:   loss 3.5289 acc1 42.96%
2026-03-31 18:26:27 - __main__ - INFO - saved best: 42.96%
2026-03-31 18:26:27 - __main__ - INFO - 
Epoch 65/100 | lr 0.031447
2026-03-31 18:27:15 - __main__ - INFO - Train: loss 0.0657 acc1 98.64%
2026-03-31 18:27:15 - __main__ - INFO - Val:   loss 3.4987 acc1 43.15%
2026-03-31 18:27:15 - __main__ - INFO - saved best: 43.15%
2026-03-31 18:27:15 - __main__ - INFO - 
Epoch 66/100 | lr 0.029922
2026-03-31 18:28:04 - __main__ - INFO - Train: loss 0.0523 acc1 98.99%
2026-03-31 18:28:04 - __main__ - INFO - Val:   loss 3.3928 acc1 44.48%
2026-03-31 18:28:04 - __main__ - INFO - saved best: 44.48%
2026-03-31 18:28:04 - __main__ - INFO - 
Epoch 67/100 | lr 0.028419
2026-03-31 18:28:53 - __main__ - INFO - Train: loss 0.0441 acc1 99.22%
2026-03-31 18:28:53 - __main__ - INFO - Val:   loss 3.4407 acc1 43.78%
2026-03-31 18:28:53 - __main__ - INFO - 
Epoch 68/100 | lr 0.026940
2026-03-31 18:29:42 - __main__ - INFO - Train: loss 0.0343 acc1 99.48%
2026-03-31 18:29:42 - __main__ - INFO - Val:   loss 3.3751 acc1 44.14%
2026-03-31 18:29:42 - __main__ - INFO - 
Epoch 69/100 | lr 0.025486
2026-03-31 18:30:31 - __main__ - INFO - Train: loss 0.0283 acc1 99.64%
2026-03-31 18:30:31 - __main__ - INFO - Val:   loss 3.3090 acc1 44.71%
2026-03-31 18:30:31 - __main__ - INFO - saved best: 44.71%
2026-03-31 18:30:31 - __main__ - INFO - 
Epoch 70/100 | lr 0.024059
2026-03-31 18:31:19 - __main__ - INFO - Train: loss 0.0248 acc1 99.67%
2026-03-31 18:31:19 - __main__ - INFO - Val:   loss 3.2616 acc1 45.04%
2026-03-31 18:31:19 - __main__ - INFO - saved best: 45.04%
2026-03-31 18:31:19 - __main__ - INFO - 
Epoch 71/100 | lr 0.022660
2026-03-31 18:32:08 - __main__ - INFO - Train: loss 0.0203 acc1 99.80%
2026-03-31 18:32:08 - __main__ - INFO - Val:   loss 3.2096 acc1 45.77%
2026-03-31 18:32:08 - __main__ - INFO - saved best: 45.77%
2026-03-31 18:32:08 - __main__ - INFO - 
Epoch 72/100 | lr 0.021291
2026-03-31 18:32:57 - __main__ - INFO - Train: loss 0.0175 acc1 99.84%
2026-03-31 18:32:57 - __main__ - INFO - Val:   loss 3.1847 acc1 45.98%
2026-03-31 18:32:57 - __main__ - INFO - saved best: 45.98%
2026-03-31 18:32:57 - __main__ - INFO - 
Epoch 73/100 | lr 0.019954
2026-03-31 18:33:45 - __main__ - INFO - Train: loss 0.0164 acc1 99.86%
2026-03-31 18:33:45 - __main__ - INFO - Val:   loss 3.1616 acc1 45.71%
2026-03-31 18:33:45 - __main__ - INFO - 
Epoch 74/100 | lr 0.018649
2026-03-31 18:34:34 - __main__ - INFO - Train: loss 0.0148 acc1 99.90%
2026-03-31 18:34:34 - __main__ - INFO - Val:   loss 3.1289 acc1 45.98%
2026-03-31 18:34:34 - __main__ - INFO - saved best: 45.98%
2026-03-31 18:34:34 - __main__ - INFO - 
Epoch 75/100 | lr 0.017379
2026-03-31 18:35:23 - __main__ - INFO - Train: loss 0.0138 acc1 99.91%
2026-03-31 18:35:23 - __main__ - INFO - Val:   loss 3.1239 acc1 45.99%
2026-03-31 18:35:23 - __main__ - INFO - saved best: 45.99%
2026-03-31 18:35:23 - __main__ - INFO - 
Epoch 76/100 | lr 0.016144
2026-03-31 18:36:12 - __main__ - INFO - Train: loss 0.0127 acc1 99.92%
2026-03-31 18:36:12 - __main__ - INFO - Val:   loss 3.0758 acc1 46.37%
2026-03-31 18:36:12 - __main__ - INFO - saved best: 46.37%
2026-03-31 18:36:12 - __main__ - INFO - 
Epoch 77/100 | lr 0.014947
2026-03-31 18:37:01 - __main__ - INFO - Train: loss 0.0123 acc1 99.93%
2026-03-31 18:37:01 - __main__ - INFO - Val:   loss 3.0797 acc1 45.73%
2026-03-31 18:37:01 - __main__ - INFO - 
Epoch 78/100 | lr 0.013787
2026-03-31 18:37:49 - __main__ - INFO - Train: loss 0.0109 acc1 99.97%
2026-03-31 18:37:49 - __main__ - INFO - Val:   loss 3.0581 acc1 45.80%
2026-03-31 18:37:49 - __main__ - INFO - 
Epoch 79/100 | lr 0.012668
2026-03-31 18:38:38 - __main__ - INFO - Train: loss 0.0102 acc1 99.97%
2026-03-31 18:38:38 - __main__ - INFO - Val:   loss 3.0437 acc1 46.23%
2026-03-31 18:38:38 - __main__ - INFO - 
Epoch 80/100 | lr 0.011589
2026-03-31 18:39:26 - __main__ - INFO - Train: loss 0.0100 acc1 99.97%
2026-03-31 18:39:26 - __main__ - INFO - Val:   loss 3.0251 acc1 46.15%
2026-03-31 18:39:26 - __main__ - INFO - 
Epoch 81/100 | lr 0.010552
2026-03-31 18:40:14 - __main__ - INFO - Train: loss 0.0101 acc1 99.96%
2026-03-31 18:40:14 - __main__ - INFO - Val:   loss 3.0128 acc1 46.31%
2026-03-31 18:40:14 - __main__ - INFO - 
Epoch 82/100 | lr 0.009558
2026-03-31 18:41:03 - __main__ - INFO - Train: loss 0.0097 acc1 99.96%
2026-03-31 18:41:03 - __main__ - INFO - Val:   loss 3.0152 acc1 46.48%
2026-03-31 18:41:03 - __main__ - INFO - saved best: 46.48%
2026-03-31 18:41:03 - __main__ - INFO - 
Epoch 83/100 | lr 0.008609
2026-03-31 18:41:51 - __main__ - INFO - Train: loss 0.0093 acc1 99.97%
2026-03-31 18:41:51 - __main__ - INFO - Val:   loss 2.9896 acc1 46.55%
2026-03-31 18:41:51 - __main__ - INFO - saved best: 46.55%
2026-03-31 18:41:51 - __main__ - INFO - 
Epoch 84/100 | lr 0.007704
2026-03-31 18:42:40 - __main__ - INFO - Train: loss 0.0092 acc1 99.97%
2026-03-31 18:42:40 - __main__ - INFO - Val:   loss 2.9898 acc1 46.38%
2026-03-31 18:42:40 - __main__ - INFO - 
Epoch 85/100 | lr 0.006846
2026-03-31 18:43:28 - __main__ - INFO - Train: loss 0.0092 acc1 99.98%
2026-03-31 18:43:28 - __main__ - INFO - Val:   loss 2.9750 acc1 46.55%
2026-03-31 18:43:28 - __main__ - INFO - 
Epoch 86/100 | lr 0.006036
2026-03-31 18:44:18 - __main__ - INFO - Train: loss 0.0088 acc1 99.98%
2026-03-31 18:44:18 - __main__ - INFO - Val:   loss 2.9687 acc1 46.53%
2026-03-31 18:44:18 - __main__ - INFO - 
Epoch 87/100 | lr 0.005273
2026-03-31 18:45:06 - __main__ - INFO - Train: loss 0.0086 acc1 99.98%
2026-03-31 18:45:06 - __main__ - INFO - Val:   loss 2.9606 acc1 46.35%
2026-03-31 18:45:06 - __main__ - INFO - 
Epoch 88/100 | lr 0.004559
2026-03-31 18:45:56 - __main__ - INFO - Train: loss 0.0083 acc1 99.98%
2026-03-31 18:45:56 - __main__ - INFO - Val:   loss 2.9618 acc1 46.38%
2026-03-31 18:45:56 - __main__ - INFO - 
Epoch 89/100 | lr 0.003895
2026-03-31 18:46:46 - __main__ - INFO - Train: loss 0.0083 acc1 99.99%
2026-03-31 18:46:46 - __main__ - INFO - Val:   loss 2.9600 acc1 46.61%
2026-03-31 18:46:46 - __main__ - INFO - saved best: 46.61%
2026-03-31 18:46:46 - __main__ - INFO - 
Epoch 90/100 | lr 0.003281
2026-03-31 18:47:35 - __main__ - INFO - Train: loss 0.0083 acc1 99.99%
2026-03-31 18:47:35 - __main__ - INFO - Val:   loss 2.9522 acc1 46.61%
2026-03-31 18:47:35 - __main__ - INFO - saved best: 46.61%
2026-03-31 18:47:35 - __main__ - INFO - 
Epoch 91/100 | lr 0.002719
2026-03-31 18:48:24 - __main__ - INFO - Train: loss 0.0082 acc1 99.99%
2026-03-31 18:48:24 - __main__ - INFO - Val:   loss 2.9517 acc1 46.37%
2026-03-31 18:48:24 - __main__ - INFO - 
Epoch 92/100 | lr 0.002208
2026-03-31 18:49:13 - __main__ - INFO - Train: loss 0.0082 acc1 99.99%
2026-03-31 18:49:13 - __main__ - INFO - Val:   loss 2.9518 acc1 46.21%
2026-03-31 18:49:13 - __main__ - INFO - 
Epoch 93/100 | lr 0.001749
2026-03-31 18:50:02 - __main__ - INFO - Train: loss 0.0082 acc1 99.99%
2026-03-31 18:50:02 - __main__ - INFO - Val:   loss 2.9412 acc1 46.33%
2026-03-31 18:50:02 - __main__ - INFO - 
Epoch 94/100 | lr 0.001344
2026-03-31 18:50:51 - __main__ - INFO - Train: loss 0.0081 acc1 99.99%
2026-03-31 18:50:51 - __main__ - INFO - Val:   loss 2.9469 acc1 46.47%
2026-03-31 18:50:51 - __main__ - INFO - 
Epoch 95/100 | lr 0.000991
2026-03-31 18:51:40 - __main__ - INFO - Train: loss 0.0082 acc1 99.98%
2026-03-31 18:51:40 - __main__ - INFO - Val:   loss 2.9439 acc1 46.58%
2026-03-31 18:51:40 - __main__ - INFO - 
Epoch 96/100 | lr 0.000692
2026-03-31 18:52:29 - __main__ - INFO - Train: loss 0.0081 acc1 99.99%
2026-03-31 18:52:29 - __main__ - INFO - Val:   loss 2.9470 acc1 46.30%
2026-03-31 18:52:29 - __main__ - INFO - 
Epoch 97/100 | lr 0.000447
2026-03-31 18:53:17 - __main__ - INFO - Train: loss 0.0081 acc1 99.99%
2026-03-31 18:53:17 - __main__ - INFO - Val:   loss 2.9438 acc1 46.46%
2026-03-31 18:53:17 - __main__ - INFO - 
Epoch 98/100 | lr 0.000256
2026-03-31 18:54:05 - __main__ - INFO - Train: loss 0.0080 acc1 99.98%
2026-03-31 18:54:05 - __main__ - INFO - Val:   loss 2.9428 acc1 46.57%
2026-03-31 18:54:05 - __main__ - INFO - 
Epoch 99/100 | lr 0.000119
2026-03-31 18:54:54 - __main__ - INFO - Train: loss 0.0079 acc1 99.99%
2026-03-31 18:54:54 - __main__ - INFO - Val:   loss 2.9432 acc1 46.44%
2026-03-31 18:54:54 - __main__ - INFO - 
Epoch 100/100 | lr 0.000037
2026-03-31 18:55:43 - __main__ - INFO - Train: loss 0.0082 acc1 99.98%
2026-03-31 18:55:43 - __main__ - INFO - Val:   loss 2.9444 acc1 46.47%
2026-03-31 18:55:43 - __main__ - INFO - Loaded best checkpoint weights for final test evaluation.
2026-03-31 18:55:45 - __main__ - INFO - 
Best tracked (val): 46.61%
2026-03-31 18:55:45 - __main__ - INFO - Final test: loss 3.2454 acc1 44.39%
2026-03-31 18:55:53 - __main__ - INFO - Variant [random_sparsity] done — test acc 44.39%, test loss 3.2454
2026-03-31 18:55:53 - __main__ - INFO - 
============================================================
2026-03-31 18:55:53 - __main__ - INFO - Training output model: densenet121 [shuffled_cam_low_saliency]
2026-03-31 18:55:53 - __main__ - INFO -   Resolved config → opt=sgd, lr=0.1, wd=0.0001, bs=128, epochs=100, scheduler=cosine, warmup=5
2026-03-31 18:55:53 - __main__ - INFO - ============================================================
2026-03-31 18:55:53 - __main__ - INFO -   Validation during training uses variant split with val_split=0.1
2026-03-31 18:55:53 - __main__ - INFO -   Final test uses shuffled_cam_low_saliency variant test split
2026-03-31 18:55:53 - __main__ - INFO - device: cuda | cuda: True | gpu: NVIDIA L4
2026-03-31 18:55:54 - __main__ - INFO - Model: densenet121 | Dataset: tiny_imagenet | Classes: 200 | Optimizer: sgd
2026-03-31 18:55:54 - __main__ - INFO - 
Epoch 1/100 | lr 0.000100
2026-03-31 18:56:42 - __main__ - INFO - Train: loss 5.3139 acc1 0.60%
2026-03-31 18:56:42 - __main__ - INFO - Val:   loss 5.2965 acc1 0.75%
2026-03-31 18:56:42 - __main__ - INFO - saved best: 0.75%
2026-03-31 18:56:42 - __main__ - INFO - 
Epoch 2/100 | lr 0.020080
2026-03-31 18:57:31 - __main__ - INFO - Train: loss 4.6352 acc1 6.67%
2026-03-31 18:57:31 - __main__ - INFO - Val:   loss 4.2316 acc1 10.85%
2026-03-31 18:57:31 - __main__ - INFO - saved best: 10.85%
2026-03-31 18:57:31 - __main__ - INFO - 
Epoch 3/100 | lr 0.040060
2026-03-31 18:58:19 - __main__ - INFO - Train: loss 4.0414 acc1 13.53%
2026-03-31 18:58:19 - __main__ - INFO - Val:   loss 3.8545 acc1 15.56%
2026-03-31 18:58:19 - __main__ - INFO - saved best: 15.56%
2026-03-31 18:58:19 - __main__ - INFO - 
Epoch 4/100 | lr 0.060040
2026-03-31 18:59:07 - __main__ - INFO - Train: loss 3.6794 acc1 18.72%
2026-03-31 18:59:07 - __main__ - INFO - Val:   loss 3.6801 acc1 19.36%
2026-03-31 18:59:07 - __main__ - INFO - saved best: 19.36%
2026-03-31 18:59:07 - __main__ - INFO - 
Epoch 5/100 | lr 0.080020
2026-03-31 18:59:57 - __main__ - INFO - Train: loss 3.4006 acc1 23.26%
2026-03-31 18:59:57 - __main__ - INFO - Val:   loss 3.4781 acc1 22.78%
2026-03-31 18:59:57 - __main__ - INFO - saved best: 22.78%
2026-03-31 18:59:57 - __main__ - INFO - 
Epoch 6/100 | lr 0.100000
2026-03-31 19:00:46 - __main__ - INFO - Train: loss 3.1871 acc1 26.79%
2026-03-31 19:00:46 - __main__ - INFO - Val:   loss 3.2322 acc1 26.03%
2026-03-31 19:00:46 - __main__ - INFO - saved best: 26.03%
2026-03-31 19:00:46 - __main__ - INFO - 
Epoch 7/100 | lr 0.099973
2026-03-31 19:01:34 - __main__ - INFO - Train: loss 2.9636 acc1 30.80%
2026-03-31 19:01:34 - __main__ - INFO - Val:   loss 3.3821 acc1 24.88%
2026-03-31 19:01:34 - __main__ - INFO - 
Epoch 8/100 | lr 0.099891
2026-03-31 19:02:23 - __main__ - INFO - Train: loss 2.7898 acc1 34.10%
2026-03-31 19:02:23 - __main__ - INFO - Val:   loss 3.0675 acc1 29.39%
2026-03-31 19:02:23 - __main__ - INFO - saved best: 29.39%
2026-03-31 19:02:23 - __main__ - INFO - 
Epoch 9/100 | lr 0.099754
2026-03-31 19:03:12 - __main__ - INFO - Train: loss 2.6560 acc1 36.51%
2026-03-31 19:03:12 - __main__ - INFO - Val:   loss 2.9914 acc1 31.64%
2026-03-31 19:03:12 - __main__ - INFO - saved best: 31.64%
2026-03-31 19:03:12 - __main__ - INFO - 
Epoch 10/100 | lr 0.099563
2026-03-31 19:04:00 - __main__ - INFO - Train: loss 2.5257 acc1 38.91%
2026-03-31 19:04:00 - __main__ - INFO - Val:   loss 2.8463 acc1 33.93%
2026-03-31 19:04:00 - __main__ - INFO - saved best: 33.93%
2026-03-31 19:04:00 - __main__ - INFO - 
Epoch 11/100 | lr 0.099318
2026-03-31 19:04:49 - __main__ - INFO - Train: loss 2.4183 acc1 41.20%
2026-03-31 19:04:49 - __main__ - INFO - Val:   loss 2.9373 acc1 33.13%
2026-03-31 19:04:49 - __main__ - INFO - 
Epoch 12/100 | lr 0.099019
2026-03-31 19:05:38 - __main__ - INFO - Train: loss 2.3257 acc1 42.90%
2026-03-31 19:05:38 - __main__ - INFO - Val:   loss 2.8050 acc1 35.71%
2026-03-31 19:05:38 - __main__ - INFO - saved best: 35.71%
2026-03-31 19:05:38 - __main__ - INFO - 
Epoch 13/100 | lr 0.098666
2026-03-31 19:06:27 - __main__ - INFO - Train: loss 2.2315 acc1 44.66%
2026-03-31 19:06:27 - __main__ - INFO - Val:   loss 2.8803 acc1 34.22%
2026-03-31 19:06:27 - __main__ - INFO - 
Epoch 14/100 | lr 0.098261
2026-03-31 19:07:17 - __main__ - INFO - Train: loss 2.1472 acc1 46.53%
2026-03-31 19:07:17 - __main__ - INFO - Val:   loss 2.7774 acc1 36.48%
2026-03-31 19:07:17 - __main__ - INFO - saved best: 36.48%
2026-03-31 19:07:17 - __main__ - INFO - 
Epoch 15/100 | lr 0.097802
2026-03-31 19:08:07 - __main__ - INFO - Train: loss 2.0632 acc1 48.23%
2026-03-31 19:08:07 - __main__ - INFO - Val:   loss 2.7728 acc1 36.85%
2026-03-31 19:08:07 - __main__ - INFO - saved best: 36.85%
2026-03-31 19:08:07 - __main__ - INFO - 
Epoch 16/100 | lr 0.097291
2026-03-31 19:08:57 - __main__ - INFO - Train: loss 1.9946 acc1 49.61%
2026-03-31 19:08:57 - __main__ - INFO - Val:   loss 2.7795 acc1 37.47%
2026-03-31 19:08:57 - __main__ - INFO - saved best: 37.47%
2026-03-31 19:08:57 - __main__ - INFO - 
Epoch 17/100 | lr 0.096729
2026-03-31 19:09:46 - __main__ - INFO - Train: loss 1.9178 acc1 51.12%
2026-03-31 19:09:46 - __main__ - INFO - Val:   loss 2.7635 acc1 36.98%
2026-03-31 19:09:46 - __main__ - INFO - 
Epoch 18/100 | lr 0.096115
2026-03-31 19:10:34 - __main__ - INFO - Train: loss 1.8612 acc1 52.14%
2026-03-31 19:10:34 - __main__ - INFO - Val:   loss 2.7541 acc1 37.72%
2026-03-31 19:10:34 - __main__ - INFO - saved best: 37.72%
2026-03-31 19:10:34 - __main__ - INFO - 
Epoch 19/100 | lr 0.095451
2026-03-31 19:11:23 - __main__ - INFO - Train: loss 1.7869 acc1 53.80%
2026-03-31 19:11:23 - __main__ - INFO - Val:   loss 2.7667 acc1 37.93%
2026-03-31 19:11:23 - __main__ - INFO - saved best: 37.93%
2026-03-31 19:11:23 - __main__ - INFO - 
Epoch 20/100 | lr 0.094737
2026-03-31 19:12:11 - __main__ - INFO - Train: loss 1.7263 acc1 54.85%
2026-03-31 19:12:11 - __main__ - INFO - Val:   loss 2.8332 acc1 37.09%
2026-03-31 19:12:11 - __main__ - INFO - 
Epoch 21/100 | lr 0.093974
2026-03-31 19:13:00 - __main__ - INFO - Train: loss 1.6710 acc1 56.12%
2026-03-31 19:13:00 - __main__ - INFO - Val:   loss 2.7186 acc1 39.55%
2026-03-31 19:13:00 - __main__ - INFO - saved best: 39.55%
2026-03-31 19:13:00 - __main__ - INFO - 
Epoch 22/100 | lr 0.093164
2026-03-31 19:13:49 - __main__ - INFO - Train: loss 1.6060 acc1 57.44%
2026-03-31 19:13:49 - __main__ - INFO - Val:   loss 2.7609 acc1 39.14%
2026-03-31 19:13:49 - __main__ - INFO - 
Epoch 23/100 | lr 0.092306
2026-03-31 19:14:38 - __main__ - INFO - Train: loss 1.5594 acc1 58.45%
2026-03-31 19:14:38 - __main__ - INFO - Val:   loss 2.8299 acc1 38.49%
2026-03-31 19:14:38 - __main__ - INFO - 
Epoch 24/100 | lr 0.091401
2026-03-31 19:15:26 - __main__ - INFO - Train: loss 1.4948 acc1 59.72%
2026-03-31 19:15:26 - __main__ - INFO - Val:   loss 2.8447 acc1 37.61%
2026-03-31 19:15:26 - __main__ - INFO - 
Epoch 25/100 | lr 0.090452
2026-03-31 19:16:15 - __main__ - INFO - Train: loss 1.4432 acc1 60.97%
2026-03-31 19:16:15 - __main__ - INFO - Val:   loss 2.9472 acc1 37.32%
2026-03-31 19:16:15 - __main__ - INFO - 
Epoch 26/100 | lr 0.089458
2026-03-31 19:17:03 - __main__ - INFO - Train: loss 1.3949 acc1 62.05%
2026-03-31 19:17:03 - __main__ - INFO - Val:   loss 3.1190 acc1 35.48%
2026-03-31 19:17:03 - __main__ - INFO - 
Epoch 27/100 | lr 0.088421
2026-03-31 19:17:52 - __main__ - INFO - Train: loss 1.3359 acc1 63.54%
2026-03-31 19:17:52 - __main__ - INFO - Val:   loss 2.9352 acc1 38.73%
2026-03-31 19:17:52 - __main__ - INFO - 
Epoch 28/100 | lr 0.087342
2026-03-31 19:18:40 - __main__ - INFO - Train: loss 1.2927 acc1 64.52%
2026-03-31 19:18:40 - __main__ - INFO - Val:   loss 3.0012 acc1 38.74%
2026-03-31 19:18:40 - __main__ - INFO - 
Epoch 29/100 | lr 0.086223
2026-03-31 19:19:29 - __main__ - INFO - Train: loss 1.2475 acc1 65.44%
2026-03-31 19:19:29 - __main__ - INFO - Val:   loss 3.0282 acc1 37.25%
2026-03-31 19:19:29 - __main__ - INFO - 
Epoch 30/100 | lr 0.085063
2026-03-31 19:20:18 - __main__ - INFO - Train: loss 1.1989 acc1 66.46%
2026-03-31 19:20:18 - __main__ - INFO - Val:   loss 3.0173 acc1 38.24%
2026-03-31 19:20:18 - __main__ - INFO - 
Epoch 31/100 | lr 0.083866
2026-03-31 19:21:06 - __main__ - INFO - Train: loss 1.1476 acc1 67.77%
2026-03-31 19:21:06 - __main__ - INFO - Val:   loss 3.0805 acc1 38.52%
2026-03-31 19:21:06 - __main__ - INFO - 
Epoch 32/100 | lr 0.082631
2026-03-31 19:21:55 - __main__ - INFO - Train: loss 1.1075 acc1 68.70%
2026-03-31 19:21:55 - __main__ - INFO - Val:   loss 3.1305 acc1 37.99%
2026-03-31 19:21:55 - __main__ - INFO - 
Epoch 33/100 | lr 0.081361
2026-03-31 19:22:44 - __main__ - INFO - Train: loss 1.0671 acc1 69.68%
2026-03-31 19:22:44 - __main__ - INFO - Val:   loss 3.0705 acc1 39.42%
2026-03-31 19:22:44 - __main__ - INFO - 
Epoch 34/100 | lr 0.080056
2026-03-31 19:23:33 - __main__ - INFO - Train: loss 1.0232 acc1 70.81%
2026-03-31 19:23:33 - __main__ - INFO - Val:   loss 3.2250 acc1 37.68%
2026-03-31 19:23:33 - __main__ - INFO - 
Epoch 35/100 | lr 0.078719
2026-03-31 19:24:23 - __main__ - INFO - Train: loss 0.9823 acc1 71.68%
2026-03-31 19:24:23 - __main__ - INFO - Val:   loss 3.1571 acc1 38.77%
2026-03-31 19:24:23 - __main__ - INFO - 
Epoch 36/100 | lr 0.077350
2026-03-31 19:25:12 - __main__ - INFO - Train: loss 0.9311 acc1 73.11%
2026-03-31 19:25:12 - __main__ - INFO - Val:   loss 3.1309 acc1 40.16%
2026-03-31 19:25:12 - __main__ - INFO - saved best: 40.16%
2026-03-31 19:25:12 - __main__ - INFO - 
Epoch 37/100 | lr 0.075951
2026-03-31 19:26:01 - __main__ - INFO - Train: loss 0.9192 acc1 73.36%
2026-03-31 19:26:01 - __main__ - INFO - Val:   loss 3.3731 acc1 35.75%
2026-03-31 19:26:01 - __main__ - INFO - 
Epoch 38/100 | lr 0.074524
2026-03-31 19:26:50 - __main__ - INFO - Train: loss 0.8865 acc1 74.17%
2026-03-31 19:26:50 - __main__ - INFO - Val:   loss 3.2516 acc1 38.22%
2026-03-31 19:26:50 - __main__ - INFO - 
Epoch 39/100 | lr 0.073070
2026-03-31 19:27:39 - __main__ - INFO - Train: loss 0.8241 acc1 75.81%
2026-03-31 19:27:39 - __main__ - INFO - Val:   loss 3.2409 acc1 38.74%
2026-03-31 19:27:39 - __main__ - INFO - 
Epoch 40/100 | lr 0.071591
2026-03-31 19:28:29 - __main__ - INFO - Train: loss 0.7951 acc1 76.53%
2026-03-31 19:28:29 - __main__ - INFO - Val:   loss 3.2686 acc1 38.38%
2026-03-31 19:28:29 - __main__ - INFO - 
Epoch 41/100 | lr 0.070088
2026-03-31 19:29:18 - __main__ - INFO - Train: loss 0.7502 acc1 77.74%
2026-03-31 19:29:18 - __main__ - INFO - Val:   loss 3.3510 acc1 38.11%
2026-03-31 19:29:18 - __main__ - INFO - 
Epoch 42/100 | lr 0.068563
2026-03-31 19:30:07 - __main__ - INFO - Train: loss 0.7058 acc1 79.03%
2026-03-31 19:30:07 - __main__ - INFO - Val:   loss 3.3905 acc1 38.35%
2026-03-31 19:30:07 - __main__ - INFO - 
Epoch 43/100 | lr 0.067018
2026-03-31 19:30:55 - __main__ - INFO - Train: loss 0.6709 acc1 79.93%
2026-03-31 19:30:55 - __main__ - INFO - Val:   loss 3.2923 acc1 39.90%
2026-03-31 19:30:55 - __main__ - INFO - 
Epoch 44/100 | lr 0.065454
2026-03-31 19:31:44 - __main__ - INFO - Train: loss 0.6328 acc1 81.08%
2026-03-31 19:31:44 - __main__ - INFO - Val:   loss 3.4563 acc1 38.33%
2026-03-31 19:31:44 - __main__ - INFO - 
Epoch 45/100 | lr 0.063874
2026-03-31 19:32:32 - __main__ - INFO - Train: loss 0.6065 acc1 81.83%
2026-03-31 19:32:32 - __main__ - INFO - Val:   loss 3.4415 acc1 38.43%
2026-03-31 19:32:32 - __main__ - INFO - 
Epoch 46/100 | lr 0.062278
2026-03-31 19:33:21 - __main__ - INFO - Train: loss 0.5638 acc1 83.11%
2026-03-31 19:33:21 - __main__ - INFO - Val:   loss 3.4570 acc1 38.64%
2026-03-31 19:33:21 - __main__ - INFO - 
Epoch 47/100 | lr 0.060669
2026-03-31 19:34:10 - __main__ - INFO - Train: loss 0.5304 acc1 83.82%
2026-03-31 19:34:10 - __main__ - INFO - Val:   loss 3.4399 acc1 39.05%
2026-03-31 19:34:10 - __main__ - INFO - 
Epoch 48/100 | lr 0.059048
2026-03-31 19:34:59 - __main__ - INFO - Train: loss 0.5039 acc1 84.95%
2026-03-31 19:34:59 - __main__ - INFO - Val:   loss 3.5612 acc1 38.24%
2026-03-31 19:34:59 - __main__ - INFO - 
Epoch 49/100 | lr 0.057417
2026-03-31 19:35:47 - __main__ - INFO - Train: loss 0.4752 acc1 85.55%
2026-03-31 19:35:47 - __main__ - INFO - Val:   loss 3.4910 acc1 39.62%
2026-03-31 19:35:47 - __main__ - INFO - 
Epoch 50/100 | lr 0.055779
2026-03-31 19:36:36 - __main__ - INFO - Train: loss 0.4306 acc1 86.92%
2026-03-31 19:36:36 - __main__ - INFO - Val:   loss 3.5460 acc1 39.85%
2026-03-31 19:36:36 - __main__ - INFO - 
Epoch 51/100 | lr 0.054134
2026-03-31 19:37:24 - __main__ - INFO - Train: loss 0.4053 acc1 87.65%
2026-03-31 19:37:24 - __main__ - INFO - Val:   loss 3.6304 acc1 38.85%
2026-03-31 19:37:24 - __main__ - INFO - 
Epoch 52/100 | lr 0.052484
2026-03-31 19:38:13 - __main__ - INFO - Train: loss 0.3778 acc1 88.50%
2026-03-31 19:38:13 - __main__ - INFO - Val:   loss 3.5389 acc1 39.88%
2026-03-31 19:38:13 - __main__ - INFO - 
Epoch 53/100 | lr 0.050832
2026-03-31 19:39:01 - __main__ - INFO - Train: loss 0.3511 acc1 89.43%
2026-03-31 19:39:01 - __main__ - INFO - Val:   loss 3.6361 acc1 39.64%
2026-03-31 19:39:01 - __main__ - INFO - 
Epoch 54/100 | lr 0.049178
2026-03-31 19:39:50 - __main__ - INFO - Train: loss 0.3182 acc1 90.48%
2026-03-31 19:39:50 - __main__ - INFO - Val:   loss 3.5117 acc1 40.76%
2026-03-31 19:39:50 - __main__ - INFO - saved best: 40.76%
2026-03-31 19:39:50 - __main__ - INFO - 
Epoch 55/100 | lr 0.047526
2026-03-31 19:40:38 - __main__ - INFO - Train: loss 0.2768 acc1 91.89%
2026-03-31 19:40:38 - __main__ - INFO - Val:   loss 3.5148 acc1 40.98%
2026-03-31 19:40:38 - __main__ - INFO - saved best: 40.98%
2026-03-31 19:40:38 - __main__ - INFO - 
Epoch 56/100 | lr 0.045876
2026-03-31 19:41:26 - __main__ - INFO - Train: loss 0.2689 acc1 92.08%
2026-03-31 19:41:26 - __main__ - INFO - Val:   loss 3.4696 acc1 41.36%
2026-03-31 19:41:26 - __main__ - INFO - saved best: 41.36%
2026-03-31 19:41:26 - __main__ - INFO - 
Epoch 57/100 | lr 0.044231
2026-03-31 19:42:15 - __main__ - INFO - Train: loss 0.2412 acc1 92.93%
2026-03-31 19:42:15 - __main__ - INFO - Val:   loss 3.4984 acc1 41.07%
2026-03-31 19:42:15 - __main__ - INFO - 
Epoch 58/100 | lr 0.042593
2026-03-31 19:43:05 - __main__ - INFO - Train: loss 0.2146 acc1 93.75%
2026-03-31 19:43:05 - __main__ - INFO - Val:   loss 3.5695 acc1 40.81%
2026-03-31 19:43:05 - __main__ - INFO - 
Epoch 59/100 | lr 0.040962
2026-03-31 19:43:53 - __main__ - INFO - Train: loss 0.1808 acc1 94.92%
2026-03-31 19:43:53 - __main__ - INFO - Val:   loss 3.5570 acc1 41.05%
2026-03-31 19:43:53 - __main__ - INFO - 
Epoch 60/100 | lr 0.039341
2026-03-31 19:44:41 - __main__ - INFO - Train: loss 0.1521 acc1 95.84%
2026-03-31 19:44:41 - __main__ - INFO - Val:   loss 3.4913 acc1 42.84%
2026-03-31 19:44:41 - __main__ - INFO - saved best: 42.84%
2026-03-31 19:44:41 - __main__ - INFO - 
Epoch 61/100 | lr 0.037732
2026-03-31 19:45:30 - __main__ - INFO - Train: loss 0.1251 acc1 96.64%
2026-03-31 19:45:30 - __main__ - INFO - Val:   loss 3.4784 acc1 42.59%
2026-03-31 19:45:30 - __main__ - INFO - 
Epoch 62/100 | lr 0.036136
2026-03-31 19:46:19 - __main__ - INFO - Train: loss 0.1060 acc1 97.31%
2026-03-31 19:46:19 - __main__ - INFO - Val:   loss 3.4353 acc1 43.16%
2026-03-31 19:46:19 - __main__ - INFO - saved best: 43.16%
2026-03-31 19:46:19 - __main__ - INFO - 
Epoch 63/100 | lr 0.034556
2026-03-31 19:47:08 - __main__ - INFO - Train: loss 0.0818 acc1 98.10%
2026-03-31 19:47:08 - __main__ - INFO - Val:   loss 3.4227 acc1 44.06%
2026-03-31 19:47:08 - __main__ - INFO - saved best: 44.06%
2026-03-31 19:47:08 - __main__ - INFO - 
Epoch 64/100 | lr 0.032992
2026-03-31 19:47:56 - __main__ - INFO - Train: loss 0.0637 acc1 98.67%
2026-03-31 19:47:56 - __main__ - INFO - Val:   loss 3.3389 acc1 44.80%
2026-03-31 19:47:56 - __main__ - INFO - saved best: 44.80%
2026-03-31 19:47:56 - __main__ - INFO - 
Epoch 65/100 | lr 0.031447
2026-03-31 19:48:45 - __main__ - INFO - Train: loss 0.0502 acc1 99.02%
2026-03-31 19:48:45 - __main__ - INFO - Val:   loss 3.3243 acc1 44.52%
2026-03-31 19:48:45 - __main__ - INFO - 
Epoch 66/100 | lr 0.029922
2026-03-31 19:49:33 - __main__ - INFO - Train: loss 0.0409 acc1 99.24%
2026-03-31 19:49:33 - __main__ - INFO - Val:   loss 3.3029 acc1 45.13%
2026-03-31 19:49:33 - __main__ - INFO - saved best: 45.13%
2026-03-31 19:49:33 - __main__ - INFO - 
Epoch 67/100 | lr 0.028419
2026-03-31 19:50:22 - __main__ - INFO - Train: loss 0.0331 acc1 99.50%
2026-03-31 19:50:22 - __main__ - INFO - Val:   loss 3.2424 acc1 45.51%
2026-03-31 19:50:22 - __main__ - INFO - saved best: 45.51%
2026-03-31 19:50:22 - __main__ - INFO - 
Epoch 68/100 | lr 0.026940
2026-03-31 19:51:11 - __main__ - INFO - Train: loss 0.0257 acc1 99.67%
2026-03-31 19:51:11 - __main__ - INFO - Val:   loss 3.1690 acc1 46.07%
2026-03-31 19:51:11 - __main__ - INFO - saved best: 46.07%
2026-03-31 19:51:11 - __main__ - INFO - 
Epoch 69/100 | lr 0.025486
2026-03-31 19:52:00 - __main__ - INFO - Train: loss 0.0205 acc1 99.76%
2026-03-31 19:52:00 - __main__ - INFO - Val:   loss 3.1658 acc1 46.01%
2026-03-31 19:52:00 - __main__ - INFO - 
Epoch 70/100 | lr 0.024059
2026-03-31 19:52:49 - __main__ - INFO - Train: loss 0.0175 acc1 99.84%
2026-03-31 19:52:49 - __main__ - INFO - Val:   loss 3.1147 acc1 46.47%
2026-03-31 19:52:49 - __main__ - INFO - saved best: 46.47%
2026-03-31 19:52:49 - __main__ - INFO - 
Epoch 71/100 | lr 0.022660
2026-03-31 19:53:38 - __main__ - INFO - Train: loss 0.0155 acc1 99.87%
2026-03-31 19:53:38 - __main__ - INFO - Val:   loss 3.1171 acc1 46.57%
2026-03-31 19:53:38 - __main__ - INFO - saved best: 46.57%
2026-03-31 19:53:38 - __main__ - INFO - 
Epoch 72/100 | lr 0.021291
2026-03-31 19:54:26 - __main__ - INFO - Train: loss 0.0134 acc1 99.90%
2026-03-31 19:54:26 - __main__ - INFO - Val:   loss 3.0994 acc1 46.66%
2026-03-31 19:54:27 - __main__ - INFO - saved best: 46.66%
2026-03-31 19:54:27 - __main__ - INFO - 
Epoch 73/100 | lr 0.019954
2026-03-31 19:55:16 - __main__ - INFO - Train: loss 0.0118 acc1 99.94%
2026-03-31 19:55:16 - __main__ - INFO - Val:   loss 3.0569 acc1 46.76%
2026-03-31 19:55:16 - __main__ - INFO - saved best: 46.76%
2026-03-31 19:55:16 - __main__ - INFO - 
Epoch 74/100 | lr 0.018649
2026-03-31 19:56:04 - __main__ - INFO - Train: loss 0.0113 acc1 99.95%
2026-03-31 19:56:04 - __main__ - INFO - Val:   loss 3.0367 acc1 47.08%
2026-03-31 19:56:04 - __main__ - INFO - saved best: 47.08%
2026-03-31 19:56:04 - __main__ - INFO - 
Epoch 75/100 | lr 0.017379
2026-03-31 19:56:53 - __main__ - INFO - Train: loss 0.0102 acc1 99.97%
2026-03-31 19:56:53 - __main__ - INFO - Val:   loss 3.0191 acc1 47.06%
2026-03-31 19:56:53 - __main__ - INFO - 
Epoch 76/100 | lr 0.016144
2026-03-31 19:57:41 - __main__ - INFO - Train: loss 0.0094 acc1 99.97%
2026-03-31 19:57:41 - __main__ - INFO - Val:   loss 3.0019 acc1 47.11%
2026-03-31 19:57:42 - __main__ - INFO - saved best: 47.11%
2026-03-31 19:57:42 - __main__ - INFO - 
Epoch 77/100 | lr 0.014947
2026-03-31 19:58:30 - __main__ - INFO - Train: loss 0.0089 acc1 99.97%
2026-03-31 19:58:30 - __main__ - INFO - Val:   loss 2.9652 acc1 47.27%
2026-03-31 19:58:30 - __main__ - INFO - saved best: 47.27%
2026-03-31 19:58:30 - __main__ - INFO - 
Epoch 78/100 | lr 0.013787
2026-03-31 19:59:19 - __main__ - INFO - Train: loss 0.0087 acc1 99.97%
2026-03-31 19:59:19 - __main__ - INFO - Val:   loss 2.9732 acc1 47.02%
2026-03-31 19:59:19 - __main__ - INFO - 
Epoch 79/100 | lr 0.012668
2026-03-31 20:00:07 - __main__ - INFO - Train: loss 0.0084 acc1 99.98%
2026-03-31 20:00:07 - __main__ - INFO - Val:   loss 2.9447 acc1 47.63%
2026-03-31 20:00:07 - __main__ - INFO - saved best: 47.63%
2026-03-31 20:00:07 - __main__ - INFO - 
Epoch 80/100 | lr 0.011589
2026-03-31 20:00:56 - __main__ - INFO - Train: loss 0.0080 acc1 99.98%
2026-03-31 20:00:56 - __main__ - INFO - Val:   loss 2.9317 acc1 47.65%
2026-03-31 20:00:56 - __main__ - INFO - saved best: 47.65%
2026-03-31 20:00:56 - __main__ - INFO - 
Epoch 81/100 | lr 0.010552
2026-03-31 20:01:44 - __main__ - INFO - Train: loss 0.0082 acc1 99.98%
2026-03-31 20:01:44 - __main__ - INFO - Val:   loss 2.9186 acc1 47.89%
2026-03-31 20:01:44 - __main__ - INFO - saved best: 47.89%
2026-03-31 20:01:44 - __main__ - INFO - 
Epoch 82/100 | lr 0.009558
2026-03-31 20:02:33 - __main__ - INFO - Train: loss 0.0080 acc1 99.98%
2026-03-31 20:02:33 - __main__ - INFO - Val:   loss 2.9065 acc1 47.66%
2026-03-31 20:02:33 - __main__ - INFO - 
Epoch 83/100 | lr 0.008609
2026-03-31 20:03:21 - __main__ - INFO - Train: loss 0.0078 acc1 99.99%
2026-03-31 20:03:21 - __main__ - INFO - Val:   loss 2.8956 acc1 47.42%
2026-03-31 20:03:21 - __main__ - INFO - 
Epoch 84/100 | lr 0.007704
2026-03-31 20:04:10 - __main__ - INFO - Train: loss 0.0077 acc1 99.98%
2026-03-31 20:04:10 - __main__ - INFO - Val:   loss 2.8963 acc1 47.69%
2026-03-31 20:04:10 - __main__ - INFO - 
Epoch 85/100 | lr 0.006846
2026-03-31 20:04:58 - __main__ - INFO - Train: loss 0.0075 acc1 99.99%
2026-03-31 20:04:58 - __main__ - INFO - Val:   loss 2.8788 acc1 47.83%
2026-03-31 20:04:58 - __main__ - INFO - 
Epoch 86/100 | lr 0.006036
2026-03-31 20:05:47 - __main__ - INFO - Train: loss 0.0074 acc1 99.99%
2026-03-31 20:05:47 - __main__ - INFO - Val:   loss 2.8819 acc1 47.97%
2026-03-31 20:05:47 - __main__ - INFO - saved best: 47.97%
2026-03-31 20:05:47 - __main__ - INFO - 
Epoch 87/100 | lr 0.005273
2026-03-31 20:06:36 - __main__ - INFO - Train: loss 0.0072 acc1 99.99%
2026-03-31 20:06:36 - __main__ - INFO - Val:   loss 2.8793 acc1 47.45%
2026-03-31 20:06:36 - __main__ - INFO - 
Epoch 88/100 | lr 0.004559
2026-03-31 20:07:25 - __main__ - INFO - Train: loss 0.0073 acc1 100.00%
2026-03-31 20:07:25 - __main__ - INFO - Val:   loss 2.8721 acc1 47.90%
2026-03-31 20:07:25 - __main__ - INFO - 
Epoch 89/100 | lr 0.003895
2026-03-31 20:08:14 - __main__ - INFO - Train: loss 0.0071 acc1 99.99%
2026-03-31 20:08:14 - __main__ - INFO - Val:   loss 2.8649 acc1 47.75%
2026-03-31 20:08:14 - __main__ - INFO - 
Epoch 90/100 | lr 0.003281
2026-03-31 20:09:02 - __main__ - INFO - Train: loss 0.0070 acc1 99.99%
2026-03-31 20:09:02 - __main__ - INFO - Val:   loss 2.8628 acc1 47.85%
2026-03-31 20:09:02 - __main__ - INFO - 
Epoch 91/100 | lr 0.002719
2026-03-31 20:09:51 - __main__ - INFO - Train: loss 0.0069 acc1 99.99%
2026-03-31 20:09:51 - __main__ - INFO - Val:   loss 2.8585 acc1 47.90%
2026-03-31 20:09:51 - __main__ - INFO - 
Epoch 92/100 | lr 0.002208
2026-03-31 20:10:39 - __main__ - INFO - Train: loss 0.0069 acc1 99.99%
2026-03-31 20:10:39 - __main__ - INFO - Val:   loss 2.8667 acc1 47.77%
2026-03-31 20:10:39 - __main__ - INFO - 
Epoch 93/100 | lr 0.001749
2026-03-31 20:11:28 - __main__ - INFO - Train: loss 0.0069 acc1 100.00%
2026-03-31 20:11:28 - __main__ - INFO - Val:   loss 2.8600 acc1 47.84%
2026-03-31 20:11:28 - __main__ - INFO - 
Epoch 94/100 | lr 0.001344
2026-03-31 20:12:17 - __main__ - INFO - Train: loss 0.0068 acc1 100.00%
2026-03-31 20:12:17 - __main__ - INFO - Val:   loss 2.8617 acc1 47.84%
2026-03-31 20:12:17 - __main__ - INFO - 
Epoch 95/100 | lr 0.000991
2026-03-31 20:13:05 - __main__ - INFO - Train: loss 0.0071 acc1 99.99%
2026-03-31 20:13:05 - __main__ - INFO - Val:   loss 2.8619 acc1 47.76%
2026-03-31 20:13:05 - __main__ - INFO - 
Epoch 96/100 | lr 0.000692
2026-03-31 20:13:54 - __main__ - INFO - Train: loss 0.0070 acc1 99.99%
2026-03-31 20:13:54 - __main__ - INFO - Val:   loss 2.8597 acc1 47.61%
2026-03-31 20:13:54 - __main__ - INFO - 
Epoch 97/100 | lr 0.000447
2026-03-31 20:14:44 - __main__ - INFO - Train: loss 0.0068 acc1 100.00%
2026-03-31 20:14:44 - __main__ - INFO - Val:   loss 2.8578 acc1 47.68%
2026-03-31 20:14:44 - __main__ - INFO - 
Epoch 98/100 | lr 0.000256
2026-03-31 20:15:32 - __main__ - INFO - Train: loss 0.0069 acc1 100.00%
2026-03-31 20:15:32 - __main__ - INFO - Val:   loss 2.8572 acc1 47.78%
2026-03-31 20:15:32 - __main__ - INFO - 
Epoch 99/100 | lr 0.000119
2026-03-31 20:16:21 - __main__ - INFO - Train: loss 0.0068 acc1 100.00%
2026-03-31 20:16:21 - __main__ - INFO - Val:   loss 2.8625 acc1 47.67%
2026-03-31 20:16:21 - __main__ - INFO - 
Epoch 100/100 | lr 0.000037
2026-03-31 20:17:09 - __main__ - INFO - Train: loss 0.0069 acc1 99.99%
2026-03-31 20:17:09 - __main__ - INFO - Val:   loss 2.8604 acc1 47.89%
2026-03-31 20:17:09 - __main__ - INFO - Loaded best checkpoint weights for final test evaluation.
2026-03-31 20:17:12 - __main__ - INFO - 
Best tracked (val): 47.97%
2026-03-31 20:17:12 - __main__ - INFO - Final test: loss 2.9543 acc1 45.75%
2026-03-31 20:17:19 - __main__ - INFO - Variant [shuffled_cam_low_saliency] done — test acc 45.75%, test loss 2.9543
2026-03-31 20:17:20 - __main__ - INFO - Saved validation comparison plot: runs/tiny_imagenet_2026_03/30/densenet121/validation_comparison_plot.png
2026-03-31 20:17:20 - __main__ - INFO - 
Results saved to ./runs/tiny_imagenet_2026_03/30/comparison_results.json
2026-03-31 20:17:20 - __main__ - INFO - 
========================================================================
2026-03-31 20:17:20 - __main__ - INFO - COMPARISON RESULTS — output model: resnet34
2026-03-31 20:17:20 - __main__ - INFO - ========================================================================
2026-03-31 20:17:20 - __main__ - INFO - Variant              Accuracy       Loss
2026-03-31 20:17:20 - __main__ - INFO - ------------------ ---------- ----------
2026-03-31 20:17:20 - __main__ - INFO - original               65.35%     1.5385
2026-03-31 20:17:20 - __main__ - INFO - low_saliency           61.86%     2.0492
2026-03-31 20:17:20 - __main__ - INFO - random_sparsity        60.87%     1.8222
2026-03-31 20:17:20 - __main__ - INFO - shuffled_cam_low_saliency     58.84%     1.8634
2026-03-31 20:17:20 - __main__ - INFO - ========================================================================
2026-03-31 20:17:20 - __main__ - INFO - CROSS-EVAL MATRIX — output model: resnet34
2026-03-31 20:17:20 - __main__ - INFO - Train / Test               original low_saliency
2026-03-31 20:17:20 - __main__ - INFO - ---------------------- ------------ ------------
2026-03-31 20:17:20 - __main__ - INFO - original                     65.35%       60.64%
2026-03-31 20:17:20 - __main__ - INFO - low_saliency                 38.07%       61.86%
2026-03-31 20:17:20 - __main__ - INFO - Interpretation: train(masked)->test(original) isolates augmentation transfer; train(original)->test(masked) isolates preprocessing effect.
2026-03-31 20:17:20 - __main__ - INFO - ========================================================================
2026-03-31 20:17:20 - __main__ - INFO - 
========================================================================
2026-03-31 20:17:20 - __main__ - INFO - COMPARISON RESULTS — output model: densenet121
2026-03-31 20:17:20 - __main__ - INFO - ========================================================================
2026-03-31 20:17:20 - __main__ - INFO - Variant              Accuracy       Loss
2026-03-31 20:17:20 - __main__ - INFO - ------------------ ---------- ----------
2026-03-31 20:17:20 - __main__ - INFO - original               53.54%     2.4427
2026-03-31 20:17:20 - __main__ - INFO - low_saliency           55.61%     2.7905
2026-03-31 20:17:20 - __main__ - INFO - random_sparsity        44.39%     3.2454
2026-03-31 20:17:20 - __main__ - INFO - shuffled_cam_low_saliency     45.75%     2.9543
2026-03-31 20:17:20 - __main__ - INFO - ========================================================================
2026-03-31 20:17:20 - __main__ - INFO - CROSS-EVAL MATRIX — output model: densenet121
2026-03-31 20:17:20 - __main__ - INFO - Train / Test               original low_saliency
2026-03-31 20:17:20 - __main__ - INFO - ---------------------- ------------ ------------
2026-03-31 20:17:20 - __main__ - INFO - original                     53.54%       44.89%
2026-03-31 20:17:20 - __main__ - INFO - low_saliency                 27.87%       55.61%
2026-03-31 20:17:20 - __main__ - INFO - Interpretation: train(masked)->test(original) isolates augmentation transfer; train(original)->test(masked) isolates preprocessing effect.
2026-03-31 20:17:20 - __main__ - INFO - ========================================================================
