2026-03-09 04:20:51 - __main__ - INFO - Comparison pipeline | device=cuda | args={"amp": false, "batch_size": 128, "cam_layer": "auto", "config": "/content/CAMRegularization/configs.json", "data_dir": "./data", "dataset": "cifar100", "epochs": 100, "gamma": 0.1, "high_threshold": 0.7, "input_models": ["resnet18", "resnet34"], "label_smoothing": 0.0, "log_every": 100, "low_threshold": 0.3, "lr": 0.1, "milestones": "60,80", "min_lr": 1e-05, "momentum": 0.9, "nesterov": false, "num_workers": 2, "out_dir": "./runs/comparison", "output_model": "resnet50", "run_name": "", "scheduler": "cosine", "seed": 42, "val_split": 0.1, "warmup_epochs": 5, "weight_decay": 0.0005}
2026-03-09 04:20:51 - __main__ - INFO - 
============================================================
2026-03-09 04:20:51 - __main__ - INFO - Training input model: resnet18
2026-03-09 04:20:51 - __main__ - INFO -   Resolved config → lr=0.1, wd=0.0005, bs=128, epochs=200, scheduler=cosine, warmup=5
2026-03-09 04:20:51 - __main__ - INFO - ============================================================
2026-03-09 04:20:51 - __main__ - INFO - device: cuda | cuda: True | gpu: NVIDIA L4
2026-03-09 04:21:00 - __main__ - INFO - Model: resnet18 | Dataset: cifar100 | Classes: 100
2026-03-09 04:21:00 - __main__ - INFO - 
Epoch 1/200 | lr 0.000100
2026-03-09 04:21:18 - __main__ - INFO - Train: loss 4.6421 acc1 1.41% f1 0.53%
2026-03-09 04:21:18 - __main__ - INFO - Val:   loss 4.5785 acc1 2.06% f1 0.92%
2026-03-09 04:21:18 - __main__ - INFO - saved best: 2.06%
2026-03-09 04:21:18 - __main__ - INFO - 
Epoch 2/200 | lr 0.020080
2026-03-09 04:21:34 - __main__ - INFO - Train: loss 3.7111 acc1 13.22% f1 12.08%
2026-03-09 04:21:34 - __main__ - INFO - Val:   loss 3.3404 acc1 20.15% f1 17.26%
2026-03-09 04:21:34 - __main__ - INFO - saved best: 20.15%
2026-03-09 04:21:34 - __main__ - INFO - 
Epoch 3/200 | lr 0.040060
2026-03-09 04:21:51 - __main__ - INFO - Train: loss 3.0407 acc1 24.16% f1 23.04%
2026-03-09 04:21:51 - __main__ - INFO - Val:   loss 2.7656 acc1 30.80% f1 29.09%
2026-03-09 04:21:51 - __main__ - INFO - saved best: 30.80%
2026-03-09 04:21:51 - __main__ - INFO - 
Epoch 4/200 | lr 0.060040
2026-03-09 04:22:07 - __main__ - INFO - Train: loss 2.5153 acc1 34.17% f1 33.42%
2026-03-09 04:22:07 - __main__ - INFO - Val:   loss 2.4522 acc1 35.81% f1 33.85%
2026-03-09 04:22:07 - __main__ - INFO - saved best: 35.81%
2026-03-09 04:22:07 - __main__ - INFO - 
Epoch 5/200 | lr 0.080020
2026-03-09 04:22:24 - __main__ - INFO - Train: loss 2.1689 acc1 41.64% f1 41.05%
2026-03-09 04:22:24 - __main__ - INFO - Val:   loss 2.6624 acc1 34.07% f1 33.37%
2026-03-09 04:22:24 - __main__ - INFO - 
Epoch 6/200 | lr 0.100000
2026-03-09 04:22:40 - __main__ - INFO - Train: loss 1.9504 acc1 46.50% f1 45.95%
2026-03-09 04:22:40 - __main__ - INFO - Val:   loss 2.2897 acc1 40.96% f1 39.80%
2026-03-09 04:22:40 - __main__ - INFO - saved best: 40.96%
2026-03-09 04:22:40 - __main__ - INFO - 
Epoch 7/200 | lr 0.099994
2026-03-09 04:22:57 - __main__ - INFO - Train: loss 1.7374 acc1 51.35% f1 50.93%
2026-03-09 04:22:57 - __main__ - INFO - Val:   loss 2.1851 acc1 43.40% f1 42.08%
2026-03-09 04:22:57 - __main__ - INFO - saved best: 43.40%
2026-03-09 04:22:57 - __main__ - INFO - 
Epoch 8/200 | lr 0.099974
2026-03-09 04:23:14 - __main__ - INFO - Train: loss 1.5976 acc1 54.89% f1 54.53%
2026-03-09 04:23:14 - __main__ - INFO - Val:   loss 1.9526 acc1 48.24% f1 47.88%
2026-03-09 04:23:14 - __main__ - INFO - saved best: 48.24%
2026-03-09 04:23:14 - __main__ - INFO - 
Epoch 9/200 | lr 0.099942
2026-03-09 04:23:30 - __main__ - INFO - Train: loss 1.4998 acc1 57.26% f1 56.99%
2026-03-09 04:23:30 - __main__ - INFO - Val:   loss 2.0062 acc1 48.18% f1 47.42%
2026-03-09 04:23:30 - __main__ - INFO - 
Epoch 10/200 | lr 0.099896
2026-03-09 04:23:47 - __main__ - INFO - Train: loss 1.4405 acc1 58.99% f1 58.73%
2026-03-09 04:23:47 - __main__ - INFO - Val:   loss 1.7099 acc1 53.82% f1 52.96%
2026-03-09 04:23:47 - __main__ - INFO - saved best: 53.82%
2026-03-09 04:23:47 - __main__ - INFO - 
Epoch 11/200 | lr 0.099838
2026-03-09 04:24:04 - __main__ - INFO - Train: loss 1.3835 acc1 60.34% f1 60.11%
2026-03-09 04:24:04 - __main__ - INFO - Val:   loss 1.8452 acc1 52.39% f1 51.16%
2026-03-09 04:24:04 - __main__ - INFO - 
Epoch 12/200 | lr 0.099767
2026-03-09 04:24:20 - __main__ - INFO - Train: loss 1.3463 acc1 61.44% f1 61.25%
2026-03-09 04:24:20 - __main__ - INFO - Val:   loss 1.8431 acc1 50.92% f1 50.98%
2026-03-09 04:24:20 - __main__ - INFO - 
Epoch 13/200 | lr 0.099682
2026-03-09 04:24:37 - __main__ - INFO - Train: loss 1.3000 acc1 62.48% f1 62.30%
2026-03-09 04:24:37 - __main__ - INFO - Val:   loss 1.9048 acc1 51.05% f1 51.20%
2026-03-09 04:24:37 - __main__ - INFO - 
Epoch 14/200 | lr 0.099585
2026-03-09 04:24:53 - __main__ - INFO - Train: loss 1.2708 acc1 63.35% f1 63.21%
2026-03-09 04:24:53 - __main__ - INFO - Val:   loss 1.8279 acc1 51.33% f1 51.26%
2026-03-09 04:24:53 - __main__ - INFO - 
Epoch 15/200 | lr 0.099475
2026-03-09 04:25:10 - __main__ - INFO - Train: loss 1.2346 acc1 64.35% f1 64.20%
2026-03-09 04:25:10 - __main__ - INFO - Val:   loss 1.8215 acc1 51.92% f1 50.81%
2026-03-09 04:25:10 - __main__ - INFO - 
Epoch 16/200 | lr 0.099353
2026-03-09 04:25:27 - __main__ - INFO - Train: loss 1.2139 acc1 65.01% f1 64.89%
2026-03-09 04:25:27 - __main__ - INFO - Val:   loss 1.5638 acc1 56.92% f1 55.70%
2026-03-09 04:25:27 - __main__ - INFO - saved best: 56.92%
2026-03-09 04:25:27 - __main__ - INFO - 
Epoch 17/200 | lr 0.099217
2026-03-09 04:25:43 - __main__ - INFO - Train: loss 1.1894 acc1 65.53% f1 65.42%
2026-03-09 04:25:43 - __main__ - INFO - Val:   loss 1.5990 acc1 56.54% f1 55.57%
2026-03-09 04:25:43 - __main__ - INFO - 
Epoch 18/200 | lr 0.099069
2026-03-09 04:26:00 - __main__ - INFO - Train: loss 1.1673 acc1 65.64% f1 65.52%
2026-03-09 04:26:00 - __main__ - INFO - Val:   loss 1.7942 acc1 53.60% f1 53.04%
2026-03-09 04:26:00 - __main__ - INFO - 
Epoch 19/200 | lr 0.098907
2026-03-09 04:26:16 - __main__ - INFO - Train: loss 1.1366 acc1 66.91% f1 66.84%
2026-03-09 04:26:16 - __main__ - INFO - Val:   loss 1.8441 acc1 52.99% f1 52.20%
2026-03-09 04:26:16 - __main__ - INFO - 
Epoch 20/200 | lr 0.098734
2026-03-09 04:26:33 - __main__ - INFO - Train: loss 1.1184 acc1 67.22% f1 67.13%
2026-03-09 04:26:33 - __main__ - INFO - Val:   loss 1.8265 acc1 54.12% f1 53.27%
2026-03-09 04:26:33 - __main__ - INFO - 
Epoch 21/200 | lr 0.098547
2026-03-09 04:26:50 - __main__ - INFO - Train: loss 1.1150 acc1 67.53% f1 67.42%
2026-03-09 04:26:50 - __main__ - INFO - Val:   loss 1.5987 acc1 58.34% f1 57.73%
2026-03-09 04:26:50 - __main__ - INFO - saved best: 58.34%
2026-03-09 04:26:50 - __main__ - INFO - 
Epoch 22/200 | lr 0.098348
2026-03-09 04:27:06 - __main__ - INFO - Train: loss 1.0883 acc1 68.22% f1 68.15%
2026-03-09 04:27:06 - __main__ - INFO - Val:   loss 1.6410 acc1 54.88% f1 54.36%
2026-03-09 04:27:06 - __main__ - INFO - 
Epoch 23/200 | lr 0.098137
2026-03-09 04:27:23 - __main__ - INFO - Train: loss 1.0794 acc1 68.37% f1 68.28%
2026-03-09 04:27:23 - __main__ - INFO - Val:   loss 1.8888 acc1 50.98% f1 50.46%
2026-03-09 04:27:23 - __main__ - INFO - 
Epoch 24/200 | lr 0.097913
2026-03-09 04:27:39 - __main__ - INFO - Train: loss 1.0641 acc1 68.95% f1 68.88%
2026-03-09 04:27:39 - __main__ - INFO - Val:   loss 1.6790 acc1 56.12% f1 55.78%
2026-03-09 04:27:39 - __main__ - INFO - 
Epoch 25/200 | lr 0.097676
2026-03-09 04:27:56 - __main__ - INFO - Train: loss 1.0501 acc1 69.30% f1 69.23%
2026-03-09 04:27:56 - __main__ - INFO - Val:   loss 1.7080 acc1 56.05% f1 55.59%
2026-03-09 04:27:56 - __main__ - INFO - 
Epoch 26/200 | lr 0.097427
2026-03-09 04:28:13 - __main__ - INFO - Train: loss 1.0432 acc1 69.31% f1 69.24%
2026-03-09 04:28:13 - __main__ - INFO - Val:   loss 1.8417 acc1 53.67% f1 52.46%
2026-03-09 04:28:13 - __main__ - INFO - 
Epoch 27/200 | lr 0.097166
2026-03-09 04:28:29 - __main__ - INFO - Train: loss 1.0304 acc1 69.61% f1 69.57%
2026-03-09 04:28:29 - __main__ - INFO - Val:   loss 1.7689 acc1 53.82% f1 52.66%
2026-03-09 04:28:29 - __main__ - INFO - 
Epoch 28/200 | lr 0.096892
2026-03-09 04:28:46 - __main__ - INFO - Train: loss 1.0279 acc1 69.91% f1 69.86%
2026-03-09 04:28:46 - __main__ - INFO - Val:   loss 1.6699 acc1 55.75% f1 55.17%
2026-03-09 04:28:46 - __main__ - INFO - 
Epoch 29/200 | lr 0.096607
2026-03-09 04:29:02 - __main__ - INFO - Train: loss 1.0112 acc1 70.25% f1 70.19%
2026-03-09 04:29:02 - __main__ - INFO - Val:   loss 1.8819 acc1 53.41% f1 54.26%
2026-03-09 04:29:02 - __main__ - INFO - 
Epoch 30/200 | lr 0.096309
2026-03-09 04:29:19 - __main__ - INFO - Train: loss 1.0040 acc1 70.50% f1 70.46%
2026-03-09 04:29:19 - __main__ - INFO - Val:   loss 1.5527 acc1 57.99% f1 57.46%
2026-03-09 04:29:19 - __main__ - INFO - 
Epoch 31/200 | lr 0.095999
2026-03-09 04:29:36 - __main__ - INFO - Train: loss 0.9832 acc1 70.91% f1 70.84%
2026-03-09 04:29:36 - __main__ - INFO - Val:   loss 1.7577 acc1 55.60% f1 54.60%
2026-03-09 04:29:36 - __main__ - INFO - 
Epoch 32/200 | lr 0.095678
2026-03-09 04:29:52 - __main__ - INFO - Train: loss 0.9941 acc1 70.61% f1 70.57%
2026-03-09 04:29:52 - __main__ - INFO - Val:   loss 1.5227 acc1 60.14% f1 59.13%
2026-03-09 04:29:52 - __main__ - INFO - saved best: 60.14%
2026-03-09 04:29:52 - __main__ - INFO - 
Epoch 33/200 | lr 0.095344
2026-03-09 04:30:09 - __main__ - INFO - Train: loss 0.9853 acc1 70.85% f1 70.79%
2026-03-09 04:30:09 - __main__ - INFO - Val:   loss 1.7426 acc1 55.73% f1 55.73%
2026-03-09 04:30:09 - __main__ - INFO - 
Epoch 34/200 | lr 0.094999
2026-03-09 04:30:25 - __main__ - INFO - Train: loss 0.9677 acc1 71.48% f1 71.45%
2026-03-09 04:30:25 - __main__ - INFO - Val:   loss 1.6866 acc1 56.71% f1 55.64%
2026-03-09 04:30:25 - __main__ - INFO - 
Epoch 35/200 | lr 0.094642
2026-03-09 04:30:42 - __main__ - INFO - Train: loss 0.9570 acc1 71.66% f1 71.64%
2026-03-09 04:30:42 - __main__ - INFO - Val:   loss 1.5746 acc1 58.55% f1 58.00%
2026-03-09 04:30:42 - __main__ - INFO - 
Epoch 36/200 | lr 0.094273
2026-03-09 04:30:58 - __main__ - INFO - Train: loss 0.9580 acc1 71.51% f1 71.48%
2026-03-09 04:30:58 - __main__ - INFO - Val:   loss 1.4871 acc1 60.74% f1 60.28%
2026-03-09 04:30:58 - __main__ - INFO - saved best: 60.74%
2026-03-09 04:30:58 - __main__ - INFO - 
Epoch 37/200 | lr 0.093893
2026-03-09 04:31:15 - __main__ - INFO - Train: loss 0.9393 acc1 72.45% f1 72.40%
2026-03-09 04:31:15 - __main__ - INFO - Val:   loss 1.8069 acc1 56.40% f1 55.84%
2026-03-09 04:31:15 - __main__ - INFO - 
Epoch 38/200 | lr 0.093502
2026-03-09 04:31:32 - __main__ - INFO - Train: loss 0.9439 acc1 72.12% f1 72.08%
2026-03-09 04:31:32 - __main__ - INFO - Val:   loss 1.6264 acc1 57.51% f1 56.56%
2026-03-09 04:31:32 - __main__ - INFO - 
Epoch 39/200 | lr 0.093099
2026-03-09 04:31:48 - __main__ - INFO - Train: loss 0.9246 acc1 72.49% f1 72.44%
2026-03-09 04:31:48 - __main__ - INFO - Val:   loss 1.6262 acc1 59.35% f1 58.65%
2026-03-09 04:31:48 - __main__ - INFO - 
Epoch 40/200 | lr 0.092685
2026-03-09 04:32:05 - __main__ - INFO - Train: loss 0.9216 acc1 72.84% f1 72.81%
2026-03-09 04:32:05 - __main__ - INFO - Val:   loss 1.7657 acc1 55.57% f1 55.59%
2026-03-09 04:32:05 - __main__ - INFO - 
Epoch 41/200 | lr 0.092260
2026-03-09 04:32:21 - __main__ - INFO - Train: loss 0.9216 acc1 72.80% f1 72.75%
2026-03-09 04:32:21 - __main__ - INFO - Val:   loss 1.6570 acc1 56.86% f1 55.91%
2026-03-09 04:32:21 - __main__ - INFO - 
Epoch 42/200 | lr 0.091824
2026-03-09 04:32:38 - __main__ - INFO - Train: loss 0.9163 acc1 72.78% f1 72.78%
2026-03-09 04:32:38 - __main__ - INFO - Val:   loss 1.8418 acc1 53.43% f1 52.91%
2026-03-09 04:32:38 - __main__ - INFO - 
Epoch 43/200 | lr 0.091378
2026-03-09 04:32:55 - __main__ - INFO - Train: loss 0.9049 acc1 73.36% f1 73.34%
2026-03-09 04:32:55 - __main__ - INFO - Val:   loss 1.6284 acc1 58.45% f1 58.07%
2026-03-09 04:32:55 - __main__ - INFO - 
Epoch 44/200 | lr 0.090920
2026-03-09 04:33:11 - __main__ - INFO - Train: loss 0.8910 acc1 73.46% f1 73.43%
2026-03-09 04:33:11 - __main__ - INFO - Val:   loss 1.8468 acc1 54.69% f1 53.85%
2026-03-09 04:33:11 - __main__ - INFO - 
Epoch 45/200 | lr 0.090452
2026-03-09 04:33:28 - __main__ - INFO - Train: loss 0.9045 acc1 73.14% f1 73.10%
2026-03-09 04:33:28 - __main__ - INFO - Val:   loss 1.5295 acc1 60.22% f1 59.83%
2026-03-09 04:33:28 - __main__ - INFO - 
Epoch 46/200 | lr 0.089973
2026-03-09 04:33:44 - __main__ - INFO - Train: loss 0.8741 acc1 74.05% f1 74.01%
2026-03-09 04:33:44 - __main__ - INFO - Val:   loss 1.7592 acc1 55.78% f1 55.52%
2026-03-09 04:33:44 - __main__ - INFO - 
Epoch 47/200 | lr 0.089484
2026-03-09 04:34:01 - __main__ - INFO - Train: loss 0.8844 acc1 73.79% f1 73.78%
2026-03-09 04:34:01 - __main__ - INFO - Val:   loss 1.6186 acc1 57.94% f1 57.57%
2026-03-09 04:34:01 - __main__ - INFO - 
Epoch 48/200 | lr 0.088985
2026-03-09 04:34:17 - __main__ - INFO - Train: loss 0.8690 acc1 74.00% f1 73.99%
2026-03-09 04:34:17 - __main__ - INFO - Val:   loss 1.6913 acc1 58.63% f1 58.96%
2026-03-09 04:34:17 - __main__ - INFO - 
Epoch 49/200 | lr 0.088475
2026-03-09 04:34:34 - __main__ - INFO - Train: loss 0.8629 acc1 73.92% f1 73.91%
2026-03-09 04:34:34 - __main__ - INFO - Val:   loss 1.6617 acc1 57.88% f1 57.76%
2026-03-09 04:34:34 - __main__ - INFO - 
Epoch 50/200 | lr 0.087956
2026-03-09 04:34:51 - __main__ - INFO - Train: loss 0.8529 acc1 74.56% f1 74.51%
2026-03-09 04:34:51 - __main__ - INFO - Val:   loss 1.5017 acc1 60.35% f1 59.89%
2026-03-09 04:34:51 - __main__ - INFO - 
Epoch 51/200 | lr 0.087427
2026-03-09 04:35:07 - __main__ - INFO - Train: loss 0.8560 acc1 74.35% f1 74.32%
2026-03-09 04:35:07 - __main__ - INFO - Val:   loss 1.7346 acc1 56.74% f1 56.18%
2026-03-09 04:35:07 - __main__ - INFO - 
Epoch 52/200 | lr 0.086888
2026-03-09 04:35:24 - __main__ - INFO - Train: loss 0.8457 acc1 74.67% f1 74.67%
2026-03-09 04:35:24 - __main__ - INFO - Val:   loss 1.5355 acc1 60.87% f1 59.26%
2026-03-09 04:35:24 - __main__ - INFO - saved best: 60.87%
2026-03-09 04:35:24 - __main__ - INFO - 
Epoch 53/200 | lr 0.086339
2026-03-09 04:35:40 - __main__ - INFO - Train: loss 0.8423 acc1 74.81% f1 74.78%
2026-03-09 04:35:40 - __main__ - INFO - Val:   loss 1.5010 acc1 61.40% f1 60.65%
2026-03-09 04:35:40 - __main__ - INFO - saved best: 61.40%
2026-03-09 04:35:40 - __main__ - INFO - 
Epoch 54/200 | lr 0.085781
2026-03-09 04:35:57 - __main__ - INFO - Train: loss 0.8286 acc1 75.17% f1 75.15%
2026-03-09 04:35:57 - __main__ - INFO - Val:   loss 1.4673 acc1 60.93% f1 60.50%
2026-03-09 04:35:57 - __main__ - INFO - 
Epoch 55/200 | lr 0.085214
2026-03-09 04:36:13 - __main__ - INFO - Train: loss 0.8235 acc1 75.28% f1 75.26%
2026-03-09 04:36:13 - __main__ - INFO - Val:   loss 1.6200 acc1 58.10% f1 58.08%
2026-03-09 04:36:13 - __main__ - INFO - 
Epoch 56/200 | lr 0.084638
2026-03-09 04:36:30 - __main__ - INFO - Train: loss 0.8200 acc1 75.42% f1 75.41%
2026-03-09 04:36:30 - __main__ - INFO - Val:   loss 1.6038 acc1 59.52% f1 58.39%
2026-03-09 04:36:30 - __main__ - INFO - 
Epoch 57/200 | lr 0.084052
2026-03-09 04:36:47 - __main__ - INFO - Train: loss 0.8164 acc1 75.56% f1 75.54%
2026-03-09 04:36:47 - __main__ - INFO - Val:   loss 1.5387 acc1 60.90% f1 60.16%
2026-03-09 04:36:47 - __main__ - INFO - 
Epoch 58/200 | lr 0.083458
2026-03-09 04:37:03 - __main__ - INFO - Train: loss 0.8028 acc1 76.08% f1 76.08%
2026-03-09 04:37:03 - __main__ - INFO - Val:   loss 1.5984 acc1 59.90% f1 59.64%
2026-03-09 04:37:03 - __main__ - INFO - 
Epoch 59/200 | lr 0.082855
2026-03-09 04:37:20 - __main__ - INFO - Train: loss 0.7996 acc1 75.90% f1 75.89%
2026-03-09 04:37:20 - __main__ - INFO - Val:   loss 1.4597 acc1 61.39% f1 61.33%
2026-03-09 04:37:20 - __main__ - INFO - 
Epoch 60/200 | lr 0.082244
2026-03-09 04:37:36 - __main__ - INFO - Train: loss 0.7995 acc1 75.87% f1 75.86%
2026-03-09 04:37:36 - __main__ - INFO - Val:   loss 1.4846 acc1 61.87% f1 61.10%
2026-03-09 04:37:36 - __main__ - INFO - saved best: 61.87%
2026-03-09 04:37:36 - __main__ - INFO - 
Epoch 61/200 | lr 0.081624
2026-03-09 04:37:53 - __main__ - INFO - Train: loss 0.7815 acc1 76.36% f1 76.35%
2026-03-09 04:37:53 - __main__ - INFO - Val:   loss 1.6157 acc1 59.18% f1 58.57%
2026-03-09 04:37:53 - __main__ - INFO - 
Epoch 62/200 | lr 0.080996
2026-03-09 04:38:09 - __main__ - INFO - Train: loss 0.7713 acc1 76.62% f1 76.59%
2026-03-09 04:38:09 - __main__ - INFO - Val:   loss 1.6454 acc1 59.36% f1 58.70%
2026-03-09 04:38:09 - __main__ - INFO - 
Epoch 63/200 | lr 0.080360
2026-03-09 04:38:26 - __main__ - INFO - Train: loss 0.7776 acc1 76.48% f1 76.47%
2026-03-09 04:38:26 - __main__ - INFO - Val:   loss 1.4809 acc1 61.76% f1 62.11%
2026-03-09 04:38:26 - __main__ - INFO - 
Epoch 64/200 | lr 0.079716
2026-03-09 04:38:42 - __main__ - INFO - Train: loss 0.7611 acc1 76.95% f1 76.94%
2026-03-09 04:38:42 - __main__ - INFO - Val:   loss 1.4393 acc1 63.21% f1 62.78%
2026-03-09 04:38:42 - __main__ - INFO - saved best: 63.21%
2026-03-09 04:38:42 - __main__ - INFO - 
Epoch 65/200 | lr 0.079065
2026-03-09 04:38:59 - __main__ - INFO - Train: loss 0.7620 acc1 76.84% f1 76.83%
2026-03-09 04:38:59 - __main__ - INFO - Val:   loss 1.4939 acc1 62.15% f1 61.61%
2026-03-09 04:38:59 - __main__ - INFO - 
Epoch 66/200 | lr 0.078405
2026-03-09 04:39:16 - __main__ - INFO - Train: loss 0.7578 acc1 77.25% f1 77.23%
2026-03-09 04:39:16 - __main__ - INFO - Val:   loss 1.5615 acc1 60.46% f1 59.91%
2026-03-09 04:39:16 - __main__ - INFO - 
Epoch 67/200 | lr 0.077739
2026-03-09 04:39:32 - __main__ - INFO - Train: loss 0.7526 acc1 77.26% f1 77.25%
2026-03-09 04:39:32 - __main__ - INFO - Val:   loss 1.7342 acc1 58.14% f1 57.62%
2026-03-09 04:39:32 - __main__ - INFO - 
Epoch 68/200 | lr 0.077065
2026-03-09 04:39:49 - __main__ - INFO - Train: loss 0.7235 acc1 77.96% f1 77.96%
2026-03-09 04:39:49 - __main__ - INFO - Val:   loss 1.6818 acc1 58.44% f1 58.14%
2026-03-09 04:39:49 - __main__ - INFO - 
Epoch 69/200 | lr 0.076384
2026-03-09 04:40:05 - __main__ - INFO - Train: loss 0.7356 acc1 77.87% f1 77.89%
2026-03-09 04:40:05 - __main__ - INFO - Val:   loss 1.7687 acc1 58.27% f1 59.25%
2026-03-09 04:40:05 - __main__ - INFO - 
Epoch 70/200 | lr 0.075697
2026-03-09 04:40:22 - __main__ - INFO - Train: loss 0.7296 acc1 77.84% f1 77.84%
2026-03-09 04:40:22 - __main__ - INFO - Val:   loss 1.6204 acc1 59.66% f1 59.14%
2026-03-09 04:40:22 - __main__ - INFO - 
Epoch 71/200 | lr 0.075003
2026-03-09 04:40:38 - __main__ - INFO - Train: loss 0.7047 acc1 78.60% f1 78.60%
2026-03-09 04:40:38 - __main__ - INFO - Val:   loss 1.5575 acc1 60.39% f1 59.57%
2026-03-09 04:40:38 - __main__ - INFO - 
Epoch 72/200 | lr 0.074302
2026-03-09 04:40:55 - __main__ - INFO - Train: loss 0.7057 acc1 78.56% f1 78.54%
2026-03-09 04:40:55 - __main__ - INFO - Val:   loss 1.6840 acc1 58.48% f1 57.76%
2026-03-09 04:40:55 - __main__ - INFO - 
Epoch 73/200 | lr 0.073595
2026-03-09 04:41:11 - __main__ - INFO - Train: loss 0.6999 acc1 78.92% f1 78.92%
2026-03-09 04:41:11 - __main__ - INFO - Val:   loss 1.6625 acc1 58.93% f1 58.81%
2026-03-09 04:41:11 - __main__ - INFO - 
Epoch 74/200 | lr 0.072881
2026-03-09 04:41:28 - __main__ - INFO - Train: loss 0.6902 acc1 79.04% f1 79.05%
2026-03-09 04:41:28 - __main__ - INFO - Val:   loss 1.6245 acc1 60.00% f1 59.43%
2026-03-09 04:41:28 - __main__ - INFO - 
Epoch 75/200 | lr 0.072162
2026-03-09 04:41:45 - __main__ - INFO - Train: loss 0.6887 acc1 79.12% f1 79.10%
2026-03-09 04:41:45 - __main__ - INFO - Val:   loss 1.6130 acc1 60.44% f1 60.22%
2026-03-09 04:41:45 - __main__ - INFO - 
Epoch 76/200 | lr 0.071437
2026-03-09 04:42:01 - __main__ - INFO - Train: loss 0.6772 acc1 79.31% f1 79.29%
2026-03-09 04:42:01 - __main__ - INFO - Val:   loss 1.4696 acc1 62.59% f1 62.52%
2026-03-09 04:42:01 - __main__ - INFO - 
Epoch 77/200 | lr 0.070707
2026-03-09 04:42:18 - __main__ - INFO - Train: loss 0.6753 acc1 79.46% f1 79.46%
2026-03-09 04:42:18 - __main__ - INFO - Val:   loss 1.5203 acc1 61.30% f1 60.12%
2026-03-09 04:42:18 - __main__ - INFO - 
Epoch 78/200 | lr 0.069971
2026-03-09 04:42:34 - __main__ - INFO - Train: loss 0.6564 acc1 79.85% f1 79.85%
2026-03-09 04:42:34 - __main__ - INFO - Val:   loss 1.5847 acc1 60.78% f1 60.28%
2026-03-09 04:42:34 - __main__ - INFO - 
Epoch 79/200 | lr 0.069230
2026-03-09 04:42:51 - __main__ - INFO - Train: loss 0.6559 acc1 79.99% f1 80.01%
2026-03-09 04:42:51 - __main__ - INFO - Val:   loss 1.4444 acc1 63.58% f1 62.86%
2026-03-09 04:42:51 - __main__ - INFO - saved best: 63.58%
2026-03-09 04:42:51 - __main__ - INFO - 
Epoch 80/200 | lr 0.068484
2026-03-09 04:43:07 - __main__ - INFO - Train: loss 0.6434 acc1 80.49% f1 80.50%
2026-03-09 04:43:07 - __main__ - INFO - Val:   loss 1.5329 acc1 61.48% f1 60.34%
2026-03-09 04:43:07 - __main__ - INFO - 
Epoch 81/200 | lr 0.067733
2026-03-09 04:43:24 - __main__ - INFO - Train: loss 0.6504 acc1 80.13% f1 80.15%
2026-03-09 04:43:24 - __main__ - INFO - Val:   loss 1.6029 acc1 60.75% f1 60.10%
2026-03-09 04:43:24 - __main__ - INFO - 
Epoch 82/200 | lr 0.066978
2026-03-09 04:43:41 - __main__ - INFO - Train: loss 0.6275 acc1 80.86% f1 80.85%
2026-03-09 04:43:41 - __main__ - INFO - Val:   loss 1.4807 acc1 62.60% f1 62.09%
2026-03-09 04:43:41 - __main__ - INFO - 
Epoch 83/200 | lr 0.066218
2026-03-09 04:43:57 - __main__ - INFO - Train: loss 0.6252 acc1 80.81% f1 80.82%
2026-03-09 04:43:57 - __main__ - INFO - Val:   loss 1.5622 acc1 62.18% f1 61.79%
2026-03-09 04:43:57 - __main__ - INFO - 
Epoch 84/200 | lr 0.065454
2026-03-09 04:44:14 - __main__ - INFO - Train: loss 0.6177 acc1 81.10% f1 81.11%
2026-03-09 04:44:14 - __main__ - INFO - Val:   loss 1.4535 acc1 63.65% f1 63.32%
2026-03-09 04:44:14 - __main__ - INFO - saved best: 63.65%
2026-03-09 04:44:14 - __main__ - INFO - 
Epoch 85/200 | lr 0.064686
2026-03-09 04:44:30 - __main__ - INFO - Train: loss 0.6027 acc1 81.59% f1 81.59%
2026-03-09 04:44:30 - __main__ - INFO - Val:   loss 1.5774 acc1 61.35% f1 61.25%
2026-03-09 04:44:30 - __main__ - INFO - 
Epoch 86/200 | lr 0.063914
2026-03-09 04:44:47 - __main__ - INFO - Train: loss 0.6070 acc1 81.36% f1 81.37%
2026-03-09 04:44:47 - __main__ - INFO - Val:   loss 1.5838 acc1 61.39% f1 61.22%
2026-03-09 04:44:47 - __main__ - INFO - 
Epoch 87/200 | lr 0.063139
2026-03-09 04:45:03 - __main__ - INFO - Train: loss 0.5845 acc1 82.06% f1 82.08%
2026-03-09 04:45:03 - __main__ - INFO - Val:   loss 1.6144 acc1 59.44% f1 58.53%
2026-03-09 04:45:03 - __main__ - INFO - 
Epoch 88/200 | lr 0.062360
2026-03-09 04:45:20 - __main__ - INFO - Train: loss 0.5684 acc1 82.37% f1 82.37%
2026-03-09 04:45:20 - __main__ - INFO - Val:   loss 1.3644 acc1 64.25% f1 63.73%
2026-03-09 04:45:20 - __main__ - INFO - saved best: 64.25%
2026-03-09 04:45:20 - __main__ - INFO - 
Epoch 89/200 | lr 0.061578
2026-03-09 04:45:36 - __main__ - INFO - Train: loss 0.5824 acc1 81.95% f1 81.94%
2026-03-09 04:45:36 - __main__ - INFO - Val:   loss 1.7140 acc1 59.49% f1 59.28%
2026-03-09 04:45:36 - __main__ - INFO - 
Epoch 90/200 | lr 0.060793
2026-03-09 04:45:53 - __main__ - INFO - Train: loss 0.5607 acc1 82.64% f1 82.64%
2026-03-09 04:45:53 - __main__ - INFO - Val:   loss 1.5073 acc1 62.34% f1 61.71%
2026-03-09 04:45:53 - __main__ - INFO - 
Epoch 91/200 | lr 0.060005
2026-03-09 04:46:09 - __main__ - INFO - Train: loss 0.5560 acc1 82.90% f1 82.92%
2026-03-09 04:46:09 - __main__ - INFO - Val:   loss 1.5563 acc1 61.94% f1 61.41%
2026-03-09 04:46:09 - __main__ - INFO - 
Epoch 92/200 | lr 0.059215
2026-03-09 04:46:26 - __main__ - INFO - Train: loss 0.5494 acc1 83.06% f1 83.07%
2026-03-09 04:46:26 - __main__ - INFO - Val:   loss 1.6281 acc1 61.63% f1 61.12%
2026-03-09 04:46:26 - __main__ - INFO - 
Epoch 93/200 | lr 0.058422
2026-03-09 04:46:43 - __main__ - INFO - Train: loss 0.5414 acc1 83.51% f1 83.52%
2026-03-09 04:46:43 - __main__ - INFO - Val:   loss 1.5120 acc1 63.12% f1 62.83%
2026-03-09 04:46:43 - __main__ - INFO - 
Epoch 94/200 | lr 0.057627
2026-03-09 04:46:59 - __main__ - INFO - Train: loss 0.5193 acc1 84.02% f1 84.03%
2026-03-09 04:46:59 - __main__ - INFO - Val:   loss 1.5017 acc1 63.40% f1 62.97%
2026-03-09 04:46:59 - __main__ - INFO - 
Epoch 95/200 | lr 0.056830
2026-03-09 04:47:16 - __main__ - INFO - Train: loss 0.5224 acc1 83.98% f1 83.97%
2026-03-09 04:47:16 - __main__ - INFO - Val:   loss 1.5971 acc1 61.82% f1 60.62%
2026-03-09 04:47:16 - __main__ - INFO - 
Epoch 96/200 | lr 0.056031
2026-03-09 04:47:32 - __main__ - INFO - Train: loss 0.5205 acc1 84.08% f1 84.09%
2026-03-09 04:47:32 - __main__ - INFO - Val:   loss 1.3911 acc1 65.08% f1 64.63%
2026-03-09 04:47:32 - __main__ - INFO - saved best: 65.08%
2026-03-09 04:47:32 - __main__ - INFO - 
Epoch 97/200 | lr 0.055231
2026-03-09 04:47:49 - __main__ - INFO - Train: loss 0.4980 acc1 84.70% f1 84.72%
2026-03-09 04:47:49 - __main__ - INFO - Val:   loss 1.5037 acc1 62.80% f1 62.32%
2026-03-09 04:47:49 - __main__ - INFO - 
Epoch 98/200 | lr 0.054429
2026-03-09 04:48:05 - __main__ - INFO - Train: loss 0.5022 acc1 84.56% f1 84.56%
2026-03-09 04:48:05 - __main__ - INFO - Val:   loss 1.4706 acc1 63.84% f1 63.54%
2026-03-09 04:48:05 - __main__ - INFO - 
Epoch 99/200 | lr 0.053626
2026-03-09 04:48:22 - __main__ - INFO - Train: loss 0.4899 acc1 84.80% f1 84.82%
2026-03-09 04:48:22 - __main__ - INFO - Val:   loss 1.5648 acc1 62.18% f1 61.59%
2026-03-09 04:48:22 - __main__ - INFO - 
Epoch 100/200 | lr 0.052823
2026-03-09 04:48:38 - __main__ - INFO - Train: loss 0.4848 acc1 85.05% f1 85.07%
2026-03-09 04:48:38 - __main__ - INFO - Val:   loss 1.6033 acc1 61.49% f1 60.80%
2026-03-09 04:48:38 - __main__ - INFO - 
Epoch 101/200 | lr 0.052018
2026-03-09 04:48:55 - __main__ - INFO - Train: loss 0.4565 acc1 85.77% f1 85.79%
2026-03-09 04:48:55 - __main__ - INFO - Val:   loss 1.6120 acc1 61.09% f1 60.66%
2026-03-09 04:48:55 - __main__ - INFO - 
Epoch 102/200 | lr 0.051213
2026-03-09 04:49:12 - __main__ - INFO - Train: loss 0.4672 acc1 85.50% f1 85.50%
2026-03-09 04:49:12 - __main__ - INFO - Val:   loss 1.5067 acc1 63.03% f1 62.66%
2026-03-09 04:49:12 - __main__ - INFO - 
Epoch 103/200 | lr 0.050408
2026-03-09 04:49:28 - __main__ - INFO - Train: loss 0.4432 acc1 86.32% f1 86.35%
2026-03-09 04:49:28 - __main__ - INFO - Val:   loss 1.5180 acc1 63.78% f1 63.44%
2026-03-09 04:49:28 - __main__ - INFO - 
Epoch 104/200 | lr 0.049602
2026-03-09 04:49:45 - __main__ - INFO - Train: loss 0.4380 acc1 86.42% f1 86.43%
2026-03-09 04:49:45 - __main__ - INFO - Val:   loss 1.6548 acc1 61.45% f1 60.95%
2026-03-09 04:49:45 - __main__ - INFO - 
Epoch 105/200 | lr 0.048797
2026-03-09 04:50:01 - __main__ - INFO - Train: loss 0.4381 acc1 86.27% f1 86.28%
2026-03-09 04:50:01 - __main__ - INFO - Val:   loss 1.5503 acc1 63.92% f1 63.43%
2026-03-09 04:50:01 - __main__ - INFO - 
Epoch 106/200 | lr 0.047992
2026-03-09 04:50:18 - __main__ - INFO - Train: loss 0.4316 acc1 86.50% f1 86.52%
2026-03-09 04:50:18 - __main__ - INFO - Val:   loss 1.4882 acc1 64.59% f1 64.32%
2026-03-09 04:50:18 - __main__ - INFO - 
Epoch 107/200 | lr 0.047187
2026-03-09 04:50:34 - __main__ - INFO - Train: loss 0.3957 acc1 87.66% f1 87.67%
2026-03-09 04:50:34 - __main__ - INFO - Val:   loss 1.4288 acc1 65.13% f1 64.90%
2026-03-09 04:50:34 - __main__ - INFO - saved best: 65.13%
2026-03-09 04:50:34 - __main__ - INFO - 
Epoch 108/200 | lr 0.046384
2026-03-09 04:50:51 - __main__ - INFO - Train: loss 0.4024 acc1 87.54% f1 87.56%
2026-03-09 04:50:51 - __main__ - INFO - Val:   loss 1.5224 acc1 63.95% f1 63.52%
2026-03-09 04:50:51 - __main__ - INFO - 
Epoch 109/200 | lr 0.045581
2026-03-09 04:51:07 - __main__ - INFO - Train: loss 0.3983 acc1 87.68% f1 87.68%
2026-03-09 04:51:07 - __main__ - INFO - Val:   loss 1.4979 acc1 63.65% f1 63.43%
2026-03-09 04:51:07 - __main__ - INFO - 
Epoch 110/200 | lr 0.044779
2026-03-09 04:51:24 - __main__ - INFO - Train: loss 0.3848 acc1 88.05% f1 88.06%
2026-03-09 04:51:24 - __main__ - INFO - Val:   loss 1.7019 acc1 62.10% f1 62.47%
2026-03-09 04:51:24 - __main__ - INFO - 
Epoch 111/200 | lr 0.043979
2026-03-09 04:51:41 - __main__ - INFO - Train: loss 0.3748 acc1 88.35% f1 88.37%
2026-03-09 04:51:41 - __main__ - INFO - Val:   loss 1.5803 acc1 62.78% f1 62.50%
2026-03-09 04:51:41 - __main__ - INFO - 
Epoch 112/200 | lr 0.043180
2026-03-09 04:51:57 - __main__ - INFO - Train: loss 0.3599 acc1 88.89% f1 88.90%
2026-03-09 04:51:57 - __main__ - INFO - Val:   loss 1.5147 acc1 63.19% f1 62.60%
2026-03-09 04:51:57 - __main__ - INFO - 
Epoch 113/200 | lr 0.042383
2026-03-09 04:52:14 - __main__ - INFO - Train: loss 0.3588 acc1 89.05% f1 89.05%
2026-03-09 04:52:14 - __main__ - INFO - Val:   loss 1.5066 acc1 65.12% f1 64.95%
2026-03-09 04:52:14 - __main__ - INFO - 
Epoch 114/200 | lr 0.041588
2026-03-09 04:52:30 - __main__ - INFO - Train: loss 0.3491 acc1 89.21% f1 89.22%
2026-03-09 04:52:30 - __main__ - INFO - Val:   loss 1.4930 acc1 64.60% f1 64.33%
2026-03-09 04:52:30 - __main__ - INFO - 
Epoch 115/200 | lr 0.040795
2026-03-09 04:52:47 - __main__ - INFO - Train: loss 0.3364 acc1 89.56% f1 89.57%
2026-03-09 04:52:47 - __main__ - INFO - Val:   loss 1.5044 acc1 65.08% f1 64.61%
2026-03-09 04:52:47 - __main__ - INFO - 
Epoch 116/200 | lr 0.040005
2026-03-09 04:53:03 - __main__ - INFO - Train: loss 0.3229 acc1 89.92% f1 89.93%
2026-03-09 04:53:03 - __main__ - INFO - Val:   loss 1.4989 acc1 65.15% f1 64.93%
2026-03-09 04:53:03 - __main__ - INFO - saved best: 65.15%
2026-03-09 04:53:03 - __main__ - INFO - 
Epoch 117/200 | lr 0.039217
2026-03-09 04:53:20 - __main__ - INFO - Train: loss 0.3002 acc1 90.80% f1 90.81%
2026-03-09 04:53:20 - __main__ - INFO - Val:   loss 1.4726 acc1 66.05% f1 65.75%
2026-03-09 04:53:20 - __main__ - INFO - saved best: 66.05%
2026-03-09 04:53:20 - __main__ - INFO - 
Epoch 118/200 | lr 0.038432
2026-03-09 04:53:36 - __main__ - INFO - Train: loss 0.3135 acc1 90.25% f1 90.26%
2026-03-09 04:53:36 - __main__ - INFO - Val:   loss 1.4037 acc1 66.22% f1 65.82%
2026-03-09 04:53:36 - __main__ - INFO - saved best: 66.22%
2026-03-09 04:53:36 - __main__ - INFO - 
Epoch 119/200 | lr 0.037650
2026-03-09 04:53:53 - __main__ - INFO - Train: loss 0.2907 acc1 91.10% f1 91.13%
2026-03-09 04:53:53 - __main__ - INFO - Val:   loss 1.4904 acc1 65.45% f1 65.25%
2026-03-09 04:53:53 - __main__ - INFO - 
Epoch 120/200 | lr 0.036871
2026-03-09 04:54:10 - __main__ - INFO - Train: loss 0.2833 acc1 91.38% f1 91.39%
2026-03-09 04:54:10 - __main__ - INFO - Val:   loss 1.5499 acc1 64.16% f1 64.06%
2026-03-09 04:54:10 - __main__ - INFO - 
Epoch 121/200 | lr 0.036096
2026-03-09 04:54:26 - __main__ - INFO - Train: loss 0.2826 acc1 91.41% f1 91.42%
2026-03-09 04:54:26 - __main__ - INFO - Val:   loss 1.5152 acc1 63.71% f1 63.08%
2026-03-09 04:54:26 - __main__ - INFO - 
Epoch 122/200 | lr 0.035324
2026-03-09 04:54:43 - __main__ - INFO - Train: loss 0.2854 acc1 91.22% f1 91.23%
2026-03-09 04:54:43 - __main__ - INFO - Val:   loss 1.4792 acc1 65.67% f1 65.79%
2026-03-09 04:54:43 - __main__ - INFO - 
Epoch 123/200 | lr 0.034556
2026-03-09 04:54:59 - __main__ - INFO - Train: loss 0.2676 acc1 91.88% f1 91.90%
2026-03-09 04:54:59 - __main__ - INFO - Val:   loss 1.4635 acc1 66.47% f1 66.20%
2026-03-09 04:54:59 - __main__ - INFO - saved best: 66.47%
2026-03-09 04:54:59 - __main__ - INFO - 
Epoch 124/200 | lr 0.033792
2026-03-09 04:55:16 - __main__ - INFO - Train: loss 0.2400 acc1 92.77% f1 92.78%
2026-03-09 04:55:16 - __main__ - INFO - Val:   loss 1.4696 acc1 66.10% f1 65.65%
2026-03-09 04:55:16 - __main__ - INFO - 
Epoch 125/200 | lr 0.033032
2026-03-09 04:55:32 - __main__ - INFO - Train: loss 0.2348 acc1 93.10% f1 93.11%
2026-03-09 04:55:32 - __main__ - INFO - Val:   loss 1.4789 acc1 66.19% f1 65.73%
2026-03-09 04:55:32 - __main__ - INFO - 
Epoch 126/200 | lr 0.032277
2026-03-09 04:55:49 - __main__ - INFO - Train: loss 0.2316 acc1 93.04% f1 93.06%
2026-03-09 04:55:49 - __main__ - INFO - Val:   loss 1.5482 acc1 66.58% f1 66.22%
2026-03-09 04:55:49 - __main__ - INFO - saved best: 66.58%
2026-03-09 04:55:49 - __main__ - INFO - 
Epoch 127/200 | lr 0.031526
2026-03-09 04:56:06 - __main__ - INFO - Train: loss 0.2370 acc1 92.83% f1 92.85%
2026-03-09 04:56:06 - __main__ - INFO - Val:   loss 1.3928 acc1 67.06% f1 66.57%
2026-03-09 04:56:06 - __main__ - INFO - saved best: 67.06%
2026-03-09 04:56:06 - __main__ - INFO - 
Epoch 128/200 | lr 0.030780
2026-03-09 04:56:22 - __main__ - INFO - Train: loss 0.2300 acc1 93.14% f1 93.16%
2026-03-09 04:56:22 - __main__ - INFO - Val:   loss 1.3808 acc1 67.16% f1 66.73%
2026-03-09 04:56:22 - __main__ - INFO - saved best: 67.16%
2026-03-09 04:56:22 - __main__ - INFO - 
Epoch 129/200 | lr 0.030039
2026-03-09 04:56:39 - __main__ - INFO - Train: loss 0.2215 acc1 93.37% f1 93.39%
2026-03-09 04:56:39 - __main__ - INFO - Val:   loss 1.4503 acc1 66.29% f1 65.83%
2026-03-09 04:56:39 - __main__ - INFO - 
Epoch 130/200 | lr 0.029303
2026-03-09 04:56:55 - __main__ - INFO - Train: loss 0.1985 acc1 94.06% f1 94.07%
2026-03-09 04:56:55 - __main__ - INFO - Val:   loss 1.4002 acc1 67.18% f1 66.77%
2026-03-09 04:56:55 - __main__ - INFO - saved best: 67.18%
2026-03-09 04:56:55 - __main__ - INFO - 
Epoch 131/200 | lr 0.028573
2026-03-09 04:57:12 - __main__ - INFO - Train: loss 0.1870 acc1 94.54% f1 94.56%
2026-03-09 04:57:12 - __main__ - INFO - Val:   loss 1.4359 acc1 66.38% f1 66.04%
2026-03-09 04:57:12 - __main__ - INFO - 
Epoch 132/200 | lr 0.027848
2026-03-09 04:57:28 - __main__ - INFO - Train: loss 0.1908 acc1 94.38% f1 94.40%
2026-03-09 04:57:28 - __main__ - INFO - Val:   loss 1.4557 acc1 67.35% f1 66.88%
2026-03-09 04:57:28 - __main__ - INFO - saved best: 67.35%
2026-03-09 04:57:28 - __main__ - INFO - 
Epoch 133/200 | lr 0.027129
2026-03-09 04:57:45 - __main__ - INFO - Train: loss 0.1678 acc1 95.22% f1 95.22%
2026-03-09 04:57:45 - __main__ - INFO - Val:   loss 1.3103 acc1 68.71% f1 68.08%
2026-03-09 04:57:45 - __main__ - INFO - saved best: 68.71%
2026-03-09 04:57:45 - __main__ - INFO - 
Epoch 134/200 | lr 0.026415
2026-03-09 04:58:01 - __main__ - INFO - Train: loss 0.1505 acc1 95.69% f1 95.71%
2026-03-09 04:58:01 - __main__ - INFO - Val:   loss 1.3045 acc1 69.17% f1 68.48%
2026-03-09 04:58:01 - __main__ - INFO - saved best: 69.17%
2026-03-09 04:58:01 - __main__ - INFO - 
Epoch 135/200 | lr 0.025708
2026-03-09 04:58:18 - __main__ - INFO - Train: loss 0.1475 acc1 95.87% f1 95.88%
2026-03-09 04:58:18 - __main__ - INFO - Val:   loss 1.3322 acc1 68.55% f1 68.21%
2026-03-09 04:58:18 - __main__ - INFO - 
Epoch 136/200 | lr 0.025008
2026-03-09 04:58:35 - __main__ - INFO - Train: loss 0.1513 acc1 95.69% f1 95.69%
2026-03-09 04:58:35 - __main__ - INFO - Val:   loss 1.3591 acc1 68.17% f1 67.81%
2026-03-09 04:58:35 - __main__ - INFO - 
Epoch 137/200 | lr 0.024313
2026-03-09 04:58:51 - __main__ - INFO - Train: loss 0.1422 acc1 96.17% f1 96.18%
2026-03-09 04:58:51 - __main__ - INFO - Val:   loss 1.4030 acc1 68.09% f1 67.60%
2026-03-09 04:58:51 - __main__ - INFO - 
Epoch 138/200 | lr 0.023626
2026-03-09 04:59:08 - __main__ - INFO - Train: loss 0.1308 acc1 96.39% f1 96.39%
2026-03-09 04:59:08 - __main__ - INFO - Val:   loss 1.3005 acc1 70.24% f1 70.00%
2026-03-09 04:59:08 - __main__ - INFO - saved best: 70.24%
2026-03-09 04:59:08 - __main__ - INFO - 
Epoch 139/200 | lr 0.022945
2026-03-09 04:59:24 - __main__ - INFO - Train: loss 0.1239 acc1 96.70% f1 96.71%
2026-03-09 04:59:24 - __main__ - INFO - Val:   loss 1.3040 acc1 69.45% f1 68.94%
2026-03-09 04:59:24 - __main__ - INFO - 
Epoch 140/200 | lr 0.022271
2026-03-09 04:59:41 - __main__ - INFO - Train: loss 0.1154 acc1 96.92% f1 96.92%
2026-03-09 04:59:41 - __main__ - INFO - Val:   loss 1.2774 acc1 69.94% f1 69.39%
2026-03-09 04:59:41 - __main__ - INFO - 
Epoch 141/200 | lr 0.021605
2026-03-09 04:59:57 - __main__ - INFO - Train: loss 0.1116 acc1 97.05% f1 97.06%
2026-03-09 04:59:57 - __main__ - INFO - Val:   loss 1.2888 acc1 70.01% f1 69.65%
2026-03-09 04:59:57 - __main__ - INFO - 
Epoch 142/200 | lr 0.020945
2026-03-09 05:00:14 - __main__ - INFO - Train: loss 0.1083 acc1 97.24% f1 97.25%
2026-03-09 05:00:14 - __main__ - INFO - Val:   loss 1.2624 acc1 70.39% f1 69.79%
2026-03-09 05:00:14 - __main__ - INFO - saved best: 70.39%
2026-03-09 05:00:14 - __main__ - INFO - 
Epoch 143/200 | lr 0.020294
2026-03-09 05:00:30 - __main__ - INFO - Train: loss 0.0999 acc1 97.46% f1 97.47%
2026-03-09 05:00:30 - __main__ - INFO - Val:   loss 1.2071 acc1 71.08% f1 70.67%
2026-03-09 05:00:30 - __main__ - INFO - saved best: 71.08%
2026-03-09 05:00:30 - __main__ - INFO - 
Epoch 144/200 | lr 0.019650
2026-03-09 05:00:47 - __main__ - INFO - Train: loss 0.0896 acc1 97.75% f1 97.76%
2026-03-09 05:00:47 - __main__ - INFO - Val:   loss 1.2749 acc1 69.98% f1 69.36%
2026-03-09 05:00:47 - __main__ - INFO - 
Epoch 145/200 | lr 0.019014
2026-03-09 05:01:03 - __main__ - INFO - Train: loss 0.0866 acc1 97.90% f1 97.91%
2026-03-09 05:01:03 - __main__ - INFO - Val:   loss 1.2186 acc1 70.87% f1 70.61%
2026-03-09 05:01:03 - __main__ - INFO - 
Epoch 146/200 | lr 0.018386
2026-03-09 05:01:20 - __main__ - INFO - Train: loss 0.0688 acc1 98.40% f1 98.41%
2026-03-09 05:01:20 - __main__ - INFO - Val:   loss 1.1768 acc1 71.86% f1 71.40%
2026-03-09 05:01:20 - __main__ - INFO - saved best: 71.86%
2026-03-09 05:01:20 - __main__ - INFO - 
Epoch 147/200 | lr 0.017766
2026-03-09 05:01:37 - __main__ - INFO - Train: loss 0.0636 acc1 98.63% f1 98.63%
2026-03-09 05:01:37 - __main__ - INFO - Val:   loss 1.1992 acc1 71.48% f1 70.92%
2026-03-09 05:01:37 - __main__ - INFO - 
Epoch 148/200 | lr 0.017155
2026-03-09 05:01:53 - __main__ - INFO - Train: loss 0.0541 acc1 98.85% f1 98.85%
2026-03-09 05:01:53 - __main__ - INFO - Val:   loss 1.1615 acc1 72.33% f1 71.85%
2026-03-09 05:01:53 - __main__ - INFO - saved best: 72.33%
2026-03-09 05:01:53 - __main__ - INFO - 
Epoch 149/200 | lr 0.016552
2026-03-09 05:02:10 - __main__ - INFO - Train: loss 0.0466 acc1 99.17% f1 99.17%
2026-03-09 05:02:10 - __main__ - INFO - Val:   loss 1.1361 acc1 73.56% f1 73.17%
2026-03-09 05:02:10 - __main__ - INFO - saved best: 73.56%
2026-03-09 05:02:10 - __main__ - INFO - 
Epoch 150/200 | lr 0.015958
2026-03-09 05:02:26 - __main__ - INFO - Train: loss 0.0390 acc1 99.31% f1 99.32%
2026-03-09 05:02:26 - __main__ - INFO - Val:   loss 1.1112 acc1 73.66% f1 73.11%
2026-03-09 05:02:26 - __main__ - INFO - saved best: 73.66%
2026-03-09 05:02:26 - __main__ - INFO - 
Epoch 151/200 | lr 0.015372
2026-03-09 05:02:43 - __main__ - INFO - Train: loss 0.0366 acc1 99.40% f1 99.40%
2026-03-09 05:02:43 - __main__ - INFO - Val:   loss 1.0936 acc1 73.16% f1 72.71%
2026-03-09 05:02:43 - __main__ - INFO - 
Epoch 152/200 | lr 0.014796
2026-03-09 05:02:59 - __main__ - INFO - Train: loss 0.0327 acc1 99.46% f1 99.46%
2026-03-09 05:02:59 - __main__ - INFO - Val:   loss 1.0785 acc1 74.12% f1 73.54%
2026-03-09 05:02:59 - __main__ - INFO - saved best: 74.12%
2026-03-09 05:02:59 - __main__ - INFO - 
Epoch 153/200 | lr 0.014229
2026-03-09 05:03:16 - __main__ - INFO - Train: loss 0.0241 acc1 99.69% f1 99.69%
2026-03-09 05:03:16 - __main__ - INFO - Val:   loss 1.0501 acc1 74.23% f1 73.64%
2026-03-09 05:03:16 - __main__ - INFO - saved best: 74.23%
2026-03-09 05:03:16 - __main__ - INFO - 
Epoch 154/200 | lr 0.013671
2026-03-09 05:03:32 - __main__ - INFO - Train: loss 0.0186 acc1 99.80% f1 99.80%
2026-03-09 05:03:32 - __main__ - INFO - Val:   loss 1.0283 acc1 74.95% f1 74.49%
2026-03-09 05:03:32 - __main__ - INFO - saved best: 74.95%
2026-03-09 05:03:32 - __main__ - INFO - 
Epoch 155/200 | lr 0.013122
2026-03-09 05:03:49 - __main__ - INFO - Train: loss 0.0163 acc1 99.86% f1 99.86%
2026-03-09 05:03:49 - __main__ - INFO - Val:   loss 0.9964 acc1 75.83% f1 75.28%
2026-03-09 05:03:49 - __main__ - INFO - saved best: 75.83%
2026-03-09 05:03:49 - __main__ - INFO - 
Epoch 156/200 | lr 0.012583
2026-03-09 05:04:06 - __main__ - INFO - Train: loss 0.0152 acc1 99.87% f1 99.87%
2026-03-09 05:04:06 - __main__ - INFO - Val:   loss 0.9924 acc1 75.35% f1 74.86%
2026-03-09 05:04:06 - __main__ - INFO - 
Epoch 157/200 | lr 0.012054
2026-03-09 05:04:22 - __main__ - INFO - Train: loss 0.0139 acc1 99.89% f1 99.89%
2026-03-09 05:04:22 - __main__ - INFO - Val:   loss 0.9755 acc1 75.82% f1 75.30%
2026-03-09 05:04:22 - __main__ - INFO - 
Epoch 158/200 | lr 0.011535
2026-03-09 05:04:39 - __main__ - INFO - Train: loss 0.0122 acc1 99.94% f1 99.94%
2026-03-09 05:04:39 - __main__ - INFO - Val:   loss 0.9716 acc1 75.49% f1 75.08%
2026-03-09 05:04:39 - __main__ - INFO - 
Epoch 159/200 | lr 0.011025
2026-03-09 05:04:55 - __main__ - INFO - Train: loss 0.0113 acc1 99.94% f1 99.94%
2026-03-09 05:04:55 - __main__ - INFO - Val:   loss 0.9400 acc1 76.58% f1 76.08%
2026-03-09 05:04:55 - __main__ - INFO - saved best: 76.58%
2026-03-09 05:04:55 - __main__ - INFO - 
Epoch 160/200 | lr 0.010526
2026-03-09 05:05:12 - __main__ - INFO - Train: loss 0.0113 acc1 99.94% f1 99.94%
2026-03-09 05:05:12 - __main__ - INFO - Val:   loss 0.9374 acc1 76.10% f1 75.60%
2026-03-09 05:05:12 - __main__ - INFO - 
Epoch 161/200 | lr 0.010037
2026-03-09 05:05:28 - __main__ - INFO - Train: loss 0.0101 acc1 99.95% f1 99.95%
2026-03-09 05:05:28 - __main__ - INFO - Val:   loss 0.9409 acc1 76.24% f1 75.74%
2026-03-09 05:05:28 - __main__ - INFO - 
Epoch 162/200 | lr 0.009558
2026-03-09 05:05:45 - __main__ - INFO - Train: loss 0.0106 acc1 99.95% f1 99.95%
2026-03-09 05:05:45 - __main__ - INFO - Val:   loss 0.9342 acc1 76.68% f1 76.20%
2026-03-09 05:05:45 - __main__ - INFO - saved best: 76.68%
2026-03-09 05:05:45 - __main__ - INFO - 
Epoch 163/200 | lr 0.009090
2026-03-09 05:06:01 - __main__ - INFO - Train: loss 0.0103 acc1 99.96% f1 99.96%
2026-03-09 05:06:01 - __main__ - INFO - Val:   loss 0.9355 acc1 76.80% f1 76.25%
2026-03-09 05:06:01 - __main__ - INFO - saved best: 76.80%
2026-03-09 05:06:01 - __main__ - INFO - 
Epoch 164/200 | lr 0.008632
2026-03-09 05:06:18 - __main__ - INFO - Train: loss 0.0107 acc1 99.95% f1 99.95%
2026-03-09 05:06:18 - __main__ - INFO - Val:   loss 0.9285 acc1 77.03% f1 76.50%
2026-03-09 05:06:18 - __main__ - INFO - saved best: 77.03%
2026-03-09 05:06:18 - __main__ - INFO - 
Epoch 165/200 | lr 0.008186
2026-03-09 05:06:34 - __main__ - INFO - Train: loss 0.0108 acc1 99.95% f1 99.95%
2026-03-09 05:06:34 - __main__ - INFO - Val:   loss 0.9308 acc1 76.84% f1 76.35%
2026-03-09 05:06:34 - __main__ - INFO - 
Epoch 166/200 | lr 0.007750
2026-03-09 05:06:51 - __main__ - INFO - Train: loss 0.0104 acc1 99.96% f1 99.96%
2026-03-09 05:06:51 - __main__ - INFO - Val:   loss 0.9248 acc1 76.67% f1 76.15%
2026-03-09 05:06:51 - __main__ - INFO - 
Epoch 167/200 | lr 0.007325
2026-03-09 05:07:08 - __main__ - INFO - Train: loss 0.0102 acc1 99.97% f1 99.97%
2026-03-09 05:07:08 - __main__ - INFO - Val:   loss 0.9223 acc1 76.97% f1 76.48%
2026-03-09 05:07:08 - __main__ - INFO - 
Epoch 168/200 | lr 0.006911
2026-03-09 05:07:24 - __main__ - INFO - Train: loss 0.0100 acc1 99.97% f1 99.97%
2026-03-09 05:07:24 - __main__ - INFO - Val:   loss 0.9243 acc1 77.06% f1 76.57%
2026-03-09 05:07:24 - __main__ - INFO - saved best: 77.06%
2026-03-09 05:07:24 - __main__ - INFO - 
Epoch 169/200 | lr 0.006508
2026-03-09 05:07:41 - __main__ - INFO - Train: loss 0.0101 acc1 99.96% f1 99.96%
2026-03-09 05:07:41 - __main__ - INFO - Val:   loss 0.9239 acc1 76.63% f1 76.14%
2026-03-09 05:07:41 - __main__ - INFO - 
Epoch 170/200 | lr 0.006117
2026-03-09 05:07:57 - __main__ - INFO - Train: loss 0.0099 acc1 99.96% f1 99.96%
2026-03-09 05:07:57 - __main__ - INFO - Val:   loss 0.9239 acc1 77.18% f1 76.73%
2026-03-09 05:07:57 - __main__ - INFO - saved best: 77.18%
2026-03-09 05:07:57 - __main__ - INFO - 
Epoch 171/200 | lr 0.005737
2026-03-09 05:08:14 - __main__ - INFO - Train: loss 0.0097 acc1 99.96% f1 99.96%
2026-03-09 05:08:14 - __main__ - INFO - Val:   loss 0.9155 acc1 76.94% f1 76.46%
2026-03-09 05:08:14 - __main__ - INFO - 
Epoch 172/200 | lr 0.005368
2026-03-09 05:08:30 - __main__ - INFO - Train: loss 0.0097 acc1 99.97% f1 99.97%
2026-03-09 05:08:30 - __main__ - INFO - Val:   loss 0.9143 acc1 77.53% f1 77.03%
2026-03-09 05:08:30 - __main__ - INFO - saved best: 77.53%
2026-03-09 05:08:30 - __main__ - INFO - 
Epoch 173/200 | lr 0.005011
2026-03-09 05:08:47 - __main__ - INFO - Train: loss 0.0096 acc1 99.97% f1 99.97%
2026-03-09 05:08:47 - __main__ - INFO - Val:   loss 0.9084 acc1 77.44% f1 76.93%
2026-03-09 05:08:47 - __main__ - INFO - 
Epoch 174/200 | lr 0.004666
2026-03-09 05:09:03 - __main__ - INFO - Train: loss 0.0095 acc1 99.96% f1 99.96%
2026-03-09 05:09:03 - __main__ - INFO - Val:   loss 0.9190 acc1 77.33% f1 76.85%
2026-03-09 05:09:03 - __main__ - INFO - 
Epoch 175/200 | lr 0.004332
2026-03-09 05:09:20 - __main__ - INFO - Train: loss 0.0096 acc1 99.97% f1 99.97%
2026-03-09 05:09:20 - __main__ - INFO - Val:   loss 0.9144 acc1 77.17% f1 76.65%
2026-03-09 05:09:20 - __main__ - INFO - 
Epoch 176/200 | lr 0.004011
2026-03-09 05:09:37 - __main__ - INFO - Train: loss 0.0094 acc1 99.98% f1 99.98%
2026-03-09 05:09:37 - __main__ - INFO - Val:   loss 0.9151 acc1 77.31% f1 76.79%
2026-03-09 05:09:37 - __main__ - INFO - 
Epoch 177/200 | lr 0.003701
2026-03-09 05:09:53 - __main__ - INFO - Train: loss 0.0093 acc1 99.98% f1 99.98%
2026-03-09 05:09:53 - __main__ - INFO - Val:   loss 0.9137 acc1 77.43% f1 76.93%
2026-03-09 05:09:53 - __main__ - INFO - 
Epoch 178/200 | lr 0.003403
2026-03-09 05:10:10 - __main__ - INFO - Train: loss 0.0093 acc1 99.97% f1 99.97%
2026-03-09 05:10:10 - __main__ - INFO - Val:   loss 0.9140 acc1 77.41% f1 76.89%
2026-03-09 05:10:10 - __main__ - INFO - 
Epoch 179/200 | lr 0.003118
2026-03-09 05:10:26 - __main__ - INFO - Train: loss 0.0093 acc1 99.97% f1 99.97%
2026-03-09 05:10:26 - __main__ - INFO - Val:   loss 0.9110 acc1 77.39% f1 76.87%
2026-03-09 05:10:26 - __main__ - INFO - 
Epoch 180/200 | lr 0.002844
2026-03-09 05:10:43 - __main__ - INFO - Train: loss 0.0092 acc1 99.97% f1 99.97%
2026-03-09 05:10:43 - __main__ - INFO - Val:   loss 0.9123 acc1 77.27% f1 76.81%
2026-03-09 05:10:43 - __main__ - INFO - 
Epoch 181/200 | lr 0.002583
2026-03-09 05:10:59 - __main__ - INFO - Train: loss 0.0092 acc1 99.98% f1 99.98%
2026-03-09 05:10:59 - __main__ - INFO - Val:   loss 0.9117 acc1 77.35% f1 76.87%
2026-03-09 05:10:59 - __main__ - INFO - 
Epoch 182/200 | lr 0.002334
2026-03-09 05:11:16 - __main__ - INFO - Train: loss 0.0093 acc1 99.98% f1 99.98%
2026-03-09 05:11:16 - __main__ - INFO - Val:   loss 0.9157 acc1 77.08% f1 76.57%
2026-03-09 05:11:16 - __main__ - INFO - 
Epoch 183/200 | lr 0.002097
2026-03-09 05:11:32 - __main__ - INFO - Train: loss 0.0090 acc1 99.97% f1 99.97%
2026-03-09 05:11:32 - __main__ - INFO - Val:   loss 0.9115 acc1 77.51% f1 77.01%
2026-03-09 05:11:32 - __main__ - INFO - 
Epoch 184/200 | lr 0.001873
2026-03-09 05:11:49 - __main__ - INFO - Train: loss 0.0090 acc1 99.98% f1 99.98%
2026-03-09 05:11:49 - __main__ - INFO - Val:   loss 0.9155 acc1 77.44% f1 76.92%
2026-03-09 05:11:49 - __main__ - INFO - 
Epoch 185/200 | lr 0.001662
2026-03-09 05:12:05 - __main__ - INFO - Train: loss 0.0089 acc1 99.98% f1 99.98%
2026-03-09 05:12:05 - __main__ - INFO - Val:   loss 0.9098 acc1 77.16% f1 76.70%
2026-03-09 05:12:05 - __main__ - INFO - 
Epoch 186/200 | lr 0.001463
2026-03-09 05:12:22 - __main__ - INFO - Train: loss 0.0089 acc1 99.97% f1 99.97%
2026-03-09 05:12:22 - __main__ - INFO - Val:   loss 0.9151 acc1 77.50% f1 76.96%
2026-03-09 05:12:22 - __main__ - INFO - 
Epoch 187/200 | lr 0.001276
2026-03-09 05:12:39 - __main__ - INFO - Train: loss 0.0090 acc1 99.96% f1 99.96%
2026-03-09 05:12:39 - __main__ - INFO - Val:   loss 0.9117 acc1 77.44% f1 76.94%
2026-03-09 05:12:39 - __main__ - INFO - 
Epoch 188/200 | lr 0.001103
2026-03-09 05:12:55 - __main__ - INFO - Train: loss 0.0088 acc1 99.98% f1 99.98%
2026-03-09 05:12:55 - __main__ - INFO - Val:   loss 0.9157 acc1 77.47% f1 76.95%
2026-03-09 05:12:55 - __main__ - INFO - 
Epoch 189/200 | lr 0.000941
2026-03-09 05:13:12 - __main__ - INFO - Train: loss 0.0088 acc1 99.98% f1 99.98%
2026-03-09 05:13:12 - __main__ - INFO - Val:   loss 0.9130 acc1 77.43% f1 76.95%
2026-03-09 05:13:12 - __main__ - INFO - 
Epoch 190/200 | lr 0.000793
2026-03-09 05:13:28 - __main__ - INFO - Train: loss 0.0087 acc1 99.98% f1 99.98%
2026-03-09 05:13:28 - __main__ - INFO - Val:   loss 0.9132 acc1 77.27% f1 76.76%
2026-03-09 05:13:28 - __main__ - INFO - 
Epoch 191/200 | lr 0.000657
2026-03-09 05:13:45 - __main__ - INFO - Train: loss 0.0087 acc1 99.98% f1 99.98%
2026-03-09 05:13:45 - __main__ - INFO - Val:   loss 0.9137 acc1 77.64% f1 77.11%
2026-03-09 05:13:45 - __main__ - INFO - saved best: 77.64%
2026-03-09 05:13:45 - __main__ - INFO - 
Epoch 192/200 | lr 0.000535
2026-03-09 05:14:01 - __main__ - INFO - Train: loss 0.0086 acc1 99.99% f1 99.99%
2026-03-09 05:14:01 - __main__ - INFO - Val:   loss 0.9117 acc1 77.33% f1 76.79%
2026-03-09 05:14:01 - __main__ - INFO - 
Epoch 193/200 | lr 0.000425
2026-03-09 05:14:18 - __main__ - INFO - Train: loss 0.0088 acc1 99.98% f1 99.98%
2026-03-09 05:14:18 - __main__ - INFO - Val:   loss 0.9113 acc1 77.56% f1 77.08%
2026-03-09 05:14:18 - __main__ - INFO - 
Epoch 194/200 | lr 0.000328
2026-03-09 05:14:34 - __main__ - INFO - Train: loss 0.0087 acc1 99.99% f1 99.99%
2026-03-09 05:14:34 - __main__ - INFO - Val:   loss 0.9146 acc1 77.48% f1 76.92%
2026-03-09 05:14:34 - __main__ - INFO - 
Epoch 195/200 | lr 0.000243
2026-03-09 05:14:51 - __main__ - INFO - Train: loss 0.0087 acc1 99.98% f1 99.98%
2026-03-09 05:14:51 - __main__ - INFO - Val:   loss 0.9138 acc1 77.51% f1 77.01%
2026-03-09 05:14:51 - __main__ - INFO - 
Epoch 196/200 | lr 0.000172
2026-03-09 05:15:08 - __main__ - INFO - Train: loss 0.0086 acc1 99.99% f1 99.99%
2026-03-09 05:15:08 - __main__ - INFO - Val:   loss 0.9157 acc1 77.33% f1 76.85%
2026-03-09 05:15:08 - __main__ - INFO - 
Epoch 197/200 | lr 0.000114
2026-03-09 05:15:24 - __main__ - INFO - Train: loss 0.0085 acc1 99.99% f1 99.99%
2026-03-09 05:15:24 - __main__ - INFO - Val:   loss 0.9136 acc1 77.20% f1 76.68%
2026-03-09 05:15:24 - __main__ - INFO - 
Epoch 198/200 | lr 0.000068
2026-03-09 05:15:41 - __main__ - INFO - Train: loss 0.0088 acc1 99.97% f1 99.97%
2026-03-09 05:15:41 - __main__ - INFO - Val:   loss 0.9154 acc1 77.35% f1 76.82%
2026-03-09 05:15:41 - __main__ - INFO - 
Epoch 199/200 | lr 0.000036
2026-03-09 05:15:57 - __main__ - INFO - Train: loss 0.0085 acc1 99.98% f1 99.98%
2026-03-09 05:15:57 - __main__ - INFO - Val:   loss 0.9089 acc1 77.19% f1 76.66%
2026-03-09 05:15:57 - __main__ - INFO - 
Epoch 200/200 | lr 0.000016
2026-03-09 05:16:14 - __main__ - INFO - Train: loss 0.0087 acc1 99.98% f1 99.98%
2026-03-09 05:16:14 - __main__ - INFO - Val:   loss 0.9157 acc1 77.56% f1 77.10%
2026-03-09 05:16:15 - __main__ - INFO - 
Best tracked (val): 77.64%
2026-03-09 05:16:15 - __main__ - INFO - Final test: loss 0.9021 acc1 77.70% f1 77.71%
2026-03-09 05:16:16 - graphics - INFO - Metrics plot saved to ./runs/comparison/input_resnet18/metrics_plot.png
2026-03-09 05:16:16 - __main__ - INFO - Input model resnet18 done — test acc 77.70%, test F1 77.71%
2026-03-09 05:16:16 - __main__ - INFO - 
============================================================
2026-03-09 05:16:16 - __main__ - INFO - Training input model: resnet34
2026-03-09 05:16:16 - __main__ - INFO -   Resolved config → lr=0.1, wd=0.0005, bs=128, epochs=200, scheduler=cosine, warmup=5
2026-03-09 05:16:16 - __main__ - INFO - ============================================================
2026-03-09 05:16:16 - __main__ - INFO - device: cuda | cuda: True | gpu: NVIDIA L4
2026-03-09 05:16:20 - __main__ - INFO - Model: resnet34 | Dataset: cifar100 | Classes: 100
2026-03-09 05:16:20 - __main__ - INFO - 
Epoch 1/200 | lr 0.000100
2026-03-09 05:16:49 - __main__ - INFO - Train: loss 4.6396 acc1 1.34% f1 0.52%
2026-03-09 05:16:49 - __main__ - INFO - Val:   loss 4.5717 acc1 1.77% f1 0.87%
2026-03-09 05:16:49 - __main__ - INFO - saved best: 1.77%
2026-03-09 05:16:49 - __main__ - INFO - 
Epoch 2/200 | lr 0.020080
2026-03-09 05:17:18 - __main__ - INFO - Train: loss 3.8484 acc1 10.99% f1 10.07%
2026-03-09 05:17:18 - __main__ - INFO - Val:   loss 3.4437 acc1 17.70% f1 14.26%
2026-03-09 05:17:18 - __main__ - INFO - saved best: 17.70%
2026-03-09 05:17:18 - __main__ - INFO - 
Epoch 3/200 | lr 0.040060
2026-03-09 05:17:48 - __main__ - INFO - Train: loss 3.2182 acc1 21.06% f1 19.81%
2026-03-09 05:17:48 - __main__ - INFO - Val:   loss 3.0562 acc1 25.23% f1 22.24%
2026-03-09 05:17:48 - __main__ - INFO - saved best: 25.23%
2026-03-09 05:17:48 - __main__ - INFO - 
Epoch 4/200 | lr 0.060040
2026-03-09 05:18:17 - __main__ - INFO - Train: loss 2.7299 acc1 29.79% f1 28.79%
2026-03-09 05:18:17 - __main__ - INFO - Val:   loss 2.7266 acc1 32.33% f1 30.50%
2026-03-09 05:18:17 - __main__ - INFO - saved best: 32.33%
2026-03-09 05:18:17 - __main__ - INFO - 
Epoch 5/200 | lr 0.080020
2026-03-09 05:18:46 - __main__ - INFO - Train: loss 2.3389 acc1 37.65% f1 36.92%
2026-03-09 05:18:46 - __main__ - INFO - Val:   loss 2.3395 acc1 38.28% f1 36.76%
2026-03-09 05:18:46 - __main__ - INFO - saved best: 38.28%
2026-03-09 05:18:46 - __main__ - INFO - 
Epoch 6/200 | lr 0.100000
2026-03-09 05:19:16 - __main__ - INFO - Train: loss 2.0903 acc1 42.95% f1 42.41%
2026-03-09 05:19:16 - __main__ - INFO - Val:   loss 2.2765 acc1 39.54% f1 38.67%
2026-03-09 05:19:16 - __main__ - INFO - saved best: 39.54%
2026-03-09 05:19:16 - __main__ - INFO - 
Epoch 7/200 | lr 0.099994
2026-03-09 05:19:45 - __main__ - INFO - Train: loss 1.8652 acc1 48.37% f1 47.90%
2026-03-09 05:19:45 - __main__ - INFO - Val:   loss 2.0090 acc1 45.94% f1 44.41%
2026-03-09 05:19:45 - __main__ - INFO - saved best: 45.94%
2026-03-09 05:19:45 - __main__ - INFO - 
Epoch 8/200 | lr 0.099974
2026-03-09 05:20:14 - __main__ - INFO - Train: loss 1.7076 acc1 52.03% f1 51.60%
2026-03-09 05:20:14 - __main__ - INFO - Val:   loss 2.1103 acc1 43.75% f1 42.59%
2026-03-09 05:20:14 - __main__ - INFO - 
Epoch 9/200 | lr 0.099942
2026-03-09 05:20:44 - __main__ - INFO - Train: loss 1.5913 acc1 54.77% f1 54.44%
2026-03-09 05:20:44 - __main__ - INFO - Val:   loss 2.0823 acc1 44.75% f1 44.07%
2026-03-09 05:20:44 - __main__ - INFO - 
Epoch 10/200 | lr 0.099896
2026-03-09 05:21:13 - __main__ - INFO - Train: loss 1.5010 acc1 57.23% f1 56.93%
2026-03-09 05:21:13 - __main__ - INFO - Val:   loss 1.7575 acc1 52.39% f1 51.62%
2026-03-09 05:21:13 - __main__ - INFO - saved best: 52.39%
2026-03-09 05:21:13 - __main__ - INFO - 
Epoch 11/200 | lr 0.099838
2026-03-09 05:21:42 - __main__ - INFO - Train: loss 1.4342 acc1 59.21% f1 58.95%
2026-03-09 05:21:42 - __main__ - INFO - Val:   loss 1.8998 acc1 51.00% f1 48.90%
2026-03-09 05:21:42 - __main__ - INFO - 
Epoch 12/200 | lr 0.099767
2026-03-09 05:22:12 - __main__ - INFO - Train: loss 1.3907 acc1 60.19% f1 59.96%
2026-03-09 05:22:12 - __main__ - INFO - Val:   loss 1.8163 acc1 51.66% f1 51.03%
2026-03-09 05:22:12 - __main__ - INFO - 
Epoch 13/200 | lr 0.099682
2026-03-09 05:22:41 - __main__ - INFO - Train: loss 1.3417 acc1 61.23% f1 61.05%
2026-03-09 05:22:41 - __main__ - INFO - Val:   loss 1.7832 acc1 52.58% f1 51.86%
2026-03-09 05:22:41 - __main__ - INFO - saved best: 52.58%
2026-03-09 05:22:41 - __main__ - INFO - 
Epoch 14/200 | lr 0.099585
2026-03-09 05:23:10 - __main__ - INFO - Train: loss 1.3036 acc1 62.33% f1 62.13%
2026-03-09 05:23:10 - __main__ - INFO - Val:   loss 1.7281 acc1 53.30% f1 52.68%
2026-03-09 05:23:10 - __main__ - INFO - saved best: 53.30%
2026-03-09 05:23:10 - __main__ - INFO - 
Epoch 15/200 | lr 0.099475
2026-03-09 05:23:40 - __main__ - INFO - Train: loss 1.2606 acc1 63.35% f1 63.18%
2026-03-09 05:23:40 - __main__ - INFO - Val:   loss 1.8055 acc1 52.25% f1 52.04%
2026-03-09 05:23:40 - __main__ - INFO - 
Epoch 16/200 | lr 0.099353
2026-03-09 05:24:09 - __main__ - INFO - Train: loss 1.2411 acc1 64.26% f1 64.09%
2026-03-09 05:24:09 - __main__ - INFO - Val:   loss 1.6934 acc1 55.09% f1 54.77%
2026-03-09 05:24:09 - __main__ - INFO - saved best: 55.09%
2026-03-09 05:24:09 - __main__ - INFO - 
Epoch 17/200 | lr 0.099217
2026-03-09 05:24:38 - __main__ - INFO - Train: loss 1.2077 acc1 64.87% f1 64.73%
2026-03-09 05:24:38 - __main__ - INFO - Val:   loss 1.7194 acc1 53.75% f1 53.18%
2026-03-09 05:24:38 - __main__ - INFO - 
Epoch 18/200 | lr 0.099069
2026-03-09 05:25:08 - __main__ - INFO - Train: loss 1.1805 acc1 65.51% f1 65.40%
2026-03-09 05:25:08 - __main__ - INFO - Val:   loss 1.7262 acc1 54.25% f1 54.17%
2026-03-09 05:25:08 - __main__ - INFO - 
Epoch 19/200 | lr 0.098907
2026-03-09 05:25:37 - __main__ - INFO - Train: loss 1.1582 acc1 66.25% f1 66.15%
2026-03-09 05:25:37 - __main__ - INFO - Val:   loss 1.9263 acc1 51.09% f1 49.99%
2026-03-09 05:25:37 - __main__ - INFO - 
Epoch 20/200 | lr 0.098734
2026-03-09 05:26:06 - __main__ - INFO - Train: loss 1.1375 acc1 67.03% f1 66.91%
2026-03-09 05:26:06 - __main__ - INFO - Val:   loss 1.5898 acc1 57.84% f1 56.65%
2026-03-09 05:26:06 - __main__ - INFO - saved best: 57.84%
2026-03-09 05:26:06 - __main__ - INFO - 
Epoch 21/200 | lr 0.098547
2026-03-09 05:26:35 - __main__ - INFO - Train: loss 1.1197 acc1 67.37% f1 67.27%
2026-03-09 05:26:35 - __main__ - INFO - Val:   loss 1.8903 acc1 52.04% f1 50.94%
2026-03-09 05:26:35 - __main__ - INFO - 
Epoch 22/200 | lr 0.098348
2026-03-09 05:27:05 - __main__ - INFO - Train: loss 1.0991 acc1 67.90% f1 67.80%
2026-03-09 05:27:05 - __main__ - INFO - Val:   loss 1.8443 acc1 52.29% f1 52.85%
2026-03-09 05:27:05 - __main__ - INFO - 
Epoch 23/200 | lr 0.098137
2026-03-09 05:27:34 - __main__ - INFO - Train: loss 1.0871 acc1 67.92% f1 67.82%
2026-03-09 05:27:34 - __main__ - INFO - Val:   loss 1.6029 acc1 56.06% f1 55.75%
2026-03-09 05:27:34 - __main__ - INFO - 
Epoch 24/200 | lr 0.097913
2026-03-09 05:28:03 - __main__ - INFO - Train: loss 1.0682 acc1 68.59% f1 68.52%
2026-03-09 05:28:03 - __main__ - INFO - Val:   loss 1.5332 acc1 58.89% f1 58.49%
2026-03-09 05:28:03 - __main__ - INFO - saved best: 58.89%
2026-03-09 05:28:03 - __main__ - INFO - 
Epoch 25/200 | lr 0.097676
2026-03-09 05:28:33 - __main__ - INFO - Train: loss 1.0465 acc1 69.21% f1 69.13%
2026-03-09 05:28:33 - __main__ - INFO - Val:   loss 1.8116 acc1 55.01% f1 54.30%
2026-03-09 05:28:33 - __main__ - INFO - 
Epoch 26/200 | lr 0.097427
2026-03-09 05:29:02 - __main__ - INFO - Train: loss 1.0439 acc1 69.29% f1 69.20%
2026-03-09 05:29:02 - __main__ - INFO - Val:   loss 1.6091 acc1 57.75% f1 57.03%
2026-03-09 05:29:02 - __main__ - INFO - 
Epoch 27/200 | lr 0.097166
2026-03-09 05:29:31 - __main__ - INFO - Train: loss 1.0295 acc1 69.60% f1 69.55%
2026-03-09 05:29:31 - __main__ - INFO - Val:   loss 1.5755 acc1 56.77% f1 56.00%
2026-03-09 05:29:31 - __main__ - INFO - 
Epoch 28/200 | lr 0.096892
2026-03-09 05:30:01 - __main__ - INFO - Train: loss 1.0185 acc1 69.94% f1 69.88%
2026-03-09 05:30:01 - __main__ - INFO - Val:   loss 1.7523 acc1 55.11% f1 54.72%
2026-03-09 05:30:01 - __main__ - INFO - 
Epoch 29/200 | lr 0.096607
2026-03-09 05:30:30 - __main__ - INFO - Train: loss 1.0078 acc1 70.26% f1 70.21%
2026-03-09 05:30:30 - __main__ - INFO - Val:   loss 1.5899 acc1 57.67% f1 56.47%
2026-03-09 05:30:30 - __main__ - INFO - 
Epoch 30/200 | lr 0.096309
2026-03-09 05:30:59 - __main__ - INFO - Train: loss 0.9949 acc1 70.65% f1 70.59%
2026-03-09 05:30:59 - __main__ - INFO - Val:   loss 1.4629 acc1 59.89% f1 58.87%
2026-03-09 05:30:59 - __main__ - INFO - saved best: 59.89%
2026-03-09 05:30:59 - __main__ - INFO - 
Epoch 31/200 | lr 0.095999
2026-03-09 05:31:29 - __main__ - INFO - Train: loss 0.9907 acc1 70.57% f1 70.53%
2026-03-09 05:31:29 - __main__ - INFO - Val:   loss 1.6070 acc1 57.75% f1 57.60%
2026-03-09 05:31:29 - __main__ - INFO - 
Epoch 32/200 | lr 0.095678
2026-03-09 05:31:58 - __main__ - INFO - Train: loss 0.9780 acc1 71.14% f1 71.08%
2026-03-09 05:31:58 - __main__ - INFO - Val:   loss 1.5031 acc1 59.71% f1 59.11%
2026-03-09 05:31:58 - __main__ - INFO - 
Epoch 33/200 | lr 0.095344
2026-03-09 05:32:27 - __main__ - INFO - Train: loss 0.9710 acc1 71.04% f1 70.99%
2026-03-09 05:32:27 - __main__ - INFO - Val:   loss 1.6515 acc1 56.53% f1 55.97%
2026-03-09 05:32:27 - __main__ - INFO - 
Epoch 34/200 | lr 0.094999
2026-03-09 05:32:56 - __main__ - INFO - Train: loss 0.9619 acc1 71.48% f1 71.43%
2026-03-09 05:32:56 - __main__ - INFO - Val:   loss 1.4861 acc1 59.82% f1 59.26%
2026-03-09 05:32:56 - __main__ - INFO - 
Epoch 35/200 | lr 0.094642
2026-03-09 05:33:26 - __main__ - INFO - Train: loss 0.9454 acc1 71.86% f1 71.82%
2026-03-09 05:33:26 - __main__ - INFO - Val:   loss 1.4723 acc1 60.47% f1 59.96%
2026-03-09 05:33:26 - __main__ - INFO - saved best: 60.47%
2026-03-09 05:33:26 - __main__ - INFO - 
Epoch 36/200 | lr 0.094273
2026-03-09 05:33:55 - __main__ - INFO - Train: loss 0.9495 acc1 71.89% f1 71.83%
2026-03-09 05:33:55 - __main__ - INFO - Val:   loss 1.6711 acc1 57.94% f1 57.13%
2026-03-09 05:33:55 - __main__ - INFO - 
Epoch 37/200 | lr 0.093893
2026-03-09 05:34:24 - __main__ - INFO - Train: loss 0.9387 acc1 72.07% f1 72.03%
2026-03-09 05:34:24 - __main__ - INFO - Val:   loss 1.5794 acc1 58.81% f1 58.13%
2026-03-09 05:34:24 - __main__ - INFO - 
Epoch 38/200 | lr 0.093502
2026-03-09 05:34:54 - __main__ - INFO - Train: loss 0.9369 acc1 72.00% f1 71.94%
2026-03-09 05:34:54 - __main__ - INFO - Val:   loss 1.6900 acc1 57.50% f1 57.80%
2026-03-09 05:34:54 - __main__ - INFO - 
Epoch 39/200 | lr 0.093099
2026-03-09 05:35:23 - __main__ - INFO - Train: loss 0.9266 acc1 72.50% f1 72.45%
2026-03-09 05:35:23 - __main__ - INFO - Val:   loss 1.5541 acc1 58.78% f1 58.30%
2026-03-09 05:35:23 - __main__ - INFO - 
Epoch 40/200 | lr 0.092685
2026-03-09 05:35:52 - __main__ - INFO - Train: loss 0.9104 acc1 73.07% f1 73.03%
2026-03-09 05:35:52 - __main__ - INFO - Val:   loss 1.5292 acc1 59.32% f1 59.20%
2026-03-09 05:35:52 - __main__ - INFO - 
Epoch 41/200 | lr 0.092260
2026-03-09 05:36:22 - __main__ - INFO - Train: loss 0.9121 acc1 72.81% f1 72.74%
2026-03-09 05:36:22 - __main__ - INFO - Val:   loss 1.4956 acc1 60.74% f1 60.07%
2026-03-09 05:36:22 - __main__ - INFO - saved best: 60.74%
2026-03-09 05:36:22 - __main__ - INFO - 
Epoch 42/200 | lr 0.091824
2026-03-09 05:36:51 - __main__ - INFO - Train: loss 0.8926 acc1 73.16% f1 73.12%
2026-03-09 05:36:51 - __main__ - INFO - Val:   loss 1.5979 acc1 58.25% f1 57.49%
2026-03-09 05:36:51 - __main__ - INFO - 
Epoch 43/200 | lr 0.091378
2026-03-09 05:37:20 - __main__ - INFO - Train: loss 0.8933 acc1 73.34% f1 73.30%
2026-03-09 05:37:20 - __main__ - INFO - Val:   loss 1.5066 acc1 60.06% f1 59.74%
2026-03-09 05:37:20 - __main__ - INFO - 
Epoch 44/200 | lr 0.090920
2026-03-09 05:37:50 - __main__ - INFO - Train: loss 0.8884 acc1 73.46% f1 73.42%
2026-03-09 05:37:50 - __main__ - INFO - Val:   loss 1.5449 acc1 59.60% f1 58.99%
2026-03-09 05:37:50 - __main__ - INFO - 
Epoch 45/200 | lr 0.090452
2026-03-09 05:38:19 - __main__ - INFO - Train: loss 0.8756 acc1 73.83% f1 73.79%
2026-03-09 05:38:19 - __main__ - INFO - Val:   loss 1.5562 acc1 59.66% f1 59.14%
2026-03-09 05:38:19 - __main__ - INFO - 
Epoch 46/200 | lr 0.089973
2026-03-09 05:38:48 - __main__ - INFO - Train: loss 0.8633 acc1 74.18% f1 74.15%
2026-03-09 05:38:48 - __main__ - INFO - Val:   loss 1.4212 acc1 62.27% f1 61.45%
2026-03-09 05:38:48 - __main__ - INFO - saved best: 62.27%
2026-03-09 05:38:48 - __main__ - INFO - 
Epoch 47/200 | lr 0.089484
2026-03-09 05:39:17 - __main__ - INFO - Train: loss 0.8555 acc1 74.36% f1 74.33%
2026-03-09 05:39:17 - __main__ - INFO - Val:   loss 1.7545 acc1 55.65% f1 55.66%
2026-03-09 05:39:17 - __main__ - INFO - 
Epoch 48/200 | lr 0.088985
2026-03-09 05:39:47 - __main__ - INFO - Train: loss 0.8702 acc1 73.90% f1 73.86%
2026-03-09 05:39:47 - __main__ - INFO - Val:   loss 1.4919 acc1 60.98% f1 60.79%
2026-03-09 05:39:47 - __main__ - INFO - 
Epoch 49/200 | lr 0.088475
2026-03-09 05:40:16 - __main__ - INFO - Train: loss 0.8537 acc1 74.42% f1 74.40%
2026-03-09 05:40:16 - __main__ - INFO - Val:   loss 1.5351 acc1 60.11% f1 59.46%
2026-03-09 05:40:16 - __main__ - INFO - 
Epoch 50/200 | lr 0.087956
2026-03-09 05:40:45 - __main__ - INFO - Train: loss 0.8475 acc1 74.87% f1 74.82%
2026-03-09 05:40:45 - __main__ - INFO - Val:   loss 1.7714 acc1 56.45% f1 56.55%
2026-03-09 05:40:45 - __main__ - INFO - 
Epoch 51/200 | lr 0.087427
2026-03-09 05:41:15 - __main__ - INFO - Train: loss 0.8435 acc1 74.81% f1 74.79%
2026-03-09 05:41:15 - __main__ - INFO - Val:   loss 1.5783 acc1 59.77% f1 59.38%
2026-03-09 05:41:15 - __main__ - INFO - 
Epoch 52/200 | lr 0.086888
2026-03-09 05:41:44 - __main__ - INFO - Train: loss 0.8353 acc1 75.12% f1 75.09%
2026-03-09 05:41:44 - __main__ - INFO - Val:   loss 1.5611 acc1 58.91% f1 58.91%
2026-03-09 05:41:44 - __main__ - INFO - 
Epoch 53/200 | lr 0.086339
2026-03-09 05:42:13 - __main__ - INFO - Train: loss 0.8183 acc1 75.33% f1 75.33%
2026-03-09 05:42:13 - __main__ - INFO - Val:   loss 1.6615 acc1 58.10% f1 57.81%
2026-03-09 05:42:13 - __main__ - INFO - 
Epoch 54/200 | lr 0.085781
2026-03-09 05:42:42 - __main__ - INFO - Train: loss 0.8320 acc1 75.13% f1 75.11%
2026-03-09 05:42:42 - __main__ - INFO - Val:   loss 1.6540 acc1 57.14% f1 56.90%
2026-03-09 05:42:42 - __main__ - INFO - 
Epoch 55/200 | lr 0.085214
2026-03-09 05:43:12 - __main__ - INFO - Train: loss 0.8144 acc1 75.40% f1 75.37%
2026-03-09 05:43:12 - __main__ - INFO - Val:   loss 1.5156 acc1 60.84% f1 60.12%
2026-03-09 05:43:12 - __main__ - INFO - 
Epoch 56/200 | lr 0.084638
2026-03-09 05:43:41 - __main__ - INFO - Train: loss 0.8094 acc1 75.61% f1 75.59%
2026-03-09 05:43:41 - __main__ - INFO - Val:   loss 1.3858 acc1 62.86% f1 61.98%
2026-03-09 05:43:41 - __main__ - INFO - saved best: 62.86%
2026-03-09 05:43:41 - __main__ - INFO - 
Epoch 57/200 | lr 0.084052
2026-03-09 05:44:10 - __main__ - INFO - Train: loss 0.7918 acc1 76.03% f1 76.01%
2026-03-09 05:44:10 - __main__ - INFO - Val:   loss 1.6116 acc1 58.42% f1 58.29%
2026-03-09 05:44:10 - __main__ - INFO - 
Epoch 58/200 | lr 0.083458
2026-03-09 05:44:39 - __main__ - INFO - Train: loss 0.7940 acc1 76.19% f1 76.16%
2026-03-09 05:44:39 - __main__ - INFO - Val:   loss 1.3550 acc1 64.30% f1 64.02%
2026-03-09 05:44:39 - __main__ - INFO - saved best: 64.30%
2026-03-09 05:44:39 - __main__ - INFO - 
Epoch 59/200 | lr 0.082855
2026-03-09 05:45:09 - __main__ - INFO - Train: loss 0.7905 acc1 76.25% f1 76.21%
2026-03-09 05:45:09 - __main__ - INFO - Val:   loss 1.6321 acc1 58.16% f1 57.89%
2026-03-09 05:45:09 - __main__ - INFO - 
Epoch 60/200 | lr 0.082244
2026-03-09 05:45:38 - __main__ - INFO - Train: loss 0.7886 acc1 76.14% f1 76.13%
2026-03-09 05:45:38 - __main__ - INFO - Val:   loss 1.4691 acc1 61.51% f1 61.22%
2026-03-09 05:45:38 - __main__ - INFO - 
Epoch 61/200 | lr 0.081624
2026-03-09 05:46:07 - __main__ - INFO - Train: loss 0.7678 acc1 76.87% f1 76.83%
2026-03-09 05:46:07 - __main__ - INFO - Val:   loss 1.6802 acc1 57.88% f1 58.12%
2026-03-09 05:46:07 - __main__ - INFO - 
Epoch 62/200 | lr 0.080996
2026-03-09 05:46:37 - __main__ - INFO - Train: loss 0.7731 acc1 76.61% f1 76.59%
2026-03-09 05:46:37 - __main__ - INFO - Val:   loss 1.4881 acc1 61.48% f1 61.02%
2026-03-09 05:46:37 - __main__ - INFO - 
Epoch 63/200 | lr 0.080360
2026-03-09 05:47:06 - __main__ - INFO - Train: loss 0.7550 acc1 77.02% f1 76.99%
2026-03-09 05:47:06 - __main__ - INFO - Val:   loss 1.5231 acc1 60.32% f1 59.62%
2026-03-09 05:47:06 - __main__ - INFO - 
Epoch 64/200 | lr 0.079716
2026-03-09 05:47:35 - __main__ - INFO - Train: loss 0.7530 acc1 76.98% f1 76.97%
2026-03-09 05:47:35 - __main__ - INFO - Val:   loss 1.4722 acc1 61.43% f1 61.12%
2026-03-09 05:47:35 - __main__ - INFO - 
Epoch 65/200 | lr 0.079065
2026-03-09 05:48:04 - __main__ - INFO - Train: loss 0.7431 acc1 77.60% f1 77.58%
2026-03-09 05:48:04 - __main__ - INFO - Val:   loss 1.4403 acc1 62.30% f1 62.05%
2026-03-09 05:48:04 - __main__ - INFO - 
Epoch 66/200 | lr 0.078405
2026-03-09 05:48:34 - __main__ - INFO - Train: loss 0.7299 acc1 77.71% f1 77.72%
2026-03-09 05:48:34 - __main__ - INFO - Val:   loss 1.5271 acc1 60.00% f1 59.52%
2026-03-09 05:48:34 - __main__ - INFO - 
Epoch 67/200 | lr 0.077739
2026-03-09 05:49:03 - __main__ - INFO - Train: loss 0.7291 acc1 77.91% f1 77.89%
2026-03-09 05:49:03 - __main__ - INFO - Val:   loss 1.5181 acc1 60.81% f1 60.12%
2026-03-09 05:49:03 - __main__ - INFO - 
Epoch 68/200 | lr 0.077065
2026-03-09 05:49:32 - __main__ - INFO - Train: loss 0.7275 acc1 77.93% f1 77.93%
2026-03-09 05:49:32 - __main__ - INFO - Val:   loss 1.5533 acc1 60.08% f1 60.36%
2026-03-09 05:49:32 - __main__ - INFO - 
Epoch 69/200 | lr 0.076384
2026-03-09 05:50:01 - __main__ - INFO - Train: loss 0.7135 acc1 78.37% f1 78.36%
2026-03-09 05:50:01 - __main__ - INFO - Val:   loss 1.5958 acc1 60.04% f1 59.35%
2026-03-09 05:50:01 - __main__ - INFO - 
Epoch 70/200 | lr 0.075697
2026-03-09 05:50:30 - __main__ - INFO - Train: loss 0.7054 acc1 78.33% f1 78.32%
2026-03-09 05:50:30 - __main__ - INFO - Val:   loss 1.8256 acc1 55.94% f1 55.11%
2026-03-09 05:50:30 - __main__ - INFO - 
Epoch 71/200 | lr 0.075003
2026-03-09 05:51:00 - __main__ - INFO - Train: loss 0.7025 acc1 78.55% f1 78.54%
2026-03-09 05:51:00 - __main__ - INFO - Val:   loss 1.4573 acc1 61.60% f1 61.26%
2026-03-09 05:51:00 - __main__ - INFO - 
Epoch 72/200 | lr 0.074302
2026-03-09 05:51:29 - __main__ - INFO - Train: loss 0.6949 acc1 78.97% f1 78.96%
2026-03-09 05:51:29 - __main__ - INFO - Val:   loss 1.4936 acc1 61.51% f1 61.44%
2026-03-09 05:51:29 - __main__ - INFO - 
Epoch 73/200 | lr 0.073595
2026-03-09 05:51:58 - __main__ - INFO - Train: loss 0.6876 acc1 79.04% f1 79.04%
2026-03-09 05:51:58 - __main__ - INFO - Val:   loss 1.6774 acc1 58.27% f1 57.97%
2026-03-09 05:51:58 - __main__ - INFO - 
Epoch 74/200 | lr 0.072881
2026-03-09 05:52:28 - __main__ - INFO - Train: loss 0.6825 acc1 79.25% f1 79.25%
2026-03-09 05:52:28 - __main__ - INFO - Val:   loss 1.4240 acc1 62.99% f1 62.45%
2026-03-09 05:52:28 - __main__ - INFO - 
Epoch 75/200 | lr 0.072162
2026-03-09 05:52:57 - __main__ - INFO - Train: loss 0.6746 acc1 79.41% f1 79.40%
2026-03-09 05:52:57 - __main__ - INFO - Val:   loss 1.5380 acc1 61.53% f1 61.58%
2026-03-09 05:52:57 - __main__ - INFO - 
Epoch 76/200 | lr 0.071437
2026-03-09 05:53:26 - __main__ - INFO - Train: loss 0.6619 acc1 79.61% f1 79.61%
2026-03-09 05:53:26 - __main__ - INFO - Val:   loss 1.4660 acc1 61.95% f1 61.40%
2026-03-09 05:53:26 - __main__ - INFO - 
Epoch 77/200 | lr 0.070707
2026-03-09 05:53:55 - __main__ - INFO - Train: loss 0.6485 acc1 80.26% f1 80.26%
2026-03-09 05:53:55 - __main__ - INFO - Val:   loss 1.4822 acc1 61.47% f1 61.24%
2026-03-09 05:53:55 - __main__ - INFO - 
Epoch 78/200 | lr 0.069971
2026-03-09 05:54:24 - __main__ - INFO - Train: loss 0.6608 acc1 79.73% f1 79.73%
2026-03-09 05:54:24 - __main__ - INFO - Val:   loss 1.5877 acc1 60.18% f1 59.54%
2026-03-09 05:54:24 - __main__ - INFO - 
Epoch 79/200 | lr 0.069230
2026-03-09 05:54:54 - __main__ - INFO - Train: loss 0.6453 acc1 80.32% f1 80.29%
2026-03-09 05:54:54 - __main__ - INFO - Val:   loss 1.4450 acc1 62.86% f1 62.48%
2026-03-09 05:54:54 - __main__ - INFO - 
Epoch 80/200 | lr 0.068484
2026-03-09 05:55:23 - __main__ - INFO - Train: loss 0.6339 acc1 80.64% f1 80.65%
2026-03-09 05:55:23 - __main__ - INFO - Val:   loss 1.4912 acc1 61.97% f1 61.55%
2026-03-09 05:55:23 - __main__ - INFO - 
Epoch 81/200 | lr 0.067733
2026-03-09 05:55:52 - __main__ - INFO - Train: loss 0.6274 acc1 80.65% f1 80.64%
2026-03-09 05:55:52 - __main__ - INFO - Val:   loss 1.4102 acc1 63.44% f1 63.50%
2026-03-09 05:55:52 - __main__ - INFO - 
Epoch 82/200 | lr 0.066978
2026-03-09 05:56:21 - __main__ - INFO - Train: loss 0.6081 acc1 81.19% f1 81.18%
2026-03-09 05:56:21 - __main__ - INFO - Val:   loss 1.6180 acc1 59.62% f1 59.04%
2026-03-09 05:56:21 - __main__ - INFO - 
Epoch 83/200 | lr 0.066218
2026-03-09 05:56:51 - __main__ - INFO - Train: loss 0.6182 acc1 80.95% f1 80.95%
2026-03-09 05:56:51 - __main__ - INFO - Val:   loss 1.5023 acc1 62.19% f1 61.58%
2026-03-09 05:56:51 - __main__ - INFO - 
Epoch 84/200 | lr 0.065454
2026-03-09 05:57:20 - __main__ - INFO - Train: loss 0.6001 acc1 81.33% f1 81.35%
2026-03-09 05:57:20 - __main__ - INFO - Val:   loss 1.6869 acc1 59.52% f1 59.51%
2026-03-09 05:57:20 - __main__ - INFO - 
Epoch 85/200 | lr 0.064686
2026-03-09 05:57:49 - __main__ - INFO - Train: loss 0.6003 acc1 81.78% f1 81.79%
2026-03-09 05:57:49 - __main__ - INFO - Val:   loss 1.4823 acc1 62.83% f1 62.46%
2026-03-09 05:57:49 - __main__ - INFO - 
Epoch 86/200 | lr 0.063914
2026-03-09 05:58:18 - __main__ - INFO - Train: loss 0.5911 acc1 81.78% f1 81.79%
2026-03-09 05:58:18 - __main__ - INFO - Val:   loss 1.5571 acc1 62.00% f1 61.65%
2026-03-09 05:58:18 - __main__ - INFO - 
Epoch 87/200 | lr 0.063139
2026-03-09 05:58:48 - __main__ - INFO - Train: loss 0.5799 acc1 81.95% f1 81.96%
2026-03-09 05:58:48 - __main__ - INFO - Val:   loss 1.5617 acc1 61.52% f1 61.49%
2026-03-09 05:58:48 - __main__ - INFO - 
Epoch 88/200 | lr 0.062360
2026-03-09 05:59:17 - __main__ - INFO - Train: loss 0.5744 acc1 82.16% f1 82.17%
2026-03-09 05:59:17 - __main__ - INFO - Val:   loss 1.6653 acc1 58.59% f1 58.46%
2026-03-09 05:59:17 - __main__ - INFO - 
Epoch 89/200 | lr 0.061578
2026-03-09 05:59:46 - __main__ - INFO - Train: loss 0.5657 acc1 82.53% f1 82.53%
2026-03-09 05:59:46 - __main__ - INFO - Val:   loss 1.6522 acc1 59.47% f1 58.75%
2026-03-09 05:59:46 - __main__ - INFO - 
Epoch 90/200 | lr 0.060793
2026-03-09 06:00:15 - __main__ - INFO - Train: loss 0.5576 acc1 82.70% f1 82.71%
2026-03-09 06:00:15 - __main__ - INFO - Val:   loss 1.4368 acc1 63.44% f1 63.44%
2026-03-09 06:00:15 - __main__ - INFO - 
Epoch 91/200 | lr 0.060005
2026-03-09 06:00:45 - __main__ - INFO - Train: loss 0.5395 acc1 83.28% f1 83.30%
2026-03-09 06:00:45 - __main__ - INFO - Val:   loss 1.6156 acc1 61.36% f1 61.03%
2026-03-09 06:00:45 - __main__ - INFO - 
Epoch 92/200 | lr 0.059215
2026-03-09 06:01:14 - __main__ - INFO - Train: loss 0.5415 acc1 83.33% f1 83.34%
2026-03-09 06:01:14 - __main__ - INFO - Val:   loss 1.4085 acc1 63.82% f1 63.50%
2026-03-09 06:01:14 - __main__ - INFO - 
Epoch 93/200 | lr 0.058422
2026-03-09 06:01:43 - __main__ - INFO - Train: loss 0.5194 acc1 83.64% f1 83.66%
2026-03-09 06:01:43 - __main__ - INFO - Val:   loss 1.4646 acc1 63.87% f1 63.46%
2026-03-09 06:01:43 - __main__ - INFO - 
Epoch 94/200 | lr 0.057627
2026-03-09 06:02:12 - __main__ - INFO - Train: loss 0.5266 acc1 83.71% f1 83.72%
2026-03-09 06:02:12 - __main__ - INFO - Val:   loss 1.4417 acc1 64.76% f1 64.26%
2026-03-09 06:02:12 - __main__ - INFO - saved best: 64.76%
2026-03-09 06:02:12 - __main__ - INFO - 
Epoch 95/200 | lr 0.056830
2026-03-09 06:02:41 - __main__ - INFO - Train: loss 0.5062 acc1 84.27% f1 84.28%
2026-03-09 06:02:41 - __main__ - INFO - Val:   loss 1.5545 acc1 62.56% f1 62.05%
2026-03-09 06:02:41 - __main__ - INFO - 
Epoch 96/200 | lr 0.056031
2026-03-09 06:03:11 - __main__ - INFO - Train: loss 0.4996 acc1 84.39% f1 84.39%
2026-03-09 06:03:11 - __main__ - INFO - Val:   loss 1.5276 acc1 62.91% f1 62.61%
2026-03-09 06:03:11 - __main__ - INFO - 
Epoch 97/200 | lr 0.055231
2026-03-09 06:03:40 - __main__ - INFO - Train: loss 0.4982 acc1 84.59% f1 84.60%
2026-03-09 06:03:40 - __main__ - INFO - Val:   loss 1.5715 acc1 62.49% f1 62.61%
2026-03-09 06:03:40 - __main__ - INFO - 
Epoch 98/200 | lr 0.054429
2026-03-09 06:04:09 - __main__ - INFO - Train: loss 0.4866 acc1 84.96% f1 84.97%
2026-03-09 06:04:09 - __main__ - INFO - Val:   loss 1.4485 acc1 64.35% f1 63.95%
2026-03-09 06:04:09 - __main__ - INFO - 
Epoch 99/200 | lr 0.053626
2026-03-09 06:04:38 - __main__ - INFO - Train: loss 0.4751 acc1 85.17% f1 85.18%
2026-03-09 06:04:38 - __main__ - INFO - Val:   loss 1.4367 acc1 64.87% f1 63.88%
2026-03-09 06:04:38 - __main__ - INFO - saved best: 64.87%
2026-03-09 06:04:38 - __main__ - INFO - 
Epoch 100/200 | lr 0.052823
2026-03-09 06:05:07 - __main__ - INFO - Train: loss 0.4648 acc1 85.60% f1 85.61%
2026-03-09 06:05:07 - __main__ - INFO - Val:   loss 1.3428 acc1 66.67% f1 66.33%
2026-03-09 06:05:07 - __main__ - INFO - saved best: 66.67%
2026-03-09 06:05:07 - __main__ - INFO - 
Epoch 101/200 | lr 0.052018
2026-03-09 06:05:37 - __main__ - INFO - Train: loss 0.4526 acc1 85.94% f1 85.95%
2026-03-09 06:05:37 - __main__ - INFO - Val:   loss 1.5011 acc1 62.92% f1 62.31%
2026-03-09 06:05:37 - __main__ - INFO - 
Epoch 102/200 | lr 0.051213
2026-03-09 06:06:06 - __main__ - INFO - Train: loss 0.4439 acc1 86.04% f1 86.04%
2026-03-09 06:06:06 - __main__ - INFO - Val:   loss 1.4925 acc1 63.54% f1 62.84%
2026-03-09 06:06:06 - __main__ - INFO - 
Epoch 103/200 | lr 0.050408
2026-03-09 06:06:35 - __main__ - INFO - Train: loss 0.4289 acc1 86.43% f1 86.45%
2026-03-09 06:06:35 - __main__ - INFO - Val:   loss 1.4478 acc1 65.27% f1 64.63%
2026-03-09 06:06:35 - __main__ - INFO - 
Epoch 104/200 | lr 0.049602
2026-03-09 06:07:04 - __main__ - INFO - Train: loss 0.4418 acc1 86.17% f1 86.18%
2026-03-09 06:07:04 - __main__ - INFO - Val:   loss 1.4291 acc1 64.51% f1 64.02%
2026-03-09 06:07:04 - __main__ - INFO - 
Epoch 105/200 | lr 0.048797
2026-03-09 06:07:34 - __main__ - INFO - Train: loss 0.4183 acc1 87.03% f1 87.04%
2026-03-09 06:07:34 - __main__ - INFO - Val:   loss 1.4687 acc1 63.93% f1 63.25%
2026-03-09 06:07:34 - __main__ - INFO - 
Epoch 106/200 | lr 0.047992
2026-03-09 06:08:03 - __main__ - INFO - Train: loss 0.4086 acc1 87.19% f1 87.21%
2026-03-09 06:08:03 - __main__ - INFO - Val:   loss 1.5238 acc1 62.68% f1 62.56%
2026-03-09 06:08:03 - __main__ - INFO - 
Epoch 107/200 | lr 0.047187
2026-03-09 06:08:32 - __main__ - INFO - Train: loss 0.3960 acc1 87.54% f1 87.54%
2026-03-09 06:08:32 - __main__ - INFO - Val:   loss 1.4389 acc1 65.01% f1 65.01%
2026-03-09 06:08:32 - __main__ - INFO - 
Epoch 108/200 | lr 0.046384
2026-03-09 06:09:01 - __main__ - INFO - Train: loss 0.3856 acc1 88.00% f1 88.01%
2026-03-09 06:09:01 - __main__ - INFO - Val:   loss 1.3667 acc1 66.36% f1 65.64%
2026-03-09 06:09:01 - __main__ - INFO - 
Epoch 109/200 | lr 0.045581
2026-03-09 06:09:31 - __main__ - INFO - Train: loss 0.3899 acc1 87.79% f1 87.80%
2026-03-09 06:09:31 - __main__ - INFO - Val:   loss 1.5530 acc1 63.40% f1 62.86%
2026-03-09 06:09:31 - __main__ - INFO - 
Epoch 110/200 | lr 0.044779
2026-03-09 06:10:00 - __main__ - INFO - Train: loss 0.3764 acc1 88.15% f1 88.17%
2026-03-09 06:10:00 - __main__ - INFO - Val:   loss 1.4943 acc1 64.38% f1 63.76%
2026-03-09 06:10:00 - __main__ - INFO - 
Epoch 111/200 | lr 0.043979
2026-03-09 06:10:29 - __main__ - INFO - Train: loss 0.3606 acc1 88.76% f1 88.77%
2026-03-09 06:10:29 - __main__ - INFO - Val:   loss 1.3848 acc1 66.31% f1 65.94%
2026-03-09 06:10:29 - __main__ - INFO - 
Epoch 112/200 | lr 0.043180
2026-03-09 06:10:58 - __main__ - INFO - Train: loss 0.3490 acc1 89.16% f1 89.19%
2026-03-09 06:10:58 - __main__ - INFO - Val:   loss 1.4258 acc1 66.31% f1 65.91%
2026-03-09 06:10:58 - __main__ - INFO - 
Epoch 113/200 | lr 0.042383
2026-03-09 06:11:27 - __main__ - INFO - Train: loss 0.3544 acc1 88.89% f1 88.89%
2026-03-09 06:11:27 - __main__ - INFO - Val:   loss 1.5241 acc1 64.44% f1 63.95%
2026-03-09 06:11:27 - __main__ - INFO - 
Epoch 114/200 | lr 0.041588
2026-03-09 06:11:57 - __main__ - INFO - Train: loss 0.3456 acc1 89.22% f1 89.22%
2026-03-09 06:11:57 - __main__ - INFO - Val:   loss 1.3230 acc1 67.51% f1 66.95%
2026-03-09 06:11:57 - __main__ - INFO - saved best: 67.51%
2026-03-09 06:11:57 - __main__ - INFO - 
Epoch 115/200 | lr 0.040795
2026-03-09 06:12:26 - __main__ - INFO - Train: loss 0.3196 acc1 90.02% f1 90.04%
2026-03-09 06:12:26 - __main__ - INFO - Val:   loss 1.3953 acc1 66.96% f1 66.75%
2026-03-09 06:12:26 - __main__ - INFO - 
Epoch 116/200 | lr 0.040005
2026-03-09 06:12:55 - __main__ - INFO - Train: loss 0.3040 acc1 90.63% f1 90.63%
2026-03-09 06:12:55 - __main__ - INFO - Val:   loss 1.3856 acc1 67.24% f1 66.93%
2026-03-09 06:12:55 - __main__ - INFO - 
Epoch 117/200 | lr 0.039217
2026-03-09 06:13:24 - __main__ - INFO - Train: loss 0.3181 acc1 90.12% f1 90.13%
2026-03-09 06:13:24 - __main__ - INFO - Val:   loss 1.4223 acc1 66.19% f1 66.34%
2026-03-09 06:13:24 - __main__ - INFO - 
Epoch 118/200 | lr 0.038432
2026-03-09 06:13:53 - __main__ - INFO - Train: loss 0.3016 acc1 90.48% f1 90.49%
2026-03-09 06:13:53 - __main__ - INFO - Val:   loss 1.3609 acc1 66.53% f1 65.75%
2026-03-09 06:13:53 - __main__ - INFO - 
Epoch 119/200 | lr 0.037650
2026-03-09 06:14:23 - __main__ - INFO - Train: loss 0.2934 acc1 90.93% f1 90.95%
2026-03-09 06:14:23 - __main__ - INFO - Val:   loss 1.3517 acc1 67.41% f1 67.00%
2026-03-09 06:14:23 - __main__ - INFO - 
Epoch 120/200 | lr 0.036871
2026-03-09 06:14:52 - __main__ - INFO - Train: loss 0.2785 acc1 91.46% f1 91.47%
2026-03-09 06:14:52 - __main__ - INFO - Val:   loss 1.3478 acc1 67.51% f1 67.04%
2026-03-09 06:14:52 - __main__ - INFO - 
Epoch 121/200 | lr 0.036096
2026-03-09 06:15:21 - __main__ - INFO - Train: loss 0.2768 acc1 91.49% f1 91.51%
2026-03-09 06:15:21 - __main__ - INFO - Val:   loss 1.3493 acc1 67.98% f1 67.37%
2026-03-09 06:15:21 - __main__ - INFO - saved best: 67.98%
2026-03-09 06:15:21 - __main__ - INFO - 
Epoch 122/200 | lr 0.035324
2026-03-09 06:15:50 - __main__ - INFO - Train: loss 0.2717 acc1 91.51% f1 91.52%
2026-03-09 06:15:50 - __main__ - INFO - Val:   loss 1.4962 acc1 64.90% f1 64.63%
2026-03-09 06:15:50 - __main__ - INFO - 
Epoch 123/200 | lr 0.034556
2026-03-09 06:16:20 - __main__ - INFO - Train: loss 0.2668 acc1 91.75% f1 91.77%
2026-03-09 06:16:20 - __main__ - INFO - Val:   loss 1.3849 acc1 67.69% f1 66.80%
2026-03-09 06:16:20 - __main__ - INFO - 
Epoch 124/200 | lr 0.033792
2026-03-09 06:16:49 - __main__ - INFO - Train: loss 0.2544 acc1 92.14% f1 92.15%
2026-03-09 06:16:49 - __main__ - INFO - Val:   loss 1.4858 acc1 65.99% f1 65.52%
2026-03-09 06:16:49 - __main__ - INFO - 
Epoch 125/200 | lr 0.033032
2026-03-09 06:17:18 - __main__ - INFO - Train: loss 0.2359 acc1 92.81% f1 92.82%
2026-03-09 06:17:18 - __main__ - INFO - Val:   loss 1.3560 acc1 68.51% f1 67.94%
2026-03-09 06:17:18 - __main__ - INFO - saved best: 68.51%
2026-03-09 06:17:18 - __main__ - INFO - 
Epoch 126/200 | lr 0.032277
2026-03-09 06:17:47 - __main__ - INFO - Train: loss 0.2318 acc1 92.99% f1 93.01%
2026-03-09 06:17:47 - __main__ - INFO - Val:   loss 1.3156 acc1 68.55% f1 68.08%
2026-03-09 06:17:47 - __main__ - INFO - saved best: 68.55%
2026-03-09 06:17:47 - __main__ - INFO - 
Epoch 127/200 | lr 0.031526
2026-03-09 06:18:17 - __main__ - INFO - Train: loss 0.2307 acc1 92.86% f1 92.87%
2026-03-09 06:18:17 - __main__ - INFO - Val:   loss 1.5053 acc1 66.47% f1 65.80%
2026-03-09 06:18:17 - __main__ - INFO - 
Epoch 128/200 | lr 0.030780
2026-03-09 06:18:46 - __main__ - INFO - Train: loss 0.2129 acc1 93.68% f1 93.69%
2026-03-09 06:18:46 - __main__ - INFO - Val:   loss 1.3975 acc1 67.98% f1 68.06%
2026-03-09 06:18:46 - __main__ - INFO - 
Epoch 129/200 | lr 0.030039
2026-03-09 06:19:15 - __main__ - INFO - Train: loss 0.2029 acc1 93.87% f1 93.89%
2026-03-09 06:19:15 - __main__ - INFO - Val:   loss 1.2941 acc1 68.98% f1 68.26%
2026-03-09 06:19:15 - __main__ - INFO - saved best: 68.98%
2026-03-09 06:19:15 - __main__ - INFO - 
Epoch 130/200 | lr 0.029303
2026-03-09 06:19:44 - __main__ - INFO - Train: loss 0.2069 acc1 93.70% f1 93.71%
2026-03-09 06:19:44 - __main__ - INFO - Val:   loss 1.3846 acc1 68.55% f1 68.27%
2026-03-09 06:19:44 - __main__ - INFO - 
Epoch 131/200 | lr 0.028573
2026-03-09 06:20:14 - __main__ - INFO - Train: loss 0.1791 acc1 94.76% f1 94.77%
2026-03-09 06:20:14 - __main__ - INFO - Val:   loss 1.3767 acc1 68.11% f1 67.40%
2026-03-09 06:20:14 - __main__ - INFO - 
Epoch 132/200 | lr 0.027848
2026-03-09 06:20:43 - __main__ - INFO - Train: loss 0.1864 acc1 94.50% f1 94.51%
2026-03-09 06:20:43 - __main__ - INFO - Val:   loss 1.2633 acc1 69.25% f1 69.07%
2026-03-09 06:20:43 - __main__ - INFO - saved best: 69.25%
2026-03-09 06:20:43 - __main__ - INFO - 
Epoch 133/200 | lr 0.027129
2026-03-09 06:21:12 - __main__ - INFO - Train: loss 0.1673 acc1 95.06% f1 95.07%
2026-03-09 06:21:12 - __main__ - INFO - Val:   loss 1.3102 acc1 69.74% f1 69.38%
2026-03-09 06:21:12 - __main__ - INFO - saved best: 69.74%
2026-03-09 06:21:12 - __main__ - INFO - 
Epoch 134/200 | lr 0.026415
2026-03-09 06:21:41 - __main__ - INFO - Train: loss 0.1699 acc1 94.95% f1 94.95%
2026-03-09 06:21:41 - __main__ - INFO - Val:   loss 1.3192 acc1 68.94% f1 68.87%
2026-03-09 06:21:41 - __main__ - INFO - 
Epoch 135/200 | lr 0.025708
2026-03-09 06:22:11 - __main__ - INFO - Train: loss 0.1498 acc1 95.60% f1 95.61%
2026-03-09 06:22:11 - __main__ - INFO - Val:   loss 1.2399 acc1 70.20% f1 69.96%
2026-03-09 06:22:11 - __main__ - INFO - saved best: 70.20%
2026-03-09 06:22:11 - __main__ - INFO - 
Epoch 136/200 | lr 0.025008
2026-03-09 06:22:40 - __main__ - INFO - Train: loss 0.1441 acc1 95.77% f1 95.78%
2026-03-09 06:22:40 - __main__ - INFO - Val:   loss 1.3437 acc1 68.83% f1 68.43%
2026-03-09 06:22:40 - __main__ - INFO - 
Epoch 137/200 | lr 0.024313
2026-03-09 06:23:09 - __main__ - INFO - Train: loss 0.1478 acc1 95.64% f1 95.65%
2026-03-09 06:23:09 - __main__ - INFO - Val:   loss 1.3120 acc1 69.37% f1 69.01%
2026-03-09 06:23:09 - __main__ - INFO - 
Epoch 138/200 | lr 0.023626
2026-03-09 06:23:38 - __main__ - INFO - Train: loss 0.1385 acc1 95.87% f1 95.88%
2026-03-09 06:23:38 - __main__ - INFO - Val:   loss 1.2901 acc1 70.55% f1 70.03%
2026-03-09 06:23:38 - __main__ - INFO - saved best: 70.55%
2026-03-09 06:23:38 - __main__ - INFO - 
Epoch 139/200 | lr 0.022945
2026-03-09 06:24:08 - __main__ - INFO - Train: loss 0.1288 acc1 96.41% f1 96.42%
2026-03-09 06:24:08 - __main__ - INFO - Val:   loss 1.1995 acc1 71.82% f1 71.09%
2026-03-09 06:24:08 - __main__ - INFO - saved best: 71.82%
2026-03-09 06:24:08 - __main__ - INFO - 
Epoch 140/200 | lr 0.022271
2026-03-09 06:24:37 - __main__ - INFO - Train: loss 0.1207 acc1 96.61% f1 96.62%
2026-03-09 06:24:37 - __main__ - INFO - Val:   loss 1.2671 acc1 70.69% f1 70.19%
2026-03-09 06:24:37 - __main__ - INFO - 
Epoch 141/200 | lr 0.021605
2026-03-09 06:25:06 - __main__ - INFO - Train: loss 0.1125 acc1 96.77% f1 96.77%
2026-03-09 06:25:06 - __main__ - INFO - Val:   loss 1.2354 acc1 71.10% f1 70.66%
2026-03-09 06:25:06 - __main__ - INFO - 
Epoch 142/200 | lr 0.020945
2026-03-09 06:25:35 - __main__ - INFO - Train: loss 0.1015 acc1 97.16% f1 97.16%
2026-03-09 06:25:35 - __main__ - INFO - Val:   loss 1.2506 acc1 71.51% f1 71.12%
2026-03-09 06:25:35 - __main__ - INFO - 
Epoch 143/200 | lr 0.020294
2026-03-09 06:26:04 - __main__ - INFO - Train: loss 0.1085 acc1 97.05% f1 97.05%
2026-03-09 06:26:04 - __main__ - INFO - Val:   loss 1.2410 acc1 71.05% f1 70.55%
2026-03-09 06:26:04 - __main__ - INFO - 
Epoch 144/200 | lr 0.019650
2026-03-09 06:26:34 - __main__ - INFO - Train: loss 0.0909 acc1 97.51% f1 97.51%
2026-03-09 06:26:34 - __main__ - INFO - Val:   loss 1.1813 acc1 71.97% f1 71.45%
2026-03-09 06:26:34 - __main__ - INFO - saved best: 71.97%
2026-03-09 06:26:34 - __main__ - INFO - 
Epoch 145/200 | lr 0.019014
2026-03-09 06:27:03 - __main__ - INFO - Train: loss 0.0818 acc1 97.87% f1 97.87%
2026-03-09 06:27:03 - __main__ - INFO - Val:   loss 1.2000 acc1 72.31% f1 71.82%
2026-03-09 06:27:03 - __main__ - INFO - saved best: 72.31%
2026-03-09 06:27:03 - __main__ - INFO - 
Epoch 146/200 | lr 0.018386
2026-03-09 06:27:32 - __main__ - INFO - Train: loss 0.0721 acc1 98.10% f1 98.10%
2026-03-09 06:27:32 - __main__ - INFO - Val:   loss 1.2432 acc1 71.75% f1 71.08%
2026-03-09 06:27:32 - __main__ - INFO - 
Epoch 147/200 | lr 0.017766
2026-03-09 06:28:01 - __main__ - INFO - Train: loss 0.0629 acc1 98.42% f1 98.42%
2026-03-09 06:28:01 - __main__ - INFO - Val:   loss 1.1532 acc1 73.56% f1 73.13%
2026-03-09 06:28:01 - __main__ - INFO - saved best: 73.56%
2026-03-09 06:28:01 - __main__ - INFO - 
Epoch 148/200 | lr 0.017155
2026-03-09 06:28:31 - __main__ - INFO - Train: loss 0.0550 acc1 98.68% f1 98.68%
2026-03-09 06:28:31 - __main__ - INFO - Val:   loss 1.1472 acc1 73.89% f1 73.25%
2026-03-09 06:28:31 - __main__ - INFO - saved best: 73.89%
2026-03-09 06:28:31 - __main__ - INFO - 
Epoch 149/200 | lr 0.016552
2026-03-09 06:29:00 - __main__ - INFO - Train: loss 0.0576 acc1 98.58% f1 98.58%
2026-03-09 06:29:00 - __main__ - INFO - Val:   loss 1.1897 acc1 72.60% f1 71.98%
2026-03-09 06:29:00 - __main__ - INFO - 
Epoch 150/200 | lr 0.015958
2026-03-09 06:29:29 - __main__ - INFO - Train: loss 0.0535 acc1 98.70% f1 98.70%
2026-03-09 06:29:29 - __main__ - INFO - Val:   loss 1.1001 acc1 73.89% f1 73.27%
2026-03-09 06:29:29 - __main__ - INFO - 
Epoch 151/200 | lr 0.015372
2026-03-09 06:29:58 - __main__ - INFO - Train: loss 0.0386 acc1 99.25% f1 99.26%
2026-03-09 06:29:58 - __main__ - INFO - Val:   loss 1.0953 acc1 74.86% f1 74.33%
2026-03-09 06:29:58 - __main__ - INFO - saved best: 74.86%
2026-03-09 06:29:58 - __main__ - INFO - 
Epoch 152/200 | lr 0.014796
2026-03-09 06:30:27 - __main__ - INFO - Train: loss 0.0369 acc1 99.22% f1 99.22%
2026-03-09 06:30:27 - __main__ - INFO - Val:   loss 1.0936 acc1 74.17% f1 73.70%
2026-03-09 06:30:27 - __main__ - INFO - 
Epoch 153/200 | lr 0.014229
2026-03-09 06:30:56 - __main__ - INFO - Train: loss 0.0329 acc1 99.36% f1 99.36%
2026-03-09 06:30:56 - __main__ - INFO - Val:   loss 1.0622 acc1 75.64% f1 75.13%
2026-03-09 06:30:56 - __main__ - INFO - saved best: 75.64%
2026-03-09 06:30:56 - __main__ - INFO - 
Epoch 154/200 | lr 0.013671
2026-03-09 06:31:26 - __main__ - INFO - Train: loss 0.0239 acc1 99.57% f1 99.57%
2026-03-09 06:31:26 - __main__ - INFO - Val:   loss 1.0255 acc1 76.05% f1 75.56%
2026-03-09 06:31:26 - __main__ - INFO - saved best: 76.05%
2026-03-09 06:31:26 - __main__ - INFO - 
Epoch 155/200 | lr 0.013122
2026-03-09 06:31:55 - __main__ - INFO - Train: loss 0.0185 acc1 99.72% f1 99.72%
2026-03-09 06:31:55 - __main__ - INFO - Val:   loss 1.0245 acc1 76.34% f1 75.85%
2026-03-09 06:31:55 - __main__ - INFO - saved best: 76.34%
2026-03-09 06:31:55 - __main__ - INFO - 
Epoch 156/200 | lr 0.012583
2026-03-09 06:32:24 - __main__ - INFO - Train: loss 0.0158 acc1 99.80% f1 99.80%
2026-03-09 06:32:24 - __main__ - INFO - Val:   loss 1.0043 acc1 76.00% f1 75.54%
2026-03-09 06:32:24 - __main__ - INFO - 
Epoch 157/200 | lr 0.012054
2026-03-09 06:32:53 - __main__ - INFO - Train: loss 0.0148 acc1 99.81% f1 99.81%
2026-03-09 06:32:53 - __main__ - INFO - Val:   loss 0.9575 acc1 77.04% f1 76.57%
2026-03-09 06:32:53 - __main__ - INFO - saved best: 77.04%
2026-03-09 06:32:53 - __main__ - INFO - 
Epoch 158/200 | lr 0.011535
2026-03-09 06:33:22 - __main__ - INFO - Train: loss 0.0135 acc1 99.84% f1 99.84%
2026-03-09 06:33:22 - __main__ - INFO - Val:   loss 0.9775 acc1 76.97% f1 76.63%
2026-03-09 06:33:22 - __main__ - INFO - 
Epoch 159/200 | lr 0.011025
2026-03-09 06:33:52 - __main__ - INFO - Train: loss 0.0115 acc1 99.89% f1 99.89%
2026-03-09 06:33:52 - __main__ - INFO - Val:   loss 0.9406 acc1 77.91% f1 77.34%
2026-03-09 06:33:52 - __main__ - INFO - saved best: 77.91%
2026-03-09 06:33:52 - __main__ - INFO - 
Epoch 160/200 | lr 0.010526
2026-03-09 06:34:21 - __main__ - INFO - Train: loss 0.0099 acc1 99.91% f1 99.91%
2026-03-09 06:34:21 - __main__ - INFO - Val:   loss 0.9321 acc1 77.68% f1 77.20%
2026-03-09 06:34:21 - __main__ - INFO - 
Epoch 161/200 | lr 0.010037
2026-03-09 06:34:50 - __main__ - INFO - Train: loss 0.0087 acc1 99.93% f1 99.93%
2026-03-09 06:34:50 - __main__ - INFO - Val:   loss 0.9068 acc1 78.13% f1 77.67%
2026-03-09 06:34:50 - __main__ - INFO - saved best: 78.13%
2026-03-09 06:34:50 - __main__ - INFO - 
Epoch 162/200 | lr 0.009558
2026-03-09 06:35:19 - __main__ - INFO - Train: loss 0.0091 acc1 99.91% f1 99.91%
2026-03-09 06:35:19 - __main__ - INFO - Val:   loss 0.9021 acc1 78.63% f1 78.14%
2026-03-09 06:35:19 - __main__ - INFO - saved best: 78.63%
2026-03-09 06:35:19 - __main__ - INFO - 
Epoch 163/200 | lr 0.009090
2026-03-09 06:35:48 - __main__ - INFO - Train: loss 0.0079 acc1 99.95% f1 99.95%
2026-03-09 06:35:48 - __main__ - INFO - Val:   loss 0.8929 acc1 78.79% f1 78.32%
2026-03-09 06:35:48 - __main__ - INFO - saved best: 78.79%
2026-03-09 06:35:48 - __main__ - INFO - 
Epoch 164/200 | lr 0.008632
2026-03-09 06:36:17 - __main__ - INFO - Train: loss 0.0078 acc1 99.96% f1 99.96%
2026-03-09 06:36:17 - __main__ - INFO - Val:   loss 0.8887 acc1 78.59% f1 78.12%
2026-03-09 06:36:17 - __main__ - INFO - 
Epoch 165/200 | lr 0.008186
2026-03-09 06:36:47 - __main__ - INFO - Train: loss 0.0078 acc1 99.95% f1 99.95%
2026-03-09 06:36:47 - __main__ - INFO - Val:   loss 0.8895 acc1 78.82% f1 78.29%
2026-03-09 06:36:47 - __main__ - INFO - saved best: 78.82%
2026-03-09 06:36:47 - __main__ - INFO - 
Epoch 166/200 | lr 0.007750
2026-03-09 06:37:16 - __main__ - INFO - Train: loss 0.0076 acc1 99.95% f1 99.95%
2026-03-09 06:37:16 - __main__ - INFO - Val:   loss 0.8828 acc1 78.68% f1 78.21%
2026-03-09 06:37:16 - __main__ - INFO - 
Epoch 167/200 | lr 0.007325
2026-03-09 06:37:45 - __main__ - INFO - Train: loss 0.0076 acc1 99.95% f1 99.95%
2026-03-09 06:37:45 - __main__ - INFO - Val:   loss 0.8824 acc1 78.49% f1 77.97%
2026-03-09 06:37:45 - __main__ - INFO - 
Epoch 168/200 | lr 0.006911
2026-03-09 06:38:14 - __main__ - INFO - Train: loss 0.0079 acc1 99.95% f1 99.95%
2026-03-09 06:38:14 - __main__ - INFO - Val:   loss 0.8765 acc1 79.04% f1 78.51%
2026-03-09 06:38:14 - __main__ - INFO - saved best: 79.04%
2026-03-09 06:38:14 - __main__ - INFO - 
Epoch 169/200 | lr 0.006508
2026-03-09 06:38:43 - __main__ - INFO - Train: loss 0.0075 acc1 99.95% f1 99.95%
2026-03-09 06:38:43 - __main__ - INFO - Val:   loss 0.8793 acc1 78.81% f1 78.30%
2026-03-09 06:38:43 - __main__ - INFO - 
Epoch 170/200 | lr 0.006117
2026-03-09 06:39:13 - __main__ - INFO - Train: loss 0.0076 acc1 99.95% f1 99.95%
2026-03-09 06:39:13 - __main__ - INFO - Val:   loss 0.8736 acc1 78.95% f1 78.49%
2026-03-09 06:39:13 - __main__ - INFO - 
Epoch 171/200 | lr 0.005737
2026-03-09 06:39:42 - __main__ - INFO - Train: loss 0.0074 acc1 99.96% f1 99.96%
2026-03-09 06:39:42 - __main__ - INFO - Val:   loss 0.8843 acc1 78.60% f1 78.11%
2026-03-09 06:39:42 - __main__ - INFO - 
Epoch 172/200 | lr 0.005368
2026-03-09 06:40:11 - __main__ - INFO - Train: loss 0.0074 acc1 99.96% f1 99.96%
2026-03-09 06:40:11 - __main__ - INFO - Val:   loss 0.8657 acc1 79.24% f1 78.73%
2026-03-09 06:40:11 - __main__ - INFO - saved best: 79.24%
2026-03-09 06:40:11 - __main__ - INFO - 
Epoch 173/200 | lr 0.005011
2026-03-09 06:40:40 - __main__ - INFO - Train: loss 0.0073 acc1 99.97% f1 99.97%
2026-03-09 06:40:40 - __main__ - INFO - Val:   loss 0.8730 acc1 79.03% f1 78.57%
2026-03-09 06:40:40 - __main__ - INFO - 
Epoch 174/200 | lr 0.004666
2026-03-09 06:41:09 - __main__ - INFO - Train: loss 0.0072 acc1 99.96% f1 99.96%
2026-03-09 06:41:09 - __main__ - INFO - Val:   loss 0.8689 acc1 79.41% f1 78.95%
2026-03-09 06:41:09 - __main__ - INFO - saved best: 79.41%
2026-03-09 06:41:09 - __main__ - INFO - 
Epoch 175/200 | lr 0.004332
2026-03-09 06:41:39 - __main__ - INFO - Train: loss 0.0071 acc1 99.96% f1 99.96%
2026-03-09 06:41:39 - __main__ - INFO - Val:   loss 0.8723 acc1 79.26% f1 78.83%
2026-03-09 06:41:39 - __main__ - INFO - 
Epoch 176/200 | lr 0.004011
2026-03-09 06:42:08 - __main__ - INFO - Train: loss 0.0070 acc1 99.97% f1 99.97%
2026-03-09 06:42:08 - __main__ - INFO - Val:   loss 0.8635 acc1 79.09% f1 78.67%
2026-03-09 06:42:08 - __main__ - INFO - 
Epoch 177/200 | lr 0.003701
2026-03-09 06:42:37 - __main__ - INFO - Train: loss 0.0072 acc1 99.97% f1 99.97%
2026-03-09 06:42:37 - __main__ - INFO - Val:   loss 0.8731 acc1 79.01% f1 78.56%
2026-03-09 06:42:37 - __main__ - INFO - 
Epoch 178/200 | lr 0.003403
2026-03-09 06:43:06 - __main__ - INFO - Train: loss 0.0072 acc1 99.97% f1 99.97%
2026-03-09 06:43:06 - __main__ - INFO - Val:   loss 0.8677 acc1 79.35% f1 78.92%
2026-03-09 06:43:06 - __main__ - INFO - 
Epoch 179/200 | lr 0.003118
2026-03-09 06:43:35 - __main__ - INFO - Train: loss 0.0071 acc1 99.96% f1 99.96%
2026-03-09 06:43:35 - __main__ - INFO - Val:   loss 0.8663 acc1 79.55% f1 79.11%
2026-03-09 06:43:35 - __main__ - INFO - saved best: 79.55%
2026-03-09 06:43:35 - __main__ - INFO - 
Epoch 180/200 | lr 0.002844
2026-03-09 06:44:05 - __main__ - INFO - Train: loss 0.0070 acc1 99.97% f1 99.97%
2026-03-09 06:44:05 - __main__ - INFO - Val:   loss 0.8634 acc1 79.53% f1 79.04%
2026-03-09 06:44:05 - __main__ - INFO - 
Epoch 181/200 | lr 0.002583
2026-03-09 06:44:34 - __main__ - INFO - Train: loss 0.0071 acc1 99.97% f1 99.97%
2026-03-09 06:44:34 - __main__ - INFO - Val:   loss 0.8602 acc1 79.51% f1 79.02%
2026-03-09 06:44:34 - __main__ - INFO - 
Epoch 182/200 | lr 0.002334
2026-03-09 06:45:03 - __main__ - INFO - Train: loss 0.0069 acc1 99.98% f1 99.98%
2026-03-09 06:45:03 - __main__ - INFO - Val:   loss 0.8658 acc1 79.53% f1 79.09%
2026-03-09 06:45:03 - __main__ - INFO - 
Epoch 183/200 | lr 0.002097
2026-03-09 06:45:32 - __main__ - INFO - Train: loss 0.0067 acc1 99.98% f1 99.98%
2026-03-09 06:45:32 - __main__ - INFO - Val:   loss 0.8666 acc1 79.36% f1 78.93%
2026-03-09 06:45:32 - __main__ - INFO - 
Epoch 184/200 | lr 0.001873
2026-03-09 06:46:01 - __main__ - INFO - Train: loss 0.0069 acc1 99.96% f1 99.96%
2026-03-09 06:46:01 - __main__ - INFO - Val:   loss 0.8666 acc1 79.34% f1 78.89%
2026-03-09 06:46:01 - __main__ - INFO - 
Epoch 185/200 | lr 0.001662
2026-03-09 06:46:31 - __main__ - INFO - Train: loss 0.0067 acc1 99.97% f1 99.97%
2026-03-09 06:46:31 - __main__ - INFO - Val:   loss 0.8630 acc1 79.18% f1 78.74%
2026-03-09 06:46:31 - __main__ - INFO - 
Epoch 186/200 | lr 0.001463
2026-03-09 06:47:00 - __main__ - INFO - Train: loss 0.0067 acc1 99.97% f1 99.97%
2026-03-09 06:47:00 - __main__ - INFO - Val:   loss 0.8608 acc1 79.34% f1 78.93%
2026-03-09 06:47:00 - __main__ - INFO - 
Epoch 187/200 | lr 0.001276
2026-03-09 06:47:29 - __main__ - INFO - Train: loss 0.0068 acc1 99.97% f1 99.97%
2026-03-09 06:47:29 - __main__ - INFO - Val:   loss 0.8690 acc1 79.26% f1 78.82%
2026-03-09 06:47:29 - __main__ - INFO - 
Epoch 188/200 | lr 0.001103
2026-03-09 06:47:58 - __main__ - INFO - Train: loss 0.0067 acc1 99.98% f1 99.98%
2026-03-09 06:47:58 - __main__ - INFO - Val:   loss 0.8646 acc1 79.20% f1 78.76%
2026-03-09 06:47:58 - __main__ - INFO - 
Epoch 189/200 | lr 0.000941
2026-03-09 06:48:27 - __main__ - INFO - Train: loss 0.0067 acc1 99.97% f1 99.97%
2026-03-09 06:48:27 - __main__ - INFO - Val:   loss 0.8623 acc1 79.22% f1 78.82%
2026-03-09 06:48:27 - __main__ - INFO - 
Epoch 190/200 | lr 0.000793
2026-03-09 06:48:57 - __main__ - INFO - Train: loss 0.0067 acc1 99.96% f1 99.96%
2026-03-09 06:48:57 - __main__ - INFO - Val:   loss 0.8656 acc1 79.59% f1 79.15%
2026-03-09 06:48:57 - __main__ - INFO - saved best: 79.59%
2026-03-09 06:48:57 - __main__ - INFO - 
Epoch 191/200 | lr 0.000657
2026-03-09 06:49:26 - __main__ - INFO - Train: loss 0.0068 acc1 99.97% f1 99.97%
2026-03-09 06:49:26 - __main__ - INFO - Val:   loss 0.8704 acc1 79.18% f1 78.75%
2026-03-09 06:49:26 - __main__ - INFO - 
Epoch 192/200 | lr 0.000535
2026-03-09 06:49:55 - __main__ - INFO - Train: loss 0.0067 acc1 99.98% f1 99.98%
2026-03-09 06:49:55 - __main__ - INFO - Val:   loss 0.8632 acc1 79.51% f1 79.06%
2026-03-09 06:49:55 - __main__ - INFO - 
Epoch 193/200 | lr 0.000425
2026-03-09 06:50:24 - __main__ - INFO - Train: loss 0.0068 acc1 99.98% f1 99.98%
2026-03-09 06:50:24 - __main__ - INFO - Val:   loss 0.8656 acc1 79.30% f1 78.89%
2026-03-09 06:50:24 - __main__ - INFO - 
Epoch 194/200 | lr 0.000328
2026-03-09 06:50:53 - __main__ - INFO - Train: loss 0.0067 acc1 99.98% f1 99.98%
2026-03-09 06:50:53 - __main__ - INFO - Val:   loss 0.8659 acc1 79.47% f1 79.03%
2026-03-09 06:50:53 - __main__ - INFO - 
Epoch 195/200 | lr 0.000243
2026-03-09 06:51:23 - __main__ - INFO - Train: loss 0.0067 acc1 99.98% f1 99.98%
2026-03-09 06:51:23 - __main__ - INFO - Val:   loss 0.8666 acc1 79.45% f1 78.98%
2026-03-09 06:51:23 - __main__ - INFO - 
Epoch 196/200 | lr 0.000172
2026-03-09 06:51:52 - __main__ - INFO - Train: loss 0.0065 acc1 99.99% f1 99.99%
2026-03-09 06:51:52 - __main__ - INFO - Val:   loss 0.8600 acc1 79.63% f1 79.21%
2026-03-09 06:51:52 - __main__ - INFO - saved best: 79.63%
2026-03-09 06:51:52 - __main__ - INFO - 
Epoch 197/200 | lr 0.000114
2026-03-09 06:52:21 - __main__ - INFO - Train: loss 0.0066 acc1 99.99% f1 99.99%
2026-03-09 06:52:21 - __main__ - INFO - Val:   loss 0.8675 acc1 79.24% f1 78.79%
2026-03-09 06:52:21 - __main__ - INFO - 
Epoch 198/200 | lr 0.000068
2026-03-09 06:52:50 - __main__ - INFO - Train: loss 0.0065 acc1 99.97% f1 99.97%
2026-03-09 06:52:50 - __main__ - INFO - Val:   loss 0.8653 acc1 79.16% f1 78.73%
2026-03-09 06:52:50 - __main__ - INFO - 
Epoch 199/200 | lr 0.000036
2026-03-09 06:53:19 - __main__ - INFO - Train: loss 0.0065 acc1 99.97% f1 99.97%
2026-03-09 06:53:19 - __main__ - INFO - Val:   loss 0.8672 acc1 79.47% f1 79.07%
2026-03-09 06:53:19 - __main__ - INFO - 
Epoch 200/200 | lr 0.000016
2026-03-09 06:53:49 - __main__ - INFO - Train: loss 0.0066 acc1 99.98% f1 99.98%
2026-03-09 06:53:49 - __main__ - INFO - Val:   loss 0.8655 acc1 79.26% f1 78.86%
2026-03-09 06:53:51 - __main__ - INFO - 
Best tracked (val): 79.63%
2026-03-09 06:53:51 - __main__ - INFO - Final test: loss 0.8593 acc1 79.42% f1 79.20%
2026-03-09 06:53:52 - graphics - INFO - Metrics plot saved to ./runs/comparison/input_resnet34/metrics_plot.png
2026-03-09 06:53:52 - __main__ - INFO - Input model resnet34 done — test acc 79.42%, test F1 79.20%
2026-03-09 06:53:52 - __main__ - INFO - 
Preparing eval dataloaders for HiResCAM computation …
2026-03-09 06:53:54 - __main__ - INFO - 
Saving variant datasets to data/comparison_cifar100
2026-03-09 06:53:54 - __main__ - INFO - Generating train variants → data/comparison_cifar100
2026-03-09 06:53:58 - __main__ - INFO -   [train] processed 1280 images …
2026-03-09 06:54:02 - __main__ - INFO -   [train] processed 2560 images …
2026-03-09 06:54:06 - __main__ - INFO -   [train] processed 3840 images …
2026-03-09 06:54:09 - __main__ - INFO -   [train] processed 5120 images …
2026-03-09 06:54:13 - __main__ - INFO -   [train] processed 6400 images …
2026-03-09 06:54:16 - __main__ - INFO -   [train] processed 7680 images …
2026-03-09 06:54:20 - __main__ - INFO -   [train] processed 8960 images …
2026-03-09 06:54:23 - __main__ - INFO -   [train] processed 10240 images …
2026-03-09 06:54:27 - __main__ - INFO -   [train] processed 11520 images …
2026-03-09 06:54:30 - __main__ - INFO -   [train] processed 12800 images …
2026-03-09 06:54:34 - __main__ - INFO -   [train] processed 14080 images …
2026-03-09 06:54:38 - __main__ - INFO -   [train] processed 15360 images …
2026-03-09 06:54:41 - __main__ - INFO -   [train] processed 16640 images …
2026-03-09 06:54:45 - __main__ - INFO -   [train] processed 17920 images …
2026-03-09 06:54:48 - __main__ - INFO -   [train] processed 19200 images …
2026-03-09 06:54:52 - __main__ - INFO -   [train] processed 20480 images …
2026-03-09 06:54:56 - __main__ - INFO -   [train] processed 21760 images …
2026-03-09 06:54:59 - __main__ - INFO -   [train] processed 23040 images …
2026-03-09 06:55:03 - __main__ - INFO -   [train] processed 24320 images …
2026-03-09 06:55:06 - __main__ - INFO -   [train] processed 25600 images …
2026-03-09 06:55:10 - __main__ - INFO -   [train] processed 26880 images …
2026-03-09 06:55:13 - __main__ - INFO -   [train] processed 28160 images …
2026-03-09 06:55:17 - __main__ - INFO -   [train] processed 29440 images …
2026-03-09 06:55:21 - __main__ - INFO -   [train] processed 30720 images …
2026-03-09 06:55:24 - __main__ - INFO -   [train] processed 32000 images …
2026-03-09 06:55:28 - __main__ - INFO -   [train] processed 33280 images …
2026-03-09 06:55:31 - __main__ - INFO -   [train] processed 34560 images …
2026-03-09 06:55:35 - __main__ - INFO -   [train] processed 35840 images …
2026-03-09 06:55:38 - __main__ - INFO -   [train] processed 37120 images …
2026-03-09 06:55:42 - __main__ - INFO -   [train] processed 38400 images …
2026-03-09 06:55:46 - __main__ - INFO -   [train] processed 39680 images …
2026-03-09 06:55:49 - __main__ - INFO -   [train] processed 40960 images …
2026-03-09 06:55:53 - __main__ - INFO -   [train] processed 42240 images …
2026-03-09 06:55:56 - __main__ - INFO -   [train] processed 43520 images …
2026-03-09 06:56:00 - __main__ - INFO -   [train] processed 44800 images …
2026-03-09 06:56:01 - __main__ - INFO -   [train] processed 45000 images …
2026-03-09 06:56:01 - __main__ - INFO -   [train] saved 45000 images for all 4 variants
2026-03-09 06:56:01 - __main__ - INFO - Generating test variants → data/comparison_cifar100
2026-03-09 06:56:04 - __main__ - INFO -   [test] processed 1280 images …
2026-03-09 06:56:08 - __main__ - INFO -   [test] processed 2560 images …
2026-03-09 06:56:11 - __main__ - INFO -   [test] processed 3840 images …
2026-03-09 06:56:15 - __main__ - INFO -   [test] processed 5120 images …
2026-03-09 06:56:18 - __main__ - INFO -   [test] processed 6400 images …
2026-03-09 06:56:22 - __main__ - INFO -   [test] processed 7680 images …
2026-03-09 06:56:26 - __main__ - INFO -   [test] processed 8960 images …
2026-03-09 06:56:28 - __main__ - INFO -   [test] processed 10000 images …
2026-03-09 06:56:28 - __main__ - INFO -   [test] saved 10000 images for all 4 variants
2026-03-09 06:56:28 - __main__ - INFO - 
============================================================
2026-03-09 06:56:28 - __main__ - INFO - Training output model (resnet50) on variant: original
2026-03-09 06:56:28 - __main__ - INFO -   Resolved config → lr=0.1, wd=0.0001, bs=128, epochs=200, scheduler=cosine, warmup=5
2026-03-09 06:56:28 - __main__ - INFO - ============================================================
2026-03-09 10:18:33 - __main__ - INFO - Variant [original] done — test acc 76.36%, test F1 75.83%, test loss 1.0186
2026-03-09 10:18:34 - graphics - INFO - Metrics plot saved to ./runs/comparison/output_original/metrics_plot.png
2026-03-09 10:18:34 - __main__ - INFO - 
============================================================
2026-03-09 10:18:34 - __main__ - INFO - Training output model (resnet50) on variant: random
2026-03-09 10:18:34 - __main__ - INFO -   Resolved config → lr=0.1, wd=0.0001, bs=128, epochs=200, scheduler=cosine, warmup=5
2026-03-09 10:18:34 - __main__ - INFO - ============================================================
2026-03-09 13:40:51 - __main__ - INFO - Variant [random] done — test acc 72.38%, test F1 72.07%, test loss 1.2190
2026-03-09 13:40:52 - graphics - INFO - Metrics plot saved to ./runs/comparison/output_random/metrics_plot.png
2026-03-09 13:40:52 - __main__ - INFO - 
============================================================
2026-03-09 13:40:52 - __main__ - INFO - Training output model (resnet50) on variant: low_saliency
2026-03-09 13:40:52 - __main__ - INFO -   Resolved config → lr=0.1, wd=0.0001, bs=128, epochs=200, scheduler=cosine, warmup=5
2026-03-09 13:40:52 - __main__ - INFO - ============================================================
2026-03-09 17:03:05 - __main__ - INFO - Variant [low_saliency] done — test acc 68.21%, test F1 67.83%, test loss 1.3384
2026-03-09 17:03:06 - graphics - INFO - Metrics plot saved to ./runs/comparison/output_low_saliency/metrics_plot.png
2026-03-09 17:03:06 - __main__ - INFO - 
============================================================
2026-03-09 17:03:06 - __main__ - INFO - Training output model (resnet50) on variant: high_saliency
2026-03-09 17:03:06 - __main__ - INFO -   Resolved config → lr=0.1, wd=0.0001, bs=128, epochs=200, scheduler=cosine, warmup=5
2026-03-09 17:03:06 - __main__ - INFO - ============================================================
2026-03-09 20:25:14 - __main__ - INFO - Variant [high_saliency] done — test acc 4.36%, test F1 2.52%, test loss 7.4824
2026-03-09 20:25:15 - graphics - INFO - Metrics plot saved to ./runs/comparison/output_high_saliency/metrics_plot.png
2026-03-09 20:25:15 - __main__ - INFO - 
Results saved to ./runs/comparison/comparison_results.json
2026-03-09 20:25:15 - __main__ - INFO - 
========================================================================
2026-03-09 20:25:15 - __main__ - INFO - COMPARISON RESULTS
2026-03-09 20:25:15 - __main__ - INFO - ========================================================================
2026-03-09 20:25:15 - __main__ - INFO - Variant              Accuracy         F1       Loss
2026-03-09 20:25:15 - __main__ - INFO - ------------------ ---------- ---------- ----------
2026-03-09 20:25:15 - __main__ - INFO - original               76.36%     75.83%     1.0186
2026-03-09 20:25:15 - __main__ - INFO - random                 72.38%     72.07%     1.2190
2026-03-09 20:25:15 - __main__ - INFO - low_saliency           68.21%     67.83%     1.3384
2026-03-09 20:25:15 - __main__ - INFO - high_saliency           4.36%      2.52%     7.4824
2026-03-09 20:25:15 - __main__ - INFO - ========================================================================
