2026-06-28 09:36:13 - __main__ - INFO - Run parameters: {"_cam_checkpoint_fingerprint": {"mtime_ns": 1782631629527531086, "path": "/content/CAMRegularization/runs/cifar100/resnet18/42/resnet18_seed42_none/best_model.pt", "sha256": "5e6255985e64981711c505fede7beb5f596e85b88d356dd04a5486c83e366f64", "size": 44961483}, "adamw_betas": [0.9, 0.999], "adamw_eps": 1e-08, "amp": true, "batch_size": 128, "cam_cache_dir": "/content/cam_cache/cifar100/resnet18/seed42", "cam_layer": "auto", "cam_precompute_only": false, "cutout_area": 0.1, "cutout_m": 8, "cutout_mode": "cam_low", "cutout_size": 0, "data_dir": "./data", "dataset": "cifar100", "deterministic_train_transforms": true, "epochs": 100, "gamma": 0.1, "grayscale": false, "include_regex": "", "label_smoothing": 0.0, "log_every": 100, "lr": 0.1, "milestones": "60,80", "min_lr": 1e-05, "model": "resnet18", "momentum": 0.9, "nesterov": false, "num_workers": 4, "optimizer": "sgd", "out_dir": "runs/cifar100/resnet18/42", "run_name": "resnet18_seed42_cam_low_M8_area0.1", "saliency_candidate_percent": 10.0, "scheduler": "cosine", "seed": 42, "teacher_checkpoint": "runs/cifar100/resnet18/42/resnet18_seed42_none/best_model.pt", "teacher_checkpoint_sha256": "5e6255985e64981711c505fede7beb5f596e85b88d356dd04a5486c83e366f64", "teacher_model": "resnet18", "val_split": 0.1, "warmup_epochs": 5, "weight_decay": 0.0005}
2026-06-28 09:36:13 - __main__ - INFO - device: cuda | cuda: True | gpu: NVIDIA A100-SXM4-40GB
2026-06-28 09:36:17 - __main__ - INFO - Model: resnet18 | Dataset: cifar100 | Classes: 100 | Optimizer: sgd
2026-06-28 09:36:17 - __main__ - INFO - CAM saliency cache directory: /content/cam_cache/cifar100/resnet18/seed42
2026-06-28 09:36:17 - __main__ - INFO - CAM cache-only mode for DataLoader workers; cache misses will raise. Run the same command once with --cam_precompute_only --num_workers 0 --deterministic_train_transforms before high-worker training.
2026-06-28 09:36:17 - __main__ - INFO - CAM saliency cache enabled: /content/cam_cache/cifar100/resnet18/seed42
2026-06-28 09:36:17 - __main__ - INFO - Cutout enabled: mode=cam_low m=8 size=None area=0.1
2026-06-28 09:36:17 - __main__ - INFO - CAM cache hit: /content/cam_cache/cifar100/resnet18/seed42/0b/04/0b04231a533834a0b8f08e9efd3125407b7aee6972a4cbf0b385347d27701217.pt
2026-06-28 09:36:17 - __main__ - INFO - CAM cutout window: index=0 copy=1 cutout_mode=cam_low top=22 left=1 height=10 width=10
2026-06-28 09:36:17 - __main__ - INFO - CAM cache hit: /content/cam_cache/cifar100/resnet18/seed42/0b/04/0b04231a533834a0b8f08e9efd3125407b7aee6972a4cbf0b385347d27701217.pt
2026-06-28 09:36:17 - __main__ - INFO - CAM cutout window: index=0 copy=2 cutout_mode=cam_low top=21 left=3 height=10 width=10
2026-06-28 09:36:17 - __main__ - INFO - CAM cache hit: /content/cam_cache/cifar100/resnet18/seed42/0b/04/0b04231a533834a0b8f08e9efd3125407b7aee6972a4cbf0b385347d27701217.pt
2026-06-28 09:36:17 - __main__ - INFO - CAM cutout window: index=0 copy=3 cutout_mode=cam_low top=0 left=2 height=10 width=10
2026-06-28 09:36:17 - __main__ - INFO - Validated CAM cutout generation for mode cam_low
2026-06-28 09:36:17 - __main__ - INFO - 
Epoch 1/100 | lr 0.000100
2026-06-28 09:36:17 - __main__ - INFO - CAM cache hit: /content/cam_cache/cifar100/resnet18/seed42/0f/5f/0f5f1f96f4e99da0b6fbb84c4707f53e6367da5ba9388e138f0efd2d4bcca32c.pt
2026-06-28 09:36:17 - __main__ - INFO - CAM cutout window: index=22616 copy=8 cutout_mode=cam_low top=20 left=18 height=10 width=10
2026-06-28 09:36:17 - __main__ - INFO - CAM cache hit: /content/cam_cache/cifar100/resnet18/seed42/8f/b3/8fb34825db69fa423bb92a1edddc6c8fb14aa03114008d66f4fa120c617161f1.pt
2026-06-28 09:36:17 - __main__ - INFO - CAM cache hit: /content/cam_cache/cifar100/resnet18/seed42/42/3e/423e1900e4ef82952af7bbb8b8f2ccdf7f1d427b9a5870e586e82b3ced7ed9f1.pt
2026-06-28 09:36:17 - __main__ - INFO - CAM cache hit: /content/cam_cache/cifar100/resnet18/seed42/bb/08/bb085387b02b862d7e9f5a5dd8611ad97d5d192eaeae47dd926c8c96226348f8.pt
2026-06-28 09:36:17 - __main__ - INFO - CAM cache hit: /content/cam_cache/cifar100/resnet18/seed42/15/09/15097c6462a811849c03eced44fd8d376a6900472f3f5daa6488b268e164108d.pt
2026-06-28 09:36:17 - __main__ - INFO - CAM cutout window: index=21211 copy=7 cutout_mode=cam_low top=21 left=2 height=10 width=10
2026-06-28 09:36:17 - __main__ - INFO - CAM cutout window: index=11814 copy=4 cutout_mode=cam_low top=20 left=21 height=10 width=10
2026-06-28 09:36:17 - __main__ - INFO - CAM cutout window: index=12856 copy=5 cutout_mode=cam_low top=21 left=17 height=10 width=10
2026-06-28 09:36:17 - __main__ - INFO - CAM cutout window: index=34526 copy=2 cutout_mode=cam_low top=1 left=3 height=10 width=10
2026-06-28 09:36:17 - __main__ - INFO - CAM cache hit: /content/cam_cache/cifar100/resnet18/seed42/6a/a2/6aa2c872c73a4ef40f1a087e622b328ac6f5c283438eb013bd364e343e379ddb.pt
2026-06-28 09:36:17 - __main__ - INFO - CAM cutout window: index=22039 copy=1 cutout_mode=cam_low top=2 left=21 height=10 width=10
2026-06-28 09:36:17 - __main__ - INFO - CAM cache hit: /content/cam_cache/cifar100/resnet18/seed42/6a/e1/6ae1a801f0d291d720d010b4a80c2a5020e043609387726c3cdc633d3b66693e.pt
2026-06-28 09:36:17 - __main__ - INFO - CAM cache hit: /content/cam_cache/cifar100/resnet18/seed42/9f/18/9f18d67e1a1a5d455f771b5b5e9232f5d3caf4924eb3736b436c87a61d57e895.pt
2026-06-28 09:36:17 - __main__ - INFO - CAM cutout window: index=37588 copy=3 cutout_mode=cam_low top=22 left=20 height=10 width=10
2026-06-28 09:36:17 - __main__ - INFO - CAM cutout window: index=26666 copy=5 cutout_mode=cam_low top=0 left=2 height=10 width=10
2026-06-28 09:38:20 - __main__ - INFO - Train: loss 4.3696 acc1 5.41%
2026-06-28 09:38:20 - __main__ - INFO - Val:   loss 4.1369 acc1 7.64%
2026-06-28 09:38:20 - __main__ - INFO - saved best: 7.64%
2026-06-28 09:38:20 - __main__ - INFO - 
Epoch 2/100 | lr 0.020080
2026-06-28 09:38:20 - __main__ - INFO - CAM cache hit: /content/cam_cache/cifar100/resnet18/seed42/51/1d/511d4ca56cd60375d6ef93a4aa89b6efff1dd83687a3b6f6603c762d95b03253.pt
2026-06-28 09:38:20 - __main__ - INFO - CAM cache hit: /content/cam_cache/cifar100/resnet18/seed42/5b/01/5b017f0f95dc340b7ffc4bfa7e8a2252b64153b470a318f8926687822be83e35.pt
2026-06-28 09:38:20 - __main__ - INFO - CAM cache hit: /content/cam_cache/cifar100/resnet18/seed42/00/f5/00f54fe7c58ee21b99d965a6d94698ac2163d33494e16febd91b0163b795bb95.pt
2026-06-28 09:38:20 - __main__ - INFO - CAM cutout window: index=41467 copy=8 cutout_mode=cam_low top=20 left=21 height=10 width=10
2026-06-28 09:38:20 - __main__ - INFO - CAM cache hit: /content/cam_cache/cifar100/resnet18/seed42/d1/10/d1108fa9f4b9bdc68add34f2c86d0a4cfafa5b8e2e7ed7aaaa8c939b148147c1.pt
2026-06-28 09:38:20 - __main__ - INFO - CAM cutout window: index=21071 copy=2 cutout_mode=cam_low top=1 left=1 height=10 width=10
2026-06-28 09:38:20 - __main__ - INFO - CAM cutout window: index=38293 copy=8 cutout_mode=cam_low top=2 left=0 height=10 width=10
2026-06-28 09:38:20 - __main__ - INFO - CAM cutout window: index=41485 copy=4 cutout_mode=cam_low top=2 left=4 height=10 width=10
2026-06-28 09:38:20 - __main__ - INFO - CAM cache hit: /content/cam_cache/cifar100/resnet18/seed42/80/3a/803a2ba34944f6392edf9119c171089fdf75a0aa7c8bf107b50992af96e3aaec.pt
2026-06-28 09:38:20 - __main__ - INFO - CAM cache hit: /content/cam_cache/cifar100/resnet18/seed42/9f/e6/9fe6988d60654dbb9c8ba379484b5e76de975065716a228cf15a33d1519874a4.pt
2026-06-28 09:38:20 - __main__ - INFO - CAM cache hit: /content/cam_cache/cifar100/resnet18/seed42/99/95/9995e5a58784f7cd77bc791bb536422c3cd439c037919ef2edcb878ac775b347.pt
2026-06-28 09:38:20 - __main__ - INFO - CAM cutout window: index=17944 copy=6 cutout_mode=cam_low top=5 left=0 height=10 width=10
2026-06-28 09:38:20 - __main__ - INFO - CAM cache hit: /content/cam_cache/cifar100/resnet18/seed42/3c/2d/3c2da2057cebc30d1b39522e3560e4ede38d2bad8a3f6c8394e62ceab01ad439.pt
2026-06-28 09:38:20 - __main__ - INFO - CAM cutout window: index=18073 copy=6 cutout_mode=cam_low top=0 left=22 height=10 width=10
2026-06-28 09:38:20 - __main__ - INFO - CAM cutout window: index=5107 copy=8 cutout_mode=cam_low top=1 left=5 height=10 width=10
2026-06-28 09:38:20 - __main__ - INFO - CAM cutout window: index=13575 copy=5 cutout_mode=cam_low top=3 left=1 height=10 width=10
2026-06-28 09:40:22 - __main__ - INFO - Train: loss 1.6329 acc1 57.02%
2026-06-28 09:40:22 - __main__ - INFO - Val:   loss 2.6924 acc1 43.28%
2026-06-28 09:40:22 - __main__ - INFO - saved best: 43.28%
2026-06-28 09:40:22 - __main__ - INFO - 
Epoch 3/100 | lr 0.040060
2026-06-28 09:40:22 - __main__ - INFO - CAM cache hit: /content/cam_cache/cifar100/resnet18/seed42/50/a7/50a721fe151aa3cb4d454935af0d81396610e8b0e8c1572782de17e2163d4e1f.pt
2026-06-28 09:40:22 - __main__ - INFO - CAM cache hit: /content/cam_cache/cifar100/resnet18/seed42/36/34/3634a6f290e7b57689b372487c351028d15312abb8c28d34218b4fffd1b1f9b5.pt
2026-06-28 09:40:22 - __main__ - INFO - CAM cache hit: /content/cam_cache/cifar100/resnet18/seed42/20/30/2030d9693c8320331c289690ebf28e8dba77b62989bd674ea71c963d47dc64ed.pt
2026-06-28 09:40:22 - __main__ - INFO - CAM cutout window: index=5852 copy=1 cutout_mode=cam_low top=2 left=22 height=10 width=10
2026-06-28 09:40:22 - __main__ - INFO - CAM cache hit: /content/cam_cache/cifar100/resnet18/seed42/0c/16/0c167e2d4ab9695245cc3857f0b87769b3fc20c13174ef07b8c68367905103ed.pt
2026-06-28 09:40:22 - __main__ - INFO - CAM cutout window: index=11214 copy=8 cutout_mode=cam_low top=0 left=22 height=10 width=10
2026-06-28 09:40:22 - __main__ - INFO - CAM cutout window: index=44498 copy=1 cutout_mode=cam_low top=4 left=0 height=10 width=10
2026-06-28 09:40:22 - __main__ - INFO - CAM cutout window: index=916 copy=3 cutout_mode=cam_low top=21 left=19 height=10 width=10
2026-06-28 09:40:22 - __main__ - INFO - CAM cache hit: /content/cam_cache/cifar100/resnet18/seed42/fa/3b/fa3b605332ad5b99f4a0d3fe95899f118630fcace4cf3531580dd472f1d5b9fa.pt
2026-06-28 09:40:22 - __main__ - INFO - CAM cache hit: /content/cam_cache/cifar100/resnet18/seed42/2c/78/2c78750f558cb0d0865bedecca4b2019af92898ca3e650b9ab2d147d866bf646.pt
2026-06-28 09:40:22 - __main__ - INFO - CAM cache hit: /content/cam_cache/cifar100/resnet18/seed42/b1/7c/b17c92a1a4136acd15f052cb0c3f0fd1e0927754eee94f89dc064ae6731ce942.pt
2026-06-28 09:40:22 - __main__ - INFO - CAM cutout window: index=24371 copy=8 cutout_mode=cam_low top=2 left=19 height=10 width=10
2026-06-28 09:40:22 - __main__ - INFO - CAM cutout window: index=12057 copy=6 cutout_mode=cam_low top=22 left=20 height=10 width=10
2026-06-28 09:40:22 - __main__ - INFO - CAM cache hit: /content/cam_cache/cifar100/resnet18/seed42/59/f2/59f2eb1b4f8868703ca14e98db9c0e469e6ea19581c855da1b0768dfc6d19664.pt
2026-06-28 09:40:22 - __main__ - INFO - CAM cutout window: index=31555 copy=1 cutout_mode=cam_low top=5 left=0 height=10 width=10
2026-06-28 09:40:22 - __main__ - INFO - CAM cutout window: index=22021 copy=3 cutout_mode=cam_low top=21 left=21 height=10 width=10
2026-06-28 09:42:25 - __main__ - INFO - Train: loss 0.4930 acc1 85.63%
2026-06-28 09:42:25 - __main__ - INFO - Val:   loss 2.4174 acc1 47.42%
2026-06-28 09:42:25 - __main__ - INFO - saved best: 47.42%
2026-06-28 09:42:25 - __main__ - INFO - 
Epoch 4/100 | lr 0.060040
2026-06-28 09:42:25 - __main__ - INFO - CAM cache hit: /content/cam_cache/cifar100/resnet18/seed42/59/21/592107d36cacc0a9be7bb3c8fb5ae9fa1fdb3439472bf210bcb30d97dc9921bc.pt
2026-06-28 09:42:25 - __main__ - INFO - CAM cache hit: /content/cam_cache/cifar100/resnet18/seed42/cf/f6/cff6f0658c11f55014c907c0f61ae51f6a093c79bbea41932e2fd45ac93386af.pt
2026-06-28 09:42:25 - __main__ - INFO - CAM cache hit: /content/cam_cache/cifar100/resnet18/seed42/89/8a/898a58434282a2b53cee691cddfca0e572946edcf4f046b3c7015822b35e0ee7.pt
2026-06-28 09:42:25 - __main__ - INFO - CAM cache hit: /content/cam_cache/cifar100/resnet18/seed42/a5/ef/a5efbe4c03a540d75781c11ba434bb8d8b6b4a6fe7eed9cd3d926ce5bab588bc.pt
2026-06-28 09:42:25 - __main__ - INFO - CAM cutout window: index=40882 copy=7 cutout_mode=cam_low top=1 left=1 height=10 width=10
2026-06-28 09:42:25 - __main__ - INFO - CAM cutout window: index=22945 copy=4 cutout_mode=cam_low top=22 left=4 height=10 width=10
2026-06-28 09:42:25 - __main__ - INFO - CAM cutout window: index=12245 copy=4 cutout_mode=cam_low top=1 left=5 height=10 width=10
2026-06-28 09:42:25 - __main__ - INFO - CAM cutout window: index=33053 copy=4 cutout_mode=cam_low top=1 left=6 height=10 width=10
2026-06-28 09:42:25 - __main__ - INFO - CAM cache hit: /content/cam_cache/cifar100/resnet18/seed42/46/4c/464cef589ae812cd94847ac1c1aa42b5ba82469688e6446859f7aaf254b09644.pt
2026-06-28 09:42:25 - __main__ - INFO - CAM cache hit: /content/cam_cache/cifar100/resnet18/seed42/08/85/0885283818b8fb2c83f35f59f45cdddb345a71ef6f12ab1047869ba5b8a30d62.pt
2026-06-28 09:42:25 - __main__ - INFO - CAM cache hit: /content/cam_cache/cifar100/resnet18/seed42/f2/be/f2be4fde462338f281735d4143f3a4e29c2e4b85e742a7394b0b29da9e913746.pt
2026-06-28 09:42:25 - __main__ - INFO - CAM cutout window: index=19790 copy=8 cutout_mode=cam_low top=19 left=22 height=10 width=10
2026-06-28 09:42:25 - __main__ - INFO - CAM cutout window: index=19860 copy=2 cutout_mode=cam_low top=7 left=1 height=10 width=10
2026-06-28 09:42:25 - __main__ - INFO - CAM cutout window: index=38560 copy=4 cutout_mode=cam_low top=21 left=2 height=10 width=10
2026-06-28 09:42:25 - __main__ - INFO - CAM cache hit: /content/cam_cache/cifar100/resnet18/seed42/bd/3d/bd3d9cc72211cc8f7688f36de0537b5b2c37fac0ce0509043e3636b04cd6c7c8.pt
2026-06-28 09:42:25 - __main__ - INFO - CAM cutout window: index=5301 copy=2 cutout_mode=cam_low top=0 left=21 height=10 width=10
2026-06-28 09:44:27 - __main__ - INFO - Train: loss 0.4651 acc1 86.31%
2026-06-28 09:44:27 - __main__ - INFO - Val:   loss 2.6202 acc1 46.20%
2026-06-28 09:44:27 - __main__ - INFO - 
Epoch 5/100 | lr 0.080020
2026-06-28 09:44:28 - __main__ - INFO - CAM cache hit: /content/cam_cache/cifar100/resnet18/seed42/44/e4/44e4cc251b55b44997aaed6bca178caadf5fa40a3c911fc2ed2de7ed52fae938.pt
2026-06-28 09:44:28 - __main__ - INFO - CAM cache hit: /content/cam_cache/cifar100/resnet18/seed42/67/6c/676c8a82ee84f08573ea36fd0436927c9d211afc8fe8298f39358cebc17d88a3.pt
2026-06-28 09:44:28 - __main__ - INFO - CAM cache hit: /content/cam_cache/cifar100/resnet18/seed42/05/91/0591081af691fc03c6d9a670eba28a2f66d1ee8c6f2614e085f89c9e4ff92993.pt
2026-06-28 09:44:28 - __main__ - INFO - CAM cache hit: /content/cam_cache/cifar100/resnet18/seed42/b1/6d/b16d5000b75f5db741d84300aad66bb9e0f28198c8e42a8d7b20f2861c20f140.pt
2026-06-28 09:44:28 - __main__ - INFO - CAM cutout window: index=25726 copy=2 cutout_mode=cam_low top=6 left=0 height=10 width=10
2026-06-28 09:44:28 - __main__ - INFO - CAM cutout window: index=39467 copy=8 cutout_mode=cam_low top=9 left=0 height=10 width=10
2026-06-28 09:44:28 - __main__ - INFO - CAM cutout window: index=36716 copy=8 cutout_mode=cam_low top=17 left=22 height=10 width=10
2026-06-28 09:44:28 - __main__ - INFO - CAM cutout window: index=3267 copy=8 cutout_mode=cam_low top=0 left=15 height=10 width=10
2026-06-28 09:44:28 - __main__ - INFO - CAM cache hit: /content/cam_cache/cifar100/resnet18/seed42/ec/6b/ec6bc9475dc799f563ca041f3d280116fbbb310956cfc38e761c687d55b2f8dc.pt
2026-06-28 09:44:28 - __main__ - INFO - CAM cache hit: /content/cam_cache/cifar100/resnet18/seed42/0d/d9/0dd9788bf9a5564c5a9d06b524569f397e830063900959bc301d2c7a00d3a65e.pt
2026-06-28 09:44:28 - __main__ - INFO - CAM cutout window: index=4896 copy=1 cutout_mode=cam_low top=22 left=3 height=10 width=10
2026-06-28 09:44:28 - __main__ - INFO - CAM cache hit: /content/cam_cache/cifar100/resnet18/seed42/0c/23/0c23d3edc652b6454bb6b8ecd4653aa17bc6b56563aeb98e9a55e6d0cd51c364.pt
2026-06-28 09:44:28 - __main__ - INFO - CAM cutout window: index=22011 copy=5 cutout_mode=cam_low top=2 left=3 height=10 width=10
2026-06-28 09:44:28 - __main__ - INFO - CAM cache hit: /content/cam_cache/cifar100/resnet18/seed42/a4/7f/a47f9f4710b99d896abaa8f25a30cdbef74ace4c8e38c175abfae0e1204abd22.pt
2026-06-28 09:44:28 - __main__ - INFO - CAM cutout window: index=19388 copy=6 cutout_mode=cam_low top=0 left=10 height=10 width=10
2026-06-28 09:44:28 - __main__ - INFO - CAM cutout window: index=43076 copy=8 cutout_mode=cam_low top=1 left=18 height=10 width=10
2026-06-28 09:46:30 - __main__ - INFO - Train: loss 0.5062 acc1 85.10%
2026-06-28 09:46:30 - __main__ - INFO - Val:   loss 2.3316 acc1 49.08%
2026-06-28 09:46:30 - __main__ - INFO - saved best: 49.08%
2026-06-28 09:46:30 - __main__ - INFO - 
Epoch 6/100 | lr 0.100000
2026-06-28 09:46:30 - __main__ - INFO - CAM cache hit: /content/cam_cache/cifar100/resnet18/seed42/8d/8c/8d8c4893ce9b02667e5ba8ef18cf3a0f7329f5cf3bbddd22eb868a68215855f7.pt
2026-06-28 09:46:30 - __main__ - INFO - CAM cache hit: /content/cam_cache/cifar100/resnet18/seed42/8f/96/8f96c4edc9a21a9cdfc5e4a6c39693c47a59bc8209deeaafa4f8f3de285e7e0d.pt
2026-06-28 09:46:30 - __main__ - INFO - CAM cache hit: /content/cam_cache/cifar100/resnet18/seed42/8e/a9/8ea91414f67873bb844d8efc2aec77ce813f854eb788ecf18d4bb39977ec09a2.pt
2026-06-28 09:46:30 - __main__ - INFO - CAM cache hit: /content/cam_cache/cifar100/resnet18/seed42/95/b8/95b89347b78ac5b0a4528b3b48b9abcec952f24e6602bd0f1c9c21dfade4e394.pt
2026-06-28 09:46:30 - __main__ - INFO - CAM cutout window: index=32221 copy=6 cutout_mode=cam_low top=20 left=2 height=10 width=10
2026-06-28 09:46:30 - __main__ - INFO - CAM cutout window: index=4298 copy=4 cutout_mode=cam_low top=20 left=0 height=10 width=10
2026-06-28 09:46:30 - __main__ - INFO - CAM cutout window: index=7638 copy=7 cutout_mode=cam_low top=8 left=0 height=10 width=10
2026-06-28 09:46:30 - __main__ - INFO - CAM cutout window: index=43744 copy=2 cutout_mode=cam_low top=15 left=1 height=10 width=10
2026-06-28 09:46:30 - __main__ - INFO - CAM cache hit: /content/cam_cache/cifar100/resnet18/seed42/a9/de/a9debf1d2fd8a170adb7c1c36383e1d9f134aa08ff38290d4721d4a4dee2b4f0.pt
2026-06-28 09:46:30 - __main__ - INFO - CAM cache hit: /content/cam_cache/cifar100/resnet18/seed42/54/9e/549e975bc84a454085d38dcdd1e212e8e1965d35ce655ae6dc12cec81ee63ddc.pt
2026-06-28 09:46:30 - __main__ - INFO - CAM cache hit: /content/cam_cache/cifar100/resnet18/seed42/0c/f2/0cf235b8350d842c28458f46b0b73266ca0fe52a1d06edc2f3768964792df34a.pt
2026-06-28 09:46:30 - __main__ - INFO - CAM cutout window: index=42511 copy=8 cutout_mode=cam_low top=0 left=15 height=10 width=10
2026-06-28 09:46:30 - __main__ - INFO - CAM cutout window: index=43651 copy=5 cutout_mode=cam_low top=3 left=2 height=10 width=10
2026-06-28 09:46:30 - __main__ - INFO - CAM cache hit: /content/cam_cache/cifar100/resnet18/seed42/fe/90/fe903f86e98e040f27d5746f61bf6f6d4d783b3bb648fbd4f7db26cfb3cf5b89.pt
2026-06-28 09:46:30 - __main__ - INFO - CAM cutout window: index=19129 copy=1 cutout_mode=cam_low top=3 left=1 height=10 width=10
2026-06-28 09:46:30 - __main__ - INFO - CAM cutout window: index=17294 copy=2 cutout_mode=cam_low top=21 left=1 height=10 width=10
2026-06-28 09:48:32 - __main__ - INFO - Train: loss 0.5719 acc1 83.29%
2026-06-28 09:48:32 - __main__ - INFO - Val:   loss 2.4548 acc1 48.17%
2026-06-28 09:48:32 - __main__ - INFO - 
Epoch 7/100 | lr 0.099973
2026-06-28 09:48:33 - __main__ - INFO - CAM cache hit: /content/cam_cache/cifar100/resnet18/seed42/21/de/21dec41b2ca129afbee0c571ab93e59b51db09aa86919458ba8bb344ce31a473.pt
2026-06-28 09:48:33 - __main__ - INFO - CAM cache hit: /content/cam_cache/cifar100/resnet18/seed42/80/04/8004b1bff6f72028b0ec10af3e58c5087fe1c3cb73437d97761e4af129da4f16.pt
2026-06-28 09:48:33 - __main__ - INFO - CAM cache hit: /content/cam_cache/cifar100/resnet18/seed42/13/1c/131ce82adf7c6b7b94dfec67e0289f5447bb0e87330c866c571f949b6c5796e6.pt
2026-06-28 09:48:33 - __main__ - INFO - CAM cache hit: /content/cam_cache/cifar100/resnet18/seed42/0c/3b/0c3b88480c60df5ecf7d695fdb3de6318e4790c1fb8040e8129f3d4f3f0decfd.pt
2026-06-28 09:48:33 - __main__ - INFO - CAM cutout window: index=22730 copy=5 cutout_mode=cam_low top=19 left=4 height=10 width=10
2026-06-28 09:48:33 - __main__ - INFO - CAM cutout window: index=639 copy=6 cutout_mode=cam_low top=20 left=0 height=10 width=10
2026-06-28 09:48:33 - __main__ - INFO - CAM cutout window: index=13732 copy=3 cutout_mode=cam_low top=0 left=0 height=10 width=10
2026-06-28 09:48:33 - __main__ - INFO - CAM cutout window: index=6952 copy=5 cutout_mode=cam_low top=1 left=20 height=10 width=10
2026-06-28 09:48:33 - __main__ - INFO - CAM cache hit: /content/cam_cache/cifar100/resnet18/seed42/a0/10/a010e30741cc0c12adf5171b22af1606516a45a8291ee841a346303bafe9b8bd.pt
2026-06-28 09:48:33 - __main__ - INFO - CAM cache hit: /content/cam_cache/cifar100/resnet18/seed42/47/32/4732d282f541852141526e43c4fc30c4edbf92b383ad8b61445eb084ccdb3eef.pt
2026-06-28 09:48:33 - __main__ - INFO - CAM cache hit: /content/cam_cache/cifar100/resnet18/seed42/76/b8/76b85a4456b753b79b93fe6da8707f013222827cc50cef698adf281e14f35a17.pt
2026-06-28 09:48:33 - __main__ - INFO - CAM cache hit: /content/cam_cache/cifar100/resnet18/seed42/98/60/98608aae06c7e19d503c64534e02404af83b7e198fd91ecd74e61aa48e52b4da.pt
2026-06-28 09:48:33 - __main__ - INFO - CAM cutout window: index=36428 copy=3 cutout_mode=cam_low top=22 left=2 height=10 width=10
2026-06-28 09:48:33 - __main__ - INFO - CAM cutout window: index=38030 copy=4 cutout_mode=cam_low top=22 left=0 height=10 width=10
2026-06-28 09:48:33 - __main__ - INFO - CAM cutout window: index=25460 copy=1 cutout_mode=cam_low top=2 left=1 height=10 width=10
2026-06-28 09:48:33 - __main__ - INFO - CAM cutout window: index=8796 copy=7 cutout_mode=cam_low top=18 left=0 height=10 width=10
2026-06-28 09:50:35 - __main__ - INFO - Train: loss 0.5138 acc1 85.03%
2026-06-28 09:50:35 - __main__ - INFO - Val:   loss 2.5371 acc1 47.61%
2026-06-28 09:50:35 - __main__ - INFO - 
Epoch 8/100 | lr 0.099891
2026-06-28 09:50:35 - __main__ - INFO - CAM cache hit: /content/cam_cache/cifar100/resnet18/seed42/da/a7/daa76dcefb7f57fa7191478c2c0c0be587383da5779bc6b85433f9d60e5f61b3.pt
2026-06-28 09:50:35 - __main__ - INFO - CAM cache hit: /content/cam_cache/cifar100/resnet18/seed42/43/ae/43aedcd2764c51987feb92a603789c80a86fa6a97bdd99e9298da06bfd0ee6c2.pt
2026-06-28 09:50:35 - __main__ - INFO - CAM cache hit: /content/cam_cache/cifar100/resnet18/seed42/c1/86/c18690d61c94acc06f42c20bdd34e2d249a0fcbfca8759cfee28041d2b6cd113.pt
2026-06-28 09:50:35 - __main__ - INFO - CAM cutout window: index=11415 copy=5 cutout_mode=cam_low top=16 left=21 height=10 width=10
2026-06-28 09:50:35 - __main__ - INFO - CAM cache hit: /content/cam_cache/cifar100/resnet18/seed42/67/a4/67a40888a5371f6e27fa3ba34f7135a190a6fa22baeb4f85e73bd5efdf5cdfd7.pt
2026-06-28 09:50:35 - __main__ - INFO - CAM cutout window: index=3529 copy=5 cutout_mode=cam_low top=20 left=2 height=10 width=10
2026-06-28 09:50:35 - __main__ - INFO - CAM cutout window: index=43102 copy=3 cutout_mode=cam_low top=20 left=1 height=10 width=10
2026-06-28 09:50:35 - __main__ - INFO - CAM cutout window: index=15704 copy=6 cutout_mode=cam_low top=1 left=22 height=10 width=10
2026-06-28 09:50:35 - __main__ - INFO - CAM cache hit: /content/cam_cache/cifar100/resnet18/seed42/d1/2b/d12ba472cb322f225f9ebe6c77d875198f0649c9682d4e6b471994be23f2ef9b.pt
2026-06-28 09:50:35 - __main__ - INFO - CAM cache hit: /content/cam_cache/cifar100/resnet18/seed42/d3/ad/d3ad57cf2969425bf435d8eb6126de8fb785e8a962284859c11274c3b673f17d.pt
2026-06-28 09:50:35 - __main__ - INFO - CAM cache hit: /content/cam_cache/cifar100/resnet18/seed42/b4/cd/b4cdf31132f9efc9720743e10284b153ab7308209bf92b208edfbe87d736249e.pt
2026-06-28 09:50:35 - __main__ - INFO - CAM cache hit: /content/cam_cache/cifar100/resnet18/seed42/e2/85/e285216d2b743715eac8e269ac4486d0e5eba9acdf866206d2fa2dc6969cf43c.pt
2026-06-28 09:50:35 - __main__ - INFO - CAM cutout window: index=35996 copy=7 cutout_mode=cam_low top=1 left=0 height=10 width=10
2026-06-28 09:50:35 - __main__ - INFO - CAM cutout window: index=16103 copy=3 cutout_mode=cam_low top=2 left=0 height=10 width=10
2026-06-28 09:50:35 - __main__ - INFO - CAM cutout window: index=31585 copy=2 cutout_mode=cam_low top=22 left=18 height=10 width=10
2026-06-28 09:50:35 - __main__ - INFO - CAM cutout window: index=25324 copy=5 cutout_mode=cam_low top=3 left=22 height=10 width=10
2026-06-28 09:52:38 - __main__ - INFO - Train: loss 0.4961 acc1 85.56%
2026-06-28 09:52:38 - __main__ - INFO - Val:   loss 2.4440 acc1 48.67%
2026-06-28 09:52:38 - __main__ - INFO - 
Epoch 9/100 | lr 0.099754
2026-06-28 09:52:39 - __main__ - INFO - CAM cache hit: /content/cam_cache/cifar100/resnet18/seed42/ed/d1/edd1ea64f13e6ee76a9853b79b0fa6388cde00d75acee53774c8ee4e890342d9.pt
2026-06-28 09:52:39 - __main__ - INFO - CAM cache hit: /content/cam_cache/cifar100/resnet18/seed42/30/52/30524570c3add43644aa9f7a17417d69952eec8dd1f9ddd4d90ebe1b3d8b2a8c.pt
2026-06-28 09:52:39 - __main__ - INFO - CAM cache hit: /content/cam_cache/cifar100/resnet18/seed42/49/bf/49bf609b738619d2762119879294803de6a486819a28e75b12459c5b0b1f112e.pt
2026-06-28 09:52:39 - __main__ - INFO - CAM cache hit: /content/cam_cache/cifar100/resnet18/seed42/55/85/5585499bfcb549cb6878b89fec29851cdf20fc3e39102906be3526ccd0ba6237.pt
2026-06-28 09:52:39 - __main__ - INFO - CAM cutout window: index=264 copy=4 cutout_mode=cam_low top=22 left=22 height=10 width=10
2026-06-28 09:52:39 - __main__ - INFO - CAM cutout window: index=10760 copy=6 cutout_mode=cam_low top=1 left=1 height=10 width=10
2026-06-28 09:52:39 - __main__ - INFO - CAM cutout window: index=14028 copy=5 cutout_mode=cam_low top=5 left=0 height=10 width=10
2026-06-28 09:52:39 - __main__ - INFO - CAM cutout window: index=19040 copy=7 cutout_mode=cam_low top=21 left=21 height=10 width=10
2026-06-28 09:52:39 - __main__ - INFO - CAM cache hit: /content/cam_cache/cifar100/resnet18/seed42/2e/10/2e105e3302919b92bdbb6381181b79754c3f3984a111ccd7964b7068c92855d2.pt
2026-06-28 09:52:39 - __main__ - INFO - CAM cache hit: /content/cam_cache/cifar100/resnet18/seed42/bc/c2/bcc2890c50476d378ce1e73a34411f8bf03225be565e04851263d54b431f40ef.pt
2026-06-28 09:52:39 - __main__ - INFO - CAM cutout window: index=34165 copy=6 cutout_mode=cam_low top=4 left=2 height=10 width=10
2026-06-28 09:52:39 - __main__ - INFO - CAM cutout window: index=39875 copy=6 cutout_mode=cam_low top=20 left=1 height=10 width=10
2026-06-28 09:52:39 - __main__ - INFO - CAM cache hit: /content/cam_cache/cifar100/resnet18/seed42/11/df/11dfed36e8f82b3fe8296bd9aadd1cae898d3927b89548dcbed9ca8c355da1c5.pt
2026-06-28 09:52:39 - __main__ - INFO - CAM cache hit: /content/cam_cache/cifar100/resnet18/seed42/e2/3f/e23f90cfae0a5a4f4cd2b7e701658e7ede71c7a5eb1bf2af677869390a37bb6e.pt
2026-06-28 09:52:39 - __main__ - INFO - CAM cutout window: index=35296 copy=2 cutout_mode=cam_low top=22 left=0 height=10 width=10
2026-06-28 09:52:39 - __main__ - INFO - CAM cutout window: index=32565 copy=8 cutout_mode=cam_low top=2 left=0 height=10 width=10
2026-06-28 09:54:41 - __main__ - INFO - Train: loss 0.4837 acc1 85.87%
2026-06-28 09:54:41 - __main__ - INFO - Val:   loss 2.5452 acc1 47.50%
2026-06-28 09:54:41 - __main__ - INFO - 
Epoch 10/100 | lr 0.099563
2026-06-28 09:54:41 - __main__ - INFO - CAM cache hit: /content/cam_cache/cifar100/resnet18/seed42/db/73/db73d5583c29a9916f04d639fab9f1d6b3b91d25c556328a38c56b9e1cc187a5.pt
2026-06-28 09:54:41 - __main__ - INFO - CAM cache hit: /content/cam_cache/cifar100/resnet18/seed42/39/99/399993e3f4359675d4e7bb07daf8e6f7947330f738929ee69c841129a69a6765.pt
2026-06-28 09:54:41 - __main__ - INFO - CAM cache hit: /content/cam_cache/cifar100/resnet18/seed42/77/f2/77f2bd507c4df2129367cfc01fc7c2843dce46c57c6d0971c0bcd20a43cef124.pt
2026-06-28 09:54:41 - __main__ - INFO - CAM cache hit: /content/cam_cache/cifar100/resnet18/seed42/11/7d/117d4ae1a6081e4a497436f7f2a4dae57b171e63ab58466f11a749de1a4725e8.pt
2026-06-28 09:54:41 - __main__ - INFO - CAM cutout window: index=22975 copy=1 cutout_mode=cam_low top=0 left=20 height=10 width=10
2026-06-28 09:54:41 - __main__ - INFO - CAM cutout window: index=44324 copy=7 cutout_mode=cam_low top=14 left=0 height=10 width=10
2026-06-28 09:54:41 - __main__ - INFO - CAM cutout window: index=11044 copy=7 cutout_mode=cam_low top=0 left=0 height=10 width=10
2026-06-28 09:54:41 - __main__ - INFO - CAM cutout window: index=44606 copy=8 cutout_mode=cam_low top=18 left=1 height=10 width=10
2026-06-28 09:54:41 - __main__ - INFO - CAM cache hit: /content/cam_cache/cifar100/resnet18/seed42/69/57/695719df463a9b1179002ce246bd22af7f9c1624065d7212d25fdb6947d32c29.pt
2026-06-28 09:54:41 - __main__ - INFO - CAM cache hit: /content/cam_cache/cifar100/resnet18/seed42/13/5d/135dd4f34fba7ddfd020b277111fba6a8b242e84d3e113611a9d3d6924f91e74.pt
2026-06-28 09:54:41 - __main__ - INFO - CAM cutout window: index=44136 copy=6 cutout_mode=cam_low top=18 left=1 height=10 width=10
2026-06-28 09:54:41 - __main__ - INFO - CAM cache hit: /content/cam_cache/cifar100/resnet18/seed42/cd/e0/cde06b740ba70503e7577630dfd87ee0b92f32df8079256420dbfa43b4b535bf.pt
2026-06-28 09:54:41 - __main__ - INFO - CAM cutout window: index=38241 copy=1 cutout_mode=cam_low top=0 left=22 height=10 width=10
2026-06-28 09:54:41 - __main__ - INFO - CAM cache hit: /content/cam_cache/cifar100/resnet18/seed42/49/72/4972e39b6a311a681e9de5242bbe90cc4f74c8f3916a1ef231b29d968f5f9a64.pt
2026-06-28 09:54:41 - __main__ - INFO - CAM cutout window: index=27527 copy=5 cutout_mode=cam_low top=1 left=4 height=10 width=10
2026-06-28 09:54:41 - __main__ - INFO - CAM cutout window: index=31989 copy=1 cutout_mode=cam_low top=2 left=21 height=10 width=10
2026-06-28 09:56:45 - __main__ - INFO - Train: loss 0.4684 acc1 86.36%
2026-06-28 09:56:45 - __main__ - INFO - Val:   loss 2.4354 acc1 48.44%
2026-06-28 09:56:45 - __main__ - INFO - 
Epoch 11/100 | lr 0.099318
2026-06-28 09:56:45 - __main__ - INFO - CAM cache hit: /content/cam_cache/cifar100/resnet18/seed42/af/23/af234af871927f7b89e32581297b8a3dd1f2a23bf68a895b75b6f315047f6820.pt
2026-06-28 09:56:45 - __main__ - INFO - CAM cache hit: /content/cam_cache/cifar100/resnet18/seed42/68/13/68139d7c032ca447f9173b41c29deb4d4e1c9cee90c60c0b2cc74c650421dbea.pt
2026-06-28 09:56:45 - __main__ - INFO - CAM cache hit: /content/cam_cache/cifar100/resnet18/seed42/ad/21/ad217efb47e78d9edf15b5b6174ece9878a9875406bdb4ac68538614767853fc.pt
2026-06-28 09:56:45 - __main__ - INFO - CAM cache hit: /content/cam_cache/cifar100/resnet18/seed42/d9/83/d983ae2726d66d2b97d777689b4c192c7c7b66beeba0b0bdfaad112751818b83.pt
2026-06-28 09:56:45 - __main__ - INFO - CAM cutout window: index=9758 copy=8 cutout_mode=cam_low top=21 left=0 height=10 width=10
2026-06-28 09:56:45 - __main__ - INFO - CAM cutout window: index=36944 copy=6 cutout_mode=cam_low top=1 left=1 height=10 width=10
2026-06-28 09:56:45 - __main__ - INFO - CAM cutout window: index=23059 copy=5 cutout_mode=cam_low top=0 left=5 height=10 width=10
2026-06-28 09:56:45 - __main__ - INFO - CAM cutout window: index=31534 copy=3 cutout_mode=cam_low top=21 left=0 height=10 width=10
2026-06-28 09:56:45 - __main__ - INFO - CAM cache hit: /content/cam_cache/cifar100/resnet18/seed42/f1/a8/f1a89476d640b1f5aa9fe778f187a078423ea15cf5499c65e120895fa410d511.pt
2026-06-28 09:56:45 - __main__ - INFO - CAM cache hit: /content/cam_cache/cifar100/resnet18/seed42/a5/a2/a5a2dbc8a1a22f08133053b21a64a37c216ff25f8ef837bd27b2010ca83bbd2e.pt
2026-06-28 09:56:45 - __main__ - INFO - CAM cache hit: /content/cam_cache/cifar100/resnet18/seed42/ae/73/ae734c1eaa6e9fe9f3415e796aa725507735de47c29e24a04200fc024c1ce274.pt
2026-06-28 09:56:45 - __main__ - INFO - CAM cutout window: index=9469 copy=8 cutout_mode=cam_low top=20 left=4 height=10 width=10
2026-06-28 09:56:45 - __main__ - INFO - CAM cache hit: /content/cam_cache/cifar100/resnet18/seed42/9c/02/9c021e749e5d2bc9521ad4bc8a084f7f9e6ec12d99cc519a237b129aa2e57aac.pt
2026-06-28 09:56:45 - __main__ - INFO - CAM cutout window: index=40979 copy=1 cutout_mode=cam_low top=19 left=22 height=10 width=10
2026-06-28 09:56:45 - __main__ - INFO - CAM cutout window: index=31578 copy=4 cutout_mode=cam_low top=19 left=1 height=10 width=10
2026-06-28 09:56:45 - __main__ - INFO - CAM cutout window: index=44976 copy=6 cutout_mode=cam_low top=18 left=22 height=10 width=10
2026-06-28 09:58:47 - __main__ - INFO - Train: loss 0.4634 acc1 86.52%
2026-06-28 09:58:47 - __main__ - INFO - Val:   loss 2.5041 acc1 46.94%
2026-06-28 09:58:47 - __main__ - INFO - 
Epoch 12/100 | lr 0.099019
2026-06-28 09:58:48 - __main__ - INFO - CAM cache hit: /content/cam_cache/cifar100/resnet18/seed42/ee/6c/ee6c381b4b675063b5f0afa2133a9afd2937687982782577014c892c90896cb5.pt
2026-06-28 09:58:48 - __main__ - INFO - CAM cache hit: /content/cam_cache/cifar100/resnet18/seed42/21/4c/214c605cb55f85539347f7406962c580a2c1a8fca18937cf1f4b9ec122b6b712.pt
2026-06-28 09:58:48 - __main__ - INFO - CAM cache hit: /content/cam_cache/cifar100/resnet18/seed42/99/ae/99ae03c8e58a10725e57bb8120ac461b5e6575522baa7e83939e3ca1b4dd9965.pt
2026-06-28 09:58:48 - __main__ - INFO - CAM cache hit: /content/cam_cache/cifar100/resnet18/seed42/8e/6e/8e6ed5aeaad2ef62bbd11ee2046bfbf16b330cb8bf87af7f978c5f1e49212b25.pt
2026-06-28 09:58:48 - __main__ - INFO - CAM cutout window: index=14484 copy=4 cutout_mode=cam_low top=22 left=19 height=10 width=10
2026-06-28 09:58:48 - __main__ - INFO - CAM cutout window: index=16093 copy=2 cutout_mode=cam_low top=0 left=22 height=10 width=10
2026-06-28 09:58:48 - __main__ - INFO - CAM cutout window: index=42813 copy=2 cutout_mode=cam_low top=18 left=22 height=10 width=10
2026-06-28 09:58:48 - __main__ - INFO - CAM cutout window: index=41020 copy=4 cutout_mode=cam_low top=4 left=22 height=10 width=10
2026-06-28 09:58:48 - __main__ - INFO - CAM cache hit: /content/cam_cache/cifar100/resnet18/seed42/5a/2e/5a2e32318fafd75d2c3586727b0d62ca7381bfd0514e64270bba28de760ca9ce.pt
2026-06-28 09:58:48 - __main__ - INFO - CAM cache hit: /content/cam_cache/cifar100/resnet18/seed42/fa/ad/faadfbf6fce38f31d0323a4a5f1e25a6871180c81bf5c4bb2e1a62f47c8fd003.pt
2026-06-28 09:58:48 - __main__ - INFO - CAM cache hit: /content/cam_cache/cifar100/resnet18/seed42/31/9f/319f20101eea10c1f1e4564ef62de02e130e0008d688ef3497e14fba3fb2d5ff.pt
2026-06-28 09:58:48 - __main__ - INFO - CAM cache hit: /content/cam_cache/cifar100/resnet18/seed42/55/a1/55a1d1e6ec60eb295d5b8525716bb89acd47130813bc40a035bdf3ace1ff8fb1.pt
2026-06-28 09:58:48 - __main__ - INFO - CAM cutout window: index=28776 copy=8 cutout_mode=cam_low top=3 left=20 height=10 width=10
2026-06-28 09:58:48 - __main__ - INFO - CAM cutout window: index=27292 copy=3 cutout_mode=cam_low top=17 left=0 height=10 width=10
2026-06-28 09:58:48 - __main__ - INFO - CAM cutout window: index=389 copy=2 cutout_mode=cam_low top=21 left=21 height=10 width=10
2026-06-28 09:58:48 - __main__ - INFO - CAM cutout window: index=23311 copy=6 cutout_mode=cam_low top=19 left=0 height=10 width=10
2026-06-28 10:00:50 - __main__ - INFO - Train: loss 0.4575 acc1 86.68%
2026-06-28 10:00:50 - __main__ - INFO - Val:   loss 2.4062 acc1 48.37%
2026-06-28 10:00:50 - __main__ - INFO - 
Epoch 13/100 | lr 0.098666
2026-06-28 10:00:50 - __main__ - INFO - CAM cache hit: /content/cam_cache/cifar100/resnet18/seed42/44/03/440350f7bbae475e3ebb524508d03d7b48ff3442791626814cfbd70d588b0e77.pt
2026-06-28 10:00:50 - __main__ - INFO - CAM cache hit: /content/cam_cache/cifar100/resnet18/seed42/ab/39/ab397e0a21db49ba9f2cecc724a19019057db625e0f683dea89c310eec4417d5.pt
2026-06-28 10:00:50 - __main__ - INFO - CAM cache hit: /content/cam_cache/cifar100/resnet18/seed42/06/c8/06c8807e825fa211b0934166d1dce1dc520dbee4bf736fc2063cc6c830bfa734.pt
2026-06-28 10:00:50 - __main__ - INFO - CAM cutout window: index=1974 copy=8 cutout_mode=cam_low top=4 left=0 height=10 width=10
2026-06-28 10:00:50 - __main__ - INFO - CAM cache hit: /content/cam_cache/cifar100/resnet18/seed42/65/39/6539f4beda48cb22c010ad971a20cc63be57adb19de3a75acf62973cc5b2df30.pt
2026-06-28 10:00:50 - __main__ - INFO - CAM cutout window: index=17203 copy=3 cutout_mode=cam_low top=4 left=19 height=10 width=10
2026-06-28 10:00:50 - __main__ - INFO - CAM cutout window: index=35525 copy=8 cutout_mode=cam_low top=0 left=7 height=10 width=10
2026-06-28 10:00:50 - __main__ - INFO - CAM cutout window: index=1040 copy=7 cutout_mode=cam_low top=2 left=1 height=10 width=10
2026-06-28 10:00:50 - __main__ - INFO - CAM cache hit: /content/cam_cache/cifar100/resnet18/seed42/35/a7/35a7957aeb6d756f73285dddf17f45ca2021f604e14a43cc0db8bd0c31a62ab4.pt
2026-06-28 10:00:50 - __main__ - INFO - CAM cutout window: index=8258 copy=2 cutout_mode=cam_low top=0 left=19 height=10 width=10
2026-06-28 10:00:50 - __main__ - INFO - CAM cache hit: /content/cam_cache/cifar100/resnet18/seed42/1d/80/1d80f4de2479bf8c99bb5aaf7d33424d348f48efc3fd30e47246f184b7944448.pt
2026-06-28 10:00:50 - __main__ - INFO - CAM cache hit: /content/cam_cache/cifar100/resnet18/seed42/7e/22/7e227432aae846cd624ac57d3ab876a46cddee7e56b285045f2408fea7fc36ec.pt
2026-06-28 10:00:50 - __main__ - INFO - CAM cache hit: /content/cam_cache/cifar100/resnet18/seed42/85/99/8599fac8203f379f2b69f333711f7e8c0b8e39e52eae647cc0a69a1e19bd7999.pt
2026-06-28 10:00:50 - __main__ - INFO - CAM cutout window: index=39596 copy=4 cutout_mode=cam_low top=1 left=5 height=10 width=10
2026-06-28 10:00:50 - __main__ - INFO - CAM cutout window: index=37695 copy=3 cutout_mode=cam_low top=2 left=3 height=10 width=10
2026-06-28 10:00:50 - __main__ - INFO - CAM cutout window: index=5446 copy=5 cutout_mode=cam_low top=19 left=20 height=10 width=10
2026-06-28 10:02:54 - __main__ - INFO - Train: loss 0.4508 acc1 86.84%
2026-06-28 10:02:54 - __main__ - INFO - Val:   loss 2.4455 acc1 49.02%
2026-06-28 10:02:54 - __main__ - INFO - 
Epoch 14/100 | lr 0.098261
2026-06-28 10:02:54 - __main__ - INFO - CAM cache hit: /content/cam_cache/cifar100/resnet18/seed42/d4/24/d424f1f4e8a46821179ae78c06b1883bcf75f3b17735a7ebc3cdaf9da7baf8eb.pt
2026-06-28 10:02:54 - __main__ - INFO - CAM cache hit: /content/cam_cache/cifar100/resnet18/seed42/a3/2e/a32e7bbf4e6fc548d3c34e1559620d37be555bb84e9b48d2c09048d1d15ff397.pt
2026-06-28 10:02:54 - __main__ - INFO - CAM cache hit: /content/cam_cache/cifar100/resnet18/seed42/9c/02/9c0276c67812c4ba7e25e0021845e730c06e1e6a0b6aabe7384558d177b0e4e3.pt
2026-06-28 10:02:54 - __main__ - INFO - CAM cache hit: /content/cam_cache/cifar100/resnet18/seed42/c6/26/c6265a27e1450f1f02fffda69345123586c0a8e455341e177b654a247fc7c6d2.pt
2026-06-28 10:02:54 - __main__ - INFO - CAM cutout window: index=19455 copy=2 cutout_mode=cam_low top=19 left=1 height=10 width=10
2026-06-28 10:02:54 - __main__ - INFO - CAM cutout window: index=374 copy=1 cutout_mode=cam_low top=2 left=5 height=10 width=10
2026-06-28 10:02:54 - __main__ - INFO - CAM cutout window: index=44596 copy=2 cutout_mode=cam_low top=21 left=20 height=10 width=10
2026-06-28 10:02:54 - __main__ - INFO - CAM cutout window: index=14213 copy=3 cutout_mode=cam_low top=22 left=5 height=10 width=10
2026-06-28 10:02:54 - __main__ - INFO - CAM cache hit: /content/cam_cache/cifar100/resnet18/seed42/4d/11/4d1144ee211a87c3f8f0d688c3f96287d74a5cd8f4ea2ce0c230c694d37ff338.pt
2026-06-28 10:02:54 - __main__ - INFO - CAM cutout window: index=13065 copy=2 cutout_mode=cam_low top=1 left=1 height=10 width=10
2026-06-28 10:02:54 - __main__ - INFO - CAM cache hit: /content/cam_cache/cifar100/resnet18/seed42/f3/e1/f3e14ded9e3fff1f3a76e478bfb8f92d67654e5e2ce1dabaa82eecf43db6aa59.pt
2026-06-28 10:02:54 - __main__ - INFO - CAM cache hit: /content/cam_cache/cifar100/resnet18/seed42/f9/06/f906e41857f4a7b55f130d373d84fd404c4d7775e1586d20ef2cde456e34f228.pt
2026-06-28 10:02:54 - __main__ - INFO - CAM cache hit: /content/cam_cache/cifar100/resnet18/seed42/2e/75/2e752b8a32c82f03b4e686aa39a08a26c8f7831d344254faf4c96e078309454d.pt
2026-06-28 10:02:54 - __main__ - INFO - CAM cutout window: index=24366 copy=6 cutout_mode=cam_low top=22 left=18 height=10 width=10
2026-06-28 10:02:54 - __main__ - INFO - CAM cutout window: index=22580 copy=5 cutout_mode=cam_low top=4 left=1 height=10 width=10
2026-06-28 10:02:54 - __main__ - INFO - CAM cutout window: index=31330 copy=2 cutout_mode=cam_low top=6 left=20 height=10 width=10
2026-06-28 10:04:57 - __main__ - INFO - Train: loss 0.4455 acc1 87.02%
2026-06-28 10:04:57 - __main__ - INFO - Val:   loss 2.6185 acc1 47.61%
2026-06-28 10:04:57 - __main__ - INFO - 
Epoch 15/100 | lr 0.097802
2026-06-28 10:04:57 - __main__ - INFO - CAM cache hit: /content/cam_cache/cifar100/resnet18/seed42/f8/99/f899d552cabdbf5513e2e44ec17db56cc6370b7a32ea80dba75dbd74d2db56dd.pt
2026-06-28 10:04:57 - __main__ - INFO - CAM cache hit: /content/cam_cache/cifar100/resnet18/seed42/13/15/1315989f6633c28bcaced4c147cba894ed7e69f9fba0cc25eb8c6d949567c251.pt
2026-06-28 10:04:57 - __main__ - INFO - CAM cache hit: /content/cam_cache/cifar100/resnet18/seed42/a1/28/a128f058913cebbf1a557e3d5a1262884f9467e544897e764f557265e8aacb99.pt
2026-06-28 10:04:57 - __main__ - INFO - CAM cache hit: /content/cam_cache/cifar100/resnet18/seed42/13/da/13da864800440d6c6fbcbd38070e5013156c90dd37a5e7e1fb424414a39aff8d.pt
2026-06-28 10:04:57 - __main__ - INFO - CAM cutout window: index=33731 copy=2 cutout_mode=cam_low top=1 left=20 height=10 width=10
2026-06-28 10:04:57 - __main__ - INFO - CAM cutout window: index=2161 copy=4 cutout_mode=cam_low top=22 left=1 height=10 width=10
2026-06-28 10:04:57 - __main__ - INFO - CAM cutout window: index=42966 copy=5 cutout_mode=cam_low top=17 left=1 height=10 width=10
2026-06-28 10:04:57 - __main__ - INFO - CAM cutout window: index=10116 copy=5 cutout_mode=cam_low top=0 left=13 height=10 width=10
2026-06-28 10:04:57 - __main__ - INFO - CAM cache hit: /content/cam_cache/cifar100/resnet18/seed42/e0/2c/e02cec7b988417435a1b65d26f44965b4601c2c794b2fbcc2f2182d78a2effce.pt
2026-06-28 10:04:57 - __main__ - INFO - CAM cache hit: /content/cam_cache/cifar100/resnet18/seed42/db/b1/dbb10d7ef0bf814a71dfd95f1ed56bf41ebee1b3ed19fc15ca0377a2dd464745.pt
2026-06-28 10:04:57 - __main__ - INFO - CAM cache hit: /content/cam_cache/cifar100/resnet18/seed42/47/46/4746feef632f0f535260f0a46f27debcfc5fdce820f1fba34575878016eababc.pt
2026-06-28 10:04:57 - __main__ - INFO - CAM cutout window: index=6567 copy=2 cutout_mode=cam_low top=22 left=0 height=10 width=10
2026-06-28 10:04:57 - __main__ - INFO - CAM cutout window: index=10953 copy=4 cutout_mode=cam_low top=22 left=3 height=10 width=10
2026-06-28 10:04:57 - __main__ - INFO - CAM cache hit: /content/cam_cache/cifar100/resnet18/seed42/e0/99/e099e0a7c78d1ba4548d48421645ee07375627c45a2a4d01e2b3cc964b426ce6.pt
2026-06-28 10:04:57 - __main__ - INFO - CAM cutout window: index=19408 copy=1 cutout_mode=cam_low top=20 left=21 height=10 width=10
2026-06-28 10:04:57 - __main__ - INFO - CAM cutout window: index=28227 copy=3 cutout_mode=cam_low top=21 left=2 height=10 width=10
2026-06-28 10:07:01 - __main__ - INFO - Train: loss 0.4388 acc1 87.25%
2026-06-28 10:07:01 - __main__ - INFO - Val:   loss 2.4512 acc1 48.26%
2026-06-28 10:07:01 - __main__ - INFO - 
Epoch 16/100 | lr 0.097291
2026-06-28 10:07:01 - __main__ - INFO - CAM cache hit: /content/cam_cache/cifar100/resnet18/seed42/d1/4d/d14d6023ccf6e8f6d7c26349582b49b5cfc9dafc752e6ac8f3d697dd1f6d2914.pt
2026-06-28 10:07:01 - __main__ - INFO - CAM cache hit: /content/cam_cache/cifar100/resnet18/seed42/e1/0e/e10ef6a2f5fbca60ea314c56dd74cbe89d89d240800a04f9dd936e4cd91e1bd3.pt
2026-06-28 10:07:01 - __main__ - INFO - CAM cutout window: index=29904 copy=4 cutout_mode=cam_low top=5 left=2 height=10 width=10
2026-06-28 10:07:01 - __main__ - INFO - CAM cache hit: /content/cam_cache/cifar100/resnet18/seed42/f4/bc/f4bcd50ddca52dba0737f5f384f47ceb4fd728731c38bd9db0b602ee4e368494.pt
2026-06-28 10:07:01 - __main__ - INFO - CAM cache hit: /content/cam_cache/cifar100/resnet18/seed42/91/0d/910dfdfc96bc1124e4790b24b15fbd8dca804bb4d3642fd6066aea974a5ca15a.pt
2026-06-28 10:07:01 - __main__ - INFO - CAM cutout window: index=4262 copy=6 cutout_mode=cam_low top=22 left=20 height=10 width=10
2026-06-28 10:07:01 - __main__ - INFO - CAM cutout window: index=43970 copy=5 cutout_mode=cam_low top=2 left=20 height=10 width=10
2026-06-28 10:07:01 - __main__ - INFO - CAM cutout window: index=17921 copy=8 cutout_mode=cam_low top=16 left=22 height=10 width=10
2026-06-28 10:07:01 - __main__ - INFO - CAM cache hit: /content/cam_cache/cifar100/resnet18/seed42/65/9a/659a37dcb013e5c0d08875271c755c9bd3480e3db2440ca36c144b494b4276e9.pt
2026-06-28 10:07:01 - __main__ - INFO - CAM cutout window: index=2267 copy=2 cutout_mode=cam_low top=22 left=20 height=10 width=10
2026-06-28 10:07:01 - __main__ - INFO - CAM cache hit: /content/cam_cache/cifar100/resnet18/seed42/69/f4/69f43f3e9d1426b1aa562ac1c275388228cfdb8c1b7298a44f285015c2ee2463.pt
2026-06-28 10:07:01 - __main__ - INFO - CAM cache hit: /content/cam_cache/cifar100/resnet18/seed42/fb/df/fbdf63877250675e9ec8831873a5e3b8680a8a688c5477bd61fc2203f7a2e5a5.pt
2026-06-28 10:07:01 - __main__ - INFO - CAM cutout window: index=31744 copy=6 cutout_mode=cam_low top=3 left=22 height=10 width=10
2026-06-28 10:07:01 - __main__ - INFO - CAM cache hit: /content/cam_cache/cifar100/resnet18/seed42/49/b7/49b7cdada2e349ddc82b6df6218872882ae9bc91e3bb097f781884590ffd16fe.pt
2026-06-28 10:07:01 - __main__ - INFO - CAM cutout window: index=35798 copy=3 cutout_mode=cam_low top=18 left=22 height=10 width=10
2026-06-28 10:07:01 - __main__ - INFO - CAM cutout window: index=38639 copy=7 cutout_mode=cam_low top=0 left=20 height=10 width=10
2026-06-28 10:09:03 - __main__ - INFO - Train: loss 0.4379 acc1 87.30%
2026-06-28 10:09:03 - __main__ - INFO - Val:   loss 2.3558 acc1 48.97%
2026-06-28 10:09:03 - __main__ - INFO - 
Epoch 17/100 | lr 0.096729
2026-06-28 10:09:03 - __main__ - INFO - CAM cache hit: /content/cam_cache/cifar100/resnet18/seed42/95/20/95209dcf4e1822a03724d33c351994a00f43a1980c504ea6e705e064922ef9e4.pt
2026-06-28 10:09:03 - __main__ - INFO - CAM cache hit: /content/cam_cache/cifar100/resnet18/seed42/e2/bf/e2bf58468e027de17180ca0f2abe422e40e3739204c612bd16e257ed40cf3fc3.pt
2026-06-28 10:09:03 - __main__ - INFO - CAM cutout window: index=28851 copy=6 cutout_mode=cam_low top=1 left=0 height=10 width=10
2026-06-28 10:09:03 - __main__ - INFO - CAM cache hit: /content/cam_cache/cifar100/resnet18/seed42/69/51/69514afff0c97bfd24b33116d7c221736971c7dc1b454f98a8c09c384c8f15e7.pt
2026-06-28 10:09:03 - __main__ - INFO - CAM cache hit: /content/cam_cache/cifar100/resnet18/seed42/20/a7/20a7ec1e6bdbfdef4f6abb9028748dce9fed762b120ab77769a24d9303ce2761.pt
2026-06-28 10:09:03 - __main__ - INFO - CAM cutout window: index=20253 copy=1 cutout_mode=cam_low top=22 left=0 height=10 width=10
2026-06-28 10:09:03 - __main__ - INFO - CAM cutout window: index=31726 copy=1 cutout_mode=cam_low top=0 left=2 height=10 width=10
2026-06-28 10:09:03 - __main__ - INFO - CAM cutout window: index=44875 copy=3 cutout_mode=cam_low top=22 left=3 height=10 width=10
2026-06-28 10:09:03 - __main__ - INFO - CAM cache hit: /content/cam_cache/cifar100/resnet18/seed42/f8/49/f849c8e35a33ef7a01a59e97b54b12873376ed384790648d46ebf95e45f92e52.pt
2026-06-28 10:09:03 - __main__ - INFO - CAM cutout window: index=15151 copy=8 cutout_mode=cam_low top=5 left=21 height=10 width=10
2026-06-28 10:09:03 - __main__ - INFO - CAM cache hit: /content/cam_cache/cifar100/resnet18/seed42/ca/d4/cad4c4591757d3103664c6961b5df58f801af799e13d63a6779bbc91ad067737.pt
2026-06-28 10:09:03 - __main__ - INFO - CAM cache hit: /content/cam_cache/cifar100/resnet18/seed42/e4/85/e485b090eba387a2fe68599433342dcf0f8ce702c3dc9843e4a0895506525aca.pt
2026-06-28 10:09:03 - __main__ - INFO - CAM cutout window: index=6880 copy=4 cutout_mode=cam_low top=20 left=22 height=10 width=10
2026-06-28 10:09:03 - __main__ - INFO - CAM cutout window: index=34864 copy=2 cutout_mode=cam_low top=22 left=0 height=10 width=10
2026-06-28 10:09:03 - __main__ - INFO - CAM cache hit: /content/cam_cache/cifar100/resnet18/seed42/5d/81/5d8135be11a16909d445befb3b8d9e6a0b10dd0af7e70dae77ec33af1740e7d0.pt
2026-06-28 10:09:03 - __main__ - INFO - CAM cutout window: index=2247 copy=4 cutout_mode=cam_low top=22 left=18 height=10 width=10
2026-06-28 10:11:06 - __main__ - INFO - Train: loss 0.4287 acc1 87.53%
2026-06-28 10:11:06 - __main__ - INFO - Val:   loss 2.4236 acc1 48.32%
2026-06-28 10:11:06 - __main__ - INFO - 
Epoch 18/100 | lr 0.096115
2026-06-28 10:11:06 - __main__ - INFO - CAM cache hit: /content/cam_cache/cifar100/resnet18/seed42/5f/84/5f84e6f599b85b3e4037f26aa68f649fe59454d3e7f0dd63f63787bdcc4ccb9e.pt
2026-06-28 10:11:06 - __main__ - INFO - CAM cache hit: /content/cam_cache/cifar100/resnet18/seed42/90/56/905682337c6bd82fc711875fc1bf5c13fc07996520ef4c6ed7cb543578910d4f.pt
2026-06-28 10:11:06 - __main__ - INFO - CAM cutout window: index=14868 copy=4 cutout_mode=cam_low top=0 left=0 height=10 width=10
2026-06-28 10:11:06 - __main__ - INFO - CAM cache hit: /content/cam_cache/cifar100/resnet18/seed42/58/a8/58a822e2bfebe6b09e1efa7b5136b880e885fd2486d84a2ca06e0923be5241b2.pt
2026-06-28 10:11:06 - __main__ - INFO - CAM cutout window: index=443 copy=5 cutout_mode=cam_low top=19 left=0 height=10 width=10
2026-06-28 10:11:06 - __main__ - INFO - CAM cache hit: /content/cam_cache/cifar100/resnet18/seed42/5b/4c/5b4c1af284bb532b59e250a45c334e5af58f5bfd0f934fe7b7721df0d451ebb6.pt
2026-06-28 10:11:06 - __main__ - INFO - CAM cutout window: index=31358 copy=2 cutout_mode=cam_low top=0 left=2 height=10 width=10
2026-06-28 10:11:06 - __main__ - INFO - CAM cutout window: index=19807 copy=6 cutout_mode=cam_low top=22 left=4 height=10 width=10
2026-06-28 10:11:06 - __main__ - INFO - CAM cache hit: /content/cam_cache/cifar100/resnet18/seed42/d7/58/d758120754bc907f97a601a5cc3e427133327e299773812f160cc2295c7de497.pt
2026-06-28 10:11:06 - __main__ - INFO - CAM cache hit: /content/cam_cache/cifar100/resnet18/seed42/37/dd/37dd4a552abec199ebbbec823eb3cd7152f32f9e3d57e5e8330655f371cede1f.pt
2026-06-28 10:11:06 - __main__ - INFO - CAM cutout window: index=14531 copy=2 cutout_mode=cam_low top=0 left=8 height=10 width=10
2026-06-28 10:11:06 - __main__ - INFO - CAM cutout window: index=37444 copy=2 cutout_mode=cam_low top=4 left=22 height=10 width=10
2026-06-28 10:11:06 - __main__ - INFO - CAM cache hit: /content/cam_cache/cifar100/resnet18/seed42/f1/f1/f1f16b4b1cd13269fd53d326fe30a8c4f13aa7997d3db6926e81b99e73f575a9.pt
2026-06-28 10:11:06 - __main__ - INFO - CAM cache hit: /content/cam_cache/cifar100/resnet18/seed42/f3/1f/f31f4a493e2ab91018d5a823eaae5a0e874947b13c23f340ff87c295b0f86499.pt
2026-06-28 10:11:06 - __main__ - INFO - CAM cutout window: index=13912 copy=1 cutout_mode=cam_low top=1 left=2 height=10 width=10
2026-06-28 10:11:06 - __main__ - INFO - CAM cutout window: index=22519 copy=2 cutout_mode=cam_low top=6 left=22 height=10 width=10
2026-06-28 10:13:09 - __main__ - INFO - Train: loss 0.4259 acc1 87.61%
2026-06-28 10:13:09 - __main__ - INFO - Val:   loss 2.3721 acc1 49.67%
2026-06-28 10:13:09 - __main__ - INFO - saved best: 49.67%
2026-06-28 10:13:09 - __main__ - INFO - 
Epoch 19/100 | lr 0.095451
2026-06-28 10:13:09 - __main__ - INFO - CAM cache hit: /content/cam_cache/cifar100/resnet18/seed42/51/73/51739d209364cc32821c21e59a1c3e7af19ba2b0edb888e02fb3616929ea0b55.pt
2026-06-28 10:13:09 - __main__ - INFO - CAM cache hit: /content/cam_cache/cifar100/resnet18/seed42/9a/f0/9af0a53a3b2df7e84e45819b3276b42443bdb9ab6e48e71ac11bf24a2d2f0abc.pt
2026-06-28 10:13:09 - __main__ - INFO - CAM cache hit: /content/cam_cache/cifar100/resnet18/seed42/e2/39/e2390c083d66a1406a1a66d1d3dadc9611fe5713b3b98534dbd7178081bdf7de.pt
2026-06-28 10:13:09 - __main__ - INFO - CAM cache hit: /content/cam_cache/cifar100/resnet18/seed42/74/d6/74d63f2cf844c9aeccf7581d154b77a84853b7bba5e80431254a83755de64ebc.pt
2026-06-28 10:13:09 - __main__ - INFO - CAM cutout window: index=40117 copy=8 cutout_mode=cam_low top=21 left=1 height=10 width=10
2026-06-28 10:13:09 - __main__ - INFO - CAM cutout window: index=39751 copy=2 cutout_mode=cam_low top=1 left=5 height=10 width=10
2026-06-28 10:13:09 - __main__ - INFO - CAM cutout window: index=26696 copy=8 cutout_mode=cam_low top=21 left=5 height=10 width=10
2026-06-28 10:13:09 - __main__ - INFO - CAM cutout window: index=24217 copy=7 cutout_mode=cam_low top=20 left=20 height=10 width=10
2026-06-28 10:13:09 - __main__ - INFO - CAM cache hit: /content/cam_cache/cifar100/resnet18/seed42/1b/c6/1bc65dc477dfe46b9914096ea1f38871e4f82697bbc00222a2b11cf09393ec62.pt
2026-06-28 10:13:09 - __main__ - INFO - CAM cache hit: /content/cam_cache/cifar100/resnet18/seed42/58/ec/58ece4dc082565b645e5e5168139be9d60145dcd95179ab41fcfbe195db0f9ac.pt
2026-06-28 10:13:09 - __main__ - INFO - CAM cutout window: index=41636 copy=2 cutout_mode=cam_low top=0 left=6 height=10 width=10
2026-06-28 10:13:09 - __main__ - INFO - CAM cache hit: /content/cam_cache/cifar100/resnet18/seed42/e4/76/e476981cf05eda6c94cfa4819b2f30d93ea5c2508a3304b50bb17656f1c4d284.pt
2026-06-28 10:13:09 - __main__ - INFO - CAM cutout window: index=22744 copy=7 cutout_mode=cam_low top=22 left=1 height=10 width=10
2026-06-28 10:13:09 - __main__ - INFO - CAM cache hit: /content/cam_cache/cifar100/resnet18/seed42/41/e7/41e7cda65bb542fc00666bf0a5c543ce42d67b35b35dae72721c7f4183979242.pt
2026-06-28 10:13:09 - __main__ - INFO - CAM cutout window: index=32078 copy=7 cutout_mode=cam_low top=4 left=0 height=10 width=10
2026-06-28 10:13:09 - __main__ - INFO - CAM cutout window: index=41042 copy=4 cutout_mode=cam_low top=19 left=21 height=10 width=10
2026-06-28 10:15:11 - __main__ - INFO - Train: loss 0.4209 acc1 87.74%
2026-06-28 10:15:11 - __main__ - INFO - Val:   loss 2.6919 acc1 46.09%
2026-06-28 10:15:11 - __main__ - INFO - 
Epoch 20/100 | lr 0.094737
2026-06-28 10:15:11 - __main__ - INFO - CAM cache hit: /content/cam_cache/cifar100/resnet18/seed42/a9/43/a943076ea034cd191b4aae0b1b7590a9f2601598648e5b10827febf7ffbbe44f.pt
2026-06-28 10:15:11 - __main__ - INFO - CAM cache hit: /content/cam_cache/cifar100/resnet18/seed42/a3/29/a329371e17842a4ba316cf8fe1565706dc49260638b9e893fcf4cee0066a8a08.pt
2026-06-28 10:15:11 - __main__ - INFO - CAM cache hit: /content/cam_cache/cifar100/resnet18/seed42/20/3c/203cab3a587377fd464b3ca0de7938d1cb13b6b66bf5063dc22d5163904aa738.pt
2026-06-28 10:15:11 - __main__ - INFO - CAM cache hit: /content/cam_cache/cifar100/resnet18/seed42/8d/2b/8d2b26978c9f78e5ee3e95fe85af49210df16025f926ff356fce6096256adf45.pt
2026-06-28 10:15:11 - __main__ - INFO - CAM cutout window: index=34108 copy=5 cutout_mode=cam_low top=0 left=9 height=10 width=10
2026-06-28 10:15:11 - __main__ - INFO - CAM cutout window: index=37048 copy=5 cutout_mode=cam_low top=22 left=0 height=10 width=10
2026-06-28 10:15:11 - __main__ - INFO - CAM cutout window: index=17270 copy=4 cutout_mode=cam_low top=21 left=17 height=10 width=10
2026-06-28 10:15:11 - __main__ - INFO - CAM cutout window: index=32241 copy=6 cutout_mode=cam_low top=4 left=0 height=10 width=10
2026-06-28 10:15:11 - __main__ - INFO - CAM cache hit: /content/cam_cache/cifar100/resnet18/seed42/43/0a/430a3c5bc5f3d06ef96db9cc2f0a43ab746dc39cd64ac3eb98a95eb0aaf7b200.pt
2026-06-28 10:15:11 - __main__ - INFO - CAM cutout window: index=39406 copy=2 cutout_mode=cam_low top=21 left=5 height=10 width=10
2026-06-28 10:15:11 - __main__ - INFO - CAM cache hit: /content/cam_cache/cifar100/resnet18/seed42/7b/2e/7b2e3246f261356a3f2e0d7878ab74908f0b78a27389ad42eaf6f017eeb88440.pt
2026-06-28 10:15:11 - __main__ - INFO - CAM cache hit: /content/cam_cache/cifar100/resnet18/seed42/7d/4c/7d4c2c564a5643c0db36702997f081b318b30250d46ece849286825a9c78e0a9.pt
2026-06-28 10:15:11 - __main__ - INFO - CAM cache hit: /content/cam_cache/cifar100/resnet18/seed42/63/b8/63b8b17b135d36c2681dc015f76b2a4a310a02be469518dec89e99d36db46cc7.pt
2026-06-28 10:15:11 - __main__ - INFO - CAM cutout window: index=44692 copy=7 cutout_mode=cam_low top=2 left=1 height=10 width=10
2026-06-28 10:15:11 - __main__ - INFO - CAM cutout window: index=11228 copy=8 cutout_mode=cam_low top=22 left=1 height=10 width=10
2026-06-28 10:15:11 - __main__ - INFO - CAM cutout window: index=11932 copy=8 cutout_mode=cam_low top=22 left=18 height=10 width=10
2026-06-28 10:17:13 - __main__ - INFO - Train: loss 0.4166 acc1 87.87%
2026-06-28 10:17:13 - __main__ - INFO - Val:   loss 2.3100 acc1 50.17%
2026-06-28 10:17:13 - __main__ - INFO - saved best: 50.17%
2026-06-28 10:17:13 - __main__ - INFO - 
Epoch 21/100 | lr 0.093974
2026-06-28 10:17:13 - __main__ - INFO - CAM cache hit: /content/cam_cache/cifar100/resnet18/seed42/fa/43/fa43cd497c314e3ab54f9471cba2144dad12e7150126e43e6953f9dee2fe8a47.pt
2026-06-28 10:17:13 - __main__ - INFO - CAM cache hit: /content/cam_cache/cifar100/resnet18/seed42/bc/19/bc1944ccf222d4c175bfa2548c8ad3f0471fe3e6d91799123da15e0040b00c30.pt
2026-06-28 10:17:13 - __main__ - INFO - CAM cache hit: /content/cam_cache/cifar100/resnet18/seed42/93/35/93357ae53d4f07d76bde77988240ed00e5d50c01180558a902c1160521b78d6c.pt
2026-06-28 10:17:13 - __main__ - INFO - CAM cache hit: /content/cam_cache/cifar100/resnet18/seed42/2d/2d/2d2d18c22243d5c396fb00b59eb349ff336393a48a7995ee0725f9298e086788.pt
2026-06-28 10:17:13 - __main__ - INFO - CAM cutout window: index=34815 copy=6 cutout_mode=cam_low top=22 left=0 height=10 width=10
2026-06-28 10:17:13 - __main__ - INFO - CAM cutout window: index=42481 copy=8 cutout_mode=cam_low top=1 left=1 height=10 width=10
2026-06-28 10:17:13 - __main__ - INFO - CAM cutout window: index=18607 copy=8 cutout_mode=cam_low top=0 left=3 height=10 width=10
2026-06-28 10:17:13 - __main__ - INFO - CAM cutout window: index=35918 copy=5 cutout_mode=cam_low top=3 left=1 height=10 width=10
2026-06-28 10:17:13 - __main__ - INFO - CAM cache hit: /content/cam_cache/cifar100/resnet18/seed42/c8/ac/c8ac3c3f21dc7d4bdbcde3c552a4a9ad5c055a9ad2be0848160fec519381db5d.pt
2026-06-28 10:17:13 - __main__ - INFO - CAM cache hit: /content/cam_cache/cifar100/resnet18/seed42/5b/51/5b5116579f0f3757f74b4a51ccfeaf752b3803839ae96cbb40c8d4959ad3bd97.pt
2026-06-28 10:17:13 - __main__ - INFO - CAM cache hit: /content/cam_cache/cifar100/resnet18/seed42/03/e8/03e8b537e5b6da9321140d2342622e9d141aa0509ad30b1bd8954c9e49fe3358.pt
2026-06-28 10:17:13 - __main__ - INFO - CAM cutout window: index=9278 copy=3 cutout_mode=cam_low top=0 left=1 height=10 width=10
2026-06-28 10:17:13 - __main__ - INFO - CAM cutout window: index=29576 copy=1 cutout_mode=cam_low top=2 left=19 height=10 width=10
2026-06-28 10:17:13 - __main__ - INFO - CAM cutout window: index=32921 copy=2 cutout_mode=cam_low top=19 left=2 height=10 width=10
2026-06-28 10:17:13 - __main__ - INFO - CAM cache hit: /content/cam_cache/cifar100/resnet18/seed42/9e/c2/9ec23467969717c1eb218c609b4510b5aaa4f18f36b2ed4b670e8428d088ffa8.pt
2026-06-28 10:17:13 - __main__ - INFO - CAM cutout window: index=29252 copy=8 cutout_mode=cam_low top=0 left=6 height=10 width=10
2026-06-28 10:19:16 - __main__ - INFO - Train: loss 0.4107 acc1 88.06%
2026-06-28 10:19:16 - __main__ - INFO - Val:   loss 2.6357 acc1 45.85%
2026-06-28 10:19:16 - __main__ - INFO - 
Epoch 22/100 | lr 0.093164
2026-06-28 10:19:16 - __main__ - INFO - CAM cache hit: /content/cam_cache/cifar100/resnet18/seed42/81/11/811168b61f8abf41072c12c8e91255b7fd5ecb3b663353f4d5bad20e619e3608.pt
2026-06-28 10:19:16 - __main__ - INFO - CAM cache hit: /content/cam_cache/cifar100/resnet18/seed42/64/db/64dbf01cfdc5b06adb50af8b7d3cfbc3d56cf359ea070565627cf59116d8660a.pt
2026-06-28 10:19:16 - __main__ - INFO - CAM cache hit: /content/cam_cache/cifar100/resnet18/seed42/00/31/003159f96c879746e820135fa9e8ab45621def2cd731cb55cac690f71e5f433e.pt
2026-06-28 10:19:16 - __main__ - INFO - CAM cache hit: /content/cam_cache/cifar100/resnet18/seed42/da/b5/dab57e0fde970abf6a2e9ac908da172906b9fcee8c7ae7fc42fad8cc2a23cd8f.pt
2026-06-28 10:19:16 - __main__ - INFO - CAM cutout window: index=12787 copy=6 cutout_mode=cam_low top=2 left=2 height=10 width=10
2026-06-28 10:19:16 - __main__ - INFO - CAM cutout window: index=937 copy=2 cutout_mode=cam_low top=19 left=21 height=10 width=10
2026-06-28 10:19:16 - __main__ - INFO - CAM cutout window: index=16290 copy=2 cutout_mode=cam_low top=22 left=19 height=10 width=10
2026-06-28 10:19:16 - __main__ - INFO - CAM cutout window: index=38660 copy=2 cutout_mode=cam_low top=2 left=21 height=10 width=10
2026-06-28 10:19:16 - __main__ - INFO - CAM cache hit: /content/cam_cache/cifar100/resnet18/seed42/ee/a1/eea176eb4f59bdaa4416a2dea89743157e01349a2bd94bb192586898a13cad71.pt
2026-06-28 10:19:16 - __main__ - INFO - CAM cache hit: /content/cam_cache/cifar100/resnet18/seed42/0c/18/0c188afba06e37efc0ef87802f79df598e75807867953a7a2efa4693ec390b13.pt
2026-06-28 10:19:16 - __main__ - INFO - CAM cache hit: /content/cam_cache/cifar100/resnet18/seed42/1f/1a/1f1a14f65f09e0dd49ad50fc8fd9bf901ce6cb4fab1cbb9021d98b4b391efac5.pt
2026-06-28 10:19:16 - __main__ - INFO - CAM cutout window: index=1785 copy=5 cutout_mode=cam_low top=0 left=14 height=10 width=10
2026-06-28 10:19:16 - __main__ - INFO - CAM cache hit: /content/cam_cache/cifar100/resnet18/seed42/c8/ae/c8ae5e17273679fc4d5d9e978b69cc917d7f4791ff4ba6c8d81105de0d355cae.pt
2026-06-28 10:19:16 - __main__ - INFO - CAM cutout window: index=2159 copy=8 cutout_mode=cam_low top=7 left=0 height=10 width=10
2026-06-28 10:19:16 - __main__ - INFO - CAM cutout window: index=24616 copy=4 cutout_mode=cam_low top=22 left=0 height=10 width=10
2026-06-28 10:19:16 - __main__ - INFO - CAM cutout window: index=30451 copy=6 cutout_mode=cam_low top=0 left=4 height=10 width=10
2026-06-28 10:21:20 - __main__ - INFO - Train: loss 0.4033 acc1 88.28%
2026-06-28 10:21:20 - __main__ - INFO - Val:   loss 2.4685 acc1 48.17%
2026-06-28 10:21:20 - __main__ - INFO - 
Epoch 23/100 | lr 0.092306
2026-06-28 10:21:20 - __main__ - INFO - CAM cache hit: /content/cam_cache/cifar100/resnet18/seed42/13/04/1304f3dc9051400808e00fe204bcb89f390605a9432681fc30c546164ad64f78.pt
2026-06-28 10:21:20 - __main__ - INFO - CAM cache hit: /content/cam_cache/cifar100/resnet18/seed42/e4/ad/e4ad595902c8ec7864f1300cb52ba469ff81cf9c92f17fb1d3722f4a8861a6b5.pt
2026-06-28 10:21:20 - __main__ - INFO - CAM cache hit: /content/cam_cache/cifar100/resnet18/seed42/83/af/83af959c7dea5d7d151103ee0a98c0ab81d6edb8f958ad1f95c23feea70cce74.pt
2026-06-28 10:21:20 - __main__ - INFO - CAM cache hit: /content/cam_cache/cifar100/resnet18/seed42/10/7e/107e46191b81b8c1ab7b1f5d1b2c95b7d81c025b3aaad8cc95e63c2c91301508.pt
2026-06-28 10:21:20 - __main__ - INFO - CAM cutout window: index=12600 copy=1 cutout_mode=cam_low top=0 left=5 height=10 width=10
2026-06-28 10:21:20 - __main__ - INFO - CAM cutout window: index=21483 copy=7 cutout_mode=cam_low top=22 left=3 height=10 width=10
2026-06-28 10:21:20 - __main__ - INFO - CAM cutout window: index=20194 copy=3 cutout_mode=cam_low top=22 left=21 height=10 width=10
2026-06-28 10:21:20 - __main__ - INFO - CAM cutout window: index=17757 copy=5 cutout_mode=cam_low top=1 left=5 height=10 width=10
2026-06-28 10:21:20 - __main__ - INFO - CAM cache hit: /content/cam_cache/cifar100/resnet18/seed42/67/b2/67b217bd93f3d17095ca6b8e46b12da1833370b35a4bd00afd9b9c6ba74e0672.pt
2026-06-28 10:21:20 - __main__ - INFO - CAM cache hit: /content/cam_cache/cifar100/resnet18/seed42/cf/7c/cf7cef60eca2d5e12a1440faccefea779af2866ddc41fc669c10e886fd4bff3b.pt
2026-06-28 10:21:20 - __main__ - INFO - CAM cache hit: /content/cam_cache/cifar100/resnet18/seed42/96/22/962234bf231d8d50d3a695178fc616aa846c56569a523a87eb782bd5d6921e83.pt
2026-06-28 10:21:20 - __main__ - INFO - CAM cutout window: index=13729 copy=3 cutout_mode=cam_low top=15 left=0 height=10 width=10
2026-06-28 10:21:20 - __main__ - INFO - CAM cache hit: /content/cam_cache/cifar100/resnet18/seed42/58/e0/58e01b7c6e10cddf2363a56c551b067a7226891903e82cc84de71ab5e15148bd.pt
2026-06-28 10:21:20 - __main__ - INFO - CAM cutout window: index=28009 copy=6 cutout_mode=cam_low top=22 left=3 height=10 width=10
2026-06-28 10:21:20 - __main__ - INFO - CAM cutout window: index=17334 copy=6 cutout_mode=cam_low top=3 left=22 height=10 width=10
2026-06-28 10:21:20 - __main__ - INFO - CAM cutout window: index=5503 copy=3 cutout_mode=cam_low top=19 left=2 height=10 width=10
2026-06-28 10:23:23 - __main__ - INFO - Train: loss 0.3979 acc1 88.44%
2026-06-28 10:23:23 - __main__ - INFO - Val:   loss 2.5773 acc1 47.49%
2026-06-28 10:23:23 - __main__ - INFO - 
Epoch 24/100 | lr 0.091401
2026-06-28 10:23:23 - __main__ - INFO - CAM cache hit: /content/cam_cache/cifar100/resnet18/seed42/13/6a/136a495db5072453af844bffbf41ab3197320c259d01f965ebbcb9b5115edbbf.pt
2026-06-28 10:23:23 - __main__ - INFO - CAM cache hit: /content/cam_cache/cifar100/resnet18/seed42/09/36/093602665cb0595a6dc674cae77fae358ecdec3633dff118d796b616235baf85.pt
2026-06-28 10:23:23 - __main__ - INFO - CAM cache hit: /content/cam_cache/cifar100/resnet18/seed42/93/c7/93c76b028b93508ab1e73fb0335fe521e5eab180b878ad6ab72105e9f7494876.pt
2026-06-28 10:23:23 - __main__ - INFO - CAM cutout window: index=30828 copy=5 cutout_mode=cam_low top=1 left=16 height=10 width=10
2026-06-28 10:23:23 - __main__ - INFO - CAM cutout window: index=32966 copy=8 cutout_mode=cam_low top=1 left=2 height=10 width=10
2026-06-28 10:23:23 - __main__ - INFO - CAM cutout window: index=40980 copy=6 cutout_mode=cam_low top=4 left=22 height=10 width=10
2026-06-28 10:23:23 - __main__ - INFO - CAM cache hit: /content/cam_cache/cifar100/resnet18/seed42/a3/20/a3204a7b4473b1ca70db37f1241524bcedff232466eee47df38f2d131713b8ea.pt
2026-06-28 10:23:23 - __main__ - INFO - CAM cutout window: index=29930 copy=7 cutout_mode=cam_low top=4 left=2 height=10 width=10
2026-06-28 10:23:23 - __main__ - INFO - CAM cache hit: /content/cam_cache/cifar100/resnet18/seed42/a6/6d/a66d1a221a2e52ef5e904a5f8e0ed4487d47260ae6baff0f39850b87b96ce2ae.pt
2026-06-28 10:23:23 - __main__ - INFO - CAM cache hit: /content/cam_cache/cifar100/resnet18/seed42/65/7e/657ed8628a2523d65b02b808f245c1e650439c731a74b4f56b844463c91bed01.pt
2026-06-28 10:23:23 - __main__ - INFO - CAM cache hit: /content/cam_cache/cifar100/resnet18/seed42/8f/00/8f00a084c06ea91a88765dc8eafa326b2a7f8fdfaa17b6e55ea8d358254eadd6.pt
2026-06-28 10:23:23 - __main__ - INFO - CAM cutout window: index=40673 copy=7 cutout_mode=cam_low top=3 left=22 height=10 width=10
2026-06-28 10:23:23 - __main__ - INFO - CAM cutout window: index=33050 copy=3 cutout_mode=cam_low top=22 left=1 height=10 width=10
2026-06-28 10:23:23 - __main__ - INFO - CAM cutout window: index=24031 copy=6 cutout_mode=cam_low top=19 left=2 height=10 width=10
2026-06-28 10:23:23 - __main__ - INFO - CAM cache hit: /content/cam_cache/cifar100/resnet18/seed42/c8/f9/c8f9a2e9f8739cefc0966ac04156aa1169afdf03fefc9ea1c4bc7063cedbbc83.pt
2026-06-28 10:23:23 - __main__ - INFO - CAM cutout window: index=39507 copy=7 cutout_mode=cam_low top=0 left=0 height=10 width=10
2026-06-28 10:25:27 - __main__ - INFO - Train: loss 0.3932 acc1 88.57%
2026-06-28 10:25:27 - __main__ - INFO - Val:   loss 2.5271 acc1 48.57%
2026-06-28 10:25:27 - __main__ - INFO - 
Epoch 25/100 | lr 0.090452
2026-06-28 10:25:27 - __main__ - INFO - CAM cache hit: /content/cam_cache/cifar100/resnet18/seed42/33/86/33868d7821dc16a2b56562285228c0b7c2021fbec9a62c906b16801897e1c01e.pt
2026-06-28 10:25:27 - __main__ - INFO - CAM cache hit: /content/cam_cache/cifar100/resnet18/seed42/19/c6/19c6c91289cdf52f7803c5c99942450f0992c292c1771d41c9fdf85223f82d82.pt
2026-06-28 10:25:27 - __main__ - INFO - CAM cache hit: /content/cam_cache/cifar100/resnet18/seed42/af/3e/af3ec011ed97bff4eca8f4ddae53b54d106d70de5ed0e4f70d0135f5b1b29852.pt
2026-06-28 10:25:27 - __main__ - INFO - CAM cache hit: /content/cam_cache/cifar100/resnet18/seed42/9f/10/9f10c074e0d8151acbb9d0907f784eff5abbf1e6557c94d43a4be7fa3517bc2b.pt
2026-06-28 10:25:27 - __main__ - INFO - CAM cutout window: index=16166 copy=1 cutout_mode=cam_low top=0 left=0 height=10 width=10
2026-06-28 10:25:27 - __main__ - INFO - CAM cutout window: index=9843 copy=7 cutout_mode=cam_low top=21 left=5 height=10 width=10
2026-06-28 10:25:27 - __main__ - INFO - CAM cutout window: index=16215 copy=8 cutout_mode=cam_low top=19 left=0 height=10 width=10
2026-06-28 10:25:27 - __main__ - INFO - CAM cutout window: index=39508 copy=1 cutout_mode=cam_low top=13 left=0 height=10 width=10
2026-06-28 10:25:27 - __main__ - INFO - CAM cache hit: /content/cam_cache/cifar100/resnet18/seed42/4e/04/4e0442956758f528b472c6aa39f8b4793c92fb5686817d051cf7c774d0e4b512.pt
2026-06-28 10:25:27 - __main__ - INFO - CAM cache hit: /content/cam_cache/cifar100/resnet18/seed42/57/91/57918e461be6217054bde815cc956bcbfce908c56f5f67e32a23241b86a6c749.pt
2026-06-28 10:25:27 - __main__ - INFO - CAM cache hit: /content/cam_cache/cifar100/resnet18/seed42/e6/92/e6922c6c2c432be96b6fea356b1031741da0f3d7607351b0dba648b3438dab82.pt
2026-06-28 10:25:27 - __main__ - INFO - CAM cache hit: /content/cam_cache/cifar100/resnet18/seed42/5a/b3/5ab3c7bb2ad9b1db351ed80fe6e8ffa407fe0f457da763916bd71c2ec7e4ab85.pt
2026-06-28 10:25:27 - __main__ - INFO - CAM cutout window: index=15301 copy=5 cutout_mode=cam_low top=19 left=1 height=10 width=10
2026-06-28 10:25:27 - __main__ - INFO - CAM cutout window: index=30738 copy=5 cutout_mode=cam_low top=2 left=22 height=10 width=10
2026-06-28 10:25:27 - __main__ - INFO - CAM cutout window: index=25748 copy=2 cutout_mode=cam_low top=0 left=3 height=10 width=10
2026-06-28 10:25:27 - __main__ - INFO - CAM cutout window: index=1750 copy=4 cutout_mode=cam_low top=1 left=16 height=10 width=10
2026-06-28 10:27:29 - __main__ - INFO - Train: loss 0.3875 acc1 88.74%
2026-06-28 10:27:29 - __main__ - INFO - Val:   loss 2.5090 acc1 47.90%
2026-06-28 10:27:29 - __main__ - INFO - 
Epoch 26/100 | lr 0.089458
2026-06-28 10:27:30 - __main__ - INFO - CAM cache hit: /content/cam_cache/cifar100/resnet18/seed42/5b/88/5b88b5b1cc998cee4dc9d36ae14de9187433c47060a2c0e73b1a694fe35e6acf.pt
2026-06-28 10:27:30 - __main__ - INFO - CAM cache hit: /content/cam_cache/cifar100/resnet18/seed42/47/70/47708f03b848635397290452c6c33eed3f281b375daaec26cc6cda5184a59864.pt
2026-06-28 10:27:30 - __main__ - INFO - CAM cache hit: /content/cam_cache/cifar100/resnet18/seed42/6a/46/6a460d7955866a667464a99826c8cc814669e3a5f9cd9c3b394b2fc914eb7976.pt
2026-06-28 10:27:30 - __main__ - INFO - CAM cache hit: /content/cam_cache/cifar100/resnet18/seed42/3e/5d/3e5d97610863976a9a51a56351ae0be3920cc6cf4b536e4f81add8a9ed029aca.pt
2026-06-28 10:27:30 - __main__ - INFO - CAM cutout window: index=33928 copy=3 cutout_mode=cam_low top=8 left=0 height=10 width=10
2026-06-28 10:27:30 - __main__ - INFO - CAM cutout window: index=41043 copy=4 cutout_mode=cam_low top=22 left=2 height=10 width=10
2026-06-28 10:27:30 - __main__ - INFO - CAM cutout window: index=6026 copy=4 cutout_mode=cam_low top=0 left=18 height=10 width=10
2026-06-28 10:27:30 - __main__ - INFO - CAM cutout window: index=24471 copy=7 cutout_mode=cam_low top=1 left=21 height=10 width=10
2026-06-28 10:27:30 - __main__ - INFO - CAM cache hit: /content/cam_cache/cifar100/resnet18/seed42/b1/32/b132c48d23384e7de597dda7d8fa27656d61e7381d06b3152fc23a548ed9b3ea.pt
2026-06-28 10:27:30 - __main__ - INFO - CAM cache hit: /content/cam_cache/cifar100/resnet18/seed42/92/03/920362c8da2a277614b0ad6a63509dcaa6685241a00fd9d8127e97ea0d744de8.pt
2026-06-28 10:27:30 - __main__ - INFO - CAM cache hit: /content/cam_cache/cifar100/resnet18/seed42/f0/ac/f0ac52b08426dfb465fb361ef8fa7b36110eb42444b40a134fbd397b1e1a86f9.pt
2026-06-28 10:27:30 - __main__ - INFO - CAM cutout window: index=12410 copy=1 cutout_mode=cam_low top=2 left=20 height=10 width=10
2026-06-28 10:27:30 - __main__ - INFO - CAM cache hit: /content/cam_cache/cifar100/resnet18/seed42/74/b6/74b6d8b2da8effd809b087de54984c99f9981cb0d2c575eaddea5d521affbba0.pt
2026-06-28 10:27:30 - __main__ - INFO - CAM cutout window: index=37798 copy=7 cutout_mode=cam_low top=0 left=6 height=10 width=10
2026-06-28 10:27:30 - __main__ - INFO - CAM cutout window: index=1213 copy=8 cutout_mode=cam_low top=3 left=0 height=10 width=10
2026-06-28 10:27:30 - __main__ - INFO - CAM cutout window: index=40464 copy=5 cutout_mode=cam_low top=14 left=0 height=10 width=10
2026-06-28 10:29:32 - __main__ - INFO - Train: loss 0.3809 acc1 88.92%
2026-06-28 10:29:32 - __main__ - INFO - Val:   loss 2.5654 acc1 48.37%
2026-06-28 10:29:32 - __main__ - INFO - 
Epoch 27/100 | lr 0.088421
2026-06-28 10:29:32 - __main__ - INFO - CAM cache hit: /content/cam_cache/cifar100/resnet18/seed42/d3/4f/d34f541becbe963af190a987986c0881d1c5c144bfc36f4b474e2464c1dd17b9.pt
2026-06-28 10:29:32 - __main__ - INFO - CAM cache hit: /content/cam_cache/cifar100/resnet18/seed42/b6/86/b6862c52b8170c0f31b148b79ad7c58f6bbc7c26768ba1f8945df6d74ea85345.pt
2026-06-28 10:29:32 - __main__ - INFO - CAM cache hit: /content/cam_cache/cifar100/resnet18/seed42/1c/83/1c83735e45536313f9f2d4becab1525c3eb59e090cb6871a6b41070e7bb73dd7.pt
2026-06-28 10:29:32 - __main__ - INFO - CAM cache hit: /content/cam_cache/cifar100/resnet18/seed42/77/7e/777eabe0a34c3341543e141f3ec07ae13fb4ec41327a0736633f5bd1676186df.pt
2026-06-28 10:29:32 - __main__ - INFO - CAM cutout window: index=16837 copy=1 cutout_mode=cam_low top=1 left=2 height=10 width=10
2026-06-28 10:29:32 - __main__ - INFO - CAM cutout window: index=31476 copy=5 cutout_mode=cam_low top=21 left=2 height=10 width=10
2026-06-28 10:29:32 - __main__ - INFO - CAM cutout window: index=30534 copy=3 cutout_mode=cam_low top=19 left=1 height=10 width=10
2026-06-28 10:29:32 - __main__ - INFO - CAM cutout window: index=30751 copy=8 cutout_mode=cam_low top=15 left=1 height=10 width=10
2026-06-28 10:29:32 - __main__ - INFO - CAM cache hit: /content/cam_cache/cifar100/resnet18/seed42/45/3c/453ca18033d0150d83a23a2a493f97d629fc20df82778e1ab1985068ab9fc597.pt
2026-06-28 10:29:32 - __main__ - INFO - CAM cache hit: /content/cam_cache/cifar100/resnet18/seed42/c4/5d/c45d8c0b04a94c6dd330d2ef849c59f3e525bb2734c503068b88c5a6f429cb6e.pt
2026-06-28 10:29:32 - __main__ - INFO - CAM cutout window: index=37289 copy=2 cutout_mode=cam_low top=1 left=20 height=10 width=10
2026-06-28 10:29:32 - __main__ - INFO - CAM cache hit: /content/cam_cache/cifar100/resnet18/seed42/58/4a/584a3e51c3eca5f4a538da607a12116e74bce944dc8133e24781d34a7384b884.pt
2026-06-28 10:29:32 - __main__ - INFO - CAM cache hit: /content/cam_cache/cifar100/resnet18/seed42/7d/e0/7de06b5e0aec7b2ce22ee246e911b3dccd4bfaafd5a9dfd1b48c62876158a3a1.pt
2026-06-28 10:29:32 - __main__ - INFO - CAM cutout window: index=35869 copy=7 cutout_mode=cam_low top=0 left=4 height=10 width=10
2026-06-28 10:29:32 - __main__ - INFO - CAM cutout window: index=4223 copy=5 cutout_mode=cam_low top=3 left=1 height=10 width=10
2026-06-28 10:29:32 - __main__ - INFO - CAM cutout window: index=17541 copy=1 cutout_mode=cam_low top=6 left=1 height=10 width=10
2026-06-28 10:31:35 - __main__ - INFO - Train: loss 0.3725 acc1 89.15%
2026-06-28 10:31:35 - __main__ - INFO - Val:   loss 2.4009 acc1 48.46%
2026-06-28 10:31:35 - __main__ - INFO - 
Epoch 28/100 | lr 0.087342
2026-06-28 10:31:35 - __main__ - INFO - CAM cache hit: /content/cam_cache/cifar100/resnet18/seed42/c8/77/c877032d3cfd0213797566bc063656808dae23efef788901dff6821e57ab4f94.pt
2026-06-28 10:31:35 - __main__ - INFO - CAM cache hit: /content/cam_cache/cifar100/resnet18/seed42/72/e9/72e9245f94cc6763b2369fb1cf3b110d5ea58e7ed950976e00a8902ac5af92ba.pt
2026-06-28 10:31:35 - __main__ - INFO - CAM cache hit: /content/cam_cache/cifar100/resnet18/seed42/de/59/de5923cd3d0bbbcb63dc0daba7698b6800293a41f9e074a2b78bc1cf1cd82d17.pt
2026-06-28 10:31:35 - __main__ - INFO - CAM cutout window: index=1647 copy=2 cutout_mode=cam_low top=0 left=19 height=10 width=10
2026-06-28 10:31:35 - __main__ - INFO - CAM cutout window: index=18043 copy=2 cutout_mode=cam_low top=20 left=2 height=10 width=10
2026-06-28 10:31:35 - __main__ - INFO - CAM cutout window: index=10567 copy=6 cutout_mode=cam_low top=21 left=5 height=10 width=10
2026-06-28 10:31:35 - __main__ - INFO - CAM cache hit: /content/cam_cache/cifar100/resnet18/seed42/e0/a9/e0a919b31762a0fbea49d51f14ba2940f783d0da76bb4e27418c8e43173f8d3b.pt
2026-06-28 10:31:35 - __main__ - INFO - CAM cutout window: index=35404 copy=8 cutout_mode=cam_low top=17 left=22 height=10 width=10
2026-06-28 10:31:35 - __main__ - INFO - CAM cache hit: /content/cam_cache/cifar100/resnet18/seed42/7f/c2/7fc2376d43b0e989ab83cdb3ddf9de05d14ddd52a63fe49376f5025348cafac1.pt
2026-06-28 10:31:35 - __main__ - INFO - CAM cache hit: /content/cam_cache/cifar100/resnet18/seed42/a6/eb/a6eb99eaa8c873560e09027cff5aa419f98713511564f03fa26e26dc66a6937e.pt
2026-06-28 10:31:35 - __main__ - INFO - CAM cache hit: /content/cam_cache/cifar100/resnet18/seed42/fb/57/fb57b9dcfff18fdf04775f68e03577cc5fd89ec0dd450d8849479e150ee2b0c6.pt
2026-06-28 10:31:35 - __main__ - INFO - CAM cutout window: index=29474 copy=7 cutout_mode=cam_low top=2 left=0 height=10 width=10
2026-06-28 10:31:35 - __main__ - INFO - CAM cutout window: index=39874 copy=6 cutout_mode=cam_low top=2 left=1 height=10 width=10
2026-06-28 10:31:35 - __main__ - INFO - CAM cutout window: index=41763 copy=1 cutout_mode=cam_low top=5 left=1 height=10 width=10
2026-06-28 10:31:35 - __main__ - INFO - CAM cache hit: /content/cam_cache/cifar100/resnet18/seed42/47/05/4705442e52daf4006f5a6fe8d959de7a857658502d5acc87f29c1823574bc19e.pt
2026-06-28 10:31:35 - __main__ - INFO - CAM cutout window: index=27363 copy=4 cutout_mode=cam_low top=1 left=21 height=10 width=10
2026-06-28 10:33:38 - __main__ - INFO - Train: loss 0.3698 acc1 89.25%
2026-06-28 10:33:38 - __main__ - INFO - Val:   loss 2.5741 acc1 46.89%
2026-06-28 10:33:38 - __main__ - INFO - 
Epoch 29/100 | lr 0.086223
2026-06-28 10:33:38 - __main__ - INFO - CAM cache hit: /content/cam_cache/cifar100/resnet18/seed42/f5/d2/f5d25121ccca1faddca9644a6743fcdefa3517b4ddf34d3d043ee6305f36aaf9.pt
2026-06-28 10:33:38 - __main__ - INFO - CAM cache hit: /content/cam_cache/cifar100/resnet18/seed42/cb/8a/cb8a32e9904865fca48cc66186cf51a72ba9eec3bb6e9d9f719fc801d81b0985.pt
2026-06-28 10:33:38 - __main__ - INFO - CAM cache hit: /content/cam_cache/cifar100/resnet18/seed42/2e/28/2e288294fd5469a833a3702d1e0a9fdbffabf690bd6ac4a8ea38533feccb254b.pt
2026-06-28 10:33:38 - __main__ - INFO - CAM cache hit: /content/cam_cache/cifar100/resnet18/seed42/0e/67/0e676293c4198dad4a8ad0e72c7ea9a8b8fd04b532ca4dd6e93d6889671d2c86.pt
2026-06-28 10:33:38 - __main__ - INFO - CAM cutout window: index=13782 copy=4 cutout_mode=cam_low top=2 left=1 height=10 width=10
2026-06-28 10:33:38 - __main__ - INFO - CAM cutout window: index=43175 copy=3 cutout_mode=cam_low top=20 left=0 height=10 width=10
2026-06-28 10:33:38 - __main__ - INFO - CAM cutout window: index=36899 copy=8 cutout_mode=cam_low top=17 left=0 height=10 width=10
2026-06-28 10:33:38 - __main__ - INFO - CAM cutout window: index=11975 copy=5 cutout_mode=cam_low top=16 left=22 height=10 width=10
2026-06-28 10:33:38 - __main__ - INFO - CAM cache hit: /content/cam_cache/cifar100/resnet18/seed42/c7/6b/c76b5e0edfacfbe83ba9d22b9b6bf3d945ca82213688377cc910e98461270331.pt
2026-06-28 10:33:38 - __main__ - INFO - CAM cache hit: /content/cam_cache/cifar100/resnet18/seed42/93/8c/938c764a76fb72b57138644888aa45464b84642f3e20cd1c284ae2f809b50589.pt
2026-06-28 10:33:38 - __main__ - INFO - CAM cutout window: index=36063 copy=4 cutout_mode=cam_low top=18 left=21 height=10 width=10
2026-06-28 10:33:38 - __main__ - INFO - CAM cache hit: /content/cam_cache/cifar100/resnet18/seed42/bf/ff/bfff5d92719f363e9806a7a01c2e44c737afaec75eb01fec9a5487c4e6bd9cbd.pt
2026-06-28 10:33:38 - __main__ - INFO - CAM cache hit: /content/cam_cache/cifar100/resnet18/seed42/d4/9a/d49af5c570f1d01efe7f4f43d8d312d76a0019903ba66572ba6aaf371ef2302f.pt
2026-06-28 10:33:38 - __main__ - INFO - CAM cutout window: index=22814 copy=4 cutout_mode=cam_low top=2 left=1 height=10 width=10
2026-06-28 10:33:38 - __main__ - INFO - CAM cutout window: index=5232 copy=1 cutout_mode=cam_low top=22 left=2 height=10 width=10
2026-06-28 10:33:38 - __main__ - INFO - CAM cutout window: index=27458 copy=8 cutout_mode=cam_low top=3 left=0 height=10 width=10
2026-06-28 10:35:40 - __main__ - INFO - Train: loss 0.3610 acc1 89.52%
2026-06-28 10:35:40 - __main__ - INFO - Val:   loss 2.2913 acc1 50.09%
2026-06-28 10:35:40 - __main__ - INFO - 
Epoch 30/100 | lr 0.085063
2026-06-28 10:35:40 - __main__ - INFO - CAM cache hit: /content/cam_cache/cifar100/resnet18/seed42/66/e3/66e399713aa0dafca7298bce7f6606749207a207714f63e825f3edbffe7e627d.pt
2026-06-28 10:35:40 - __main__ - INFO - CAM cache hit: /content/cam_cache/cifar100/resnet18/seed42/f2/2a/f22a89e8b4402ac512c34469dd1431ceb57d7a41542ff14e31b9e45a6cdd6086.pt
2026-06-28 10:35:40 - __main__ - INFO - CAM cache hit: /content/cam_cache/cifar100/resnet18/seed42/e8/ed/e8ed9bdd7a41b5b172cb3d38eb81fb308c91af394a76b470d1504db38cfb5f1a.pt
2026-06-28 10:35:40 - __main__ - INFO - CAM cutout window: index=38937 copy=8 cutout_mode=cam_low top=21 left=21 height=10 width=10
2026-06-28 10:35:40 - __main__ - INFO - CAM cutout window: index=9577 copy=2 cutout_mode=cam_low top=4 left=21 height=10 width=10
2026-06-28 10:35:40 - __main__ - INFO - CAM cache hit: /content/cam_cache/cifar100/resnet18/seed42/ab/b1/abb1a9f0bf3f39b3ae2917c2d7ba4aa5af7b9041b9ca7f272b6ed14ab95cc903.pt
2026-06-28 10:35:40 - __main__ - INFO - CAM cutout window: index=21100 copy=6 cutout_mode=cam_low top=21 left=17 height=10 width=10
2026-06-28 10:35:40 - __main__ - INFO - CAM cutout window: index=38704 copy=5 cutout_mode=cam_low top=2 left=19 height=10 width=10
2026-06-28 10:35:40 - __main__ - INFO - CAM cache hit: /content/cam_cache/cifar100/resnet18/seed42/fa/a4/faa4a25397a4a29283e1aa58dabb267429680a18e220e581e0100f8b82a27742.pt
2026-06-28 10:35:40 - __main__ - INFO - CAM cache hit: /content/cam_cache/cifar100/resnet18/seed42/bc/e7/bce7fec20a7d5669e7101705ff84039afbea9911a1544312464d7b4dfd674ec9.pt
2026-06-28 10:35:40 - __main__ - INFO - CAM cutout window: index=27992 copy=5 cutout_mode=cam_low top=0 left=20 height=10 width=10
2026-06-28 10:35:40 - __main__ - INFO - CAM cutout window: index=34261 copy=4 cutout_mode=cam_low top=20 left=0 height=10 width=10
2026-06-28 10:35:40 - __main__ - INFO - CAM cache hit: /content/cam_cache/cifar100/resnet18/seed42/ba/02/ba027d8f476682a82372cbf8a1922eae1f42c6b77465b0c091334cc81cc21a99.pt
2026-06-28 10:35:40 - __main__ - INFO - CAM cache hit: /content/cam_cache/cifar100/resnet18/seed42/8d/5a/8d5a53f29ec058a99fdbfd568e001bf8ef54ba2c804b6c5db5235015202fd6dd.pt
2026-06-28 10:35:40 - __main__ - INFO - CAM cutout window: index=25233 copy=1 cutout_mode=cam_low top=0 left=22 height=10 width=10
2026-06-28 10:35:40 - __main__ - INFO - CAM cutout window: index=28521 copy=3 cutout_mode=cam_low top=21 left=21 height=10 width=10
2026-06-28 10:37:43 - __main__ - INFO - Train: loss 0.3565 acc1 89.69%
2026-06-28 10:37:43 - __main__ - INFO - Val:   loss 2.4346 acc1 48.15%
2026-06-28 10:37:43 - __main__ - INFO - 
Epoch 31/100 | lr 0.083866
2026-06-28 10:37:43 - __main__ - INFO - CAM cache hit: /content/cam_cache/cifar100/resnet18/seed42/80/18/8018b2c267c246eb09c2cfe50606c6bab3c846aad07526e140d779831365608f.pt
2026-06-28 10:37:43 - __main__ - INFO - CAM cache hit: /content/cam_cache/cifar100/resnet18/seed42/cb/31/cb310607a00ae20cb935d6b9f6ba2c80c313597bf015b30e5c70a6fe983f06f6.pt
2026-06-28 10:37:43 - __main__ - INFO - CAM cache hit: /content/cam_cache/cifar100/resnet18/seed42/fc/d8/fcd899cc975620197069826bc2a98e901ccb7c875ef4fd729c9270908ac9bc75.pt
2026-06-28 10:37:43 - __main__ - INFO - CAM cache hit: /content/cam_cache/cifar100/resnet18/seed42/9f/53/9f53bd413fbbf382f5da672f57ca3aca1a23bdf629100754a176458ff40c3096.pt
2026-06-28 10:37:43 - __main__ - INFO - CAM cutout window: index=43745 copy=5 cutout_mode=cam_low top=1 left=18 height=10 width=10
2026-06-28 10:37:43 - __main__ - INFO - CAM cutout window: index=11254 copy=7 cutout_mode=cam_low top=20 left=20 height=10 width=10
2026-06-28 10:37:43 - __main__ - INFO - CAM cutout window: index=42516 copy=1 cutout_mode=cam_low top=1 left=3 height=10 width=10
2026-06-28 10:37:43 - __main__ - INFO - CAM cutout window: index=17099 copy=8 cutout_mode=cam_low top=22 left=1 height=10 width=10
2026-06-28 10:37:43 - __main__ - INFO - CAM cache hit: /content/cam_cache/cifar100/resnet18/seed42/53/0a/530a33a5a6d9eecd3b4b3286697d6c146563d939a51f8c71bf8daae1744ea74c.pt
2026-06-28 10:37:43 - __main__ - INFO - CAM cache hit: /content/cam_cache/cifar100/resnet18/seed42/af/8f/af8fd8ff0bf1924506065eda059d1eb37876f3d2da2a5d1810a6a86e36a2006c.pt
2026-06-28 10:37:43 - __main__ - INFO - CAM cutout window: index=32450 copy=4 cutout_mode=cam_low top=0 left=0 height=10 width=10
2026-06-28 10:37:43 - __main__ - INFO - CAM cache hit: /content/cam_cache/cifar100/resnet18/seed42/46/21/46217e48e548263a0409e10f6d6d5bed40ec45a0115896193eedd1c7319462a0.pt
2026-06-28 10:37:43 - __main__ - INFO - CAM cutout window: index=20608 copy=3 cutout_mode=cam_low top=19 left=2 height=10 width=10
2026-06-28 10:37:43 - __main__ - INFO - CAM cache hit: /content/cam_cache/cifar100/resnet18/seed42/c4/3f/c43f7d8e4b86603bfef9415d430d239cf2ce8459bc8fb889a8c397baebc5c937.pt
2026-06-28 10:37:43 - __main__ - INFO - CAM cutout window: index=3737 copy=1 cutout_mode=cam_low top=22 left=21 height=10 width=10
2026-06-28 10:37:43 - __main__ - INFO - CAM cutout window: index=38004 copy=6 cutout_mode=cam_low top=22 left=1 height=10 width=10
2026-06-28 10:39:46 - __main__ - INFO - Train: loss 0.3459 acc1 89.94%
2026-06-28 10:39:46 - __main__ - INFO - Val:   loss 2.5490 acc1 50.14%
2026-06-28 10:39:46 - __main__ - INFO - 
Epoch 32/100 | lr 0.082631
2026-06-28 10:39:46 - __main__ - INFO - CAM cache hit: /content/cam_cache/cifar100/resnet18/seed42/b1/f9/b1f9da89853a721b58cef21a5d0ccab14e44fa6bf68ade88b5bfe643975550c9.pt
2026-06-28 10:39:46 - __main__ - INFO - CAM cache hit: /content/cam_cache/cifar100/resnet18/seed42/f7/75/f775996a285d64f48244a0d90672ea04df1d90347746a12d8d7abd945ce25911.pt
2026-06-28 10:39:46 - __main__ - INFO - CAM cache hit: /content/cam_cache/cifar100/resnet18/seed42/b5/81/b581d482cd68716237b6d3cc03721d21023c55eb444e8a2401be8fd56fef8bf6.pt
2026-06-28 10:39:46 - __main__ - INFO - CAM cutout window: index=12523 copy=3 cutout_mode=cam_low top=21 left=17 height=10 width=10
2026-06-28 10:39:46 - __main__ - INFO - CAM cache hit: /content/cam_cache/cifar100/resnet18/seed42/b6/ea/b6ea2aeb4027fe40229675bb86d09446c7fabde9aefbe681df1a837934ccb0f9.pt
2026-06-28 10:39:46 - __main__ - INFO - CAM cutout window: index=33266 copy=3 cutout_mode=cam_low top=1 left=21 height=10 width=10
2026-06-28 10:39:46 - __main__ - INFO - CAM cutout window: index=18755 copy=8 cutout_mode=cam_low top=2 left=20 height=10 width=10
2026-06-28 10:39:46 - __main__ - INFO - CAM cutout window: index=11891 copy=4 cutout_mode=cam_low top=1 left=4 height=10 width=10
2026-06-28 10:39:46 - __main__ - INFO - CAM cache hit: /content/cam_cache/cifar100/resnet18/seed42/fd/e6/fde642e9d85680ef558093495d33a38a454f0fea4acda0c0274d7b1ae3d3b03b.pt
2026-06-28 10:39:46 - __main__ - INFO - CAM cache hit: /content/cam_cache/cifar100/resnet18/seed42/48/9e/489ef9c2dc8c0087063e26b6ecd192826e1fdc570a12e063425d7a325d40aaf1.pt
2026-06-28 10:39:46 - __main__ - INFO - CAM cutout window: index=43243 copy=6 cutout_mode=cam_low top=22 left=8 height=10 width=10
2026-06-28 10:39:46 - __main__ - INFO - CAM cache hit: /content/cam_cache/cifar100/resnet18/seed42/8c/e3/8ce3af24878d2e8a1210d6f1fd694cb76fc6e8a367eb14bab276bb9d4a533fcf.pt
2026-06-28 10:39:46 - __main__ - INFO - CAM cache hit: /content/cam_cache/cifar100/resnet18/seed42/f7/be/f7bef894b2e040a83b2c5d172cfad0c53bcb51024590633c23256b97d315910f.pt
2026-06-28 10:39:46 - __main__ - INFO - CAM cutout window: index=12702 copy=8 cutout_mode=cam_low top=6 left=1 height=10 width=10
2026-06-28 10:39:46 - __main__ - INFO - CAM cutout window: index=20566 copy=4 cutout_mode=cam_low top=20 left=18 height=10 width=10
2026-06-28 10:39:46 - __main__ - INFO - CAM cutout window: index=23693 copy=6 cutout_mode=cam_low top=0 left=3 height=10 width=10
2026-06-28 10:41:49 - __main__ - INFO - Train: loss 0.3409 acc1 90.11%
2026-06-28 10:41:49 - __main__ - INFO - Val:   loss 2.5998 acc1 47.24%
2026-06-28 10:41:49 - __main__ - INFO - 
Epoch 33/100 | lr 0.081361
2026-06-28 10:41:49 - __main__ - INFO - CAM cache hit: /content/cam_cache/cifar100/resnet18/seed42/b0/f8/b0f8ad674b0d4eb89f5fb104a1240412636edeb06d0ad533a81f315c8513423d.pt
2026-06-28 10:41:49 - __main__ - INFO - CAM cache hit: /content/cam_cache/cifar100/resnet18/seed42/9a/e3/9ae3bd7849583cf4b6dc8171b38b4dce338de477c9a902356e35cbd8cc8e3cb6.pt
2026-06-28 10:41:49 - __main__ - INFO - CAM cutout window: index=12901 copy=1 cutout_mode=cam_low top=21 left=18 height=10 width=10
2026-06-28 10:41:49 - __main__ - INFO - CAM cache hit: /content/cam_cache/cifar100/resnet18/seed42/27/fa/27fa034eea7fe926f2ade3e3322fff80a3bc31ba6b56490fd5a2061bbec4ecaa.pt
2026-06-28 10:41:49 - __main__ - INFO - CAM cutout window: index=34153 copy=7 cutout_mode=cam_low top=3 left=2 height=10 width=10
2026-06-28 10:41:49 - __main__ - INFO - CAM cutout window: index=7214 copy=4 cutout_mode=cam_low top=2 left=22 height=10 width=10
2026-06-28 10:41:49 - __main__ - INFO - CAM cache hit: /content/cam_cache/cifar100/resnet18/seed42/40/a2/40a2ea7a7eea5e0324a5e7e192e0bc99721ef04f835ee9c45d2fee748f534e3c.pt
2026-06-28 10:41:49 - __main__ - INFO - CAM cutout window: index=40350 copy=7 cutout_mode=cam_low top=2 left=20 height=10 width=10
2026-06-28 10:41:49 - __main__ - INFO - CAM cache hit: /content/cam_cache/cifar100/resnet18/seed42/10/b4/10b4593bbe7938a0c8e68985a88d1163abde67018c9816606eb5f33866c24358.pt
2026-06-28 10:41:49 - __main__ - INFO - CAM cache hit: /content/cam_cache/cifar100/resnet18/seed42/15/7d/157da7e4676cd6510ce8ad93dfe92ab66bebfc8e2e8b6257249493628dc39901.pt
2026-06-28 10:41:49 - __main__ - INFO - CAM cutout window: index=7591 copy=6 cutout_mode=cam_low top=1 left=2 height=10 width=10
2026-06-28 10:41:49 - __main__ - INFO - CAM cutout window: index=38723 copy=4 cutout_mode=cam_low top=1 left=22 height=10 width=10
2026-06-28 10:41:49 - __main__ - INFO - CAM cache hit: /content/cam_cache/cifar100/resnet18/seed42/8c/26/8c26d9eaca1ce7052becb32a9274db3d49709072cecf956dc08a920497b06e96.pt
2026-06-28 10:41:49 - __main__ - INFO - CAM cutout window: index=2716 copy=3 cutout_mode=cam_low top=21 left=0 height=10 width=10
2026-06-28 10:41:49 - __main__ - INFO - CAM cache hit: /content/cam_cache/cifar100/resnet18/seed42/60/5d/605d05b7cf3e0d2104aa5d804d1ed8e429d6a767b441e73faf21c40b349b99c5.pt
2026-06-28 10:41:49 - __main__ - INFO - CAM cutout window: index=1520 copy=5 cutout_mode=cam_low top=3 left=0 height=10 width=10
2026-06-28 10:43:52 - __main__ - INFO - Train: loss 0.3356 acc1 90.28%
2026-06-28 10:43:52 - __main__ - INFO - Val:   loss 2.4333 acc1 49.08%
2026-06-28 10:43:52 - __main__ - INFO - 
Epoch 34/100 | lr 0.080056
2026-06-28 10:43:52 - __main__ - INFO - CAM cache hit: /content/cam_cache/cifar100/resnet18/seed42/56/21/5621d0cb4327fc67b4e5eff27eba1362fc05c8cfa65e94b48b184a3b12d70b00.pt
2026-06-28 10:43:52 - __main__ - INFO - CAM cache hit: /content/cam_cache/cifar100/resnet18/seed42/0a/ed/0aed1362b5f648cae979bb4220265c6264e65fc0d815d5bad78d6dc3a43d0361.pt
2026-06-28 10:43:52 - __main__ - INFO - CAM cache hit: /content/cam_cache/cifar100/resnet18/seed42/6a/31/6a31be4ba731f8d90544877254fd3006b790b098e8685f3e0136a4457dbcaf31.pt
2026-06-28 10:43:52 - __main__ - INFO - CAM cutout window: index=29335 copy=5 cutout_mode=cam_low top=1 left=1 height=10 width=10
2026-06-28 10:43:52 - __main__ - INFO - CAM cutout window: index=84 copy=8 cutout_mode=cam_low top=19 left=2 height=10 width=10
2026-06-28 10:43:52 - __main__ - INFO - CAM cutout window: index=30771 copy=4 cutout_mode=cam_low top=0 left=0 height=10 width=10
2026-06-28 10:43:52 - __main__ - INFO - CAM cache hit: /content/cam_cache/cifar100/resnet18/seed42/82/b3/82b3e0c3ab1cf4b186cf55a351114c6a938646926caa2326987be5a9fe0420a5.pt
2026-06-28 10:43:52 - __main__ - INFO - CAM cutout window: index=13344 copy=5 cutout_mode=cam_low top=21 left=0 height=10 width=10
2026-06-28 10:43:52 - __main__ - INFO - CAM cache hit: /content/cam_cache/cifar100/resnet18/seed42/d1/95/d19546c4a871a1afc27529fd15eab8c75068621b13c6db07217157023f3e4f05.pt
2026-06-28 10:43:52 - __main__ - INFO - CAM cache hit: /content/cam_cache/cifar100/resnet18/seed42/99/66/9966ceb396edb07d64c944dc64b6a83b6865d0c27d98442eefc859ecb3733c37.pt
2026-06-28 10:43:52 - __main__ - INFO - CAM cutout window: index=34858 copy=6 cutout_mode=cam_low top=0 left=14 height=10 width=10
2026-06-28 10:43:52 - __main__ - INFO - CAM cutout window: index=30127 copy=7 cutout_mode=cam_low top=0 left=21 height=10 width=10
2026-06-28 10:43:52 - __main__ - INFO - CAM cache hit: /content/cam_cache/cifar100/resnet18/seed42/23/b7/23b792aa084a3bf21faa2da9f0e57317fb166697790124d814c497b5f8cace82.pt
2026-06-28 10:43:52 - __main__ - INFO - CAM cache hit: /content/cam_cache/cifar100/resnet18/seed42/cc/cb/cccb6e5b33dd0986b91bfc72e663f697011d3fbcc5007129ac72f4d885a4d22a.pt
2026-06-28 10:43:52 - __main__ - INFO - CAM cutout window: index=27826 copy=5 cutout_mode=cam_low top=0 left=2 height=10 width=10
2026-06-28 10:43:52 - __main__ - INFO - CAM cutout window: index=18105 copy=8 cutout_mode=cam_low top=21 left=22 height=10 width=10
2026-06-28 10:45:55 - __main__ - INFO - Train: loss 0.3240 acc1 90.64%
2026-06-28 10:45:55 - __main__ - INFO - Val:   loss 2.5836 acc1 48.71%
2026-06-28 10:45:55 - __main__ - INFO - 
Epoch 35/100 | lr 0.078719
2026-06-28 10:45:55 - __main__ - INFO - CAM cache hit: /content/cam_cache/cifar100/resnet18/seed42/2a/f8/2af8dc0685312cc2f747e043b1ee6c0d8afbdee8a80b218662ad3799bf0ff481.pt
2026-06-28 10:45:55 - __main__ - INFO - CAM cache hit: /content/cam_cache/cifar100/resnet18/seed42/31/46/314600bd078e618ed8522267347455fd9d9acd49249ac04936a1dd0caaa0c6a6.pt
2026-06-28 10:45:55 - __main__ - INFO - CAM cache hit: /content/cam_cache/cifar100/resnet18/seed42/ab/95/ab95ebac4a47a960189b99c0362f253df6954d732dde1d13093daba2079a0abf.pt
2026-06-28 10:45:55 - __main__ - INFO - CAM cache hit: /content/cam_cache/cifar100/resnet18/seed42/47/72/4772abc06e7ec2100b1281d6446257ad9e83051d7664e0a9d3d315f36b5d3304.pt
2026-06-28 10:45:55 - __main__ - INFO - CAM cutout window: index=13148 copy=4 cutout_mode=cam_low top=20 left=20 height=10 width=10
2026-06-28 10:45:55 - __main__ - INFO - CAM cutout window: index=24169 copy=7 cutout_mode=cam_low top=5 left=0 height=10 width=10
2026-06-28 10:45:55 - __main__ - INFO - CAM cutout window: index=3814 copy=6 cutout_mode=cam_low top=1 left=22 height=10 width=10
2026-06-28 10:45:55 - __main__ - INFO - CAM cutout window: index=34665 copy=2 cutout_mode=cam_low top=22 left=21 height=10 width=10
2026-06-28 10:45:55 - __main__ - INFO - CAM cache hit: /content/cam_cache/cifar100/resnet18/seed42/51/fe/51fee1ee55d314f3888565500bed746f098ef79b09249578a8176f761f73f3c5.pt
2026-06-28 10:45:55 - __main__ - INFO - CAM cache hit: /content/cam_cache/cifar100/resnet18/seed42/26/45/2645595840ab20036aec01309f5fd5d9e11545d8cbf02b0bc8a833ee310e34e0.pt
2026-06-28 10:45:55 - __main__ - INFO - CAM cutout window: index=3721 copy=2 cutout_mode=cam_low top=0 left=11 height=10 width=10
2026-06-28 10:45:55 - __main__ - INFO - CAM cache hit: /content/cam_cache/cifar100/resnet18/seed42/0a/c9/0ac9007eb52c740a85e159d9c15a4126b90487ae176fc09e1b7292d577b2195b.pt
2026-06-28 10:45:55 - __main__ - INFO - CAM cache hit: /content/cam_cache/cifar100/resnet18/seed42/19/00/19000b306666493ad0642fdce8adc9874efe4f8893024eb48f9b3224663c08dd.pt
2026-06-28 10:45:55 - __main__ - INFO - CAM cutout window: index=10582 copy=3 cutout_mode=cam_low top=5 left=1 height=10 width=10
2026-06-28 10:45:55 - __main__ - INFO - CAM cutout window: index=14345 copy=8 cutout_mode=cam_low top=0 left=5 height=10 width=10
2026-06-28 10:45:55 - __main__ - INFO - CAM cutout window: index=35961 copy=8 cutout_mode=cam_low top=1 left=19 height=10 width=10
2026-06-28 10:47:57 - __main__ - INFO - Train: loss 0.3212 acc1 90.66%
2026-06-28 10:47:57 - __main__ - INFO - Val:   loss 2.3764 acc1 51.62%
2026-06-28 10:47:57 - __main__ - INFO - saved best: 51.62%
2026-06-28 10:47:57 - __main__ - INFO - 
Epoch 36/100 | lr 0.077350
2026-06-28 10:47:58 - __main__ - INFO - CAM cache hit: /content/cam_cache/cifar100/resnet18/seed42/e8/b1/e8b1891db2f1e1e62fb19890b8cec42e15131c5ff4f43ced45962a5fca330c69.pt
2026-06-28 10:47:58 - __main__ - INFO - CAM cache hit: /content/cam_cache/cifar100/resnet18/seed42/0e/a0/0ea0e616de129df7585b803fb71db938237b7bec6aa4d3b709ae91113cc31a30.pt
2026-06-28 10:47:58 - __main__ - INFO - CAM cache hit: /content/cam_cache/cifar100/resnet18/seed42/ea/44/ea44d35eee163e4365730bcd9bf26c937cf8b98966187039598e973eea5065c8.pt
2026-06-28 10:47:58 - __main__ - INFO - CAM cutout window: index=36835 copy=8 cutout_mode=cam_low top=1 left=2 height=10 width=10
2026-06-28 10:47:58 - __main__ - INFO - CAM cache hit: /content/cam_cache/cifar100/resnet18/seed42/6a/c3/6ac341b470eee00e13e3f468cdaf724fc82748a8f82d1a5a14acb05db0056eba.pt
2026-06-28 10:47:58 - __main__ - INFO - CAM cutout window: index=1247 copy=1 cutout_mode=cam_low top=15 left=22 height=10 width=10
2026-06-28 10:47:58 - __main__ - INFO - CAM cutout window: index=17158 copy=4 cutout_mode=cam_low top=21 left=0 height=10 width=10
2026-06-28 10:47:58 - __main__ - INFO - CAM cutout window: index=1563 copy=4 cutout_mode=cam_low top=2 left=2 height=10 width=10
2026-06-28 10:47:58 - __main__ - INFO - CAM cache hit: /content/cam_cache/cifar100/resnet18/seed42/b6/ab/b6abd2418749bfd7fc62d3b289816d6ca8810223318fb34eb74b134885f8172f.pt
2026-06-28 10:47:58 - __main__ - INFO - CAM cache hit: /content/cam_cache/cifar100/resnet18/seed42/28/bf/28bfe753d77510a1f9a660bb9ea62d426252f041d245f7e4a8b327078b36e51c.pt
2026-06-28 10:47:58 - __main__ - INFO - CAM cutout window: index=32847 copy=3 cutout_mode=cam_low top=22 left=0 height=10 width=10
2026-06-28 10:47:58 - __main__ - INFO - CAM cutout window: index=30528 copy=1 cutout_mode=cam_low top=1 left=21 height=10 width=10
2026-06-28 10:47:58 - __main__ - INFO - CAM cache hit: /content/cam_cache/cifar100/resnet18/seed42/4b/46/4b461f9afaf24e7f362addb355ea6ed0af6e8967e8f7368f3f365d51cca4bbb9.pt
2026-06-28 10:47:58 - __main__ - INFO - CAM cache hit: /content/cam_cache/cifar100/resnet18/seed42/96/06/96060fcbc1733599e2a430bfac5610fd72354427b73e289df5514ce3db7d990b.pt
2026-06-28 10:47:58 - __main__ - INFO - CAM cutout window: index=27704 copy=6 cutout_mode=cam_low top=4 left=1 height=10 width=10
2026-06-28 10:47:58 - __main__ - INFO - CAM cutout window: index=15247 copy=4 cutout_mode=cam_low top=3 left=22 height=10 width=10
2026-06-28 10:50:00 - __main__ - INFO - Train: loss 0.3096 acc1 91.02%
2026-06-28 10:50:00 - __main__ - INFO - Val:   loss 2.5055 acc1 49.08%
2026-06-28 10:50:00 - __main__ - INFO - 
Epoch 37/100 | lr 0.075951
2026-06-28 10:50:00 - __main__ - INFO - CAM cache hit: /content/cam_cache/cifar100/resnet18/seed42/20/d1/20d1c685dc42f0cce97350f2d50c0458d8136c350c57a711bba1490305a4f251.pt
2026-06-28 10:50:00 - __main__ - INFO - CAM cache hit: /content/cam_cache/cifar100/resnet18/seed42/03/8a/038a9b6e7506822878220722bc22f1c2331574c497fae82c32677cc3584c8dff.pt
2026-06-28 10:50:00 - __main__ - INFO - CAM cache hit: /content/cam_cache/cifar100/resnet18/seed42/be/a1/bea1d83837f1fe13aa726480a35f76b2fa7c0c129aa5f4ccda5555920b2e46ca.pt
2026-06-28 10:50:00 - __main__ - INFO - CAM cache hit: /content/cam_cache/cifar100/resnet18/seed42/85/79/857918338f72b59c859e71ddcd4116b458c0b8bcadbea3c1e1ca0fb1186ae65b.pt
2026-06-28 10:50:00 - __main__ - INFO - CAM cutout window: index=23482 copy=4 cutout_mode=cam_low top=3 left=1 height=10 width=10
2026-06-28 10:50:00 - __main__ - INFO - CAM cutout window: index=21376 copy=6 cutout_mode=cam_low top=3 left=2 height=10 width=10
2026-06-28 10:50:00 - __main__ - INFO - CAM cutout window: index=2519 copy=7 cutout_mode=cam_low top=8 left=0 height=10 width=10
2026-06-28 10:50:00 - __main__ - INFO - CAM cutout window: index=12271 copy=3 cutout_mode=cam_low top=2 left=21 height=10 width=10
2026-06-28 10:50:00 - __main__ - INFO - CAM cache hit: /content/cam_cache/cifar100/resnet18/seed42/ae/c3/aec3be40512bbadd8df2a5086aa388256fb7121cd6fab75cd7e51944d7756d07.pt
2026-06-28 10:50:00 - __main__ - INFO - CAM cache hit: /content/cam_cache/cifar100/resnet18/seed42/1a/50/1a501e492466fc794a47f07d57507b94b5c2be210e6cfba8f6ada3de62bb8bf5.pt
2026-06-28 10:50:00 - __main__ - INFO - CAM cache hit: /content/cam_cache/cifar100/resnet18/seed42/ed/de/edde8d5a6c2b21e44b83863a9d5fd50707a457c3c830f5af58bedafdc86ca714.pt
2026-06-28 10:50:00 - __main__ - INFO - CAM cache hit: /content/cam_cache/cifar100/resnet18/seed42/57/fe/57feb6c549eed2188b6e701d7249d7bbf226434dc9a0ce7bf72c92dcdca44c5a.pt
2026-06-28 10:50:00 - __main__ - INFO - CAM cutout window: index=30693 copy=1 cutout_mode=cam_low top=18 left=21 height=10 width=10
2026-06-28 10:50:00 - __main__ - INFO - CAM cutout window: index=37948 copy=7 cutout_mode=cam_low top=21 left=20 height=10 width=10
2026-06-28 10:50:00 - __main__ - INFO - CAM cutout window: index=21542 copy=1 cutout_mode=cam_low top=22 left=21 height=10 width=10
2026-06-28 10:50:00 - __main__ - INFO - CAM cutout window: index=42828 copy=7 cutout_mode=cam_low top=22 left=22 height=10 width=10
2026-06-28 10:52:03 - __main__ - INFO - Train: loss 0.3045 acc1 91.19%
2026-06-28 10:52:03 - __main__ - INFO - Val:   loss 2.3844 acc1 49.86%
2026-06-28 10:52:03 - __main__ - INFO - 
Epoch 38/100 | lr 0.074524
2026-06-28 10:52:03 - __main__ - INFO - CAM cache hit: /content/cam_cache/cifar100/resnet18/seed42/af/22/af223ec81168deb0d62fc4e72972c3e6c8d0b7b9ead4fc73f2a66b2319dbc77a.pt
2026-06-28 10:52:03 - __main__ - INFO - CAM cache hit: /content/cam_cache/cifar100/resnet18/seed42/6c/4b/6c4bfe1a63686cd234e2091cce1d2c9a261b58c0ed8c11a9f447ac1177e67617.pt
2026-06-28 10:52:03 - __main__ - INFO - CAM cache hit: /content/cam_cache/cifar100/resnet18/seed42/3b/a5/3ba5129c65fbc1f09bce51bb933c98667fca778bd50b1e553b2280257e89def3.pt
2026-06-28 10:52:03 - __main__ - INFO - CAM cutout window: index=33826 copy=7 cutout_mode=cam_low top=1 left=21 height=10 width=10
2026-06-28 10:52:03 - __main__ - INFO - CAM cache hit: /content/cam_cache/cifar100/resnet18/seed42/c9/7b/c97b74ba966956fd135223e47a45e10c4196529966087ea687d52fc2698d993d.pt
2026-06-28 10:52:03 - __main__ - INFO - CAM cutout window: index=18343 copy=6 cutout_mode=cam_low top=0 left=19 height=10 width=10
2026-06-28 10:52:03 - __main__ - INFO - CAM cutout window: index=31233 copy=8 cutout_mode=cam_low top=6 left=0 height=10 width=10
2026-06-28 10:52:03 - __main__ - INFO - CAM cutout window: index=23029 copy=3 cutout_mode=cam_low top=2 left=19 height=10 width=10
2026-06-28 10:52:03 - __main__ - INFO - CAM cache hit: /content/cam_cache/cifar100/resnet18/seed42/ed/db/eddbbc37d7936f6b67edea7a8ef1abfac88d2aba402dc31f10b5cbfb4cd957fa.pt
2026-06-28 10:52:03 - __main__ - INFO - CAM cache hit: /content/cam_cache/cifar100/resnet18/seed42/4a/72/4a729be469b747116bc881847d44ee1714de9652b1e768b36dd0314dccc2758c.pt
2026-06-28 10:52:03 - __main__ - INFO - CAM cutout window: index=12191 copy=1 cutout_mode=cam_low top=21 left=22 height=10 width=10
2026-06-28 10:52:03 - __main__ - INFO - CAM cache hit: /content/cam_cache/cifar100/resnet18/seed42/bf/c7/bfc742bdf7b87fe8fc6655c7bd199aeb7337ca17ddcac86060f1c896c3aa67ad.pt
2026-06-28 10:52:03 - __main__ - INFO - CAM cutout window: index=29364 copy=4 cutout_mode=cam_low top=2 left=1 height=10 width=10
2026-06-28 10:52:03 - __main__ - INFO - CAM cache hit: /content/cam_cache/cifar100/resnet18/seed42/e2/62/e2625960920b0fead9b212420f2f211699b20e631e76224bdd1de9acb9c7ddf8.pt
2026-06-28 10:52:03 - __main__ - INFO - CAM cutout window: index=30338 copy=4 cutout_mode=cam_low top=1 left=6 height=10 width=10
2026-06-28 10:52:03 - __main__ - INFO - CAM cutout window: index=13274 copy=3 cutout_mode=cam_low top=20 left=21 height=10 width=10
2026-06-28 10:54:06 - __main__ - INFO - Train: loss 0.2954 acc1 91.44%
2026-06-28 10:54:06 - __main__ - INFO - Val:   loss 2.3959 acc1 49.96%
2026-06-28 10:54:06 - __main__ - INFO - 
Epoch 39/100 | lr 0.073070
2026-06-28 10:54:06 - __main__ - INFO - CAM cache hit: /content/cam_cache/cifar100/resnet18/seed42/11/e5/11e5354705f2b03fea520fcdd39ca24e4c8358dc7c0a3855ef958a88ccf844b1.pt
2026-06-28 10:54:06 - __main__ - INFO - CAM cache hit: /content/cam_cache/cifar100/resnet18/seed42/b5/82/b58212d429420d61fe792ef98607b5727972f16d3aa2a0c9b76b66e3229c137a.pt
2026-06-28 10:54:06 - __main__ - INFO - CAM cutout window: index=22867 copy=1 cutout_mode=cam_low top=0 left=18 height=10 width=10
2026-06-28 10:54:06 - __main__ - INFO - CAM cache hit: /content/cam_cache/cifar100/resnet18/seed42/ad/55/ad55bbbf25d22589a7a5e0304a4298c86e31e288efa1c349baac7c48b887a90e.pt
2026-06-28 10:54:06 - __main__ - INFO - CAM cache hit: /content/cam_cache/cifar100/resnet18/seed42/14/07/1407b352ebe59554015488b27f724e4588f214c5961b48d3948db32d6545f3a3.pt
2026-06-28 10:54:06 - __main__ - INFO - CAM cutout window: index=4637 copy=4 cutout_mode=cam_low top=1 left=22 height=10 width=10
2026-06-28 10:54:06 - __main__ - INFO - CAM cutout window: index=13975 copy=4 cutout_mode=cam_low top=0 left=5 height=10 width=10
2026-06-28 10:54:06 - __main__ - INFO - CAM cutout window: index=32041 copy=1 cutout_mode=cam_low top=2 left=18 height=10 width=10
2026-06-28 10:54:06 - __main__ - INFO - CAM cache hit: /content/cam_cache/cifar100/resnet18/seed42/0a/c9/0ac9007eb52c740a85e159d9c15a4126b90487ae176fc09e1b7292d577b2195b.pt
2026-06-28 10:54:06 - __main__ - INFO - CAM cutout window: index=10582 copy=4 cutout_mode=cam_low top=0 left=20 height=10 width=10
2026-06-28 10:54:06 - __main__ - INFO - CAM cache hit: /content/cam_cache/cifar100/resnet18/seed42/30/f2/30f23ff156bc0bb45740fb3394c700b4f42c0ddea8c53b4cdfd03f721179539a.pt
2026-06-28 10:54:06 - __main__ - INFO - CAM cutout window: index=30832 copy=8 cutout_mode=cam_low top=1 left=18 height=10 width=10
2026-06-28 10:54:06 - __main__ - INFO - CAM cache hit: /content/cam_cache/cifar100/resnet18/seed42/a7/1a/a71af0c9c0ed389f133758a199afef6979c3f8ee738ec1605977ac3faaae668f.pt
2026-06-28 10:54:06 - __main__ - INFO - CAM cache hit: /content/cam_cache/cifar100/resnet18/seed42/3b/28/3b2834dd44d4d6b0db46c267097e2e4da2a901ed8f262824d0093be7a50af55c.pt
2026-06-28 10:54:06 - __main__ - INFO - CAM cutout window: index=915 copy=3 cutout_mode=cam_low top=22 left=2 height=10 width=10
2026-06-28 10:54:06 - __main__ - INFO - CAM cutout window: index=4091 copy=1 cutout_mode=cam_low top=1 left=2 height=10 width=10
2026-06-28 10:56:08 - __main__ - INFO - Train: loss 0.2863 acc1 91.77%
2026-06-28 10:56:08 - __main__ - INFO - Val:   loss 2.5492 acc1 49.90%
2026-06-28 10:56:08 - __main__ - INFO - 
Epoch 40/100 | lr 0.071591
2026-06-28 10:56:08 - __main__ - INFO - CAM cache hit: /content/cam_cache/cifar100/resnet18/seed42/75/f2/75f279f492273abfab155a25779897599866994019faa51054d5985aa01d7c12.pt
2026-06-28 10:56:08 - __main__ - INFO - CAM cache hit: /content/cam_cache/cifar100/resnet18/seed42/e5/54/e554893c164075951d0bdecfc5247fb27d77dfc0d1670011adf81a22858ec466.pt
2026-06-28 10:56:08 - __main__ - INFO - CAM cache hit: /content/cam_cache/cifar100/resnet18/seed42/5b/2c/5b2cdedc85b9b98a0bb8749027b6071f22c417191a67216fd4bf055df4a9496a.pt
2026-06-28 10:56:08 - __main__ - INFO - CAM cache hit: /content/cam_cache/cifar100/resnet18/seed42/6f/4f/6f4febb950d4c3356430a3e7361dbdbe417848fed69c63583cbc6fde388c9d1f.pt
2026-06-28 10:56:08 - __main__ - INFO - CAM cutout window: index=18459 copy=4 cutout_mode=cam_low top=1 left=1 height=10 width=10
2026-06-28 10:56:08 - __main__ - INFO - CAM cutout window: index=15326 copy=7 cutout_mode=cam_low top=1 left=1 height=10 width=10
2026-06-28 10:56:08 - __main__ - INFO - CAM cutout window: index=24294 copy=3 cutout_mode=cam_low top=1 left=20 height=10 width=10
2026-06-28 10:56:08 - __main__ - INFO - CAM cutout window: index=1769 copy=3 cutout_mode=cam_low top=0 left=12 height=10 width=10
2026-06-28 10:56:08 - __main__ - INFO - CAM cache hit: /content/cam_cache/cifar100/resnet18/seed42/99/55/9955c47f62f2d29d95a7f6ec7c7c63e12814c0c4a624ddab2ec847a4855f21e9.pt
2026-06-28 10:56:08 - __main__ - INFO - CAM cache hit: /content/cam_cache/cifar100/resnet18/seed42/18/72/1872ec700fa8722bb877068ed3d918a399b06e83bbc82ebd07c7a0486b0d3781.pt
2026-06-28 10:56:08 - __main__ - INFO - CAM cache hit: /content/cam_cache/cifar100/resnet18/seed42/ff/62/ff62057f81b5c913529273abb5fcaa6f41cf3c45c28120be4137d53897552a25.pt
2026-06-28 10:56:08 - __main__ - INFO - CAM cutout window: index=33451 copy=6 cutout_mode=cam_low top=22 left=4 height=10 width=10
2026-06-28 10:56:08 - __main__ - INFO - CAM cutout window: index=1164 copy=2 cutout_mode=cam_low top=1 left=21 height=10 width=10
2026-06-28 10:56:08 - __main__ - INFO - CAM cutout window: index=37824 copy=3 cutout_mode=cam_low top=1 left=3 height=10 width=10
2026-06-28 10:56:08 - __main__ - INFO - CAM cache hit: /content/cam_cache/cifar100/resnet18/seed42/e9/75/e975c80950fd8e4b9aab4f04ae052f08f996a0445fc207254cbc21f496465a5e.pt
2026-06-28 10:56:08 - __main__ - INFO - CAM cutout window: index=31639 copy=5 cutout_mode=cam_low top=22 left=18 height=10 width=10
2026-06-28 10:58:12 - __main__ - INFO - Train: loss 0.2807 acc1 91.89%
2026-06-28 10:58:12 - __main__ - INFO - Val:   loss 2.6101 acc1 48.24%
2026-06-28 10:58:12 - __main__ - INFO - 
Epoch 41/100 | lr 0.070088
2026-06-28 10:58:12 - __main__ - INFO - CAM cache hit: /content/cam_cache/cifar100/resnet18/seed42/6e/db/6edb37110b57ff837009906d4b9836cd0cf845d2ad54354d7d0727dcbff3d766.pt
2026-06-28 10:58:12 - __main__ - INFO - CAM cache hit: /content/cam_cache/cifar100/resnet18/seed42/48/84/48843040dee5072c9d419ea60b4af51668c55e4fdcc3785147226d3af0b3b79a.pt
2026-06-28 10:58:12 - __main__ - INFO - CAM cache hit: /content/cam_cache/cifar100/resnet18/seed42/3c/38/3c386af81d68d1623a2115dee01676cfeb74ae408880afd816bc871e4176ac16.pt
2026-06-28 10:58:12 - __main__ - INFO - CAM cache hit: /content/cam_cache/cifar100/resnet18/seed42/7c/a9/7ca9481326bc4d8ac7119067a44da407ec930fea39adbbf22518ecb65525c6e4.pt
2026-06-28 10:58:12 - __main__ - INFO - CAM cutout window: index=19669 copy=5 cutout_mode=cam_low top=1 left=19 height=10 width=10
2026-06-28 10:58:12 - __main__ - INFO - CAM cutout window: index=2801 copy=6 cutout_mode=cam_low top=2 left=4 height=10 width=10
2026-06-28 10:58:12 - __main__ - INFO - CAM cutout window: index=44805 copy=1 cutout_mode=cam_low top=21 left=1 height=10 width=10
2026-06-28 10:58:12 - __main__ - INFO - CAM cutout window: index=21677 copy=1 cutout_mode=cam_low top=5 left=2 height=10 width=10
2026-06-28 10:58:12 - __main__ - INFO - CAM cache hit: /content/cam_cache/cifar100/resnet18/seed42/28/f1/28f14950fcc3dd362b3a274643311d857bb7dfd10f25f6690a098a9ea6625bcf.pt
2026-06-28 10:58:12 - __main__ - INFO - CAM cache hit: /content/cam_cache/cifar100/resnet18/seed42/2b/6c/2b6c0d03dbee2aebf50299c718240dc08f46d3564ecadd279add36523ebdd683.pt
2026-06-28 10:58:12 - __main__ - INFO - CAM cache hit: /content/cam_cache/cifar100/resnet18/seed42/c5/b7/c5b7f6453b91420866ad3f6256eea7128ad92d35dabdf84918fdaabf64cc1ec9.pt
2026-06-28 10:58:12 - __main__ - INFO - CAM cache hit: /content/cam_cache/cifar100/resnet18/seed42/d4/fd/d4fd53a85c70099fafdf5a4b2bfba2d2a800f6c9f1ec5e968b5dd4243d54588a.pt
2026-06-28 10:58:12 - __main__ - INFO - CAM cutout window: index=22619 copy=8 cutout_mode=cam_low top=20 left=22 height=10 width=10
2026-06-28 10:58:12 - __main__ - INFO - CAM cutout window: index=31949 copy=4 cutout_mode=cam_low top=1 left=2 height=10 width=10
2026-06-28 10:58:12 - __main__ - INFO - CAM cutout window: index=11633 copy=2 cutout_mode=cam_low top=1 left=3 height=10 width=10
2026-06-28 10:58:12 - __main__ - INFO - CAM cutout window: index=29039 copy=2 cutout_mode=cam_low top=3 left=3 height=10 width=10
2026-06-28 11:00:15 - __main__ - INFO - Train: loss 0.2709 acc1 92.15%
2026-06-28 11:00:15 - __main__ - INFO - Val:   loss 2.3841 acc1 51.15%
2026-06-28 11:00:15 - __main__ - INFO - 
Epoch 42/100 | lr 0.068563
2026-06-28 11:00:15 - __main__ - INFO - CAM cache hit: /content/cam_cache/cifar100/resnet18/seed42/35/9e/359ee71dc2d4cbb179dced368f284a22b1c7e391ecde6ab0c33168d0e1313cd2.pt
2026-06-28 11:00:15 - __main__ - INFO - CAM cache hit: /content/cam_cache/cifar100/resnet18/seed42/c8/53/c853ac70ba61a4d51ad2fea3cd08658027a11244ec7a15921a13681f2b3517a0.pt
2026-06-28 11:00:15 - __main__ - INFO - CAM cutout window: index=33390 copy=1 cutout_mode=cam_low top=22 left=3 height=10 width=10
2026-06-28 11:00:15 - __main__ - INFO - CAM cutout window: index=30287 copy=1 cutout_mode=cam_low top=0 left=20 height=10 width=10
2026-06-28 11:00:15 - __main__ - INFO - CAM cache hit: /content/cam_cache/cifar100/resnet18/seed42/fd/83/fd83926377e31b2c91e5492acde941f5832c1127ed4737e2b241605111f913ad.pt
2026-06-28 11:00:15 - __main__ - INFO - CAM cache hit: /content/cam_cache/cifar100/resnet18/seed42/87/e9/87e98ab052f76b2028716dc5e7961e55f961ac4163d79eea06d9f568008a1c0f.pt
2026-06-28 11:00:15 - __main__ - INFO - CAM cutout window: index=20784 copy=1 cutout_mode=cam_low top=22 left=21 height=10 width=10
2026-06-28 11:00:15 - __main__ - INFO - CAM cutout window: index=27618 copy=3 cutout_mode=cam_low top=3 left=2 height=10 width=10
2026-06-28 11:00:15 - __main__ - INFO - CAM cache hit: /content/cam_cache/cifar100/resnet18/seed42/52/dd/52dda5479b50c5dae4fd1e4eb0a03daf364491ba3cca398613ed60571d3fb2e9.pt
2026-06-28 11:00:15 - __main__ - INFO - CAM cutout window: index=34720 copy=4 cutout_mode=cam_low top=3 left=22 height=10 width=10
2026-06-28 11:00:15 - __main__ - INFO - CAM cache hit: /content/cam_cache/cifar100/resnet18/seed42/8e/4e/8e4e6c8264db83cd407ca4013f85b2aa7e2548fc877874567ef26d808286b73e.pt
2026-06-28 11:00:15 - __main__ - INFO - CAM cutout window: index=35736 copy=2 cutout_mode=cam_low top=18 left=1 height=10 width=10
2026-06-28 11:00:15 - __main__ - INFO - CAM cache hit: /content/cam_cache/cifar100/resnet18/seed42/ff/71/ff7193bf6d0239047e6764b8661f46b7385a3ef700081869422444e13c4d18c6.pt
2026-06-28 11:00:15 - __main__ - INFO - CAM cutout window: index=7177 copy=3 cutout_mode=cam_low top=0 left=20 height=10 width=10
2026-06-28 11:00:15 - __main__ - INFO - CAM cache hit: /content/cam_cache/cifar100/resnet18/seed42/77/b6/77b6e758bb19c5239387a961008146e7d6fb305c9a1909773017c978b0cf382e.pt
2026-06-28 11:00:15 - __main__ - INFO - CAM cutout window: index=24352 copy=1 cutout_mode=cam_low top=0 left=7 height=10 width=10
2026-06-28 11:02:17 - __main__ - INFO - Train: loss 0.2614 acc1 92.46%
2026-06-28 11:02:17 - __main__ - INFO - Val:   loss 2.4178 acc1 50.19%
2026-06-28 11:02:17 - __main__ - INFO - 
Epoch 43/100 | lr 0.067018
2026-06-28 11:02:18 - __main__ - INFO - CAM cache hit: /content/cam_cache/cifar100/resnet18/seed42/47/05/4705442e52daf4006f5a6fe8d959de7a857658502d5acc87f29c1823574bc19e.pt
2026-06-28 11:02:18 - __main__ - INFO - CAM cache hit: /content/cam_cache/cifar100/resnet18/seed42/14/87/1487c2a7b5c3ed1bc40853eca205a66fdbe1b42d2c52943c9d0eb6a978e11790.pt
2026-06-28 11:02:18 - __main__ - INFO - CAM cache hit: /content/cam_cache/cifar100/resnet18/seed42/d0/dd/d0dd11770941f1e2e85b65967166be24b2d2e8e3141efe6a0b7aa8460e5243a4.pt
2026-06-28 11:02:18 - __main__ - INFO - CAM cache hit: /content/cam_cache/cifar100/resnet18/seed42/42/fd/42fdb3aa55d8a9586c2e63e87824833c53e7625f3a78e5a2b7d2a271917c4a53.pt
2026-06-28 11:02:18 - __main__ - INFO - CAM cutout window: index=27363 copy=1 cutout_mode=cam_low top=15 left=22 height=10 width=10
2026-06-28 11:02:18 - __main__ - INFO - CAM cutout window: index=33349 copy=6 cutout_mode=cam_low top=22 left=19 height=10 width=10
2026-06-28 11:02:18 - __main__ - INFO - CAM cutout window: index=22178 copy=3 cutout_mode=cam_low top=4 left=0 height=10 width=10
2026-06-28 11:02:18 - __main__ - INFO - CAM cutout window: index=36669 copy=8 cutout_mode=cam_low top=21 left=22 height=10 width=10
2026-06-28 11:02:18 - __main__ - INFO - CAM cache hit: /content/cam_cache/cifar100/resnet18/seed42/d1/b3/d1b35156e8a61556cf54d553c3ad3bacb7c4e0628c10b502949fa3cbcea7318c.pt
2026-06-28 11:02:18 - __main__ - INFO - CAM cache hit: /content/cam_cache/cifar100/resnet18/seed42/de/c4/dec42cb2e3d09490085b8342ad9cc5abcbde40c7d936435716161ecd95c7d8a7.pt
2026-06-28 11:02:18 - __main__ - INFO - CAM cache hit: /content/cam_cache/cifar100/resnet18/seed42/a8/59/a859d7e35c546d6112df9d4442fda7db4150182f8a5ae2ab434a4540b66744d5.pt
2026-06-28 11:02:18 - __main__ - INFO - CAM cutout window: index=8014 copy=7 cutout_mode=cam_low top=22 left=18 height=10 width=10
2026-06-28 11:02:18 - __main__ - INFO - CAM cache hit: /content/cam_cache/cifar100/resnet18/seed42/c2/2a/c22a0248036335fdb57b5882b62a24098bf2b11a161233e7e891817fd2ac420f.pt
2026-06-28 11:02:18 - __main__ - INFO - CAM cutout window: index=29606 copy=8 cutout_mode=cam_low top=21 left=3 height=10 width=10
2026-06-28 11:02:18 - __main__ - INFO - CAM cutout window: index=5395 copy=8 cutout_mode=cam_low top=22 left=8 height=10 width=10
2026-06-28 11:02:18 - __main__ - INFO - CAM cutout window: index=24674 copy=4 cutout_mode=cam_low top=0 left=17 height=10 width=10
2026-06-28 11:04:20 - __main__ - INFO - Train: loss 0.2560 acc1 92.65%
2026-06-28 11:04:20 - __main__ - INFO - Val:   loss 2.4028 acc1 49.11%
2026-06-28 11:04:20 - __main__ - INFO - 
Epoch 44/100 | lr 0.065454
2026-06-28 11:04:20 - __main__ - INFO - CAM cache hit: /content/cam_cache/cifar100/resnet18/seed42/5b/be/5bbeb846e65c9d3e55b27b9a2fb8c1fae11eb08fc85ae88b932d11cf184c0a71.pt
2026-06-28 11:04:20 - __main__ - INFO - CAM cache hit: /content/cam_cache/cifar100/resnet18/seed42/68/11/681184f9cd47a98634e047ea13d692ae20207f9a75c20899478ea09292cfae13.pt
2026-06-28 11:04:20 - __main__ - INFO - CAM cache hit: /content/cam_cache/cifar100/resnet18/seed42/0a/8e/0a8edb824fc5ead02a78f505eec8efb228ddde4aafe689e3071f0032cb2854e9.pt
2026-06-28 11:04:20 - __main__ - INFO - CAM cutout window: index=15905 copy=8 cutout_mode=cam_low top=0 left=4 height=10 width=10
2026-06-28 11:04:20 - __main__ - INFO - CAM cache hit: /content/cam_cache/cifar100/resnet18/seed42/66/27/66272890754ceece2889fd59ab348d9ba388e03fb108708550ce7eb854cabf7e.pt
2026-06-28 11:04:20 - __main__ - INFO - CAM cutout window: index=34835 copy=2 cutout_mode=cam_low top=22 left=22 height=10 width=10
2026-06-28 11:04:20 - __main__ - INFO - CAM cutout window: index=10849 copy=6 cutout_mode=cam_low top=0 left=17 height=10 width=10
2026-06-28 11:04:20 - __main__ - INFO - CAM cutout window: index=38169 copy=5 cutout_mode=cam_low top=20 left=2 height=10 width=10
2026-06-28 11:04:20 - __main__ - INFO - CAM cache hit: /content/cam_cache/cifar100/resnet18/seed42/dc/4a/dc4ab92f3e291d2776c5777c9c2179c03a8a913af09d2b8ca973bcf5d5e39ca7.pt
2026-06-28 11:04:20 - __main__ - INFO - CAM cutout window: index=40079 copy=2 cutout_mode=cam_low top=20 left=19 height=10 width=10
2026-06-28 11:04:20 - __main__ - INFO - CAM cache hit: /content/cam_cache/cifar100/resnet18/seed42/55/0f/550f080c05ffe98ec6905d8c6f6903dee20486cc335256d2b45f0fd314f0058f.pt
2026-06-28 11:04:20 - __main__ - INFO - CAM cache hit: /content/cam_cache/cifar100/resnet18/seed42/1c/a2/1ca288bd38c00bda828a9607a317de7dd2ab2d77069e5e0a57e0461eee93325a.pt
2026-06-28 11:04:20 - __main__ - INFO - CAM cache hit: /content/cam_cache/cifar100/resnet18/seed42/88/e5/88e58910d04a4369e1b15b3af2f58a7aee4b34194da696299d61a69b44b99197.pt
2026-06-28 11:04:20 - __main__ - INFO - CAM cutout window: index=32022 copy=6 cutout_mode=cam_low top=0 left=7 height=10 width=10
2026-06-28 11:04:20 - __main__ - INFO - CAM cutout window: index=4982 copy=6 cutout_mode=cam_low top=20 left=0 height=10 width=10
2026-06-28 11:04:20 - __main__ - INFO - CAM cutout window: index=36076 copy=4 cutout_mode=cam_low top=22 left=4 height=10 width=10
2026-06-28 11:06:23 - __main__ - INFO - Train: loss 0.2466 acc1 92.95%
2026-06-28 11:06:23 - __main__ - INFO - Val:   loss 2.4739 acc1 47.65%
2026-06-28 11:06:23 - __main__ - INFO - 
Epoch 45/100 | lr 0.063874
2026-06-28 11:06:23 - __main__ - INFO - CAM cache hit: /content/cam_cache/cifar100/resnet18/seed42/89/42/89422b63bad271e03e029c424cc9e07cbb578d95fe9198b38474bed73443f892.pt
2026-06-28 11:06:23 - __main__ - INFO - CAM cache hit: /content/cam_cache/cifar100/resnet18/seed42/ec/24/ec249f9de45d76fcd50c39863889d3710174758e2795bf83e5622892f86eb06a.pt
2026-06-28 11:06:23 - __main__ - INFO - CAM cache hit: /content/cam_cache/cifar100/resnet18/seed42/44/00/440045400782623111ee24dda286da2a6fd9a30fc405d237bc864d7cc0430ba6.pt
2026-06-28 11:06:23 - __main__ - INFO - CAM cutout window: index=11421 copy=2 cutout_mode=cam_low top=22 left=5 height=10 width=10
2026-06-28 11:06:23 - __main__ - INFO - CAM cache hit: /content/cam_cache/cifar100/resnet18/seed42/15/f6/15f6ac9b6f8c158a06afa00dc4443e72e3eb9aeaa31f027dae643a2a930bc3fb.pt
2026-06-28 11:06:23 - __main__ - INFO - CAM cutout window: index=4661 copy=2 cutout_mode=cam_low top=0 left=10 height=10 width=10
2026-06-28 11:06:23 - __main__ - INFO - CAM cutout window: index=26429 copy=6 cutout_mode=cam_low top=20 left=3 height=10 width=10
2026-06-28 11:06:23 - __main__ - INFO - CAM cutout window: index=33247 copy=3 cutout_mode=cam_low top=2 left=1 height=10 width=10
2026-06-28 11:06:23 - __main__ - INFO - CAM cache hit: /content/cam_cache/cifar100/resnet18/seed42/94/84/94840f9af4a5e9125f49cd9af8c81a4890f9f7498bc2543f9925d888546b385b.pt
2026-06-28 11:06:23 - __main__ - INFO - CAM cache hit: /content/cam_cache/cifar100/resnet18/seed42/a3/ca/a3ca157ede2e2cd536e4afc6d9b2b2a11cba8a5d5ced302b0b80739fc03194ea.pt
2026-06-28 11:06:23 - __main__ - INFO - CAM cutout window: index=33389 copy=2 cutout_mode=cam_low top=1 left=19 height=10 width=10
2026-06-28 11:06:23 - __main__ - INFO - CAM cache hit: /content/cam_cache/cifar100/resnet18/seed42/1e/91/1e91e32d1b70574a9d94d6f591e72feaee695664fa207a170940b42acf996b42.pt
2026-06-28 11:06:23 - __main__ - INFO - CAM cache hit: /content/cam_cache/cifar100/resnet18/seed42/d2/b7/d2b7cdaa457c5ae77e79bc8fd880d870efd066a78ce3991ffba4fc25395c0d1d.pt
2026-06-28 11:06:23 - __main__ - INFO - CAM cutout window: index=7372 copy=5 cutout_mode=cam_low top=2 left=22 height=10 width=10
2026-06-28 11:06:23 - __main__ - INFO - CAM cutout window: index=44280 copy=5 cutout_mode=cam_low top=16 left=21 height=10 width=10
2026-06-28 11:06:23 - __main__ - INFO - CAM cutout window: index=28027 copy=5 cutout_mode=cam_low top=21 left=1 height=10 width=10
2026-06-28 11:08:26 - __main__ - INFO - Train: loss 0.2372 acc1 93.25%
2026-06-28 11:08:26 - __main__ - INFO - Val:   loss 2.2649 acc1 51.91%
2026-06-28 11:08:26 - __main__ - INFO - saved best: 51.91%
2026-06-28 11:08:26 - __main__ - INFO - 
Epoch 46/100 | lr 0.062278
2026-06-28 11:08:26 - __main__ - INFO - CAM cache hit: /content/cam_cache/cifar100/resnet18/seed42/86/93/8693e527fa63f79a642b7f69a1169739c15e75d66db6defc0f5eb43c6b2cdb5d.pt
2026-06-28 11:08:26 - __main__ - INFO - CAM cache hit: /content/cam_cache/cifar100/resnet18/seed42/81/f1/81f16e78a9c9ebc625435a682da4c2f1752e8134afe1f642a8fd886e3a99eca1.pt
2026-06-28 11:08:26 - __main__ - INFO - CAM cutout window: index=19174 copy=1 cutout_mode=cam_low top=22 left=20 height=10 width=10
2026-06-28 11:08:26 - __main__ - INFO - CAM cutout window: index=11288 copy=1 cutout_mode=cam_low top=22 left=0 height=10 width=10
2026-06-28 11:08:26 - __main__ - INFO - CAM cache hit: /content/cam_cache/cifar100/resnet18/seed42/cd/8c/cd8c8648f951717d4c45c3cf8e74e82f61b3f8c54f7805e6600fa8ad4fda1c92.pt
2026-06-28 11:08:26 - __main__ - INFO - CAM cache hit: /content/cam_cache/cifar100/resnet18/seed42/ed/bc/edbc17de4ded52c06ffdf4058634a9c4709a04670a06c68a14c382bcae7e18eb.pt
2026-06-28 11:08:26 - __main__ - INFO - CAM cutout window: index=41300 copy=6 cutout_mode=cam_low top=2 left=21 height=10 width=10
2026-06-28 11:08:26 - __main__ - INFO - CAM cache hit: /content/cam_cache/cifar100/resnet18/seed42/20/51/2051ced5893381f09ce820464ab46a494ebf63dc64e614ead14dd936dd0162a8.pt
2026-06-28 11:08:26 - __main__ - INFO - CAM cache hit: /content/cam_cache/cifar100/resnet18/seed42/4b/9e/4b9e11796c79e7b2e13a952229017dc9baffc278b38e0f656fd2c9a6273e14bf.pt
2026-06-28 11:08:26 - __main__ - INFO - CAM cutout window: index=18417 copy=2 cutout_mode=cam_low top=2 left=0 height=10 width=10
2026-06-28 11:08:26 - __main__ - INFO - CAM cutout window: index=13787 copy=8 cutout_mode=cam_low top=0 left=0 height=10 width=10
2026-06-28 11:08:26 - __main__ - INFO - CAM cutout window: index=2822 copy=4 cutout_mode=cam_low top=0 left=2 height=10 width=10
2026-06-28 11:08:26 - __main__ - INFO - CAM cache hit: /content/cam_cache/cifar100/resnet18/seed42/c6/c0/c6c08dd42f81789f625b753b46cd3a11322e1ff0e8a52b28c0ce1dca592a4470.pt
2026-06-28 11:08:26 - __main__ - INFO - CAM cache hit: /content/cam_cache/cifar100/resnet18/seed42/09/73/09735c6e4e28ffd6903f96b124201a983ae7b1f31a6b1cf64c653defe65e1b7a.pt
2026-06-28 11:08:26 - __main__ - INFO - CAM cutout window: index=21366 copy=3 cutout_mode=cam_low top=2 left=22 height=10 width=10
2026-06-28 11:08:26 - __main__ - INFO - CAM cutout window: index=42549 copy=8 cutout_mode=cam_low top=17 left=22 height=10 width=10
2026-06-28 11:10:29 - __main__ - INFO - Train: loss 0.2329 acc1 93.31%
2026-06-28 11:10:29 - __main__ - INFO - Val:   loss 2.3832 acc1 50.26%
2026-06-28 11:10:29 - __main__ - INFO - 
Epoch 47/100 | lr 0.060669
2026-06-28 11:10:29 - __main__ - INFO - CAM cache hit: /content/cam_cache/cifar100/resnet18/seed42/1f/4c/1f4ccc5f55115ed463f2994ad2162cb670e92c7d4e97a169bf87e6c7a3a3f396.pt
2026-06-28 11:10:29 - __main__ - INFO - CAM cache hit: /content/cam_cache/cifar100/resnet18/seed42/3b/a6/3ba6aac4800f3f04ff3850d90678c61408cff4aa92308cf3912c89c9e38d7603.pt
2026-06-28 11:10:29 - __main__ - INFO - CAM cutout window: index=4734 copy=4 cutout_mode=cam_low top=20 left=1 height=10 width=10
2026-06-28 11:10:29 - __main__ - INFO - CAM cutout window: index=29396 copy=4 cutout_mode=cam_low top=1 left=0 height=10 width=10
2026-06-28 11:10:29 - __main__ - INFO - CAM cache hit: /content/cam_cache/cifar100/resnet18/seed42/3b/3e/3b3e19d73a5422d935e12cb0f0752f094a1b52d93e676d26701145e24d984eb1.pt
2026-06-28 11:10:29 - __main__ - INFO - CAM cache hit: /content/cam_cache/cifar100/resnet18/seed42/b9/13/b913b57600d6d9dd2a477f1297cf45f4d42ef66ad7bb6eb2818d17671f9e65a3.pt
2026-06-28 11:10:29 - __main__ - INFO - CAM cutout window: index=20716 copy=4 cutout_mode=cam_low top=22 left=3 height=10 width=10
2026-06-28 11:10:29 - __main__ - INFO - CAM cutout window: index=24232 copy=8 cutout_mode=cam_low top=19 left=0 height=10 width=10
2026-06-28 11:10:29 - __main__ - INFO - CAM cache hit: /content/cam_cache/cifar100/resnet18/seed42/b0/fe/b0fe5e25089c14bb5a846d62a7bd07f3990e268de97c2a73a3f943e349b5581d.pt
2026-06-28 11:10:29 - __main__ - INFO - CAM cache hit: /content/cam_cache/cifar100/resnet18/seed42/f9/41/f941f6d6f7c7abce76caf2e20eae2dc838e7aa1e0e6973eb510c9da1cfbaa069.pt
2026-06-28 11:10:29 - __main__ - INFO - CAM cutout window: index=31816 copy=8 cutout_mode=cam_low top=2 left=1 height=10 width=10
2026-06-28 11:10:29 - __main__ - INFO - CAM cutout window: index=41376 copy=1 cutout_mode=cam_low top=3 left=2 height=10 width=10
2026-06-28 11:10:29 - __main__ - INFO - CAM cache hit: /content/cam_cache/cifar100/resnet18/seed42/2e/df/2edfc71888322c24306200b55f921a478c858d1f3e09dfeb9857d55d74b3a1ec.pt
2026-06-28 11:10:29 - __main__ - INFO - CAM cache hit: /content/cam_cache/cifar100/resnet18/seed42/41/ff/41ff6c27fbdc1d25c619e124f9df4680fb856e10eb0087aff2459d3ba6f49423.pt
2026-06-28 11:10:29 - __main__ - INFO - CAM cutout window: index=18966 copy=7 cutout_mode=cam_low top=1 left=20 height=10 width=10
2026-06-28 11:10:29 - __main__ - INFO - CAM cutout window: index=19868 copy=2 cutout_mode=cam_low top=18 left=1 height=10 width=10
2026-06-28 11:12:33 - __main__ - INFO - Train: loss 0.2208 acc1 93.74%
2026-06-28 11:12:33 - __main__ - INFO - Val:   loss 2.4608 acc1 50.65%
2026-06-28 11:12:33 - __main__ - INFO - 
Epoch 48/100 | lr 0.059048
2026-06-28 11:12:33 - __main__ - INFO - CAM cache hit: /content/cam_cache/cifar100/resnet18/seed42/7c/0b/7c0bad1dbe6aad554d21a0b57827236d529d6d0865454f11f749c9e4d456cfd7.pt
2026-06-28 11:12:33 - __main__ - INFO - CAM cache hit: /content/cam_cache/cifar100/resnet18/seed42/e5/36/e536f2e003603343ac3c8d854c20b3b99c2ef43549dc24bb55dcfc5d8c3b857e.pt
2026-06-28 11:12:33 - __main__ - INFO - CAM cache hit: /content/cam_cache/cifar100/resnet18/seed42/23/e3/23e39c79aa42bb0a6491a28c3285f47501ff243da8bbf300e0aee95b077f1551.pt
2026-06-28 11:12:33 - __main__ - INFO - CAM cache hit: /content/cam_cache/cifar100/resnet18/seed42/dd/48/dd482d542343a12b3c95d173cd598df8df3d7fc56aa70fc53e8f56c6348cbe8d.pt
2026-06-28 11:12:33 - __main__ - INFO - CAM cutout window: index=25265 copy=3 cutout_mode=cam_low top=20 left=0 height=10 width=10
2026-06-28 11:12:33 - __main__ - INFO - CAM cutout window: index=20630 copy=3 cutout_mode=cam_low top=21 left=22 height=10 width=10
2026-06-28 11:12:33 - __main__ - INFO - CAM cutout window: index=17894 copy=3 cutout_mode=cam_low top=20 left=0 height=10 width=10
2026-06-28 11:12:33 - __main__ - INFO - CAM cutout window: index=11337 copy=4 cutout_mode=cam_low top=20 left=2 height=10 width=10
2026-06-28 11:12:33 - __main__ - INFO - CAM cache hit: /content/cam_cache/cifar100/resnet18/seed42/17/94/1794f6621decb60f8c9479d298069b049d2078650cbf7646e92be456a31736ef.pt
2026-06-28 11:12:33 - __main__ - INFO - CAM cache hit: /content/cam_cache/cifar100/resnet18/seed42/14/1e/141efaa9650f4f85b0a449cb18ead6aac9b15decb8b36f8633be901f10ba8ed4.pt
2026-06-28 11:12:33 - __main__ - INFO - CAM cutout window: index=4680 copy=3 cutout_mode=cam_low top=0 left=5 height=10 width=10
2026-06-28 11:12:33 - __main__ - INFO - CAM cache hit: /content/cam_cache/cifar100/resnet18/seed42/18/ef/18ef6af9cfba33ef4d37812014d57002a7d110f85a05305c9d2a625b971aa948.pt
2026-06-28 11:12:33 - __main__ - INFO - CAM cache hit: /content/cam_cache/cifar100/resnet18/seed42/d1/5b/d15b1104dc1f2c6bbc89b4f152eb0f3e0de65e93ca78db6728cb3b97e0d88191.pt
2026-06-28 11:12:33 - __main__ - INFO - CAM cutout window: index=37829 copy=1 cutout_mode=cam_low top=1 left=22 height=10 width=10
2026-06-28 11:12:33 - __main__ - INFO - CAM cutout window: index=5649 copy=1 cutout_mode=cam_low top=4 left=2 height=10 width=10
2026-06-28 11:12:33 - __main__ - INFO - CAM cutout window: index=28592 copy=1 cutout_mode=cam_low top=19 left=21 height=10 width=10
2026-06-28 11:14:36 - __main__ - INFO - Train: loss 0.2150 acc1 93.93%
2026-06-28 11:14:36 - __main__ - INFO - Val:   loss 2.4540 acc1 50.01%
2026-06-28 11:14:36 - __main__ - INFO - 
Epoch 49/100 | lr 0.057417
2026-06-28 11:14:36 - __main__ - INFO - CAM cache hit: /content/cam_cache/cifar100/resnet18/seed42/7e/d6/7ed6667802454173484b3abb3d4f92a698ff33a46984625722d542d5d973c7a1.pt
2026-06-28 11:14:36 - __main__ - INFO - CAM cache hit: /content/cam_cache/cifar100/resnet18/seed42/a3/1e/a31e8fdae0104a78ded1ffcbc4b2665078739cd08d3c141b4968f6b55d1e85a3.pt
2026-06-28 11:14:36 - __main__ - INFO - CAM cache hit: /content/cam_cache/cifar100/resnet18/seed42/3c/43/3c43dd726f98df666f8f9d0f2bf802fd7cdd537603f53855091f52b5762927d8.pt
2026-06-28 11:14:36 - __main__ - INFO - CAM cache hit: /content/cam_cache/cifar100/resnet18/seed42/f5/6f/f56fbb86bfe385e972f51b67c8422a7ee0f658806100a02d52c368fe09ddcbee.pt
2026-06-28 11:14:36 - __main__ - INFO - CAM cutout window: index=42167 copy=5 cutout_mode=cam_low top=0 left=2 height=10 width=10
2026-06-28 11:14:36 - __main__ - INFO - CAM cutout window: index=24147 copy=4 cutout_mode=cam_low top=2 left=2 height=10 width=10
2026-06-28 11:14:36 - __main__ - INFO - CAM cutout window: index=44818 copy=3 cutout_mode=cam_low top=0 left=0 height=10 width=10
2026-06-28 11:14:36 - __main__ - INFO - CAM cutout window: index=12705 copy=6 cutout_mode=cam_low top=19 left=22 height=10 width=10
2026-06-28 11:14:36 - __main__ - INFO - CAM cache hit: /content/cam_cache/cifar100/resnet18/seed42/5b/ab/5babeaad7afcfb738aa5463733b2a940f5ab9a685b4e3ae7dc50bdd9f62c6a13.pt
2026-06-28 11:14:36 - __main__ - INFO - CAM cache hit: /content/cam_cache/cifar100/resnet18/seed42/87/06/8706bbf5f4621a0482a6353d9eeaa789168493eed9932234fbc369d3cad1c72c.pt
2026-06-28 11:14:36 - __main__ - INFO - CAM cache hit: /content/cam_cache/cifar100/resnet18/seed42/ee/e1/eee11487c0a449e1f3d8981aa4f29a918e1f0a7c8aa969676891454a1ee7c630.pt
2026-06-28 11:14:36 - __main__ - INFO - CAM cutout window: index=11983 copy=1 cutout_mode=cam_low top=16 left=22 height=10 width=10
2026-06-28 11:14:36 - __main__ - INFO - CAM cutout window: index=38135 copy=6 cutout_mode=cam_low top=19 left=20 height=10 width=10
2026-06-28 11:14:36 - __main__ - INFO - CAM cutout window: index=19485 copy=7 cutout_mode=cam_low top=1 left=22 height=10 width=10
2026-06-28 11:14:36 - __main__ - INFO - CAM cache hit: /content/cam_cache/cifar100/resnet18/seed42/7d/57/7d577a123a314633ab39babb80474e7021b43d0e3165dcfebb2312e5368592df.pt
2026-06-28 11:14:36 - __main__ - INFO - CAM cutout window: index=1347 copy=7 cutout_mode=cam_low top=22 left=2 height=10 width=10
2026-06-28 11:16:39 - __main__ - INFO - Train: loss 0.2074 acc1 94.14%
2026-06-28 11:16:39 - __main__ - INFO - Val:   loss 2.4615 acc1 49.83%
2026-06-28 11:16:39 - __main__ - INFO - 
Epoch 50/100 | lr 0.055779
2026-06-28 11:16:39 - __main__ - INFO - CAM cache hit: /content/cam_cache/cifar100/resnet18/seed42/b1/04/b10436d60678f3abd08540ce62a584d5af4614bcda57ea02e9387c4c624bc775.pt
2026-06-28 11:16:39 - __main__ - INFO - CAM cache hit: /content/cam_cache/cifar100/resnet18/seed42/a2/13/a2131862891301de67cffacfac7f003b3dd260ee90bae0203c2df43732138a17.pt
2026-06-28 11:16:39 - __main__ - INFO - CAM cache hit: /content/cam_cache/cifar100/resnet18/seed42/dc/ab/dcabf98e1962e6dee6ba1094f50cdf93f1643f9c84483eacb6389fe583508c4a.pt
2026-06-28 11:16:39 - __main__ - INFO - CAM cutout window: index=26258 copy=3 cutout_mode=cam_low top=1 left=0 height=10 width=10
2026-06-28 11:16:39 - __main__ - INFO - CAM cache hit: /content/cam_cache/cifar100/resnet18/seed42/16/94/16948cd9ee540031e27001a6c465138ee7f0def1b3e4880f5bee34e2622e7d9b.pt
2026-06-28 11:16:39 - __main__ - INFO - CAM cutout window: index=25724 copy=6 cutout_mode=cam_low top=0 left=7 height=10 width=10
2026-06-28 11:16:39 - __main__ - INFO - CAM cutout window: index=25145 copy=5 cutout_mode=cam_low top=0 left=3 height=10 width=10
2026-06-28 11:16:39 - __main__ - INFO - CAM cutout window: index=19096 copy=4 cutout_mode=cam_low top=19 left=22 height=10 width=10
2026-06-28 11:16:39 - __main__ - INFO - CAM cache hit: /content/cam_cache/cifar100/resnet18/seed42/8a/1f/8a1f20decac7753f9c6ae4fb10c8eab9a51ee7896dec6748ea8e0b51059d9a0b.pt
2026-06-28 11:16:39 - __main__ - INFO - CAM cutout window: index=6910 copy=8 cutout_mode=cam_low top=4 left=1 height=10 width=10
2026-06-28 11:16:39 - __main__ - INFO - CAM cache hit: /content/cam_cache/cifar100/resnet18/seed42/6e/60/6e60c90ac39d864613f7696de63d1a31d1f1f696a5c21dcf0aae3d8f79f9a74b.pt
2026-06-28 11:16:39 - __main__ - INFO - CAM cache hit: /content/cam_cache/cifar100/resnet18/seed42/27/da/27da024aea7109b137a965835e4bd733e1db43c0a04b55856c80d9ed0072cd0c.pt
2026-06-28 11:16:39 - __main__ - INFO - CAM cutout window: index=40618 copy=4 cutout_mode=cam_low top=1 left=1 height=10 width=10
2026-06-28 11:16:39 - __main__ - INFO - CAM cutout window: index=7053 copy=3 cutout_mode=cam_low top=1 left=17 height=10 width=10
2026-06-28 11:16:39 - __main__ - INFO - CAM cache hit: /content/cam_cache/cifar100/resnet18/seed42/e2/2f/e22fa61aceaeae9d2cbee5e716365457dc1f58bfdcd8f463140da6f3becdbf64.pt
2026-06-28 11:16:39 - __main__ - INFO - CAM cutout window: index=14492 copy=3 cutout_mode=cam_low top=22 left=3 height=10 width=10
2026-06-28 11:18:43 - __main__ - INFO - Train: loss 0.1959 acc1 94.47%
2026-06-28 11:18:43 - __main__ - INFO - Val:   loss 2.3513 acc1 51.36%
2026-06-28 11:18:43 - __main__ - INFO - 
Epoch 51/100 | lr 0.054134
2026-06-28 11:18:43 - __main__ - INFO - CAM cache hit: /content/cam_cache/cifar100/resnet18/seed42/26/3b/263bc02e81cd7f4cadcedbea1f9ab11371c1f32fdf00ed073bd89716685d166c.pt
2026-06-28 11:18:43 - __main__ - INFO - CAM cache hit: /content/cam_cache/cifar100/resnet18/seed42/9a/b4/9ab40e60823aa14d004170bd99ea0daf273baaad87a9a0a415131fbdf695b360.pt
2026-06-28 11:18:43 - __main__ - INFO - CAM cache hit: /content/cam_cache/cifar100/resnet18/seed42/bb/d1/bbd10ecaa6a890f55ec741a61aeef204344f0bd9801a508fde701dbc2afacba2.pt
2026-06-28 11:18:43 - __main__ - INFO - CAM cutout window: index=24690 copy=3 cutout_mode=cam_low top=0 left=8 height=10 width=10
2026-06-28 11:18:43 - __main__ - INFO - CAM cache hit: /content/cam_cache/cifar100/resnet18/seed42/8f/8f/8f8fe9cc404aedce98f21178f01894e48d1cba2c83c72ca9f1e8098cca43f0bd.pt
2026-06-28 11:18:43 - __main__ - INFO - CAM cutout window: index=10207 copy=8 cutout_mode=cam_low top=0 left=21 height=10 width=10
2026-06-28 11:18:43 - __main__ - INFO - CAM cutout window: index=42012 copy=4 cutout_mode=cam_low top=2 left=2 height=10 width=10
2026-06-28 11:18:43 - __main__ - INFO - CAM cutout window: index=43559 copy=4 cutout_mode=cam_low top=22 left=4 height=10 width=10
2026-06-28 11:18:43 - __main__ - INFO - CAM cache hit: /content/cam_cache/cifar100/resnet18/seed42/9a/00/9a00413a1382d201b9fb5c03062e9e290384f6bb4a005a874066f6f3b57be67a.pt
2026-06-28 11:18:43 - __main__ - INFO - CAM cutout window: index=42044 copy=2 cutout_mode=cam_low top=18 left=0 height=10 width=10
2026-06-28 11:18:43 - __main__ - INFO - CAM cache hit: /content/cam_cache/cifar100/resnet18/seed42/6f/b4/6fb429e8383d3a40b678726e27255df969e12ac8203dcd3690bbc93905598307.pt
2026-06-28 11:18:43 - __main__ - INFO - CAM cache hit: /content/cam_cache/cifar100/resnet18/seed42/29/ee/29eefa18213a184cef23f7a9b228c5378297c6fb63c8aaf66b5268a1de61bd55.pt
2026-06-28 11:18:43 - __main__ - INFO - CAM cache hit: /content/cam_cache/cifar100/resnet18/seed42/d8/ec/d8ec134b611f27770cdbe3d30dc3b335b00076c4a12f4fc240746a33e5a99d24.pt
2026-06-28 11:18:43 - __main__ - INFO - CAM cutout window: index=24639 copy=8 cutout_mode=cam_low top=2 left=3 height=10 width=10
2026-06-28 11:18:43 - __main__ - INFO - CAM cutout window: index=2469 copy=5 cutout_mode=cam_low top=22 left=1 height=10 width=10
2026-06-28 11:18:43 - __main__ - INFO - CAM cutout window: index=43075 copy=6 cutout_mode=cam_low top=1 left=19 height=10 width=10
2026-06-28 11:20:45 - __main__ - INFO - Train: loss 0.1870 acc1 94.78%
2026-06-28 11:20:45 - __main__ - INFO - Val:   loss 2.4137 acc1 48.96%
2026-06-28 11:20:45 - __main__ - INFO - 
Epoch 52/100 | lr 0.052484
2026-06-28 11:20:45 - __main__ - INFO - CAM cache hit: /content/cam_cache/cifar100/resnet18/seed42/94/f3/94f3b9b7b30b14071347ad9577f95581dd20ccac98a49aa7f82d9a4b9c88a106.pt
2026-06-28 11:20:45 - __main__ - INFO - CAM cache hit: /content/cam_cache/cifar100/resnet18/seed42/0f/5c/0f5c9cf14ce9f025252716b3fa6c4e5d2ba78fe15ea0053941dfa68138b8253e.pt
2026-06-28 11:20:45 - __main__ - INFO - CAM cache hit: /content/cam_cache/cifar100/resnet18/seed42/bd/ca/bdca96821e1c47c292888c89be9a076591a72e51ba4313b932e33847edc306ec.pt
2026-06-28 11:20:45 - __main__ - INFO - CAM cutout window: index=40267 copy=4 cutout_mode=cam_low top=21 left=6 height=10 width=10
2026-06-28 11:20:45 - __main__ - INFO - CAM cache hit: /content/cam_cache/cifar100/resnet18/seed42/bc/d3/bcd3ef5404115e0ed77bff61a6be543d2f433a95656282b32b3e7d1e78e26e14.pt
2026-06-28 11:20:45 - __main__ - INFO - CAM cutout window: index=39059 copy=3 cutout_mode=cam_low top=1 left=3 height=10 width=10
2026-06-28 11:20:45 - __main__ - INFO - CAM cutout window: index=20803 copy=7 cutout_mode=cam_low top=18 left=0 height=10 width=10
2026-06-28 11:20:45 - __main__ - INFO - CAM cutout window: index=35650 copy=4 cutout_mode=cam_low top=0 left=4 height=10 width=10
2026-06-28 11:20:45 - __main__ - INFO - CAM cache hit: /content/cam_cache/cifar100/resnet18/seed42/65/68/6568b59c62c811f0878ee722fae52ece09584c5e89e3d79897999422e2b579f8.pt
2026-06-28 11:20:45 - __main__ - INFO - CAM cache hit: /content/cam_cache/cifar100/resnet18/seed42/33/15/33155d2cc816c56cf25dd5cf5f1d2973b0919656bec0a767abcf3f04eb014c1c.pt
2026-06-28 11:20:45 - __main__ - INFO - CAM cutout window: index=10077 copy=3 cutout_mode=cam_low top=21 left=3 height=10 width=10
2026-06-28 11:20:45 - __main__ - INFO - CAM cache hit: /content/cam_cache/cifar100/resnet18/seed42/e8/2a/e82adcf8a247f335f58314d10a06f8a1bef0accc737853f1acfdd9f2a3dd5ae6.pt
2026-06-28 11:20:45 - __main__ - INFO - CAM cutout window: index=33183 copy=4 cutout_mode=cam_low top=0 left=4 height=10 width=10
2026-06-28 11:20:45 - __main__ - INFO - CAM cache hit: /content/cam_cache/cifar100/resnet18/seed42/21/b1/21b1a0dfb4d86e5e8a18adc048b2631066d3115c16db35b4e57a2d6074eb98e5.pt
2026-06-28 11:20:45 - __main__ - INFO - CAM cutout window: index=18500 copy=4 cutout_mode=cam_low top=0 left=2 height=10 width=10
2026-06-28 11:20:45 - __main__ - INFO - CAM cutout window: index=16291 copy=1 cutout_mode=cam_low top=3 left=2 height=10 width=10
2026-06-28 11:22:49 - __main__ - INFO - Train: loss 0.1824 acc1 94.87%
2026-06-28 11:22:49 - __main__ - INFO - Val:   loss 2.3147 acc1 49.98%
2026-06-28 11:22:49 - __main__ - INFO - 
Epoch 53/100 | lr 0.050832
2026-06-28 11:22:49 - __main__ - INFO - CAM cache hit: /content/cam_cache/cifar100/resnet18/seed42/4a/79/4a79319834194605aa11c6c0f4309623732fa35e10edf32e1e69b7a256f043f7.pt
2026-06-28 11:22:49 - __main__ - INFO - CAM cache hit: /content/cam_cache/cifar100/resnet18/seed42/91/20/91207df94752a08a9c2baff4cbc6727f56658915d0c561d06bca106948937bac.pt
2026-06-28 11:22:49 - __main__ - INFO - CAM cache hit: /content/cam_cache/cifar100/resnet18/seed42/66/a0/66a0c5fca15e4567e808d182018c0170f05fcdfa04ccf20d6286f2fbaa8e0e2e.pt
2026-06-28 11:22:49 - __main__ - INFO - CAM cache hit: /content/cam_cache/cifar100/resnet18/seed42/8c/19/8c194ca09a85c8c0086a0843cc7f414780e6644bb33b6e5249c1cc12b9e1e9be.pt
2026-06-28 11:22:49 - __main__ - INFO - CAM cutout window: index=4634 copy=5 cutout_mode=cam_low top=3 left=1 height=10 width=10
2026-06-28 11:22:49 - __main__ - INFO - CAM cutout window: index=7056 copy=4 cutout_mode=cam_low top=3 left=0 height=10 width=10
2026-06-28 11:22:49 - __main__ - INFO - CAM cutout window: index=44144 copy=3 cutout_mode=cam_low top=21 left=1 height=10 width=10
2026-06-28 11:22:49 - __main__ - INFO - CAM cutout window: index=7750 copy=1 cutout_mode=cam_low top=0 left=4 height=10 width=10
2026-06-28 11:22:49 - __main__ - INFO - CAM cache hit: /content/cam_cache/cifar100/resnet18/seed42/58/6d/586d93b66d7c7fb3a966ecebc2a3317723a68932442b94d1e53edbd714ab589c.pt
2026-06-28 11:22:49 - __main__ - INFO - CAM cache hit: /content/cam_cache/cifar100/resnet18/seed42/b7/36/b7365328cd5d98e689733bc9ae6885ceafa5805ac546ea474a2fc4dff045879b.pt
2026-06-28 11:22:49 - __main__ - INFO - CAM cache hit: /content/cam_cache/cifar100/resnet18/seed42/3b/54/3b54502207e7cca35293f9ea4ea550c78209fef6e6584fd2ea94a126b70d35ba.pt
2026-06-28 11:22:49 - __main__ - INFO - CAM cutout window: index=41768 copy=1 cutout_mode=cam_low top=19 left=21 height=10 width=10
2026-06-28 11:22:49 - __main__ - INFO - CAM cutout window: index=21618 copy=4 cutout_mode=cam_low top=0 left=22 height=10 width=10
2026-06-28 11:22:49 - __main__ - INFO - CAM cache hit: /content/cam_cache/cifar100/resnet18/seed42/3a/5f/3a5f26d63f7fd9027495f1ede57cab435408c722314c1c9cffd5d07594459faa.pt
2026-06-28 11:22:49 - __main__ - INFO - CAM cutout window: index=11303 copy=3 cutout_mode=cam_low top=20 left=20 height=10 width=10
2026-06-28 11:22:49 - __main__ - INFO - CAM cutout window: index=4525 copy=1 cutout_mode=cam_low top=0 left=21 height=10 width=10
2026-06-28 11:24:52 - __main__ - INFO - Train: loss 0.1686 acc1 95.36%
2026-06-28 11:24:52 - __main__ - INFO - Val:   loss 2.2676 acc1 51.73%
2026-06-28 11:24:52 - __main__ - INFO - 
Epoch 54/100 | lr 0.049178
2026-06-28 11:24:52 - __main__ - INFO - CAM cache hit: /content/cam_cache/cifar100/resnet18/seed42/b8/d9/b8d9a51daf2bb1eec77ca91eb7ae2d5c42009dfd38fd246040fc629313b8402f.pt
2026-06-28 11:24:52 - __main__ - INFO - CAM cache hit: /content/cam_cache/cifar100/resnet18/seed42/f9/e1/f9e154249af500a80219774bf2ef687ba9620d66138847c5f1dfafba5b4cda70.pt
2026-06-28 11:24:52 - __main__ - INFO - CAM cache hit: /content/cam_cache/cifar100/resnet18/seed42/4f/30/4f30c652993b83a95c0dc2b62e3f53470fa70ec2198643c8a72d773af2d6980a.pt
2026-06-28 11:24:52 - __main__ - INFO - CAM cache hit: /content/cam_cache/cifar100/resnet18/seed42/0e/00/0e00772d7d548320b519ace87eae5c509b5989a9b386c3eff43c311dcd8389ac.pt
2026-06-28 11:24:52 - __main__ - INFO - CAM cutout window: index=32780 copy=8 cutout_mode=cam_low top=0 left=0 height=10 width=10
2026-06-28 11:24:52 - __main__ - INFO - CAM cutout window: index=15899 copy=3 cutout_mode=cam_low top=0 left=0 height=10 width=10
2026-06-28 11:24:52 - __main__ - INFO - CAM cutout window: index=26501 copy=1 cutout_mode=cam_low top=1 left=20 height=10 width=10
2026-06-28 11:24:52 - __main__ - INFO - CAM cutout window: index=15475 copy=5 cutout_mode=cam_low top=7 left=0 height=10 width=10
2026-06-28 11:24:52 - __main__ - INFO - CAM cache hit: /content/cam_cache/cifar100/resnet18/seed42/73/3b/733bfccf5fe6738117a96b5abad49b801c23639fde5d3ee68054c12f1b603217.pt
2026-06-28 11:24:52 - __main__ - INFO - CAM cache hit: /content/cam_cache/cifar100/resnet18/seed42/c9/38/c93899565ed21470fc5121eeab1e04e249280f39f6db12d93b5844bd5b4ac69c.pt
2026-06-28 11:24:52 - __main__ - INFO - CAM cache hit: /content/cam_cache/cifar100/resnet18/seed42/f6/c8/f6c8e7a433b8ad21968bb7fa276d24295472a69e90f2cbe4b010b3d2c811d431.pt
2026-06-28 11:24:52 - __main__ - INFO - CAM cache hit: /content/cam_cache/cifar100/resnet18/seed42/7c/5d/7c5d323651f7c465b127a76ddba84cffb4cb52208196f30d5b56b9472b8ce172.pt
2026-06-28 11:24:52 - __main__ - INFO - CAM cutout window: index=11782 copy=3 cutout_mode=cam_low top=0 left=21 height=10 width=10
2026-06-28 11:24:52 - __main__ - INFO - CAM cutout window: index=33015 copy=3 cutout_mode=cam_low top=18 left=21 height=10 width=10
2026-06-28 11:24:52 - __main__ - INFO - CAM cutout window: index=10092 copy=8 cutout_mode=cam_low top=21 left=4 height=10 width=10
2026-06-28 11:24:52 - __main__ - INFO - CAM cutout window: index=42035 copy=2 cutout_mode=cam_low top=3 left=21 height=10 width=10
2026-06-28 11:26:55 - __main__ - INFO - Train: loss 0.1688 acc1 95.30%
2026-06-28 11:26:55 - __main__ - INFO - Val:   loss 2.1953 acc1 51.27%
2026-06-28 11:26:55 - __main__ - INFO - 
Epoch 55/100 | lr 0.047526
2026-06-28 11:26:55 - __main__ - INFO - CAM cache hit: /content/cam_cache/cifar100/resnet18/seed42/70/1f/701f2f40671978ed0c0e878b9ec3401172c923135c85dead6c1ee25b5caa5ef5.pt
2026-06-28 11:26:55 - __main__ - INFO - CAM cache hit: /content/cam_cache/cifar100/resnet18/seed42/dc/1a/dc1a5522ba74704f6431db1dd419fddf56a009e4e540470c6e8fb13cb6e65080.pt
2026-06-28 11:26:55 - __main__ - INFO - CAM cache hit: /content/cam_cache/cifar100/resnet18/seed42/91/ac/91ac61b05f507b3c13e76cc53a49b6ab07f26daaff3dc73a7fd5b98b3d20e529.pt
2026-06-28 11:26:55 - __main__ - INFO - CAM cutout window: index=27875 copy=6 cutout_mode=cam_low top=21 left=1 height=10 width=10
2026-06-28 11:26:55 - __main__ - INFO - CAM cutout window: index=39797 copy=6 cutout_mode=cam_low top=0 left=3 height=10 width=10
2026-06-28 11:26:55 - __main__ - INFO - CAM cache hit: /content/cam_cache/cifar100/resnet18/seed42/69/b6/69b68f7e65a358aaaa451397e55d934d803083df8ffe38df3915af3559af99dd.pt
2026-06-28 11:26:55 - __main__ - INFO - CAM cutout window: index=43878 copy=7 cutout_mode=cam_low top=21 left=0 height=10 width=10
2026-06-28 11:26:55 - __main__ - INFO - CAM cutout window: index=31261 copy=7 cutout_mode=cam_low top=2 left=19 height=10 width=10
2026-06-28 11:26:55 - __main__ - INFO - CAM cache hit: /content/cam_cache/cifar100/resnet18/seed42/ee/f9/eef991492471aac8b7113e19e48e4d15c45d1cf2d68f83ca8030f9fc38291e23.pt
2026-06-28 11:26:55 - __main__ - INFO - CAM cache hit: /content/cam_cache/cifar100/resnet18/seed42/ae/09/ae09a0afabd47c7b58fe56dd90f5301163150852508721c02997837da7046433.pt
2026-06-28 11:26:55 - __main__ - INFO - CAM cutout window: index=14440 copy=2 cutout_mode=cam_low top=0 left=4 height=10 width=10
2026-06-28 11:26:55 - __main__ - INFO - CAM cutout window: index=10292 copy=8 cutout_mode=cam_low top=21 left=1 height=10 width=10
2026-06-28 11:26:55 - __main__ - INFO - CAM cache hit: /content/cam_cache/cifar100/resnet18/seed42/87/7a/877aea11cc86e67fbc06006df31e04ac8bd94e924696d46653316de12013415e.pt
2026-06-28 11:26:55 - __main__ - INFO - CAM cutout window: index=7449 copy=6 cutout_mode=cam_low top=3 left=18 height=10 width=10
2026-06-28 11:26:55 - __main__ - INFO - CAM cache hit: /content/cam_cache/cifar100/resnet18/seed42/cc/7f/cc7f9ae17a6a1b4589aaf0e2f5e3bcf472b39374ab6ad3a8c7391bf6531cba45.pt
2026-06-28 11:26:55 - __main__ - INFO - CAM cutout window: index=15431 copy=2 cutout_mode=cam_low top=22 left=15 height=10 width=10
2026-06-28 11:28:58 - __main__ - INFO - Train: loss 0.1554 acc1 95.77%
2026-06-28 11:28:58 - __main__ - INFO - Val:   loss 2.2922 acc1 51.72%
2026-06-28 11:28:58 - __main__ - INFO - 
Epoch 56/100 | lr 0.045876
2026-06-28 11:28:58 - __main__ - INFO - CAM cache hit: /content/cam_cache/cifar100/resnet18/seed42/1f/c8/1fc8edbcd0cae6f1b976815dd4e6ff2540880ed8421acd999c27e2e9ffc66ebc.pt
2026-06-28 11:28:58 - __main__ - INFO - CAM cache hit: /content/cam_cache/cifar100/resnet18/seed42/d4/7f/d47f5de76e6797563bb4ce90a019a508e7eb8d576effde821bf2fad2ee7a693b.pt
2026-06-28 11:28:58 - __main__ - INFO - CAM cache hit: /content/cam_cache/cifar100/resnet18/seed42/46/bb/46bb1101150844adb493914c6447a276e86c9a646dfb2339d4a023eba4519ac4.pt
2026-06-28 11:28:58 - __main__ - INFO - CAM cutout window: index=7828 copy=8 cutout_mode=cam_low top=0 left=10 height=10 width=10
2026-06-28 11:28:58 - __main__ - INFO - CAM cache hit: /content/cam_cache/cifar100/resnet18/seed42/8d/0d/8d0d463bbebd206512835e4bc2791e9d3ccf9e4994e8dbb072b1dc890f3fc5c9.pt
2026-06-28 11:28:58 - __main__ - INFO - CAM cutout window: index=24820 copy=3 cutout_mode=cam_low top=21 left=4 height=10 width=10
2026-06-28 11:28:58 - __main__ - INFO - CAM cutout window: index=32623 copy=8 cutout_mode=cam_low top=4 left=1 height=10 width=10
2026-06-28 11:28:58 - __main__ - INFO - CAM cutout window: index=21077 copy=2 cutout_mode=cam_low top=0 left=3 height=10 width=10
2026-06-28 11:28:58 - __main__ - INFO - CAM cache hit: /content/cam_cache/cifar100/resnet18/seed42/90/d1/90d1faeb11bb089c98a6d7b547ce1175a8bf17c4e0eb42fed360e8dba2ef0b4c.pt
2026-06-28 11:28:58 - __main__ - INFO - CAM cutout window: index=6884 copy=5 cutout_mode=cam_low top=5 left=1 height=10 width=10
2026-06-28 11:28:58 - __main__ - INFO - CAM cache hit: /content/cam_cache/cifar100/resnet18/seed42/cb/34/cb343d8c94cfa73a250f797f500b9432a68741e518103c563890502968d16c65.pt
2026-06-28 11:28:58 - __main__ - INFO - CAM cutout window: index=20682 copy=3 cutout_mode=cam_low top=0 left=4 height=10 width=10
2026-06-28 11:28:58 - __main__ - INFO - CAM cache hit: /content/cam_cache/cifar100/resnet18/seed42/37/11/3711b961fd5a8fc27d3fe6505108bdb208bb53d9979d060d6fe86717a25741f9.pt
2026-06-28 11:28:58 - __main__ - INFO - CAM cache hit: /content/cam_cache/cifar100/resnet18/seed42/86/aa/86aa4950da0e45fcdb9784b69355a58cc2fd7934121dddf5bc928919b1a0f1f8.pt
2026-06-28 11:28:58 - __main__ - INFO - CAM cutout window: index=41578 copy=4 cutout_mode=cam_low top=22 left=21 height=10 width=10
2026-06-28 11:28:58 - __main__ - INFO - CAM cutout window: index=6364 copy=8 cutout_mode=cam_low top=0 left=13 height=10 width=10
2026-06-28 11:31:01 - __main__ - INFO - Train: loss 0.1487 acc1 95.98%
2026-06-28 11:31:01 - __main__ - INFO - Val:   loss 2.2035 acc1 52.13%
2026-06-28 11:31:01 - __main__ - INFO - saved best: 52.13%
2026-06-28 11:31:01 - __main__ - INFO - 
Epoch 57/100 | lr 0.044231
2026-06-28 11:31:01 - __main__ - INFO - CAM cache hit: /content/cam_cache/cifar100/resnet18/seed42/ec/80/ec80b8aee9c34cc1cb1f72a0fc38fc074bf91acfbf8697c6dc1e11583df0bc83.pt
2026-06-28 11:31:01 - __main__ - INFO - CAM cache hit: /content/cam_cache/cifar100/resnet18/seed42/ed/75/ed7538bdd07363d224f42329ca64419c2e6ef10c3d65c1c421129d494a4fb726.pt
2026-06-28 11:31:01 - __main__ - INFO - CAM cache hit: /content/cam_cache/cifar100/resnet18/seed42/60/fd/60fd607d5d64f69dabe56edb1d8c4dc94702d9ea67c5fda474514df783710edf.pt
2026-06-28 11:31:01 - __main__ - INFO - CAM cache hit: /content/cam_cache/cifar100/resnet18/seed42/82/9c/829cbe5a73151fe34d2cc3269270149d6102453d4b551a4df70c1d2bfd2b1b86.pt
2026-06-28 11:31:01 - __main__ - INFO - CAM cutout window: index=8619 copy=2 cutout_mode=cam_low top=0 left=22 height=10 width=10
2026-06-28 11:31:01 - __main__ - INFO - CAM cutout window: index=20301 copy=4 cutout_mode=cam_low top=0 left=3 height=10 width=10
2026-06-28 11:31:01 - __main__ - INFO - CAM cutout window: index=26539 copy=4 cutout_mode=cam_low top=22 left=3 height=10 width=10
2026-06-28 11:31:01 - __main__ - INFO - CAM cutout window: index=11927 copy=1 cutout_mode=cam_low top=0 left=15 height=10 width=10
2026-06-28 11:31:01 - __main__ - INFO - CAM cache hit: /content/cam_cache/cifar100/resnet18/seed42/34/4f/344f81037f4413f8759f211848a652f824a92bcdd4d8feb87fc50d52f328a401.pt
2026-06-28 11:31:01 - __main__ - INFO - CAM cache hit: /content/cam_cache/cifar100/resnet18/seed42/d1/6f/d16f889c0f08b9ad67724983474c73e9afbf8eea53a8cf8b50ab4287e9a04280.pt
2026-06-28 11:31:01 - __main__ - INFO - CAM cache hit: /content/cam_cache/cifar100/resnet18/seed42/b3/f0/b3f03ccdf04010536d1dfa2c1e260c1f0c30b9dcfef06939cd897b24fd81b96d.pt
2026-06-28 11:31:01 - __main__ - INFO - CAM cutout window: index=13959 copy=8 cutout_mode=cam_low top=19 left=0 height=10 width=10
2026-06-28 11:31:01 - __main__ - INFO - CAM cutout window: index=32906 copy=2 cutout_mode=cam_low top=13 left=0 height=10 width=10
2026-06-28 11:31:01 - __main__ - INFO - CAM cache hit: /content/cam_cache/cifar100/resnet18/seed42/95/64/956428a3eda68bd36a10edc4cfd8d0abb18cf5666dd74d1ed01a5d9f1241bd0a.pt
2026-06-28 11:31:01 - __main__ - INFO - CAM cutout window: index=6955 copy=2 cutout_mode=cam_low top=0 left=18 height=10 width=10
2026-06-28 11:31:01 - __main__ - INFO - CAM cutout window: index=17402 copy=5 cutout_mode=cam_low top=3 left=0 height=10 width=10
2026-06-28 11:33:04 - __main__ - INFO - Train: loss 0.1405 acc1 96.21%
2026-06-28 11:33:04 - __main__ - INFO - Val:   loss 2.2962 acc1 52.09%
2026-06-28 11:33:04 - __main__ - INFO - 
Epoch 58/100 | lr 0.042593
2026-06-28 11:33:04 - __main__ - INFO - CAM cache hit: /content/cam_cache/cifar100/resnet18/seed42/93/47/934712083e1b0aa917ca1037dba621c3004897270e43f9bc3005ca7c30602d09.pt
2026-06-28 11:33:04 - __main__ - INFO - CAM cache hit: /content/cam_cache/cifar100/resnet18/seed42/e1/f1/e1f1a9f15e0d951bd8880644ce8b19c3f7b65c059cd4c7ca7df330eaad83107e.pt
2026-06-28 11:33:04 - __main__ - INFO - CAM cache hit: /content/cam_cache/cifar100/resnet18/seed42/c8/92/c89249583008cdf499fadc6612eb0d22de68040d64364c05af592cd3806e349c.pt
2026-06-28 11:33:04 - __main__ - INFO - CAM cutout window: index=14031 copy=4 cutout_mode=cam_low top=0 left=9 height=10 width=10
2026-06-28 11:33:04 - __main__ - INFO - CAM cache hit: /content/cam_cache/cifar100/resnet18/seed42/54/a9/54a93edc7c324b8a7a62b7ef960cb6fa5de5f0f78bdcae907ef281cab610d9a2.pt
2026-06-28 11:33:04 - __main__ - INFO - CAM cutout window: index=2512 copy=8 cutout_mode=cam_low top=21 left=2 height=10 width=10
2026-06-28 11:33:04 - __main__ - INFO - CAM cutout window: index=1688 copy=5 cutout_mode=cam_low top=0 left=2 height=10 width=10
2026-06-28 11:33:04 - __main__ - INFO - CAM cutout window: index=28570 copy=2 cutout_mode=cam_low top=22 left=5 height=10 width=10
2026-06-28 11:33:04 - __main__ - INFO - CAM cache hit: /content/cam_cache/cifar100/resnet18/seed42/aa/c8/aac879340d92cba2c5641fb8c02cb6ead0f4df0f0ffccefc1e835efb04ea04df.pt
2026-06-28 11:33:04 - __main__ - INFO - CAM cache hit: /content/cam_cache/cifar100/resnet18/seed42/53/05/5305fe2b7eed19a19b89b69f8045c04d3604639db7d2df0fd15ae8bbcfa6ecdb.pt
2026-06-28 11:33:04 - __main__ - INFO - CAM cutout window: index=27150 copy=1 cutout_mode=cam_low top=3 left=1 height=10 width=10
2026-06-28 11:33:04 - __main__ - INFO - CAM cutout window: index=27864 copy=7 cutout_mode=cam_low top=0 left=0 height=10 width=10
2026-06-28 11:33:04 - __main__ - INFO - CAM cache hit: /content/cam_cache/cifar100/resnet18/seed42/b5/8a/b58a0aedd4b0ff767f30fac71edb8df7f89c70bb363839be36d8b52436e807cb.pt
2026-06-28 11:33:04 - __main__ - INFO - CAM cache hit: /content/cam_cache/cifar100/resnet18/seed42/4c/20/4c2087c934ad18fbfe523e500e142cb33451c58161eff9d1ec6e16db12013e03.pt
2026-06-28 11:33:04 - __main__ - INFO - CAM cutout window: index=16449 copy=7 cutout_mode=cam_low top=0 left=2 height=10 width=10
2026-06-28 11:33:04 - __main__ - INFO - CAM cutout window: index=33625 copy=5 cutout_mode=cam_low top=19 left=1 height=10 width=10
2026-06-28 11:35:09 - __main__ - INFO - Train: loss 0.1342 acc1 96.41%
2026-06-28 11:35:09 - __main__ - INFO - Val:   loss 2.3295 acc1 51.32%
2026-06-28 11:35:09 - __main__ - INFO - 
Epoch 59/100 | lr 0.040962
2026-06-28 11:35:09 - __main__ - INFO - CAM cache hit: /content/cam_cache/cifar100/resnet18/seed42/36/d2/36d23a62c1c1e9150026e4e57c24c1f20b1cf1a64ca13e32c62ca8cbf5b86fe6.pt
2026-06-28 11:35:09 - __main__ - INFO - CAM cache hit: /content/cam_cache/cifar100/resnet18/seed42/af/27/af27838a3d99a9504f86633d6b244a052802af4497f25b965144462688c750c6.pt
2026-06-28 11:35:09 - __main__ - INFO - CAM cache hit: /content/cam_cache/cifar100/resnet18/seed42/6c/47/6c478c3f0de5a304e9673b3b0aa8410bf945ac9ad627d610be27f207bc2a6cdc.pt
2026-06-28 11:35:09 - __main__ - INFO - CAM cache hit: /content/cam_cache/cifar100/resnet18/seed42/4e/e4/4ee401b766697464cbad1ba955ccc48e8b1df68dcda35c82b0ad8e77090123ca.pt
2026-06-28 11:35:09 - __main__ - INFO - CAM cutout window: index=37290 copy=5 cutout_mode=cam_low top=0 left=1 height=10 width=10
2026-06-28 11:35:09 - __main__ - INFO - CAM cutout window: index=28127 copy=1 cutout_mode=cam_low top=4 left=0 height=10 width=10
2026-06-28 11:35:09 - __main__ - INFO - CAM cutout window: index=3701 copy=5 cutout_mode=cam_low top=0 left=3 height=10 width=10
2026-06-28 11:35:09 - __main__ - INFO - CAM cutout window: index=1503 copy=2 cutout_mode=cam_low top=0 left=1 height=10 width=10
2026-06-28 11:35:09 - __main__ - INFO - CAM cache hit: /content/cam_cache/cifar100/resnet18/seed42/91/d4/91d4d4c77b48a57ef8d495066a9bafb1080ecf1f03920c7ab2a3f826abd900f2.pt
2026-06-28 11:35:09 - __main__ - INFO - CAM cache hit: /content/cam_cache/cifar100/resnet18/seed42/f4/a7/f4a75f186b88a782ff956d4b4fbe0aa3d763a83be8e9386e0570c702dcaebb5e.pt
2026-06-28 11:35:09 - __main__ - INFO - CAM cutout window: index=27978 copy=8 cutout_mode=cam_low top=0 left=16 height=10 width=10
2026-06-28 11:35:09 - __main__ - INFO - CAM cutout window: index=38485 copy=5 cutout_mode=cam_low top=20 left=0 height=10 width=10
2026-06-28 11:35:09 - __main__ - INFO - CAM cache hit: /content/cam_cache/cifar100/resnet18/seed42/3c/06/3c063c0951c01ecaa5a0e8e49904ead5b4f1bd58337402ab972a90e74e93016b.pt
2026-06-28 11:35:09 - __main__ - INFO - CAM cache hit: /content/cam_cache/cifar100/resnet18/seed42/42/3a/423a1c46a8793616d7c49b166e4814eaf82f86df2324ae082dbebec67f6aad0c.pt
2026-06-28 11:35:09 - __main__ - INFO - CAM cutout window: index=32617 copy=6 cutout_mode=cam_low top=8 left=22 height=10 width=10
2026-06-28 11:35:09 - __main__ - INFO - CAM cutout window: index=21050 copy=2 cutout_mode=cam_low top=19 left=22 height=10 width=10
2026-06-28 11:37:12 - __main__ - INFO - Train: loss 0.1299 acc1 96.55%
2026-06-28 11:37:12 - __main__ - INFO - Val:   loss 2.2262 acc1 52.27%
2026-06-28 11:37:12 - __main__ - INFO - saved best: 52.27%
2026-06-28 11:37:12 - __main__ - INFO - 
Epoch 60/100 | lr 0.039341
2026-06-28 11:37:12 - __main__ - INFO - CAM cache hit: /content/cam_cache/cifar100/resnet18/seed42/91/42/91421e169a9082aa1fafdd2757579c29bc24fedafcb192be78b1453eee488662.pt
2026-06-28 11:37:12 - __main__ - INFO - CAM cache hit: /content/cam_cache/cifar100/resnet18/seed42/ee/04/ee047bfc6efecb201289584064cf4d63b1180170c588c826aaf3b270c28dac7e.pt
2026-06-28 11:37:12 - __main__ - INFO - CAM cache hit: /content/cam_cache/cifar100/resnet18/seed42/c9/3c/c93cb62c01f6b23e36666040620af60e2591e549857fb9885506fcc0ba315136.pt
2026-06-28 11:37:12 - __main__ - INFO - CAM cutout window: index=15242 copy=4 cutout_mode=cam_low top=20 left=5 height=10 width=10
2026-06-28 11:37:12 - __main__ - INFO - CAM cache hit: /content/cam_cache/cifar100/resnet18/seed42/31/3c/313c1bc36295125ee7e53d1aec6b6ebf7e0bdedef412cb6b502cff8262be90cf.pt
2026-06-28 11:37:12 - __main__ - INFO - CAM cutout window: index=5737 copy=3 cutout_mode=cam_low top=22 left=3 height=10 width=10
2026-06-28 11:37:12 - __main__ - INFO - CAM cutout window: index=1957 copy=2 cutout_mode=cam_low top=15 left=0 height=10 width=10
2026-06-28 11:37:12 - __main__ - INFO - CAM cutout window: index=16815 copy=7 cutout_mode=cam_low top=0 left=3 height=10 width=10
2026-06-28 11:37:12 - __main__ - INFO - CAM cache hit: /content/cam_cache/cifar100/resnet18/seed42/a5/7a/a57ad0e8869fed996bbf750d2030020e6e1dd5de8d9c28b1f77c63701c9a54c0.pt
2026-06-28 11:37:12 - __main__ - INFO - CAM cache hit: /content/cam_cache/cifar100/resnet18/seed42/8d/03/8d034024a19b13e98b612a245cdfc090ddb61fe7eeabe2601d9975ada3c70aeb.pt
2026-06-28 11:37:12 - __main__ - INFO - CAM cache hit: /content/cam_cache/cifar100/resnet18/seed42/6e/5f/6e5f117ee2a02ab314f67c14af294b8e32a8811d4f81f2dc68b05fbdceceb87c.pt
2026-06-28 11:37:12 - __main__ - INFO - CAM cutout window: index=40768 copy=1 cutout_mode=cam_low top=0 left=9 height=10 width=10
2026-06-28 11:37:12 - __main__ - INFO - CAM cutout window: index=29022 copy=7 cutout_mode=cam_low top=22 left=0 height=10 width=10
2026-06-28 11:37:12 - __main__ - INFO - CAM cutout window: index=44916 copy=7 cutout_mode=cam_low top=0 left=18 height=10 width=10
2026-06-28 11:37:12 - __main__ - INFO - CAM cache hit: /content/cam_cache/cifar100/resnet18/seed42/30/8f/308f0606cdd8049d9f949c0f3537ff6d0dbfca5138d95b37bb2147babf0c4726.pt
2026-06-28 11:37:12 - __main__ - INFO - CAM cutout window: index=2524 copy=6 cutout_mode=cam_low top=0 left=20 height=10 width=10
2026-06-28 11:39:15 - __main__ - INFO - Train: loss 0.1292 acc1 96.62%
2026-06-28 11:39:15 - __main__ - INFO - Val:   loss 2.2750 acc1 52.09%
2026-06-28 11:39:15 - __main__ - INFO - 
Epoch 61/100 | lr 0.037732
2026-06-28 11:39:15 - __main__ - INFO - CAM cache hit: /content/cam_cache/cifar100/resnet18/seed42/b4/a3/b4a3ba97635b58239892bcb3a8729d8df2d9280111e14f2d3410e1381f9bc594.pt
2026-06-28 11:39:15 - __main__ - INFO - CAM cache hit: /content/cam_cache/cifar100/resnet18/seed42/42/29/422952b29e68ab0979d91492848d9b232ed1302291943364cefa312d85b72c94.pt
2026-06-28 11:39:15 - __main__ - INFO - CAM cutout window: index=9608 copy=6 cutout_mode=cam_low top=1 left=1 height=10 width=10
2026-06-28 11:39:15 - __main__ - INFO - CAM cutout window: index=36857 copy=4 cutout_mode=cam_low top=1 left=6 height=10 width=10
2026-06-28 11:39:15 - __main__ - INFO - CAM cache hit: /content/cam_cache/cifar100/resnet18/seed42/59/f1/59f11f300853adf2623679b120026c6f530203ac4818307a0c5b8eb9af830820.pt
2026-06-28 11:39:15 - __main__ - INFO - CAM cache hit: /content/cam_cache/cifar100/resnet18/seed42/ce/42/ce42f5f37023892d380688af8127494ae49185c9d7265f567cdf1ffa1a5a24c6.pt
2026-06-28 11:39:15 - __main__ - INFO - CAM cache hit: /content/cam_cache/cifar100/resnet18/seed42/b2/b7/b2b7d24b2c833f5ad67f17aac19944212af8791223b9202601ca29c7500fe77a.pt
2026-06-28 11:39:15 - __main__ - INFO - CAM cutout window: index=4758 copy=1 cutout_mode=cam_low top=21 left=17 height=10 width=10
2026-06-28 11:39:15 - __main__ - INFO - CAM cutout window: index=26369 copy=3 cutout_mode=cam_low top=0 left=6 height=10 width=10
2026-06-28 11:39:15 - __main__ - INFO - CAM cutout window: index=34700 copy=5 cutout_mode=cam_low top=1 left=21 height=10 width=10
2026-06-28 11:39:15 - __main__ - INFO - CAM cache hit: /content/cam_cache/cifar100/resnet18/seed42/21/5d/215d1e745bd5e7d7e79012e8a3ad34309e7cfc79f897164e981c0f16d80bdcad.pt
2026-06-28 11:39:15 - __main__ - INFO - CAM cutout window: index=9641 copy=1 cutout_mode=cam_low top=8 left=0 height=10 width=10
2026-06-28 11:39:15 - __main__ - INFO - CAM cache hit: /content/cam_cache/cifar100/resnet18/seed42/e9/d6/e9d661a9f8455113885a019bfbf3bef6a5097df40d54232044eef40a4ddb1b8a.pt
2026-06-28 11:39:15 - __main__ - INFO - CAM cache hit: /content/cam_cache/cifar100/resnet18/seed42/a7/e5/a7e58d4077dfecc4db04bf413336e153abc43329d67a2d07119f970eb2d6124c.pt
2026-06-28 11:39:15 - __main__ - INFO - CAM cutout window: index=6579 copy=2 cutout_mode=cam_low top=16 left=0 height=10 width=10
2026-06-28 11:39:15 - __main__ - INFO - CAM cutout window: index=44689 copy=6 cutout_mode=cam_low top=0 left=21 height=10 width=10
2026-06-28 11:41:19 - __main__ - INFO - Train: loss 0.1193 acc1 96.90%
2026-06-28 11:41:19 - __main__ - INFO - Val:   loss 2.4947 acc1 49.78%
2026-06-28 11:41:19 - __main__ - INFO - 
Epoch 62/100 | lr 0.036136
2026-06-28 11:41:20 - __main__ - INFO - CAM cache hit: /content/cam_cache/cifar100/resnet18/seed42/53/37/53378ee6acf28e7ccd1c064920fda5bfc1bdfe8f14ada6179409953f526a8908.pt
2026-06-28 11:41:20 - __main__ - INFO - CAM cutout window: index=18286 copy=1 cutout_mode=cam_low top=21 left=21 height=10 width=10
2026-06-28 11:41:20 - __main__ - INFO - CAM cache hit: /content/cam_cache/cifar100/resnet18/seed42/09/49/0949c25e0a33a9558767c591f18fec6d80c17125821efa9b0d85c1370980be4f.pt
2026-06-28 11:41:20 - __main__ - INFO - CAM cutout window: index=38011 copy=1 cutout_mode=cam_low top=2 left=0 height=10 width=10
2026-06-28 11:41:20 - __main__ - INFO - CAM cache hit: /content/cam_cache/cifar100/resnet18/seed42/55/b0/55b08bc716c45e06a9a9381d332dd3d4e4cfde9492d35deb3b8da5961c894469.pt
2026-06-28 11:41:20 - __main__ - INFO - CAM cache hit: /content/cam_cache/cifar100/resnet18/seed42/67/e4/67e421831d3b36e5e906bd193d2707b3c491c39cdea352c377fb3969ec0197ce.pt
2026-06-28 11:41:20 - __main__ - INFO - CAM cache hit: /content/cam_cache/cifar100/resnet18/seed42/db/ad/dbadef2bcbb597d24d933a5b6157edb9d159a7bbb172c46bdb47357b405f32e2.pt
2026-06-28 11:41:20 - __main__ - INFO - CAM cutout window: index=18346 copy=6 cutout_mode=cam_low top=1 left=4 height=10 width=10
2026-06-28 11:41:20 - __main__ - INFO - CAM cutout window: index=3570 copy=1 cutout_mode=cam_low top=22 left=11 height=10 width=10
2026-06-28 11:41:20 - __main__ - INFO - CAM cutout window: index=44622 copy=4 cutout_mode=cam_low top=5 left=20 height=10 width=10
2026-06-28 11:41:20 - __main__ - INFO - CAM cache hit: /content/cam_cache/cifar100/resnet18/seed42/9c/44/9c44b9df4d89d988e076464bc183c07ca213b576c46bcd334508f8149e2ca0e9.pt
2026-06-28 11:41:20 - __main__ - INFO - CAM cutout window: index=14609 copy=5 cutout_mode=cam_low top=2 left=0 height=10 width=10
2026-06-28 11:41:20 - __main__ - INFO - CAM cache hit: /content/cam_cache/cifar100/resnet18/seed42/8e/5c/8e5c65f78bee422aee1ac7c97b41cdb1d465ebcb5d17824d687e60d751fba1b1.pt
2026-06-28 11:41:20 - __main__ - INFO - CAM cache hit: /content/cam_cache/cifar100/resnet18/seed42/12/9b/129b918c9a7802b213d9161bae4e4969953af374e68b19681c2def5fb5e7b9cf.pt
2026-06-28 11:41:20 - __main__ - INFO - CAM cutout window: index=16265 copy=5 cutout_mode=cam_low top=21 left=0 height=10 width=10
2026-06-28 11:41:20 - __main__ - INFO - CAM cutout window: index=2170 copy=8 cutout_mode=cam_low top=21 left=22 height=10 width=10
2026-06-28 11:43:23 - __main__ - INFO - Train: loss 0.0996 acc1 97.50%
2026-06-28 11:43:23 - __main__ - INFO - Val:   loss 2.3424 acc1 50.05%
2026-06-28 11:43:23 - __main__ - INFO - 
Epoch 63/100 | lr 0.034556
2026-06-28 11:43:23 - __main__ - INFO - CAM cache hit: /content/cam_cache/cifar100/resnet18/seed42/01/47/014771f567830b4b28f6d7fb776f44e82cd50d278b0d145a1cb44a4d00f6f2b8.pt
2026-06-28 11:43:23 - __main__ - INFO - CAM cache hit: /content/cam_cache/cifar100/resnet18/seed42/17/f8/17f89c2c1cc4e7ae00ecc744b0d3e10565490474fbb21533fd1176b50d42f526.pt
2026-06-28 11:43:23 - __main__ - INFO - CAM cache hit: /content/cam_cache/cifar100/resnet18/seed42/eb/ab/ebabb2d572e8b9016abb6c6c02bcc5c12d4b1d8e1b1550cc7bf4b2536be3e85b.pt
2026-06-28 11:43:23 - __main__ - INFO - CAM cutout window: index=44825 copy=2 cutout_mode=cam_low top=4 left=22 height=10 width=10
2026-06-28 11:43:23 - __main__ - INFO - CAM cutout window: index=38804 copy=3 cutout_mode=cam_low top=4 left=2 height=10 width=10
2026-06-28 11:43:23 - __main__ - INFO - CAM cutout window: index=35072 copy=4 cutout_mode=cam_low top=19 left=0 height=10 width=10
2026-06-28 11:43:23 - __main__ - INFO - CAM cache hit: /content/cam_cache/cifar100/resnet18/seed42/c8/ed/c8ed482ab6044ad549a6d7231e24564a12e2068175c3dcb8340191d50d500f9f.pt
2026-06-28 11:43:23 - __main__ - INFO - CAM cutout window: index=186 copy=1 cutout_mode=cam_low top=1 left=7 height=10 width=10
2026-06-28 11:43:23 - __main__ - INFO - CAM cache hit: /content/cam_cache/cifar100/resnet18/seed42/37/c3/37c393645db002cc0a8c2bf7acecc492b3343a395911bacc802760465dca7184.pt
2026-06-28 11:43:23 - __main__ - INFO - CAM cache hit: /content/cam_cache/cifar100/resnet18/seed42/5a/98/5a981ac1f782693374efd5208c2c86cc1da04f4f2b874fcab75f40720ae23d77.pt
2026-06-28 11:43:23 - __main__ - INFO - CAM cutout window: index=38684 copy=6 cutout_mode=cam_low top=0 left=2 height=10 width=10
2026-06-28 11:43:23 - __main__ - INFO - CAM cutout window: index=13124 copy=7 cutout_mode=cam_low top=0 left=0 height=10 width=10
2026-06-28 11:43:23 - __main__ - INFO - CAM cache hit: /content/cam_cache/cifar100/resnet18/seed42/22/10/22106f4482e6b9b0c855e8ee21274acc3d8578a24ef00500807d18c1fea72bb9.pt
2026-06-28 11:43:23 - __main__ - INFO - CAM cache hit: /content/cam_cache/cifar100/resnet18/seed42/aa/ab/aaabe172fe3c8c92eadb9721dfabe37ae12bcc27da17713c99cea2b9b32e20f7.pt
2026-06-28 11:43:23 - __main__ - INFO - CAM cutout window: index=12864 copy=2 cutout_mode=cam_low top=2 left=4 height=10 width=10
2026-06-28 11:43:23 - __main__ - INFO - CAM cutout window: index=9269 copy=3 cutout_mode=cam_low top=18 left=1 height=10 width=10
2026-06-28 11:45:27 - __main__ - INFO - Train: loss 0.0921 acc1 97.72%
2026-06-28 11:45:27 - __main__ - INFO - Val:   loss 2.4004 acc1 49.42%
2026-06-28 11:45:27 - __main__ - INFO - 
Epoch 64/100 | lr 0.032992
2026-06-28 11:45:27 - __main__ - INFO - CAM cache hit: /content/cam_cache/cifar100/resnet18/seed42/2d/22/2d224f565107819c05e3a75c63ab656e846913a114636ed97806b34a03b6dd80.pt
2026-06-28 11:45:27 - __main__ - INFO - CAM cache hit: /content/cam_cache/cifar100/resnet18/seed42/03/12/0312133cd32b935c31800a3853940e23631899f73b03bef4ca2167e88e050fb2.pt
2026-06-28 11:45:27 - __main__ - INFO - CAM cutout window: index=26441 copy=5 cutout_mode=cam_low top=22 left=17 height=10 width=10
2026-06-28 11:45:27 - __main__ - INFO - CAM cache hit: /content/cam_cache/cifar100/resnet18/seed42/3c/47/3c478491d368090456f62a369ce8320408625ee3bb3b5ce446f767c0b627fe32.pt
2026-06-28 11:45:27 - __main__ - INFO - CAM cutout window: index=32255 copy=3 cutout_mode=cam_low top=6 left=22 height=10 width=10
2026-06-28 11:45:27 - __main__ - INFO - CAM cutout window: index=7946 copy=4 cutout_mode=cam_low top=1 left=20 height=10 width=10
2026-06-28 11:45:27 - __main__ - INFO - CAM cache hit: /content/cam_cache/cifar100/resnet18/seed42/41/61/41616ab7b5fab78aae002c388bef457808572c6d9a13ddbfd2cf4db11bf48f9f.pt
2026-06-28 11:45:27 - __main__ - INFO - CAM cutout window: index=35211 copy=3 cutout_mode=cam_low top=3 left=20 height=10 width=10
2026-06-28 11:45:27 - __main__ - INFO - CAM cache hit: /content/cam_cache/cifar100/resnet18/seed42/0b/ca/0bca4a41038958571cc9af50c492a6a6ea1fc488bed7ddad0898f7710e871513.pt
2026-06-28 11:45:27 - __main__ - INFO - CAM cutout window: index=1028 copy=8 cutout_mode=cam_low top=21 left=1 height=10 width=10
2026-06-28 11:45:27 - __main__ - INFO - CAM cache hit: /content/cam_cache/cifar100/resnet18/seed42/42/3a/423a1c46a8793616d7c49b166e4814eaf82f86df2324ae082dbebec67f6aad0c.pt
2026-06-28 11:45:27 - __main__ - INFO - CAM cache hit: /content/cam_cache/cifar100/resnet18/seed42/8e/bd/8ebde89cdf3c3fe481bc8918a3f9afd4d8637b8fe9b06e7d0a5a9103578e8771.pt
2026-06-28 11:45:27 - __main__ - INFO - CAM cutout window: index=21050 copy=2 cutout_mode=cam_low top=19 left=22 height=10 width=10
2026-06-28 11:45:27 - __main__ - INFO - CAM cutout window: index=24335 copy=8 cutout_mode=cam_low top=3 left=3 height=10 width=10
2026-06-28 11:45:27 - __main__ - INFO - CAM cache hit: /content/cam_cache/cifar100/resnet18/seed42/d0/73/d073f4bcc64b988bc2ad301c510046e8d1e90cd56db4fcf20d671c6605c50dcc.pt
2026-06-28 11:45:27 - __main__ - INFO - CAM cutout window: index=11796 copy=5 cutout_mode=cam_low top=18 left=0 height=10 width=10
2026-06-28 11:47:30 - __main__ - INFO - Train: loss 0.0949 acc1 97.62%
2026-06-28 11:47:30 - __main__ - INFO - Val:   loss 1.9772 acc1 55.55%
2026-06-28 11:47:30 - __main__ - INFO - saved best: 55.55%
2026-06-28 11:47:30 - __main__ - INFO - 
Epoch 65/100 | lr 0.031447
2026-06-28 11:47:30 - __main__ - INFO - CAM cache hit: /content/cam_cache/cifar100/resnet18/seed42/fc/dd/fcdd09b58c3c88a09109844e12351f32ea85395cee65b5054bbed04355028d61.pt
2026-06-28 11:47:30 - __main__ - INFO - CAM cache hit: /content/cam_cache/cifar100/resnet18/seed42/9c/cf/9ccf7558f834be2557d4b87bd06dc51dbbc173a6857ce03a0b80d7d138f0fc53.pt
2026-06-28 11:47:30 - __main__ - INFO - CAM cache hit: /content/cam_cache/cifar100/resnet18/seed42/c1/a9/c1a97eac5ecbe159a8679114d1e7f0835cca0521fb69b55a0d638d95faf6c960.pt
2026-06-28 11:47:30 - __main__ - INFO - CAM cache hit: /content/cam_cache/cifar100/resnet18/seed42/d7/f3/d7f338f87e00a3e984c8789c277800b9ba2ecd1286b5a6821cefa83c9650f040.pt
2026-06-28 11:47:30 - __main__ - INFO - CAM cutout window: index=19526 copy=4 cutout_mode=cam_low top=0 left=14 height=10 width=10
2026-06-28 11:47:30 - __main__ - INFO - CAM cutout window: index=21585 copy=6 cutout_mode=cam_low top=1 left=21 height=10 width=10
2026-06-28 11:47:30 - __main__ - INFO - CAM cutout window: index=15295 copy=2 cutout_mode=cam_low top=16 left=0 height=10 width=10
2026-06-28 11:47:30 - __main__ - INFO - CAM cutout window: index=9698 copy=7 cutout_mode=cam_low top=0 left=4 height=10 width=10
2026-06-28 11:47:30 - __main__ - INFO - CAM cache hit: /content/cam_cache/cifar100/resnet18/seed42/04/54/04543f8466d44572eb0a62a4e98552e6db2d0fd2ec464c0b56547415f57e2021.pt
2026-06-28 11:47:30 - __main__ - INFO - CAM cache hit: /content/cam_cache/cifar100/resnet18/seed42/c9/49/c949313bbb8e5becdc1878f686437685bf53225ffff863c6fe0360e2488dcb0f.pt
2026-06-28 11:47:30 - __main__ - INFO - CAM cache hit: /content/cam_cache/cifar100/resnet18/seed42/c6/40/c6407d8181773290f97ab9dd32bd80c8b785e6de7567e110752843ec7cc964be.pt
2026-06-28 11:47:30 - __main__ - INFO - CAM cutout window: index=27208 copy=6 cutout_mode=cam_low top=21 left=2 height=10 width=10
2026-06-28 11:47:30 - __main__ - INFO - CAM cutout window: index=33038 copy=5 cutout_mode=cam_low top=0 left=0 height=10 width=10
2026-06-28 11:47:30 - __main__ - INFO - CAM cutout window: index=1846 copy=2 cutout_mode=cam_low top=5 left=21 height=10 width=10
2026-06-28 11:47:30 - __main__ - INFO - CAM cache hit: /content/cam_cache/cifar100/resnet18/seed42/3b/45/3b453eb518c79fa1e704b513543427b21d92d09b7a35fcb1f1b23953f658a8e5.pt
2026-06-28 11:47:30 - __main__ - INFO - CAM cutout window: index=36433 copy=6 cutout_mode=cam_low top=0 left=20 height=10 width=10
2026-06-28 11:49:33 - __main__ - INFO - Train: loss 0.1163 acc1 97.05%
2026-06-28 11:49:33 - __main__ - INFO - Val:   loss 2.0185 acc1 54.90%
2026-06-28 11:49:33 - __main__ - INFO - 
Epoch 66/100 | lr 0.029922
2026-06-28 11:49:33 - __main__ - INFO - CAM cache hit: /content/cam_cache/cifar100/resnet18/seed42/b7/76/b77695f32423d40df1334d73046653486631c4688945c490988f7c6550b4cf79.pt
2026-06-28 11:49:33 - __main__ - INFO - CAM cache hit: /content/cam_cache/cifar100/resnet18/seed42/b3/43/b343ee715ed5eb9b35d6268503d2c3257ddf559290e94753c003a53f15ac40b0.pt
2026-06-28 11:49:33 - __main__ - INFO - CAM cache hit: /content/cam_cache/cifar100/resnet18/seed42/e9/27/e927b222ff205e58133a6ae1b6b819e24d99ea5d10aba29afeda92bdc05eb379.pt
2026-06-28 11:49:33 - __main__ - INFO - CAM cutout window: index=39410 copy=8 cutout_mode=cam_low top=0 left=8 height=10 width=10
2026-06-28 11:49:33 - __main__ - INFO - CAM cutout window: index=38795 copy=6 cutout_mode=cam_low top=21 left=1 height=10 width=10
2026-06-28 11:49:33 - __main__ - INFO - CAM cache hit: /content/cam_cache/cifar100/resnet18/seed42/f8/b0/f8b0f57fa053ead88da1d6baf9100fbff4432f17b5b51e8ef28fbac3a369d549.pt
2026-06-28 11:49:33 - __main__ - INFO - CAM cutout window: index=13783 copy=7 cutout_mode=cam_low top=19 left=0 height=10 width=10
2026-06-28 11:49:33 - __main__ - INFO - CAM cutout window: index=40192 copy=3 cutout_mode=cam_low top=2 left=3 height=10 width=10
2026-06-28 11:49:33 - __main__ - INFO - CAM cache hit: /content/cam_cache/cifar100/resnet18/seed42/a0/64/a064042ecea0a53db7a64f2f1a21e4d7b1e9216ad23903461912e1994ce7d6aa.pt
2026-06-28 11:49:33 - __main__ - INFO - CAM cache hit: /content/cam_cache/cifar100/resnet18/seed42/fe/bc/febc2c2eb8b87ebc0d6c444fffb277f00f50d935041cdfd5e720c2175a4e3372.pt
2026-06-28 11:49:33 - __main__ - INFO - CAM cutout window: index=6147 copy=3 cutout_mode=cam_low top=1 left=21 height=10 width=10
2026-06-28 11:49:33 - __main__ - INFO - CAM cache hit: /content/cam_cache/cifar100/resnet18/seed42/28/98/28980c377d6cea266d07c1df155efa914d58692ae9b43da5a129bdccc641f84b.pt
2026-06-28 11:49:33 - __main__ - INFO - CAM cutout window: index=11015 copy=3 cutout_mode=cam_low top=20 left=4 height=10 width=10
2026-06-28 11:49:33 - __main__ - INFO - CAM cutout window: index=16559 copy=6 cutout_mode=cam_low top=5 left=1 height=10 width=10
2026-06-28 11:49:33 - __main__ - INFO - CAM cache hit: /content/cam_cache/cifar100/resnet18/seed42/68/83/6883215c8570a60d504c071987b42121a16d20e1ca0bc33c35163b0fb9cce2c3.pt
2026-06-28 11:49:33 - __main__ - INFO - CAM cutout window: index=12321 copy=5 cutout_mode=cam_low top=0 left=4 height=10 width=10
2026-06-28 11:51:36 - __main__ - INFO - Train: loss 0.0133 acc1 99.87%
2026-06-28 11:51:36 - __main__ - INFO - Val:   loss 1.6241 acc1 61.44%
2026-06-28 11:51:36 - __main__ - INFO - saved best: 61.44%
2026-06-28 11:51:36 - __main__ - INFO - 
Epoch 67/100 | lr 0.028419
2026-06-28 11:51:36 - __main__ - INFO - CAM cache hit: /content/cam_cache/cifar100/resnet18/seed42/f0/9f/f09fbbfee40e9a63c2e2f2b8581a7eafe05963025f8be455a7da44b41f66b78b.pt
2026-06-28 11:51:36 - __main__ - INFO - CAM cache hit: /content/cam_cache/cifar100/resnet18/seed42/2c/7e/2c7e268845913af34ae238f971228c2c8e6e9795e670ec9c1678b81f3a2ce783.pt
2026-06-28 11:51:36 - __main__ - INFO - CAM cutout window: index=15129 copy=5 cutout_mode=cam_low top=0 left=2 height=10 width=10
2026-06-28 11:51:36 - __main__ - INFO - CAM cache hit: /content/cam_cache/cifar100/resnet18/seed42/08/e1/08e110963fbb34b191ea524c82e43a8cf1a1e14f79c0a75e380d6eea8273cac2.pt
2026-06-28 11:51:36 - __main__ - INFO - CAM cache hit: /content/cam_cache/cifar100/resnet18/seed42/49/8c/498cce8a50f264caf4462c0080fdfe7e861fba7323f6afd715decc85060176eb.pt
2026-06-28 11:51:36 - __main__ - INFO - CAM cutout window: index=24322 copy=2 cutout_mode=cam_low top=1 left=0 height=10 width=10
2026-06-28 11:51:36 - __main__ - INFO - CAM cutout window: index=8344 copy=5 cutout_mode=cam_low top=1 left=2 height=10 width=10
2026-06-28 11:51:36 - __main__ - INFO - CAM cutout window: index=25907 copy=1 cutout_mode=cam_low top=0 left=6 height=10 width=10
2026-06-28 11:51:36 - __main__ - INFO - CAM cache hit: /content/cam_cache/cifar100/resnet18/seed42/e8/6d/e86dd8cb9d8576d37c557d48691566c2d999dbcd31e66450905ce1f5fa7951a1.pt
2026-06-28 11:51:36 - __main__ - INFO - CAM cache hit: /content/cam_cache/cifar100/resnet18/seed42/9b/1f/9b1fbd4fa815f36f80af2f860581775ca158f3baf2640e17785b80cfb5611020.pt
2026-06-28 11:51:36 - __main__ - INFO - CAM cutout window: index=24174 copy=7 cutout_mode=cam_low top=2 left=0 height=10 width=10
2026-06-28 11:51:36 - __main__ - INFO - CAM cutout window: index=3305 copy=3 cutout_mode=cam_low top=19 left=1 height=10 width=10
2026-06-28 11:51:36 - __main__ - INFO - CAM cache hit: /content/cam_cache/cifar100/resnet18/seed42/cd/3f/cd3fba4943236b19201c2750ec8b096cad60bba8c77cb1a2b19036d4c3f997ff.pt
2026-06-28 11:51:36 - __main__ - INFO - CAM cutout window: index=6548 copy=7 cutout_mode=cam_low top=4 left=0 height=10 width=10
2026-06-28 11:51:36 - __main__ - INFO - CAM cache hit: /content/cam_cache/cifar100/resnet18/seed42/b6/34/b634bcd1ae26fcfafe461c12ea12b754aaeea390ae878e06051b8bc4f41bd012.pt
2026-06-28 11:51:36 - __main__ - INFO - CAM cutout window: index=18511 copy=8 cutout_mode=cam_low top=21 left=21 height=10 width=10
2026-06-28 11:53:39 - __main__ - INFO - Train: loss 0.2008 acc1 94.82%
2026-06-28 11:53:39 - __main__ - INFO - Val:   loss 2.3574 acc1 49.89%
2026-06-28 11:53:39 - __main__ - INFO - 
Epoch 68/100 | lr 0.026940
2026-06-28 11:53:39 - __main__ - INFO - CAM cache hit: /content/cam_cache/cifar100/resnet18/seed42/53/fa/53fad63db00da940c7b617e3f65a967d7f21ae5e6fd1dca7c605fa11cf4c49f5.pt
2026-06-28 11:53:39 - __main__ - INFO - CAM cache hit: /content/cam_cache/cifar100/resnet18/seed42/4a/72/4a729be469b747116bc881847d44ee1714de9652b1e768b36dd0314dccc2758c.pt
2026-06-28 11:53:39 - __main__ - INFO - CAM cache hit: /content/cam_cache/cifar100/resnet18/seed42/72/75/727536e56e44eeb5f813ad8be3550c053ebdd18d9e313082af66a07c08ee9a4e.pt
2026-06-28 11:53:39 - __main__ - INFO - CAM cutout window: index=218 copy=4 cutout_mode=cam_low top=1 left=20 height=10 width=10
2026-06-28 11:53:39 - __main__ - INFO - CAM cache hit: /content/cam_cache/cifar100/resnet18/seed42/6e/fc/6efc7cdf07bc5e763b35835468ec1c642c8c212b8205caf8004bc86e4bdd6878.pt
2026-06-28 11:53:39 - __main__ - INFO - CAM cutout window: index=39678 copy=4 cutout_mode=cam_low top=1 left=4 height=10 width=10
2026-06-28 11:53:39 - __main__ - INFO - CAM cutout window: index=29364 copy=5 cutout_mode=cam_low top=15 left=1 height=10 width=10
2026-06-28 11:53:39 - __main__ - INFO - CAM cutout window: index=25174 copy=5 cutout_mode=cam_low top=1 left=2 height=10 width=10
2026-06-28 11:53:39 - __main__ - INFO - CAM cache hit: /content/cam_cache/cifar100/resnet18/seed42/b6/c1/b6c1653b7aff7b33cca9bd724e8b7ff7d9b1bd2c218a86aa6b9aae602d806418.pt
2026-06-28 11:53:39 - __main__ - INFO - CAM cache hit: /content/cam_cache/cifar100/resnet18/seed42/79/26/79260dc2b6d8b5f6c7809142df0fd1466cbe5eb5c755a57356e602ee0c1e9224.pt
2026-06-28 11:53:39 - __main__ - INFO - CAM cache hit: /content/cam_cache/cifar100/resnet18/seed42/b4/0b/b40bce5324af672be77ccef3b019103ddd2e6d5748282fe365464a4d184a17a2.pt
2026-06-28 11:53:39 - __main__ - INFO - CAM cutout window: index=44795 copy=3 cutout_mode=cam_low top=0 left=0 height=10 width=10
2026-06-28 11:53:39 - __main__ - INFO - CAM cutout window: index=24907 copy=1 cutout_mode=cam_low top=0 left=4 height=10 width=10
2026-06-28 11:53:39 - __main__ - INFO - CAM cutout window: index=1366 copy=4 cutout_mode=cam_low top=19 left=1 height=10 width=10
2026-06-28 11:53:39 - __main__ - INFO - CAM cache hit: /content/cam_cache/cifar100/resnet18/seed42/45/6b/456b15f0a5ccce20c24fbe41b28c12884e1afa0f8e684758d063a752bb094fde.pt
2026-06-28 11:53:39 - __main__ - INFO - CAM cutout window: index=44412 copy=7 cutout_mode=cam_low top=22 left=2 height=10 width=10
2026-06-28 11:55:42 - __main__ - INFO - Train: loss 0.0862 acc1 97.90%
2026-06-28 11:55:42 - __main__ - INFO - Val:   loss 1.7466 acc1 59.03%
2026-06-28 11:55:42 - __main__ - INFO - 
Epoch 69/100 | lr 0.025486
2026-06-28 11:55:42 - __main__ - INFO - CAM cache hit: /content/cam_cache/cifar100/resnet18/seed42/7e/4e/7e4e7c33226bfd7051a27ceaaf4a911fde049b9bab0f078ae70c6e802b707153.pt
2026-06-28 11:55:42 - __main__ - INFO - CAM cache hit: /content/cam_cache/cifar100/resnet18/seed42/2d/2d/2d2d18c22243d5c396fb00b59eb349ff336393a48a7995ee0725f9298e086788.pt
2026-06-28 11:55:42 - __main__ - INFO - CAM cache hit: /content/cam_cache/cifar100/resnet18/seed42/2e/84/2e849b27cdc84dc39dd446a7cbd6448c61d4d8fc735726c499cf90c016f97360.pt
2026-06-28 11:55:42 - __main__ - INFO - CAM cache hit: /content/cam_cache/cifar100/resnet18/seed42/ce/8d/ce8d7b286261020fd4f43817227250a90173ad0dcc68fa1364e8fbfb9519d029.pt
2026-06-28 11:55:42 - __main__ - INFO - CAM cutout window: index=35918 copy=4 cutout_mode=cam_low top=19 left=21 height=10 width=10
2026-06-28 11:55:42 - __main__ - INFO - CAM cutout window: index=3796 copy=3 cutout_mode=cam_low top=2 left=2 height=10 width=10
2026-06-28 11:55:42 - __main__ - INFO - CAM cutout window: index=22015 copy=2 cutout_mode=cam_low top=20 left=2 height=10 width=10
2026-06-28 11:55:42 - __main__ - INFO - CAM cutout window: index=35771 copy=2 cutout_mode=cam_low top=2 left=0 height=10 width=10
2026-06-28 11:55:42 - __main__ - INFO - CAM cache hit: /content/cam_cache/cifar100/resnet18/seed42/d1/50/d150f07eb9e6604f0090b6a837408d98943c09dda21fab3e883a97d3b063e8b0.pt
2026-06-28 11:55:42 - __main__ - INFO - CAM cache hit: /content/cam_cache/cifar100/resnet18/seed42/71/44/7144790ce088c3fe24b2d20c33c7e585ec94454ae26e6ff2c5dcda465c9ef8b6.pt
2026-06-28 11:55:42 - __main__ - INFO - CAM cache hit: /content/cam_cache/cifar100/resnet18/seed42/15/02/1502ec899b03024162ea455d806e3e5ed2bba2bcafeda8f64826161b522eb26b.pt
2026-06-28 11:55:42 - __main__ - INFO - CAM cache hit: /content/cam_cache/cifar100/resnet18/seed42/2f/16/2f1647425e6f04e4dd83c26f29dfdb27428c70494233165e2acf7b12f3f52f89.pt
2026-06-28 11:55:42 - __main__ - INFO - CAM cutout window: index=7766 copy=5 cutout_mode=cam_low top=2 left=20 height=10 width=10
2026-06-28 11:55:42 - __main__ - INFO - CAM cutout window: index=18712 copy=6 cutout_mode=cam_low top=0 left=4 height=10 width=10
2026-06-28 11:55:42 - __main__ - INFO - CAM cutout window: index=11138 copy=7 cutout_mode=cam_low top=21 left=0 height=10 width=10
2026-06-28 11:55:42 - __main__ - INFO - CAM cutout window: index=30541 copy=2 cutout_mode=cam_low top=0 left=3 height=10 width=10
2026-06-28 11:57:45 - __main__ - INFO - Train: loss 0.0100 acc1 99.95%
2026-06-28 11:57:45 - __main__ - INFO - Val:   loss 1.6356 acc1 61.48%
2026-06-28 11:57:45 - __main__ - INFO - saved best: 61.48%
2026-06-28 11:57:45 - __main__ - INFO - 
Epoch 70/100 | lr 0.024059
2026-06-28 11:57:45 - __main__ - INFO - CAM cache hit: /content/cam_cache/cifar100/resnet18/seed42/62/0a/620aeb484e3919fccf4d18329528217ff1606d10b47cb674d515a2ab226d682d.pt
2026-06-28 11:57:45 - __main__ - INFO - CAM cache hit: /content/cam_cache/cifar100/resnet18/seed42/e2/1e/e21e7a245373a63802689325788e849b1cd066dcee94151fbe509be50dbf8103.pt
2026-06-28 11:57:45 - __main__ - INFO - CAM cache hit: /content/cam_cache/cifar100/resnet18/seed42/33/85/3385747b2ff4a2bf4f687149a1c1750ea753b5e24ba3cd6ea9311adedc997098.pt
2026-06-28 11:57:45 - __main__ - INFO - CAM cutout window: index=43927 copy=3 cutout_mode=cam_low top=8 left=0 height=10 width=10
2026-06-28 11:57:45 - __main__ - INFO - CAM cutout window: index=19351 copy=7 cutout_mode=cam_low top=22 left=21 height=10 width=10
2026-06-28 11:57:45 - __main__ - INFO - CAM cache hit: /content/cam_cache/cifar100/resnet18/seed42/d1/2b/d12ba472cb322f225f9ebe6c77d875198f0649c9682d4e6b471994be23f2ef9b.pt
2026-06-28 11:57:45 - __main__ - INFO - CAM cutout window: index=16101 copy=7 cutout_mode=cam_low top=22 left=18 height=10 width=10
2026-06-28 11:57:45 - __main__ - INFO - CAM cutout window: index=16103 copy=3 cutout_mode=cam_low top=2 left=0 height=10 width=10
2026-06-28 11:57:45 - __main__ - INFO - CAM cache hit: /content/cam_cache/cifar100/resnet18/seed42/f0/ce/f0cef780d8bf3a0c178fccf288c59a4620cccce0a908aca7117ece260ad763b5.pt
2026-06-28 11:57:45 - __main__ - INFO - CAM cache hit: /content/cam_cache/cifar100/resnet18/seed42/97/63/97638d51ea1340337a1c96a400f795b2cc924e055dc3b6dacd138a1fd80c6a8d.pt
2026-06-28 11:57:45 - __main__ - INFO - CAM cutout window: index=35602 copy=4 cutout_mode=cam_low top=20 left=1 height=10 width=10
2026-06-28 11:57:45 - __main__ - INFO - CAM cache hit: /content/cam_cache/cifar100/resnet18/seed42/d4/25/d4250548fa277a3204e366d263f8a77c3f3f3b57971285e147a133e52398dbeb.pt
2026-06-28 11:57:45 - __main__ - INFO - CAM cutout window: index=16683 copy=6 cutout_mode=cam_low top=0 left=15 height=10 width=10
2026-06-28 11:57:45 - __main__ - INFO - CAM cutout window: index=20375 copy=1 cutout_mode=cam_low top=0 left=18 height=10 width=10
2026-06-28 11:57:45 - __main__ - INFO - CAM cache hit: /content/cam_cache/cifar100/resnet18/seed42/0e/df/0edf61dd3723f67e15deb781328d3ed4e8f20c46e3a11cc3c018053e099750a0.pt
2026-06-28 11:57:45 - __main__ - INFO - CAM cutout window: index=29169 copy=7 cutout_mode=cam_low top=3 left=22 height=10 width=10
2026-06-28 11:59:48 - __main__ - INFO - Train: loss 0.2226 acc1 94.19%
2026-06-28 11:59:48 - __main__ - INFO - Val:   loss 2.0159 acc1 55.44%
2026-06-28 11:59:48 - __main__ - INFO - 
Epoch 71/100 | lr 0.022660
2026-06-28 11:59:48 - __main__ - INFO - CAM cache hit: /content/cam_cache/cifar100/resnet18/seed42/76/68/7668f28ca8c44b1aeac35772dcbcd8899afb4ba09446a3ebd4a91e16365f89d3.pt
2026-06-28 11:59:48 - __main__ - INFO - CAM cache hit: /content/cam_cache/cifar100/resnet18/seed42/d9/19/d9194dcd85c2f49e95a9b4c0ad4541e5674cd1e8f5d91a33548891657cf65491.pt
2026-06-28 11:59:48 - __main__ - INFO - CAM cache hit: /content/cam_cache/cifar100/resnet18/seed42/5e/f5/5ef555e379d70f18191986ba96e46ea72e23a10f54e033cfbe34451866c0d396.pt
2026-06-28 11:59:48 - __main__ - INFO - CAM cutout window: index=33164 copy=2 cutout_mode=cam_low top=0 left=4 height=10 width=10
2026-06-28 11:59:48 - __main__ - INFO - CAM cutout window: index=44322 copy=2 cutout_mode=cam_low top=22 left=2 height=10 width=10
2026-06-28 11:59:48 - __main__ - INFO - CAM cache hit: /content/cam_cache/cifar100/resnet18/seed42/14/0d/140ddd26d179083300f6e8e04252e2bfe46363f3b00d0be980c58620634894bf.pt
2026-06-28 11:59:48 - __main__ - INFO - CAM cutout window: index=30525 copy=2 cutout_mode=cam_low top=4 left=1 height=10 width=10
2026-06-28 11:59:48 - __main__ - INFO - CAM cutout window: index=26280 copy=5 cutout_mode=cam_low top=22 left=13 height=10 width=10
2026-06-28 11:59:48 - __main__ - INFO - CAM cache hit: /content/cam_cache/cifar100/resnet18/seed42/4d/10/4d108cecca589b64b933e78b1778057bf24ff30db5155f5565b313ec3666ed5e.pt
2026-06-28 11:59:48 - __main__ - INFO - CAM cache hit: /content/cam_cache/cifar100/resnet18/seed42/ad/99/ad9957a430759f789b82fcd65d0960dd3c20791f44dde7e397585ca63d9e281a.pt
2026-06-28 11:59:48 - __main__ - INFO - CAM cache hit: /content/cam_cache/cifar100/resnet18/seed42/04/9e/049e98fbc47be22eb635a2f07572be9c741e483d8c7901b8d92ee91c38f36b4d.pt
2026-06-28 11:59:48 - __main__ - INFO - CAM cutout window: index=622 copy=5 cutout_mode=cam_low top=21 left=0 height=10 width=10
2026-06-28 11:59:48 - __main__ - INFO - CAM cutout window: index=19739 copy=1 cutout_mode=cam_low top=18 left=0 height=10 width=10
2026-06-28 11:59:48 - __main__ - INFO - CAM cutout window: index=14798 copy=6 cutout_mode=cam_low top=21 left=20 height=10 width=10
2026-06-28 11:59:48 - __main__ - INFO - CAM cache hit: /content/cam_cache/cifar100/resnet18/seed42/49/c1/49c119ec283c3dbb4491895b8f19f1c981af4245fe5e9d4a0f6d3db40180927d.pt
2026-06-28 11:59:48 - __main__ - INFO - CAM cutout window: index=32808 copy=5 cutout_mode=cam_low top=1 left=2 height=10 width=10
2026-06-28 12:01:51 - __main__ - INFO - Train: loss 0.0218 acc1 99.63%
2026-06-28 12:01:51 - __main__ - INFO - Val:   loss 1.6296 acc1 61.21%
2026-06-28 12:01:51 - __main__ - INFO - 
Epoch 72/100 | lr 0.021291
2026-06-28 12:01:51 - __main__ - INFO - CAM cache hit: /content/cam_cache/cifar100/resnet18/seed42/f3/94/f39433c0e535db9cebcdf3883107a78e1264b3bc7e32240eec96e241387f5eec.pt
2026-06-28 12:01:51 - __main__ - INFO - CAM cache hit: /content/cam_cache/cifar100/resnet18/seed42/b7/14/b714f4207a71ec767748e8bcc93d9d4e80c8593e39628b8761e69fb041f4c4e5.pt
2026-06-28 12:01:51 - __main__ - INFO - CAM cutout window: index=13837 copy=1 cutout_mode=cam_low top=2 left=0 height=10 width=10
2026-06-28 12:01:51 - __main__ - INFO - CAM cache hit: /content/cam_cache/cifar100/resnet18/seed42/e1/3e/e13e1139dd555597510f7af0e042993463322998bea6d2d3687dd2217ec1008b.pt
2026-06-28 12:01:51 - __main__ - INFO - CAM cache hit: /content/cam_cache/cifar100/resnet18/seed42/d7/c0/d7c0752280f4824e2ce79222946a68d27d3e09cff57e8b9bc441d98c5b168788.pt
2026-06-28 12:01:51 - __main__ - INFO - CAM cutout window: index=31363 copy=7 cutout_mode=cam_low top=1 left=3 height=10 width=10
2026-06-28 12:01:51 - __main__ - INFO - CAM cutout window: index=26178 copy=2 cutout_mode=cam_low top=1 left=22 height=10 width=10
2026-06-28 12:01:51 - __main__ - INFO - CAM cutout window: index=17769 copy=6 cutout_mode=cam_low top=21 left=20 height=10 width=10
2026-06-28 12:01:51 - __main__ - INFO - CAM cache hit: /content/cam_cache/cifar100/resnet18/seed42/6a/58/6a587fbeb3fcdd3322578edd2ebb640d7537b7c57ce802f4aadfbd5df645b1fe.pt
2026-06-28 12:01:51 - __main__ - INFO - CAM cache hit: /content/cam_cache/cifar100/resnet18/seed42/c5/40/c540ff9adf7852aaccf9c9e06383767bab04c5b0e049de25006004ab7dec6ae3.pt
2026-06-28 12:01:51 - __main__ - INFO - CAM cutout window: index=27617 copy=1 cutout_mode=cam_low top=6 left=2 height=10 width=10
2026-06-28 12:01:51 - __main__ - INFO - CAM cache hit: /content/cam_cache/cifar100/resnet18/seed42/98/11/9811efdf7b1af8bd885122cbb5377c007d53cc976ac012dedcf274affac8138d.pt
2026-06-28 12:01:51 - __main__ - INFO - CAM cache hit: /content/cam_cache/cifar100/resnet18/seed42/c8/d4/c8d4618e6da4f19c76736e0b3585ce8c141f9b748bf0231d523572641c5c7358.pt
2026-06-28 12:01:51 - __main__ - INFO - CAM cutout window: index=34163 copy=1 cutout_mode=cam_low top=1 left=4 height=10 width=10
2026-06-28 12:01:51 - __main__ - INFO - CAM cutout window: index=13129 copy=3 cutout_mode=cam_low top=4 left=22 height=10 width=10
2026-06-28 12:01:51 - __main__ - INFO - CAM cutout window: index=15011 copy=6 cutout_mode=cam_low top=19 left=19 height=10 width=10
2026-06-28 12:03:54 - __main__ - INFO - Train: loss 0.0085 acc1 99.97%
2026-06-28 12:03:54 - __main__ - INFO - Val:   loss 1.6721 acc1 61.68%
2026-06-28 12:03:54 - __main__ - INFO - saved best: 61.68%
2026-06-28 12:03:54 - __main__ - INFO - 
Epoch 73/100 | lr 0.019954
2026-06-28 12:03:54 - __main__ - INFO - CAM cache hit: /content/cam_cache/cifar100/resnet18/seed42/e8/b6/e8b6f6e6ed45e25e98d72a679313fd5b68628033596a7a192154dfcbf1145ce8.pt
2026-06-28 12:03:54 - __main__ - INFO - CAM cache hit: /content/cam_cache/cifar100/resnet18/seed42/84/1f/841f178c6fd81484908ddba23f76ae93d608e0593b3ce104d1a0486364f3459e.pt
2026-06-28 12:03:54 - __main__ - INFO - CAM cache hit: /content/cam_cache/cifar100/resnet18/seed42/60/f1/60f1cc2196b43e101a5cc2ffae9a046b31c4a901194ab87efbe614671427d269.pt
2026-06-28 12:03:54 - __main__ - INFO - CAM cutout window: index=38192 copy=4 cutout_mode=cam_low top=0 left=2 height=10 width=10
2026-06-28 12:03:54 - __main__ - INFO - CAM cache hit: /content/cam_cache/cifar100/resnet18/seed42/46/68/4668accddd1da313c9a04018aeebe0b48c028bc49e597ffcbe94465c28035621.pt
2026-06-28 12:03:54 - __main__ - INFO - CAM cutout window: index=4644 copy=4 cutout_mode=cam_low top=20 left=22 height=10 width=10
2026-06-28 12:03:54 - __main__ - INFO - CAM cutout window: index=7852 copy=1 cutout_mode=cam_low top=2 left=19 height=10 width=10
2026-06-28 12:03:54 - __main__ - INFO - CAM cutout window: index=34275 copy=8 cutout_mode=cam_low top=20 left=3 height=10 width=10
2026-06-28 12:03:54 - __main__ - INFO - CAM cache hit: /content/cam_cache/cifar100/resnet18/seed42/ac/b5/acb5758db3b7a5c9d6f3c7700a41084e79079a875d03078258072a28ebe2031b.pt
2026-06-28 12:03:54 - __main__ - INFO - CAM cache hit: /content/cam_cache/cifar100/resnet18/seed42/5a/ab/5aab3f39eba6fccd720b6c7d2fecedd201f2db721573997abec6122c18c1b01c.pt
2026-06-28 12:03:54 - __main__ - INFO - CAM cutout window: index=24704 copy=5 cutout_mode=cam_low top=3 left=21 height=10 width=10
2026-06-28 12:03:54 - __main__ - INFO - CAM cache hit: /content/cam_cache/cifar100/resnet18/seed42/98/f7/98f7074846f71d1ea9a5c4f2ff0a044e8431cafe6ca198a490b054470c1671ed.pt
2026-06-28 12:03:54 - __main__ - INFO - CAM cutout window: index=26386 copy=3 cutout_mode=cam_low top=1 left=20 height=10 width=10
2026-06-28 12:03:54 - __main__ - INFO - CAM cutout window: index=38204 copy=7 cutout_mode=cam_low top=1 left=0 height=10 width=10
2026-06-28 12:03:54 - __main__ - INFO - CAM cache hit: /content/cam_cache/cifar100/resnet18/seed42/c9/54/c954e226f6e883dcd9fce9379139db82656cbfc724bdc56f01c7a76b3d3bac4b.pt
2026-06-28 12:03:54 - __main__ - INFO - CAM cutout window: index=5284 copy=5 cutout_mode=cam_low top=22 left=1 height=10 width=10
2026-06-28 12:05:57 - __main__ - INFO - Train: loss 0.2118 acc1 94.52%
2026-06-28 12:05:57 - __main__ - INFO - Val:   loss 2.0005 acc1 55.47%
2026-06-28 12:05:57 - __main__ - INFO - 
Epoch 74/100 | lr 0.018649
2026-06-28 12:05:57 - __main__ - INFO - CAM cache hit: /content/cam_cache/cifar100/resnet18/seed42/75/e8/75e8ff75685dc7af1beb666ce318fe2d794ed37f17d8b53b6070f8ca8212c6e9.pt
2026-06-28 12:05:57 - __main__ - INFO - CAM cache hit: /content/cam_cache/cifar100/resnet18/seed42/71/56/7156a3ea0b7776a7dbf5c38327946a86b285b77ba3d86ff13ccea33d4b13a197.pt
2026-06-28 12:05:57 - __main__ - INFO - CAM cache hit: /content/cam_cache/cifar100/resnet18/seed42/da/81/da815a12ed9ea8ba7877261499962e43da5edfed2b9b94a8d2399e947cc65649.pt
2026-06-28 12:05:57 - __main__ - INFO - CAM cutout window: index=14014 copy=2 cutout_mode=cam_low top=21 left=21 height=10 width=10
2026-06-28 12:05:57 - __main__ - INFO - CAM cutout window: index=10742 copy=7 cutout_mode=cam_low top=20 left=21 height=10 width=10
2026-06-28 12:05:57 - __main__ - INFO - CAM cache hit: /content/cam_cache/cifar100/resnet18/seed42/91/3c/913c79f1411c7fd7b2039c3dd1022e280665c6ed897a6dfe256ba45d6b9e954a.pt
2026-06-28 12:05:57 - __main__ - INFO - CAM cutout window: index=42 copy=7 cutout_mode=cam_low top=4 left=0 height=10 width=10
2026-06-28 12:05:57 - __main__ - INFO - CAM cutout window: index=34033 copy=1 cutout_mode=cam_low top=1 left=18 height=10 width=10
2026-06-28 12:05:57 - __main__ - INFO - CAM cache hit: /content/cam_cache/cifar100/resnet18/seed42/49/74/4974f2a9598947401c68cdeb95eaa8f06c709dbfc053700639f36270367dc015.pt
2026-06-28 12:05:57 - __main__ - INFO - CAM cache hit: /content/cam_cache/cifar100/resnet18/seed42/e7/81/e781362a64b4a91adbf9c291bdbed95d20443374055ae79948c6203e28e42e6a.pt
2026-06-28 12:05:57 - __main__ - INFO - CAM cutout window: index=9954 copy=5 cutout_mode=cam_low top=1 left=0 height=10 width=10
2026-06-28 12:05:57 - __main__ - INFO - CAM cutout window: index=20568 copy=1 cutout_mode=cam_low top=0 left=4 height=10 width=10
2026-06-28 12:05:57 - __main__ - INFO - CAM cache hit: /content/cam_cache/cifar100/resnet18/seed42/22/9e/229e61a4e081cb76f739d05d70a482715e06936d7b2418e9240cdd740cdcd81b.pt
2026-06-28 12:05:57 - __main__ - INFO - CAM cutout window: index=28001 copy=8 cutout_mode=cam_low top=7 left=22 height=10 width=10
2026-06-28 12:05:57 - __main__ - INFO - CAM cache hit: /content/cam_cache/cifar100/resnet18/seed42/af/75/af751c415dc4a7d640088919b723c5cf461e5b2b276011541533b3d44159c53c.pt
2026-06-28 12:05:57 - __main__ - INFO - CAM cutout window: index=14990 copy=2 cutout_mode=cam_low top=1 left=18 height=10 width=10
2026-06-28 12:07:59 - __main__ - INFO - Train: loss 0.0134 acc1 99.82%
2026-06-28 12:07:59 - __main__ - INFO - Val:   loss 1.6361 acc1 61.64%
2026-06-28 12:07:59 - __main__ - INFO - 
Epoch 75/100 | lr 0.017379
2026-06-28 12:07:59 - __main__ - INFO - CAM cache hit: /content/cam_cache/cifar100/resnet18/seed42/c9/16/c9162804a7d8996bc80ba15374bc89ed9756f9a8d8c14b3e4ba2ba02ba75cffc.pt
2026-06-28 12:07:59 - __main__ - INFO - CAM cache hit: /content/cam_cache/cifar100/resnet18/seed42/b5/07/b50700515810e327098e86b23de3c7a3e757279bff70b17340b2cde2275741b9.pt
2026-06-28 12:07:59 - __main__ - INFO - CAM cutout window: index=42359 copy=8 cutout_mode=cam_low top=3 left=21 height=10 width=10
2026-06-28 12:07:59 - __main__ - INFO - CAM cache hit: /content/cam_cache/cifar100/resnet18/seed42/eb/a0/eba03ebf9f86294788483c59a70a33e45d0032b54e8102cca50efd2d0da16c21.pt
2026-06-28 12:07:59 - __main__ - INFO - CAM cache hit: /content/cam_cache/cifar100/resnet18/seed42/11/65/11659084341c826e4675bdb2aa4db2f6f54cb8bf8fe0469afe2f3c473601a287.pt
2026-06-28 12:07:59 - __main__ - INFO - CAM cutout window: index=15874 copy=3 cutout_mode=cam_low top=2 left=1 height=10 width=10
2026-06-28 12:07:59 - __main__ - INFO - CAM cutout window: index=34002 copy=5 cutout_mode=cam_low top=3 left=1 height=10 width=10
2026-06-28 12:07:59 - __main__ - INFO - CAM cutout window: index=30818 copy=4 cutout_mode=cam_low top=1 left=21 height=10 width=10
2026-06-28 12:07:59 - __main__ - INFO - CAM cache hit: /content/cam_cache/cifar100/resnet18/seed42/28/37/2837dc869afb28e975cd06217b5ce5d41e0a207b9dd2a099091a0e32b1bd0111.pt
2026-06-28 12:07:59 - __main__ - INFO - CAM cutout window: index=42997 copy=3 cutout_mode=cam_low top=21 left=3 height=10 width=10
2026-06-28 12:07:59 - __main__ - INFO - CAM cache hit: /content/cam_cache/cifar100/resnet18/seed42/85/48/85482c9e60287e5c6910e514cbd63df562ffdcc9eda318dc9eca7398e1637d58.pt
2026-06-28 12:07:59 - __main__ - INFO - CAM cache hit: /content/cam_cache/cifar100/resnet18/seed42/63/23/6323d0408f220e6287eb55881503c0c8f0eb2935c362c2a12dba327ee7278923.pt
2026-06-28 12:07:59 - __main__ - INFO - CAM cutout window: index=4530 copy=8 cutout_mode=cam_low top=20 left=20 height=10 width=10
2026-06-28 12:07:59 - __main__ - INFO - CAM cutout window: index=10902 copy=5 cutout_mode=cam_low top=20 left=3 height=10 width=10
2026-06-28 12:07:59 - __main__ - INFO - CAM cache hit: /content/cam_cache/cifar100/resnet18/seed42/0d/91/0d9137bf3e9668bc2c104597b720c903b1b8e794652cebccfd9b22d7e3645d2f.pt
2026-06-28 12:07:59 - __main__ - INFO - CAM cutout window: index=19459 copy=4 cutout_mode=cam_low top=2 left=3 height=10 width=10
2026-06-28 12:10:02 - __main__ - INFO - Train: loss 0.0078 acc1 99.98%
2026-06-28 12:10:02 - __main__ - INFO - Val:   loss 1.6561 acc1 62.47%
2026-06-28 12:10:02 - __main__ - INFO - saved best: 62.47%
2026-06-28 12:10:02 - __main__ - INFO - 
Epoch 76/100 | lr 0.016144
2026-06-28 12:10:02 - __main__ - INFO - CAM cache hit: /content/cam_cache/cifar100/resnet18/seed42/e1/f8/e1f870a041c836c14a4bdfa80e5ef0570107ed1dbd70f93acbdbd9f7a372654d.pt
2026-06-28 12:10:02 - __main__ - INFO - CAM cache hit: /content/cam_cache/cifar100/resnet18/seed42/37/f1/37f1df525a7e89e913e3b3c9d714961d58257fb42a99d70d9de34eb821ea5980.pt
2026-06-28 12:10:02 - __main__ - INFO - CAM cache hit: /content/cam_cache/cifar100/resnet18/seed42/7a/be/7abe3594b9c0cce2bb283d29e2cbe5159f94e229cebf5cd69ede8a4e66e3533b.pt
2026-06-28 12:10:02 - __main__ - INFO - CAM cache hit: /content/cam_cache/cifar100/resnet18/seed42/c3/5f/c35fa28cb3da2b19c68d8e6a790473748b43d0abc1fe8d47e116a4aabb8047fa.pt
2026-06-28 12:10:02 - __main__ - INFO - CAM cutout window: index=30455 copy=2 cutout_mode=cam_low top=22 left=0 height=10 width=10
2026-06-28 12:10:02 - __main__ - INFO - CAM cutout window: index=29943 copy=2 cutout_mode=cam_low top=0 left=22 height=10 width=10
2026-06-28 12:10:02 - __main__ - INFO - CAM cutout window: index=15419 copy=4 cutout_mode=cam_low top=2 left=0 height=10 width=10
2026-06-28 12:10:02 - __main__ - INFO - CAM cutout window: index=22472 copy=6 cutout_mode=cam_low top=0 left=12 height=10 width=10
2026-06-28 12:10:02 - __main__ - INFO - CAM cache hit: /content/cam_cache/cifar100/resnet18/seed42/a9/a4/a9a4882a58a63f357ea4226c9278bd3ff37572d9e0e90bb0422393ba986a9986.pt
2026-06-28 12:10:02 - __main__ - INFO - CAM cutout window: index=6386 copy=6 cutout_mode=cam_low top=20 left=22 height=10 width=10
2026-06-28 12:10:02 - __main__ - INFO - CAM cache hit: /content/cam_cache/cifar100/resnet18/seed42/0a/45/0a4523bcc122c5b64cab659f30d10b950abc13f0a28fcd0022f5c20732428bc4.pt
2026-06-28 12:10:02 - __main__ - INFO - CAM cache hit: /content/cam_cache/cifar100/resnet18/seed42/e1/97/e197e3d99de8ce7196036f7350cf4b2cf827f50217cd0d78c0bb4e2356a54104.pt
2026-06-28 12:10:02 - __main__ - INFO - CAM cache hit: /content/cam_cache/cifar100/resnet18/seed42/53/22/5322cbec22df3b7f57a8ce0ca161a4befa2e6010facc2485abe62ab10e4b5950.pt
2026-06-28 12:10:02 - __main__ - INFO - CAM cutout window: index=25184 copy=4 cutout_mode=cam_low top=19 left=22 height=10 width=10
2026-06-28 12:10:02 - __main__ - INFO - CAM cutout window: index=16372 copy=6 cutout_mode=cam_low top=2 left=0 height=10 width=10
2026-06-28 12:10:02 - __main__ - INFO - CAM cutout window: index=40659 copy=4 cutout_mode=cam_low top=15 left=0 height=10 width=10
2026-06-28 12:12:06 - __main__ - INFO - Train: loss 0.0088 acc1 99.98%
2026-06-28 12:12:06 - __main__ - INFO - Val:   loss 1.7291 acc1 60.96%
2026-06-28 12:12:06 - __main__ - INFO - 
Epoch 77/100 | lr 0.014947
2026-06-28 12:12:06 - __main__ - INFO - CAM cache hit: /content/cam_cache/cifar100/resnet18/seed42/8d/f4/8df4efc1bc9d353ddfc72516b6a8f4b2f790a016153a19759abdd9e971d02ea5.pt
2026-06-28 12:12:06 - __main__ - INFO - CAM cache hit: /content/cam_cache/cifar100/resnet18/seed42/2e/a5/2ea5ff01531f2b39ec0472b24deedfd0da1262f8e9e8be437f98d1e3406eb6ff.pt
2026-06-28 12:12:06 - __main__ - INFO - CAM cache hit: /content/cam_cache/cifar100/resnet18/seed42/66/49/6649f4b04a45b3475a0c9dfc7c70b3bde7bc19935d1de270867b0ced454dfdbe.pt
2026-06-28 12:12:06 - __main__ - INFO - CAM cutout window: index=15249 copy=1 cutout_mode=cam_low top=16 left=22 height=10 width=10
2026-06-28 12:12:06 - __main__ - INFO - CAM cutout window: index=38270 copy=3 cutout_mode=cam_low top=2 left=22 height=10 width=10
2026-06-28 12:12:06 - __main__ - INFO - CAM cutout window: index=11575 copy=7 cutout_mode=cam_low top=0 left=19 height=10 width=10
2026-06-28 12:12:06 - __main__ - INFO - CAM cache hit: /content/cam_cache/cifar100/resnet18/seed42/1f/6f/1f6f63609b99aa53c6dc38d91d3639d51645177d4b8a3bf1a9313941e3abb46a.pt
2026-06-28 12:12:06 - __main__ - INFO - CAM cutout window: index=22222 copy=8 cutout_mode=cam_low top=21 left=19 height=10 width=10
2026-06-28 12:12:06 - __main__ - INFO - CAM cache hit: /content/cam_cache/cifar100/resnet18/seed42/c4/3f/c43f7d8e4b86603bfef9415d430d239cf2ce8459bc8fb889a8c397baebc5c937.pt
2026-06-28 12:12:06 - __main__ - INFO - CAM cache hit: /content/cam_cache/cifar100/resnet18/seed42/c2/eb/c2ebfefe5c0159a172de191aead033ade17a46c411ea78c5aa8d1122fc42b76a.pt
2026-06-28 12:12:06 - __main__ - INFO - CAM cache hit: /content/cam_cache/cifar100/resnet18/seed42/f9/43/f943878f82053a279d545d614e7a335da8f67b87b0c8eaabdda04034c566334e.pt
2026-06-28 12:12:06 - __main__ - INFO - CAM cutout window: index=38004 copy=2 cutout_mode=cam_low top=15 left=0 height=10 width=10
2026-06-28 12:12:06 - __main__ - INFO - CAM cutout window: index=24425 copy=6 cutout_mode=cam_low top=1 left=0 height=10 width=10
2026-06-28 12:12:06 - __main__ - INFO - CAM cutout window: index=10984 copy=6 cutout_mode=cam_low top=1 left=3 height=10 width=10
2026-06-28 12:12:06 - __main__ - INFO - CAM cache hit: /content/cam_cache/cifar100/resnet18/seed42/a0/06/a0069dc3ecdb608bdd1919b8af368cb6e56a61d955fd4d99d700756b65545614.pt
2026-06-28 12:12:06 - __main__ - INFO - CAM cutout window: index=1812 copy=7 cutout_mode=cam_low top=22 left=0 height=10 width=10
2026-06-28 12:14:09 - __main__ - INFO - Train: loss 0.2197 acc1 94.37%
2026-06-28 12:14:09 - __main__ - INFO - Val:   loss 1.9102 acc1 56.99%
2026-06-28 12:14:09 - __main__ - INFO - 
Epoch 78/100 | lr 0.013787
2026-06-28 12:14:09 - __main__ - INFO - CAM cache hit: /content/cam_cache/cifar100/resnet18/seed42/d5/7f/d57f20f661c48ee6cc7e13cf663c81d28d97a56252e7ceb6b8decdb793fb4468.pt
2026-06-28 12:14:09 - __main__ - INFO - CAM cache hit: /content/cam_cache/cifar100/resnet18/seed42/3d/ca/3dca27923bd5098367744945b79c09a74c8bfad17af0ee507eab747592adbf06.pt
2026-06-28 12:14:09 - __main__ - INFO - CAM cache hit: /content/cam_cache/cifar100/resnet18/seed42/5a/67/5a67ce6fc67ab02d84027cc7b7b330f032db435d1eac84e55166c0ff319fc1a3.pt
2026-06-28 12:14:09 - __main__ - INFO - CAM cutout window: index=26352 copy=5 cutout_mode=cam_low top=4 left=21 height=10 width=10
2026-06-28 12:14:09 - __main__ - INFO - CAM cache hit: /content/cam_cache/cifar100/resnet18/seed42/e5/75/e575033fa0b73c13a8146eb18900b37c33a422bb72e755a04416d4d72c2f32e3.pt
2026-06-28 12:14:09 - __main__ - INFO - CAM cutout window: index=3077 copy=5 cutout_mode=cam_low top=2 left=2 height=10 width=10
2026-06-28 12:14:09 - __main__ - INFO - CAM cutout window: index=30959 copy=4 cutout_mode=cam_low top=6 left=21 height=10 width=10
2026-06-28 12:14:09 - __main__ - INFO - CAM cutout window: index=2275 copy=7 cutout_mode=cam_low top=22 left=21 height=10 width=10
2026-06-28 12:14:09 - __main__ - INFO - CAM cache hit: /content/cam_cache/cifar100/resnet18/seed42/94/60/946054cd8de3630ae4623dd4c55d73745d874c6cd12ae233357473fe8cb9e24d.pt
2026-06-28 12:14:09 - __main__ - INFO - CAM cache hit: /content/cam_cache/cifar100/resnet18/seed42/36/d1/36d146298124a5353936239890246a44f162e0648c9cf3ee9090a7ce52bb4ff3.pt
2026-06-28 12:14:09 - __main__ - INFO - CAM cutout window: index=39892 copy=2 cutout_mode=cam_low top=22 left=18 height=10 width=10
2026-06-28 12:14:09 - __main__ - INFO - CAM cache hit: /content/cam_cache/cifar100/resnet18/seed42/95/0a/950aea46cc605f936eb7e5c734d05182024ea81e633d9ecc4290c7c8b44a9852.pt
2026-06-28 12:14:09 - __main__ - INFO - CAM cutout window: index=21108 copy=4 cutout_mode=cam_low top=0 left=21 height=10 width=10
2026-06-28 12:14:09 - __main__ - INFO - CAM cache hit: /content/cam_cache/cifar100/resnet18/seed42/87/bb/87bb5183dfa69bb0b5f2e57f36c8a3e67d53dfe1ec953cc94ce1b740c50570ce.pt
2026-06-28 12:14:09 - __main__ - INFO - CAM cutout window: index=23188 copy=1 cutout_mode=cam_low top=18 left=1 height=10 width=10
2026-06-28 12:14:09 - __main__ - INFO - CAM cutout window: index=9007 copy=7 cutout_mode=cam_low top=1 left=20 height=10 width=10
2026-06-28 12:16:13 - __main__ - INFO - Train: loss 0.0091 acc1 99.92%
2026-06-28 12:16:13 - __main__ - INFO - Val:   loss 1.6186 acc1 62.51%
2026-06-28 12:16:13 - __main__ - INFO - saved best: 62.51%
2026-06-28 12:16:13 - __main__ - INFO - 
Epoch 79/100 | lr 0.012668
2026-06-28 12:16:13 - __main__ - INFO - CAM cache hit: /content/cam_cache/cifar100/resnet18/seed42/21/f5/21f5b8fea8fbd39867bf8dc8c54f6f73aa21afc9074d9586eedf768cecef6ba4.pt
2026-06-28 12:16:13 - __main__ - INFO - CAM cache hit: /content/cam_cache/cifar100/resnet18/seed42/ff/4e/ff4e3dbf72f951e729816e3188687b075f8422c13ba36f8c64496ea3ab477cf6.pt
2026-06-28 12:16:13 - __main__ - INFO - CAM cache hit: /content/cam_cache/cifar100/resnet18/seed42/61/81/6181b11acb58c275300aedcb4dfe7aef7bdcb7d666d98c97c5583b3b1179165c.pt
2026-06-28 12:16:13 - __main__ - INFO - CAM cache hit: /content/cam_cache/cifar100/resnet18/seed42/19/64/19647fcf1ac96421ee2102c7b7aef694a7923d4d8df84d0008e175532f4d0de7.pt
2026-06-28 12:16:13 - __main__ - INFO - CAM cutout window: index=2113 copy=3 cutout_mode=cam_low top=1 left=19 height=10 width=10
2026-06-28 12:16:13 - __main__ - INFO - CAM cutout window: index=11748 copy=7 cutout_mode=cam_low top=21 left=20 height=10 width=10
2026-06-28 12:16:13 - __main__ - INFO - CAM cutout window: index=5888 copy=6 cutout_mode=cam_low top=3 left=1 height=10 width=10
2026-06-28 12:16:13 - __main__ - INFO - CAM cutout window: index=17884 copy=4 cutout_mode=cam_low top=17 left=0 height=10 width=10
2026-06-28 12:16:13 - __main__ - INFO - CAM cache hit: /content/cam_cache/cifar100/resnet18/seed42/80/fe/80fe42eea12085afd902779048a6b2de6d5a80c643a199820bee88a423d39c2c.pt
2026-06-28 12:16:13 - __main__ - INFO - CAM cutout window: index=22442 copy=4 cutout_mode=cam_low top=21 left=2 height=10 width=10
2026-06-28 12:16:13 - __main__ - INFO - CAM cache hit: /content/cam_cache/cifar100/resnet18/seed42/49/f6/49f668dcc47acb5837e429f405a2e9eea95d21a7658fa9d8ee39187c4f9208d3.pt
2026-06-28 12:16:13 - __main__ - INFO - CAM cache hit: /content/cam_cache/cifar100/resnet18/seed42/83/31/8331c5d3ddf80332bf1617c89ca435e95956be18da3ef54df5751f323702db32.pt
2026-06-28 12:16:13 - __main__ - INFO - CAM cutout window: index=819 copy=1 cutout_mode=cam_low top=20 left=21 height=10 width=10
2026-06-28 12:16:13 - __main__ - INFO - CAM cutout window: index=13861 copy=1 cutout_mode=cam_low top=2 left=4 height=10 width=10
2026-06-28 12:16:13 - __main__ - INFO - CAM cache hit: /content/cam_cache/cifar100/resnet18/seed42/a6/8b/a68bcfc4f6efc212f4dda03fab19d534ad1e35760f04ac86759d5e0ca48d2ac4.pt
2026-06-28 12:16:13 - __main__ - INFO - CAM cutout window: index=36560 copy=5 cutout_mode=cam_low top=20 left=1 height=10 width=10
2026-06-28 12:18:16 - __main__ - INFO - Train: loss 0.0070 acc1 99.98%
2026-06-28 12:18:16 - __main__ - INFO - Val:   loss 1.6665 acc1 61.93%
2026-06-28 12:18:16 - __main__ - INFO - 
Epoch 80/100 | lr 0.011589
2026-06-28 12:18:16 - __main__ - INFO - CAM cache hit: /content/cam_cache/cifar100/resnet18/seed42/78/db/78dba7b80f171faa7ad937f8e9fabedc437beaee01ba0817eec4b9e7941c78c0.pt
2026-06-28 12:18:16 - __main__ - INFO - CAM cache hit: /content/cam_cache/cifar100/resnet18/seed42/b2/ea/b2ea6d2ffc33807c473b6f2c7ffcb200568ad325bdec3a04820d067e8f0b67ed.pt
2026-06-28 12:18:16 - __main__ - INFO - CAM cache hit: /content/cam_cache/cifar100/resnet18/seed42/e2/cf/e2cf9116f680387d781fad30fadf519f7bd6b5c938752be617fdaec00e28efab.pt
2026-06-28 12:18:16 - __main__ - INFO - CAM cutout window: index=40316 copy=6 cutout_mode=cam_low top=0 left=14 height=10 width=10
2026-06-28 12:18:16 - __main__ - INFO - CAM cutout window: index=7453 copy=2 cutout_mode=cam_low top=0 left=4 height=10 width=10
2026-06-28 12:18:16 - __main__ - INFO - CAM cutout window: index=38119 copy=8 cutout_mode=cam_low top=3 left=21 height=10 width=10
2026-06-28 12:18:16 - __main__ - INFO - CAM cache hit: /content/cam_cache/cifar100/resnet18/seed42/a7/8a/a78a920cef663a95be0ff9a90186caaf1277899a622ea38e261adab36dfb5d27.pt
2026-06-28 12:18:16 - __main__ - INFO - CAM cutout window: index=5525 copy=7 cutout_mode=cam_low top=18 left=22 height=10 width=10
2026-06-28 12:18:16 - __main__ - INFO - CAM cache hit: /content/cam_cache/cifar100/resnet18/seed42/52/34/52347f81b3c0c1445f93ca31811e474109719c02c9ae961f883f5e7df9558518.pt
2026-06-28 12:18:16 - __main__ - INFO - CAM cache hit: /content/cam_cache/cifar100/resnet18/seed42/8a/c5/8ac5d25556d8da2d999d4c0a5722ec6419862ad3d6ff2a125cdf105ea0042c27.pt
2026-06-28 12:18:16 - __main__ - INFO - CAM cutout window: index=12780 copy=2 cutout_mode=cam_low top=1 left=21 height=10 width=10
2026-06-28 12:18:16 - __main__ - INFO - CAM cache hit: /content/cam_cache/cifar100/resnet18/seed42/54/19/5419dc3096ea0d8dcc89d16a410edd24cefec31a4c07379235d6030a1caf3808.pt
2026-06-28 12:18:16 - __main__ - INFO - CAM cutout window: index=26210 copy=2 cutout_mode=cam_low top=20 left=21 height=10 width=10
2026-06-28 12:18:16 - __main__ - INFO - CAM cutout window: index=6743 copy=4 cutout_mode=cam_low top=22 left=2 height=10 width=10
2026-06-28 12:18:16 - __main__ - INFO - CAM cache hit: /content/cam_cache/cifar100/resnet18/seed42/54/2e/542e45eb326e8a93caa678a460c05b2aff5ac072c15835cea4ed57ba1acaeda7.pt
2026-06-28 12:18:16 - __main__ - INFO - CAM cutout window: index=12198 copy=8 cutout_mode=cam_low top=21 left=0 height=10 width=10
2026-06-28 12:20:19 - __main__ - INFO - Train: loss 0.0079 acc1 99.98%
2026-06-28 12:20:19 - __main__ - INFO - Val:   loss 1.6950 acc1 62.42%
2026-06-28 12:20:19 - __main__ - INFO - 
Epoch 81/100 | lr 0.010552
2026-06-28 12:20:19 - __main__ - INFO - CAM cache hit: /content/cam_cache/cifar100/resnet18/seed42/4a/6d/4a6d92b69f568dc9af8a5e485cf65c391f7417dc5b2c116d5a6cebb2f5370061.pt
2026-06-28 12:20:19 - __main__ - INFO - CAM cache hit: /content/cam_cache/cifar100/resnet18/seed42/dd/47/dd4715d991c7646ac5e2c9a965f4e8b93844323f05c54eabbdf03915298aec2f.pt
2026-06-28 12:20:19 - __main__ - INFO - CAM cutout window: index=23257 copy=1 cutout_mode=cam_low top=16 left=0 height=10 width=10
2026-06-28 12:20:19 - __main__ - INFO - CAM cache hit: /content/cam_cache/cifar100/resnet18/seed42/d6/cf/d6cffad691bd1ce9fd429b928475f93c7a5e0f7a8b13f17e972bbcdc5dde4760.pt
2026-06-28 12:20:19 - __main__ - INFO - CAM cache hit: /content/cam_cache/cifar100/resnet18/seed42/e5/8f/e58f6fae4572c445ee1bd52337ae7d0af0cacc08ce1bc415204c78a0d2a4afc0.pt
2026-06-28 12:20:19 - __main__ - INFO - CAM cutout window: index=42300 copy=8 cutout_mode=cam_low top=20 left=19 height=10 width=10
2026-06-28 12:20:19 - __main__ - INFO - CAM cutout window: index=44362 copy=5 cutout_mode=cam_low top=0 left=22 height=10 width=10
2026-06-28 12:20:19 - __main__ - INFO - CAM cutout window: index=12887 copy=6 cutout_mode=cam_low top=21 left=0 height=10 width=10
2026-06-28 12:20:19 - __main__ - INFO - CAM cache hit: /content/cam_cache/cifar100/resnet18/seed42/f1/d8/f1d8465d8ac2c6258aa7933777be9ba34c08fd82162542b5c8ad2541561e941b.pt
2026-06-28 12:20:19 - __main__ - INFO - CAM cutout window: index=18979 copy=3 cutout_mode=cam_low top=22 left=4 height=10 width=10
2026-06-28 12:20:19 - __main__ - INFO - CAM cache hit: /content/cam_cache/cifar100/resnet18/seed42/23/59/235904cbaefab283242ccf131c32b2cfa7894e64025fc33f198406b15bd21383.pt
2026-06-28 12:20:19 - __main__ - INFO - CAM cache hit: /content/cam_cache/cifar100/resnet18/seed42/fa/f5/faf57eafbe3929a27417a6d09f4de1a529f56ee1b8e87a4150896b3c6a445b4e.pt
2026-06-28 12:20:19 - __main__ - INFO - CAM cutout window: index=36879 copy=2 cutout_mode=cam_low top=18 left=21 height=10 width=10
2026-06-28 12:20:19 - __main__ - INFO - CAM cutout window: index=27582 copy=8 cutout_mode=cam_low top=1 left=2 height=10 width=10
2026-06-28 12:20:19 - __main__ - INFO - CAM cache hit: /content/cam_cache/cifar100/resnet18/seed42/ea/07/ea07af5a6f00cf8287a4627fd0e406e55d46eeb670e968c47cfe4b5d265786f7.pt
2026-06-28 12:20:19 - __main__ - INFO - CAM cutout window: index=5947 copy=6 cutout_mode=cam_low top=0 left=21 height=10 width=10
2026-06-28 12:22:23 - __main__ - INFO - Train: loss 0.0082 acc1 99.98%
2026-06-28 12:22:23 - __main__ - INFO - Val:   loss 1.7043 acc1 62.64%
2026-06-28 12:22:23 - __main__ - INFO - saved best: 62.64%
2026-06-28 12:22:23 - __main__ - INFO - 
Epoch 82/100 | lr 0.009558
2026-06-28 12:22:23 - __main__ - INFO - CAM cache hit: /content/cam_cache/cifar100/resnet18/seed42/38/11/3811bc34251f5360605ab4d7738102142dc5df605027a19cb9380a043ff59581.pt
2026-06-28 12:22:23 - __main__ - INFO - CAM cache hit: /content/cam_cache/cifar100/resnet18/seed42/9f/77/9f77d39166e15dfdb427fac732b3096a95f2adec79611fdfdab11a58c77e3251.pt
2026-06-28 12:22:23 - __main__ - INFO - CAM cache hit: /content/cam_cache/cifar100/resnet18/seed42/f4/b4/f4b4b5b68778d05a178469a94209b3d771bf2bf63da3d4202be927d8be5e47c7.pt
2026-06-28 12:22:23 - __main__ - INFO - CAM cutout window: index=2331 copy=2 cutout_mode=cam_low top=7 left=0 height=10 width=10
2026-06-28 12:22:23 - __main__ - INFO - CAM cache hit: /content/cam_cache/cifar100/resnet18/seed42/05/13/0513f6b7f94cd233f559ef88b1f53a6ac390ed80020df38c4d9791ebc1e40b8e.pt
2026-06-28 12:22:23 - __main__ - INFO - CAM cutout window: index=509 copy=3 cutout_mode=cam_low top=22 left=18 height=10 width=10
2026-06-28 12:22:23 - __main__ - INFO - CAM cutout window: index=42658 copy=6 cutout_mode=cam_low top=2 left=0 height=10 width=10
2026-06-28 12:22:23 - __main__ - INFO - CAM cutout window: index=10133 copy=4 cutout_mode=cam_low top=1 left=22 height=10 width=10
2026-06-28 12:22:23 - __main__ - INFO - CAM cache hit: /content/cam_cache/cifar100/resnet18/seed42/7c/13/7c133b0a2549729c8f39d819175120ddb25c67cceab33fcadfbde8e2f4e303c2.pt
2026-06-28 12:22:23 - __main__ - INFO - CAM cache hit: /content/cam_cache/cifar100/resnet18/seed42/95/32/9532a59b5925cadade0b61eb8e13391e90bc148d5bd649ff4525d165c33058b1.pt
2026-06-28 12:22:23 - __main__ - INFO - CAM cutout window: index=32694 copy=2 cutout_mode=cam_low top=9 left=0 height=10 width=10
2026-06-28 12:22:23 - __main__ - INFO - CAM cutout window: index=40231 copy=2 cutout_mode=cam_low top=20 left=0 height=10 width=10
2026-06-28 12:22:23 - __main__ - INFO - CAM cache hit: /content/cam_cache/cifar100/resnet18/seed42/ef/34/ef34b7e5a496b7d69c7d63729e27a6189f4825add56b7dd32ca6b09930ffc325.pt
2026-06-28 12:22:23 - __main__ - INFO - CAM cache hit: /content/cam_cache/cifar100/resnet18/seed42/1e/58/1e5843e39baa55ed7eee5a97e015bbe0a480354c564de04be9d210b8ac0aa28a.pt
2026-06-28 12:22:23 - __main__ - INFO - CAM cutout window: index=34508 copy=2 cutout_mode=cam_low top=21 left=2 height=10 width=10
2026-06-28 12:22:23 - __main__ - INFO - CAM cutout window: index=26432 copy=2 cutout_mode=cam_low top=19 left=3 height=10 width=10
2026-06-28 12:24:25 - __main__ - INFO - Train: loss 0.0094 acc1 99.97%
2026-06-28 12:24:25 - __main__ - INFO - Val:   loss 2.1229 acc1 52.66%
2026-06-28 12:24:25 - __main__ - INFO - 
Epoch 83/100 | lr 0.008609
2026-06-28 12:24:25 - __main__ - INFO - CAM cache hit: /content/cam_cache/cifar100/resnet18/seed42/a1/34/a1341c80ea9c424f991802e1f0da20ad38f10f2f3e18379f6c7d952362fbd3a5.pt
2026-06-28 12:24:25 - __main__ - INFO - CAM cache hit: /content/cam_cache/cifar100/resnet18/seed42/b7/ac/b7ac3a56fdca7a6d62b4a5c7ca030500145272a7d96ece443dea8df1e0f874cb.pt
2026-06-28 12:24:25 - __main__ - INFO - CAM cache hit: /content/cam_cache/cifar100/resnet18/seed42/36/82/36824e00a9a024858fe58804cee5c1da5c7bd4dbc99542e22c64c854c07b27c4.pt
2026-06-28 12:24:25 - __main__ - INFO - CAM cutout window: index=29605 copy=8 cutout_mode=cam_low top=1 left=19 height=10 width=10
2026-06-28 12:24:25 - __main__ - INFO - CAM cache hit: /content/cam_cache/cifar100/resnet18/seed42/31/f4/31f48bcdf6b58a3985a4195ee769e4fbf88085bbb5fcbde3a66be005464f324d.pt
2026-06-28 12:24:25 - __main__ - INFO - CAM cutout window: index=7972 copy=2 cutout_mode=cam_low top=11 left=0 height=10 width=10
2026-06-28 12:24:25 - __main__ - INFO - CAM cutout window: index=38667 copy=2 cutout_mode=cam_low top=21 left=0 height=10 width=10
2026-06-28 12:24:25 - __main__ - INFO - CAM cutout window: index=11318 copy=6 cutout_mode=cam_low top=3 left=0 height=10 width=10
2026-06-28 12:24:25 - __main__ - INFO - CAM cache hit: /content/cam_cache/cifar100/resnet18/seed42/bf/63/bf63061183023dacb383e29f36a040a5a035975e00a07657aa317c86e1197871.pt
2026-06-28 12:24:25 - __main__ - INFO - CAM cache hit: /content/cam_cache/cifar100/resnet18/seed42/97/27/9727db3054f34ef348ce83c94dca0d002ed9e8f06b162bdde444cd152543b9a4.pt
2026-06-28 12:24:25 - __main__ - INFO - CAM cache hit: /content/cam_cache/cifar100/resnet18/seed42/a7/72/a7728fb7c682046f96128cdad1a6f1f2f0d4abef31b9e3b9ac2c84ba0c2a2a7b.pt
2026-06-28 12:24:25 - __main__ - INFO - CAM cutout window: index=23308 copy=6 cutout_mode=cam_low top=0 left=20 height=10 width=10
2026-06-28 12:24:25 - __main__ - INFO - CAM cache hit: /content/cam_cache/cifar100/resnet18/seed42/8b/48/8b4832644d42f791dd5acbe16c13e6d08f99b04a678232a715bdd04b911298ac.pt
2026-06-28 12:24:25 - __main__ - INFO - CAM cutout window: index=37277 copy=5 cutout_mode=cam_low top=1 left=20 height=10 width=10
2026-06-28 12:24:25 - __main__ - INFO - CAM cutout window: index=22578 copy=6 cutout_mode=cam_low top=21 left=2 height=10 width=10
2026-06-28 12:24:25 - __main__ - INFO - CAM cutout window: index=27673 copy=5 cutout_mode=cam_low top=0 left=22 height=10 width=10
2026-06-28 12:26:28 - __main__ - INFO - Train: loss 0.1662 acc1 95.97%
2026-06-28 12:26:28 - __main__ - INFO - Val:   loss 1.6964 acc1 60.94%
2026-06-28 12:26:28 - __main__ - INFO - 
Epoch 84/100 | lr 0.007704
2026-06-28 12:26:28 - __main__ - INFO - CAM cache hit: /content/cam_cache/cifar100/resnet18/seed42/18/f1/18f1d7ef06ee8977ada48ce8e183b3e72d471583f94ab90af3d94b349009d72f.pt
2026-06-28 12:26:28 - __main__ - INFO - CAM cache hit: /content/cam_cache/cifar100/resnet18/seed42/b9/2a/b92a86e49eb825a9c4e685bbc5b9d5f68fab7ba01762d1c7bdee4b700d9319e3.pt
2026-06-28 12:26:28 - __main__ - INFO - CAM cache hit: /content/cam_cache/cifar100/resnet18/seed42/71/ce/71cee99650dfdaf38c5370e8db9af201b266efea8f9ad4d1775f66db78f02b23.pt
2026-06-28 12:26:28 - __main__ - INFO - CAM cache hit: /content/cam_cache/cifar100/resnet18/seed42/66/27/66272890754ceece2889fd59ab348d9ba388e03fb108708550ce7eb854cabf7e.pt
2026-06-28 12:26:28 - __main__ - INFO - CAM cutout window: index=3695 copy=5 cutout_mode=cam_low top=1 left=19 height=10 width=10
2026-06-28 12:26:28 - __main__ - INFO - CAM cutout window: index=29526 copy=6 cutout_mode=cam_low top=1 left=1 height=10 width=10
2026-06-28 12:26:28 - __main__ - INFO - CAM cutout window: index=36142 copy=3 cutout_mode=cam_low top=22 left=1 height=10 width=10
2026-06-28 12:26:28 - __main__ - INFO - CAM cutout window: index=38169 copy=6 cutout_mode=cam_low top=22 left=0 height=10 width=10
2026-06-28 12:26:28 - __main__ - INFO - CAM cache hit: /content/cam_cache/cifar100/resnet18/seed42/f0/d4/f0d4a9383f8ff600f451bfbca9e58345eebfb2e23f148319257709faf9b00af2.pt
2026-06-28 12:26:28 - __main__ - INFO - CAM cache hit: /content/cam_cache/cifar100/resnet18/seed42/04/29/04295a7b1a7954407db83e2141483154859f29166b91e8cba5d316fecfef724e.pt
2026-06-28 12:26:28 - __main__ - INFO - CAM cutout window: index=35807 copy=6 cutout_mode=cam_low top=0 left=12 height=10 width=10
2026-06-28 12:26:28 - __main__ - INFO - CAM cache hit: /content/cam_cache/cifar100/resnet18/seed42/41/53/41533c96e006210ed48a4b3a8bf2ad212c185c8eb68d70b9ad05114295dea697.pt
2026-06-28 12:26:28 - __main__ - INFO - CAM cutout window: index=22547 copy=5 cutout_mode=cam_low top=3 left=22 height=10 width=10
2026-06-28 12:26:28 - __main__ - INFO - CAM cutout window: index=25681 copy=8 cutout_mode=cam_low top=4 left=2 height=10 width=10
2026-06-28 12:26:28 - __main__ - INFO - CAM cache hit: /content/cam_cache/cifar100/resnet18/seed42/f8/40/f840c46b2582d26a13a4439dbec3c59c69ce6a7fa759898bbc77afc8f599ad81.pt
2026-06-28 12:26:28 - __main__ - INFO - CAM cutout window: index=43969 copy=4 cutout_mode=cam_low top=7 left=22 height=10 width=10
2026-06-28 12:28:31 - __main__ - INFO - Train: loss 0.0051 acc1 99.98%
2026-06-28 12:28:31 - __main__ - INFO - Val:   loss 1.6542 acc1 62.19%
2026-06-28 12:28:31 - __main__ - INFO - 
Epoch 85/100 | lr 0.006846
2026-06-28 12:28:31 - __main__ - INFO - CAM cache hit: /content/cam_cache/cifar100/resnet18/seed42/15/02/150253cf405314b530ff3b0517b862a58ffaa7067ee59391782d4a0dc9d8c666.pt
2026-06-28 12:28:31 - __main__ - INFO - CAM cache hit: /content/cam_cache/cifar100/resnet18/seed42/33/93/339386aa22d6e22f01f7f56c962d4a7ec6f02c903f095837dd03cce861a4484f.pt
2026-06-28 12:28:31 - __main__ - INFO - CAM cache hit: /content/cam_cache/cifar100/resnet18/seed42/9e/0b/9e0b07e8beaf7e2ac828b7e292d8e05e0eeb3a02419bad59c628d5496fd14657.pt
2026-06-28 12:28:31 - __main__ - INFO - CAM cache hit: /content/cam_cache/cifar100/resnet18/seed42/ab/dc/abdc3b64e7308a6246ea0b150e5ef2c2f6d98f706f450364f942f881ced6c67a.pt
2026-06-28 12:28:31 - __main__ - INFO - CAM cutout window: index=35490 copy=8 cutout_mode=cam_low top=0 left=22 height=10 width=10
2026-06-28 12:28:31 - __main__ - INFO - CAM cutout window: index=23525 copy=3 cutout_mode=cam_low top=4 left=22 height=10 width=10
2026-06-28 12:28:31 - __main__ - INFO - CAM cutout window: index=12143 copy=5 cutout_mode=cam_low top=1 left=2 height=10 width=10
2026-06-28 12:28:31 - __main__ - INFO - CAM cutout window: index=21894 copy=2 cutout_mode=cam_low top=22 left=15 height=10 width=10
2026-06-28 12:28:31 - __main__ - INFO - CAM cache hit: /content/cam_cache/cifar100/resnet18/seed42/bd/ca/bdcad86399e6dbeb0aecc351ff2329ce549acf133ee2d11f5e4097d4f829371f.pt
2026-06-28 12:28:31 - __main__ - INFO - CAM cutout window: index=28492 copy=2 cutout_mode=cam_low top=1 left=4 height=10 width=10
2026-06-28 12:28:31 - __main__ - INFO - CAM cache hit: /content/cam_cache/cifar100/resnet18/seed42/bd/04/bd04386e8a732ffeb98f3d2df299546f55ab98213acfa8c6dd2fe23878794ff5.pt
2026-06-28 12:28:31 - __main__ - INFO - CAM cache hit: /content/cam_cache/cifar100/resnet18/seed42/83/ca/83ca6a4b739913f95b4ac6b4584fbce335c09d75a11f83c6863c16991122eed6.pt
2026-06-28 12:28:31 - __main__ - INFO - CAM cache hit: /content/cam_cache/cifar100/resnet18/seed42/3c/69/3c694b67d7198b861e0a8efe33ed292540162c9315d567e880961c2c8b791e0a.pt
2026-06-28 12:28:31 - __main__ - INFO - CAM cutout window: index=23636 copy=1 cutout_mode=cam_low top=18 left=21 height=10 width=10
2026-06-28 12:28:31 - __main__ - INFO - CAM cutout window: index=35829 copy=6 cutout_mode=cam_low top=3 left=21 height=10 width=10
2026-06-28 12:28:31 - __main__ - INFO - CAM cutout window: index=2433 copy=7 cutout_mode=cam_low top=21 left=0 height=10 width=10
2026-06-28 12:30:34 - __main__ - INFO - Train: loss 0.0057 acc1 99.98%
2026-06-28 12:30:34 - __main__ - INFO - Val:   loss 1.6885 acc1 62.20%
2026-06-28 12:30:34 - __main__ - INFO - 
Epoch 86/100 | lr 0.006036
2026-06-28 12:30:34 - __main__ - INFO - CAM cache hit: /content/cam_cache/cifar100/resnet18/seed42/e1/14/e114e5db4bd5b2c97fd6a6d7d91d9a4637c11d983e2b20e6e4b7e3df16ef270d.pt
2026-06-28 12:30:34 - __main__ - INFO - CAM cutout window: index=25944 copy=8 cutout_mode=cam_low top=0 left=14 height=10 width=10
2026-06-28 12:30:34 - __main__ - INFO - CAM cache hit: /content/cam_cache/cifar100/resnet18/seed42/9c/57/9c5727341683d3be5386abadc5bc8f5387399435db60752e6887007686e5307c.pt
2026-06-28 12:30:34 - __main__ - INFO - CAM cache hit: /content/cam_cache/cifar100/resnet18/seed42/a3/94/a3940474a1e58c819e69cde2e5a19467c376938e034820b4385807691714aa61.pt
2026-06-28 12:30:34 - __main__ - INFO - CAM cache hit: /content/cam_cache/cifar100/resnet18/seed42/e1/39/e1398355f9c76dd9603d4f67905c446c35da230721740837b0bb91f4d57d88e0.pt
2026-06-28 12:30:34 - __main__ - INFO - CAM cutout window: index=43042 copy=7 cutout_mode=cam_low top=22 left=0 height=10 width=10
2026-06-28 12:30:34 - __main__ - INFO - CAM cutout window: index=20502 copy=4 cutout_mode=cam_low top=21 left=1 height=10 width=10
2026-06-28 12:30:34 - __main__ - INFO - CAM cutout window: index=21375 copy=5 cutout_mode=cam_low top=17 left=2 height=10 width=10
2026-06-28 12:30:34 - __main__ - INFO - CAM cache hit: /content/cam_cache/cifar100/resnet18/seed42/37/68/3768d7357b949b4c545cf67039da3085510f4084307e7bc092c8746a7800558b.pt
2026-06-28 12:30:34 - __main__ - INFO - CAM cutout window: index=616 copy=6 cutout_mode=cam_low top=19 left=1 height=10 width=10
2026-06-28 12:30:34 - __main__ - INFO - CAM cache hit: /content/cam_cache/cifar100/resnet18/seed42/46/14/46149fe7731a84205734ed67b59bd55c09cdb1943e2dea9de3a8290995cdde5c.pt
2026-06-28 12:30:34 - __main__ - INFO - CAM cutout window: index=25072 copy=8 cutout_mode=cam_low top=18 left=1 height=10 width=10
2026-06-28 12:30:34 - __main__ - INFO - CAM cache hit: /content/cam_cache/cifar100/resnet18/seed42/3c/6f/3c6fad4d6cc93bc72463fc95605de432a2639c088d858c75b448206f02faa044.pt
2026-06-28 12:30:34 - __main__ - INFO - CAM cutout window: index=19057 copy=3 cutout_mode=cam_low top=22 left=3 height=10 width=10
2026-06-28 12:30:34 - __main__ - INFO - CAM cache hit: /content/cam_cache/cifar100/resnet18/seed42/8e/4a/8e4ae674e67cc83e588a9daddf6f3a9d9e3de10ab277e056634e4cdbc4398a78.pt
2026-06-28 12:30:34 - __main__ - INFO - CAM cutout window: index=13722 copy=8 cutout_mode=cam_low top=2 left=19 height=10 width=10
2026-06-28 12:32:36 - __main__ - INFO - Train: loss 0.0066 acc1 99.98%
2026-06-28 12:32:36 - __main__ - INFO - Val:   loss 1.7207 acc1 62.07%
2026-06-28 12:32:36 - __main__ - INFO - 
Epoch 87/100 | lr 0.005273
2026-06-28 12:32:36 - __main__ - INFO - CAM cache hit: /content/cam_cache/cifar100/resnet18/seed42/43/a8/43a89fe3bab0612bf7e297e6e6e9115248e09d959a536f34e3700ff9c683d6e1.pt
2026-06-28 12:32:36 - __main__ - INFO - CAM cache hit: /content/cam_cache/cifar100/resnet18/seed42/cf/8a/cf8ac2b4894b0f6e01c2dd690a3cf8e2a52f6e37b16a1a31e61de2586bc6f98e.pt
2026-06-28 12:32:36 - __main__ - INFO - CAM cache hit: /content/cam_cache/cifar100/resnet18/seed42/02/8b/028b448d45e98e046222f4eab3328fd7525420e8b9dc8bf3195944e48bb3e498.pt
2026-06-28 12:32:36 - __main__ - INFO - CAM cutout window: index=17276 copy=8 cutout_mode=cam_low top=0 left=2 height=10 width=10
2026-06-28 12:32:36 - __main__ - INFO - CAM cutout window: index=28848 copy=3 cutout_mode=cam_low top=0 left=19 height=10 width=10
2026-06-28 12:32:36 - __main__ - INFO - CAM cutout window: index=40413 copy=1 cutout_mode=cam_low top=22 left=20 height=10 width=10
2026-06-28 12:32:36 - __main__ - INFO - CAM cache hit: /content/cam_cache/cifar100/resnet18/seed42/83/46/8346a5c6e015f65240b6d8b1127f80a6e156cbc56bb1d362feb551570004759d.pt
2026-06-28 12:32:36 - __main__ - INFO - CAM cutout window: index=10291 copy=8 cutout_mode=cam_low top=22 left=3 height=10 width=10
2026-06-28 12:32:36 - __main__ - INFO - CAM cache hit: /content/cam_cache/cifar100/resnet18/seed42/4e/a8/4ea84b9013365a0026c4c6dbede9c918ac4dac8bd447026a183ca7fbe49b89f7.pt
2026-06-28 12:32:36 - __main__ - INFO - CAM cache hit: /content/cam_cache/cifar100/resnet18/seed42/d9/00/d900cb21522966c35c857f4e987bae2a30c817b3a7418b020deb2c77e2095eb6.pt
2026-06-28 12:32:36 - __main__ - INFO - CAM cache hit: /content/cam_cache/cifar100/resnet18/seed42/14/f8/14f8ff7966da3678807491697f22eaa5d12333009b1c44c965ec864ef80e6704.pt
2026-06-28 12:32:36 - __main__ - INFO - CAM cutout window: index=32824 copy=2 cutout_mode=cam_low top=20 left=22 height=10 width=10
2026-06-28 12:32:36 - __main__ - INFO - CAM cutout window: index=41539 copy=1 cutout_mode=cam_low top=22 left=17 height=10 width=10
2026-06-28 12:32:36 - __main__ - INFO - CAM cutout window: index=31863 copy=7 cutout_mode=cam_low top=3 left=21 height=10 width=10
2026-06-28 12:32:36 - __main__ - INFO - CAM cache hit: /content/cam_cache/cifar100/resnet18/seed42/26/0b/260b1ac08bd3447ad0978f77c8e6a1029a80176b512135e8dcf8da640156bda6.pt
2026-06-28 12:32:36 - __main__ - INFO - CAM cutout window: index=21500 copy=3 cutout_mode=cam_low top=21 left=21 height=10 width=10
2026-06-28 12:34:39 - __main__ - INFO - Train: loss 0.0070 acc1 99.99%
2026-06-28 12:34:39 - __main__ - INFO - Val:   loss 1.7580 acc1 61.73%
2026-06-28 12:34:39 - __main__ - INFO - 
Epoch 88/100 | lr 0.004559
2026-06-28 12:34:39 - __main__ - INFO - CAM cache hit: /content/cam_cache/cifar100/resnet18/seed42/3d/1b/3d1bc6b2b701b60c97d6ccf443fbf58864faf591ce984a2f53c5314a5a7940e4.pt
2026-06-28 12:34:39 - __main__ - INFO - CAM cache hit: /content/cam_cache/cifar100/resnet18/seed42/b1/7b/b17bc229e44f464ff0a546cae561263924d7f427a653672fcca30ec42200dfff.pt
2026-06-28 12:34:39 - __main__ - INFO - CAM cache hit: /content/cam_cache/cifar100/resnet18/seed42/03/0c/030c27739c41e361d1c0be2a4bfe159b462f7ff90759b81a4d4aa6f8b7f18478.pt
2026-06-28 12:34:39 - __main__ - INFO - CAM cache hit: /content/cam_cache/cifar100/resnet18/seed42/bc/2c/bc2cf95e9570b05a85776155d7597323ae6c8e5813de367b34407bf84b34fdb8.pt
2026-06-28 12:34:39 - __main__ - INFO - CAM cutout window: index=40816 copy=7 cutout_mode=cam_low top=1 left=20 height=10 width=10
2026-06-28 12:34:39 - __main__ - INFO - CAM cutout window: index=44990 copy=4 cutout_mode=cam_low top=18 left=1 height=10 width=10
2026-06-28 12:34:39 - __main__ - INFO - CAM cutout window: index=24112 copy=7 cutout_mode=cam_low top=0 left=6 height=10 width=10
2026-06-28 12:34:39 - __main__ - INFO - CAM cutout window: index=34443 copy=3 cutout_mode=cam_low top=1 left=20 height=10 width=10
2026-06-28 12:34:39 - __main__ - INFO - CAM cache hit: /content/cam_cache/cifar100/resnet18/seed42/a8/f6/a8f62aa837aef7f26945744ab43e8eecf80b90eb9f1125536d9750a0a6ba42a8.pt
2026-06-28 12:34:39 - __main__ - INFO - CAM cache hit: /content/cam_cache/cifar100/resnet18/seed42/62/1a/621a6caa5bd1335e41737256b347f2ae105483e339cbe2be62ed149c3c086fa7.pt
2026-06-28 12:34:39 - __main__ - INFO - CAM cache hit: /content/cam_cache/cifar100/resnet18/seed42/0b/84/0b841fa79b4a46af853c3423052ed669d200be4027eab4e59c73798409199fbd.pt
2026-06-28 12:34:39 - __main__ - INFO - CAM cutout window: index=9983 copy=5 cutout_mode=cam_low top=22 left=0 height=10 width=10
2026-06-28 12:34:39 - __main__ - INFO - CAM cutout window: index=21285 copy=3 cutout_mode=cam_low top=20 left=22 height=10 width=10
2026-06-28 12:34:39 - __main__ - INFO - CAM cutout window: index=29776 copy=2 cutout_mode=cam_low top=21 left=21 height=10 width=10
2026-06-28 12:34:39 - __main__ - INFO - CAM cache hit: /content/cam_cache/cifar100/resnet18/seed42/99/d7/99d74b77e2453e72b19f4ddc55e24b7798fe3be10ad00740d650fc8452866823.pt
2026-06-28 12:34:39 - __main__ - INFO - CAM cutout window: index=28700 copy=5 cutout_mode=cam_low top=2 left=18 height=10 width=10
2026-06-28 12:36:42 - __main__ - INFO - Train: loss 0.0071 acc1 99.98%
2026-06-28 12:36:42 - __main__ - INFO - Val:   loss 1.7784 acc1 61.35%
2026-06-28 12:36:42 - __main__ - INFO - 
Epoch 89/100 | lr 0.003895
2026-06-28 12:36:42 - __main__ - INFO - CAM cache hit: /content/cam_cache/cifar100/resnet18/seed42/7c/2d/7c2d5d7c1c1750a52994a8a621bbeeae2a829aedc47fd174bd7ddec1ea4c8c64.pt
2026-06-28 12:36:42 - __main__ - INFO - CAM cache hit: /content/cam_cache/cifar100/resnet18/seed42/ba/59/ba59ba76cc5d461963dfafb1d7a07e95614837da3c051a1de3277e51736d189d.pt
2026-06-28 12:36:42 - __main__ - INFO - CAM cache hit: /content/cam_cache/cifar100/resnet18/seed42/8f/fd/8ffd383c294773345965aea52fdd7e9d25652ecb80c31fa0422c5cc2866e3fa9.pt
2026-06-28 12:36:42 - __main__ - INFO - CAM cache hit: /content/cam_cache/cifar100/resnet18/seed42/aa/d4/aad470401084bbe8f2d044b57eb9286d5ae58822474cb8f9eba610fdf7517c2e.pt
2026-06-28 12:36:42 - __main__ - INFO - CAM cutout window: index=30675 copy=3 cutout_mode=cam_low top=3 left=21 height=10 width=10
2026-06-28 12:36:42 - __main__ - INFO - CAM cutout window: index=34911 copy=1 cutout_mode=cam_low top=0 left=1 height=10 width=10
2026-06-28 12:36:42 - __main__ - INFO - CAM cutout window: index=16750 copy=3 cutout_mode=cam_low top=0 left=4 height=10 width=10
2026-06-28 12:36:42 - __main__ - INFO - CAM cutout window: index=40359 copy=6 cutout_mode=cam_low top=0 left=4 height=10 width=10
2026-06-28 12:36:42 - __main__ - INFO - CAM cache hit: /content/cam_cache/cifar100/resnet18/seed42/2a/c0/2ac06fc44be98d2f856c97ec37bb823acecfc3f85669246aa0ed72f2309dc218.pt
2026-06-28 12:36:42 - __main__ - INFO - CAM cache hit: /content/cam_cache/cifar100/resnet18/seed42/8c/62/8c62c2982c0bc4051503ca88ef068dd72c57c5083e18a0ed7b6f05de51494311.pt
2026-06-28 12:36:42 - __main__ - INFO - CAM cache hit: /content/cam_cache/cifar100/resnet18/seed42/63/16/631623cc9d82bcb0d280e58a3f5c2be2713a145ac585205795fd2b93380d949e.pt
2026-06-28 12:36:42 - __main__ - INFO - CAM cache hit: /content/cam_cache/cifar100/resnet18/seed42/ef/35/ef3520bf30364baf5d4c92494ba216b86af3e69df2b58d0497b6d1c6110bdcdf.pt
2026-06-28 12:36:42 - __main__ - INFO - CAM cutout window: index=40341 copy=8 cutout_mode=cam_low top=22 left=19 height=10 width=10
2026-06-28 12:36:42 - __main__ - INFO - CAM cutout window: index=10361 copy=1 cutout_mode=cam_low top=2 left=21 height=10 width=10
2026-06-28 12:36:42 - __main__ - INFO - CAM cutout window: index=4189 copy=5 cutout_mode=cam_low top=2 left=22 height=10 width=10
2026-06-28 12:36:42 - __main__ - INFO - CAM cutout window: index=16151 copy=4 cutout_mode=cam_low top=19 left=20 height=10 width=10
2026-06-28 12:38:45 - __main__ - INFO - Train: loss 0.0072 acc1 99.99%
2026-06-28 12:38:45 - __main__ - INFO - Val:   loss 1.7921 acc1 61.27%
2026-06-28 12:38:45 - __main__ - INFO - 
Epoch 90/100 | lr 0.003281
2026-06-28 12:38:46 - __main__ - INFO - CAM cache hit: /content/cam_cache/cifar100/resnet18/seed42/0c/47/0c4727399d8cbf65cb394aa166f2b05e12dffcace2e7b18b00d8758decbae4b1.pt
2026-06-28 12:38:46 - __main__ - INFO - CAM cache hit: /content/cam_cache/cifar100/resnet18/seed42/29/01/29017a26bbc0b4b366225fee7f06ae5bb1331b049111f8359ae7f7189fbc947f.pt
2026-06-28 12:38:46 - __main__ - INFO - CAM cache hit: /content/cam_cache/cifar100/resnet18/seed42/ea/32/ea329cc3c7bf3fb880d4a9aba8cc72aad4de75ba10b5623295f8524654f9fa16.pt
2026-06-28 12:38:46 - __main__ - INFO - CAM cutout window: index=31185 copy=4 cutout_mode=cam_low top=21 left=1 height=10 width=10
2026-06-28 12:38:46 - __main__ - INFO - CAM cutout window: index=6511 copy=6 cutout_mode=cam_low top=17 left=22 height=10 width=10
2026-06-28 12:38:46 - __main__ - INFO - CAM cutout window: index=17368 copy=7 cutout_mode=cam_low top=0 left=0 height=10 width=10
2026-06-28 12:38:46 - __main__ - INFO - CAM cache hit: /content/cam_cache/cifar100/resnet18/seed42/80/94/8094c4c9128cffd8bb22f4c323135e53639171aa773cac45972b34a376e8e79b.pt
2026-06-28 12:38:46 - __main__ - INFO - CAM cutout window: index=30688 copy=8 cutout_mode=cam_low top=22 left=0 height=10 width=10
2026-06-28 12:38:46 - __main__ - INFO - CAM cache hit: /content/cam_cache/cifar100/resnet18/seed42/26/20/2620de7fbfc72ff79c8d586d2b12d1f1ccbf9e2948ab68e5b94d16db3c99886e.pt
2026-06-28 12:38:46 - __main__ - INFO - CAM cache hit: /content/cam_cache/cifar100/resnet18/seed42/94/51/945152b1a072229a76e55fe3dad905815f5ff24107ba355005f5156756ea0fd7.pt
2026-06-28 12:38:46 - __main__ - INFO - CAM cache hit: /content/cam_cache/cifar100/resnet18/seed42/65/8e/658e1d0c8a5e738302d3a0a9480bcb0e24b77b59fdaa817f35c7f1ed2282bec3.pt
2026-06-28 12:38:46 - __main__ - INFO - CAM cutout window: index=44650 copy=4 cutout_mode=cam_low top=0 left=20 height=10 width=10
2026-06-28 12:38:46 - __main__ - INFO - CAM cutout window: index=44440 copy=8 cutout_mode=cam_low top=21 left=3 height=10 width=10
2026-06-28 12:38:46 - __main__ - INFO - CAM cutout window: index=43652 copy=4 cutout_mode=cam_low top=21 left=1 height=10 width=10
2026-06-28 12:38:46 - __main__ - INFO - CAM cache hit: /content/cam_cache/cifar100/resnet18/seed42/3a/35/3a359fecad04aad495fb49e3caf6f44eb323f3c9b471f6d1de016386a10ec86e.pt
2026-06-28 12:38:46 - __main__ - INFO - CAM cutout window: index=5847 copy=6 cutout_mode=cam_low top=2 left=20 height=10 width=10
2026-06-28 12:40:48 - __main__ - INFO - Train: loss 0.0070 acc1 99.99%
2026-06-28 12:40:48 - __main__ - INFO - Val:   loss 1.8142 acc1 61.41%
2026-06-28 12:40:48 - __main__ - INFO - 
Epoch 91/100 | lr 0.002719
2026-06-28 12:40:49 - __main__ - INFO - CAM cache hit: /content/cam_cache/cifar100/resnet18/seed42/4c/96/4c963c35fa5011d7964c8a1fd7bb003cce28e3509b1c44b0905f14a7d0ce5be5.pt
2026-06-28 12:40:49 - __main__ - INFO - CAM cache hit: /content/cam_cache/cifar100/resnet18/seed42/58/72/5872fadb5321d772334101cb97ff768fa3e295eda1a12b76a7471f643b0bfd20.pt
2026-06-28 12:40:49 - __main__ - INFO - CAM cutout window: index=2384 copy=8 cutout_mode=cam_low top=22 left=2 height=10 width=10
2026-06-28 12:40:49 - __main__ - INFO - CAM cache hit: /content/cam_cache/cifar100/resnet18/seed42/56/38/5638caedb1b1c90811f4d7b150dfebfa1f1bc9076bd16e87e385d25fb3aa83f6.pt
2026-06-28 12:40:49 - __main__ - INFO - CAM cutout window: index=12017 copy=5 cutout_mode=cam_low top=1 left=3 height=10 width=10
2026-06-28 12:40:49 - __main__ - INFO - CAM cache hit: /content/cam_cache/cifar100/resnet18/seed42/09/b4/09b4b585a88c017e08f35936357a01821081f603ebd1f7c9465dc3d330438329.pt
2026-06-28 12:40:49 - __main__ - INFO - CAM cutout window: index=31216 copy=1 cutout_mode=cam_low top=19 left=1 height=10 width=10
2026-06-28 12:40:49 - __main__ - INFO - CAM cutout window: index=27495 copy=7 cutout_mode=cam_low top=0 left=16 height=10 width=10
2026-06-28 12:40:49 - __main__ - INFO - CAM cache hit: /content/cam_cache/cifar100/resnet18/seed42/e6/a0/e6a0afba61028b4167f8592013a2086ba8e05bef14d802cb23cd6493f06ab1d5.pt
2026-06-28 12:40:49 - __main__ - INFO - CAM cache hit: /content/cam_cache/cifar100/resnet18/seed42/44/c9/44c94a44480b6aa7fa4f441a61f805928a19e885e7964f18777988262bfa6230.pt
2026-06-28 12:40:49 - __main__ - INFO - CAM cutout window: index=7626 copy=1 cutout_mode=cam_low top=21 left=3 height=10 width=10
2026-06-28 12:40:49 - __main__ - INFO - CAM cutout window: index=26015 copy=4 cutout_mode=cam_low top=20 left=21 height=10 width=10
2026-06-28 12:40:49 - __main__ - INFO - CAM cache hit: /content/cam_cache/cifar100/resnet18/seed42/0d/cd/0dcde1d98c89f8670afcf7bdb13e816b25224d6a6f5988b5aa0e5c7342fb1b17.pt
2026-06-28 12:40:49 - __main__ - INFO - CAM cutout window: index=7020 copy=7 cutout_mode=cam_low top=0 left=3 height=10 width=10
2026-06-28 12:40:49 - __main__ - INFO - CAM cache hit: /content/cam_cache/cifar100/resnet18/seed42/db/58/db58d33a1e840a31cd4307e4a4c7d08b09ec0f714241653e1fa68ea22227c115.pt
2026-06-28 12:40:49 - __main__ - INFO - CAM cutout window: index=4914 copy=1 cutout_mode=cam_low top=8 left=0 height=10 width=10
2026-06-28 12:42:51 - __main__ - INFO - Train: loss 0.0070 acc1 99.99%
2026-06-28 12:42:51 - __main__ - INFO - Val:   loss 1.8268 acc1 61.83%
2026-06-28 12:42:51 - __main__ - INFO - 
Epoch 92/100 | lr 0.002208
2026-06-28 12:42:51 - __main__ - INFO - CAM cache hit: /content/cam_cache/cifar100/resnet18/seed42/e8/6d/e86d4b1dff46a23092c7511e119b2af72f3410a7a5d5e1ec8214b92b7fff571c.pt
2026-06-28 12:42:51 - __main__ - INFO - CAM cache hit: /content/cam_cache/cifar100/resnet18/seed42/7f/99/7f99c16d9ca73e7e94a42cea7ce33d9a7c53112504ba62e144b7c6b865f177e4.pt
2026-06-28 12:42:51 - __main__ - INFO - CAM cache hit: /content/cam_cache/cifar100/resnet18/seed42/34/48/344890934de5562c12f0acfdb040b38376a9391aea0df7b3fad69a15d9b6452e.pt
2026-06-28 12:42:51 - __main__ - INFO - CAM cache hit: /content/cam_cache/cifar100/resnet18/seed42/b8/d8/b8d874be57e623706398090766dc814a3b573299c4d53a84808359f67d1ce7b9.pt
2026-06-28 12:42:51 - __main__ - INFO - CAM cutout window: index=33206 copy=7 cutout_mode=cam_low top=22 left=7 height=10 width=10
2026-06-28 12:42:51 - __main__ - INFO - CAM cutout window: index=42854 copy=3 cutout_mode=cam_low top=1 left=1 height=10 width=10
2026-06-28 12:42:51 - __main__ - INFO - CAM cutout window: index=14582 copy=7 cutout_mode=cam_low top=20 left=21 height=10 width=10
2026-06-28 12:42:51 - __main__ - INFO - CAM cutout window: index=29778 copy=8 cutout_mode=cam_low top=0 left=4 height=10 width=10
2026-06-28 12:42:51 - __main__ - INFO - CAM cache hit: /content/cam_cache/cifar100/resnet18/seed42/2b/8a/2b8a10e8df4d57aa18e10030044bf8d66794cd052cff1a54b28e8fc4b601bf8e.pt
2026-06-28 12:42:51 - __main__ - INFO - CAM cache hit: /content/cam_cache/cifar100/resnet18/seed42/18/44/18441846462c906df49ecf7cdc5f2475e80970c24a8483c5ae750c25b10d2523.pt
2026-06-28 12:42:51 - __main__ - INFO - CAM cache hit: /content/cam_cache/cifar100/resnet18/seed42/db/67/db676137e0f93fa0d39d80f4d9c946813593dd26974caefa0bca691e7fa19501.pt
2026-06-28 12:42:51 - __main__ - INFO - CAM cutout window: index=4621 copy=6 cutout_mode=cam_low top=19 left=22 height=10 width=10
2026-06-28 12:42:51 - __main__ - INFO - CAM cutout window: index=24878 copy=7 cutout_mode=cam_low top=0 left=3 height=10 width=10
2026-06-28 12:42:51 - __main__ - INFO - CAM cutout window: index=41394 copy=6 cutout_mode=cam_low top=7 left=0 height=10 width=10
2026-06-28 12:42:51 - __main__ - INFO - CAM cache hit: /content/cam_cache/cifar100/resnet18/seed42/93/29/93294c361a2c9a2e8f229c1b40f48682ebb3ba7b6f4dc6321666baf75eee6866.pt
2026-06-28 12:42:51 - __main__ - INFO - CAM cutout window: index=3296 copy=8 cutout_mode=cam_low top=18 left=0 height=10 width=10
2026-06-28 12:44:54 - __main__ - INFO - Train: loss 0.0069 acc1 99.99%
2026-06-28 12:44:54 - __main__ - INFO - Val:   loss 1.8270 acc1 61.50%
2026-06-28 12:44:54 - __main__ - INFO - 
Epoch 93/100 | lr 0.001749
2026-06-28 12:44:54 - __main__ - INFO - CAM cache hit: /content/cam_cache/cifar100/resnet18/seed42/8f/12/8f123c0732f902d780e1aa787c40023c75cf2b524c6a3162e4e3e8c8f2f69848.pt
2026-06-28 12:44:54 - __main__ - INFO - CAM cache hit: /content/cam_cache/cifar100/resnet18/seed42/29/bb/29bb02944ee66b330b386f161b3a0caec67dd92cd3d1c2291793eb7c099e1505.pt
2026-06-28 12:44:54 - __main__ - INFO - CAM cache hit: /content/cam_cache/cifar100/resnet18/seed42/35/fe/35fee42e41dce3a27df745dfaff9fd48a8e4084cd516b01b9912ca857b49e6af.pt
2026-06-28 12:44:54 - __main__ - INFO - CAM cutout window: index=1885 copy=4 cutout_mode=cam_low top=2 left=21 height=10 width=10
2026-06-28 12:44:54 - __main__ - INFO - CAM cache hit: /content/cam_cache/cifar100/resnet18/seed42/60/23/602377e7bc6057a6970ae9dfaf0c2d7bf9e81122af5ffcda01c91616e2c99ab9.pt
2026-06-28 12:44:54 - __main__ - INFO - CAM cutout window: index=10120 copy=1 cutout_mode=cam_low top=21 left=19 height=10 width=10
2026-06-28 12:44:54 - __main__ - INFO - CAM cutout window: index=43109 copy=8 cutout_mode=cam_low top=20 left=1 height=10 width=10
2026-06-28 12:44:54 - __main__ - INFO - CAM cutout window: index=23681 copy=8 cutout_mode=cam_low top=20 left=0 height=10 width=10
2026-06-28 12:44:54 - __main__ - INFO - CAM cache hit: /content/cam_cache/cifar100/resnet18/seed42/b8/a1/b8a1c4ff42f7d30d369e51a01a4ca842874b4a9232a5d3d3009845db2d4504ed.pt
2026-06-28 12:44:54 - __main__ - INFO - CAM cutout window: index=12855 copy=6 cutout_mode=cam_low top=3 left=22 height=10 width=10
2026-06-28 12:44:54 - __main__ - INFO - CAM cache hit: /content/cam_cache/cifar100/resnet18/seed42/4d/81/4d81e495d8d237235416922fc5c56fc4be84388be64ddfc63a27ab98d136de54.pt
2026-06-28 12:44:54 - __main__ - INFO - CAM cache hit: /content/cam_cache/cifar100/resnet18/seed42/c8/89/c8898c2b7df03c1342e3d670231fd955b556d947d01934b8cc7f2f8ca200a3bb.pt
2026-06-28 12:44:54 - __main__ - INFO - CAM cache hit: /content/cam_cache/cifar100/resnet18/seed42/5f/8a/5f8acbb2e82fcc9dffcec017ea6ed21e9f2b352ff2463dcc567e9fdbf05caa7d.pt
2026-06-28 12:44:54 - __main__ - INFO - CAM cutout window: index=1877 copy=2 cutout_mode=cam_low top=22 left=1 height=10 width=10
2026-06-28 12:44:54 - __main__ - INFO - CAM cutout window: index=21579 copy=4 cutout_mode=cam_low top=2 left=3 height=10 width=10
2026-06-28 12:44:54 - __main__ - INFO - CAM cutout window: index=13759 copy=7 cutout_mode=cam_low top=4 left=1 height=10 width=10
2026-06-28 12:46:57 - __main__ - INFO - Train: loss 0.0069 acc1 99.99%
2026-06-28 12:46:57 - __main__ - INFO - Val:   loss 1.8375 acc1 61.44%
2026-06-28 12:46:57 - __main__ - INFO - 
Epoch 94/100 | lr 0.001344
2026-06-28 12:46:57 - __main__ - INFO - CAM cache hit: /content/cam_cache/cifar100/resnet18/seed42/cd/29/cd299a4b9c37e4401876144fc7c9031bb6feb2546f0f1815a30d9ff5882c2bac.pt
2026-06-28 12:46:57 - __main__ - INFO - CAM cache hit: /content/cam_cache/cifar100/resnet18/seed42/03/f8/03f89f6565ef82f778c787e152d7cd10896cc318e5d284dc84b55d76f2df7563.pt
2026-06-28 12:46:57 - __main__ - INFO - CAM cache hit: /content/cam_cache/cifar100/resnet18/seed42/7a/6a/7a6af8bd6f7a371a52a94d4fad5033da0e434387ece0e0793abda4a0def0f6c3.pt
2026-06-28 12:46:57 - __main__ - INFO - CAM cache hit: /content/cam_cache/cifar100/resnet18/seed42/49/a3/49a3f1112ef52bc9991942fba3fdb9b108ec99f310008b67a2184620d5c614fd.pt
2026-06-28 12:46:57 - __main__ - INFO - CAM cutout window: index=24288 copy=6 cutout_mode=cam_low top=0 left=20 height=10 width=10
2026-06-28 12:46:57 - __main__ - INFO - CAM cutout window: index=23256 copy=7 cutout_mode=cam_low top=22 left=1 height=10 width=10
2026-06-28 12:46:57 - __main__ - INFO - CAM cutout window: index=40257 copy=6 cutout_mode=cam_low top=18 left=21 height=10 width=10
2026-06-28 12:46:57 - __main__ - INFO - CAM cutout window: index=16594 copy=2 cutout_mode=cam_low top=0 left=5 height=10 width=10
2026-06-28 12:46:57 - __main__ - INFO - CAM cache hit: /content/cam_cache/cifar100/resnet18/seed42/28/18/2818bec7956f77442c8247a4eea7e63b5fc8de256044a58568f6e3fd26b0d9c7.pt
2026-06-28 12:46:57 - __main__ - INFO - CAM cache hit: /content/cam_cache/cifar100/resnet18/seed42/9d/6b/9d6be82559d273af6c87ed1dd94bd18509c90c0bc3f3fcace760203f9b30e923.pt
2026-06-28 12:46:57 - __main__ - INFO - CAM cache hit: /content/cam_cache/cifar100/resnet18/seed42/a6/0a/a60ad94564d6ce0a7d3e8527315a83728069126027119570a65ec56b4cb5de75.pt
2026-06-28 12:46:57 - __main__ - INFO - CAM cache hit: /content/cam_cache/cifar100/resnet18/seed42/df/f2/dff2dad7d8f21a81ca77f2b57c3a652940e0730294801cb82bf643a732ce4ef8.pt
2026-06-28 12:46:57 - __main__ - INFO - CAM cutout window: index=10282 copy=1 cutout_mode=cam_low top=2 left=21 height=10 width=10
2026-06-28 12:46:57 - __main__ - INFO - CAM cutout window: index=32367 copy=7 cutout_mode=cam_low top=4 left=0 height=10 width=10
2026-06-28 12:46:57 - __main__ - INFO - CAM cutout window: index=5842 copy=3 cutout_mode=cam_low top=3 left=0 height=10 width=10
2026-06-28 12:46:57 - __main__ - INFO - CAM cutout window: index=9996 copy=3 cutout_mode=cam_low top=2 left=1 height=10 width=10
2026-06-28 12:48:59 - __main__ - INFO - Train: loss 0.0068 acc1 99.99%
2026-06-28 12:48:59 - __main__ - INFO - Val:   loss 1.8436 acc1 61.50%
2026-06-28 12:48:59 - __main__ - INFO - 
Epoch 95/100 | lr 0.000991
2026-06-28 12:48:59 - __main__ - INFO - CAM cache hit: /content/cam_cache/cifar100/resnet18/seed42/ca/5b/ca5bee6f50a0d9282c7762a89d53868ed193fbc163240c7e4366e2949c2c2263.pt
2026-06-28 12:48:59 - __main__ - INFO - CAM cache hit: /content/cam_cache/cifar100/resnet18/seed42/b4/ed/b4ed1a5ef3d20635d898241ab89379e3099f3f7244439ca860939efcc83d51e4.pt
2026-06-28 12:48:59 - __main__ - INFO - CAM cache hit: /content/cam_cache/cifar100/resnet18/seed42/f3/89/f3894b2481a866ec1da5ca40c4e469428b845cda0ac2fe395e797453b5e23734.pt
2026-06-28 12:48:59 - __main__ - INFO - CAM cutout window: index=32706 copy=8 cutout_mode=cam_low top=0 left=0 height=10 width=10
2026-06-28 12:48:59 - __main__ - INFO - CAM cutout window: index=44204 copy=6 cutout_mode=cam_low top=2 left=18 height=10 width=10
2026-06-28 12:48:59 - __main__ - INFO - CAM cache hit: /content/cam_cache/cifar100/resnet18/seed42/4c/7e/4c7e70ef42636083e609cf8a15d8028a497a2ddd93024fcce6f3253b63d72cbe.pt
2026-06-28 12:48:59 - __main__ - INFO - CAM cutout window: index=33732 copy=8 cutout_mode=cam_low top=18 left=0 height=10 width=10
2026-06-28 12:48:59 - __main__ - INFO - CAM cutout window: index=43227 copy=5 cutout_mode=cam_low top=2 left=19 height=10 width=10
2026-06-28 12:48:59 - __main__ - INFO - CAM cache hit: /content/cam_cache/cifar100/resnet18/seed42/11/d9/11d93ff334e8b049f78c2933f41708497964138ac43395a53f607bfaabad5cfd.pt
2026-06-28 12:48:59 - __main__ - INFO - CAM cache hit: /content/cam_cache/cifar100/resnet18/seed42/28/fc/28fc4db2e30102b7f04b6f665aeea7d70176570fee48211d96b681c486755064.pt
2026-06-28 12:48:59 - __main__ - INFO - CAM cutout window: index=18069 copy=5 cutout_mode=cam_low top=2 left=2 height=10 width=10
2026-06-28 12:48:59 - __main__ - INFO - CAM cache hit: /content/cam_cache/cifar100/resnet18/seed42/60/44/6044e0738b6b843490fa031895a5a96065a37811bb25a39e0ad2e83083b42704.pt
2026-06-28 12:48:59 - __main__ - INFO - CAM cutout window: index=27334 copy=6 cutout_mode=cam_low top=0 left=20 height=10 width=10
2026-06-28 12:48:59 - __main__ - INFO - CAM cutout window: index=11797 copy=5 cutout_mode=cam_low top=20 left=21 height=10 width=10
2026-06-28 12:48:59 - __main__ - INFO - CAM cache hit: /content/cam_cache/cifar100/resnet18/seed42/91/2a/912afbe8b5ffa1fb407b277959d2dc0a9536cbaa9f773efc2d0016674d789b81.pt
2026-06-28 12:48:59 - __main__ - INFO - CAM cutout window: index=2958 copy=5 cutout_mode=cam_low top=1 left=22 height=10 width=10
2026-06-28 12:51:03 - __main__ - INFO - Train: loss 0.0068 acc1 99.99%
2026-06-28 12:51:03 - __main__ - INFO - Val:   loss 1.8434 acc1 61.42%
2026-06-28 12:51:03 - __main__ - INFO - 
Epoch 96/100 | lr 0.000692
2026-06-28 12:51:03 - __main__ - INFO - CAM cache hit: /content/cam_cache/cifar100/resnet18/seed42/a6/73/a673605003ccb5b975d0942a39f08a3aa8cc947f793e6f20da2e05f06e28609f.pt
2026-06-28 12:51:03 - __main__ - INFO - CAM cache hit: /content/cam_cache/cifar100/resnet18/seed42/49/61/49610d96d37b44d6cdf630a5f922bfa86cc5ca68a747f5a487caa09de7cb3224.pt
2026-06-28 12:51:03 - __main__ - INFO - CAM cache hit: /content/cam_cache/cifar100/resnet18/seed42/48/41/48410088c67f5506be855eed2d2d7298a8378dd4ed8056921dd5b1851d8ee4dd.pt
2026-06-28 12:51:03 - __main__ - INFO - CAM cache hit: /content/cam_cache/cifar100/resnet18/seed42/6e/1f/6e1fdcd6b1721423c78aa5434b507b8f57a508b2b54dd9f1aa24b3b40dffe525.pt
2026-06-28 12:51:03 - __main__ - INFO - CAM cutout window: index=33977 copy=5 cutout_mode=cam_low top=22 left=3 height=10 width=10
2026-06-28 12:51:03 - __main__ - INFO - CAM cutout window: index=21464 copy=3 cutout_mode=cam_low top=0 left=16 height=10 width=10
2026-06-28 12:51:03 - __main__ - INFO - CAM cutout window: index=22907 copy=8 cutout_mode=cam_low top=2 left=0 height=10 width=10
2026-06-28 12:51:03 - __main__ - INFO - CAM cutout window: index=11098 copy=7 cutout_mode=cam_low top=1 left=20 height=10 width=10
2026-06-28 12:51:03 - __main__ - INFO - CAM cache hit: /content/cam_cache/cifar100/resnet18/seed42/31/37/313778195322c1895a74f0e8fcf51a493277cd1cecb20104035bb5560ed9f7c2.pt
2026-06-28 12:51:03 - __main__ - INFO - CAM cache hit: /content/cam_cache/cifar100/resnet18/seed42/b3/c2/b3c290022d819c6eb617f0d70710fdc132cf9852a0967d66ecc1dfa651f64539.pt
2026-06-28 12:51:03 - __main__ - INFO - CAM cache hit: /content/cam_cache/cifar100/resnet18/seed42/05/86/05865e56c27c06a1bf733ce3aa2dadfdfc9a493534269f71575ae25c4414f32c.pt
2026-06-28 12:51:03 - __main__ - INFO - CAM cache hit: /content/cam_cache/cifar100/resnet18/seed42/6e/26/6e261b31b202d2b4def47fda3e01c6cf9814889afdb61a37b5233889894122c7.pt
2026-06-28 12:51:03 - __main__ - INFO - CAM cutout window: index=4363 copy=7 cutout_mode=cam_low top=20 left=20 height=10 width=10
2026-06-28 12:51:03 - __main__ - INFO - CAM cutout window: index=7401 copy=4 cutout_mode=cam_low top=0 left=20 height=10 width=10
2026-06-28 12:51:03 - __main__ - INFO - CAM cutout window: index=2205 copy=2 cutout_mode=cam_low top=4 left=2 height=10 width=10
2026-06-28 12:51:03 - __main__ - INFO - CAM cutout window: index=5082 copy=4 cutout_mode=cam_low top=20 left=22 height=10 width=10
2026-06-28 12:53:06 - __main__ - INFO - Train: loss 0.0067 acc1 99.99%
2026-06-28 12:53:06 - __main__ - INFO - Val:   loss 1.8528 acc1 61.28%
2026-06-28 12:53:06 - __main__ - INFO - 
Epoch 97/100 | lr 0.000447
2026-06-28 12:53:06 - __main__ - INFO - CAM cache hit: /content/cam_cache/cifar100/resnet18/seed42/bd/9c/bd9c876eddb77fb5c7116b64a328c3408f66ff6e3e636bc8fe4ab65d1d5cbe28.pt
2026-06-28 12:53:06 - __main__ - INFO - CAM cache hit: /content/cam_cache/cifar100/resnet18/seed42/7e/b2/7eb2fa8bfadb509bef5ceddf6bb093b50e658036b34b39c76fff4deab43df4ff.pt
2026-06-28 12:53:06 - __main__ - INFO - CAM cache hit: /content/cam_cache/cifar100/resnet18/seed42/da/bf/dabfd1989359d47db6d7d0094d06ac0062429f131773afaa224108714bd3a6b7.pt
2026-06-28 12:53:06 - __main__ - INFO - CAM cache hit: /content/cam_cache/cifar100/resnet18/seed42/df/ad/dfadebbf0c01d498814e3a5e979d252bffe0d95f072c27eeb2737a404e52bf5e.pt
2026-06-28 12:53:06 - __main__ - INFO - CAM cutout window: index=31919 copy=7 cutout_mode=cam_low top=17 left=0 height=10 width=10
2026-06-28 12:53:06 - __main__ - INFO - CAM cutout window: index=2223 copy=1 cutout_mode=cam_low top=22 left=20 height=10 width=10
2026-06-28 12:53:06 - __main__ - INFO - CAM cutout window: index=18902 copy=8 cutout_mode=cam_low top=4 left=0 height=10 width=10
2026-06-28 12:53:06 - __main__ - INFO - CAM cutout window: index=8724 copy=7 cutout_mode=cam_low top=18 left=0 height=10 width=10
2026-06-28 12:53:06 - __main__ - INFO - CAM cache hit: /content/cam_cache/cifar100/resnet18/seed42/07/77/0777221df283aad2707c02f89b6f8ca59e1e8856bd2e942d358126910c991f2a.pt
2026-06-28 12:53:06 - __main__ - INFO - CAM cache hit: /content/cam_cache/cifar100/resnet18/seed42/7f/11/7f11d5ee9ee0839dcbc5e30addd9137921557f65c94738d23bcb3e2d85908217.pt
2026-06-28 12:53:06 - __main__ - INFO - CAM cache hit: /content/cam_cache/cifar100/resnet18/seed42/ec/5a/ec5a9d2d04d5a1aab2bd333f1e81e945cab184e985709d671c31dda6155b6f75.pt
2026-06-28 12:53:06 - __main__ - INFO - CAM cache hit: /content/cam_cache/cifar100/resnet18/seed42/64/68/64687a937e061535a3d4c5183d8356f9eece1dda93621f452b63f4b01c921e88.pt
2026-06-28 12:53:06 - __main__ - INFO - CAM cutout window: index=21073 copy=3 cutout_mode=cam_low top=4 left=20 height=10 width=10
2026-06-28 12:53:06 - __main__ - INFO - CAM cutout window: index=39690 copy=1 cutout_mode=cam_low top=22 left=10 height=10 width=10
2026-06-28 12:53:06 - __main__ - INFO - CAM cutout window: index=12826 copy=2 cutout_mode=cam_low top=0 left=7 height=10 width=10
2026-06-28 12:53:06 - __main__ - INFO - CAM cutout window: index=29089 copy=2 cutout_mode=cam_low top=15 left=22 height=10 width=10
2026-06-28 12:55:09 - __main__ - INFO - Train: loss 0.0067 acc1 99.99%
2026-06-28 12:55:09 - __main__ - INFO - Val:   loss 1.8486 acc1 61.23%
2026-06-28 12:55:09 - __main__ - INFO - 
Epoch 98/100 | lr 0.000256
2026-06-28 12:55:09 - __main__ - INFO - CAM cache hit: /content/cam_cache/cifar100/resnet18/seed42/5d/c3/5dc3abc57ca9c72de98b7ac24a2ff88255736d780f73837aa102e930dfe94a3a.pt
2026-06-28 12:55:09 - __main__ - INFO - CAM cache hit: /content/cam_cache/cifar100/resnet18/seed42/a5/9e/a59e2405ce8c4e0e5921e38ed8ab191ab139eb760b18d99307e8b64dc8e8ed30.pt
2026-06-28 12:55:09 - __main__ - INFO - CAM cutout window: index=16738 copy=8 cutout_mode=cam_low top=0 left=4 height=10 width=10
2026-06-28 12:55:09 - __main__ - INFO - CAM cache hit: /content/cam_cache/cifar100/resnet18/seed42/5f/28/5f28d42102af2121d3b6f40ef9cd3ec392fe2871bfc7d8f455d542b3a5011318.pt
2026-06-28 12:55:09 - __main__ - INFO - CAM cutout window: index=22973 copy=3 cutout_mode=cam_low top=0 left=21 height=10 width=10
2026-06-28 12:55:09 - __main__ - INFO - CAM cache hit: /content/cam_cache/cifar100/resnet18/seed42/3c/ba/3cba793d83c3fd87ab884f22c60925585ba6b9a9ca2a1b5ffa5f95be6076d7a0.pt
2026-06-28 12:55:09 - __main__ - INFO - CAM cutout window: index=7331 copy=3 cutout_mode=cam_low top=2 left=4 height=10 width=10
2026-06-28 12:55:09 - __main__ - INFO - CAM cutout window: index=32944 copy=4 cutout_mode=cam_low top=22 left=19 height=10 width=10
2026-06-28 12:55:09 - __main__ - INFO - CAM cache hit: /content/cam_cache/cifar100/resnet18/seed42/a5/a0/a5a0ca11e9462acbda7fed3c2a1fa8548d1ff18c7a3370e86b7146442a6ba56e.pt
2026-06-28 12:55:09 - __main__ - INFO - CAM cache hit: /content/cam_cache/cifar100/resnet18/seed42/98/be/98be66dd8420f2863dcb5bfba618270c9255ae392f196ef409e1f4828bf15409.pt
2026-06-28 12:55:09 - __main__ - INFO - CAM cutout window: index=38883 copy=5 cutout_mode=cam_low top=4 left=2 height=10 width=10
2026-06-28 12:55:09 - __main__ - INFO - CAM cutout window: index=42644 copy=5 cutout_mode=cam_low top=2 left=3 height=10 width=10
2026-06-28 12:55:09 - __main__ - INFO - CAM cache hit: /content/cam_cache/cifar100/resnet18/seed42/24/5e/245ee931934e13a672ddd2cddf2e068373a00fa22377abb7f9870a2686bfa948.pt
2026-06-28 12:55:09 - __main__ - INFO - CAM cutout window: index=28911 copy=5 cutout_mode=cam_low top=0 left=18 height=10 width=10
2026-06-28 12:55:09 - __main__ - INFO - CAM cache hit: /content/cam_cache/cifar100/resnet18/seed42/13/39/1339b8ba1ba4e5d410eb6c74931ebf8c5d27e2b9feb680a6ce1f87c186def1e5.pt
2026-06-28 12:55:09 - __main__ - INFO - CAM cutout window: index=35482 copy=8 cutout_mode=cam_low top=22 left=5 height=10 width=10
2026-06-28 12:57:13 - __main__ - INFO - Train: loss 0.0067 acc1 99.99%
2026-06-28 12:57:13 - __main__ - INFO - Val:   loss 1.8598 acc1 61.42%
2026-06-28 12:57:13 - __main__ - INFO - 
Epoch 99/100 | lr 0.000119
2026-06-28 12:57:13 - __main__ - INFO - CAM cache hit: /content/cam_cache/cifar100/resnet18/seed42/81/76/8176dd20fd816dbdbbd56451926a50b66341f7df58480eb751b7d512962055e3.pt
2026-06-28 12:57:13 - __main__ - INFO - CAM cache hit: /content/cam_cache/cifar100/resnet18/seed42/63/99/6399a661fcafc7ba7915d3a48f6d9a51f5bbdc117894063d11480e2a4fbf5a7b.pt
2026-06-28 12:57:13 - __main__ - INFO - CAM cache hit: /content/cam_cache/cifar100/resnet18/seed42/dd/52/dd526aa7283504c97a49cc8637041399738370ed4ee255562e280ecd654ac052.pt
2026-06-28 12:57:13 - __main__ - INFO - CAM cutout window: index=18888 copy=1 cutout_mode=cam_low top=2 left=5 height=10 width=10
2026-06-28 12:57:13 - __main__ - INFO - CAM cutout window: index=32753 copy=4 cutout_mode=cam_low top=22 left=19 height=10 width=10
2026-06-28 12:57:13 - __main__ - INFO - CAM cutout window: index=19094 copy=3 cutout_mode=cam_low top=15 left=0 height=10 width=10
2026-06-28 12:57:13 - __main__ - INFO - CAM cache hit: /content/cam_cache/cifar100/resnet18/seed42/f7/a6/f7a64a594f7b95613bedd3498864e96ada5596d812bd064dd89e1724f9bab173.pt
2026-06-28 12:57:13 - __main__ - INFO - CAM cutout window: index=15271 copy=5 cutout_mode=cam_low top=0 left=1 height=10 width=10
2026-06-28 12:57:13 - __main__ - INFO - CAM cache hit: /content/cam_cache/cifar100/resnet18/seed42/23/04/2304921235c48f2ebf977fb4272db8d95e8be455c7ce89086b14580891d9e7d3.pt
2026-06-28 12:57:13 - __main__ - INFO - CAM cache hit: /content/cam_cache/cifar100/resnet18/seed42/3d/72/3d722e127e771250a2e6f5696c278c96fa916870be8c74c1ff5603cccc073e0c.pt
2026-06-28 12:57:13 - __main__ - INFO - CAM cutout window: index=27754 copy=3 cutout_mode=cam_low top=17 left=22 height=10 width=10
2026-06-28 12:57:13 - __main__ - INFO - CAM cutout window: index=9527 copy=3 cutout_mode=cam_low top=6 left=22 height=10 width=10
2026-06-28 12:57:13 - __main__ - INFO - CAM cache hit: /content/cam_cache/cifar100/resnet18/seed42/56/a7/56a7f229afbcc73085471c69a5dc702e3f831bcb8649a19bcd239494fb3aecda.pt
2026-06-28 12:57:13 - __main__ - INFO - CAM cache hit: /content/cam_cache/cifar100/resnet18/seed42/39/ab/39ab3207e4f2bdb1dcba850b2a39f66873c2b5edf9c2cb476ebdd944ca41a072.pt
2026-06-28 12:57:13 - __main__ - INFO - CAM cutout window: index=829 copy=4 cutout_mode=cam_low top=22 left=10 height=10 width=10
2026-06-28 12:57:13 - __main__ - INFO - CAM cutout window: index=2746 copy=6 cutout_mode=cam_low top=22 left=5 height=10 width=10
2026-06-28 12:59:16 - __main__ - INFO - Train: loss 0.0067 acc1 99.99%
2026-06-28 12:59:16 - __main__ - INFO - Val:   loss 1.8588 acc1 61.30%
2026-06-28 12:59:16 - __main__ - INFO - 
Epoch 100/100 | lr 0.000037
2026-06-28 12:59:16 - __main__ - INFO - CAM cache hit: /content/cam_cache/cifar100/resnet18/seed42/b3/e1/b3e1769ffc1fa45b25d1ee26bf78acd811717d482fe45b5c71443c79254836ca.pt
2026-06-28 12:59:16 - __main__ - INFO - CAM cache hit: /content/cam_cache/cifar100/resnet18/seed42/e6/33/e633430e077ab4685d02d68d09223799104e3c6c34b6a520fa154b499af56332.pt
2026-06-28 12:59:16 - __main__ - INFO - CAM cache hit: /content/cam_cache/cifar100/resnet18/seed42/e9/44/e94421f8fe2ef9d6ba7f9fd2d9e400e1fbb709c5ebbeb79da0c21132f6475f17.pt
2026-06-28 12:59:16 - __main__ - INFO - CAM cache hit: /content/cam_cache/cifar100/resnet18/seed42/8e/b5/8eb5bfeb1b9df28d202c154005334acb8a8ef1d95ce9e4c83a368337ca8a909d.pt
2026-06-28 12:59:16 - __main__ - INFO - CAM cutout window: index=10663 copy=3 cutout_mode=cam_low top=15 left=0 height=10 width=10
2026-06-28 12:59:16 - __main__ - INFO - CAM cutout window: index=6703 copy=7 cutout_mode=cam_low top=21 left=4 height=10 width=10
2026-06-28 12:59:16 - __main__ - INFO - CAM cutout window: index=13007 copy=2 cutout_mode=cam_low top=22 left=4 height=10 width=10
2026-06-28 12:59:16 - __main__ - INFO - CAM cutout window: index=12696 copy=4 cutout_mode=cam_low top=2 left=2 height=10 width=10
2026-06-28 12:59:16 - __main__ - INFO - CAM cache hit: /content/cam_cache/cifar100/resnet18/seed42/75/5a/755a6deea5270513db44acd87f07bd80a035925639587a0dd43e9cfec5ab3e87.pt
2026-06-28 12:59:16 - __main__ - INFO - CAM cache hit: /content/cam_cache/cifar100/resnet18/seed42/ac/44/ac44d1fb9fde65dd6930d2fca0bdf14a48a0077ae8adb29bd3757bdbb629d1f1.pt
2026-06-28 12:59:16 - __main__ - INFO - CAM cache hit: /content/cam_cache/cifar100/resnet18/seed42/00/8f/008f6ecb8dbaf399610e56c7b5d954854c7711c3a972bf046be05b309431c606.pt
2026-06-28 12:59:16 - __main__ - INFO - CAM cutout window: index=42807 copy=4 cutout_mode=cam_low top=21 left=1 height=10 width=10
2026-06-28 12:59:16 - __main__ - INFO - CAM cutout window: index=13902 copy=2 cutout_mode=cam_low top=22 left=1 height=10 width=10
2026-06-28 12:59:16 - __main__ - INFO - CAM cache hit: /content/cam_cache/cifar100/resnet18/seed42/43/3c/433cb3d232bfaa231ba1701dca6f3d6238f728311e2f12426ee8cee6f0a420de.pt
2026-06-28 12:59:16 - __main__ - INFO - CAM cutout window: index=32730 copy=5 cutout_mode=cam_low top=1 left=3 height=10 width=10
2026-06-28 12:59:16 - __main__ - INFO - CAM cutout window: index=33378 copy=8 cutout_mode=cam_low top=8 left=1 height=10 width=10
2026-06-28 13:01:19 - __main__ - INFO - Train: loss 0.0066 acc1 99.99%
2026-06-28 13:01:19 - __main__ - INFO - Val:   loss 1.8563 acc1 61.48%
2026-06-28 13:01:19 - __main__ - INFO - Loaded best checkpoint weights for final test evaluation.
2026-06-28 13:01:20 - __main__ - INFO - 
Best tracked (val): 62.64%
2026-06-28 13:01:20 - __main__ - INFO - Final test: loss 1.6756 acc1 62.19%
2026-06-28 13:01:20 - __main__ - INFO - Saved best model checkpoint to runs/cifar100/resnet18/42/resnet18_seed42_cam_low_M8_area0.1/best_model.pt
