2026-04-07 02:01:01 - __main__ - INFO - Comparison pipeline | device=cuda | out_dir=./runs/tiny_imagenet_2026_04/07 | args={"adamw_betas": [0.9, 0.999], "adamw_eps": 1e-08, "amp": false, "batch_size": 128, "cam_layer": "auto", "config": "/content/CAMRegularization/configs.json", "data_dir": "./data", "dataset": "tiny_imagenet", "enable_random_control": true, "enable_shuffled_cam_control": true, "epochs": 100, "gamma": 0.1, "input_models": ["resnet18"], "label_smoothing": 0.0, "log_every": 100, "lr": 0.1, "milestones": "60,80", "min_lr": 1e-05, "momentum": 0.9, "nesterov": false, "num_workers": 2, "optimizer": "sgd", "out_dir": "./runs/tiny_imagenet_2026_04/07", "output_models": ["efficientnet_b0", "vgg16_bn"], "run_name": "", "scheduler": "cosine", "seed": 42, "threshold": 0.15, "val_split": 0.1, "warmup_epochs": 5, "weight_decay": 0.0005}
2026-04-07 02:01:01 - __main__ - INFO - Enabled variants: ['original', 'low_saliency', 'random_sparsity', 'shuffled_cam_low_saliency']
2026-04-07 02:01:01 - __main__ - INFO - 
============================================================
2026-04-07 02:01:01 - __main__ - INFO - Training input model: resnet18
2026-04-07 02:01:01 - __main__ - INFO -   Resolved config → opt=sgd, lr=0.1, wd=0.0005, bs=128, epochs=100, scheduler=cosine, warmup=5
2026-04-07 02:01:01 - __main__ - INFO - ============================================================
2026-04-07 02:01:01 - __main__ - INFO - device: cuda | cuda: True | gpu: NVIDIA L4
2026-04-07 02:01:37 - __main__ - INFO - Model: resnet18 | Dataset: tiny_imagenet | Classes: 200 | Optimizer: sgd
2026-04-07 02:01:37 - __main__ - INFO - 
Epoch 1/100 | lr 0.000100
2026-04-07 02:02:54 - __main__ - INFO - Train: loss 5.3345 acc1 0.89%
2026-04-07 02:02:54 - __main__ - INFO - Val:   loss 5.2760 acc1 1.27%
2026-04-07 02:02:54 - __main__ - INFO - saved best: 1.27%
2026-04-07 02:02:54 - __main__ - INFO - 
Epoch 2/100 | lr 0.020080
2026-04-07 02:04:11 - __main__ - INFO - Train: loss 4.3604 acc1 9.37%
2026-04-07 02:04:11 - __main__ - INFO - Val:   loss 4.5303 acc1 9.68%
2026-04-07 02:04:11 - __main__ - INFO - saved best: 9.68%
2026-04-07 02:04:11 - __main__ - INFO - 
Epoch 3/100 | lr 0.040060
2026-04-07 02:05:27 - __main__ - INFO - Train: loss 3.5969 acc1 19.38%
2026-04-07 02:05:27 - __main__ - INFO - Val:   loss 3.8460 acc1 17.67%
2026-04-07 02:05:27 - __main__ - INFO - saved best: 17.67%
2026-04-07 02:05:27 - __main__ - INFO - 
Epoch 4/100 | lr 0.060040
2026-04-07 02:06:45 - __main__ - INFO - Train: loss 3.1649 acc1 26.61%
2026-04-07 02:06:45 - __main__ - INFO - Val:   loss 3.8204 acc1 19.18%
2026-04-07 02:06:45 - __main__ - INFO - saved best: 19.18%
2026-04-07 02:06:45 - __main__ - INFO - 
Epoch 5/100 | lr 0.080020
2026-04-07 02:08:02 - __main__ - INFO - Train: loss 2.8998 acc1 31.70%
2026-04-07 02:08:02 - __main__ - INFO - Val:   loss 3.5673 acc1 23.18%
2026-04-07 02:08:02 - __main__ - INFO - saved best: 23.18%
2026-04-07 02:08:02 - __main__ - INFO - 
Epoch 6/100 | lr 0.100000
2026-04-07 02:09:19 - __main__ - INFO - Train: loss 2.7304 acc1 34.88%
2026-04-07 02:09:19 - __main__ - INFO - Val:   loss 3.8768 acc1 22.55%
2026-04-07 02:09:19 - __main__ - INFO - 
Epoch 7/100 | lr 0.099973
2026-04-07 02:10:37 - __main__ - INFO - Train: loss 2.5591 acc1 38.41%
2026-04-07 02:10:37 - __main__ - INFO - Val:   loss 3.3046 acc1 28.63%
2026-04-07 02:10:37 - __main__ - INFO - saved best: 28.63%
2026-04-07 02:10:37 - __main__ - INFO - 
Epoch 8/100 | lr 0.099891
2026-04-07 02:11:54 - __main__ - INFO - Train: loss 2.4406 acc1 40.98%
2026-04-07 02:11:54 - __main__ - INFO - Val:   loss 3.6046 acc1 24.11%
2026-04-07 02:11:54 - __main__ - INFO - 
Epoch 9/100 | lr 0.099754
2026-04-07 02:13:11 - __main__ - INFO - Train: loss 2.3555 acc1 42.59%
2026-04-07 02:13:11 - __main__ - INFO - Val:   loss 3.2716 acc1 30.80%
2026-04-07 02:13:11 - __main__ - INFO - saved best: 30.80%
2026-04-07 02:13:11 - __main__ - INFO - 
Epoch 10/100 | lr 0.099563
2026-04-07 02:14:29 - __main__ - INFO - Train: loss 2.2780 acc1 44.29%
2026-04-07 02:14:29 - __main__ - INFO - Val:   loss 3.9722 acc1 22.37%
2026-04-07 02:14:29 - __main__ - INFO - 
Epoch 11/100 | lr 0.099318
2026-04-07 02:15:46 - __main__ - INFO - Train: loss 2.2292 acc1 45.31%
2026-04-07 02:15:46 - __main__ - INFO - Val:   loss 3.0775 acc1 32.84%
2026-04-07 02:15:46 - __main__ - INFO - saved best: 32.84%
2026-04-07 02:15:46 - __main__ - INFO - 
Epoch 12/100 | lr 0.099019
2026-04-07 02:17:04 - __main__ - INFO - Train: loss 2.1809 acc1 46.42%
2026-04-07 02:17:04 - __main__ - INFO - Val:   loss 2.7542 acc1 36.62%
2026-04-07 02:17:04 - __main__ - INFO - saved best: 36.62%
2026-04-07 02:17:04 - __main__ - INFO - 
Epoch 13/100 | lr 0.098666
2026-04-07 02:18:21 - __main__ - INFO - Train: loss 2.1357 acc1 47.50%
2026-04-07 02:18:21 - __main__ - INFO - Val:   loss 3.1525 acc1 31.93%
2026-04-07 02:18:21 - __main__ - INFO - 
Epoch 14/100 | lr 0.098261
2026-04-07 02:19:38 - __main__ - INFO - Train: loss 2.1013 acc1 48.16%
2026-04-07 02:19:38 - __main__ - INFO - Val:   loss 2.7565 acc1 38.73%
2026-04-07 02:19:38 - __main__ - INFO - saved best: 38.73%
2026-04-07 02:19:38 - __main__ - INFO - 
Epoch 15/100 | lr 0.097802
2026-04-07 02:20:55 - __main__ - INFO - Train: loss 2.0680 acc1 48.84%
2026-04-07 02:20:55 - __main__ - INFO - Val:   loss 2.3262 acc1 44.99%
2026-04-07 02:20:55 - __main__ - INFO - saved best: 44.99%
2026-04-07 02:20:55 - __main__ - INFO - 
Epoch 16/100 | lr 0.097291
2026-04-07 02:22:13 - __main__ - INFO - Train: loss 2.0317 acc1 49.72%
2026-04-07 02:22:13 - __main__ - INFO - Val:   loss 3.0964 acc1 31.78%
2026-04-07 02:22:13 - __main__ - INFO - 
Epoch 17/100 | lr 0.096729
2026-04-07 02:23:30 - __main__ - INFO - Train: loss 2.0171 acc1 50.00%
2026-04-07 02:23:30 - __main__ - INFO - Val:   loss 3.3350 acc1 30.90%
2026-04-07 02:23:30 - __main__ - INFO - 
Epoch 18/100 | lr 0.096115
2026-04-07 02:24:48 - __main__ - INFO - Train: loss 1.9860 acc1 50.77%
2026-04-07 02:24:48 - __main__ - INFO - Val:   loss 2.8854 acc1 37.15%
2026-04-07 02:24:48 - __main__ - INFO - 
Epoch 19/100 | lr 0.095451
2026-04-07 02:26:05 - __main__ - INFO - Train: loss 1.9629 acc1 51.39%
2026-04-07 02:26:05 - __main__ - INFO - Val:   loss 2.9246 acc1 36.84%
2026-04-07 02:26:05 - __main__ - INFO - 
Epoch 20/100 | lr 0.094737
2026-04-07 02:27:23 - __main__ - INFO - Train: loss 1.9416 acc1 51.60%
2026-04-07 02:27:23 - __main__ - INFO - Val:   loss 2.7674 acc1 38.16%
2026-04-07 02:27:23 - __main__ - INFO - 
Epoch 21/100 | lr 0.093974
2026-04-07 02:28:40 - __main__ - INFO - Train: loss 1.9280 acc1 52.09%
2026-04-07 02:28:40 - __main__ - INFO - Val:   loss 2.5714 acc1 41.11%
2026-04-07 02:28:40 - __main__ - INFO - 
Epoch 22/100 | lr 0.093164
2026-04-07 02:29:57 - __main__ - INFO - Train: loss 1.9104 acc1 52.41%
2026-04-07 02:29:57 - __main__ - INFO - Val:   loss 2.5095 acc1 42.26%
2026-04-07 02:29:57 - __main__ - INFO - 
Epoch 23/100 | lr 0.092306
2026-04-07 02:31:14 - __main__ - INFO - Train: loss 1.8924 acc1 52.65%
2026-04-07 02:31:14 - __main__ - INFO - Val:   loss 2.9466 acc1 36.37%
2026-04-07 02:31:14 - __main__ - INFO - 
Epoch 24/100 | lr 0.091401
2026-04-07 02:32:31 - __main__ - INFO - Train: loss 1.8715 acc1 53.15%
2026-04-07 02:32:31 - __main__ - INFO - Val:   loss 2.5737 acc1 40.83%
2026-04-07 02:32:31 - __main__ - INFO - 
Epoch 25/100 | lr 0.090452
2026-04-07 02:33:48 - __main__ - INFO - Train: loss 1.8615 acc1 53.54%
2026-04-07 02:33:48 - __main__ - INFO - Val:   loss 2.7665 acc1 36.96%
2026-04-07 02:33:48 - __main__ - INFO - 
Epoch 26/100 | lr 0.089458
2026-04-07 02:35:06 - __main__ - INFO - Train: loss 1.8411 acc1 53.92%
2026-04-07 02:35:06 - __main__ - INFO - Val:   loss 3.0774 acc1 36.81%
2026-04-07 02:35:06 - __main__ - INFO - 
Epoch 27/100 | lr 0.088421
2026-04-07 02:36:23 - __main__ - INFO - Train: loss 1.8264 acc1 54.23%
2026-04-07 02:36:23 - __main__ - INFO - Val:   loss 2.9312 acc1 37.05%
2026-04-07 02:36:23 - __main__ - INFO - 
Epoch 28/100 | lr 0.087342
2026-04-07 02:37:40 - __main__ - INFO - Train: loss 1.8119 acc1 54.65%
2026-04-07 02:37:40 - __main__ - INFO - Val:   loss 2.7699 acc1 39.09%
2026-04-07 02:37:40 - __main__ - INFO - 
Epoch 29/100 | lr 0.086223
2026-04-07 02:38:58 - __main__ - INFO - Train: loss 1.7927 acc1 55.18%
2026-04-07 02:38:58 - __main__ - INFO - Val:   loss 2.7347 acc1 39.08%
2026-04-07 02:38:58 - __main__ - INFO - 
Epoch 30/100 | lr 0.085063
2026-04-07 02:40:15 - __main__ - INFO - Train: loss 1.7743 acc1 55.39%
2026-04-07 02:40:15 - __main__ - INFO - Val:   loss 3.1425 acc1 33.83%
2026-04-07 02:40:15 - __main__ - INFO - 
Epoch 31/100 | lr 0.083866
2026-04-07 02:41:32 - __main__ - INFO - Train: loss 1.7561 acc1 55.85%
2026-04-07 02:41:32 - __main__ - INFO - Val:   loss 2.4275 acc1 44.90%
2026-04-07 02:41:32 - __main__ - INFO - 
Epoch 32/100 | lr 0.082631
2026-04-07 02:42:49 - __main__ - INFO - Train: loss 1.7373 acc1 56.41%
2026-04-07 02:42:49 - __main__ - INFO - Val:   loss 2.4739 acc1 42.65%
2026-04-07 02:42:49 - __main__ - INFO - 
Epoch 33/100 | lr 0.081361
2026-04-07 02:44:07 - __main__ - INFO - Train: loss 1.7297 acc1 56.11%
2026-04-07 02:44:07 - __main__ - INFO - Val:   loss 2.7571 acc1 39.27%
2026-04-07 02:44:07 - __main__ - INFO - 
Epoch 34/100 | lr 0.080056
2026-04-07 02:45:24 - __main__ - INFO - Train: loss 1.7086 acc1 57.05%
2026-04-07 02:45:24 - __main__ - INFO - Val:   loss 2.2638 acc1 47.22%
2026-04-07 02:45:24 - __main__ - INFO - saved best: 47.22%
2026-04-07 02:45:24 - __main__ - INFO - 
Epoch 35/100 | lr 0.078719
2026-04-07 02:46:41 - __main__ - INFO - Train: loss 1.6888 acc1 57.33%
2026-04-07 02:46:41 - __main__ - INFO - Val:   loss 2.5270 acc1 42.68%
2026-04-07 02:46:41 - __main__ - INFO - 
Epoch 36/100 | lr 0.077350
2026-04-07 02:47:58 - __main__ - INFO - Train: loss 1.6704 acc1 57.60%
2026-04-07 02:47:58 - __main__ - INFO - Val:   loss 2.5801 acc1 42.43%
2026-04-07 02:47:58 - __main__ - INFO - 
Epoch 37/100 | lr 0.075951
2026-04-07 02:49:15 - __main__ - INFO - Train: loss 1.6551 acc1 58.00%
2026-04-07 02:49:15 - __main__ - INFO - Val:   loss 2.3849 acc1 45.17%
2026-04-07 02:49:15 - __main__ - INFO - 
Epoch 38/100 | lr 0.074524
2026-04-07 02:50:33 - __main__ - INFO - Train: loss 1.6311 acc1 58.53%
2026-04-07 02:50:33 - __main__ - INFO - Val:   loss 2.3604 acc1 45.99%
2026-04-07 02:50:33 - __main__ - INFO - 
Epoch 39/100 | lr 0.073070
2026-04-07 02:51:50 - __main__ - INFO - Train: loss 1.6122 acc1 58.91%
2026-04-07 02:51:50 - __main__ - INFO - Val:   loss 2.5621 acc1 43.45%
2026-04-07 02:51:50 - __main__ - INFO - 
Epoch 40/100 | lr 0.071591
2026-04-07 02:53:07 - __main__ - INFO - Train: loss 1.5933 acc1 59.47%
2026-04-07 02:53:07 - __main__ - INFO - Val:   loss 2.4077 acc1 46.12%
2026-04-07 02:53:07 - __main__ - INFO - 
Epoch 41/100 | lr 0.070088
2026-04-07 02:54:24 - __main__ - INFO - Train: loss 1.5704 acc1 59.95%
2026-04-07 02:54:24 - __main__ - INFO - Val:   loss 2.9933 acc1 37.63%
2026-04-07 02:54:24 - __main__ - INFO - 
Epoch 42/100 | lr 0.068563
2026-04-07 02:55:41 - __main__ - INFO - Train: loss 1.5529 acc1 60.36%
2026-04-07 02:55:41 - __main__ - INFO - Val:   loss 2.4262 acc1 45.92%
2026-04-07 02:55:41 - __main__ - INFO - 
Epoch 43/100 | lr 0.067018
2026-04-07 02:56:58 - __main__ - INFO - Train: loss 1.5329 acc1 60.88%
2026-04-07 02:56:58 - __main__ - INFO - Val:   loss 2.1402 acc1 50.21%
2026-04-07 02:56:58 - __main__ - INFO - saved best: 50.21%
2026-04-07 02:56:58 - __main__ - INFO - 
Epoch 44/100 | lr 0.065454
2026-04-07 02:58:15 - __main__ - INFO - Train: loss 1.5059 acc1 61.35%
2026-04-07 02:58:15 - __main__ - INFO - Val:   loss 2.6006 acc1 42.16%
2026-04-07 02:58:15 - __main__ - INFO - 
Epoch 45/100 | lr 0.063874
2026-04-07 02:59:32 - __main__ - INFO - Train: loss 1.4872 acc1 61.90%
2026-04-07 02:59:32 - __main__ - INFO - Val:   loss 2.5196 acc1 44.61%
2026-04-07 02:59:32 - __main__ - INFO - 
Epoch 46/100 | lr 0.062278
2026-04-07 03:00:50 - __main__ - INFO - Train: loss 1.4674 acc1 62.12%
2026-04-07 03:00:50 - __main__ - INFO - Val:   loss 2.5806 acc1 45.21%
2026-04-07 03:00:50 - __main__ - INFO - 
Epoch 47/100 | lr 0.060669
2026-04-07 03:02:07 - __main__ - INFO - Train: loss 1.4509 acc1 62.83%
2026-04-07 03:02:07 - __main__ - INFO - Val:   loss 2.7245 acc1 41.92%
2026-04-07 03:02:07 - __main__ - INFO - 
Epoch 48/100 | lr 0.059048
2026-04-07 03:03:24 - __main__ - INFO - Train: loss 1.4283 acc1 63.13%
2026-04-07 03:03:24 - __main__ - INFO - Val:   loss 2.4885 acc1 44.69%
2026-04-07 03:03:24 - __main__ - INFO - 
Epoch 49/100 | lr 0.057417
2026-04-07 03:04:41 - __main__ - INFO - Train: loss 1.4016 acc1 63.70%
2026-04-07 03:04:41 - __main__ - INFO - Val:   loss 2.2966 acc1 48.48%
2026-04-07 03:04:41 - __main__ - INFO - 
Epoch 50/100 | lr 0.055779
2026-04-07 03:05:58 - __main__ - INFO - Train: loss 1.3652 acc1 64.55%
2026-04-07 03:05:58 - __main__ - INFO - Val:   loss 2.2278 acc1 49.74%
2026-04-07 03:05:58 - __main__ - INFO - 
Epoch 51/100 | lr 0.054134
2026-04-07 03:07:15 - __main__ - INFO - Train: loss 1.3429 acc1 65.01%
2026-04-07 03:07:15 - __main__ - INFO - Val:   loss 2.2459 acc1 48.96%
2026-04-07 03:07:15 - __main__ - INFO - 
Epoch 52/100 | lr 0.052484
2026-04-07 03:08:32 - __main__ - INFO - Train: loss 1.3093 acc1 65.88%
2026-04-07 03:08:32 - __main__ - INFO - Val:   loss 2.5377 acc1 45.76%
2026-04-07 03:08:32 - __main__ - INFO - 
Epoch 53/100 | lr 0.050832
2026-04-07 03:09:49 - __main__ - INFO - Train: loss 1.2906 acc1 66.23%
2026-04-07 03:09:49 - __main__ - INFO - Val:   loss 2.3132 acc1 47.03%
2026-04-07 03:09:49 - __main__ - INFO - 
Epoch 54/100 | lr 0.049178
2026-04-07 03:11:06 - __main__ - INFO - Train: loss 1.2589 acc1 67.07%
2026-04-07 03:11:06 - __main__ - INFO - Val:   loss 2.5975 acc1 45.58%
2026-04-07 03:11:06 - __main__ - INFO - 
Epoch 55/100 | lr 0.047526
2026-04-07 03:12:23 - __main__ - INFO - Train: loss 1.2209 acc1 68.02%
2026-04-07 03:12:23 - __main__ - INFO - Val:   loss 2.3379 acc1 48.15%
2026-04-07 03:12:23 - __main__ - INFO - 
Epoch 56/100 | lr 0.045876
2026-04-07 03:13:41 - __main__ - INFO - Train: loss 1.1981 acc1 68.56%
2026-04-07 03:13:41 - __main__ - INFO - Val:   loss 2.1895 acc1 49.79%
2026-04-07 03:13:41 - __main__ - INFO - 
Epoch 57/100 | lr 0.044231
2026-04-07 03:14:58 - __main__ - INFO - Train: loss 1.1639 acc1 69.34%
2026-04-07 03:14:58 - __main__ - INFO - Val:   loss 2.3896 acc1 48.11%
2026-04-07 03:14:58 - __main__ - INFO - 
Epoch 58/100 | lr 0.042593
2026-04-07 03:16:15 - __main__ - INFO - Train: loss 1.1331 acc1 69.97%
2026-04-07 03:16:15 - __main__ - INFO - Val:   loss 2.2766 acc1 50.21%
2026-04-07 03:16:15 - __main__ - INFO - saved best: 50.21%
2026-04-07 03:16:15 - __main__ - INFO - 
Epoch 59/100 | lr 0.040962
2026-04-07 03:17:32 - __main__ - INFO - Train: loss 1.0908 acc1 70.90%
2026-04-07 03:17:32 - __main__ - INFO - Val:   loss 2.4123 acc1 47.41%
2026-04-07 03:17:32 - __main__ - INFO - 
Epoch 60/100 | lr 0.039341
2026-04-07 03:18:49 - __main__ - INFO - Train: loss 1.0620 acc1 71.78%
2026-04-07 03:18:49 - __main__ - INFO - Val:   loss 2.1151 acc1 52.33%
2026-04-07 03:18:49 - __main__ - INFO - saved best: 52.33%
2026-04-07 03:18:49 - __main__ - INFO - 
Epoch 61/100 | lr 0.037732
2026-04-07 03:20:06 - __main__ - INFO - Train: loss 1.0217 acc1 72.47%
2026-04-07 03:20:06 - __main__ - INFO - Val:   loss 2.4274 acc1 47.87%
2026-04-07 03:20:06 - __main__ - INFO - 
Epoch 62/100 | lr 0.036136
2026-04-07 03:21:23 - __main__ - INFO - Train: loss 0.9752 acc1 73.70%
2026-04-07 03:21:23 - __main__ - INFO - Val:   loss 2.5154 acc1 48.96%
2026-04-07 03:21:23 - __main__ - INFO - 
Epoch 63/100 | lr 0.034556
2026-04-07 03:22:39 - __main__ - INFO - Train: loss 0.9450 acc1 74.57%
2026-04-07 03:22:39 - __main__ - INFO - Val:   loss 2.1579 acc1 53.00%
2026-04-07 03:22:39 - __main__ - INFO - saved best: 53.00%
2026-04-07 03:22:39 - __main__ - INFO - 
Epoch 64/100 | lr 0.032992
2026-04-07 03:23:57 - __main__ - INFO - Train: loss 0.9023 acc1 75.71%
2026-04-07 03:23:57 - __main__ - INFO - Val:   loss 2.1523 acc1 53.99%
2026-04-07 03:23:57 - __main__ - INFO - saved best: 53.99%
2026-04-07 03:23:57 - __main__ - INFO - 
Epoch 65/100 | lr 0.031447
2026-04-07 03:25:14 - __main__ - INFO - Train: loss 0.8506 acc1 77.04%
2026-04-07 03:25:14 - __main__ - INFO - Val:   loss 2.1674 acc1 52.89%
2026-04-07 03:25:14 - __main__ - INFO - 
Epoch 66/100 | lr 0.029922
2026-04-07 03:26:31 - __main__ - INFO - Train: loss 0.8145 acc1 78.12%
2026-04-07 03:26:31 - __main__ - INFO - Val:   loss 2.3456 acc1 50.32%
2026-04-07 03:26:31 - __main__ - INFO - 
Epoch 67/100 | lr 0.028419
2026-04-07 03:27:48 - __main__ - INFO - Train: loss 0.7692 acc1 79.18%
2026-04-07 03:27:48 - __main__ - INFO - Val:   loss 2.0872 acc1 55.24%
2026-04-07 03:27:48 - __main__ - INFO - saved best: 55.24%
2026-04-07 03:27:48 - __main__ - INFO - 
Epoch 68/100 | lr 0.026940
2026-04-07 03:29:05 - __main__ - INFO - Train: loss 0.7142 acc1 80.68%
2026-04-07 03:29:05 - __main__ - INFO - Val:   loss 2.0865 acc1 54.36%
2026-04-07 03:29:05 - __main__ - INFO - 
Epoch 69/100 | lr 0.025486
2026-04-07 03:30:23 - __main__ - INFO - Train: loss 0.6776 acc1 81.54%
2026-04-07 03:30:23 - __main__ - INFO - Val:   loss 2.0519 acc1 54.41%
2026-04-07 03:30:23 - __main__ - INFO - 
Epoch 70/100 | lr 0.024059
2026-04-07 03:31:40 - __main__ - INFO - Train: loss 0.6334 acc1 82.76%
2026-04-07 03:31:40 - __main__ - INFO - Val:   loss 2.1193 acc1 55.21%
2026-04-07 03:31:40 - __main__ - INFO - 
Epoch 71/100 | lr 0.022660
2026-04-07 03:32:57 - __main__ - INFO - Train: loss 0.5838 acc1 84.23%
2026-04-07 03:32:57 - __main__ - INFO - Val:   loss 2.1579 acc1 53.93%
2026-04-07 03:32:57 - __main__ - INFO - 
Epoch 72/100 | lr 0.021291
2026-04-07 03:34:15 - __main__ - INFO - Train: loss 0.5257 acc1 85.80%
2026-04-07 03:34:15 - __main__ - INFO - Val:   loss 2.1191 acc1 55.40%
2026-04-07 03:34:15 - __main__ - INFO - saved best: 55.40%
2026-04-07 03:34:15 - __main__ - INFO - 
Epoch 73/100 | lr 0.019954
2026-04-07 03:35:32 - __main__ - INFO - Train: loss 0.4669 acc1 87.61%
2026-04-07 03:35:32 - __main__ - INFO - Val:   loss 2.0078 acc1 57.55%
2026-04-07 03:35:32 - __main__ - INFO - saved best: 57.55%
2026-04-07 03:35:32 - __main__ - INFO - 
Epoch 74/100 | lr 0.018649
2026-04-07 03:36:49 - __main__ - INFO - Train: loss 0.4055 acc1 89.42%
2026-04-07 03:36:49 - __main__ - INFO - Val:   loss 2.1794 acc1 55.49%
2026-04-07 03:36:49 - __main__ - INFO - 
Epoch 75/100 | lr 0.017379
2026-04-07 03:38:06 - __main__ - INFO - Train: loss 0.3698 acc1 90.57%
2026-04-07 03:38:06 - __main__ - INFO - Val:   loss 2.1270 acc1 56.04%
2026-04-07 03:38:06 - __main__ - INFO - 
Epoch 76/100 | lr 0.016144
2026-04-07 03:39:23 - __main__ - INFO - Train: loss 0.3248 acc1 91.91%
2026-04-07 03:39:23 - __main__ - INFO - Val:   loss 2.0578 acc1 56.99%
2026-04-07 03:39:23 - __main__ - INFO - 
Epoch 77/100 | lr 0.014947
2026-04-07 03:40:40 - __main__ - INFO - Train: loss 0.2729 acc1 93.49%
2026-04-07 03:40:40 - __main__ - INFO - Val:   loss 1.9728 acc1 58.41%
2026-04-07 03:40:40 - __main__ - INFO - saved best: 58.41%
2026-04-07 03:40:40 - __main__ - INFO - 
Epoch 78/100 | lr 0.013787
2026-04-07 03:41:58 - __main__ - INFO - Train: loss 0.2244 acc1 95.04%
2026-04-07 03:41:58 - __main__ - INFO - Val:   loss 1.9337 acc1 60.56%
2026-04-07 03:41:58 - __main__ - INFO - saved best: 60.56%
2026-04-07 03:41:58 - __main__ - INFO - 
Epoch 79/100 | lr 0.012668
2026-04-07 03:43:15 - __main__ - INFO - Train: loss 0.1792 acc1 96.44%
2026-04-07 03:43:15 - __main__ - INFO - Val:   loss 1.8893 acc1 60.35%
2026-04-07 03:43:15 - __main__ - INFO - 
Epoch 80/100 | lr 0.011589
2026-04-07 03:44:32 - __main__ - INFO - Train: loss 0.1417 acc1 97.54%
2026-04-07 03:44:32 - __main__ - INFO - Val:   loss 1.8340 acc1 60.70%
2026-04-07 03:44:32 - __main__ - INFO - saved best: 60.70%
2026-04-07 03:44:32 - __main__ - INFO - 
Epoch 81/100 | lr 0.010552
2026-04-07 03:45:49 - __main__ - INFO - Train: loss 0.1138 acc1 98.21%
2026-04-07 03:45:49 - __main__ - INFO - Val:   loss 1.7712 acc1 62.45%
2026-04-07 03:45:49 - __main__ - INFO - saved best: 62.45%
2026-04-07 03:45:49 - __main__ - INFO - 
Epoch 82/100 | lr 0.009558
2026-04-07 03:47:06 - __main__ - INFO - Train: loss 0.0873 acc1 98.98%
2026-04-07 03:47:06 - __main__ - INFO - Val:   loss 1.7198 acc1 62.39%
2026-04-07 03:47:06 - __main__ - INFO - 
Epoch 83/100 | lr 0.008609
2026-04-07 03:48:24 - __main__ - INFO - Train: loss 0.0689 acc1 99.34%
2026-04-07 03:48:24 - __main__ - INFO - Val:   loss 1.7127 acc1 63.10%
2026-04-07 03:48:24 - __main__ - INFO - saved best: 63.10%
2026-04-07 03:48:24 - __main__ - INFO - 
Epoch 84/100 | lr 0.007704
2026-04-07 03:49:41 - __main__ - INFO - Train: loss 0.0594 acc1 99.53%
2026-04-07 03:49:41 - __main__ - INFO - Val:   loss 1.6823 acc1 63.53%
2026-04-07 03:49:41 - __main__ - INFO - saved best: 63.53%
2026-04-07 03:49:41 - __main__ - INFO - 
Epoch 85/100 | lr 0.006846
2026-04-07 03:50:58 - __main__ - INFO - Train: loss 0.0485 acc1 99.72%
2026-04-07 03:50:58 - __main__ - INFO - Val:   loss 1.6387 acc1 64.00%
2026-04-07 03:50:58 - __main__ - INFO - saved best: 64.00%
2026-04-07 03:50:58 - __main__ - INFO - 
Epoch 86/100 | lr 0.006036
2026-04-07 03:52:15 - __main__ - INFO - Train: loss 0.0425 acc1 99.80%
2026-04-07 03:52:15 - __main__ - INFO - Val:   loss 1.6282 acc1 64.38%
2026-04-07 03:52:15 - __main__ - INFO - saved best: 64.38%
2026-04-07 03:52:15 - __main__ - INFO - 
Epoch 87/100 | lr 0.005273
2026-04-07 03:53:33 - __main__ - INFO - Train: loss 0.0386 acc1 99.86%
2026-04-07 03:53:33 - __main__ - INFO - Val:   loss 1.6050 acc1 64.31%
2026-04-07 03:53:33 - __main__ - INFO - 
Epoch 88/100 | lr 0.004559
2026-04-07 03:54:50 - __main__ - INFO - Train: loss 0.0358 acc1 99.90%
2026-04-07 03:54:50 - __main__ - INFO - Val:   loss 1.5909 acc1 64.84%
2026-04-07 03:54:50 - __main__ - INFO - saved best: 64.84%
2026-04-07 03:54:50 - __main__ - INFO - 
Epoch 89/100 | lr 0.003895
2026-04-07 03:56:07 - __main__ - INFO - Train: loss 0.0334 acc1 99.93%
2026-04-07 03:56:07 - __main__ - INFO - Val:   loss 1.5836 acc1 65.12%
2026-04-07 03:56:07 - __main__ - INFO - saved best: 65.12%
2026-04-07 03:56:07 - __main__ - INFO - 
Epoch 90/100 | lr 0.003281
2026-04-07 03:57:24 - __main__ - INFO - Train: loss 0.0313 acc1 99.94%
2026-04-07 03:57:24 - __main__ - INFO - Val:   loss 1.5806 acc1 64.92%
2026-04-07 03:57:24 - __main__ - INFO - 
Epoch 91/100 | lr 0.002719
2026-04-07 03:58:42 - __main__ - INFO - Train: loss 0.0302 acc1 99.95%
2026-04-07 03:58:42 - __main__ - INFO - Val:   loss 1.5699 acc1 64.77%
2026-04-07 03:58:42 - __main__ - INFO - 
Epoch 92/100 | lr 0.002208
2026-04-07 03:59:59 - __main__ - INFO - Train: loss 0.0294 acc1 99.95%
2026-04-07 03:59:59 - __main__ - INFO - Val:   loss 1.5653 acc1 65.43%
2026-04-07 03:59:59 - __main__ - INFO - saved best: 65.43%
2026-04-07 03:59:59 - __main__ - INFO - 
Epoch 93/100 | lr 0.001749
2026-04-07 04:01:16 - __main__ - INFO - Train: loss 0.0281 acc1 99.95%
2026-04-07 04:01:16 - __main__ - INFO - Val:   loss 1.5606 acc1 65.00%
2026-04-07 04:01:16 - __main__ - INFO - 
Epoch 94/100 | lr 0.001344
2026-04-07 04:02:33 - __main__ - INFO - Train: loss 0.0279 acc1 99.96%
2026-04-07 04:02:33 - __main__ - INFO - Val:   loss 1.5577 acc1 65.21%
2026-04-07 04:02:33 - __main__ - INFO - 
Epoch 95/100 | lr 0.000991
2026-04-07 04:03:50 - __main__ - INFO - Train: loss 0.0265 acc1 99.96%
2026-04-07 04:03:50 - __main__ - INFO - Val:   loss 1.5546 acc1 65.20%
2026-04-07 04:03:50 - __main__ - INFO - 
Epoch 96/100 | lr 0.000692
2026-04-07 04:05:08 - __main__ - INFO - Train: loss 0.0263 acc1 99.97%
2026-04-07 04:05:08 - __main__ - INFO - Val:   loss 1.5533 acc1 65.22%
2026-04-07 04:05:08 - __main__ - INFO - 
Epoch 97/100 | lr 0.000447
2026-04-07 04:06:25 - __main__ - INFO - Train: loss 0.0263 acc1 99.95%
2026-04-07 04:06:25 - __main__ - INFO - Val:   loss 1.5532 acc1 65.13%
2026-04-07 04:06:25 - __main__ - INFO - 
Epoch 98/100 | lr 0.000256
2026-04-07 04:07:42 - __main__ - INFO - Train: loss 0.0259 acc1 99.97%
2026-04-07 04:07:42 - __main__ - INFO - Val:   loss 1.5532 acc1 64.93%
2026-04-07 04:07:42 - __main__ - INFO - 
Epoch 99/100 | lr 0.000119
2026-04-07 04:08:59 - __main__ - INFO - Train: loss 0.0253 acc1 99.97%
2026-04-07 04:08:59 - __main__ - INFO - Val:   loss 1.5518 acc1 65.46%
2026-04-07 04:08:59 - __main__ - INFO - saved best: 65.46%
2026-04-07 04:08:59 - __main__ - INFO - 
Epoch 100/100 | lr 0.000037
2026-04-07 04:10:16 - __main__ - INFO - Train: loss 0.0250 acc1 99.97%
2026-04-07 04:10:16 - __main__ - INFO - Val:   loss 1.5539 acc1 65.30%
2026-04-07 04:10:16 - __main__ - INFO - Loaded best checkpoint weights for final test evaluation.
2026-04-07 04:10:21 - __main__ - INFO - 
Best tracked (val): 65.46%
2026-04-07 04:10:21 - __main__ - INFO - Final test: loss 1.5697 acc1 65.12%
2026-04-07 04:10:22 - __main__ - INFO - Input model resnet18 done — test acc 65.12%, test loss 1.5697
2026-04-07 04:10:22 - __main__ - INFO - 
Preparing eval dataloaders for HiResCAM computation …
2026-04-07 04:10:23 - __main__ - INFO - 
Saving variant datasets to data/comparison_tiny_imagenet_2026_04/07
2026-04-07 04:10:23 - __main__ - INFO - Generating train variants → data/comparison_tiny_imagenet_2026_04/07
2026-04-07 04:10:30 - __main__ - INFO -   [train] processed 1280 images …
2026-04-07 04:10:37 - __main__ - INFO -   [train] processed 2560 images …
2026-04-07 04:10:44 - __main__ - INFO -   [train] processed 3840 images …
2026-04-07 04:10:50 - __main__ - INFO -   [train] processed 5120 images …
2026-04-07 04:10:57 - __main__ - INFO -   [train] processed 6400 images …
2026-04-07 04:11:04 - __main__ - INFO -   [train] processed 7680 images …
2026-04-07 04:11:11 - __main__ - INFO -   [train] processed 8960 images …
2026-04-07 04:11:18 - __main__ - INFO -   [train] processed 10240 images …
2026-04-07 04:11:24 - __main__ - INFO -   [train] processed 11520 images …
2026-04-07 04:11:31 - __main__ - INFO -   [train] processed 12800 images …
2026-04-07 04:11:38 - __main__ - INFO -   [train] processed 14080 images …
2026-04-07 04:11:45 - __main__ - INFO -   [train] processed 15360 images …
2026-04-07 04:11:52 - __main__ - INFO -   [train] processed 16640 images …
2026-04-07 04:11:59 - __main__ - INFO -   [train] processed 17920 images …
2026-04-07 04:12:05 - __main__ - INFO -   [train] processed 19200 images …
2026-04-07 04:12:12 - __main__ - INFO -   [train] processed 20480 images …
2026-04-07 04:12:19 - __main__ - INFO -   [train] processed 21760 images …
2026-04-07 04:12:26 - __main__ - INFO -   [train] processed 23040 images …
2026-04-07 04:12:33 - __main__ - INFO -   [train] processed 24320 images …
2026-04-07 04:12:40 - __main__ - INFO -   [train] processed 25600 images …
2026-04-07 04:12:46 - __main__ - INFO -   [train] processed 26880 images …
2026-04-07 04:12:53 - __main__ - INFO -   [train] processed 28160 images …
2026-04-07 04:13:00 - __main__ - INFO -   [train] processed 29440 images …
2026-04-07 04:13:07 - __main__ - INFO -   [train] processed 30720 images …
2026-04-07 04:13:14 - __main__ - INFO -   [train] processed 32000 images …
2026-04-07 04:13:21 - __main__ - INFO -   [train] processed 33280 images …
2026-04-07 04:13:28 - __main__ - INFO -   [train] processed 34560 images …
2026-04-07 04:13:34 - __main__ - INFO -   [train] processed 35840 images …
2026-04-07 04:13:41 - __main__ - INFO -   [train] processed 37120 images …
2026-04-07 04:13:48 - __main__ - INFO -   [train] processed 38400 images …
2026-04-07 04:13:55 - __main__ - INFO -   [train] processed 39680 images …
2026-04-07 04:14:02 - __main__ - INFO -   [train] processed 40960 images …
2026-04-07 04:14:09 - __main__ - INFO -   [train] processed 42240 images …
2026-04-07 04:14:15 - __main__ - INFO -   [train] processed 43520 images …
2026-04-07 04:14:22 - __main__ - INFO -   [train] processed 44800 images …
2026-04-07 04:14:29 - __main__ - INFO -   [train] processed 46080 images …
2026-04-07 04:14:36 - __main__ - INFO -   [train] processed 47360 images …
2026-04-07 04:14:43 - __main__ - INFO -   [train] processed 48640 images …
2026-04-07 04:14:50 - __main__ - INFO -   [train] processed 49920 images …
2026-04-07 04:14:56 - __main__ - INFO -   [train] processed 51200 images …
2026-04-07 04:15:03 - __main__ - INFO -   [train] processed 52480 images …
2026-04-07 04:15:10 - __main__ - INFO -   [train] processed 53760 images …
2026-04-07 04:15:17 - __main__ - INFO -   [train] processed 55040 images …
2026-04-07 04:15:24 - __main__ - INFO -   [train] processed 56320 images …
2026-04-07 04:15:31 - __main__ - INFO -   [train] processed 57600 images …
2026-04-07 04:15:38 - __main__ - INFO -   [train] processed 58880 images …
2026-04-07 04:15:44 - __main__ - INFO -   [train] processed 60160 images …
2026-04-07 04:15:51 - __main__ - INFO -   [train] processed 61440 images …
2026-04-07 04:15:58 - __main__ - INFO -   [train] processed 62720 images …
2026-04-07 04:16:05 - __main__ - INFO -   [train] processed 64000 images …
2026-04-07 04:16:12 - __main__ - INFO -   [train] processed 65280 images …
2026-04-07 04:16:19 - __main__ - INFO -   [train] processed 66560 images …
2026-04-07 04:16:26 - __main__ - INFO -   [train] processed 67840 images …
2026-04-07 04:16:33 - __main__ - INFO -   [train] processed 69120 images …
2026-04-07 04:16:39 - __main__ - INFO -   [train] processed 70400 images …
2026-04-07 04:16:46 - __main__ - INFO -   [train] processed 71680 images …
2026-04-07 04:16:53 - __main__ - INFO -   [train] processed 72960 images …
2026-04-07 04:17:00 - __main__ - INFO -   [train] processed 74240 images …
2026-04-07 04:17:07 - __main__ - INFO -   [train] processed 75520 images …
2026-04-07 04:17:14 - __main__ - INFO -   [train] processed 76800 images …
2026-04-07 04:17:21 - __main__ - INFO -   [train] processed 78080 images …
2026-04-07 04:17:27 - __main__ - INFO -   [train] processed 79360 images …
2026-04-07 04:17:34 - __main__ - INFO -   [train] processed 80640 images …
2026-04-07 04:17:41 - __main__ - INFO -   [train] processed 81920 images …
2026-04-07 04:17:48 - __main__ - INFO -   [train] processed 83200 images …
2026-04-07 04:17:55 - __main__ - INFO -   [train] processed 84480 images …
2026-04-07 04:18:02 - __main__ - INFO -   [train] processed 85760 images …
2026-04-07 04:18:09 - __main__ - INFO -   [train] processed 87040 images …
2026-04-07 04:18:15 - __main__ - INFO -   [train] processed 88320 images …
2026-04-07 04:18:22 - __main__ - INFO -   [train] processed 89600 images …
2026-04-07 04:18:24 - __main__ - INFO -   [train] processed 90000 images …
2026-04-07 04:18:25 - __main__ - INFO -   [train] saved 90000 images for all 4 variants
2026-04-07 04:18:25 - __main__ - INFO - Generating test variants → data/comparison_tiny_imagenet_2026_04/07
2026-04-07 04:18:32 - __main__ - INFO -   [test] processed 1280 images …
2026-04-07 04:18:38 - __main__ - INFO -   [test] processed 2560 images …
2026-04-07 04:18:45 - __main__ - INFO -   [test] processed 3840 images …
2026-04-07 04:18:52 - __main__ - INFO -   [test] processed 5120 images …
2026-04-07 04:18:59 - __main__ - INFO -   [test] processed 6400 images …
2026-04-07 04:19:06 - __main__ - INFO -   [test] processed 7680 images …
2026-04-07 04:19:13 - __main__ - INFO -   [test] processed 8960 images …
2026-04-07 04:19:18 - __main__ - INFO -   [test] processed 10000 images …
2026-04-07 04:19:18 - __main__ - INFO -   [test] saved 10000 images for all 4 variants
2026-04-07 04:19:18 - __main__ - INFO - 
Starting output model sweep: efficientnet_b0
2026-04-07 04:19:18 - __main__ - INFO - 
============================================================
2026-04-07 04:19:18 - __main__ - INFO - Training output model: efficientnet_b0 [original]
2026-04-07 04:19:18 - __main__ - INFO -   Resolved config → opt=sgd, lr=0.05, wd=0.0001, bs=128, epochs=100, scheduler=cosine, warmup=5
2026-04-07 04:19:18 - __main__ - INFO - ============================================================
2026-04-07 04:19:18 - __main__ - INFO -   Validation during training uses variant split with val_split=0.1
2026-04-07 04:19:18 - __main__ - INFO -   Final test uses original test split
2026-04-07 04:19:19 - __main__ - INFO - device: cuda | cuda: True | gpu: NVIDIA L4
2026-04-07 04:19:19 - __main__ - INFO - Model: efficientnet_b0 | Dataset: tiny_imagenet | Classes: 200 | Optimizer: sgd
2026-04-07 04:19:19 - __main__ - INFO - 
Epoch 1/100 | lr 0.000050
2026-04-07 04:19:58 - __main__ - INFO - Train: loss 5.3319 acc1 0.55%
2026-04-07 04:19:58 - __main__ - INFO - Val:   loss 5.3128 acc1 0.58%
2026-04-07 04:19:58 - __main__ - INFO - saved best: 0.58%
2026-04-07 04:19:58 - __main__ - INFO - 
Epoch 2/100 | lr 0.010040
2026-04-07 04:20:30 - __main__ - INFO - Train: loss 5.0866 acc1 2.05%
2026-04-07 04:20:30 - __main__ - INFO - Val:   loss 4.7245 acc1 4.30%
2026-04-07 04:20:30 - __main__ - INFO - saved best: 4.30%
2026-04-07 04:20:30 - __main__ - INFO - 
Epoch 3/100 | lr 0.020030
2026-04-07 04:21:00 - __main__ - INFO - Train: loss 4.5325 acc1 6.33%
2026-04-07 04:21:00 - __main__ - INFO - Val:   loss 4.2688 acc1 8.95%
2026-04-07 04:21:00 - __main__ - INFO - saved best: 8.95%
2026-04-07 04:21:00 - __main__ - INFO - 
Epoch 4/100 | lr 0.030020
2026-04-07 04:21:30 - __main__ - INFO - Train: loss 4.0404 acc1 12.33%
2026-04-07 04:21:30 - __main__ - INFO - Val:   loss 3.8110 acc1 15.51%
2026-04-07 04:21:30 - __main__ - INFO - saved best: 15.51%
2026-04-07 04:21:30 - __main__ - INFO - 
Epoch 5/100 | lr 0.040010
2026-04-07 04:22:01 - __main__ - INFO - Train: loss 3.7067 acc1 17.07%
2026-04-07 04:22:01 - __main__ - INFO - Val:   loss 3.5850 acc1 19.12%
2026-04-07 04:22:01 - __main__ - INFO - saved best: 19.12%
2026-04-07 04:22:01 - __main__ - INFO - 
Epoch 6/100 | lr 0.050000
2026-04-07 04:22:32 - __main__ - INFO - Train: loss 3.4890 acc1 21.02%
2026-04-07 04:22:32 - __main__ - INFO - Val:   loss 3.3869 acc1 22.06%
2026-04-07 04:22:33 - __main__ - INFO - saved best: 22.06%
2026-04-07 04:22:33 - __main__ - INFO - 
Epoch 7/100 | lr 0.049986
2026-04-07 04:23:04 - __main__ - INFO - Train: loss 3.3112 acc1 24.20%
2026-04-07 04:23:04 - __main__ - INFO - Val:   loss 3.4190 acc1 23.30%
2026-04-07 04:23:04 - __main__ - INFO - saved best: 23.30%
2026-04-07 04:23:04 - __main__ - INFO - 
Epoch 8/100 | lr 0.049945
2026-04-07 04:23:35 - __main__ - INFO - Train: loss 3.1431 acc1 26.94%
2026-04-07 04:23:35 - __main__ - INFO - Val:   loss 3.1297 acc1 26.97%
2026-04-07 04:23:35 - __main__ - INFO - saved best: 26.97%
2026-04-07 04:23:35 - __main__ - INFO - 
Epoch 9/100 | lr 0.049877
2026-04-07 04:24:07 - __main__ - INFO - Train: loss 2.9822 acc1 29.67%
2026-04-07 04:24:07 - __main__ - INFO - Val:   loss 5.4719 acc1 17.89%
2026-04-07 04:24:07 - __main__ - INFO - 
Epoch 10/100 | lr 0.049782
2026-04-07 04:24:39 - __main__ - INFO - Train: loss 2.8954 acc1 31.52%
2026-04-07 04:24:39 - __main__ - INFO - Val:   loss 2.8573 acc1 32.14%
2026-04-07 04:24:39 - __main__ - INFO - saved best: 32.14%
2026-04-07 04:24:39 - __main__ - INFO - 
Epoch 11/100 | lr 0.049659
2026-04-07 04:25:09 - __main__ - INFO - Train: loss 2.7790 acc1 33.63%
2026-04-07 04:25:09 - __main__ - INFO - Val:   loss 2.8732 acc1 31.84%
2026-04-07 04:25:09 - __main__ - INFO - 
Epoch 12/100 | lr 0.049510
2026-04-07 04:25:40 - __main__ - INFO - Train: loss 2.7270 acc1 34.62%
2026-04-07 04:25:40 - __main__ - INFO - Val:   loss 2.8097 acc1 33.24%
2026-04-07 04:25:40 - __main__ - INFO - saved best: 33.24%
2026-04-07 04:25:40 - __main__ - INFO - 
Epoch 13/100 | lr 0.049333
2026-04-07 04:26:11 - __main__ - INFO - Train: loss 2.6174 acc1 36.73%
2026-04-07 04:26:11 - __main__ - INFO - Val:   loss 2.8025 acc1 34.30%
2026-04-07 04:26:11 - __main__ - INFO - saved best: 34.30%
2026-04-07 04:26:11 - __main__ - INFO - 
Epoch 14/100 | lr 0.049130
2026-04-07 04:26:42 - __main__ - INFO - Train: loss 2.5505 acc1 37.93%
2026-04-07 04:26:42 - __main__ - INFO - Val:   loss 2.8379 acc1 34.71%
2026-04-07 04:26:42 - __main__ - INFO - saved best: 34.71%
2026-04-07 04:26:42 - __main__ - INFO - 
Epoch 15/100 | lr 0.048901
2026-04-07 04:27:13 - __main__ - INFO - Train: loss 2.5013 acc1 39.00%
2026-04-07 04:27:13 - __main__ - INFO - Val:   loss 2.6812 acc1 36.32%
2026-04-07 04:27:13 - __main__ - INFO - saved best: 36.32%
2026-04-07 04:27:13 - __main__ - INFO - 
Epoch 16/100 | lr 0.048646
2026-04-07 04:27:44 - __main__ - INFO - Train: loss 2.4716 acc1 39.44%
2026-04-07 04:27:44 - __main__ - INFO - Val:   loss 2.6384 acc1 37.23%
2026-04-07 04:27:44 - __main__ - INFO - saved best: 37.23%
2026-04-07 04:27:44 - __main__ - INFO - 
Epoch 17/100 | lr 0.048364
2026-04-07 04:28:16 - __main__ - INFO - Train: loss 2.4139 acc1 40.68%
2026-04-07 04:28:16 - __main__ - INFO - Val:   loss 2.6301 acc1 37.16%
2026-04-07 04:28:16 - __main__ - INFO - 
Epoch 18/100 | lr 0.048058
2026-04-07 04:28:46 - __main__ - INFO - Train: loss 2.3449 acc1 42.21%
2026-04-07 04:28:46 - __main__ - INFO - Val:   loss 2.7204 acc1 37.17%
2026-04-07 04:28:46 - __main__ - INFO - 
Epoch 19/100 | lr 0.047726
2026-04-07 04:29:17 - __main__ - INFO - Train: loss 2.2598 acc1 43.63%
2026-04-07 04:29:17 - __main__ - INFO - Val:   loss 2.6092 acc1 38.63%
2026-04-07 04:29:17 - __main__ - INFO - saved best: 38.63%
2026-04-07 04:29:17 - __main__ - INFO - 
Epoch 20/100 | lr 0.047369
2026-04-07 04:29:47 - __main__ - INFO - Train: loss 2.2196 acc1 44.69%
2026-04-07 04:29:47 - __main__ - INFO - Val:   loss 2.5666 acc1 39.30%
2026-04-07 04:29:47 - __main__ - INFO - saved best: 39.30%
2026-04-07 04:29:47 - __main__ - INFO - 
Epoch 21/100 | lr 0.046987
2026-04-07 04:30:19 - __main__ - INFO - Train: loss 2.1837 acc1 45.28%
2026-04-07 04:30:19 - __main__ - INFO - Val:   loss 2.5969 acc1 39.18%
2026-04-07 04:30:19 - __main__ - INFO - 
Epoch 22/100 | lr 0.046582
2026-04-07 04:30:50 - __main__ - INFO - Train: loss 2.1064 acc1 46.82%
2026-04-07 04:30:50 - __main__ - INFO - Val:   loss 2.5021 acc1 40.80%
2026-04-07 04:30:50 - __main__ - INFO - saved best: 40.80%
2026-04-07 04:30:50 - __main__ - INFO - 
Epoch 23/100 | lr 0.046153
2026-04-07 04:31:22 - __main__ - INFO - Train: loss 2.0409 acc1 48.10%
2026-04-07 04:31:22 - __main__ - INFO - Val:   loss 2.4572 acc1 41.38%
2026-04-07 04:31:22 - __main__ - INFO - saved best: 41.38%
2026-04-07 04:31:22 - __main__ - INFO - 
Epoch 24/100 | lr 0.045701
2026-04-07 04:31:54 - __main__ - INFO - Train: loss 1.9910 acc1 49.12%
2026-04-07 04:31:54 - __main__ - INFO - Val:   loss 2.5637 acc1 41.28%
2026-04-07 04:31:54 - __main__ - INFO - 
Epoch 25/100 | lr 0.045226
2026-04-07 04:32:25 - __main__ - INFO - Train: loss 1.9510 acc1 50.16%
2026-04-07 04:32:25 - __main__ - INFO - Val:   loss 2.4941 acc1 40.68%
2026-04-07 04:32:25 - __main__ - INFO - 
Epoch 26/100 | lr 0.044730
2026-04-07 04:32:57 - __main__ - INFO - Train: loss 1.8944 acc1 51.23%
2026-04-07 04:32:57 - __main__ - INFO - Val:   loss 2.4840 acc1 41.64%
2026-04-07 04:32:57 - __main__ - INFO - saved best: 41.64%
2026-04-07 04:32:57 - __main__ - INFO - 
Epoch 27/100 | lr 0.044211
2026-04-07 04:33:28 - __main__ - INFO - Train: loss 1.8407 acc1 52.26%
2026-04-07 04:33:28 - __main__ - INFO - Val:   loss 2.5394 acc1 42.33%
2026-04-07 04:33:28 - __main__ - INFO - saved best: 42.33%
2026-04-07 04:33:28 - __main__ - INFO - 
Epoch 28/100 | lr 0.043672
2026-04-07 04:33:59 - __main__ - INFO - Train: loss 1.8093 acc1 52.90%
2026-04-07 04:33:59 - __main__ - INFO - Val:   loss 2.6013 acc1 42.10%
2026-04-07 04:33:59 - __main__ - INFO - 
Epoch 29/100 | lr 0.043112
2026-04-07 04:34:30 - __main__ - INFO - Train: loss 1.7520 acc1 54.11%
2026-04-07 04:34:30 - __main__ - INFO - Val:   loss 2.5075 acc1 41.92%
2026-04-07 04:34:30 - __main__ - INFO - 
Epoch 30/100 | lr 0.042532
2026-04-07 04:35:01 - __main__ - INFO - Train: loss 1.7194 acc1 54.84%
2026-04-07 04:35:01 - __main__ - INFO - Val:   loss 2.4968 acc1 42.45%
2026-04-07 04:35:01 - __main__ - INFO - saved best: 42.45%
2026-04-07 04:35:01 - __main__ - INFO - 
Epoch 31/100 | lr 0.041934
2026-04-07 04:35:33 - __main__ - INFO - Train: loss 1.6732 acc1 55.79%
2026-04-07 04:35:33 - __main__ - INFO - Val:   loss 2.5478 acc1 41.38%
2026-04-07 04:35:33 - __main__ - INFO - 
Epoch 32/100 | lr 0.041316
2026-04-07 04:36:04 - __main__ - INFO - Train: loss 1.6291 acc1 56.53%
2026-04-07 04:36:04 - __main__ - INFO - Val:   loss 2.5364 acc1 42.37%
2026-04-07 04:36:04 - __main__ - INFO - 
Epoch 33/100 | lr 0.040681
2026-04-07 04:36:36 - __main__ - INFO - Train: loss 1.5839 acc1 57.76%
2026-04-07 04:36:36 - __main__ - INFO - Val:   loss 2.6508 acc1 41.37%
2026-04-07 04:36:36 - __main__ - INFO - 
Epoch 34/100 | lr 0.040029
2026-04-07 04:37:07 - __main__ - INFO - Train: loss 1.5456 acc1 58.51%
2026-04-07 04:37:07 - __main__ - INFO - Val:   loss 2.5480 acc1 42.45%
2026-04-07 04:37:07 - __main__ - INFO - saved best: 42.45%
2026-04-07 04:37:07 - __main__ - INFO - 
Epoch 35/100 | lr 0.039360
2026-04-07 04:37:38 - __main__ - INFO - Train: loss 1.4942 acc1 59.71%
2026-04-07 04:37:38 - __main__ - INFO - Val:   loss 2.5123 acc1 43.68%
2026-04-07 04:37:38 - __main__ - INFO - saved best: 43.68%
2026-04-07 04:37:38 - __main__ - INFO - 
Epoch 36/100 | lr 0.038676
2026-04-07 04:38:09 - __main__ - INFO - Train: loss 1.4571 acc1 60.42%
2026-04-07 04:38:09 - __main__ - INFO - Val:   loss 2.5274 acc1 43.37%
2026-04-07 04:38:09 - __main__ - INFO - 
Epoch 37/100 | lr 0.037977
2026-04-07 04:38:41 - __main__ - INFO - Train: loss 1.4139 acc1 61.22%
2026-04-07 04:38:41 - __main__ - INFO - Val:   loss 2.6216 acc1 42.25%
2026-04-07 04:38:41 - __main__ - INFO - 
Epoch 38/100 | lr 0.037263
2026-04-07 04:39:12 - __main__ - INFO - Train: loss 1.3646 acc1 62.52%
2026-04-07 04:39:12 - __main__ - INFO - Val:   loss 2.5718 acc1 43.21%
2026-04-07 04:39:12 - __main__ - INFO - 
Epoch 39/100 | lr 0.036536
2026-04-07 04:39:43 - __main__ - INFO - Train: loss 1.3289 acc1 63.36%
2026-04-07 04:39:43 - __main__ - INFO - Val:   loss 2.6295 acc1 42.84%
2026-04-07 04:39:43 - __main__ - INFO - 
Epoch 40/100 | lr 0.035797
2026-04-07 04:40:15 - __main__ - INFO - Train: loss 1.2856 acc1 64.34%
2026-04-07 04:40:15 - __main__ - INFO - Val:   loss 2.6608 acc1 43.17%
2026-04-07 04:40:15 - __main__ - INFO - 
Epoch 41/100 | lr 0.035045
2026-04-07 04:40:47 - __main__ - INFO - Train: loss 1.2358 acc1 65.45%
2026-04-07 04:40:47 - __main__ - INFO - Val:   loss 2.6368 acc1 43.62%
2026-04-07 04:40:47 - __main__ - INFO - 
Epoch 42/100 | lr 0.034283
2026-04-07 04:41:18 - __main__ - INFO - Train: loss 1.1915 acc1 66.48%
2026-04-07 04:41:18 - __main__ - INFO - Val:   loss 2.6826 acc1 43.41%
2026-04-07 04:41:18 - __main__ - INFO - 
Epoch 43/100 | lr 0.033511
2026-04-07 04:41:48 - __main__ - INFO - Train: loss 1.1535 acc1 67.27%
2026-04-07 04:41:48 - __main__ - INFO - Val:   loss 2.7003 acc1 43.13%
2026-04-07 04:41:48 - __main__ - INFO - 
Epoch 44/100 | lr 0.032729
2026-04-07 04:42:21 - __main__ - INFO - Train: loss 1.1079 acc1 68.44%
2026-04-07 04:42:21 - __main__ - INFO - Val:   loss 2.8450 acc1 41.42%
2026-04-07 04:42:21 - __main__ - INFO - 
Epoch 45/100 | lr 0.031939
2026-04-07 04:42:53 - __main__ - INFO - Train: loss 1.0724 acc1 69.32%
2026-04-07 04:42:53 - __main__ - INFO - Val:   loss 2.8272 acc1 41.55%
2026-04-07 04:42:53 - __main__ - INFO - 
Epoch 46/100 | lr 0.031141
2026-04-07 04:43:26 - __main__ - INFO - Train: loss 1.0171 acc1 70.67%
2026-04-07 04:43:26 - __main__ - INFO - Val:   loss 2.8183 acc1 42.77%
2026-04-07 04:43:26 - __main__ - INFO - 
Epoch 47/100 | lr 0.030336
2026-04-07 04:43:57 - __main__ - INFO - Train: loss 0.9776 acc1 71.54%
2026-04-07 04:43:57 - __main__ - INFO - Val:   loss 2.8687 acc1 42.79%
2026-04-07 04:43:57 - __main__ - INFO - 
Epoch 48/100 | lr 0.029526
2026-04-07 04:44:29 - __main__ - INFO - Train: loss 0.9465 acc1 72.38%
2026-04-07 04:44:29 - __main__ - INFO - Val:   loss 2.8469 acc1 42.41%
2026-04-07 04:44:29 - __main__ - INFO - 
Epoch 49/100 | lr 0.028711
2026-04-07 04:45:00 - __main__ - INFO - Train: loss 0.8937 acc1 73.77%
2026-04-07 04:45:00 - __main__ - INFO - Val:   loss 2.8278 acc1 43.47%
2026-04-07 04:45:00 - __main__ - INFO - 
Epoch 50/100 | lr 0.027892
2026-04-07 04:45:32 - __main__ - INFO - Train: loss 0.8558 acc1 74.67%
2026-04-07 04:45:32 - __main__ - INFO - Val:   loss 2.8750 acc1 43.06%
2026-04-07 04:45:32 - __main__ - INFO - 
Epoch 51/100 | lr 0.027069
2026-04-07 04:46:03 - __main__ - INFO - Train: loss 0.8078 acc1 75.90%
2026-04-07 04:46:03 - __main__ - INFO - Val:   loss 2.9480 acc1 43.46%
2026-04-07 04:46:03 - __main__ - INFO - 
Epoch 52/100 | lr 0.026244
2026-04-07 04:46:33 - __main__ - INFO - Train: loss 0.7700 acc1 76.89%
2026-04-07 04:46:33 - __main__ - INFO - Val:   loss 3.0373 acc1 42.20%
2026-04-07 04:46:33 - __main__ - INFO - 
Epoch 53/100 | lr 0.025418
2026-04-07 04:47:05 - __main__ - INFO - Train: loss 0.7244 acc1 78.16%
2026-04-07 04:47:05 - __main__ - INFO - Val:   loss 3.0132 acc1 43.22%
2026-04-07 04:47:05 - __main__ - INFO - 
Epoch 54/100 | lr 0.024592
2026-04-07 04:47:37 - __main__ - INFO - Train: loss 0.6897 acc1 79.22%
2026-04-07 04:47:37 - __main__ - INFO - Val:   loss 3.0698 acc1 42.79%
2026-04-07 04:47:37 - __main__ - INFO - 
Epoch 55/100 | lr 0.023766
2026-04-07 04:48:07 - __main__ - INFO - Train: loss 0.6486 acc1 80.38%
2026-04-07 04:48:07 - __main__ - INFO - Val:   loss 3.0631 acc1 42.38%
2026-04-07 04:48:07 - __main__ - INFO - 
Epoch 56/100 | lr 0.022941
2026-04-07 04:48:39 - __main__ - INFO - Train: loss 0.6187 acc1 81.07%
2026-04-07 04:48:39 - __main__ - INFO - Val:   loss 3.0609 acc1 43.32%
2026-04-07 04:48:39 - __main__ - INFO - 
Epoch 57/100 | lr 0.022118
2026-04-07 04:49:09 - __main__ - INFO - Train: loss 0.5635 acc1 82.97%
2026-04-07 04:49:09 - __main__ - INFO - Val:   loss 3.1273 acc1 43.28%
2026-04-07 04:49:09 - __main__ - INFO - 
Epoch 58/100 | lr 0.021299
2026-04-07 04:49:41 - __main__ - INFO - Train: loss 0.5386 acc1 83.58%
2026-04-07 04:49:41 - __main__ - INFO - Val:   loss 3.1369 acc1 43.02%
2026-04-07 04:49:41 - __main__ - INFO - 
Epoch 59/100 | lr 0.020484
2026-04-07 04:50:12 - __main__ - INFO - Train: loss 0.5042 acc1 84.49%
2026-04-07 04:50:12 - __main__ - INFO - Val:   loss 3.2408 acc1 43.21%
2026-04-07 04:50:12 - __main__ - INFO - 
Epoch 60/100 | lr 0.019674
2026-04-07 04:50:43 - __main__ - INFO - Train: loss 0.4631 acc1 85.85%
2026-04-07 04:50:43 - __main__ - INFO - Val:   loss 3.2311 acc1 43.38%
2026-04-07 04:50:43 - __main__ - INFO - 
Epoch 61/100 | lr 0.018869
2026-04-07 04:51:15 - __main__ - INFO - Train: loss 0.4309 acc1 86.89%
2026-04-07 04:51:15 - __main__ - INFO - Val:   loss 3.2442 acc1 43.28%
2026-04-07 04:51:15 - __main__ - INFO - 
Epoch 62/100 | lr 0.018071
2026-04-07 04:51:47 - __main__ - INFO - Train: loss 0.3994 acc1 87.67%
2026-04-07 04:51:47 - __main__ - INFO - Val:   loss 3.3063 acc1 43.00%
2026-04-07 04:51:47 - __main__ - INFO - 
Epoch 63/100 | lr 0.017281
2026-04-07 04:52:18 - __main__ - INFO - Train: loss 0.3647 acc1 88.89%
2026-04-07 04:52:18 - __main__ - INFO - Val:   loss 3.2864 acc1 43.78%
2026-04-07 04:52:18 - __main__ - INFO - saved best: 43.78%
2026-04-07 04:52:18 - __main__ - INFO - 
Epoch 64/100 | lr 0.016499
2026-04-07 04:52:51 - __main__ - INFO - Train: loss 0.3372 acc1 89.81%
2026-04-07 04:52:51 - __main__ - INFO - Val:   loss 3.2933 acc1 43.32%
2026-04-07 04:52:51 - __main__ - INFO - 
Epoch 65/100 | lr 0.015727
2026-04-07 04:53:22 - __main__ - INFO - Train: loss 0.3073 acc1 90.70%
2026-04-07 04:53:22 - __main__ - INFO - Val:   loss 3.2908 acc1 45.01%
2026-04-07 04:53:22 - __main__ - INFO - saved best: 45.01%
2026-04-07 04:53:22 - __main__ - INFO - 
Epoch 66/100 | lr 0.014965
2026-04-07 04:53:53 - __main__ - INFO - Train: loss 0.2765 acc1 91.63%
2026-04-07 04:53:53 - __main__ - INFO - Val:   loss 3.3024 acc1 44.30%
2026-04-07 04:53:53 - __main__ - INFO - 
Epoch 67/100 | lr 0.014213
2026-04-07 04:54:24 - __main__ - INFO - Train: loss 0.2557 acc1 92.32%
2026-04-07 04:54:24 - __main__ - INFO - Val:   loss 3.3339 acc1 44.40%
2026-04-07 04:54:24 - __main__ - INFO - 
Epoch 68/100 | lr 0.013474
2026-04-07 04:54:56 - __main__ - INFO - Train: loss 0.2301 acc1 93.15%
2026-04-07 04:54:56 - __main__ - INFO - Val:   loss 3.3392 acc1 44.70%
2026-04-07 04:54:56 - __main__ - INFO - 
Epoch 69/100 | lr 0.012747
2026-04-07 04:55:28 - __main__ - INFO - Train: loss 0.2098 acc1 93.84%
2026-04-07 04:55:28 - __main__ - INFO - Val:   loss 3.3817 acc1 44.90%
2026-04-07 04:55:28 - __main__ - INFO - 
Epoch 70/100 | lr 0.012033
2026-04-07 04:55:59 - __main__ - INFO - Train: loss 0.1910 acc1 94.46%
2026-04-07 04:55:59 - __main__ - INFO - Val:   loss 3.3908 acc1 45.03%
2026-04-07 04:55:59 - __main__ - INFO - saved best: 45.03%
2026-04-07 04:55:59 - __main__ - INFO - 
Epoch 71/100 | lr 0.011334
2026-04-07 04:56:32 - __main__ - INFO - Train: loss 0.1721 acc1 95.08%
2026-04-07 04:56:32 - __main__ - INFO - Val:   loss 3.3554 acc1 44.70%
2026-04-07 04:56:32 - __main__ - INFO - 
Epoch 72/100 | lr 0.010650
2026-04-07 04:57:03 - __main__ - INFO - Train: loss 0.1567 acc1 95.56%
2026-04-07 04:57:03 - __main__ - INFO - Val:   loss 3.3889 acc1 45.00%
2026-04-07 04:57:03 - __main__ - INFO - 
Epoch 73/100 | lr 0.009981
2026-04-07 04:57:34 - __main__ - INFO - Train: loss 0.1386 acc1 96.19%
2026-04-07 04:57:34 - __main__ - INFO - Val:   loss 3.3712 acc1 45.25%
2026-04-07 04:57:34 - __main__ - INFO - saved best: 45.25%
2026-04-07 04:57:34 - __main__ - INFO - 
Epoch 74/100 | lr 0.009329
2026-04-07 04:58:07 - __main__ - INFO - Train: loss 0.1290 acc1 96.50%
2026-04-07 04:58:07 - __main__ - INFO - Val:   loss 3.3546 acc1 45.77%
2026-04-07 04:58:07 - __main__ - INFO - saved best: 45.77%
2026-04-07 04:58:07 - __main__ - INFO - 
Epoch 75/100 | lr 0.008694
2026-04-07 04:58:39 - __main__ - INFO - Train: loss 0.1137 acc1 96.96%
2026-04-07 04:58:39 - __main__ - INFO - Val:   loss 3.3568 acc1 45.56%
2026-04-07 04:58:39 - __main__ - INFO - 
Epoch 76/100 | lr 0.008076
2026-04-07 04:59:10 - __main__ - INFO - Train: loss 0.1018 acc1 97.37%
2026-04-07 04:59:10 - __main__ - INFO - Val:   loss 3.3827 acc1 45.46%
2026-04-07 04:59:10 - __main__ - INFO - 
Epoch 77/100 | lr 0.007478
2026-04-07 04:59:41 - __main__ - INFO - Train: loss 0.0948 acc1 97.65%
2026-04-07 04:59:41 - __main__ - INFO - Val:   loss 3.3707 acc1 45.44%
2026-04-07 04:59:41 - __main__ - INFO - 
Epoch 78/100 | lr 0.006898
2026-04-07 05:00:12 - __main__ - INFO - Train: loss 0.0866 acc1 97.90%
2026-04-07 05:00:12 - __main__ - INFO - Val:   loss 3.3572 acc1 45.98%
2026-04-07 05:00:12 - __main__ - INFO - saved best: 45.98%
2026-04-07 05:00:12 - __main__ - INFO - 
Epoch 79/100 | lr 0.006338
2026-04-07 05:00:45 - __main__ - INFO - Train: loss 0.0797 acc1 98.07%
2026-04-07 05:00:45 - __main__ - INFO - Val:   loss 3.3655 acc1 46.01%
2026-04-07 05:00:45 - __main__ - INFO - saved best: 46.01%
2026-04-07 05:00:45 - __main__ - INFO - 
Epoch 80/100 | lr 0.005799
2026-04-07 05:01:15 - __main__ - INFO - Train: loss 0.0740 acc1 98.29%
2026-04-07 05:01:15 - __main__ - INFO - Val:   loss 3.3666 acc1 46.30%
2026-04-07 05:01:15 - __main__ - INFO - saved best: 46.30%
2026-04-07 05:01:15 - __main__ - INFO - 
Epoch 81/100 | lr 0.005280
2026-04-07 05:01:47 - __main__ - INFO - Train: loss 0.0658 acc1 98.49%
2026-04-07 05:01:47 - __main__ - INFO - Val:   loss 3.3429 acc1 46.39%
2026-04-07 05:01:47 - __main__ - INFO - saved best: 46.39%
2026-04-07 05:01:47 - __main__ - INFO - 
Epoch 82/100 | lr 0.004784
2026-04-07 05:02:17 - __main__ - INFO - Train: loss 0.0628 acc1 98.62%
2026-04-07 05:02:17 - __main__ - INFO - Val:   loss 3.3580 acc1 46.27%
2026-04-07 05:02:17 - __main__ - INFO - 
Epoch 83/100 | lr 0.004309
2026-04-07 05:02:50 - __main__ - INFO - Train: loss 0.0596 acc1 98.73%
2026-04-07 05:02:50 - __main__ - INFO - Val:   loss 3.3546 acc1 45.86%
2026-04-07 05:02:50 - __main__ - INFO - 
Epoch 84/100 | lr 0.003857
2026-04-07 05:03:20 - __main__ - INFO - Train: loss 0.0559 acc1 98.81%
2026-04-07 05:03:20 - __main__ - INFO - Val:   loss 3.3536 acc1 46.06%
2026-04-07 05:03:20 - __main__ - INFO - 
Epoch 85/100 | lr 0.003428
2026-04-07 05:03:52 - __main__ - INFO - Train: loss 0.0518 acc1 98.98%
2026-04-07 05:03:52 - __main__ - INFO - Val:   loss 3.3509 acc1 46.30%
2026-04-07 05:03:52 - __main__ - INFO - 
Epoch 86/100 | lr 0.003023
2026-04-07 05:04:25 - __main__ - INFO - Train: loss 0.0484 acc1 99.09%
2026-04-07 05:04:25 - __main__ - INFO - Val:   loss 3.3524 acc1 46.36%
2026-04-07 05:04:25 - __main__ - INFO - 
Epoch 87/100 | lr 0.002641
2026-04-07 05:04:56 - __main__ - INFO - Train: loss 0.0473 acc1 99.08%
2026-04-07 05:04:56 - __main__ - INFO - Val:   loss 3.3566 acc1 46.42%
2026-04-07 05:04:56 - __main__ - INFO - saved best: 46.42%
2026-04-07 05:04:56 - __main__ - INFO - 
Epoch 88/100 | lr 0.002284
2026-04-07 05:05:28 - __main__ - INFO - Train: loss 0.0448 acc1 99.15%
2026-04-07 05:05:28 - __main__ - INFO - Val:   loss 3.3547 acc1 46.79%
2026-04-07 05:05:28 - __main__ - INFO - saved best: 46.79%
2026-04-07 05:05:28 - __main__ - INFO - 
Epoch 89/100 | lr 0.001952
2026-04-07 05:05:59 - __main__ - INFO - Train: loss 0.0438 acc1 99.20%
2026-04-07 05:05:59 - __main__ - INFO - Val:   loss 3.3394 acc1 46.58%
2026-04-07 05:05:59 - __main__ - INFO - 
Epoch 90/100 | lr 0.001646
2026-04-07 05:06:31 - __main__ - INFO - Train: loss 0.0435 acc1 99.17%
2026-04-07 05:06:31 - __main__ - INFO - Val:   loss 3.3335 acc1 46.64%
2026-04-07 05:06:31 - __main__ - INFO - 
Epoch 91/100 | lr 0.001364
2026-04-07 05:07:02 - __main__ - INFO - Train: loss 0.0411 acc1 99.22%
2026-04-07 05:07:02 - __main__ - INFO - Val:   loss 3.3356 acc1 46.62%
2026-04-07 05:07:02 - __main__ - INFO - 
Epoch 92/100 | lr 0.001109
2026-04-07 05:07:34 - __main__ - INFO - Train: loss 0.0398 acc1 99.30%
2026-04-07 05:07:34 - __main__ - INFO - Val:   loss 3.3269 acc1 46.74%
2026-04-07 05:07:34 - __main__ - INFO - 
Epoch 93/100 | lr 0.000880
2026-04-07 05:08:05 - __main__ - INFO - Train: loss 0.0388 acc1 99.31%
2026-04-07 05:08:05 - __main__ - INFO - Val:   loss 3.3323 acc1 46.61%
2026-04-07 05:08:05 - __main__ - INFO - 
Epoch 94/100 | lr 0.000677
2026-04-07 05:08:36 - __main__ - INFO - Train: loss 0.0387 acc1 99.32%
2026-04-07 05:08:36 - __main__ - INFO - Val:   loss 3.3339 acc1 46.71%
2026-04-07 05:08:36 - __main__ - INFO - 
Epoch 95/100 | lr 0.000500
2026-04-07 05:09:07 - __main__ - INFO - Train: loss 0.0376 acc1 99.38%
2026-04-07 05:09:07 - __main__ - INFO - Val:   loss 3.3208 acc1 46.63%
2026-04-07 05:09:07 - __main__ - INFO - 
Epoch 96/100 | lr 0.000351
2026-04-07 05:09:39 - __main__ - INFO - Train: loss 0.0369 acc1 99.40%
2026-04-07 05:09:39 - __main__ - INFO - Val:   loss 3.3254 acc1 46.87%
2026-04-07 05:09:39 - __main__ - INFO - saved best: 46.87%
2026-04-07 05:09:39 - __main__ - INFO - 
Epoch 97/100 | lr 0.000228
2026-04-07 05:10:11 - __main__ - INFO - Train: loss 0.0375 acc1 99.37%
2026-04-07 05:10:11 - __main__ - INFO - Val:   loss 3.3186 acc1 46.70%
2026-04-07 05:10:11 - __main__ - INFO - 
Epoch 98/100 | lr 0.000133
2026-04-07 05:10:42 - __main__ - INFO - Train: loss 0.0364 acc1 99.39%
2026-04-07 05:10:42 - __main__ - INFO - Val:   loss 3.3261 acc1 46.82%
2026-04-07 05:10:42 - __main__ - INFO - 
Epoch 99/100 | lr 0.000065
2026-04-07 05:11:14 - __main__ - INFO - Train: loss 0.0362 acc1 99.40%
2026-04-07 05:11:14 - __main__ - INFO - Val:   loss 3.3287 acc1 46.88%
2026-04-07 05:11:14 - __main__ - INFO - saved best: 46.88%
2026-04-07 05:11:14 - __main__ - INFO - 
Epoch 100/100 | lr 0.000024
2026-04-07 05:11:45 - __main__ - INFO - Train: loss 0.0368 acc1 99.34%
2026-04-07 05:11:45 - __main__ - INFO - Val:   loss 3.3233 acc1 46.57%
2026-04-07 05:11:45 - __main__ - INFO - Loaded best checkpoint weights for final test evaluation.
2026-04-07 05:11:48 - __main__ - INFO - 
Best tracked (val): 46.88%
2026-04-07 05:11:48 - __main__ - INFO - Final test: loss 3.3383 acc1 46.89%
2026-04-07 05:11:53 - __main__ - INFO - Variant [original] done — test acc 46.89%, test loss 3.3383
2026-04-07 05:11:53 - __main__ - INFO - 
============================================================
2026-04-07 05:11:53 - __main__ - INFO - Training output model: efficientnet_b0 [low_saliency]
2026-04-07 05:11:53 - __main__ - INFO -   Resolved config → opt=sgd, lr=0.05, wd=0.0001, bs=128, epochs=100, scheduler=cosine, warmup=5
2026-04-07 05:11:53 - __main__ - INFO - ============================================================
2026-04-07 05:11:53 - __main__ - INFO -   Validation during training uses variant split with val_split=0.1
2026-04-07 05:11:53 - __main__ - INFO -   Final test uses low_saliency variant test split
2026-04-07 05:11:53 - __main__ - INFO - device: cuda | cuda: True | gpu: NVIDIA L4
2026-04-07 05:11:54 - __main__ - INFO - Model: efficientnet_b0 | Dataset: tiny_imagenet | Classes: 200 | Optimizer: sgd
2026-04-07 05:11:54 - __main__ - INFO - 
Epoch 1/100 | lr 0.000050
2026-04-07 05:12:26 - __main__ - INFO - Train: loss 5.3325 acc1 0.51%
2026-04-07 05:12:26 - __main__ - INFO - Val:   loss 5.3071 acc1 0.53%
2026-04-07 05:12:26 - __main__ - INFO - saved best: 0.53%
2026-04-07 05:12:26 - __main__ - INFO - 
Epoch 2/100 | lr 0.010040
2026-04-07 05:12:57 - __main__ - INFO - Train: loss 5.0185 acc1 2.45%
2026-04-07 05:12:57 - __main__ - INFO - Val:   loss 4.6266 acc1 5.23%
2026-04-07 05:12:57 - __main__ - INFO - saved best: 5.23%
2026-04-07 05:12:57 - __main__ - INFO - 
Epoch 3/100 | lr 0.020030
2026-04-07 05:13:28 - __main__ - INFO - Train: loss 4.3986 acc1 8.10%
2026-04-07 05:13:28 - __main__ - INFO - Val:   loss 4.1562 acc1 10.51%
2026-04-07 05:13:28 - __main__ - INFO - saved best: 10.51%
2026-04-07 05:13:28 - __main__ - INFO - 
Epoch 4/100 | lr 0.030020
2026-04-07 05:13:59 - __main__ - INFO - Train: loss 3.8494 acc1 14.78%
2026-04-07 05:13:59 - __main__ - INFO - Val:   loss 3.4979 acc1 20.64%
2026-04-07 05:13:59 - __main__ - INFO - saved best: 20.64%
2026-04-07 05:13:59 - __main__ - INFO - 
Epoch 5/100 | lr 0.040010
2026-04-07 05:14:31 - __main__ - INFO - Train: loss 3.4583 acc1 20.73%
2026-04-07 05:14:31 - __main__ - INFO - Val:   loss 3.1942 acc1 26.07%
2026-04-07 05:14:31 - __main__ - INFO - saved best: 26.07%
2026-04-07 05:14:31 - __main__ - INFO - 
Epoch 6/100 | lr 0.050000
2026-04-07 05:15:01 - __main__ - INFO - Train: loss 3.1979 acc1 25.26%
2026-04-07 05:15:01 - __main__ - INFO - Val:   loss 3.7785 acc1 18.73%
2026-04-07 05:15:01 - __main__ - INFO - 
Epoch 7/100 | lr 0.049986
2026-04-07 05:15:34 - __main__ - INFO - Train: loss 2.9609 acc1 29.79%
2026-04-07 05:15:34 - __main__ - INFO - Val:   loss 4.2888 acc1 19.47%
2026-04-07 05:15:34 - __main__ - INFO - 
Epoch 8/100 | lr 0.049945
2026-04-07 05:16:06 - __main__ - INFO - Train: loss 2.8487 acc1 32.06%
2026-04-07 05:16:06 - __main__ - INFO - Val:   loss 2.9660 acc1 30.23%
2026-04-07 05:16:06 - __main__ - INFO - saved best: 30.23%
2026-04-07 05:16:06 - __main__ - INFO - 
Epoch 9/100 | lr 0.049877
2026-04-07 05:16:37 - __main__ - INFO - Train: loss 2.7270 acc1 34.44%
2026-04-07 05:16:37 - __main__ - INFO - Val:   loss 3.3857 acc1 25.25%
2026-04-07 05:16:37 - __main__ - INFO - 
Epoch 10/100 | lr 0.049782
2026-04-07 05:17:08 - __main__ - INFO - Train: loss 2.6651 acc1 35.64%
2026-04-07 05:17:08 - __main__ - INFO - Val:   loss 11.9359 acc1 15.13%
2026-04-07 05:17:08 - __main__ - INFO - 
Epoch 11/100 | lr 0.049659
2026-04-07 05:17:41 - __main__ - INFO - Train: loss 2.4889 acc1 39.28%
2026-04-07 05:17:41 - __main__ - INFO - Val:   loss 4.9903 acc1 15.93%
2026-04-07 05:17:41 - __main__ - INFO - 
Epoch 12/100 | lr 0.049510
2026-04-07 05:18:12 - __main__ - INFO - Train: loss 2.4279 acc1 40.23%
2026-04-07 05:18:12 - __main__ - INFO - Val:   loss 2.4883 acc1 40.63%
2026-04-07 05:18:12 - __main__ - INFO - saved best: 40.63%
2026-04-07 05:18:12 - __main__ - INFO - 
Epoch 13/100 | lr 0.049333
2026-04-07 05:18:44 - __main__ - INFO - Train: loss 2.3161 acc1 42.57%
2026-04-07 05:18:44 - __main__ - INFO - Val:   loss 3.9329 acc1 39.64%
2026-04-07 05:18:44 - __main__ - INFO - 
Epoch 14/100 | lr 0.049130
2026-04-07 05:19:16 - __main__ - INFO - Train: loss 2.3314 acc1 42.48%
2026-04-07 05:19:16 - __main__ - INFO - Val:   loss 2.7744 acc1 38.56%
2026-04-07 05:19:16 - __main__ - INFO - 
Epoch 15/100 | lr 0.048901
2026-04-07 05:19:47 - __main__ - INFO - Train: loss 2.1708 acc1 45.54%
2026-04-07 05:19:47 - __main__ - INFO - Val:   loss 2.3876 acc1 42.44%
2026-04-07 05:19:47 - __main__ - INFO - saved best: 42.44%
2026-04-07 05:19:47 - __main__ - INFO - 
Epoch 16/100 | lr 0.048646
2026-04-07 05:20:17 - __main__ - INFO - Train: loss 2.1431 acc1 46.06%
2026-04-07 05:20:17 - __main__ - INFO - Val:   loss 2.3615 acc1 43.16%
2026-04-07 05:20:17 - __main__ - INFO - saved best: 43.16%
2026-04-07 05:20:17 - __main__ - INFO - 
Epoch 17/100 | lr 0.048364
2026-04-07 05:20:49 - __main__ - INFO - Train: loss 2.0994 acc1 46.82%
2026-04-07 05:20:49 - __main__ - INFO - Val:   loss 2.2908 acc1 45.42%
2026-04-07 05:20:49 - __main__ - INFO - saved best: 45.42%
2026-04-07 05:20:49 - __main__ - INFO - 
Epoch 18/100 | lr 0.048058
2026-04-07 05:21:19 - __main__ - INFO - Train: loss 1.9977 acc1 49.14%
2026-04-07 05:21:19 - __main__ - INFO - Val:   loss 4.8414 acc1 17.27%
2026-04-07 05:21:19 - __main__ - INFO - 
Epoch 19/100 | lr 0.047726
2026-04-07 05:21:51 - __main__ - INFO - Train: loss 1.9465 acc1 50.31%
2026-04-07 05:21:51 - __main__ - INFO - Val:   loss 2.4145 acc1 46.29%
2026-04-07 05:21:51 - __main__ - INFO - saved best: 46.29%
2026-04-07 05:21:51 - __main__ - INFO - 
Epoch 20/100 | lr 0.047369
2026-04-07 05:22:23 - __main__ - INFO - Train: loss 1.8683 acc1 52.03%
2026-04-07 05:22:23 - __main__ - INFO - Val:   loss 2.8852 acc1 36.50%
2026-04-07 05:22:23 - __main__ - INFO - 
Epoch 21/100 | lr 0.046987
2026-04-07 05:22:54 - __main__ - INFO - Train: loss 1.8153 acc1 52.98%
2026-04-07 05:22:54 - __main__ - INFO - Val:   loss 2.1618 acc1 47.12%
2026-04-07 05:22:54 - __main__ - INFO - saved best: 47.12%
2026-04-07 05:22:54 - __main__ - INFO - 
Epoch 22/100 | lr 0.046582
2026-04-07 05:23:26 - __main__ - INFO - Train: loss 1.7585 acc1 54.39%
2026-04-07 05:23:26 - __main__ - INFO - Val:   loss 2.4510 acc1 43.37%
2026-04-07 05:23:26 - __main__ - INFO - 
Epoch 23/100 | lr 0.046153
2026-04-07 05:23:58 - __main__ - INFO - Train: loss 1.7160 acc1 55.29%
2026-04-07 05:23:58 - __main__ - INFO - Val:   loss 2.1217 acc1 49.38%
2026-04-07 05:23:58 - __main__ - INFO - saved best: 49.38%
2026-04-07 05:23:58 - __main__ - INFO - 
Epoch 24/100 | lr 0.045701
2026-04-07 05:24:29 - __main__ - INFO - Train: loss 1.6711 acc1 56.08%
2026-04-07 05:24:29 - __main__ - INFO - Val:   loss 2.2501 acc1 46.31%
2026-04-07 05:24:29 - __main__ - INFO - 
Epoch 25/100 | lr 0.045226
2026-04-07 05:25:00 - __main__ - INFO - Train: loss 1.6264 acc1 57.26%
2026-04-07 05:25:00 - __main__ - INFO - Val:   loss 2.3811 acc1 45.11%
2026-04-07 05:25:00 - __main__ - INFO - 
Epoch 26/100 | lr 0.044730
2026-04-07 05:25:32 - __main__ - INFO - Train: loss 1.5852 acc1 57.81%
2026-04-07 05:25:32 - __main__ - INFO - Val:   loss 2.0942 acc1 49.91%
2026-04-07 05:25:32 - __main__ - INFO - saved best: 49.91%
2026-04-07 05:25:32 - __main__ - INFO - 
Epoch 27/100 | lr 0.044211
2026-04-07 05:26:04 - __main__ - INFO - Train: loss 1.5475 acc1 58.61%
2026-04-07 05:26:04 - __main__ - INFO - Val:   loss 2.1030 acc1 49.25%
2026-04-07 05:26:04 - __main__ - INFO - 
Epoch 28/100 | lr 0.043672
2026-04-07 05:26:36 - __main__ - INFO - Train: loss 1.5054 acc1 59.64%
2026-04-07 05:26:36 - __main__ - INFO - Val:   loss 2.2309 acc1 47.30%
2026-04-07 05:26:36 - __main__ - INFO - 
Epoch 29/100 | lr 0.043112
2026-04-07 05:27:08 - __main__ - INFO - Train: loss 1.4679 acc1 60.40%
2026-04-07 05:27:08 - __main__ - INFO - Val:   loss 2.3791 acc1 44.56%
2026-04-07 05:27:08 - __main__ - INFO - 
Epoch 30/100 | lr 0.042532
2026-04-07 05:27:39 - __main__ - INFO - Train: loss 1.4340 acc1 61.41%
2026-04-07 05:27:39 - __main__ - INFO - Val:   loss 2.3774 acc1 44.85%
2026-04-07 05:27:39 - __main__ - INFO - 
Epoch 31/100 | lr 0.041934
2026-04-07 05:28:12 - __main__ - INFO - Train: loss 1.3921 acc1 62.18%
2026-04-07 05:28:12 - __main__ - INFO - Val:   loss 2.1676 acc1 48.25%
2026-04-07 05:28:12 - __main__ - INFO - 
Epoch 32/100 | lr 0.041316
2026-04-07 05:28:45 - __main__ - INFO - Train: loss 1.3559 acc1 63.00%
2026-04-07 05:28:45 - __main__ - INFO - Val:   loss 2.0851 acc1 50.59%
2026-04-07 05:28:45 - __main__ - INFO - saved best: 50.59%
2026-04-07 05:28:45 - __main__ - INFO - 
Epoch 33/100 | lr 0.040681
2026-04-07 05:29:17 - __main__ - INFO - Train: loss 1.3218 acc1 63.71%
2026-04-07 05:29:17 - __main__ - INFO - Val:   loss 4.5428 acc1 24.33%
2026-04-07 05:29:17 - __main__ - INFO - 
Epoch 34/100 | lr 0.040029
2026-04-07 05:29:49 - __main__ - INFO - Train: loss 1.2837 acc1 64.44%
2026-04-07 05:29:49 - __main__ - INFO - Val:   loss 2.7563 acc1 40.53%
2026-04-07 05:29:49 - __main__ - INFO - 
Epoch 35/100 | lr 0.039360
2026-04-07 05:30:22 - __main__ - INFO - Train: loss 1.2511 acc1 65.36%
2026-04-07 05:30:22 - __main__ - INFO - Val:   loss 2.1550 acc1 49.49%
2026-04-07 05:30:22 - __main__ - INFO - 
Epoch 36/100 | lr 0.038676
2026-04-07 05:30:55 - __main__ - INFO - Train: loss 1.2170 acc1 66.09%
2026-04-07 05:30:55 - __main__ - INFO - Val:   loss 2.2402 acc1 47.92%
2026-04-07 05:30:55 - __main__ - INFO - 
Epoch 37/100 | lr 0.037977
2026-04-07 05:31:28 - __main__ - INFO - Train: loss 1.1752 acc1 66.91%
2026-04-07 05:31:28 - __main__ - INFO - Val:   loss 2.0181 acc1 52.58%
2026-04-07 05:31:28 - __main__ - INFO - saved best: 52.58%
2026-04-07 05:31:28 - __main__ - INFO - 
Epoch 38/100 | lr 0.037263
2026-04-07 05:31:59 - __main__ - INFO - Train: loss 1.1374 acc1 67.88%
2026-04-07 05:31:59 - __main__ - INFO - Val:   loss 2.0634 acc1 52.00%
2026-04-07 05:31:59 - __main__ - INFO - 
Epoch 39/100 | lr 0.036536
2026-04-07 05:32:31 - __main__ - INFO - Train: loss 1.1083 acc1 68.49%
2026-04-07 05:32:31 - __main__ - INFO - Val:   loss 2.8985 acc1 39.64%
2026-04-07 05:32:31 - __main__ - INFO - 
Epoch 40/100 | lr 0.035797
2026-04-07 05:33:02 - __main__ - INFO - Train: loss 1.0672 acc1 69.63%
2026-04-07 05:33:02 - __main__ - INFO - Val:   loss 3.2196 acc1 35.21%
2026-04-07 05:33:02 - __main__ - INFO - 
Epoch 41/100 | lr 0.035045
2026-04-07 05:33:34 - __main__ - INFO - Train: loss 1.0390 acc1 70.23%
2026-04-07 05:33:34 - __main__ - INFO - Val:   loss 2.0810 acc1 52.04%
2026-04-07 05:33:34 - __main__ - INFO - 
Epoch 42/100 | lr 0.034283
2026-04-07 05:34:06 - __main__ - INFO - Train: loss 1.0028 acc1 71.40%
2026-04-07 05:34:06 - __main__ - INFO - Val:   loss 2.1132 acc1 51.74%
2026-04-07 05:34:06 - __main__ - INFO - 
Epoch 43/100 | lr 0.033511
2026-04-07 05:34:38 - __main__ - INFO - Train: loss 0.9726 acc1 71.93%
2026-04-07 05:34:38 - __main__ - INFO - Val:   loss 2.1415 acc1 51.15%
2026-04-07 05:34:38 - __main__ - INFO - 
Epoch 44/100 | lr 0.032729
2026-04-07 05:35:09 - __main__ - INFO - Train: loss 0.9496 acc1 72.24%
2026-04-07 05:35:09 - __main__ - INFO - Val:   loss 2.1529 acc1 51.95%
2026-04-07 05:35:09 - __main__ - INFO - 
Epoch 45/100 | lr 0.031939
2026-04-07 05:35:41 - __main__ - INFO - Train: loss 0.9138 acc1 73.31%
2026-04-07 05:35:41 - __main__ - INFO - Val:   loss 2.1583 acc1 51.41%
2026-04-07 05:35:41 - __main__ - INFO - 
Epoch 46/100 | lr 0.031141
2026-04-07 05:36:13 - __main__ - INFO - Train: loss 0.8737 acc1 74.29%
2026-04-07 05:36:13 - __main__ - INFO - Val:   loss 3.5488 acc1 35.43%
2026-04-07 05:36:13 - __main__ - INFO - 
Epoch 47/100 | lr 0.030336
2026-04-07 05:36:46 - __main__ - INFO - Train: loss 0.8373 acc1 75.26%
2026-04-07 05:36:46 - __main__ - INFO - Val:   loss 2.2094 acc1 51.88%
2026-04-07 05:36:46 - __main__ - INFO - 
Epoch 48/100 | lr 0.029526
2026-04-07 05:37:17 - __main__ - INFO - Train: loss 0.8118 acc1 75.87%
2026-04-07 05:37:17 - __main__ - INFO - Val:   loss 3.1902 acc1 38.18%
2026-04-07 05:37:17 - __main__ - INFO - 
Epoch 49/100 | lr 0.028711
2026-04-07 05:37:49 - __main__ - INFO - Train: loss 0.7727 acc1 77.19%
2026-04-07 05:37:49 - __main__ - INFO - Val:   loss 2.2113 acc1 52.12%
2026-04-07 05:37:49 - __main__ - INFO - 
Epoch 50/100 | lr 0.027892
2026-04-07 05:38:21 - __main__ - INFO - Train: loss 0.7412 acc1 77.69%
2026-04-07 05:38:21 - __main__ - INFO - Val:   loss 2.1670 acc1 53.42%
2026-04-07 05:38:21 - __main__ - INFO - saved best: 53.42%
2026-04-07 05:38:21 - __main__ - INFO - 
Epoch 51/100 | lr 0.027069
2026-04-07 05:38:53 - __main__ - INFO - Train: loss 0.7075 acc1 78.80%
2026-04-07 05:38:53 - __main__ - INFO - Val:   loss 2.2078 acc1 52.56%
2026-04-07 05:38:53 - __main__ - INFO - 
Epoch 52/100 | lr 0.026244
2026-04-07 05:39:24 - __main__ - INFO - Train: loss 0.6753 acc1 79.74%
2026-04-07 05:39:24 - __main__ - INFO - Val:   loss 4.4965 acc1 28.85%
2026-04-07 05:39:24 - __main__ - INFO - 
Epoch 53/100 | lr 0.025418
2026-04-07 05:39:56 - __main__ - INFO - Train: loss 0.6380 acc1 80.68%
2026-04-07 05:39:56 - __main__ - INFO - Val:   loss 2.2491 acc1 52.85%
2026-04-07 05:39:56 - __main__ - INFO - 
Epoch 54/100 | lr 0.024592
2026-04-07 05:40:28 - __main__ - INFO - Train: loss 0.5993 acc1 81.76%
2026-04-07 05:40:28 - __main__ - INFO - Val:   loss 2.3077 acc1 52.29%
2026-04-07 05:40:28 - __main__ - INFO - 
Epoch 55/100 | lr 0.023766
2026-04-07 05:41:00 - __main__ - INFO - Train: loss 0.5748 acc1 82.45%
2026-04-07 05:41:00 - __main__ - INFO - Val:   loss 2.3798 acc1 51.48%
2026-04-07 05:41:00 - __main__ - INFO - 
Epoch 56/100 | lr 0.022941
2026-04-07 05:41:32 - __main__ - INFO - Train: loss 0.5497 acc1 83.29%
2026-04-07 05:41:32 - __main__ - INFO - Val:   loss 2.3771 acc1 51.89%
2026-04-07 05:41:32 - __main__ - INFO - 
Epoch 57/100 | lr 0.022118
2026-04-07 05:42:03 - __main__ - INFO - Train: loss 0.5119 acc1 84.13%
2026-04-07 05:42:03 - __main__ - INFO - Val:   loss 2.3171 acc1 53.34%
2026-04-07 05:42:03 - __main__ - INFO - 
Epoch 58/100 | lr 0.021299
2026-04-07 05:42:34 - __main__ - INFO - Train: loss 0.4863 acc1 84.92%
2026-04-07 05:42:34 - __main__ - INFO - Val:   loss 3.4110 acc1 39.85%
2026-04-07 05:42:34 - __main__ - INFO - 
Epoch 59/100 | lr 0.020484
2026-04-07 05:43:05 - __main__ - INFO - Train: loss 0.4470 acc1 86.15%
2026-04-07 05:43:05 - __main__ - INFO - Val:   loss 2.3782 acc1 53.04%
2026-04-07 05:43:05 - __main__ - INFO - 
Epoch 60/100 | lr 0.019674
2026-04-07 05:43:36 - __main__ - INFO - Train: loss 0.4223 acc1 87.03%
2026-04-07 05:43:36 - __main__ - INFO - Val:   loss 2.4338 acc1 52.68%
2026-04-07 05:43:36 - __main__ - INFO - 
Epoch 61/100 | lr 0.018869
2026-04-07 05:44:07 - __main__ - INFO - Train: loss 0.3921 acc1 87.94%
2026-04-07 05:44:07 - __main__ - INFO - Val:   loss 2.3221 acc1 54.47%
2026-04-07 05:44:07 - __main__ - INFO - saved best: 54.47%
2026-04-07 05:44:07 - __main__ - INFO - 
Epoch 62/100 | lr 0.018071
2026-04-07 05:44:39 - __main__ - INFO - Train: loss 0.3694 acc1 88.47%
2026-04-07 05:44:39 - __main__ - INFO - Val:   loss 3.0208 acc1 45.25%
2026-04-07 05:44:39 - __main__ - INFO - 
Epoch 63/100 | lr 0.017281
2026-04-07 05:45:10 - __main__ - INFO - Train: loss 0.3457 acc1 89.21%
2026-04-07 05:45:10 - __main__ - INFO - Val:   loss 2.3941 acc1 54.52%
2026-04-07 05:45:10 - __main__ - INFO - saved best: 54.52%
2026-04-07 05:45:10 - __main__ - INFO - 
Epoch 64/100 | lr 0.016499
2026-04-07 05:45:42 - __main__ - INFO - Train: loss 0.3220 acc1 90.09%
2026-04-07 05:45:42 - __main__ - INFO - Val:   loss 2.4386 acc1 53.52%
2026-04-07 05:45:42 - __main__ - INFO - 
Epoch 65/100 | lr 0.015727
2026-04-07 05:46:13 - __main__ - INFO - Train: loss 0.2989 acc1 90.72%
2026-04-07 05:46:13 - __main__ - INFO - Val:   loss 2.3933 acc1 54.32%
2026-04-07 05:46:13 - __main__ - INFO - 
Epoch 66/100 | lr 0.014965
2026-04-07 05:46:45 - __main__ - INFO - Train: loss 0.2681 acc1 91.71%
2026-04-07 05:46:45 - __main__ - INFO - Val:   loss 2.5019 acc1 52.91%
2026-04-07 05:46:45 - __main__ - INFO - 
Epoch 67/100 | lr 0.014213
2026-04-07 05:47:17 - __main__ - INFO - Train: loss 0.2490 acc1 92.49%
2026-04-07 05:47:17 - __main__ - INFO - Val:   loss 2.3731 acc1 55.22%
2026-04-07 05:47:17 - __main__ - INFO - saved best: 55.22%
2026-04-07 05:47:17 - __main__ - INFO - 
Epoch 68/100 | lr 0.013474
2026-04-07 05:47:48 - __main__ - INFO - Train: loss 0.2188 acc1 93.46%
2026-04-07 05:47:48 - __main__ - INFO - Val:   loss 2.3918 acc1 55.57%
2026-04-07 05:47:48 - __main__ - INFO - saved best: 55.57%
2026-04-07 05:47:48 - __main__ - INFO - 
Epoch 69/100 | lr 0.012747
2026-04-07 05:48:20 - __main__ - INFO - Train: loss 0.2046 acc1 93.85%
2026-04-07 05:48:20 - __main__ - INFO - Val:   loss 2.4294 acc1 54.87%
2026-04-07 05:48:20 - __main__ - INFO - 
Epoch 70/100 | lr 0.012033
2026-04-07 05:48:51 - __main__ - INFO - Train: loss 0.1908 acc1 94.40%
2026-04-07 05:48:51 - __main__ - INFO - Val:   loss 2.4166 acc1 55.95%
2026-04-07 05:48:51 - __main__ - INFO - saved best: 55.95%
2026-04-07 05:48:51 - __main__ - INFO - 
Epoch 71/100 | lr 0.011334
2026-04-07 05:49:23 - __main__ - INFO - Train: loss 0.1693 acc1 95.00%
2026-04-07 05:49:23 - __main__ - INFO - Val:   loss 2.4442 acc1 55.64%
2026-04-07 05:49:23 - __main__ - INFO - 
Epoch 72/100 | lr 0.010650
2026-04-07 05:49:54 - __main__ - INFO - Train: loss 0.1550 acc1 95.53%
2026-04-07 05:49:54 - __main__ - INFO - Val:   loss 2.4422 acc1 55.55%
2026-04-07 05:49:54 - __main__ - INFO - 
Epoch 73/100 | lr 0.009981
2026-04-07 05:50:25 - __main__ - INFO - Train: loss 0.1440 acc1 95.80%
2026-04-07 05:50:25 - __main__ - INFO - Val:   loss 2.4098 acc1 55.46%
2026-04-07 05:50:25 - __main__ - INFO - 
Epoch 74/100 | lr 0.009329
2026-04-07 05:50:56 - __main__ - INFO - Train: loss 0.1309 acc1 96.34%
2026-04-07 05:50:56 - __main__ - INFO - Val:   loss 2.4248 acc1 55.68%
2026-04-07 05:50:56 - __main__ - INFO - 
Epoch 75/100 | lr 0.008694
2026-04-07 05:51:28 - __main__ - INFO - Train: loss 0.1178 acc1 96.75%
2026-04-07 05:51:28 - __main__ - INFO - Val:   loss 2.4194 acc1 56.42%
2026-04-07 05:51:28 - __main__ - INFO - saved best: 56.42%
2026-04-07 05:51:28 - __main__ - INFO - 
Epoch 76/100 | lr 0.008076
2026-04-07 05:52:01 - __main__ - INFO - Train: loss 0.1040 acc1 97.28%
2026-04-07 05:52:01 - __main__ - INFO - Val:   loss 2.4147 acc1 56.79%
2026-04-07 05:52:01 - __main__ - INFO - saved best: 56.79%
2026-04-07 05:52:01 - __main__ - INFO - 
Epoch 77/100 | lr 0.007478
2026-04-07 05:52:32 - __main__ - INFO - Train: loss 0.0960 acc1 97.51%
2026-04-07 05:52:32 - __main__ - INFO - Val:   loss 2.4124 acc1 56.86%
2026-04-07 05:52:32 - __main__ - INFO - saved best: 56.86%
2026-04-07 05:52:32 - __main__ - INFO - 
Epoch 78/100 | lr 0.006898
2026-04-07 05:53:04 - __main__ - INFO - Train: loss 0.0896 acc1 97.63%
2026-04-07 05:53:04 - __main__ - INFO - Val:   loss 2.4198 acc1 56.76%
2026-04-07 05:53:04 - __main__ - INFO - 
Epoch 79/100 | lr 0.006338
2026-04-07 05:53:35 - __main__ - INFO - Train: loss 0.0826 acc1 97.96%
2026-04-07 05:53:35 - __main__ - INFO - Val:   loss 2.4063 acc1 56.80%
2026-04-07 05:53:35 - __main__ - INFO - 
Epoch 80/100 | lr 0.005799
2026-04-07 05:54:07 - __main__ - INFO - Train: loss 0.0775 acc1 98.12%
2026-04-07 05:54:07 - __main__ - INFO - Val:   loss 2.4080 acc1 56.89%
2026-04-07 05:54:07 - __main__ - INFO - saved best: 56.89%
2026-04-07 05:54:07 - __main__ - INFO - 
Epoch 81/100 | lr 0.005280
2026-04-07 05:54:39 - __main__ - INFO - Train: loss 0.0723 acc1 98.24%
2026-04-07 05:54:39 - __main__ - INFO - Val:   loss 2.4254 acc1 56.61%
2026-04-07 05:54:39 - __main__ - INFO - 
Epoch 82/100 | lr 0.004784
2026-04-07 05:55:11 - __main__ - INFO - Train: loss 0.0662 acc1 98.41%
2026-04-07 05:55:11 - __main__ - INFO - Val:   loss 2.4158 acc1 57.14%
2026-04-07 05:55:11 - __main__ - INFO - saved best: 57.14%
2026-04-07 05:55:11 - __main__ - INFO - 
Epoch 83/100 | lr 0.004309
2026-04-07 05:55:42 - __main__ - INFO - Train: loss 0.0639 acc1 98.53%
2026-04-07 05:55:42 - __main__ - INFO - Val:   loss 2.4026 acc1 57.25%
2026-04-07 05:55:42 - __main__ - INFO - saved best: 57.25%
2026-04-07 05:55:42 - __main__ - INFO - 
Epoch 84/100 | lr 0.003857
2026-04-07 05:56:13 - __main__ - INFO - Train: loss 0.0582 acc1 98.72%
2026-04-07 05:56:13 - __main__ - INFO - Val:   loss 2.3959 acc1 57.17%
2026-04-07 05:56:13 - __main__ - INFO - 
Epoch 85/100 | lr 0.003428
2026-04-07 05:56:44 - __main__ - INFO - Train: loss 0.0548 acc1 98.86%
2026-04-07 05:56:44 - __main__ - INFO - Val:   loss 2.4083 acc1 57.40%
2026-04-07 05:56:44 - __main__ - INFO - saved best: 57.40%
2026-04-07 05:56:44 - __main__ - INFO - 
Epoch 86/100 | lr 0.003023
2026-04-07 05:57:15 - __main__ - INFO - Train: loss 0.0530 acc1 98.86%
2026-04-07 05:57:15 - __main__ - INFO - Val:   loss 2.4047 acc1 57.31%
2026-04-07 05:57:15 - __main__ - INFO - 
Epoch 87/100 | lr 0.002641
2026-04-07 05:57:46 - __main__ - INFO - Train: loss 0.0499 acc1 98.97%
2026-04-07 05:57:46 - __main__ - INFO - Val:   loss 2.3965 acc1 57.46%
2026-04-07 05:57:46 - __main__ - INFO - saved best: 57.46%
2026-04-07 05:57:46 - __main__ - INFO - 
Epoch 88/100 | lr 0.002284
2026-04-07 05:58:17 - __main__ - INFO - Train: loss 0.0483 acc1 99.01%
2026-04-07 05:58:17 - __main__ - INFO - Val:   loss 2.3935 acc1 57.48%
2026-04-07 05:58:17 - __main__ - INFO - saved best: 57.48%
2026-04-07 05:58:17 - __main__ - INFO - 
Epoch 89/100 | lr 0.001952
2026-04-07 05:58:48 - __main__ - INFO - Train: loss 0.0471 acc1 99.05%
2026-04-07 05:58:48 - __main__ - INFO - Val:   loss 2.3903 acc1 57.44%
2026-04-07 05:58:48 - __main__ - INFO - 
Epoch 90/100 | lr 0.001646
2026-04-07 05:59:18 - __main__ - INFO - Train: loss 0.0443 acc1 99.10%
2026-04-07 05:59:18 - __main__ - INFO - Val:   loss 2.3943 acc1 57.47%
2026-04-07 05:59:18 - __main__ - INFO - 
Epoch 91/100 | lr 0.001364
2026-04-07 05:59:50 - __main__ - INFO - Train: loss 0.0439 acc1 99.12%
2026-04-07 05:59:50 - __main__ - INFO - Val:   loss 2.3813 acc1 57.86%
2026-04-07 05:59:50 - __main__ - INFO - saved best: 57.86%
2026-04-07 05:59:50 - __main__ - INFO - 
Epoch 92/100 | lr 0.001109
2026-04-07 06:00:20 - __main__ - INFO - Train: loss 0.0423 acc1 99.16%
2026-04-07 06:00:20 - __main__ - INFO - Val:   loss 2.3713 acc1 57.88%
2026-04-07 06:00:20 - __main__ - INFO - saved best: 57.88%
2026-04-07 06:00:20 - __main__ - INFO - 
Epoch 93/100 | lr 0.000880
2026-04-07 06:00:51 - __main__ - INFO - Train: loss 0.0406 acc1 99.24%
2026-04-07 06:00:51 - __main__ - INFO - Val:   loss 2.3876 acc1 57.45%
2026-04-07 06:00:51 - __main__ - INFO - 
Epoch 94/100 | lr 0.000677
2026-04-07 06:01:21 - __main__ - INFO - Train: loss 0.0415 acc1 99.22%
2026-04-07 06:01:21 - __main__ - INFO - Val:   loss 2.3814 acc1 57.58%
2026-04-07 06:01:21 - __main__ - INFO - 
Epoch 95/100 | lr 0.000500
2026-04-07 06:01:51 - __main__ - INFO - Train: loss 0.0398 acc1 99.26%
2026-04-07 06:01:51 - __main__ - INFO - Val:   loss 2.3716 acc1 57.60%
2026-04-07 06:01:51 - __main__ - INFO - 
Epoch 96/100 | lr 0.000351
2026-04-07 06:02:21 - __main__ - INFO - Train: loss 0.0391 acc1 99.29%
2026-04-07 06:02:21 - __main__ - INFO - Val:   loss 2.3777 acc1 57.40%
2026-04-07 06:02:21 - __main__ - INFO - 
Epoch 97/100 | lr 0.000228
2026-04-07 06:02:52 - __main__ - INFO - Train: loss 0.0393 acc1 99.29%
2026-04-07 06:02:52 - __main__ - INFO - Val:   loss 2.3816 acc1 57.39%
2026-04-07 06:02:52 - __main__ - INFO - 
Epoch 98/100 | lr 0.000133
2026-04-07 06:03:22 - __main__ - INFO - Train: loss 0.0385 acc1 99.29%
2026-04-07 06:03:22 - __main__ - INFO - Val:   loss 2.3796 acc1 57.52%
2026-04-07 06:03:22 - __main__ - INFO - 
Epoch 99/100 | lr 0.000065
2026-04-07 06:03:53 - __main__ - INFO - Train: loss 0.0388 acc1 99.26%
2026-04-07 06:03:53 - __main__ - INFO - Val:   loss 2.3701 acc1 57.45%
2026-04-07 06:03:53 - __main__ - INFO - 
Epoch 100/100 | lr 0.000024
2026-04-07 06:04:24 - __main__ - INFO - Train: loss 0.0380 acc1 99.31%
2026-04-07 06:04:24 - __main__ - INFO - Val:   loss 2.3768 acc1 57.66%
2026-04-07 06:04:24 - __main__ - INFO - Loaded best checkpoint weights for final test evaluation.
2026-04-07 06:04:25 - __main__ - INFO - 
Best tracked (val): 57.88%
2026-04-07 06:04:25 - __main__ - INFO - Final test: loss 3.6046 acc1 50.79%
2026-04-07 06:04:29 - __main__ - INFO - Variant [low_saliency] done — test acc 50.79%, test loss 3.6046
2026-04-07 06:04:29 - __main__ - INFO - 
============================================================
2026-04-07 06:04:29 - __main__ - INFO - Training output model: efficientnet_b0 [random_sparsity]
2026-04-07 06:04:29 - __main__ - INFO -   Resolved config → opt=sgd, lr=0.05, wd=0.0001, bs=128, epochs=100, scheduler=cosine, warmup=5
2026-04-07 06:04:29 - __main__ - INFO - ============================================================
2026-04-07 06:04:29 - __main__ - INFO -   Validation during training uses variant split with val_split=0.1
2026-04-07 06:04:29 - __main__ - INFO -   Final test uses random_sparsity variant test split
2026-04-07 06:04:30 - __main__ - INFO - device: cuda | cuda: True | gpu: NVIDIA L4
2026-04-07 06:04:30 - __main__ - INFO - Model: efficientnet_b0 | Dataset: tiny_imagenet | Classes: 200 | Optimizer: sgd
2026-04-07 06:04:30 - __main__ - INFO - 
Epoch 1/100 | lr 0.000050
2026-04-07 06:05:02 - __main__ - INFO - Train: loss 5.3356 acc1 0.56%
2026-04-07 06:05:02 - __main__ - INFO - Val:   loss 5.3394 acc1 0.46%
2026-04-07 06:05:02 - __main__ - INFO - saved best: 0.46%
2026-04-07 06:05:02 - __main__ - INFO - 
Epoch 2/100 | lr 0.010040
2026-04-07 06:05:33 - __main__ - INFO - Train: loss 5.0812 acc1 2.08%
2026-04-07 06:05:33 - __main__ - INFO - Val:   loss 4.8145 acc1 3.78%
2026-04-07 06:05:33 - __main__ - INFO - saved best: 3.78%
2026-04-07 06:05:33 - __main__ - INFO - 
Epoch 3/100 | lr 0.020030
2026-04-07 06:06:03 - __main__ - INFO - Train: loss 4.5896 acc1 5.82%
2026-04-07 06:06:03 - __main__ - INFO - Val:   loss 4.3620 acc1 8.73%
2026-04-07 06:06:03 - __main__ - INFO - saved best: 8.73%
2026-04-07 06:06:03 - __main__ - INFO - 
Epoch 4/100 | lr 0.030020
2026-04-07 06:06:34 - __main__ - INFO - Train: loss 4.2268 acc1 10.26%
2026-04-07 06:06:34 - __main__ - INFO - Val:   loss 4.0133 acc1 13.73%
2026-04-07 06:06:34 - __main__ - INFO - saved best: 13.73%
2026-04-07 06:06:34 - __main__ - INFO - 
Epoch 5/100 | lr 0.040010
2026-04-07 06:07:04 - __main__ - INFO - Train: loss 3.9303 acc1 14.36%
2026-04-07 06:07:04 - __main__ - INFO - Val:   loss 3.7435 acc1 17.67%
2026-04-07 06:07:04 - __main__ - INFO - saved best: 17.67%
2026-04-07 06:07:04 - __main__ - INFO - 
Epoch 6/100 | lr 0.050000
2026-04-07 06:07:34 - __main__ - INFO - Train: loss 3.6827 acc1 18.26%
2026-04-07 06:07:34 - __main__ - INFO - Val:   loss 3.6642 acc1 18.75%
2026-04-07 06:07:34 - __main__ - INFO - saved best: 18.75%
2026-04-07 06:07:34 - __main__ - INFO - 
Epoch 7/100 | lr 0.049986
2026-04-07 06:08:05 - __main__ - INFO - Train: loss 3.4796 acc1 21.22%
2026-04-07 06:08:05 - __main__ - INFO - Val:   loss 3.4207 acc1 22.22%
2026-04-07 06:08:05 - __main__ - INFO - saved best: 22.22%
2026-04-07 06:08:05 - __main__ - INFO - 
Epoch 8/100 | lr 0.049945
2026-04-07 06:08:34 - __main__ - INFO - Train: loss 3.3038 acc1 24.35%
2026-04-07 06:08:34 - __main__ - INFO - Val:   loss 3.3145 acc1 24.35%
2026-04-07 06:08:34 - __main__ - INFO - saved best: 24.35%
2026-04-07 06:08:34 - __main__ - INFO - 
Epoch 9/100 | lr 0.049877
2026-04-07 06:09:05 - __main__ - INFO - Train: loss 3.1842 acc1 26.35%
2026-04-07 06:09:05 - __main__ - INFO - Val:   loss 3.1531 acc1 27.78%
2026-04-07 06:09:05 - __main__ - INFO - saved best: 27.78%
2026-04-07 06:09:05 - __main__ - INFO - 
Epoch 10/100 | lr 0.049782
2026-04-07 06:09:35 - __main__ - INFO - Train: loss 3.0855 acc1 28.20%
2026-04-07 06:09:35 - __main__ - INFO - Val:   loss 3.1590 acc1 27.68%
2026-04-07 06:09:35 - __main__ - INFO - 
Epoch 11/100 | lr 0.049659
2026-04-07 06:10:05 - __main__ - INFO - Train: loss 2.9526 acc1 30.54%
2026-04-07 06:10:05 - __main__ - INFO - Val:   loss 3.0214 acc1 29.62%
2026-04-07 06:10:05 - __main__ - INFO - saved best: 29.62%
2026-04-07 06:10:05 - __main__ - INFO - 
Epoch 12/100 | lr 0.049510
2026-04-07 06:10:36 - __main__ - INFO - Train: loss 2.8592 acc1 32.12%
2026-04-07 06:10:36 - __main__ - INFO - Val:   loss 3.0223 acc1 30.00%
2026-04-07 06:10:36 - __main__ - INFO - saved best: 30.00%
2026-04-07 06:10:36 - __main__ - INFO - 
Epoch 13/100 | lr 0.049333
2026-04-07 06:11:07 - __main__ - INFO - Train: loss 2.8007 acc1 33.40%
2026-04-07 06:11:07 - __main__ - INFO - Val:   loss 2.8985 acc1 32.72%
2026-04-07 06:11:07 - __main__ - INFO - saved best: 32.72%
2026-04-07 06:11:07 - __main__ - INFO - 
Epoch 14/100 | lr 0.049130
2026-04-07 06:11:37 - __main__ - INFO - Train: loss 2.7360 acc1 34.58%
2026-04-07 06:11:37 - __main__ - INFO - Val:   loss 2.8876 acc1 32.38%
2026-04-07 06:11:37 - __main__ - INFO - 
Epoch 15/100 | lr 0.048901
2026-04-07 06:12:08 - __main__ - INFO - Train: loss 2.6716 acc1 35.97%
2026-04-07 06:12:08 - __main__ - INFO - Val:   loss 2.8402 acc1 33.32%
2026-04-07 06:12:08 - __main__ - INFO - saved best: 33.32%
2026-04-07 06:12:08 - __main__ - INFO - 
Epoch 16/100 | lr 0.048646
2026-04-07 06:12:39 - __main__ - INFO - Train: loss 2.6490 acc1 36.19%
2026-04-07 06:12:39 - __main__ - INFO - Val:   loss 3.0238 acc1 32.47%
2026-04-07 06:12:39 - __main__ - INFO - 
Epoch 17/100 | lr 0.048364
2026-04-07 06:13:09 - __main__ - INFO - Train: loss 2.6207 acc1 36.76%
2026-04-07 06:13:09 - __main__ - INFO - Val:   loss 2.8286 acc1 34.27%
2026-04-07 06:13:09 - __main__ - INFO - saved best: 34.27%
2026-04-07 06:13:09 - __main__ - INFO - 
Epoch 18/100 | lr 0.048058
2026-04-07 06:13:40 - __main__ - INFO - Train: loss 2.5308 acc1 38.37%
2026-04-07 06:13:40 - __main__ - INFO - Val:   loss 3.0330 acc1 31.55%
2026-04-07 06:13:40 - __main__ - INFO - 
Epoch 19/100 | lr 0.047726
2026-04-07 06:14:11 - __main__ - INFO - Train: loss 2.4814 acc1 39.38%
2026-04-07 06:14:11 - __main__ - INFO - Val:   loss 2.7881 acc1 35.05%
2026-04-07 06:14:11 - __main__ - INFO - saved best: 35.05%
2026-04-07 06:14:11 - __main__ - INFO - 
Epoch 20/100 | lr 0.047369
2026-04-07 06:14:41 - __main__ - INFO - Train: loss 2.3972 acc1 41.00%
2026-04-07 06:14:41 - __main__ - INFO - Val:   loss 2.7575 acc1 35.65%
2026-04-07 06:14:41 - __main__ - INFO - saved best: 35.65%
2026-04-07 06:14:41 - __main__ - INFO - 
Epoch 21/100 | lr 0.046987
2026-04-07 06:15:11 - __main__ - INFO - Train: loss 2.3447 acc1 42.16%
2026-04-07 06:15:11 - __main__ - INFO - Val:   loss 2.7361 acc1 36.82%
2026-04-07 06:15:11 - __main__ - INFO - saved best: 36.82%
2026-04-07 06:15:11 - __main__ - INFO - 
Epoch 22/100 | lr 0.046582
2026-04-07 06:15:42 - __main__ - INFO - Train: loss 2.2913 acc1 43.18%
2026-04-07 06:15:42 - __main__ - INFO - Val:   loss 2.7510 acc1 35.92%
2026-04-07 06:15:42 - __main__ - INFO - 
Epoch 23/100 | lr 0.046153
2026-04-07 06:16:13 - __main__ - INFO - Train: loss 2.2483 acc1 43.96%
2026-04-07 06:16:13 - __main__ - INFO - Val:   loss 2.7092 acc1 37.45%
2026-04-07 06:16:13 - __main__ - INFO - saved best: 37.45%
2026-04-07 06:16:13 - __main__ - INFO - 
Epoch 24/100 | lr 0.045701
2026-04-07 06:16:44 - __main__ - INFO - Train: loss 2.1920 acc1 45.05%
2026-04-07 06:16:44 - __main__ - INFO - Val:   loss 2.6790 acc1 37.73%
2026-04-07 06:16:44 - __main__ - INFO - saved best: 37.73%
2026-04-07 06:16:44 - __main__ - INFO - 
Epoch 25/100 | lr 0.045226
2026-04-07 06:17:15 - __main__ - INFO - Train: loss 2.1423 acc1 45.96%
2026-04-07 06:17:15 - __main__ - INFO - Val:   loss 2.6864 acc1 37.75%
2026-04-07 06:17:15 - __main__ - INFO - saved best: 37.75%
2026-04-07 06:17:15 - __main__ - INFO - 
Epoch 26/100 | lr 0.044730
2026-04-07 06:17:45 - __main__ - INFO - Train: loss 2.1003 acc1 46.82%
2026-04-07 06:17:45 - __main__ - INFO - Val:   loss 2.6410 acc1 38.35%
2026-04-07 06:17:45 - __main__ - INFO - saved best: 38.35%
2026-04-07 06:17:45 - __main__ - INFO - 
Epoch 27/100 | lr 0.044211
2026-04-07 06:18:16 - __main__ - INFO - Train: loss 2.0608 acc1 47.66%
2026-04-07 06:18:16 - __main__ - INFO - Val:   loss 2.6557 acc1 38.29%
2026-04-07 06:18:16 - __main__ - INFO - 
Epoch 28/100 | lr 0.043672
2026-04-07 06:18:47 - __main__ - INFO - Train: loss 2.0172 acc1 48.53%
2026-04-07 06:18:47 - __main__ - INFO - Val:   loss 2.6621 acc1 38.80%
2026-04-07 06:18:47 - __main__ - INFO - saved best: 38.80%
2026-04-07 06:18:47 - __main__ - INFO - 
Epoch 29/100 | lr 0.043112
2026-04-07 06:19:18 - __main__ - INFO - Train: loss 1.9693 acc1 49.61%
2026-04-07 06:19:18 - __main__ - INFO - Val:   loss 2.6915 acc1 38.74%
2026-04-07 06:19:18 - __main__ - INFO - 
Epoch 30/100 | lr 0.042532
2026-04-07 06:19:48 - __main__ - INFO - Train: loss 1.9333 acc1 50.35%
2026-04-07 06:19:48 - __main__ - INFO - Val:   loss 2.6366 acc1 39.07%
2026-04-07 06:19:48 - __main__ - INFO - saved best: 39.07%
2026-04-07 06:19:48 - __main__ - INFO - 
Epoch 31/100 | lr 0.041934
2026-04-07 06:20:20 - __main__ - INFO - Train: loss 1.8850 acc1 51.23%
2026-04-07 06:20:20 - __main__ - INFO - Val:   loss 2.6574 acc1 39.55%
2026-04-07 06:20:20 - __main__ - INFO - saved best: 39.55%
2026-04-07 06:20:20 - __main__ - INFO - 
Epoch 32/100 | lr 0.041316
2026-04-07 06:20:51 - __main__ - INFO - Train: loss 1.8417 acc1 52.09%
2026-04-07 06:20:51 - __main__ - INFO - Val:   loss 2.7016 acc1 38.53%
2026-04-07 06:20:51 - __main__ - INFO - 
Epoch 33/100 | lr 0.040681
2026-04-07 06:21:22 - __main__ - INFO - Train: loss 1.8054 acc1 53.02%
2026-04-07 06:21:22 - __main__ - INFO - Val:   loss 2.6715 acc1 38.87%
2026-04-07 06:21:22 - __main__ - INFO - 
Epoch 34/100 | lr 0.040029
2026-04-07 06:21:52 - __main__ - INFO - Train: loss 1.7627 acc1 53.75%
2026-04-07 06:21:52 - __main__ - INFO - Val:   loss 2.6453 acc1 40.19%
2026-04-07 06:21:52 - __main__ - INFO - saved best: 40.19%
2026-04-07 06:21:52 - __main__ - INFO - 
Epoch 35/100 | lr 0.039360
2026-04-07 06:22:23 - __main__ - INFO - Train: loss 1.7188 acc1 54.60%
2026-04-07 06:22:23 - __main__ - INFO - Val:   loss 2.6993 acc1 39.16%
2026-04-07 06:22:23 - __main__ - INFO - 
Epoch 36/100 | lr 0.038676
2026-04-07 06:22:54 - __main__ - INFO - Train: loss 1.6763 acc1 55.42%
2026-04-07 06:22:54 - __main__ - INFO - Val:   loss 2.7067 acc1 39.84%
2026-04-07 06:22:54 - __main__ - INFO - 
Epoch 37/100 | lr 0.037977
2026-04-07 06:23:24 - __main__ - INFO - Train: loss 1.6267 acc1 56.72%
2026-04-07 06:23:24 - __main__ - INFO - Val:   loss 2.7417 acc1 39.75%
2026-04-07 06:23:24 - __main__ - INFO - 
Epoch 38/100 | lr 0.037263
2026-04-07 06:23:55 - __main__ - INFO - Train: loss 1.5892 acc1 57.29%
2026-04-07 06:23:55 - __main__ - INFO - Val:   loss 2.7966 acc1 39.17%
2026-04-07 06:23:55 - __main__ - INFO - 
Epoch 39/100 | lr 0.036536
2026-04-07 06:24:26 - __main__ - INFO - Train: loss 1.5436 acc1 58.47%
2026-04-07 06:24:26 - __main__ - INFO - Val:   loss 2.7596 acc1 39.06%
2026-04-07 06:24:26 - __main__ - INFO - 
Epoch 40/100 | lr 0.035797
2026-04-07 06:24:56 - __main__ - INFO - Train: loss 1.5021 acc1 59.30%
2026-04-07 06:24:56 - __main__ - INFO - Val:   loss 2.7813 acc1 39.14%
2026-04-07 06:24:56 - __main__ - INFO - 
Epoch 41/100 | lr 0.035045
2026-04-07 06:25:26 - __main__ - INFO - Train: loss 1.4564 acc1 60.34%
2026-04-07 06:25:26 - __main__ - INFO - Val:   loss 2.8174 acc1 38.93%
2026-04-07 06:25:26 - __main__ - INFO - 
Epoch 42/100 | lr 0.034283
2026-04-07 06:25:57 - __main__ - INFO - Train: loss 1.4061 acc1 61.49%
2026-04-07 06:25:57 - __main__ - INFO - Val:   loss 2.7527 acc1 40.05%
2026-04-07 06:25:57 - __main__ - INFO - 
Epoch 43/100 | lr 0.033511
2026-04-07 06:26:27 - __main__ - INFO - Train: loss 1.3723 acc1 62.19%
2026-04-07 06:26:27 - __main__ - INFO - Val:   loss 2.8612 acc1 39.25%
2026-04-07 06:26:27 - __main__ - INFO - 
Epoch 44/100 | lr 0.032729
2026-04-07 06:26:58 - __main__ - INFO - Train: loss 1.3281 acc1 63.32%
2026-04-07 06:26:58 - __main__ - INFO - Val:   loss 2.8501 acc1 40.29%
2026-04-07 06:26:58 - __main__ - INFO - saved best: 40.29%
2026-04-07 06:26:58 - __main__ - INFO - 
Epoch 45/100 | lr 0.031939
2026-04-07 06:27:28 - __main__ - INFO - Train: loss 1.2757 acc1 64.48%
2026-04-07 06:27:28 - __main__ - INFO - Val:   loss 2.8576 acc1 40.08%
2026-04-07 06:27:28 - __main__ - INFO - 
Epoch 46/100 | lr 0.031141
2026-04-07 06:27:59 - __main__ - INFO - Train: loss 1.2326 acc1 65.34%
2026-04-07 06:27:59 - __main__ - INFO - Val:   loss 2.9176 acc1 38.55%
2026-04-07 06:27:59 - __main__ - INFO - 
Epoch 47/100 | lr 0.030336
2026-04-07 06:28:31 - __main__ - INFO - Train: loss 1.1905 acc1 66.43%
2026-04-07 06:28:31 - __main__ - INFO - Val:   loss 2.9555 acc1 39.76%
2026-04-07 06:28:31 - __main__ - INFO - 
Epoch 48/100 | lr 0.029526
2026-04-07 06:29:02 - __main__ - INFO - Train: loss 1.1415 acc1 67.61%
2026-04-07 06:29:02 - __main__ - INFO - Val:   loss 2.9867 acc1 38.97%
2026-04-07 06:29:02 - __main__ - INFO - 
Epoch 49/100 | lr 0.028711
2026-04-07 06:29:32 - __main__ - INFO - Train: loss 1.0851 acc1 69.07%
2026-04-07 06:29:32 - __main__ - INFO - Val:   loss 2.9882 acc1 39.74%
2026-04-07 06:29:32 - __main__ - INFO - 
Epoch 50/100 | lr 0.027892
2026-04-07 06:30:02 - __main__ - INFO - Train: loss 1.0544 acc1 69.64%
2026-04-07 06:30:02 - __main__ - INFO - Val:   loss 3.0277 acc1 39.51%
2026-04-07 06:30:02 - __main__ - INFO - 
Epoch 51/100 | lr 0.027069
2026-04-07 06:30:34 - __main__ - INFO - Train: loss 0.9996 acc1 71.14%
2026-04-07 06:30:34 - __main__ - INFO - Val:   loss 3.0959 acc1 39.61%
2026-04-07 06:30:34 - __main__ - INFO - 
Epoch 52/100 | lr 0.026244
2026-04-07 06:31:05 - __main__ - INFO - Train: loss 0.9553 acc1 72.17%
2026-04-07 06:31:05 - __main__ - INFO - Val:   loss 3.0848 acc1 39.76%
2026-04-07 06:31:05 - __main__ - INFO - 
Epoch 53/100 | lr 0.025418
2026-04-07 06:31:37 - __main__ - INFO - Train: loss 0.9098 acc1 73.44%
2026-04-07 06:31:37 - __main__ - INFO - Val:   loss 3.1411 acc1 39.83%
2026-04-07 06:31:37 - __main__ - INFO - 
Epoch 54/100 | lr 0.024592
2026-04-07 06:32:08 - __main__ - INFO - Train: loss 0.8624 acc1 74.72%
2026-04-07 06:32:08 - __main__ - INFO - Val:   loss 3.1241 acc1 39.79%
2026-04-07 06:32:08 - __main__ - INFO - 
Epoch 55/100 | lr 0.023766
2026-04-07 06:32:38 - __main__ - INFO - Train: loss 0.8169 acc1 75.91%
2026-04-07 06:32:38 - __main__ - INFO - Val:   loss 3.2018 acc1 39.46%
2026-04-07 06:32:38 - __main__ - INFO - 
Epoch 56/100 | lr 0.022941
2026-04-07 06:33:09 - __main__ - INFO - Train: loss 0.7739 acc1 76.96%
2026-04-07 06:33:09 - __main__ - INFO - Val:   loss 3.2483 acc1 39.14%
2026-04-07 06:33:09 - __main__ - INFO - 
Epoch 57/100 | lr 0.022118
2026-04-07 06:33:40 - __main__ - INFO - Train: loss 0.7183 acc1 78.46%
2026-04-07 06:33:40 - __main__ - INFO - Val:   loss 3.2628 acc1 39.52%
2026-04-07 06:33:40 - __main__ - INFO - 
Epoch 58/100 | lr 0.021299
2026-04-07 06:34:10 - __main__ - INFO - Train: loss 0.6865 acc1 79.32%
2026-04-07 06:34:10 - __main__ - INFO - Val:   loss 3.3129 acc1 38.91%
2026-04-07 06:34:10 - __main__ - INFO - 
Epoch 59/100 | lr 0.020484
2026-04-07 06:34:41 - __main__ - INFO - Train: loss 0.6466 acc1 80.53%
2026-04-07 06:34:41 - __main__ - INFO - Val:   loss 3.3626 acc1 39.36%
2026-04-07 06:34:41 - __main__ - INFO - 
Epoch 60/100 | lr 0.019674
2026-04-07 06:35:11 - __main__ - INFO - Train: loss 0.5983 acc1 81.95%
2026-04-07 06:35:11 - __main__ - INFO - Val:   loss 3.3960 acc1 39.48%
2026-04-07 06:35:11 - __main__ - INFO - 
Epoch 61/100 | lr 0.018869
2026-04-07 06:35:42 - __main__ - INFO - Train: loss 0.5557 acc1 83.12%
2026-04-07 06:35:42 - __main__ - INFO - Val:   loss 3.3730 acc1 40.31%
2026-04-07 06:35:42 - __main__ - INFO - saved best: 40.31%
2026-04-07 06:35:42 - __main__ - INFO - 
Epoch 62/100 | lr 0.018071
2026-04-07 06:36:13 - __main__ - INFO - Train: loss 0.5132 acc1 84.34%
2026-04-07 06:36:13 - __main__ - INFO - Val:   loss 3.4707 acc1 40.69%
2026-04-07 06:36:13 - __main__ - INFO - saved best: 40.69%
2026-04-07 06:36:13 - __main__ - INFO - 
Epoch 63/100 | lr 0.017281
2026-04-07 06:36:44 - __main__ - INFO - Train: loss 0.4718 acc1 85.65%
2026-04-07 06:36:44 - __main__ - INFO - Val:   loss 3.4721 acc1 40.28%
2026-04-07 06:36:44 - __main__ - INFO - 
Epoch 64/100 | lr 0.016499
2026-04-07 06:37:14 - __main__ - INFO - Train: loss 0.4451 acc1 86.44%
2026-04-07 06:37:14 - __main__ - INFO - Val:   loss 3.5102 acc1 40.06%
2026-04-07 06:37:14 - __main__ - INFO - 
Epoch 65/100 | lr 0.015727
2026-04-07 06:37:45 - __main__ - INFO - Train: loss 0.4084 acc1 87.57%
2026-04-07 06:37:45 - __main__ - INFO - Val:   loss 3.5371 acc1 39.57%
2026-04-07 06:37:45 - __main__ - INFO - 
Epoch 66/100 | lr 0.014965
2026-04-07 06:38:16 - __main__ - INFO - Train: loss 0.3656 acc1 88.96%
2026-04-07 06:38:16 - __main__ - INFO - Val:   loss 3.5283 acc1 40.05%
2026-04-07 06:38:16 - __main__ - INFO - 
Epoch 67/100 | lr 0.014213
2026-04-07 06:38:47 - __main__ - INFO - Train: loss 0.3406 acc1 89.59%
2026-04-07 06:38:47 - __main__ - INFO - Val:   loss 3.5655 acc1 41.22%
2026-04-07 06:38:47 - __main__ - INFO - saved best: 41.22%
2026-04-07 06:38:47 - __main__ - INFO - 
Epoch 68/100 | lr 0.013474
2026-04-07 06:39:16 - __main__ - INFO - Train: loss 0.3086 acc1 90.71%
2026-04-07 06:39:16 - __main__ - INFO - Val:   loss 3.5820 acc1 40.57%
2026-04-07 06:39:16 - __main__ - INFO - 
Epoch 69/100 | lr 0.012747
2026-04-07 06:39:48 - __main__ - INFO - Train: loss 0.2709 acc1 91.97%
2026-04-07 06:39:48 - __main__ - INFO - Val:   loss 3.5883 acc1 41.11%
2026-04-07 06:39:48 - __main__ - INFO - 
Epoch 70/100 | lr 0.012033
2026-04-07 06:40:20 - __main__ - INFO - Train: loss 0.2456 acc1 92.75%
2026-04-07 06:40:20 - __main__ - INFO - Val:   loss 3.6281 acc1 41.15%
2026-04-07 06:40:20 - __main__ - INFO - 
Epoch 71/100 | lr 0.011334
2026-04-07 06:40:50 - __main__ - INFO - Train: loss 0.2290 acc1 93.32%
2026-04-07 06:40:50 - __main__ - INFO - Val:   loss 3.6277 acc1 40.80%
2026-04-07 06:40:50 - __main__ - INFO - 
Epoch 72/100 | lr 0.010650
2026-04-07 06:41:20 - __main__ - INFO - Train: loss 0.2045 acc1 94.13%
2026-04-07 06:41:20 - __main__ - INFO - Val:   loss 3.6798 acc1 41.17%
2026-04-07 06:41:20 - __main__ - INFO - 
Epoch 73/100 | lr 0.009981
2026-04-07 06:41:51 - __main__ - INFO - Train: loss 0.1837 acc1 94.86%
2026-04-07 06:41:51 - __main__ - INFO - Val:   loss 3.6765 acc1 41.25%
2026-04-07 06:41:51 - __main__ - INFO - saved best: 41.25%
2026-04-07 06:41:51 - __main__ - INFO - 
Epoch 74/100 | lr 0.009329
2026-04-07 06:42:23 - __main__ - INFO - Train: loss 0.1645 acc1 95.48%
2026-04-07 06:42:23 - __main__ - INFO - Val:   loss 3.6894 acc1 41.78%
2026-04-07 06:42:23 - __main__ - INFO - saved best: 41.78%
2026-04-07 06:42:23 - __main__ - INFO - 
Epoch 75/100 | lr 0.008694
2026-04-07 06:42:53 - __main__ - INFO - Train: loss 0.1530 acc1 95.74%
2026-04-07 06:42:53 - __main__ - INFO - Val:   loss 3.6693 acc1 41.54%
2026-04-07 06:42:53 - __main__ - INFO - 
Epoch 76/100 | lr 0.008076
2026-04-07 06:43:26 - __main__ - INFO - Train: loss 0.1360 acc1 96.38%
2026-04-07 06:43:26 - __main__ - INFO - Val:   loss 3.6623 acc1 42.39%
2026-04-07 06:43:26 - __main__ - INFO - saved best: 42.39%
2026-04-07 06:43:26 - __main__ - INFO - 
Epoch 77/100 | lr 0.007478
2026-04-07 06:43:56 - __main__ - INFO - Train: loss 0.1257 acc1 96.72%
2026-04-07 06:43:56 - __main__ - INFO - Val:   loss 3.6934 acc1 42.04%
2026-04-07 06:43:56 - __main__ - INFO - 
Epoch 78/100 | lr 0.006898
2026-04-07 06:44:27 - __main__ - INFO - Train: loss 0.1112 acc1 97.16%
2026-04-07 06:44:27 - __main__ - INFO - Val:   loss 3.6790 acc1 41.73%
2026-04-07 06:44:27 - __main__ - INFO - 
Epoch 79/100 | lr 0.006338
2026-04-07 06:44:58 - __main__ - INFO - Train: loss 0.1046 acc1 97.32%
2026-04-07 06:44:58 - __main__ - INFO - Val:   loss 3.6835 acc1 41.81%
2026-04-07 06:44:58 - __main__ - INFO - 
Epoch 80/100 | lr 0.005799
2026-04-07 06:45:29 - __main__ - INFO - Train: loss 0.0955 acc1 97.66%
2026-04-07 06:45:29 - __main__ - INFO - Val:   loss 3.6831 acc1 42.05%
2026-04-07 06:45:29 - __main__ - INFO - 
Epoch 81/100 | lr 0.005280
2026-04-07 06:46:00 - __main__ - INFO - Train: loss 0.0866 acc1 97.94%
2026-04-07 06:46:00 - __main__ - INFO - Val:   loss 3.6486 acc1 42.26%
2026-04-07 06:46:00 - __main__ - INFO - 
Epoch 82/100 | lr 0.004784
2026-04-07 06:46:32 - __main__ - INFO - Train: loss 0.0813 acc1 98.10%
2026-04-07 06:46:32 - __main__ - INFO - Val:   loss 3.6750 acc1 42.49%
2026-04-07 06:46:32 - __main__ - INFO - saved best: 42.49%
2026-04-07 06:46:32 - __main__ - INFO - 
Epoch 83/100 | lr 0.004309
2026-04-07 06:47:04 - __main__ - INFO - Train: loss 0.0753 acc1 98.30%
2026-04-07 06:47:04 - __main__ - INFO - Val:   loss 3.6719 acc1 42.80%
2026-04-07 06:47:04 - __main__ - INFO - saved best: 42.80%
2026-04-07 06:47:04 - __main__ - INFO - 
Epoch 84/100 | lr 0.003857
2026-04-07 06:47:36 - __main__ - INFO - Train: loss 0.0684 acc1 98.49%
2026-04-07 06:47:36 - __main__ - INFO - Val:   loss 3.6753 acc1 42.53%
2026-04-07 06:47:36 - __main__ - INFO - 
Epoch 85/100 | lr 0.003428
2026-04-07 06:48:07 - __main__ - INFO - Train: loss 0.0683 acc1 98.51%
2026-04-07 06:48:07 - __main__ - INFO - Val:   loss 3.6894 acc1 42.70%
2026-04-07 06:48:07 - __main__ - INFO - 
Epoch 86/100 | lr 0.003023
2026-04-07 06:48:40 - __main__ - INFO - Train: loss 0.0631 acc1 98.65%
2026-04-07 06:48:40 - __main__ - INFO - Val:   loss 3.7118 acc1 42.45%
2026-04-07 06:48:40 - __main__ - INFO - 
Epoch 87/100 | lr 0.002641
2026-04-07 06:49:11 - __main__ - INFO - Train: loss 0.0584 acc1 98.81%
2026-04-07 06:49:11 - __main__ - INFO - Val:   loss 3.6800 acc1 42.47%
2026-04-07 06:49:11 - __main__ - INFO - 
Epoch 88/100 | lr 0.002284
2026-04-07 06:49:43 - __main__ - INFO - Train: loss 0.0572 acc1 98.83%
2026-04-07 06:49:43 - __main__ - INFO - Val:   loss 3.6800 acc1 42.57%
2026-04-07 06:49:43 - __main__ - INFO - 
Epoch 89/100 | lr 0.001952
2026-04-07 06:50:15 - __main__ - INFO - Train: loss 0.0561 acc1 98.86%
2026-04-07 06:50:15 - __main__ - INFO - Val:   loss 3.6672 acc1 42.77%
2026-04-07 06:50:15 - __main__ - INFO - 
Epoch 90/100 | lr 0.001646
2026-04-07 06:50:45 - __main__ - INFO - Train: loss 0.0529 acc1 98.94%
2026-04-07 06:50:45 - __main__ - INFO - Val:   loss 3.6719 acc1 42.97%
2026-04-07 06:50:45 - __main__ - INFO - saved best: 42.97%
2026-04-07 06:50:45 - __main__ - INFO - 
Epoch 91/100 | lr 0.001364
2026-04-07 06:51:16 - __main__ - INFO - Train: loss 0.0521 acc1 98.96%
2026-04-07 06:51:16 - __main__ - INFO - Val:   loss 3.6652 acc1 43.04%
2026-04-07 06:51:16 - __main__ - INFO - saved best: 43.04%
2026-04-07 06:51:16 - __main__ - INFO - 
Epoch 92/100 | lr 0.001109
2026-04-07 06:51:48 - __main__ - INFO - Train: loss 0.0490 acc1 99.08%
2026-04-07 06:51:48 - __main__ - INFO - Val:   loss 3.6560 acc1 42.89%
2026-04-07 06:51:48 - __main__ - INFO - 
Epoch 93/100 | lr 0.000880
2026-04-07 06:52:19 - __main__ - INFO - Train: loss 0.0486 acc1 99.08%
2026-04-07 06:52:19 - __main__ - INFO - Val:   loss 3.6685 acc1 42.57%
2026-04-07 06:52:19 - __main__ - INFO - 
Epoch 94/100 | lr 0.000677
2026-04-07 06:52:50 - __main__ - INFO - Train: loss 0.0472 acc1 99.10%
2026-04-07 06:52:50 - __main__ - INFO - Val:   loss 3.6633 acc1 42.66%
2026-04-07 06:52:50 - __main__ - INFO - 
Epoch 95/100 | lr 0.000500
2026-04-07 06:53:21 - __main__ - INFO - Train: loss 0.0465 acc1 99.15%
2026-04-07 06:53:21 - __main__ - INFO - Val:   loss 3.6494 acc1 42.82%
2026-04-07 06:53:21 - __main__ - INFO - 
Epoch 96/100 | lr 0.000351
2026-04-07 06:53:53 - __main__ - INFO - Train: loss 0.0472 acc1 99.09%
2026-04-07 06:53:53 - __main__ - INFO - Val:   loss 3.6579 acc1 42.73%
2026-04-07 06:53:53 - __main__ - INFO - 
Epoch 97/100 | lr 0.000228
2026-04-07 06:54:24 - __main__ - INFO - Train: loss 0.0470 acc1 99.12%
2026-04-07 06:54:24 - __main__ - INFO - Val:   loss 3.6448 acc1 42.72%
2026-04-07 06:54:24 - __main__ - INFO - 
Epoch 98/100 | lr 0.000133
2026-04-07 06:54:56 - __main__ - INFO - Train: loss 0.0448 acc1 99.20%
2026-04-07 06:54:56 - __main__ - INFO - Val:   loss 3.6551 acc1 42.93%
2026-04-07 06:54:56 - __main__ - INFO - 
Epoch 99/100 | lr 0.000065
2026-04-07 06:55:28 - __main__ - INFO - Train: loss 0.0462 acc1 99.13%
2026-04-07 06:55:28 - __main__ - INFO - Val:   loss 3.6577 acc1 43.04%
2026-04-07 06:55:28 - __main__ - INFO - 
Epoch 100/100 | lr 0.000024
2026-04-07 06:55:59 - __main__ - INFO - Train: loss 0.0451 acc1 99.20%
2026-04-07 06:55:59 - __main__ - INFO - Val:   loss 3.6476 acc1 42.70%
2026-04-07 06:55:59 - __main__ - INFO - Loaded best checkpoint weights for final test evaluation.
2026-04-07 06:56:01 - __main__ - INFO - 
Best tracked (val): 43.04%
2026-04-07 06:56:01 - __main__ - INFO - Final test: loss 3.9305 acc1 41.93%
2026-04-07 06:56:07 - __main__ - INFO - Variant [random_sparsity] done — test acc 41.93%, test loss 3.9305
2026-04-07 06:56:07 - __main__ - INFO - 
============================================================
2026-04-07 06:56:07 - __main__ - INFO - Training output model: efficientnet_b0 [shuffled_cam_low_saliency]
2026-04-07 06:56:07 - __main__ - INFO -   Resolved config → opt=sgd, lr=0.05, wd=0.0001, bs=128, epochs=100, scheduler=cosine, warmup=5
2026-04-07 06:56:07 - __main__ - INFO - ============================================================
2026-04-07 06:56:07 - __main__ - INFO -   Validation during training uses variant split with val_split=0.1
2026-04-07 06:56:07 - __main__ - INFO -   Final test uses shuffled_cam_low_saliency variant test split
2026-04-07 06:56:07 - __main__ - INFO - device: cuda | cuda: True | gpu: NVIDIA L4
2026-04-07 06:56:08 - __main__ - INFO - Model: efficientnet_b0 | Dataset: tiny_imagenet | Classes: 200 | Optimizer: sgd
2026-04-07 06:56:08 - __main__ - INFO - 
Epoch 1/100 | lr 0.000050
2026-04-07 06:56:40 - __main__ - INFO - Train: loss 5.3305 acc1 0.59%
2026-04-07 06:56:40 - __main__ - INFO - Val:   loss 5.3297 acc1 0.53%
2026-04-07 06:56:40 - __main__ - INFO - saved best: 0.53%
2026-04-07 06:56:40 - __main__ - INFO - 
Epoch 2/100 | lr 0.010040
2026-04-07 06:57:13 - __main__ - INFO - Train: loss 5.1353 acc1 1.75%
2026-04-07 06:57:13 - __main__ - INFO - Val:   loss 4.8215 acc1 3.68%
2026-04-07 06:57:13 - __main__ - INFO - saved best: 3.68%
2026-04-07 06:57:13 - __main__ - INFO - 
Epoch 3/100 | lr 0.020030
2026-04-07 06:57:45 - __main__ - INFO - Train: loss 4.6315 acc1 5.53%
2026-04-07 06:57:45 - __main__ - INFO - Val:   loss 4.3837 acc1 7.76%
2026-04-07 06:57:45 - __main__ - INFO - saved best: 7.76%
2026-04-07 06:57:45 - __main__ - INFO - 
Epoch 4/100 | lr 0.030020
2026-04-07 06:58:16 - __main__ - INFO - Train: loss 4.2189 acc1 10.09%
2026-04-07 06:58:16 - __main__ - INFO - Val:   loss 4.0598 acc1 11.97%
2026-04-07 06:58:16 - __main__ - INFO - saved best: 11.97%
2026-04-07 06:58:16 - __main__ - INFO - 
Epoch 5/100 | lr 0.040010
2026-04-07 06:58:47 - __main__ - INFO - Train: loss 3.9209 acc1 14.30%
2026-04-07 06:58:47 - __main__ - INFO - Val:   loss 4.2682 acc1 10.46%
2026-04-07 06:58:47 - __main__ - INFO - 
Epoch 6/100 | lr 0.050000
2026-04-07 06:59:18 - __main__ - INFO - Train: loss 3.7285 acc1 17.31%
2026-04-07 06:59:18 - __main__ - INFO - Val:   loss 3.6004 acc1 18.01%
2026-04-07 06:59:18 - __main__ - INFO - saved best: 18.01%
2026-04-07 06:59:18 - __main__ - INFO - 
Epoch 7/100 | lr 0.049986
2026-04-07 06:59:49 - __main__ - INFO - Train: loss 3.5375 acc1 20.52%
2026-04-07 06:59:49 - __main__ - INFO - Val:   loss 3.6196 acc1 19.54%
2026-04-07 06:59:49 - __main__ - INFO - saved best: 19.54%
2026-04-07 06:59:49 - __main__ - INFO - 
Epoch 8/100 | lr 0.049945
2026-04-07 07:00:21 - __main__ - INFO - Train: loss 3.3684 acc1 23.17%
2026-04-07 07:00:21 - __main__ - INFO - Val:   loss 3.6144 acc1 21.07%
2026-04-07 07:00:21 - __main__ - INFO - saved best: 21.07%
2026-04-07 07:00:21 - __main__ - INFO - 
Epoch 9/100 | lr 0.049877
2026-04-07 07:00:52 - __main__ - INFO - Train: loss 3.2642 acc1 25.05%
2026-04-07 07:00:52 - __main__ - INFO - Val:   loss 4.8937 acc1 12.34%
2026-04-07 07:00:52 - __main__ - INFO - 
Epoch 10/100 | lr 0.049782
2026-04-07 07:01:24 - __main__ - INFO - Train: loss 3.2343 acc1 25.76%
2026-04-07 07:01:24 - __main__ - INFO - Val:   loss 3.2222 acc1 25.79%
2026-04-07 07:01:24 - __main__ - INFO - saved best: 25.79%
2026-04-07 07:01:24 - __main__ - INFO - 
Epoch 11/100 | lr 0.049659
2026-04-07 07:01:55 - __main__ - INFO - Train: loss 3.0849 acc1 28.48%
2026-04-07 07:01:55 - __main__ - INFO - Val:   loss 3.1517 acc1 27.75%
2026-04-07 07:01:55 - __main__ - INFO - saved best: 27.75%
2026-04-07 07:01:55 - __main__ - INFO - 
Epoch 12/100 | lr 0.049510
2026-04-07 07:02:26 - __main__ - INFO - Train: loss 3.0078 acc1 29.65%
2026-04-07 07:02:26 - __main__ - INFO - Val:   loss 3.0746 acc1 28.47%
2026-04-07 07:02:26 - __main__ - INFO - saved best: 28.47%
2026-04-07 07:02:26 - __main__ - INFO - 
Epoch 13/100 | lr 0.049333
2026-04-07 07:02:58 - __main__ - INFO - Train: loss 2.9206 acc1 31.40%
2026-04-07 07:02:58 - __main__ - INFO - Val:   loss 3.5651 acc1 25.05%
2026-04-07 07:02:58 - __main__ - INFO - 
Epoch 14/100 | lr 0.049130
2026-04-07 07:03:30 - __main__ - INFO - Train: loss 2.8573 acc1 32.38%
2026-04-07 07:03:30 - __main__ - INFO - Val:   loss 3.2677 acc1 26.91%
2026-04-07 07:03:30 - __main__ - INFO - 
Epoch 15/100 | lr 0.048901
2026-04-07 07:04:00 - __main__ - INFO - Train: loss 2.7967 acc1 33.48%
2026-04-07 07:04:00 - __main__ - INFO - Val:   loss 3.0067 acc1 30.90%
2026-04-07 07:04:00 - __main__ - INFO - saved best: 30.90%
2026-04-07 07:04:00 - __main__ - INFO - 
Epoch 16/100 | lr 0.048646
2026-04-07 07:04:31 - __main__ - INFO - Train: loss 2.7209 acc1 35.01%
2026-04-07 07:04:31 - __main__ - INFO - Val:   loss 3.0926 acc1 29.99%
2026-04-07 07:04:31 - __main__ - INFO - 
Epoch 17/100 | lr 0.048364
2026-04-07 07:05:02 - __main__ - INFO - Train: loss 2.6612 acc1 36.23%
2026-04-07 07:05:02 - __main__ - INFO - Val:   loss 3.3711 acc1 27.95%
2026-04-07 07:05:02 - __main__ - INFO - 
Epoch 18/100 | lr 0.048058
2026-04-07 07:05:34 - __main__ - INFO - Train: loss 2.6377 acc1 36.40%
2026-04-07 07:05:34 - __main__ - INFO - Val:   loss 2.8741 acc1 33.50%
2026-04-07 07:05:34 - __main__ - INFO - saved best: 33.50%
2026-04-07 07:05:34 - __main__ - INFO - 
Epoch 19/100 | lr 0.047726
2026-04-07 07:06:06 - __main__ - INFO - Train: loss 2.5832 acc1 37.64%
2026-04-07 07:06:06 - __main__ - INFO - Val:   loss 3.1292 acc1 30.05%
2026-04-07 07:06:06 - __main__ - INFO - 
Epoch 20/100 | lr 0.047369
2026-04-07 07:06:37 - __main__ - INFO - Train: loss 2.5239 acc1 38.83%
2026-04-07 07:06:37 - __main__ - INFO - Val:   loss 3.1743 acc1 29.28%
2026-04-07 07:06:37 - __main__ - INFO - 
Epoch 21/100 | lr 0.046987
2026-04-07 07:07:07 - __main__ - INFO - Train: loss 2.4691 acc1 39.72%
2026-04-07 07:07:07 - __main__ - INFO - Val:   loss 3.0296 acc1 33.18%
2026-04-07 07:07:07 - __main__ - INFO - 
Epoch 22/100 | lr 0.046582
2026-04-07 07:07:38 - __main__ - INFO - Train: loss 2.4194 acc1 40.79%
2026-04-07 07:07:38 - __main__ - INFO - Val:   loss 2.8355 acc1 35.08%
2026-04-07 07:07:38 - __main__ - INFO - saved best: 35.08%
2026-04-07 07:07:38 - __main__ - INFO - 
Epoch 23/100 | lr 0.046153
2026-04-07 07:08:09 - __main__ - INFO - Train: loss 2.3715 acc1 41.83%
2026-04-07 07:08:09 - __main__ - INFO - Val:   loss 2.9224 acc1 33.92%
2026-04-07 07:08:09 - __main__ - INFO - 
Epoch 24/100 | lr 0.045701
2026-04-07 07:08:39 - __main__ - INFO - Train: loss 2.3294 acc1 42.37%
2026-04-07 07:08:39 - __main__ - INFO - Val:   loss 2.9320 acc1 34.03%
2026-04-07 07:08:39 - __main__ - INFO - 
Epoch 25/100 | lr 0.045226
2026-04-07 07:09:11 - __main__ - INFO - Train: loss 2.2761 acc1 43.54%
2026-04-07 07:09:11 - __main__ - INFO - Val:   loss 3.1396 acc1 31.12%
2026-04-07 07:09:11 - __main__ - INFO - 
Epoch 26/100 | lr 0.044730
2026-04-07 07:09:42 - __main__ - INFO - Train: loss 2.2299 acc1 44.35%
2026-04-07 07:09:42 - __main__ - INFO - Val:   loss 2.7893 acc1 35.49%
2026-04-07 07:09:42 - __main__ - INFO - saved best: 35.49%
2026-04-07 07:09:42 - __main__ - INFO - 
Epoch 27/100 | lr 0.044211
2026-04-07 07:10:13 - __main__ - INFO - Train: loss 2.1818 acc1 45.46%
2026-04-07 07:10:13 - __main__ - INFO - Val:   loss 2.8903 acc1 34.91%
2026-04-07 07:10:13 - __main__ - INFO - 
Epoch 28/100 | lr 0.043672
2026-04-07 07:10:44 - __main__ - INFO - Train: loss 2.1553 acc1 45.81%
2026-04-07 07:10:44 - __main__ - INFO - Val:   loss 2.7945 acc1 36.04%
2026-04-07 07:10:44 - __main__ - INFO - saved best: 36.04%
2026-04-07 07:10:44 - __main__ - INFO - 
Epoch 29/100 | lr 0.043112
2026-04-07 07:11:16 - __main__ - INFO - Train: loss 2.1031 acc1 46.74%
2026-04-07 07:11:16 - __main__ - INFO - Val:   loss 3.0045 acc1 34.07%
2026-04-07 07:11:16 - __main__ - INFO - 
Epoch 30/100 | lr 0.042532
2026-04-07 07:11:48 - __main__ - INFO - Train: loss 2.0681 acc1 47.61%
2026-04-07 07:11:48 - __main__ - INFO - Val:   loss 2.7936 acc1 36.52%
2026-04-07 07:11:48 - __main__ - INFO - saved best: 36.52%
2026-04-07 07:11:48 - __main__ - INFO - 
Epoch 31/100 | lr 0.041934
2026-04-07 07:12:19 - __main__ - INFO - Train: loss 2.0218 acc1 48.48%
2026-04-07 07:12:19 - __main__ - INFO - Val:   loss 2.7450 acc1 37.58%
2026-04-07 07:12:19 - __main__ - INFO - saved best: 37.58%
2026-04-07 07:12:19 - __main__ - INFO - 
Epoch 32/100 | lr 0.041316
2026-04-07 07:12:50 - __main__ - INFO - Train: loss 1.9779 acc1 49.39%
2026-04-07 07:12:50 - __main__ - INFO - Val:   loss 2.8025 acc1 37.10%
2026-04-07 07:12:50 - __main__ - INFO - 
Epoch 33/100 | lr 0.040681
2026-04-07 07:13:21 - __main__ - INFO - Train: loss 1.9369 acc1 50.19%
2026-04-07 07:13:21 - __main__ - INFO - Val:   loss 2.7768 acc1 37.13%
2026-04-07 07:13:21 - __main__ - INFO - 
Epoch 34/100 | lr 0.040029
2026-04-07 07:13:52 - __main__ - INFO - Train: loss 1.8971 acc1 50.83%
2026-04-07 07:13:52 - __main__ - INFO - Val:   loss 2.7573 acc1 37.91%
2026-04-07 07:13:52 - __main__ - INFO - saved best: 37.91%
2026-04-07 07:13:52 - __main__ - INFO - 
Epoch 35/100 | lr 0.039360
2026-04-07 07:14:23 - __main__ - INFO - Train: loss 1.8509 acc1 52.02%
2026-04-07 07:14:23 - __main__ - INFO - Val:   loss 3.3867 acc1 29.87%
2026-04-07 07:14:23 - __main__ - INFO - 
Epoch 36/100 | lr 0.038676
2026-04-07 07:14:54 - __main__ - INFO - Train: loss 1.8063 acc1 53.05%
2026-04-07 07:14:54 - __main__ - INFO - Val:   loss 2.7674 acc1 38.35%
2026-04-07 07:14:54 - __main__ - INFO - saved best: 38.35%
2026-04-07 07:14:54 - __main__ - INFO - 
Epoch 37/100 | lr 0.037977
2026-04-07 07:15:26 - __main__ - INFO - Train: loss 1.7741 acc1 53.53%
2026-04-07 07:15:26 - __main__ - INFO - Val:   loss 2.8235 acc1 38.16%
2026-04-07 07:15:26 - __main__ - INFO - 
Epoch 38/100 | lr 0.037263
2026-04-07 07:15:58 - __main__ - INFO - Train: loss 1.7249 acc1 54.61%
2026-04-07 07:15:58 - __main__ - INFO - Val:   loss 2.8910 acc1 37.48%
2026-04-07 07:15:58 - __main__ - INFO - 
Epoch 39/100 | lr 0.036536
2026-04-07 07:16:29 - __main__ - INFO - Train: loss 1.6834 acc1 55.71%
2026-04-07 07:16:29 - __main__ - INFO - Val:   loss 3.0893 acc1 34.23%
2026-04-07 07:16:29 - __main__ - INFO - 
Epoch 40/100 | lr 0.035797
2026-04-07 07:17:01 - __main__ - INFO - Train: loss 1.6418 acc1 56.36%
2026-04-07 07:17:01 - __main__ - INFO - Val:   loss 3.2054 acc1 32.78%
2026-04-07 07:17:01 - __main__ - INFO - 
Epoch 41/100 | lr 0.035045
2026-04-07 07:17:32 - __main__ - INFO - Train: loss 1.5978 acc1 57.10%
2026-04-07 07:17:32 - __main__ - INFO - Val:   loss 2.9081 acc1 37.57%
2026-04-07 07:17:32 - __main__ - INFO - 
Epoch 42/100 | lr 0.034283
2026-04-07 07:18:04 - __main__ - INFO - Train: loss 1.5550 acc1 58.11%
2026-04-07 07:18:04 - __main__ - INFO - Val:   loss 2.8221 acc1 38.50%
2026-04-07 07:18:04 - __main__ - INFO - saved best: 38.50%
2026-04-07 07:18:04 - __main__ - INFO - 
Epoch 43/100 | lr 0.033511
2026-04-07 07:18:35 - __main__ - INFO - Train: loss 1.5132 acc1 59.06%
2026-04-07 07:18:35 - __main__ - INFO - Val:   loss 2.9508 acc1 37.61%
2026-04-07 07:18:35 - __main__ - INFO - 
Epoch 44/100 | lr 0.032729
2026-04-07 07:19:07 - __main__ - INFO - Train: loss 1.4726 acc1 59.99%
2026-04-07 07:19:07 - __main__ - INFO - Val:   loss 2.9957 acc1 37.66%
2026-04-07 07:19:07 - __main__ - INFO - 
Epoch 45/100 | lr 0.031939
2026-04-07 07:19:38 - __main__ - INFO - Train: loss 1.4245 acc1 60.98%
2026-04-07 07:19:38 - __main__ - INFO - Val:   loss 2.9986 acc1 37.69%
2026-04-07 07:19:38 - __main__ - INFO - 
Epoch 46/100 | lr 0.031141
2026-04-07 07:20:10 - __main__ - INFO - Train: loss 1.3725 acc1 62.18%
2026-04-07 07:20:10 - __main__ - INFO - Val:   loss 2.9978 acc1 37.83%
2026-04-07 07:20:10 - __main__ - INFO - 
Epoch 47/100 | lr 0.030336
2026-04-07 07:20:41 - __main__ - INFO - Train: loss 1.3330 acc1 62.94%
2026-04-07 07:20:41 - __main__ - INFO - Val:   loss 3.0862 acc1 37.07%
2026-04-07 07:20:41 - __main__ - INFO - 
Epoch 48/100 | lr 0.029526
2026-04-07 07:21:12 - __main__ - INFO - Train: loss 1.2937 acc1 63.99%
2026-04-07 07:21:12 - __main__ - INFO - Val:   loss 3.1652 acc1 36.21%
2026-04-07 07:21:12 - __main__ - INFO - 
Epoch 49/100 | lr 0.028711
2026-04-07 07:21:44 - __main__ - INFO - Train: loss 1.2363 acc1 65.35%
2026-04-07 07:21:44 - __main__ - INFO - Val:   loss 3.0984 acc1 37.65%
2026-04-07 07:21:44 - __main__ - INFO - 
Epoch 50/100 | lr 0.027892
2026-04-07 07:22:15 - __main__ - INFO - Train: loss 1.1931 acc1 66.30%
2026-04-07 07:22:15 - __main__ - INFO - Val:   loss 3.1003 acc1 37.69%
2026-04-07 07:22:15 - __main__ - INFO - 
Epoch 51/100 | lr 0.027069
2026-04-07 07:22:47 - __main__ - INFO - Train: loss 1.1500 acc1 67.28%
2026-04-07 07:22:47 - __main__ - INFO - Val:   loss 3.1441 acc1 37.69%
2026-04-07 07:22:47 - __main__ - INFO - 
Epoch 52/100 | lr 0.026244
2026-04-07 07:23:19 - __main__ - INFO - Train: loss 1.1066 acc1 68.28%
2026-04-07 07:23:19 - __main__ - INFO - Val:   loss 3.2209 acc1 36.79%
2026-04-07 07:23:19 - __main__ - INFO - 
Epoch 53/100 | lr 0.025418
2026-04-07 07:23:51 - __main__ - INFO - Train: loss 1.0628 acc1 69.53%
2026-04-07 07:23:51 - __main__ - INFO - Val:   loss 3.2163 acc1 37.46%
2026-04-07 07:23:51 - __main__ - INFO - 
Epoch 54/100 | lr 0.024592
2026-04-07 07:24:22 - __main__ - INFO - Train: loss 1.0192 acc1 70.63%
2026-04-07 07:24:22 - __main__ - INFO - Val:   loss 3.2265 acc1 38.08%
2026-04-07 07:24:22 - __main__ - INFO - 
Epoch 55/100 | lr 0.023766
2026-04-07 07:24:53 - __main__ - INFO - Train: loss 0.9710 acc1 71.84%
2026-04-07 07:24:53 - __main__ - INFO - Val:   loss 3.2414 acc1 37.65%
2026-04-07 07:24:53 - __main__ - INFO - 
Epoch 56/100 | lr 0.022941
2026-04-07 07:25:25 - __main__ - INFO - Train: loss 0.9232 acc1 73.08%
2026-04-07 07:25:25 - __main__ - INFO - Val:   loss 3.2658 acc1 38.22%
2026-04-07 07:25:25 - __main__ - INFO - 
Epoch 57/100 | lr 0.022118
2026-04-07 07:25:56 - __main__ - INFO - Train: loss 0.8716 acc1 74.47%
2026-04-07 07:25:56 - __main__ - INFO - Val:   loss 3.3389 acc1 37.79%
2026-04-07 07:25:56 - __main__ - INFO - 
Epoch 58/100 | lr 0.021299
2026-04-07 07:26:26 - __main__ - INFO - Train: loss 0.8338 acc1 75.43%
2026-04-07 07:26:26 - __main__ - INFO - Val:   loss 3.4156 acc1 37.95%
2026-04-07 07:26:26 - __main__ - INFO - 
Epoch 59/100 | lr 0.020484
2026-04-07 07:26:58 - __main__ - INFO - Train: loss 0.7875 acc1 76.75%
2026-04-07 07:26:58 - __main__ - INFO - Val:   loss 3.7556 acc1 34.06%
2026-04-07 07:26:58 - __main__ - INFO - 
Epoch 60/100 | lr 0.019674
2026-04-07 07:27:30 - __main__ - INFO - Train: loss 0.7382 acc1 78.17%
2026-04-07 07:27:30 - __main__ - INFO - Val:   loss 3.4497 acc1 38.34%
2026-04-07 07:27:30 - __main__ - INFO - 
Epoch 61/100 | lr 0.018869
2026-04-07 07:28:01 - __main__ - INFO - Train: loss 0.6893 acc1 79.28%
2026-04-07 07:28:01 - __main__ - INFO - Val:   loss 3.5210 acc1 37.40%
2026-04-07 07:28:01 - __main__ - INFO - 
Epoch 62/100 | lr 0.018071
2026-04-07 07:28:32 - __main__ - INFO - Train: loss 0.6452 acc1 80.65%
2026-04-07 07:28:32 - __main__ - INFO - Val:   loss 3.5431 acc1 37.73%
2026-04-07 07:28:32 - __main__ - INFO - 
Epoch 63/100 | lr 0.017281
2026-04-07 07:29:02 - __main__ - INFO - Train: loss 0.6024 acc1 81.90%
2026-04-07 07:29:02 - __main__ - INFO - Val:   loss 3.5629 acc1 38.01%
2026-04-07 07:29:02 - __main__ - INFO - 
Epoch 64/100 | lr 0.016499
2026-04-07 07:29:34 - __main__ - INFO - Train: loss 0.5703 acc1 82.70%
2026-04-07 07:29:34 - __main__ - INFO - Val:   loss 3.5139 acc1 38.18%
2026-04-07 07:29:34 - __main__ - INFO - 
Epoch 65/100 | lr 0.015727
2026-04-07 07:30:06 - __main__ - INFO - Train: loss 0.5284 acc1 84.06%
2026-04-07 07:30:06 - __main__ - INFO - Val:   loss 3.6317 acc1 38.27%
2026-04-07 07:30:06 - __main__ - INFO - 
Epoch 66/100 | lr 0.014965
2026-04-07 07:30:37 - __main__ - INFO - Train: loss 0.4800 acc1 85.60%
2026-04-07 07:30:37 - __main__ - INFO - Val:   loss 3.6733 acc1 37.88%
2026-04-07 07:30:37 - __main__ - INFO - 
Epoch 67/100 | lr 0.014213
2026-04-07 07:31:08 - __main__ - INFO - Train: loss 0.4451 acc1 86.59%
2026-04-07 07:31:08 - __main__ - INFO - Val:   loss 3.7023 acc1 38.44%
2026-04-07 07:31:08 - __main__ - INFO - 
Epoch 68/100 | lr 0.013474
2026-04-07 07:31:41 - __main__ - INFO - Train: loss 0.4072 acc1 87.63%
2026-04-07 07:31:41 - __main__ - INFO - Val:   loss 3.7763 acc1 38.04%
2026-04-07 07:31:41 - __main__ - INFO - 
Epoch 69/100 | lr 0.012747
2026-04-07 07:32:12 - __main__ - INFO - Train: loss 0.3721 acc1 88.88%
2026-04-07 07:32:12 - __main__ - INFO - Val:   loss 3.7350 acc1 39.01%
2026-04-07 07:32:12 - __main__ - INFO - saved best: 39.01%
2026-04-07 07:32:12 - __main__ - INFO - 
Epoch 70/100 | lr 0.012033
2026-04-07 07:32:43 - __main__ - INFO - Train: loss 0.3392 acc1 89.78%
2026-04-07 07:32:43 - __main__ - INFO - Val:   loss 3.7899 acc1 38.66%
2026-04-07 07:32:43 - __main__ - INFO - 
Epoch 71/100 | lr 0.011334
2026-04-07 07:33:15 - __main__ - INFO - Train: loss 0.3092 acc1 90.68%
2026-04-07 07:33:15 - __main__ - INFO - Val:   loss 3.8082 acc1 39.10%
2026-04-07 07:33:15 - __main__ - INFO - saved best: 39.10%
2026-04-07 07:33:15 - __main__ - INFO - 
Epoch 72/100 | lr 0.010650
2026-04-07 07:33:46 - __main__ - INFO - Train: loss 0.2868 acc1 91.48%
2026-04-07 07:33:46 - __main__ - INFO - Val:   loss 3.8159 acc1 39.30%
2026-04-07 07:33:47 - __main__ - INFO - saved best: 39.30%
2026-04-07 07:33:47 - __main__ - INFO - 
Epoch 73/100 | lr 0.009981
2026-04-07 07:34:17 - __main__ - INFO - Train: loss 0.2535 acc1 92.56%
2026-04-07 07:34:17 - __main__ - INFO - Val:   loss 3.8344 acc1 39.31%
2026-04-07 07:34:17 - __main__ - INFO - saved best: 39.31%
2026-04-07 07:34:17 - __main__ - INFO - 
Epoch 74/100 | lr 0.009329
2026-04-07 07:34:49 - __main__ - INFO - Train: loss 0.2369 acc1 93.12%
2026-04-07 07:34:49 - __main__ - INFO - Val:   loss 3.8064 acc1 39.47%
2026-04-07 07:34:49 - __main__ - INFO - saved best: 39.47%
2026-04-07 07:34:49 - __main__ - INFO - 
Epoch 75/100 | lr 0.008694
2026-04-07 07:35:21 - __main__ - INFO - Train: loss 0.2079 acc1 94.06%
2026-04-07 07:35:21 - __main__ - INFO - Val:   loss 3.8669 acc1 39.59%
2026-04-07 07:35:21 - __main__ - INFO - saved best: 39.59%
2026-04-07 07:35:21 - __main__ - INFO - 
Epoch 76/100 | lr 0.008076
2026-04-07 07:35:52 - __main__ - INFO - Train: loss 0.1885 acc1 94.74%
2026-04-07 07:35:52 - __main__ - INFO - Val:   loss 3.8633 acc1 39.71%
2026-04-07 07:35:52 - __main__ - INFO - saved best: 39.71%
2026-04-07 07:35:52 - __main__ - INFO - 
Epoch 77/100 | lr 0.007478
2026-04-07 07:36:24 - __main__ - INFO - Train: loss 0.1723 acc1 95.28%
2026-04-07 07:36:24 - __main__ - INFO - Val:   loss 3.8719 acc1 39.88%
2026-04-07 07:36:24 - __main__ - INFO - saved best: 39.88%
2026-04-07 07:36:24 - __main__ - INFO - 
Epoch 78/100 | lr 0.006898
2026-04-07 07:36:55 - __main__ - INFO - Train: loss 0.1546 acc1 95.79%
2026-04-07 07:36:55 - __main__ - INFO - Val:   loss 3.8777 acc1 40.23%
2026-04-07 07:36:55 - __main__ - INFO - saved best: 40.23%
2026-04-07 07:36:55 - __main__ - INFO - 
Epoch 79/100 | lr 0.006338
2026-04-07 07:37:25 - __main__ - INFO - Train: loss 0.1427 acc1 96.20%
2026-04-07 07:37:25 - __main__ - INFO - Val:   loss 3.8863 acc1 40.26%
2026-04-07 07:37:25 - __main__ - INFO - saved best: 40.26%
2026-04-07 07:37:25 - __main__ - INFO - 
Epoch 80/100 | lr 0.005799
2026-04-07 07:37:56 - __main__ - INFO - Train: loss 0.1287 acc1 96.70%
2026-04-07 07:37:56 - __main__ - INFO - Val:   loss 3.8788 acc1 40.21%
2026-04-07 07:37:56 - __main__ - INFO - 
Epoch 81/100 | lr 0.005280
2026-04-07 07:38:28 - __main__ - INFO - Train: loss 0.1210 acc1 96.95%
2026-04-07 07:38:28 - __main__ - INFO - Val:   loss 3.8889 acc1 40.39%
2026-04-07 07:38:28 - __main__ - INFO - saved best: 40.39%
2026-04-07 07:38:28 - __main__ - INFO - 
Epoch 82/100 | lr 0.004784
2026-04-07 07:38:59 - __main__ - INFO - Train: loss 0.1093 acc1 97.27%
2026-04-07 07:38:59 - __main__ - INFO - Val:   loss 3.8877 acc1 40.19%
2026-04-07 07:38:59 - __main__ - INFO - 
Epoch 83/100 | lr 0.004309
2026-04-07 07:39:30 - __main__ - INFO - Train: loss 0.1032 acc1 97.49%
2026-04-07 07:39:30 - __main__ - INFO - Val:   loss 3.8808 acc1 40.33%
2026-04-07 07:39:30 - __main__ - INFO - 
Epoch 84/100 | lr 0.003857
2026-04-07 07:40:01 - __main__ - INFO - Train: loss 0.0934 acc1 97.78%
2026-04-07 07:40:01 - __main__ - INFO - Val:   loss 3.9064 acc1 40.45%
2026-04-07 07:40:01 - __main__ - INFO - saved best: 40.45%
2026-04-07 07:40:01 - __main__ - INFO - 
Epoch 85/100 | lr 0.003428
2026-04-07 07:40:33 - __main__ - INFO - Train: loss 0.0886 acc1 98.01%
2026-04-07 07:40:33 - __main__ - INFO - Val:   loss 3.8971 acc1 40.32%
2026-04-07 07:40:33 - __main__ - INFO - 
Epoch 86/100 | lr 0.003023
2026-04-07 07:41:03 - __main__ - INFO - Train: loss 0.0824 acc1 98.11%
2026-04-07 07:41:03 - __main__ - INFO - Val:   loss 3.8923 acc1 40.89%
2026-04-07 07:41:04 - __main__ - INFO - saved best: 40.89%
2026-04-07 07:41:04 - __main__ - INFO - 
Epoch 87/100 | lr 0.002641
2026-04-07 07:41:35 - __main__ - INFO - Train: loss 0.0770 acc1 98.32%
2026-04-07 07:41:35 - __main__ - INFO - Val:   loss 3.9012 acc1 40.58%
2026-04-07 07:41:35 - __main__ - INFO - 
Epoch 88/100 | lr 0.002284
2026-04-07 07:42:06 - __main__ - INFO - Train: loss 0.0743 acc1 98.37%
2026-04-07 07:42:06 - __main__ - INFO - Val:   loss 3.8979 acc1 40.77%
2026-04-07 07:42:06 - __main__ - INFO - 
Epoch 89/100 | lr 0.001952
2026-04-07 07:42:38 - __main__ - INFO - Train: loss 0.0735 acc1 98.36%
2026-04-07 07:42:38 - __main__ - INFO - Val:   loss 3.8975 acc1 40.77%
2026-04-07 07:42:38 - __main__ - INFO - 
Epoch 90/100 | lr 0.001646
2026-04-07 07:43:10 - __main__ - INFO - Train: loss 0.0697 acc1 98.55%
2026-04-07 07:43:10 - __main__ - INFO - Val:   loss 3.8833 acc1 41.00%
2026-04-07 07:43:10 - __main__ - INFO - saved best: 41.00%
2026-04-07 07:43:10 - __main__ - INFO - 
Epoch 91/100 | lr 0.001364
2026-04-07 07:43:42 - __main__ - INFO - Train: loss 0.0672 acc1 98.58%
2026-04-07 07:43:42 - __main__ - INFO - Val:   loss 3.8901 acc1 40.96%
2026-04-07 07:43:42 - __main__ - INFO - 
Epoch 92/100 | lr 0.001109
2026-04-07 07:44:13 - __main__ - INFO - Train: loss 0.0655 acc1 98.61%
2026-04-07 07:44:13 - __main__ - INFO - Val:   loss 3.8867 acc1 41.44%
2026-04-07 07:44:13 - __main__ - INFO - saved best: 41.44%
2026-04-07 07:44:13 - __main__ - INFO - 
Epoch 93/100 | lr 0.000880
2026-04-07 07:44:44 - __main__ - INFO - Train: loss 0.0623 acc1 98.75%
2026-04-07 07:44:44 - __main__ - INFO - Val:   loss 3.8966 acc1 40.86%
2026-04-07 07:44:44 - __main__ - INFO - 
Epoch 94/100 | lr 0.000677
2026-04-07 07:45:15 - __main__ - INFO - Train: loss 0.0606 acc1 98.85%
2026-04-07 07:45:15 - __main__ - INFO - Val:   loss 3.8987 acc1 41.14%
2026-04-07 07:45:15 - __main__ - INFO - 
Epoch 95/100 | lr 0.000500
2026-04-07 07:45:46 - __main__ - INFO - Train: loss 0.0603 acc1 98.82%
2026-04-07 07:45:46 - __main__ - INFO - Val:   loss 3.8976 acc1 40.86%
2026-04-07 07:45:46 - __main__ - INFO - 
Epoch 96/100 | lr 0.000351
2026-04-07 07:46:18 - __main__ - INFO - Train: loss 0.0590 acc1 98.81%
2026-04-07 07:46:18 - __main__ - INFO - Val:   loss 3.8999 acc1 41.02%
2026-04-07 07:46:18 - __main__ - INFO - 
Epoch 97/100 | lr 0.000228
2026-04-07 07:46:50 - __main__ - INFO - Train: loss 0.0579 acc1 98.88%
2026-04-07 07:46:50 - __main__ - INFO - Val:   loss 3.8852 acc1 41.05%
2026-04-07 07:46:50 - __main__ - INFO - 
Epoch 98/100 | lr 0.000133
2026-04-07 07:47:21 - __main__ - INFO - Train: loss 0.0574 acc1 98.90%
2026-04-07 07:47:21 - __main__ - INFO - Val:   loss 3.8982 acc1 40.81%
2026-04-07 07:47:21 - __main__ - INFO - 
Epoch 99/100 | lr 0.000065
2026-04-07 07:47:52 - __main__ - INFO - Train: loss 0.0576 acc1 98.90%
2026-04-07 07:47:52 - __main__ - INFO - Val:   loss 3.8817 acc1 40.90%
2026-04-07 07:47:52 - __main__ - INFO - 
Epoch 100/100 | lr 0.000024
2026-04-07 07:48:23 - __main__ - INFO - Train: loss 0.0575 acc1 98.90%
2026-04-07 07:48:23 - __main__ - INFO - Val:   loss 3.9066 acc1 40.68%
2026-04-07 07:48:23 - __main__ - INFO - Loaded best checkpoint weights for final test evaluation.
2026-04-07 07:48:24 - __main__ - INFO - 
Best tracked (val): 41.44%
2026-04-07 07:48:24 - __main__ - INFO - Final test: loss 4.0250 acc1 39.75%
2026-04-07 07:48:30 - __main__ - INFO - Variant [shuffled_cam_low_saliency] done — test acc 39.75%, test loss 4.0250
2026-04-07 07:48:30 - __main__ - INFO - Saved validation comparison plot: runs/tiny_imagenet_2026_04/07/efficientnet_b0/validation_comparison_plot.png
2026-04-07 07:48:30 - __main__ - INFO - 
Starting output model sweep: vgg16_bn
2026-04-07 07:48:30 - __main__ - INFO - 
============================================================
2026-04-07 07:48:30 - __main__ - INFO - Training output model: vgg16_bn [original]
2026-04-07 07:48:30 - __main__ - INFO -   Resolved config → opt=sgd, lr=0.01, wd=0.0005, bs=64, epochs=100, scheduler=cosine, warmup=5
2026-04-07 07:48:30 - __main__ - INFO - ============================================================
2026-04-07 07:48:30 - __main__ - INFO -   Validation during training uses variant split with val_split=0.1
2026-04-07 07:48:30 - __main__ - INFO -   Final test uses original test split
2026-04-07 07:48:31 - __main__ - INFO - device: cuda | cuda: True | gpu: NVIDIA L4
2026-04-07 07:48:33 - __main__ - INFO - Model: vgg16_bn | Dataset: tiny_imagenet | Classes: 200 | Optimizer: sgd
2026-04-07 07:48:33 - __main__ - INFO - 
Epoch 1/100 | lr 0.000010
2026-04-07 07:49:58 - __main__ - INFO - Train: loss 5.4510 acc1 0.52%
2026-04-07 07:49:58 - __main__ - INFO - Val:   loss 5.2949 acc1 0.66%
2026-04-07 07:49:58 - __main__ - INFO - saved best: 0.66%
2026-04-07 07:49:58 - __main__ - INFO - 
Epoch 2/100 | lr 0.002008
2026-04-07 07:51:23 - __main__ - INFO - Train: loss 4.9696 acc1 2.77%
2026-04-07 07:51:23 - __main__ - INFO - Val:   loss 4.5746 acc1 5.53%
2026-04-07 07:51:23 - __main__ - INFO - saved best: 5.53%
2026-04-07 07:51:23 - __main__ - INFO - 
Epoch 3/100 | lr 0.004006
2026-04-07 07:52:47 - __main__ - INFO - Train: loss 4.4423 acc1 7.03%
2026-04-07 07:52:47 - __main__ - INFO - Val:   loss 4.2007 acc1 9.53%
2026-04-07 07:52:47 - __main__ - INFO - saved best: 9.53%
2026-04-07 07:52:47 - __main__ - INFO - 
Epoch 4/100 | lr 0.006004
2026-04-07 07:54:12 - __main__ - INFO - Train: loss 4.1359 acc1 10.53%
2026-04-07 07:54:12 - __main__ - INFO - Val:   loss 3.9915 acc1 12.43%
2026-04-07 07:54:12 - __main__ - INFO - saved best: 12.43%
2026-04-07 07:54:12 - __main__ - INFO - 
Epoch 5/100 | lr 0.008002
2026-04-07 07:55:36 - __main__ - INFO - Train: loss 3.9436 acc1 13.26%
2026-04-07 07:55:36 - __main__ - INFO - Val:   loss 3.7112 acc1 16.56%
2026-04-07 07:55:36 - __main__ - INFO - saved best: 16.56%
2026-04-07 07:55:36 - __main__ - INFO - 
Epoch 6/100 | lr 0.010000
2026-04-07 07:57:01 - __main__ - INFO - Train: loss 3.7664 acc1 15.93%
2026-04-07 07:57:01 - __main__ - INFO - Val:   loss 3.5457 acc1 18.82%
2026-04-07 07:57:01 - __main__ - INFO - saved best: 18.82%
2026-04-07 07:57:01 - __main__ - INFO - 
Epoch 7/100 | lr 0.009997
2026-04-07 07:58:25 - __main__ - INFO - Train: loss 3.4939 acc1 20.17%
2026-04-07 07:58:25 - __main__ - INFO - Val:   loss 3.4479 acc1 20.81%
2026-04-07 07:58:25 - __main__ - INFO - saved best: 20.81%
2026-04-07 07:58:25 - __main__ - INFO - 
Epoch 8/100 | lr 0.009989
2026-04-07 07:59:50 - __main__ - INFO - Train: loss 3.2818 acc1 23.72%
2026-04-07 07:59:50 - __main__ - INFO - Val:   loss 3.1566 acc1 25.69%
2026-04-07 07:59:50 - __main__ - INFO - saved best: 25.69%
2026-04-07 07:59:50 - __main__ - INFO - 
Epoch 9/100 | lr 0.009975
2026-04-07 08:01:14 - __main__ - INFO - Train: loss 3.1115 acc1 26.68%
2026-04-07 08:01:14 - __main__ - INFO - Val:   loss 3.2559 acc1 24.92%
2026-04-07 08:01:14 - __main__ - INFO - 
Epoch 10/100 | lr 0.009956
2026-04-07 08:02:39 - __main__ - INFO - Train: loss 2.9641 acc1 29.63%
2026-04-07 08:02:39 - __main__ - INFO - Val:   loss 2.9018 acc1 30.99%
2026-04-07 08:02:39 - __main__ - INFO - saved best: 30.99%
2026-04-07 08:02:39 - __main__ - INFO - 
Epoch 11/100 | lr 0.009932
2026-04-07 08:04:04 - __main__ - INFO - Train: loss 2.8393 acc1 32.11%
2026-04-07 08:04:04 - __main__ - INFO - Val:   loss 2.8952 acc1 31.38%
2026-04-07 08:04:04 - __main__ - INFO - saved best: 31.38%
2026-04-07 08:04:04 - __main__ - INFO - 
Epoch 12/100 | lr 0.009902
2026-04-07 08:05:29 - __main__ - INFO - Train: loss 2.7235 acc1 34.50%
2026-04-07 08:05:29 - __main__ - INFO - Val:   loss 2.7771 acc1 33.85%
2026-04-07 08:05:29 - __main__ - INFO - saved best: 33.85%
2026-04-07 08:05:29 - __main__ - INFO - 
Epoch 13/100 | lr 0.009867
2026-04-07 08:06:53 - __main__ - INFO - Train: loss 2.6106 acc1 36.65%
2026-04-07 08:06:53 - __main__ - INFO - Val:   loss 2.8279 acc1 33.55%
2026-04-07 08:06:53 - __main__ - INFO - 
Epoch 14/100 | lr 0.009826
2026-04-07 08:08:18 - __main__ - INFO - Train: loss 2.5249 acc1 38.60%
2026-04-07 08:08:18 - __main__ - INFO - Val:   loss 2.5804 acc1 37.92%
2026-04-07 08:08:18 - __main__ - INFO - saved best: 37.92%
2026-04-07 08:08:18 - __main__ - INFO - 
Epoch 15/100 | lr 0.009780
2026-04-07 08:09:43 - __main__ - INFO - Train: loss 2.4264 acc1 40.62%
2026-04-07 08:09:43 - __main__ - INFO - Val:   loss 2.6887 acc1 36.67%
2026-04-07 08:09:43 - __main__ - INFO - 
Epoch 16/100 | lr 0.009729
2026-04-07 08:11:07 - __main__ - INFO - Train: loss 2.3507 acc1 42.04%
2026-04-07 08:11:07 - __main__ - INFO - Val:   loss 2.5415 acc1 39.05%
2026-04-07 08:11:07 - __main__ - INFO - saved best: 39.05%
2026-04-07 08:11:07 - __main__ - INFO - 
Epoch 17/100 | lr 0.009673
2026-04-07 08:12:32 - __main__ - INFO - Train: loss 2.2613 acc1 44.14%
2026-04-07 08:12:32 - __main__ - INFO - Val:   loss 2.4642 acc1 40.32%
2026-04-07 08:12:32 - __main__ - INFO - saved best: 40.32%
2026-04-07 08:12:32 - __main__ - INFO - 
Epoch 18/100 | lr 0.009612
2026-04-07 08:13:56 - __main__ - INFO - Train: loss 2.1906 acc1 45.83%
2026-04-07 08:13:56 - __main__ - INFO - Val:   loss 2.4230 acc1 41.68%
2026-04-07 08:13:56 - __main__ - INFO - saved best: 41.68%
2026-04-07 08:13:56 - __main__ - INFO - 
Epoch 19/100 | lr 0.009545
2026-04-07 08:15:21 - __main__ - INFO - Train: loss 2.1286 acc1 47.10%
2026-04-07 08:15:21 - __main__ - INFO - Val:   loss 2.4932 acc1 41.03%
2026-04-07 08:15:21 - __main__ - INFO - 
Epoch 20/100 | lr 0.009474
2026-04-07 08:16:46 - __main__ - INFO - Train: loss 2.0656 acc1 48.37%
2026-04-07 08:16:46 - __main__ - INFO - Val:   loss 2.3769 acc1 43.05%
2026-04-07 08:16:46 - __main__ - INFO - saved best: 43.05%
2026-04-07 08:16:46 - __main__ - INFO - 
Epoch 21/100 | lr 0.009398
2026-04-07 08:18:11 - __main__ - INFO - Train: loss 2.0032 acc1 49.81%
2026-04-07 08:18:11 - __main__ - INFO - Val:   loss 2.4825 acc1 42.02%
2026-04-07 08:18:11 - __main__ - INFO - 
Epoch 22/100 | lr 0.009317
2026-04-07 08:19:35 - __main__ - INFO - Train: loss 1.9486 acc1 51.02%
2026-04-07 08:19:35 - __main__ - INFO - Val:   loss 2.3427 acc1 44.81%
2026-04-07 08:19:35 - __main__ - INFO - saved best: 44.81%
2026-04-07 08:19:35 - __main__ - INFO - 
Epoch 23/100 | lr 0.009231
2026-04-07 08:21:00 - __main__ - INFO - Train: loss 1.8950 acc1 52.24%
2026-04-07 08:21:00 - __main__ - INFO - Val:   loss 2.3590 acc1 44.23%
2026-04-07 08:21:00 - __main__ - INFO - 
Epoch 24/100 | lr 0.009141
2026-04-07 08:22:24 - __main__ - INFO - Train: loss 1.8511 acc1 53.17%
2026-04-07 08:22:24 - __main__ - INFO - Val:   loss 2.5091 acc1 41.90%
2026-04-07 08:22:24 - __main__ - INFO - 
Epoch 25/100 | lr 0.009046
2026-04-07 08:23:49 - __main__ - INFO - Train: loss 1.7928 acc1 54.41%
2026-04-07 08:23:49 - __main__ - INFO - Val:   loss 2.4080 acc1 43.67%
2026-04-07 08:23:49 - __main__ - INFO - 
Epoch 26/100 | lr 0.008947
2026-04-07 08:25:13 - __main__ - INFO - Train: loss 1.7622 acc1 55.02%
2026-04-07 08:25:13 - __main__ - INFO - Val:   loss 2.2471 acc1 46.52%
2026-04-07 08:25:14 - __main__ - INFO - saved best: 46.52%
2026-04-07 08:25:14 - __main__ - INFO - 
Epoch 27/100 | lr 0.008843
2026-04-07 08:26:38 - __main__ - INFO - Train: loss 1.7084 acc1 56.41%
2026-04-07 08:26:38 - __main__ - INFO - Val:   loss 2.3561 acc1 45.35%
2026-04-07 08:26:38 - __main__ - INFO - 
Epoch 28/100 | lr 0.008735
2026-04-07 08:28:03 - __main__ - INFO - Train: loss 1.6634 acc1 57.40%
2026-04-07 08:28:03 - __main__ - INFO - Val:   loss 2.4246 acc1 43.91%
2026-04-07 08:28:03 - __main__ - INFO - 
Epoch 29/100 | lr 0.008624
2026-04-07 08:29:28 - __main__ - INFO - Train: loss 1.6261 acc1 58.35%
2026-04-07 08:29:28 - __main__ - INFO - Val:   loss 2.3120 acc1 46.28%
2026-04-07 08:29:28 - __main__ - INFO - 
Epoch 30/100 | lr 0.008508
2026-04-07 08:30:52 - __main__ - INFO - Train: loss 1.5767 acc1 59.07%
2026-04-07 08:30:52 - __main__ - INFO - Val:   loss 2.2833 acc1 46.64%
2026-04-07 08:30:52 - __main__ - INFO - saved best: 46.64%
2026-04-07 08:30:52 - __main__ - INFO - 
Epoch 31/100 | lr 0.008388
2026-04-07 08:32:17 - __main__ - INFO - Train: loss 1.5405 acc1 60.10%
2026-04-07 08:32:17 - __main__ - INFO - Val:   loss 2.2836 acc1 46.98%
2026-04-07 08:32:17 - __main__ - INFO - saved best: 46.98%
2026-04-07 08:32:17 - __main__ - INFO - 
Epoch 32/100 | lr 0.008265
2026-04-07 08:33:41 - __main__ - INFO - Train: loss 1.4952 acc1 61.21%
2026-04-07 08:33:41 - __main__ - INFO - Val:   loss 2.3108 acc1 47.28%
2026-04-07 08:33:41 - __main__ - INFO - saved best: 47.28%
2026-04-07 08:33:41 - __main__ - INFO - 
Epoch 33/100 | lr 0.008138
2026-04-07 08:35:06 - __main__ - INFO - Train: loss 1.4531 acc1 62.11%
2026-04-07 08:35:06 - __main__ - INFO - Val:   loss 2.2675 acc1 48.03%
2026-04-07 08:35:06 - __main__ - INFO - saved best: 48.03%
2026-04-07 08:35:06 - __main__ - INFO - 
Epoch 34/100 | lr 0.008007
2026-04-07 08:36:30 - __main__ - INFO - Train: loss 1.4178 acc1 62.92%
2026-04-07 08:36:30 - __main__ - INFO - Val:   loss 2.3090 acc1 47.72%
2026-04-07 08:36:30 - __main__ - INFO - 
Epoch 35/100 | lr 0.007874
2026-04-07 08:37:55 - __main__ - INFO - Train: loss 1.3746 acc1 63.88%
2026-04-07 08:37:55 - __main__ - INFO - Val:   loss 2.2866 acc1 48.31%
2026-04-07 08:37:55 - __main__ - INFO - saved best: 48.31%
2026-04-07 08:37:55 - __main__ - INFO - 
Epoch 36/100 | lr 0.007737
2026-04-07 08:39:19 - __main__ - INFO - Train: loss 1.3326 acc1 64.92%
2026-04-07 08:39:19 - __main__ - INFO - Val:   loss 2.2627 acc1 48.81%
2026-04-07 08:39:19 - __main__ - INFO - saved best: 48.81%
2026-04-07 08:39:19 - __main__ - INFO - 
Epoch 37/100 | lr 0.007597
2026-04-07 08:40:44 - __main__ - INFO - Train: loss 1.2950 acc1 65.73%
2026-04-07 08:40:44 - __main__ - INFO - Val:   loss 2.3406 acc1 47.37%
2026-04-07 08:40:44 - __main__ - INFO - 
Epoch 38/100 | lr 0.007455
2026-04-07 08:42:09 - __main__ - INFO - Train: loss 1.2597 acc1 66.45%
2026-04-07 08:42:09 - __main__ - INFO - Val:   loss 2.3568 acc1 48.12%
2026-04-07 08:42:09 - __main__ - INFO - 
Epoch 39/100 | lr 0.007309
2026-04-07 08:43:33 - __main__ - INFO - Train: loss 1.2202 acc1 67.45%
2026-04-07 08:43:33 - __main__ - INFO - Val:   loss 2.2419 acc1 49.63%
2026-04-07 08:43:33 - __main__ - INFO - saved best: 49.63%
2026-04-07 08:43:33 - __main__ - INFO - 
Epoch 40/100 | lr 0.007162
2026-04-07 08:44:58 - __main__ - INFO - Train: loss 1.1808 acc1 68.24%
2026-04-07 08:44:58 - __main__ - INFO - Val:   loss 2.3936 acc1 47.72%
2026-04-07 08:44:58 - __main__ - INFO - 
Epoch 41/100 | lr 0.007011
2026-04-07 08:46:23 - __main__ - INFO - Train: loss 1.1590 acc1 68.86%
2026-04-07 08:46:23 - __main__ - INFO - Val:   loss 2.2614 acc1 49.80%
2026-04-07 08:46:23 - __main__ - INFO - saved best: 49.80%
2026-04-07 08:46:23 - __main__ - INFO - 
Epoch 42/100 | lr 0.006859
2026-04-07 08:47:47 - __main__ - INFO - Train: loss 1.1154 acc1 69.88%
2026-04-07 08:47:47 - __main__ - INFO - Val:   loss 2.2301 acc1 50.55%
2026-04-07 08:47:47 - __main__ - INFO - saved best: 50.55%
2026-04-07 08:47:47 - __main__ - INFO - 
Epoch 43/100 | lr 0.006705
2026-04-07 08:49:12 - __main__ - INFO - Train: loss 1.0694 acc1 70.99%
2026-04-07 08:49:12 - __main__ - INFO - Val:   loss 2.2724 acc1 50.02%
2026-04-07 08:49:12 - __main__ - INFO - 
Epoch 44/100 | lr 0.006549
2026-04-07 08:50:37 - __main__ - INFO - Train: loss 1.0323 acc1 72.03%
2026-04-07 08:50:37 - __main__ - INFO - Val:   loss 2.2714 acc1 50.18%
2026-04-07 08:50:37 - __main__ - INFO - 
Epoch 45/100 | lr 0.006391
2026-04-07 08:52:01 - __main__ - INFO - Train: loss 1.0066 acc1 72.63%
2026-04-07 08:52:01 - __main__ - INFO - Val:   loss 2.2947 acc1 50.53%
2026-04-07 08:52:01 - __main__ - INFO - 
Epoch 46/100 | lr 0.006231
2026-04-07 08:53:26 - __main__ - INFO - Train: loss 0.9602 acc1 73.79%
2026-04-07 08:53:26 - __main__ - INFO - Val:   loss 2.4231 acc1 48.87%
2026-04-07 08:53:26 - __main__ - INFO - 
Epoch 47/100 | lr 0.006070
2026-04-07 08:54:51 - __main__ - INFO - Train: loss 0.9406 acc1 74.04%
2026-04-07 08:54:51 - __main__ - INFO - Val:   loss 2.2779 acc1 51.52%
2026-04-07 08:54:51 - __main__ - INFO - saved best: 51.52%
2026-04-07 08:54:51 - __main__ - INFO - 
Epoch 48/100 | lr 0.005908
2026-04-07 08:56:16 - __main__ - INFO - Train: loss 0.8935 acc1 75.35%
2026-04-07 08:56:16 - __main__ - INFO - Val:   loss 2.3633 acc1 50.06%
2026-04-07 08:56:16 - __main__ - INFO - 
Epoch 49/100 | lr 0.005746
2026-04-07 08:57:41 - __main__ - INFO - Train: loss 0.8631 acc1 76.00%
2026-04-07 08:57:41 - __main__ - INFO - Val:   loss 2.3746 acc1 51.01%
2026-04-07 08:57:41 - __main__ - INFO - 
Epoch 50/100 | lr 0.005582
2026-04-07 08:59:06 - __main__ - INFO - Train: loss 0.8271 acc1 76.89%
2026-04-07 08:59:06 - __main__ - INFO - Val:   loss 2.3583 acc1 51.08%
2026-04-07 08:59:06 - __main__ - INFO - 
Epoch 51/100 | lr 0.005417
2026-04-07 09:00:30 - __main__ - INFO - Train: loss 0.7985 acc1 77.51%
2026-04-07 09:00:30 - __main__ - INFO - Val:   loss 2.4505 acc1 50.60%
2026-04-07 09:00:30 - __main__ - INFO - 
Epoch 52/100 | lr 0.005253
2026-04-07 09:01:55 - __main__ - INFO - Train: loss 0.7619 acc1 78.70%
2026-04-07 09:01:55 - __main__ - INFO - Val:   loss 2.3796 acc1 51.03%
2026-04-07 09:01:55 - __main__ - INFO - 
Epoch 53/100 | lr 0.005088
2026-04-07 09:03:20 - __main__ - INFO - Train: loss 0.7177 acc1 79.78%
2026-04-07 09:03:20 - __main__ - INFO - Val:   loss 2.2907 acc1 51.99%
2026-04-07 09:03:20 - __main__ - INFO - saved best: 51.99%
2026-04-07 09:03:20 - __main__ - INFO - 
Epoch 54/100 | lr 0.004922
2026-04-07 09:04:45 - __main__ - INFO - Train: loss 0.6876 acc1 80.46%
2026-04-07 09:04:45 - __main__ - INFO - Val:   loss 2.4566 acc1 49.10%
2026-04-07 09:04:45 - __main__ - INFO - 
Epoch 55/100 | lr 0.004757
2026-04-07 09:06:10 - __main__ - INFO - Train: loss 0.6566 acc1 81.22%
2026-04-07 09:06:10 - __main__ - INFO - Val:   loss 2.3857 acc1 52.05%
2026-04-07 09:06:10 - __main__ - INFO - saved best: 52.05%
2026-04-07 09:06:10 - __main__ - INFO - 
Epoch 56/100 | lr 0.004593
2026-04-07 09:07:34 - __main__ - INFO - Train: loss 0.6112 acc1 82.28%
2026-04-07 09:07:34 - __main__ - INFO - Val:   loss 2.5681 acc1 50.42%
2026-04-07 09:07:34 - __main__ - INFO - 
Epoch 57/100 | lr 0.004428
2026-04-07 09:08:59 - __main__ - INFO - Train: loss 0.5895 acc1 83.23%
2026-04-07 09:08:59 - __main__ - INFO - Val:   loss 2.4950 acc1 52.02%
2026-04-07 09:08:59 - __main__ - INFO - 
Epoch 58/100 | lr 0.004264
2026-04-07 09:10:24 - __main__ - INFO - Train: loss 0.5518 acc1 83.99%
2026-04-07 09:10:24 - __main__ - INFO - Val:   loss 2.4371 acc1 51.83%
2026-04-07 09:10:24 - __main__ - INFO - 
Epoch 59/100 | lr 0.004102
2026-04-07 09:11:49 - __main__ - INFO - Train: loss 0.5101 acc1 85.11%
2026-04-07 09:11:49 - __main__ - INFO - Val:   loss 2.4527 acc1 52.88%
2026-04-07 09:11:49 - __main__ - INFO - saved best: 52.88%
2026-04-07 09:11:49 - __main__ - INFO - 
Epoch 60/100 | lr 0.003940
2026-04-07 09:13:13 - __main__ - INFO - Train: loss 0.4892 acc1 85.70%
2026-04-07 09:13:13 - __main__ - INFO - Val:   loss 2.4939 acc1 53.60%
2026-04-07 09:13:13 - __main__ - INFO - saved best: 53.60%
2026-04-07 09:13:13 - __main__ - INFO - 
Epoch 61/100 | lr 0.003779
2026-04-07 09:14:38 - __main__ - INFO - Train: loss 0.4492 acc1 86.61%
2026-04-07 09:14:38 - __main__ - INFO - Val:   loss 2.5845 acc1 52.41%
2026-04-07 09:14:38 - __main__ - INFO - 
Epoch 62/100 | lr 0.003619
2026-04-07 09:16:03 - __main__ - INFO - Train: loss 0.4251 acc1 87.40%
2026-04-07 09:16:03 - __main__ - INFO - Val:   loss 2.6582 acc1 51.96%
2026-04-07 09:16:03 - __main__ - INFO - 
Epoch 63/100 | lr 0.003461
2026-04-07 09:17:28 - __main__ - INFO - Train: loss 0.3960 acc1 88.15%
2026-04-07 09:17:28 - __main__ - INFO - Val:   loss 2.5677 acc1 52.87%
2026-04-07 09:17:28 - __main__ - INFO - 
Epoch 64/100 | lr 0.003305
2026-04-07 09:18:53 - __main__ - INFO - Train: loss 0.3582 acc1 89.42%
2026-04-07 09:18:53 - __main__ - INFO - Val:   loss 2.5903 acc1 53.47%
2026-04-07 09:18:53 - __main__ - INFO - 
Epoch 65/100 | lr 0.003151
2026-04-07 09:20:17 - __main__ - INFO - Train: loss 0.3291 acc1 90.14%
2026-04-07 09:20:17 - __main__ - INFO - Val:   loss 2.5978 acc1 53.61%
2026-04-07 09:20:17 - __main__ - INFO - saved best: 53.61%
2026-04-07 09:20:17 - __main__ - INFO - 
Epoch 66/100 | lr 0.002999
2026-04-07 09:21:42 - __main__ - INFO - Train: loss 0.3066 acc1 90.91%
2026-04-07 09:21:42 - __main__ - INFO - Val:   loss 2.6177 acc1 53.62%
2026-04-07 09:21:42 - __main__ - INFO - saved best: 53.62%
2026-04-07 09:21:42 - __main__ - INFO - 
Epoch 67/100 | lr 0.002848
2026-04-07 09:23:07 - __main__ - INFO - Train: loss 0.2771 acc1 91.60%
2026-04-07 09:23:07 - __main__ - INFO - Val:   loss 2.6836 acc1 53.57%
2026-04-07 09:23:07 - __main__ - INFO - 
Epoch 68/100 | lr 0.002701
2026-04-07 09:24:32 - __main__ - INFO - Train: loss 0.2526 acc1 92.31%
2026-04-07 09:24:32 - __main__ - INFO - Val:   loss 2.7095 acc1 53.70%
2026-04-07 09:24:32 - __main__ - INFO - saved best: 53.70%
2026-04-07 09:24:32 - __main__ - INFO - 
Epoch 69/100 | lr 0.002555
2026-04-07 09:25:57 - __main__ - INFO - Train: loss 0.2237 acc1 93.24%
2026-04-07 09:25:57 - __main__ - INFO - Val:   loss 2.7648 acc1 53.36%
2026-04-07 09:25:57 - __main__ - INFO - 
Epoch 70/100 | lr 0.002413
2026-04-07 09:27:21 - __main__ - INFO - Train: loss 0.2002 acc1 93.89%
2026-04-07 09:27:21 - __main__ - INFO - Val:   loss 2.7822 acc1 54.39%
2026-04-07 09:27:21 - __main__ - INFO - saved best: 54.39%
2026-04-07 09:27:21 - __main__ - INFO - 
Epoch 71/100 | lr 0.002273
2026-04-07 09:28:46 - __main__ - INFO - Train: loss 0.1802 acc1 94.46%
2026-04-07 09:28:46 - __main__ - INFO - Val:   loss 2.8115 acc1 54.41%
2026-04-07 09:28:46 - __main__ - INFO - saved best: 54.41%
2026-04-07 09:28:46 - __main__ - INFO - 
Epoch 72/100 | lr 0.002136
2026-04-07 09:30:11 - __main__ - INFO - Train: loss 0.1543 acc1 95.21%
2026-04-07 09:30:11 - __main__ - INFO - Val:   loss 2.8146 acc1 54.54%
2026-04-07 09:30:11 - __main__ - INFO - saved best: 54.54%
2026-04-07 09:30:11 - __main__ - INFO - 
Epoch 73/100 | lr 0.002003
2026-04-07 09:31:35 - __main__ - INFO - Train: loss 0.1353 acc1 95.94%
2026-04-07 09:31:35 - __main__ - INFO - Val:   loss 2.8115 acc1 55.03%
2026-04-07 09:31:35 - __main__ - INFO - saved best: 55.03%
2026-04-07 09:31:35 - __main__ - INFO - 
Epoch 74/100 | lr 0.001872
2026-04-07 09:33:00 - __main__ - INFO - Train: loss 0.1218 acc1 96.33%
2026-04-07 09:33:00 - __main__ - INFO - Val:   loss 2.7916 acc1 55.35%
2026-04-07 09:33:00 - __main__ - INFO - saved best: 55.35%
2026-04-07 09:33:00 - __main__ - INFO - 
Epoch 75/100 | lr 0.001745
2026-04-07 09:34:25 - __main__ - INFO - Train: loss 0.1026 acc1 96.91%
2026-04-07 09:34:25 - __main__ - INFO - Val:   loss 2.8393 acc1 55.34%
2026-04-07 09:34:25 - __main__ - INFO - 
Epoch 76/100 | lr 0.001622
2026-04-07 09:35:49 - __main__ - INFO - Train: loss 0.0937 acc1 97.16%
2026-04-07 09:35:49 - __main__ - INFO - Val:   loss 2.8737 acc1 55.04%
2026-04-07 09:35:49 - __main__ - INFO - 
Epoch 77/100 | lr 0.001502
2026-04-07 09:37:14 - __main__ - INFO - Train: loss 0.0769 acc1 97.62%
2026-04-07 09:37:14 - __main__ - INFO - Val:   loss 2.8633 acc1 55.99%
2026-04-07 09:37:14 - __main__ - INFO - saved best: 55.99%
2026-04-07 09:37:14 - __main__ - INFO - 
Epoch 78/100 | lr 0.001386
2026-04-07 09:38:39 - __main__ - INFO - Train: loss 0.0664 acc1 97.99%
2026-04-07 09:38:39 - __main__ - INFO - Val:   loss 2.8686 acc1 56.91%
2026-04-07 09:38:39 - __main__ - INFO - saved best: 56.91%
2026-04-07 09:38:39 - __main__ - INFO - 
Epoch 79/100 | lr 0.001275
2026-04-07 09:40:04 - __main__ - INFO - Train: loss 0.0589 acc1 98.23%
2026-04-07 09:40:04 - __main__ - INFO - Val:   loss 2.9274 acc1 56.01%
2026-04-07 09:40:04 - __main__ - INFO - 
Epoch 80/100 | lr 0.001167
2026-04-07 09:41:28 - __main__ - INFO - Train: loss 0.0500 acc1 98.48%
2026-04-07 09:41:28 - __main__ - INFO - Val:   loss 2.9209 acc1 56.46%
2026-04-07 09:41:28 - __main__ - INFO - 
Epoch 81/100 | lr 0.001063
2026-04-07 09:42:53 - __main__ - INFO - Train: loss 0.0432 acc1 98.78%
2026-04-07 09:42:53 - __main__ - INFO - Val:   loss 2.8921 acc1 57.01%
2026-04-07 09:42:53 - __main__ - INFO - saved best: 57.01%
2026-04-07 09:42:53 - __main__ - INFO - 
Epoch 82/100 | lr 0.000964
2026-04-07 09:44:18 - __main__ - INFO - Train: loss 0.0372 acc1 98.92%
2026-04-07 09:44:18 - __main__ - INFO - Val:   loss 2.9209 acc1 57.19%
2026-04-07 09:44:18 - __main__ - INFO - saved best: 57.19%
2026-04-07 09:44:18 - __main__ - INFO - 
Epoch 83/100 | lr 0.000869
2026-04-07 09:45:43 - __main__ - INFO - Train: loss 0.0338 acc1 99.04%
2026-04-07 09:45:43 - __main__ - INFO - Val:   loss 2.9091 acc1 57.09%
2026-04-07 09:45:43 - __main__ - INFO - 
Epoch 84/100 | lr 0.000779
2026-04-07 09:47:07 - __main__ - INFO - Train: loss 0.0283 acc1 99.21%
2026-04-07 09:47:07 - __main__ - INFO - Val:   loss 2.9152 acc1 57.72%
2026-04-07 09:47:07 - __main__ - INFO - saved best: 57.72%
2026-04-07 09:47:07 - __main__ - INFO - 
Epoch 85/100 | lr 0.000693
2026-04-07 09:48:32 - __main__ - INFO - Train: loss 0.0272 acc1 99.24%
2026-04-07 09:48:32 - __main__ - INFO - Val:   loss 2.9002 acc1 57.58%
2026-04-07 09:48:32 - __main__ - INFO - 
Epoch 86/100 | lr 0.000612
2026-04-07 09:49:57 - __main__ - INFO - Train: loss 0.0230 acc1 99.36%
2026-04-07 09:49:57 - __main__ - INFO - Val:   loss 2.8908 acc1 57.70%
2026-04-07 09:49:57 - __main__ - INFO - 
Epoch 87/100 | lr 0.000536
2026-04-07 09:51:21 - __main__ - INFO - Train: loss 0.0208 acc1 99.45%
2026-04-07 09:51:21 - __main__ - INFO - Val:   loss 2.8934 acc1 58.28%
2026-04-07 09:51:21 - __main__ - INFO - saved best: 58.28%
2026-04-07 09:51:21 - __main__ - INFO - 
Epoch 88/100 | lr 0.000465
2026-04-07 09:52:46 - __main__ - INFO - Train: loss 0.0193 acc1 99.47%
2026-04-07 09:52:46 - __main__ - INFO - Val:   loss 2.8892 acc1 57.96%
2026-04-07 09:52:46 - __main__ - INFO - 
Epoch 89/100 | lr 0.000398
2026-04-07 09:54:11 - __main__ - INFO - Train: loss 0.0182 acc1 99.51%
2026-04-07 09:54:11 - __main__ - INFO - Val:   loss 2.9069 acc1 58.42%
2026-04-07 09:54:11 - __main__ - INFO - saved best: 58.42%
2026-04-07 09:54:11 - __main__ - INFO - 
Epoch 90/100 | lr 0.000337
2026-04-07 09:55:35 - __main__ - INFO - Train: loss 0.0161 acc1 99.60%
2026-04-07 09:55:35 - __main__ - INFO - Val:   loss 2.8718 acc1 58.31%
2026-04-07 09:55:35 - __main__ - INFO - 
Epoch 91/100 | lr 0.000281
2026-04-07 09:57:00 - __main__ - INFO - Train: loss 0.0155 acc1 99.62%
2026-04-07 09:57:00 - __main__ - INFO - Val:   loss 2.8851 acc1 58.31%
2026-04-07 09:57:00 - __main__ - INFO - 
Epoch 92/100 | lr 0.000230
2026-04-07 09:58:25 - __main__ - INFO - Train: loss 0.0155 acc1 99.61%
2026-04-07 09:58:25 - __main__ - INFO - Val:   loss 2.9009 acc1 58.00%
2026-04-07 09:58:25 - __main__ - INFO - 
Epoch 93/100 | lr 0.000184
2026-04-07 09:59:49 - __main__ - INFO - Train: loss 0.0146 acc1 99.63%
2026-04-07 09:59:49 - __main__ - INFO - Val:   loss 2.9044 acc1 58.57%
2026-04-07 09:59:49 - __main__ - INFO - saved best: 58.57%
2026-04-07 09:59:49 - __main__ - INFO - 
Epoch 94/100 | lr 0.000143
2026-04-07 10:01:14 - __main__ - INFO - Train: loss 0.0139 acc1 99.65%
2026-04-07 10:01:14 - __main__ - INFO - Val:   loss 2.9123 acc1 58.54%
2026-04-07 10:01:14 - __main__ - INFO - 
Epoch 95/100 | lr 0.000108
2026-04-07 10:02:39 - __main__ - INFO - Train: loss 0.0138 acc1 99.67%
2026-04-07 10:02:39 - __main__ - INFO - Val:   loss 2.8776 acc1 58.65%
2026-04-07 10:02:39 - __main__ - INFO - saved best: 58.65%
2026-04-07 10:02:39 - __main__ - INFO - 
Epoch 96/100 | lr 0.000078
2026-04-07 10:04:03 - __main__ - INFO - Train: loss 0.0130 acc1 99.70%
2026-04-07 10:04:03 - __main__ - INFO - Val:   loss 2.8946 acc1 58.59%
2026-04-07 10:04:03 - __main__ - INFO - 
Epoch 97/100 | lr 0.000054
2026-04-07 10:05:28 - __main__ - INFO - Train: loss 0.0133 acc1 99.67%
2026-04-07 10:05:28 - __main__ - INFO - Val:   loss 2.9056 acc1 58.53%
2026-04-07 10:05:28 - __main__ - INFO - 
Epoch 98/100 | lr 0.000035
2026-04-07 10:06:53 - __main__ - INFO - Train: loss 0.0136 acc1 99.66%
2026-04-07 10:06:53 - __main__ - INFO - Val:   loss 2.9040 acc1 58.87%
2026-04-07 10:06:53 - __main__ - INFO - saved best: 58.87%
2026-04-07 10:06:53 - __main__ - INFO - 
Epoch 99/100 | lr 0.000021
2026-04-07 10:08:17 - __main__ - INFO - Train: loss 0.0131 acc1 99.69%
2026-04-07 10:08:17 - __main__ - INFO - Val:   loss 2.8982 acc1 58.67%
2026-04-07 10:08:17 - __main__ - INFO - 
Epoch 100/100 | lr 0.000013
2026-04-07 10:09:42 - __main__ - INFO - Train: loss 0.0129 acc1 99.68%
2026-04-07 10:09:42 - __main__ - INFO - Val:   loss 2.8879 acc1 58.59%
2026-04-07 10:09:42 - __main__ - INFO - Loaded best checkpoint weights for final test evaluation.
2026-04-07 10:09:46 - __main__ - INFO - 
Best tracked (val): 58.87%
2026-04-07 10:09:46 - __main__ - INFO - Final test: loss 3.0136 acc1 57.49%
2026-04-07 10:09:53 - __main__ - INFO - Variant [original] done — test acc 57.49%, test loss 3.0136
2026-04-07 10:09:53 - __main__ - INFO - 
============================================================
2026-04-07 10:09:53 - __main__ - INFO - Training output model: vgg16_bn [low_saliency]
2026-04-07 10:09:53 - __main__ - INFO -   Resolved config → opt=sgd, lr=0.01, wd=0.0005, bs=64, epochs=100, scheduler=cosine, warmup=5
2026-04-07 10:09:53 - __main__ - INFO - ============================================================
2026-04-07 10:09:53 - __main__ - INFO -   Validation during training uses variant split with val_split=0.1
2026-04-07 10:09:53 - __main__ - INFO -   Final test uses low_saliency variant test split
2026-04-07 10:09:54 - __main__ - INFO - device: cuda | cuda: True | gpu: NVIDIA L4
2026-04-07 10:09:56 - __main__ - INFO - Model: vgg16_bn | Dataset: tiny_imagenet | Classes: 200 | Optimizer: sgd
2026-04-07 10:09:56 - __main__ - INFO - 
Epoch 1/100 | lr 0.000010
2026-04-07 10:11:21 - __main__ - INFO - Train: loss 5.4536 acc1 0.54%
2026-04-07 10:11:21 - __main__ - INFO - Val:   loss 5.2992 acc1 0.66%
2026-04-07 10:11:21 - __main__ - INFO - saved best: 0.66%
2026-04-07 10:11:21 - __main__ - INFO - 
Epoch 2/100 | lr 0.002008
2026-04-07 10:12:45 - __main__ - INFO - Train: loss 4.9772 acc1 2.61%
2026-04-07 10:12:45 - __main__ - INFO - Val:   loss 4.4871 acc1 6.23%
2026-04-07 10:12:45 - __main__ - INFO - saved best: 6.23%
2026-04-07 10:12:45 - __main__ - INFO - 
Epoch 3/100 | lr 0.004006
2026-04-07 10:14:10 - __main__ - INFO - Train: loss 4.3519 acc1 8.06%
2026-04-07 10:14:10 - __main__ - INFO - Val:   loss 4.1936 acc1 9.04%
2026-04-07 10:14:10 - __main__ - INFO - saved best: 9.04%
2026-04-07 10:14:10 - __main__ - INFO - 
Epoch 4/100 | lr 0.006004
2026-04-07 10:15:35 - __main__ - INFO - Train: loss 3.9868 acc1 12.40%
2026-04-07 10:15:35 - __main__ - INFO - Val:   loss 3.6960 acc1 16.17%
2026-04-07 10:15:35 - __main__ - INFO - saved best: 16.17%
2026-04-07 10:15:35 - __main__ - INFO - 
Epoch 5/100 | lr 0.008002
2026-04-07 10:16:59 - __main__ - INFO - Train: loss 3.7642 acc1 15.86%
2026-04-07 10:16:59 - __main__ - INFO - Val:   loss 3.5691 acc1 19.06%
2026-04-07 10:16:59 - __main__ - INFO - saved best: 19.06%
2026-04-07 10:16:59 - __main__ - INFO - 
Epoch 6/100 | lr 0.010000
2026-04-07 10:18:24 - __main__ - INFO - Train: loss 3.5584 acc1 19.04%
2026-04-07 10:18:24 - __main__ - INFO - Val:   loss 3.4794 acc1 20.91%
2026-04-07 10:18:24 - __main__ - INFO - saved best: 20.91%
2026-04-07 10:18:24 - __main__ - INFO - 
Epoch 7/100 | lr 0.009997
2026-04-07 10:19:49 - __main__ - INFO - Train: loss 3.2651 acc1 24.10%
2026-04-07 10:19:49 - __main__ - INFO - Val:   loss 3.1044 acc1 27.12%
2026-04-07 10:19:49 - __main__ - INFO - saved best: 27.12%
2026-04-07 10:19:49 - __main__ - INFO - 
Epoch 8/100 | lr 0.009989
2026-04-07 10:21:14 - __main__ - INFO - Train: loss 3.0140 acc1 28.23%
2026-04-07 10:21:14 - __main__ - INFO - Val:   loss 2.9420 acc1 29.97%
2026-04-07 10:21:14 - __main__ - INFO - saved best: 29.97%
2026-04-07 10:21:14 - __main__ - INFO - 
Epoch 9/100 | lr 0.009975
2026-04-07 10:22:38 - __main__ - INFO - Train: loss 2.8233 acc1 31.93%
2026-04-07 10:22:38 - __main__ - INFO - Val:   loss 2.7901 acc1 32.76%
2026-04-07 10:22:38 - __main__ - INFO - saved best: 32.76%
2026-04-07 10:22:38 - __main__ - INFO - 
Epoch 10/100 | lr 0.009956
2026-04-07 10:24:03 - __main__ - INFO - Train: loss 2.6647 acc1 35.01%
2026-04-07 10:24:03 - __main__ - INFO - Val:   loss 2.7426 acc1 34.58%
2026-04-07 10:24:03 - __main__ - INFO - saved best: 34.58%
2026-04-07 10:24:03 - __main__ - INFO - 
Epoch 11/100 | lr 0.009932
2026-04-07 10:25:28 - __main__ - INFO - Train: loss 2.5292 acc1 38.01%
2026-04-07 10:25:28 - __main__ - INFO - Val:   loss 2.4481 acc1 40.36%
2026-04-07 10:25:28 - __main__ - INFO - saved best: 40.36%
2026-04-07 10:25:28 - __main__ - INFO - 
Epoch 12/100 | lr 0.009902
2026-04-07 10:26:53 - __main__ - INFO - Train: loss 2.3998 acc1 40.51%
2026-04-07 10:26:53 - __main__ - INFO - Val:   loss 2.9144 acc1 32.22%
2026-04-07 10:26:53 - __main__ - INFO - 
Epoch 13/100 | lr 0.009867
2026-04-07 10:28:18 - __main__ - INFO - Train: loss 2.2900 acc1 42.85%
2026-04-07 10:28:18 - __main__ - INFO - Val:   loss 2.3940 acc1 41.34%
2026-04-07 10:28:18 - __main__ - INFO - saved best: 41.34%
2026-04-07 10:28:18 - __main__ - INFO - 
Epoch 14/100 | lr 0.009826
2026-04-07 10:29:43 - __main__ - INFO - Train: loss 2.1910 acc1 44.98%
2026-04-07 10:29:43 - __main__ - INFO - Val:   loss 2.4706 acc1 40.69%
2026-04-07 10:29:43 - __main__ - INFO - 
Epoch 15/100 | lr 0.009780
2026-04-07 10:31:07 - __main__ - INFO - Train: loss 2.1088 acc1 46.88%
2026-04-07 10:31:07 - __main__ - INFO - Val:   loss 2.2443 acc1 45.21%
2026-04-07 10:31:07 - __main__ - INFO - saved best: 45.21%
2026-04-07 10:31:07 - __main__ - INFO - 
Epoch 16/100 | lr 0.009729
2026-04-07 10:32:32 - __main__ - INFO - Train: loss 2.0208 acc1 48.77%
2026-04-07 10:32:32 - __main__ - INFO - Val:   loss 3.6273 acc1 27.21%
2026-04-07 10:32:32 - __main__ - INFO - 
Epoch 17/100 | lr 0.009673
2026-04-07 10:33:57 - __main__ - INFO - Train: loss 1.9487 acc1 50.43%
2026-04-07 10:33:57 - __main__ - INFO - Val:   loss 2.1445 acc1 46.89%
2026-04-07 10:33:57 - __main__ - INFO - saved best: 46.89%
2026-04-07 10:33:57 - __main__ - INFO - 
Epoch 18/100 | lr 0.009612
2026-04-07 10:35:22 - __main__ - INFO - Train: loss 1.8872 acc1 51.96%
2026-04-07 10:35:22 - __main__ - INFO - Val:   loss 2.0647 acc1 48.87%
2026-04-07 10:35:22 - __main__ - INFO - saved best: 48.87%
2026-04-07 10:35:22 - __main__ - INFO - 
Epoch 19/100 | lr 0.009545
2026-04-07 10:36:47 - __main__ - INFO - Train: loss 1.8124 acc1 53.57%
2026-04-07 10:36:47 - __main__ - INFO - Val:   loss 2.0912 acc1 48.58%
2026-04-07 10:36:47 - __main__ - INFO - 
Epoch 20/100 | lr 0.009474
2026-04-07 10:38:11 - __main__ - INFO - Train: loss 1.7522 acc1 54.81%
2026-04-07 10:38:11 - __main__ - INFO - Val:   loss 2.0705 acc1 48.61%
2026-04-07 10:38:11 - __main__ - INFO - 
Epoch 21/100 | lr 0.009398
2026-04-07 10:39:36 - __main__ - INFO - Train: loss 1.7021 acc1 56.18%
2026-04-07 10:39:36 - __main__ - INFO - Val:   loss 2.0579 acc1 49.48%
2026-04-07 10:39:36 - __main__ - INFO - saved best: 49.48%
2026-04-07 10:39:36 - __main__ - INFO - 
Epoch 22/100 | lr 0.009317
2026-04-07 10:41:01 - __main__ - INFO - Train: loss 1.6473 acc1 57.32%
2026-04-07 10:41:01 - __main__ - INFO - Val:   loss 1.9525 acc1 52.20%
2026-04-07 10:41:01 - __main__ - INFO - saved best: 52.20%
2026-04-07 10:41:01 - __main__ - INFO - 
Epoch 23/100 | lr 0.009231
2026-04-07 10:42:25 - __main__ - INFO - Train: loss 1.5988 acc1 58.49%
2026-04-07 10:42:25 - __main__ - INFO - Val:   loss 2.1008 acc1 49.09%
2026-04-07 10:42:25 - __main__ - INFO - 
Epoch 24/100 | lr 0.009141
2026-04-07 10:43:50 - __main__ - INFO - Train: loss 1.5564 acc1 59.22%
2026-04-07 10:43:50 - __main__ - INFO - Val:   loss 2.0536 acc1 50.15%
2026-04-07 10:43:50 - __main__ - INFO - 
Epoch 25/100 | lr 0.009046
2026-04-07 10:45:15 - __main__ - INFO - Train: loss 1.5110 acc1 60.54%
2026-04-07 10:45:15 - __main__ - INFO - Val:   loss 2.0308 acc1 51.46%
2026-04-07 10:45:15 - __main__ - INFO - 
Epoch 26/100 | lr 0.008947
2026-04-07 10:46:39 - __main__ - INFO - Train: loss 1.4651 acc1 61.55%
2026-04-07 10:46:39 - __main__ - INFO - Val:   loss 1.9653 acc1 52.83%
2026-04-07 10:46:39 - __main__ - INFO - saved best: 52.83%
2026-04-07 10:46:39 - __main__ - INFO - 
Epoch 27/100 | lr 0.008843
2026-04-07 10:48:04 - __main__ - INFO - Train: loss 1.4323 acc1 62.34%
2026-04-07 10:48:04 - __main__ - INFO - Val:   loss 1.9905 acc1 52.11%
2026-04-07 10:48:04 - __main__ - INFO - 
Epoch 28/100 | lr 0.008735
2026-04-07 10:49:28 - __main__ - INFO - Train: loss 1.3874 acc1 63.41%
2026-04-07 10:49:28 - __main__ - INFO - Val:   loss 2.7863 acc1 38.75%
2026-04-07 10:49:28 - __main__ - INFO - 
Epoch 29/100 | lr 0.008624
2026-04-07 10:50:53 - __main__ - INFO - Train: loss 1.3533 acc1 64.08%
2026-04-07 10:50:53 - __main__ - INFO - Val:   loss 1.9519 acc1 52.27%
2026-04-07 10:50:53 - __main__ - INFO - 
Epoch 30/100 | lr 0.008508
2026-04-07 10:52:18 - __main__ - INFO - Train: loss 1.3155 acc1 65.10%
2026-04-07 10:52:18 - __main__ - INFO - Val:   loss 1.9933 acc1 52.36%
2026-04-07 10:52:18 - __main__ - INFO - 
Epoch 31/100 | lr 0.008388
2026-04-07 10:53:42 - __main__ - INFO - Train: loss 1.2825 acc1 65.94%
2026-04-07 10:53:42 - __main__ - INFO - Val:   loss 2.0273 acc1 52.27%
2026-04-07 10:53:42 - __main__ - INFO - 
Epoch 32/100 | lr 0.008265
2026-04-07 10:55:07 - __main__ - INFO - Train: loss 1.2439 acc1 66.60%
2026-04-07 10:55:07 - __main__ - INFO - Val:   loss 3.7017 acc1 31.52%
2026-04-07 10:55:07 - __main__ - INFO - 
Epoch 33/100 | lr 0.008138
2026-04-07 10:56:31 - __main__ - INFO - Train: loss 1.2027 acc1 67.62%
2026-04-07 10:56:31 - __main__ - INFO - Val:   loss 1.7899 acc1 55.93%
2026-04-07 10:56:31 - __main__ - INFO - saved best: 55.93%
2026-04-07 10:56:31 - __main__ - INFO - 
Epoch 34/100 | lr 0.008007
2026-04-07 10:57:56 - __main__ - INFO - Train: loss 1.1743 acc1 68.30%
2026-04-07 10:57:56 - __main__ - INFO - Val:   loss 1.8404 acc1 55.62%
2026-04-07 10:57:56 - __main__ - INFO - 
Epoch 35/100 | lr 0.007874
2026-04-07 10:59:21 - __main__ - INFO - Train: loss 1.1376 acc1 69.14%
2026-04-07 10:59:21 - __main__ - INFO - Val:   loss 3.0262 acc1 38.00%
2026-04-07 10:59:21 - __main__ - INFO - 
Epoch 36/100 | lr 0.007737
2026-04-07 11:00:45 - __main__ - INFO - Train: loss 1.1059 acc1 69.97%
2026-04-07 11:00:45 - __main__ - INFO - Val:   loss 1.8727 acc1 55.43%
2026-04-07 11:00:45 - __main__ - INFO - 
Epoch 37/100 | lr 0.007597
2026-04-07 11:02:10 - __main__ - INFO - Train: loss 1.0720 acc1 70.86%
2026-04-07 11:02:10 - __main__ - INFO - Val:   loss 3.6198 acc1 32.43%
2026-04-07 11:02:10 - __main__ - INFO - 
Epoch 38/100 | lr 0.007455
2026-04-07 11:03:34 - __main__ - INFO - Train: loss 1.0363 acc1 71.62%
2026-04-07 11:03:34 - __main__ - INFO - Val:   loss 1.8581 acc1 55.72%
2026-04-07 11:03:34 - __main__ - INFO - 
Epoch 39/100 | lr 0.007309
2026-04-07 11:04:59 - __main__ - INFO - Train: loss 1.0018 acc1 72.55%
2026-04-07 11:04:59 - __main__ - INFO - Val:   loss 1.8410 acc1 56.30%
2026-04-07 11:04:59 - __main__ - INFO - saved best: 56.30%
2026-04-07 11:04:59 - __main__ - INFO - 
Epoch 40/100 | lr 0.007162
2026-04-07 11:06:23 - __main__ - INFO - Train: loss 0.9801 acc1 73.13%
2026-04-07 11:06:23 - __main__ - INFO - Val:   loss 1.8984 acc1 55.86%
2026-04-07 11:06:23 - __main__ - INFO - 
Epoch 41/100 | lr 0.007011
2026-04-07 11:07:48 - __main__ - INFO - Train: loss 0.9539 acc1 73.53%
2026-04-07 11:07:48 - __main__ - INFO - Val:   loss 2.2384 acc1 50.17%
2026-04-07 11:07:48 - __main__ - INFO - 
Epoch 42/100 | lr 0.006859
2026-04-07 11:09:12 - __main__ - INFO - Train: loss 0.9146 acc1 74.72%
2026-04-07 11:09:12 - __main__ - INFO - Val:   loss 3.9278 acc1 30.09%
2026-04-07 11:09:12 - __main__ - INFO - 
Epoch 43/100 | lr 0.006705
2026-04-07 11:10:36 - __main__ - INFO - Train: loss 0.8821 acc1 75.49%
2026-04-07 11:10:36 - __main__ - INFO - Val:   loss 2.2378 acc1 50.14%
2026-04-07 11:10:36 - __main__ - INFO - 
Epoch 44/100 | lr 0.006549
2026-04-07 11:12:01 - __main__ - INFO - Train: loss 0.8624 acc1 75.84%
2026-04-07 11:12:01 - __main__ - INFO - Val:   loss 2.6024 acc1 44.45%
2026-04-07 11:12:01 - __main__ - INFO - 
Epoch 45/100 | lr 0.006391
2026-04-07 11:13:25 - __main__ - INFO - Train: loss 0.8218 acc1 76.83%
2026-04-07 11:13:25 - __main__ - INFO - Val:   loss 1.7615 acc1 59.63%
2026-04-07 11:13:25 - __main__ - INFO - saved best: 59.63%
2026-04-07 11:13:25 - __main__ - INFO - 
Epoch 46/100 | lr 0.006231
2026-04-07 11:14:50 - __main__ - INFO - Train: loss 0.7952 acc1 77.52%
2026-04-07 11:14:50 - __main__ - INFO - Val:   loss 1.8965 acc1 58.01%
2026-04-07 11:14:50 - __main__ - INFO - 
Epoch 47/100 | lr 0.006070
2026-04-07 11:16:14 - __main__ - INFO - Train: loss 0.7688 acc1 78.35%
2026-04-07 11:16:14 - __main__ - INFO - Val:   loss 1.8198 acc1 58.96%
2026-04-07 11:16:14 - __main__ - INFO - 
Epoch 48/100 | lr 0.005908
2026-04-07 11:17:38 - __main__ - INFO - Train: loss 0.7319 acc1 79.26%
2026-04-07 11:17:38 - __main__ - INFO - Val:   loss 1.7643 acc1 59.78%
2026-04-07 11:17:38 - __main__ - INFO - saved best: 59.78%
2026-04-07 11:17:38 - __main__ - INFO - 
Epoch 49/100 | lr 0.005746
2026-04-07 11:19:03 - __main__ - INFO - Train: loss 0.7086 acc1 79.75%
2026-04-07 11:19:03 - __main__ - INFO - Val:   loss 1.9578 acc1 57.16%
2026-04-07 11:19:03 - __main__ - INFO - 
Epoch 50/100 | lr 0.005582
2026-04-07 11:20:27 - __main__ - INFO - Train: loss 0.6821 acc1 80.40%
2026-04-07 11:20:27 - __main__ - INFO - Val:   loss 1.9195 acc1 57.69%
2026-04-07 11:20:27 - __main__ - INFO - 
Epoch 51/100 | lr 0.005417
2026-04-07 11:21:52 - __main__ - INFO - Train: loss 0.6539 acc1 81.23%
2026-04-07 11:21:52 - __main__ - INFO - Val:   loss 3.5044 acc1 37.00%
2026-04-07 11:21:52 - __main__ - INFO - 
Epoch 52/100 | lr 0.005253
2026-04-07 11:23:16 - __main__ - INFO - Train: loss 0.6226 acc1 82.16%
2026-04-07 11:23:16 - __main__ - INFO - Val:   loss 1.8751 acc1 59.00%
2026-04-07 11:23:16 - __main__ - INFO - 
Epoch 53/100 | lr 0.005088
2026-04-07 11:24:40 - __main__ - INFO - Train: loss 0.5917 acc1 82.86%
2026-04-07 11:24:40 - __main__ - INFO - Val:   loss 1.8170 acc1 60.26%
2026-04-07 11:24:40 - __main__ - INFO - saved best: 60.26%
2026-04-07 11:24:40 - __main__ - INFO - 
Epoch 54/100 | lr 0.004922
2026-04-07 11:26:05 - __main__ - INFO - Train: loss 0.5639 acc1 83.57%
2026-04-07 11:26:05 - __main__ - INFO - Val:   loss 1.8150 acc1 60.22%
2026-04-07 11:26:05 - __main__ - INFO - 
Epoch 55/100 | lr 0.004757
2026-04-07 11:27:29 - __main__ - INFO - Train: loss 0.5356 acc1 84.33%
2026-04-07 11:27:29 - __main__ - INFO - Val:   loss 1.8993 acc1 58.68%
2026-04-07 11:27:29 - __main__ - INFO - 
Epoch 56/100 | lr 0.004593
2026-04-07 11:28:53 - __main__ - INFO - Train: loss 0.5068 acc1 85.23%
2026-04-07 11:28:53 - __main__ - INFO - Val:   loss 1.8215 acc1 60.55%
2026-04-07 11:28:53 - __main__ - INFO - saved best: 60.55%
2026-04-07 11:28:53 - __main__ - INFO - 
Epoch 57/100 | lr 0.004428
2026-04-07 11:30:18 - __main__ - INFO - Train: loss 0.4765 acc1 85.97%
2026-04-07 11:30:18 - __main__ - INFO - Val:   loss 2.3833 acc1 51.73%
2026-04-07 11:30:18 - __main__ - INFO - 
Epoch 58/100 | lr 0.004264
2026-04-07 11:31:42 - __main__ - INFO - Train: loss 0.4544 acc1 86.54%
2026-04-07 11:31:42 - __main__ - INFO - Val:   loss 1.9980 acc1 58.66%
2026-04-07 11:31:42 - __main__ - INFO - 
Epoch 59/100 | lr 0.004102
2026-04-07 11:33:06 - __main__ - INFO - Train: loss 0.4242 acc1 87.42%
2026-04-07 11:33:06 - __main__ - INFO - Val:   loss 1.8685 acc1 61.34%
2026-04-07 11:33:06 - __main__ - INFO - saved best: 61.34%
2026-04-07 11:33:06 - __main__ - INFO - 
Epoch 60/100 | lr 0.003940
2026-04-07 11:34:31 - __main__ - INFO - Train: loss 0.4004 acc1 88.02%
2026-04-07 11:34:31 - __main__ - INFO - Val:   loss 1.8572 acc1 60.62%
2026-04-07 11:34:31 - __main__ - INFO - 
Epoch 61/100 | lr 0.003779
2026-04-07 11:35:55 - __main__ - INFO - Train: loss 0.3725 acc1 88.80%
2026-04-07 11:35:55 - __main__ - INFO - Val:   loss 1.9447 acc1 59.87%
2026-04-07 11:35:55 - __main__ - INFO - 
Epoch 62/100 | lr 0.003619
2026-04-07 11:37:20 - __main__ - INFO - Train: loss 0.3579 acc1 89.28%
2026-04-07 11:37:20 - __main__ - INFO - Val:   loss 1.9460 acc1 60.82%
2026-04-07 11:37:20 - __main__ - INFO - 
Epoch 63/100 | lr 0.003461
2026-04-07 11:38:44 - __main__ - INFO - Train: loss 0.3320 acc1 89.93%
2026-04-07 11:38:44 - __main__ - INFO - Val:   loss 1.8681 acc1 61.51%
2026-04-07 11:38:44 - __main__ - INFO - saved best: 61.51%
2026-04-07 11:38:44 - __main__ - INFO - 
Epoch 64/100 | lr 0.003305
2026-04-07 11:40:08 - __main__ - INFO - Train: loss 0.3001 acc1 90.99%
2026-04-07 11:40:08 - __main__ - INFO - Val:   loss 2.5268 acc1 52.81%
2026-04-07 11:40:08 - __main__ - INFO - 
Epoch 65/100 | lr 0.003151
2026-04-07 11:41:32 - __main__ - INFO - Train: loss 0.2740 acc1 91.76%
2026-04-07 11:41:32 - __main__ - INFO - Val:   loss 1.9589 acc1 60.98%
2026-04-07 11:41:32 - __main__ - INFO - 
Epoch 66/100 | lr 0.002999
2026-04-07 11:42:57 - __main__ - INFO - Train: loss 0.2567 acc1 92.22%
2026-04-07 11:42:57 - __main__ - INFO - Val:   loss 1.9540 acc1 61.87%
2026-04-07 11:42:57 - __main__ - INFO - saved best: 61.87%
2026-04-07 11:42:57 - __main__ - INFO - 
Epoch 67/100 | lr 0.002848
2026-04-07 11:44:21 - __main__ - INFO - Train: loss 0.2305 acc1 92.97%
2026-04-07 11:44:21 - __main__ - INFO - Val:   loss 2.1496 acc1 58.76%
2026-04-07 11:44:21 - __main__ - INFO - 
Epoch 68/100 | lr 0.002701
2026-04-07 11:45:45 - __main__ - INFO - Train: loss 0.2092 acc1 93.57%
2026-04-07 11:45:45 - __main__ - INFO - Val:   loss 1.9440 acc1 62.99%
2026-04-07 11:45:45 - __main__ - INFO - saved best: 62.99%
2026-04-07 11:45:45 - __main__ - INFO - 
Epoch 69/100 | lr 0.002555
2026-04-07 11:47:10 - __main__ - INFO - Train: loss 0.1904 acc1 94.12%
2026-04-07 11:47:10 - __main__ - INFO - Val:   loss 1.9820 acc1 62.35%
2026-04-07 11:47:10 - __main__ - INFO - 
Epoch 70/100 | lr 0.002413
2026-04-07 11:48:35 - __main__ - INFO - Train: loss 0.1688 acc1 94.79%
2026-04-07 11:48:35 - __main__ - INFO - Val:   loss 2.0056 acc1 62.94%
2026-04-07 11:48:35 - __main__ - INFO - 
Epoch 71/100 | lr 0.002273
2026-04-07 11:49:59 - __main__ - INFO - Train: loss 0.1545 acc1 95.14%
2026-04-07 11:49:59 - __main__ - INFO - Val:   loss 1.9861 acc1 62.86%
2026-04-07 11:49:59 - __main__ - INFO - 
Epoch 72/100 | lr 0.002136
2026-04-07 11:51:24 - __main__ - INFO - Train: loss 0.1343 acc1 95.84%
2026-04-07 11:51:24 - __main__ - INFO - Val:   loss 1.9496 acc1 63.91%
2026-04-07 11:51:24 - __main__ - INFO - saved best: 63.91%
2026-04-07 11:51:24 - __main__ - INFO - 
Epoch 73/100 | lr 0.002003
2026-04-07 11:52:48 - __main__ - INFO - Train: loss 0.1208 acc1 96.29%
2026-04-07 11:52:48 - __main__ - INFO - Val:   loss 2.0436 acc1 63.29%
2026-04-07 11:52:48 - __main__ - INFO - 
Epoch 74/100 | lr 0.001872
2026-04-07 11:54:12 - __main__ - INFO - Train: loss 0.1030 acc1 96.80%
2026-04-07 11:54:12 - __main__ - INFO - Val:   loss 2.0546 acc1 63.83%
2026-04-07 11:54:12 - __main__ - INFO - 
Epoch 75/100 | lr 0.001745
2026-04-07 11:55:37 - __main__ - INFO - Train: loss 0.0883 acc1 97.27%
2026-04-07 11:55:37 - __main__ - INFO - Val:   loss 2.0219 acc1 64.39%
2026-04-07 11:55:37 - __main__ - INFO - saved best: 64.39%
2026-04-07 11:55:37 - __main__ - INFO - 
Epoch 76/100 | lr 0.001622
2026-04-07 11:57:01 - __main__ - INFO - Train: loss 0.0782 acc1 97.60%
2026-04-07 11:57:01 - __main__ - INFO - Val:   loss 2.0187 acc1 64.48%
2026-04-07 11:57:01 - __main__ - INFO - saved best: 64.48%
2026-04-07 11:57:01 - __main__ - INFO - 
Epoch 77/100 | lr 0.001502
2026-04-07 11:58:26 - __main__ - INFO - Train: loss 0.0647 acc1 98.02%
2026-04-07 11:58:26 - __main__ - INFO - Val:   loss 2.2323 acc1 61.77%
2026-04-07 11:58:26 - __main__ - INFO - 
Epoch 78/100 | lr 0.001386
2026-04-07 11:59:50 - __main__ - INFO - Train: loss 0.0564 acc1 98.30%
2026-04-07 11:59:50 - __main__ - INFO - Val:   loss 2.0190 acc1 65.18%
2026-04-07 11:59:50 - __main__ - INFO - saved best: 65.18%
2026-04-07 11:59:50 - __main__ - INFO - 
Epoch 79/100 | lr 0.001275
2026-04-07 12:01:15 - __main__ - INFO - Train: loss 0.0497 acc1 98.45%
2026-04-07 12:01:15 - __main__ - INFO - Val:   loss 2.0459 acc1 65.27%
2026-04-07 12:01:15 - __main__ - INFO - saved best: 65.27%
2026-04-07 12:01:15 - __main__ - INFO - 
Epoch 80/100 | lr 0.001167
2026-04-07 12:02:39 - __main__ - INFO - Train: loss 0.0411 acc1 98.80%
2026-04-07 12:02:39 - __main__ - INFO - Val:   loss 2.0391 acc1 65.48%
2026-04-07 12:02:39 - __main__ - INFO - saved best: 65.48%
2026-04-07 12:02:39 - __main__ - INFO - 
Epoch 81/100 | lr 0.001063
2026-04-07 12:04:03 - __main__ - INFO - Train: loss 0.0367 acc1 98.93%
2026-04-07 12:04:03 - __main__ - INFO - Val:   loss 2.0278 acc1 65.72%
2026-04-07 12:04:03 - __main__ - INFO - saved best: 65.72%
2026-04-07 12:04:03 - __main__ - INFO - 
Epoch 82/100 | lr 0.000964
2026-04-07 12:05:28 - __main__ - INFO - Train: loss 0.0309 acc1 99.11%
2026-04-07 12:05:28 - __main__ - INFO - Val:   loss 2.0226 acc1 66.21%
2026-04-07 12:05:28 - __main__ - INFO - saved best: 66.21%
2026-04-07 12:05:28 - __main__ - INFO - 
Epoch 83/100 | lr 0.000869
2026-04-07 12:06:52 - __main__ - INFO - Train: loss 0.0291 acc1 99.20%
2026-04-07 12:06:52 - __main__ - INFO - Val:   loss 1.9980 acc1 66.35%
2026-04-07 12:06:52 - __main__ - INFO - saved best: 66.35%
2026-04-07 12:06:52 - __main__ - INFO - 
Epoch 84/100 | lr 0.000779
2026-04-07 12:08:17 - __main__ - INFO - Train: loss 0.0255 acc1 99.28%
2026-04-07 12:08:17 - __main__ - INFO - Val:   loss 2.0091 acc1 66.43%
2026-04-07 12:08:17 - __main__ - INFO - saved best: 66.43%
2026-04-07 12:08:17 - __main__ - INFO - 
Epoch 85/100 | lr 0.000693
2026-04-07 12:09:41 - __main__ - INFO - Train: loss 0.0226 acc1 99.35%
2026-04-07 12:09:41 - __main__ - INFO - Val:   loss 2.0109 acc1 66.35%
2026-04-07 12:09:41 - __main__ - INFO - 
Epoch 86/100 | lr 0.000612
2026-04-07 12:11:06 - __main__ - INFO - Train: loss 0.0199 acc1 99.49%
2026-04-07 12:11:06 - __main__ - INFO - Val:   loss 1.9964 acc1 66.86%
2026-04-07 12:11:06 - __main__ - INFO - saved best: 66.86%
2026-04-07 12:11:06 - __main__ - INFO - 
Epoch 87/100 | lr 0.000536
2026-04-07 12:12:30 - __main__ - INFO - Train: loss 0.0189 acc1 99.49%
2026-04-07 12:12:30 - __main__ - INFO - Val:   loss 2.0003 acc1 66.54%
2026-04-07 12:12:30 - __main__ - INFO - 
Epoch 88/100 | lr 0.000465
2026-04-07 12:13:54 - __main__ - INFO - Train: loss 0.0170 acc1 99.53%
2026-04-07 12:13:54 - __main__ - INFO - Val:   loss 2.0119 acc1 66.79%
2026-04-07 12:13:54 - __main__ - INFO - 
Epoch 89/100 | lr 0.000398
2026-04-07 12:15:19 - __main__ - INFO - Train: loss 0.0158 acc1 99.58%
2026-04-07 12:15:19 - __main__ - INFO - Val:   loss 1.9986 acc1 66.52%
2026-04-07 12:15:19 - __main__ - INFO - 
Epoch 90/100 | lr 0.000337
2026-04-07 12:16:43 - __main__ - INFO - Train: loss 0.0145 acc1 99.63%
2026-04-07 12:16:43 - __main__ - INFO - Val:   loss 2.0001 acc1 67.24%
2026-04-07 12:16:43 - __main__ - INFO - saved best: 67.24%
2026-04-07 12:16:43 - __main__ - INFO - 
Epoch 91/100 | lr 0.000281
2026-04-07 12:18:08 - __main__ - INFO - Train: loss 0.0133 acc1 99.67%
2026-04-07 12:18:08 - __main__ - INFO - Val:   loss 2.0078 acc1 66.87%
2026-04-07 12:18:08 - __main__ - INFO - 
Epoch 92/100 | lr 0.000230
2026-04-07 12:19:32 - __main__ - INFO - Train: loss 0.0124 acc1 99.71%
2026-04-07 12:19:32 - __main__ - INFO - Val:   loss 1.9939 acc1 67.06%
2026-04-07 12:19:32 - __main__ - INFO - 
Epoch 93/100 | lr 0.000184
2026-04-07 12:20:56 - __main__ - INFO - Train: loss 0.0119 acc1 99.72%
2026-04-07 12:20:56 - __main__ - INFO - Val:   loss 1.9931 acc1 66.94%
2026-04-07 12:20:56 - __main__ - INFO - 
Epoch 94/100 | lr 0.000143
2026-04-07 12:22:21 - __main__ - INFO - Train: loss 0.0121 acc1 99.72%
2026-04-07 12:22:21 - __main__ - INFO - Val:   loss 2.0018 acc1 66.89%
2026-04-07 12:22:21 - __main__ - INFO - 
Epoch 95/100 | lr 0.000108
2026-04-07 12:23:45 - __main__ - INFO - Train: loss 0.0117 acc1 99.69%
2026-04-07 12:23:45 - __main__ - INFO - Val:   loss 1.9866 acc1 67.29%
2026-04-07 12:23:45 - __main__ - INFO - saved best: 67.29%
2026-04-07 12:23:45 - __main__ - INFO - 
Epoch 96/100 | lr 0.000078
2026-04-07 12:25:10 - __main__ - INFO - Train: loss 0.0109 acc1 99.74%
2026-04-07 12:25:10 - __main__ - INFO - Val:   loss 1.9920 acc1 67.29%
2026-04-07 12:25:10 - __main__ - INFO - saved best: 67.29%
2026-04-07 12:25:10 - __main__ - INFO - 
Epoch 97/100 | lr 0.000054
2026-04-07 12:26:34 - __main__ - INFO - Train: loss 0.0113 acc1 99.74%
2026-04-07 12:26:34 - __main__ - INFO - Val:   loss 1.9995 acc1 67.01%
2026-04-07 12:26:34 - __main__ - INFO - 
Epoch 98/100 | lr 0.000035
2026-04-07 12:27:58 - __main__ - INFO - Train: loss 0.0112 acc1 99.74%
2026-04-07 12:27:58 - __main__ - INFO - Val:   loss 1.9954 acc1 66.86%
2026-04-07 12:27:58 - __main__ - INFO - 
Epoch 99/100 | lr 0.000021
2026-04-07 12:29:23 - __main__ - INFO - Train: loss 0.0107 acc1 99.73%
2026-04-07 12:29:23 - __main__ - INFO - Val:   loss 1.9916 acc1 67.14%
2026-04-07 12:29:23 - __main__ - INFO - 
Epoch 100/100 | lr 0.000013
2026-04-07 12:30:47 - __main__ - INFO - Train: loss 0.0108 acc1 99.75%
2026-04-07 12:30:47 - __main__ - INFO - Val:   loss 2.0024 acc1 67.29%
2026-04-07 12:30:47 - __main__ - INFO - Loaded best checkpoint weights for final test evaluation.
2026-04-07 12:30:50 - __main__ - INFO - 
Best tracked (val): 67.29%
2026-04-07 12:30:50 - __main__ - INFO - Final test: loss 3.5841 acc1 57.26%
2026-04-07 12:30:58 - __main__ - INFO - Variant [low_saliency] done — test acc 57.26%, test loss 3.5841
2026-04-07 12:30:58 - __main__ - INFO - 
============================================================
2026-04-07 12:30:58 - __main__ - INFO - Training output model: vgg16_bn [random_sparsity]
2026-04-07 12:30:58 - __main__ - INFO -   Resolved config → opt=sgd, lr=0.01, wd=0.0005, bs=64, epochs=100, scheduler=cosine, warmup=5
2026-04-07 12:30:58 - __main__ - INFO - ============================================================
2026-04-07 12:30:58 - __main__ - INFO -   Validation during training uses variant split with val_split=0.1
2026-04-07 12:30:58 - __main__ - INFO -   Final test uses random_sparsity variant test split
2026-04-07 12:30:58 - __main__ - INFO - device: cuda | cuda: True | gpu: NVIDIA L4
2026-04-07 12:31:01 - __main__ - INFO - Model: vgg16_bn | Dataset: tiny_imagenet | Classes: 200 | Optimizer: sgd
2026-04-07 12:31:01 - __main__ - INFO - 
Epoch 1/100 | lr 0.000010
2026-04-07 12:32:25 - __main__ - INFO - Train: loss 5.4537 acc1 0.51%
2026-04-07 12:32:25 - __main__ - INFO - Val:   loss 5.3013 acc1 0.55%
2026-04-07 12:32:25 - __main__ - INFO - saved best: 0.55%
2026-04-07 12:32:25 - __main__ - INFO - 
Epoch 2/100 | lr 0.002008
2026-04-07 12:33:50 - __main__ - INFO - Train: loss 5.0376 acc1 2.23%
2026-04-07 12:33:50 - __main__ - INFO - Val:   loss 4.7309 acc1 4.48%
2026-04-07 12:33:50 - __main__ - INFO - saved best: 4.48%
2026-04-07 12:33:50 - __main__ - INFO - 
Epoch 3/100 | lr 0.004006
2026-04-07 12:35:14 - __main__ - INFO - Train: loss 4.6619 acc1 5.16%
2026-04-07 12:35:14 - __main__ - INFO - Val:   loss 4.4609 acc1 7.11%
2026-04-07 12:35:14 - __main__ - INFO - saved best: 7.11%
2026-04-07 12:35:14 - __main__ - INFO - 
Epoch 4/100 | lr 0.006004
2026-04-07 12:36:38 - __main__ - INFO - Train: loss 4.4283 acc1 7.45%
2026-04-07 12:36:38 - __main__ - INFO - Val:   loss 4.1959 acc1 9.86%
2026-04-07 12:36:38 - __main__ - INFO - saved best: 9.86%
2026-04-07 12:36:38 - __main__ - INFO - 
Epoch 5/100 | lr 0.008002
2026-04-07 12:38:03 - __main__ - INFO - Train: loss 4.1984 acc1 10.54%
2026-04-07 12:38:03 - __main__ - INFO - Val:   loss 4.1539 acc1 11.42%
2026-04-07 12:38:03 - __main__ - INFO - saved best: 11.42%
2026-04-07 12:38:03 - __main__ - INFO - 
Epoch 6/100 | lr 0.010000
2026-04-07 12:39:27 - __main__ - INFO - Train: loss 4.0024 acc1 12.92%
2026-04-07 12:39:27 - __main__ - INFO - Val:   loss 3.9202 acc1 14.18%
2026-04-07 12:39:27 - __main__ - INFO - saved best: 14.18%
2026-04-07 12:39:27 - __main__ - INFO - 
Epoch 7/100 | lr 0.009997
2026-04-07 12:40:51 - __main__ - INFO - Train: loss 3.7369 acc1 16.66%
2026-04-07 12:40:51 - __main__ - INFO - Val:   loss 3.6525 acc1 18.08%
2026-04-07 12:40:51 - __main__ - INFO - saved best: 18.08%
2026-04-07 12:40:51 - __main__ - INFO - 
Epoch 8/100 | lr 0.009989
2026-04-07 12:42:16 - __main__ - INFO - Train: loss 3.5105 acc1 20.09%
2026-04-07 12:42:16 - __main__ - INFO - Val:   loss 3.4026 acc1 21.71%
2026-04-07 12:42:16 - __main__ - INFO - saved best: 21.71%
2026-04-07 12:42:16 - __main__ - INFO - 
Epoch 9/100 | lr 0.009975
2026-04-07 12:43:40 - __main__ - INFO - Train: loss 3.3391 acc1 23.07%
2026-04-07 12:43:40 - __main__ - INFO - Val:   loss 3.2720 acc1 24.71%
2026-04-07 12:43:40 - __main__ - INFO - saved best: 24.71%
2026-04-07 12:43:40 - __main__ - INFO - 
Epoch 10/100 | lr 0.009956
2026-04-07 12:45:05 - __main__ - INFO - Train: loss 3.1830 acc1 25.87%
2026-04-07 12:45:05 - __main__ - INFO - Val:   loss 3.1876 acc1 26.56%
2026-04-07 12:45:05 - __main__ - INFO - saved best: 26.56%
2026-04-07 12:45:05 - __main__ - INFO - 
Epoch 11/100 | lr 0.009932
2026-04-07 12:46:29 - __main__ - INFO - Train: loss 3.0582 acc1 28.24%
2026-04-07 12:46:29 - __main__ - INFO - Val:   loss 3.0096 acc1 30.01%
2026-04-07 12:46:29 - __main__ - INFO - saved best: 30.01%
2026-04-07 12:46:29 - __main__ - INFO - 
Epoch 12/100 | lr 0.009902
2026-04-07 12:47:53 - __main__ - INFO - Train: loss 2.9483 acc1 30.29%
2026-04-07 12:47:53 - __main__ - INFO - Val:   loss 3.0281 acc1 29.33%
2026-04-07 12:47:53 - __main__ - INFO - 
Epoch 13/100 | lr 0.009867
2026-04-07 12:49:18 - __main__ - INFO - Train: loss 2.8315 acc1 32.57%
2026-04-07 12:49:18 - __main__ - INFO - Val:   loss 2.9298 acc1 31.38%
2026-04-07 12:49:18 - __main__ - INFO - saved best: 31.38%
2026-04-07 12:49:18 - __main__ - INFO - 
Epoch 14/100 | lr 0.009826
2026-04-07 12:50:42 - __main__ - INFO - Train: loss 2.7307 acc1 34.55%
2026-04-07 12:50:42 - __main__ - INFO - Val:   loss 2.9357 acc1 31.83%
2026-04-07 12:50:42 - __main__ - INFO - saved best: 31.83%
2026-04-07 12:50:42 - __main__ - INFO - 
Epoch 15/100 | lr 0.009780
2026-04-07 12:52:07 - __main__ - INFO - Train: loss 2.6413 acc1 36.32%
2026-04-07 12:52:07 - __main__ - INFO - Val:   loss 2.7946 acc1 34.18%
2026-04-07 12:52:07 - __main__ - INFO - saved best: 34.18%
2026-04-07 12:52:07 - __main__ - INFO - 
Epoch 16/100 | lr 0.009729
2026-04-07 12:53:31 - __main__ - INFO - Train: loss 2.5535 acc1 38.06%
2026-04-07 12:53:31 - __main__ - INFO - Val:   loss 2.7392 acc1 35.71%
2026-04-07 12:53:31 - __main__ - INFO - saved best: 35.71%
2026-04-07 12:53:31 - __main__ - INFO - 
Epoch 17/100 | lr 0.009673
2026-04-07 12:54:56 - __main__ - INFO - Train: loss 2.4690 acc1 39.90%
2026-04-07 12:54:56 - __main__ - INFO - Val:   loss 2.6341 acc1 37.43%
2026-04-07 12:54:56 - __main__ - INFO - saved best: 37.43%
2026-04-07 12:54:56 - __main__ - INFO - 
Epoch 18/100 | lr 0.009612
2026-04-07 12:56:20 - __main__ - INFO - Train: loss 2.3930 acc1 41.42%
2026-04-07 12:56:20 - __main__ - INFO - Val:   loss 2.5240 acc1 39.27%
2026-04-07 12:56:20 - __main__ - INFO - saved best: 39.27%
2026-04-07 12:56:20 - __main__ - INFO - 
Epoch 19/100 | lr 0.009545
2026-04-07 12:57:44 - __main__ - INFO - Train: loss 2.3213 acc1 42.86%
2026-04-07 12:57:44 - __main__ - INFO - Val:   loss 2.6860 acc1 37.56%
2026-04-07 12:57:44 - __main__ - INFO - 
Epoch 20/100 | lr 0.009474
2026-04-07 12:59:09 - __main__ - INFO - Train: loss 2.2567 acc1 44.37%
2026-04-07 12:59:09 - __main__ - INFO - Val:   loss 2.5476 acc1 39.64%
2026-04-07 12:59:09 - __main__ - INFO - saved best: 39.64%
2026-04-07 12:59:09 - __main__ - INFO - 
Epoch 21/100 | lr 0.009398
2026-04-07 13:00:33 - __main__ - INFO - Train: loss 2.1941 acc1 45.60%
2026-04-07 13:00:33 - __main__ - INFO - Val:   loss 2.5265 acc1 40.52%
2026-04-07 13:00:33 - __main__ - INFO - saved best: 40.52%
2026-04-07 13:00:33 - __main__ - INFO - 
Epoch 22/100 | lr 0.009317
2026-04-07 13:01:58 - __main__ - INFO - Train: loss 2.1324 acc1 46.80%
2026-04-07 13:01:58 - __main__ - INFO - Val:   loss 2.4114 acc1 42.41%
2026-04-07 13:01:58 - __main__ - INFO - saved best: 42.41%
2026-04-07 13:01:58 - __main__ - INFO - 
Epoch 23/100 | lr 0.009231
2026-04-07 13:03:23 - __main__ - INFO - Train: loss 2.0804 acc1 48.18%
2026-04-07 13:03:23 - __main__ - INFO - Val:   loss 2.4979 acc1 41.20%
2026-04-07 13:03:23 - __main__ - INFO - 
Epoch 24/100 | lr 0.009141
2026-04-07 13:04:47 - __main__ - INFO - Train: loss 2.0259 acc1 49.34%
2026-04-07 13:04:47 - __main__ - INFO - Val:   loss 2.4387 acc1 42.12%
2026-04-07 13:04:47 - __main__ - INFO - 
Epoch 25/100 | lr 0.009046
2026-04-07 13:06:12 - __main__ - INFO - Train: loss 1.9733 acc1 50.41%
2026-04-07 13:06:12 - __main__ - INFO - Val:   loss 2.4808 acc1 42.59%
2026-04-07 13:06:12 - __main__ - INFO - saved best: 42.59%
2026-04-07 13:06:12 - __main__ - INFO - 
Epoch 26/100 | lr 0.008947
2026-04-07 13:07:36 - __main__ - INFO - Train: loss 1.9285 acc1 51.42%
2026-04-07 13:07:36 - __main__ - INFO - Val:   loss 2.5401 acc1 41.58%
2026-04-07 13:07:36 - __main__ - INFO - 
Epoch 27/100 | lr 0.008843
2026-04-07 13:09:01 - __main__ - INFO - Train: loss 1.8770 acc1 52.50%
2026-04-07 13:09:01 - __main__ - INFO - Val:   loss 2.5141 acc1 41.55%
2026-04-07 13:09:01 - __main__ - INFO - 
Epoch 28/100 | lr 0.008735
2026-04-07 13:10:25 - __main__ - INFO - Train: loss 1.8309 acc1 53.55%
2026-04-07 13:10:25 - __main__ - INFO - Val:   loss 2.4958 acc1 42.68%
2026-04-07 13:10:25 - __main__ - INFO - saved best: 42.68%
2026-04-07 13:10:25 - __main__ - INFO - 
Epoch 29/100 | lr 0.008624
2026-04-07 13:11:50 - __main__ - INFO - Train: loss 1.7867 acc1 54.70%
2026-04-07 13:11:50 - __main__ - INFO - Val:   loss 2.4331 acc1 43.31%
2026-04-07 13:11:50 - __main__ - INFO - saved best: 43.31%
2026-04-07 13:11:50 - __main__ - INFO - 
Epoch 30/100 | lr 0.008508
2026-04-07 13:13:14 - __main__ - INFO - Train: loss 1.7326 acc1 55.71%
2026-04-07 13:13:14 - __main__ - INFO - Val:   loss 2.3726 acc1 44.11%
2026-04-07 13:13:14 - __main__ - INFO - saved best: 44.11%
2026-04-07 13:13:14 - __main__ - INFO - 
Epoch 31/100 | lr 0.008388
2026-04-07 13:14:39 - __main__ - INFO - Train: loss 1.6961 acc1 56.56%
2026-04-07 13:14:39 - __main__ - INFO - Val:   loss 2.4602 acc1 43.29%
2026-04-07 13:14:39 - __main__ - INFO - 
Epoch 32/100 | lr 0.008265
2026-04-07 13:16:03 - __main__ - INFO - Train: loss 1.6500 acc1 57.63%
2026-04-07 13:16:03 - __main__ - INFO - Val:   loss 2.4059 acc1 44.46%
2026-04-07 13:16:03 - __main__ - INFO - saved best: 44.46%
2026-04-07 13:16:03 - __main__ - INFO - 
Epoch 33/100 | lr 0.008138
2026-04-07 13:17:28 - __main__ - INFO - Train: loss 1.6039 acc1 58.56%
2026-04-07 13:17:28 - __main__ - INFO - Val:   loss 2.4156 acc1 45.20%
2026-04-07 13:17:28 - __main__ - INFO - saved best: 45.20%
2026-04-07 13:17:28 - __main__ - INFO - 
Epoch 34/100 | lr 0.008007
2026-04-07 13:18:52 - __main__ - INFO - Train: loss 1.5637 acc1 59.48%
2026-04-07 13:18:52 - __main__ - INFO - Val:   loss 2.4896 acc1 44.31%
2026-04-07 13:18:52 - __main__ - INFO - 
Epoch 35/100 | lr 0.007874
2026-04-07 13:20:17 - __main__ - INFO - Train: loss 1.5215 acc1 60.53%
2026-04-07 13:20:17 - __main__ - INFO - Val:   loss 2.4704 acc1 44.53%
2026-04-07 13:20:17 - __main__ - INFO - 
Epoch 36/100 | lr 0.007737
2026-04-07 13:21:41 - __main__ - INFO - Train: loss 1.4785 acc1 61.46%
2026-04-07 13:21:41 - __main__ - INFO - Val:   loss 2.5416 acc1 43.92%
2026-04-07 13:21:41 - __main__ - INFO - 
Epoch 37/100 | lr 0.007597
2026-04-07 13:23:06 - __main__ - INFO - Train: loss 1.4345 acc1 62.21%
2026-04-07 13:23:06 - __main__ - INFO - Val:   loss 2.6208 acc1 43.42%
2026-04-07 13:23:06 - __main__ - INFO - 
Epoch 38/100 | lr 0.007455
2026-04-07 13:24:30 - __main__ - INFO - Train: loss 1.3886 acc1 63.52%
2026-04-07 13:24:30 - __main__ - INFO - Val:   loss 2.6181 acc1 43.68%
2026-04-07 13:24:30 - __main__ - INFO - 
Epoch 39/100 | lr 0.007309
2026-04-07 13:25:55 - __main__ - INFO - Train: loss 1.3499 acc1 64.36%
2026-04-07 13:25:55 - __main__ - INFO - Val:   loss 2.4558 acc1 45.30%
2026-04-07 13:25:55 - __main__ - INFO - saved best: 45.30%
2026-04-07 13:25:55 - __main__ - INFO - 
Epoch 40/100 | lr 0.007162
2026-04-07 13:27:19 - __main__ - INFO - Train: loss 1.3199 acc1 64.72%
2026-04-07 13:27:19 - __main__ - INFO - Val:   loss 2.4179 acc1 47.36%
2026-04-07 13:27:19 - __main__ - INFO - saved best: 47.36%
2026-04-07 13:27:19 - __main__ - INFO - 
Epoch 41/100 | lr 0.007011
2026-04-07 13:28:44 - __main__ - INFO - Train: loss 1.2642 acc1 66.47%
2026-04-07 13:28:44 - __main__ - INFO - Val:   loss 2.4887 acc1 46.41%
2026-04-07 13:28:44 - __main__ - INFO - 
Epoch 42/100 | lr 0.006859
2026-04-07 13:30:09 - __main__ - INFO - Train: loss 1.2413 acc1 66.92%
2026-04-07 13:30:09 - __main__ - INFO - Val:   loss 2.3948 acc1 46.99%
2026-04-07 13:30:09 - __main__ - INFO - 
Epoch 43/100 | lr 0.006705
2026-04-07 13:31:33 - __main__ - INFO - Train: loss 1.1889 acc1 68.00%
2026-04-07 13:31:33 - __main__ - INFO - Val:   loss 2.4025 acc1 47.30%
2026-04-07 13:31:33 - __main__ - INFO - 
Epoch 44/100 | lr 0.006549
2026-04-07 13:32:58 - __main__ - INFO - Train: loss 1.1493 acc1 69.09%
2026-04-07 13:32:58 - __main__ - INFO - Val:   loss 2.4954 acc1 46.44%
2026-04-07 13:32:58 - __main__ - INFO - 
Epoch 45/100 | lr 0.006391
2026-04-07 13:34:22 - __main__ - INFO - Train: loss 1.1118 acc1 69.98%
2026-04-07 13:34:22 - __main__ - INFO - Val:   loss 2.4541 acc1 46.82%
2026-04-07 13:34:22 - __main__ - INFO - 
Epoch 46/100 | lr 0.006231
2026-04-07 13:35:46 - __main__ - INFO - Train: loss 1.0812 acc1 70.70%
2026-04-07 13:35:46 - __main__ - INFO - Val:   loss 2.4730 acc1 46.66%
2026-04-07 13:35:46 - __main__ - INFO - 
Epoch 47/100 | lr 0.006070
2026-04-07 13:37:11 - __main__ - INFO - Train: loss 1.0363 acc1 71.66%
2026-04-07 13:37:11 - __main__ - INFO - Val:   loss 2.4704 acc1 48.11%
2026-04-07 13:37:11 - __main__ - INFO - saved best: 48.11%
2026-04-07 13:37:11 - __main__ - INFO - 
Epoch 48/100 | lr 0.005908
2026-04-07 13:38:35 - __main__ - INFO - Train: loss 0.9911 acc1 72.83%
2026-04-07 13:38:35 - __main__ - INFO - Val:   loss 2.5058 acc1 47.57%
2026-04-07 13:38:35 - __main__ - INFO - 
Epoch 49/100 | lr 0.005746
2026-04-07 13:40:00 - __main__ - INFO - Train: loss 0.9647 acc1 73.46%
2026-04-07 13:40:00 - __main__ - INFO - Val:   loss 2.7003 acc1 45.23%
2026-04-07 13:40:00 - __main__ - INFO - 
Epoch 50/100 | lr 0.005582
2026-04-07 13:41:24 - __main__ - INFO - Train: loss 0.9215 acc1 74.39%
2026-04-07 13:41:24 - __main__ - INFO - Val:   loss 2.4999 acc1 48.17%
2026-04-07 13:41:24 - __main__ - INFO - saved best: 48.17%
2026-04-07 13:41:24 - __main__ - INFO - 
Epoch 51/100 | lr 0.005417
2026-04-07 13:42:49 - __main__ - INFO - Train: loss 0.8904 acc1 75.09%
2026-04-07 13:42:49 - __main__ - INFO - Val:   loss 2.6953 acc1 46.97%
2026-04-07 13:42:49 - __main__ - INFO - 
Epoch 52/100 | lr 0.005253
2026-04-07 13:44:13 - __main__ - INFO - Train: loss 0.8460 acc1 76.27%
2026-04-07 13:44:13 - __main__ - INFO - Val:   loss 2.6048 acc1 47.01%
2026-04-07 13:44:13 - __main__ - INFO - 
Epoch 53/100 | lr 0.005088
2026-04-07 13:45:38 - __main__ - INFO - Train: loss 0.8022 acc1 77.56%
2026-04-07 13:45:38 - __main__ - INFO - Val:   loss 2.5394 acc1 49.10%
2026-04-07 13:45:38 - __main__ - INFO - saved best: 49.10%
2026-04-07 13:45:38 - __main__ - INFO - 
Epoch 54/100 | lr 0.004922
2026-04-07 13:47:02 - __main__ - INFO - Train: loss 0.7672 acc1 78.09%
2026-04-07 13:47:02 - __main__ - INFO - Val:   loss 2.6299 acc1 47.49%
2026-04-07 13:47:02 - __main__ - INFO - 
Epoch 55/100 | lr 0.004757
2026-04-07 13:48:27 - __main__ - INFO - Train: loss 0.7327 acc1 79.25%
2026-04-07 13:48:27 - __main__ - INFO - Val:   loss 2.6702 acc1 47.21%
2026-04-07 13:48:27 - __main__ - INFO - 
Epoch 56/100 | lr 0.004593
2026-04-07 13:49:51 - __main__ - INFO - Train: loss 0.6870 acc1 80.49%
2026-04-07 13:49:51 - __main__ - INFO - Val:   loss 2.6734 acc1 48.12%
2026-04-07 13:49:51 - __main__ - INFO - 
Epoch 57/100 | lr 0.004428
2026-04-07 13:51:16 - __main__ - INFO - Train: loss 0.6522 acc1 81.28%
2026-04-07 13:51:16 - __main__ - INFO - Val:   loss 2.6457 acc1 48.44%
2026-04-07 13:51:16 - __main__ - INFO - 
Epoch 58/100 | lr 0.004264
2026-04-07 13:52:40 - __main__ - INFO - Train: loss 0.6162 acc1 82.15%
2026-04-07 13:52:40 - __main__ - INFO - Val:   loss 2.6631 acc1 48.90%
2026-04-07 13:52:40 - __main__ - INFO - 
Epoch 59/100 | lr 0.004102
2026-04-07 13:54:05 - __main__ - INFO - Train: loss 0.5760 acc1 83.25%
2026-04-07 13:54:05 - __main__ - INFO - Val:   loss 2.7121 acc1 48.13%
2026-04-07 13:54:05 - __main__ - INFO - 
Epoch 60/100 | lr 0.003940
2026-04-07 13:55:29 - __main__ - INFO - Train: loss 0.5369 acc1 84.39%
2026-04-07 13:55:29 - __main__ - INFO - Val:   loss 2.7886 acc1 48.28%
2026-04-07 13:55:29 - __main__ - INFO - 
Epoch 61/100 | lr 0.003779
2026-04-07 13:56:54 - __main__ - INFO - Train: loss 0.5096 acc1 84.98%
2026-04-07 13:56:54 - __main__ - INFO - Val:   loss 2.7121 acc1 49.74%
2026-04-07 13:56:54 - __main__ - INFO - saved best: 49.74%
2026-04-07 13:56:54 - __main__ - INFO - 
Epoch 62/100 | lr 0.003619
2026-04-07 13:58:18 - __main__ - INFO - Train: loss 0.4783 acc1 86.04%
2026-04-07 13:58:18 - __main__ - INFO - Val:   loss 2.8036 acc1 48.31%
2026-04-07 13:58:18 - __main__ - INFO - 
Epoch 63/100 | lr 0.003461
2026-04-07 13:59:43 - __main__ - INFO - Train: loss 0.4374 acc1 87.03%
2026-04-07 13:59:43 - __main__ - INFO - Val:   loss 2.8172 acc1 48.85%
2026-04-07 13:59:43 - __main__ - INFO - 
Epoch 64/100 | lr 0.003305
2026-04-07 14:01:07 - __main__ - INFO - Train: loss 0.4078 acc1 87.82%
2026-04-07 14:01:07 - __main__ - INFO - Val:   loss 2.8386 acc1 49.19%
2026-04-07 14:01:07 - __main__ - INFO - 
Epoch 65/100 | lr 0.003151
2026-04-07 14:02:32 - __main__ - INFO - Train: loss 0.3660 acc1 89.11%
2026-04-07 14:02:32 - __main__ - INFO - Val:   loss 2.8647 acc1 49.21%
2026-04-07 14:02:32 - __main__ - INFO - 
Epoch 66/100 | lr 0.002999
2026-04-07 14:03:56 - __main__ - INFO - Train: loss 0.3433 acc1 89.71%
2026-04-07 14:03:56 - __main__ - INFO - Val:   loss 2.8702 acc1 50.33%
2026-04-07 14:03:56 - __main__ - INFO - saved best: 50.33%
2026-04-07 14:03:56 - __main__ - INFO - 
Epoch 67/100 | lr 0.002848
2026-04-07 14:05:20 - __main__ - INFO - Train: loss 0.3081 acc1 90.72%
2026-04-07 14:05:20 - __main__ - INFO - Val:   loss 2.9324 acc1 49.40%
2026-04-07 14:05:20 - __main__ - INFO - 
Epoch 68/100 | lr 0.002701
2026-04-07 14:06:45 - __main__ - INFO - Train: loss 0.2778 acc1 91.50%
2026-04-07 14:06:45 - __main__ - INFO - Val:   loss 2.9259 acc1 50.41%
2026-04-07 14:06:45 - __main__ - INFO - saved best: 50.41%
2026-04-07 14:06:45 - __main__ - INFO - 
Epoch 69/100 | lr 0.002555
2026-04-07 14:08:09 - __main__ - INFO - Train: loss 0.2559 acc1 92.15%
2026-04-07 14:08:09 - __main__ - INFO - Val:   loss 2.9515 acc1 50.23%
2026-04-07 14:08:09 - __main__ - INFO - 
Epoch 70/100 | lr 0.002413
2026-04-07 14:09:34 - __main__ - INFO - Train: loss 0.2259 acc1 93.00%
2026-04-07 14:09:34 - __main__ - INFO - Val:   loss 3.0614 acc1 50.42%
2026-04-07 14:09:34 - __main__ - INFO - saved best: 50.42%
2026-04-07 14:09:34 - __main__ - INFO - 
Epoch 71/100 | lr 0.002273
2026-04-07 14:10:58 - __main__ - INFO - Train: loss 0.2046 acc1 93.75%
2026-04-07 14:10:58 - __main__ - INFO - Val:   loss 3.0087 acc1 50.56%
2026-04-07 14:10:58 - __main__ - INFO - saved best: 50.56%
2026-04-07 14:10:58 - __main__ - INFO - 
Epoch 72/100 | lr 0.002136
2026-04-07 14:12:22 - __main__ - INFO - Train: loss 0.1711 acc1 94.76%
2026-04-07 14:12:22 - __main__ - INFO - Val:   loss 3.0918 acc1 50.46%
2026-04-07 14:12:22 - __main__ - INFO - 
Epoch 73/100 | lr 0.002003
2026-04-07 14:13:47 - __main__ - INFO - Train: loss 0.1560 acc1 95.24%
2026-04-07 14:13:47 - __main__ - INFO - Val:   loss 3.1229 acc1 51.08%
2026-04-07 14:13:47 - __main__ - INFO - saved best: 51.08%
2026-04-07 14:13:47 - __main__ - INFO - 
Epoch 74/100 | lr 0.001872
2026-04-07 14:15:11 - __main__ - INFO - Train: loss 0.1369 acc1 95.79%
2026-04-07 14:15:11 - __main__ - INFO - Val:   loss 3.1346 acc1 51.25%
2026-04-07 14:15:11 - __main__ - INFO - saved best: 51.25%
2026-04-07 14:15:11 - __main__ - INFO - 
Epoch 75/100 | lr 0.001745
2026-04-07 14:16:35 - __main__ - INFO - Train: loss 0.1210 acc1 96.37%
2026-04-07 14:16:35 - __main__ - INFO - Val:   loss 3.1308 acc1 51.63%
2026-04-07 14:16:35 - __main__ - INFO - saved best: 51.63%
2026-04-07 14:16:35 - __main__ - INFO - 
Epoch 76/100 | lr 0.001622
2026-04-07 14:18:00 - __main__ - INFO - Train: loss 0.1034 acc1 96.87%
2026-04-07 14:18:00 - __main__ - INFO - Val:   loss 3.1902 acc1 51.47%
2026-04-07 14:18:00 - __main__ - INFO - 
Epoch 77/100 | lr 0.001502
2026-04-07 14:19:24 - __main__ - INFO - Train: loss 0.0894 acc1 97.33%
2026-04-07 14:19:24 - __main__ - INFO - Val:   loss 3.1771 acc1 51.64%
2026-04-07 14:19:24 - __main__ - INFO - saved best: 51.64%
2026-04-07 14:19:24 - __main__ - INFO - 
Epoch 78/100 | lr 0.001386
2026-04-07 14:20:49 - __main__ - INFO - Train: loss 0.0774 acc1 97.64%
2026-04-07 14:20:49 - __main__ - INFO - Val:   loss 3.1856 acc1 52.34%
2026-04-07 14:20:49 - __main__ - INFO - saved best: 52.34%
2026-04-07 14:20:49 - __main__ - INFO - 
Epoch 79/100 | lr 0.001275
2026-04-07 14:22:13 - __main__ - INFO - Train: loss 0.0657 acc1 98.09%
2026-04-07 14:22:13 - __main__ - INFO - Val:   loss 3.2394 acc1 51.92%
2026-04-07 14:22:13 - __main__ - INFO - 
Epoch 80/100 | lr 0.001167
2026-04-07 14:23:38 - __main__ - INFO - Train: loss 0.0602 acc1 98.24%
2026-04-07 14:23:38 - __main__ - INFO - Val:   loss 3.2258 acc1 52.59%
2026-04-07 14:23:38 - __main__ - INFO - saved best: 52.59%
2026-04-07 14:23:38 - __main__ - INFO - 
Epoch 81/100 | lr 0.001063
2026-04-07 14:25:02 - __main__ - INFO - Train: loss 0.0501 acc1 98.54%
2026-04-07 14:25:02 - __main__ - INFO - Val:   loss 3.2075 acc1 52.68%
2026-04-07 14:25:02 - __main__ - INFO - saved best: 52.68%
2026-04-07 14:25:02 - __main__ - INFO - 
Epoch 82/100 | lr 0.000964
2026-04-07 14:26:27 - __main__ - INFO - Train: loss 0.0441 acc1 98.73%
2026-04-07 14:26:27 - __main__ - INFO - Val:   loss 3.2546 acc1 52.87%
2026-04-07 14:26:27 - __main__ - INFO - saved best: 52.87%
2026-04-07 14:26:27 - __main__ - INFO - 
Epoch 83/100 | lr 0.000869
2026-04-07 14:27:51 - __main__ - INFO - Train: loss 0.0366 acc1 98.97%
2026-04-07 14:27:51 - __main__ - INFO - Val:   loss 3.2353 acc1 52.75%
2026-04-07 14:27:51 - __main__ - INFO - 
Epoch 84/100 | lr 0.000779
2026-04-07 14:29:16 - __main__ - INFO - Train: loss 0.0330 acc1 99.04%
2026-04-07 14:29:16 - __main__ - INFO - Val:   loss 3.2745 acc1 53.28%
2026-04-07 14:29:16 - __main__ - INFO - saved best: 53.28%
2026-04-07 14:29:16 - __main__ - INFO - 
Epoch 85/100 | lr 0.000693
2026-04-07 14:30:40 - __main__ - INFO - Train: loss 0.0305 acc1 99.17%
2026-04-07 14:30:40 - __main__ - INFO - Val:   loss 3.2103 acc1 53.27%
2026-04-07 14:30:40 - __main__ - INFO - 
Epoch 86/100 | lr 0.000612
2026-04-07 14:32:04 - __main__ - INFO - Train: loss 0.0277 acc1 99.23%
2026-04-07 14:32:04 - __main__ - INFO - Val:   loss 3.2228 acc1 53.41%
2026-04-07 14:32:04 - __main__ - INFO - saved best: 53.41%
2026-04-07 14:32:04 - __main__ - INFO - 
Epoch 87/100 | lr 0.000536
2026-04-07 14:33:28 - __main__ - INFO - Train: loss 0.0245 acc1 99.34%
2026-04-07 14:33:28 - __main__ - INFO - Val:   loss 3.2310 acc1 53.59%
2026-04-07 14:33:28 - __main__ - INFO - saved best: 53.59%
2026-04-07 14:33:28 - __main__ - INFO - 
Epoch 88/100 | lr 0.000465
2026-04-07 14:34:53 - __main__ - INFO - Train: loss 0.0227 acc1 99.40%
2026-04-07 14:34:53 - __main__ - INFO - Val:   loss 3.2185 acc1 53.34%
2026-04-07 14:34:53 - __main__ - INFO - 
Epoch 89/100 | lr 0.000398
2026-04-07 14:36:17 - __main__ - INFO - Train: loss 0.0221 acc1 99.42%
2026-04-07 14:36:17 - __main__ - INFO - Val:   loss 3.2333 acc1 53.36%
2026-04-07 14:36:17 - __main__ - INFO - 
Epoch 90/100 | lr 0.000337
2026-04-07 14:37:42 - __main__ - INFO - Train: loss 0.0190 acc1 99.54%
2026-04-07 14:37:42 - __main__ - INFO - Val:   loss 3.2221 acc1 53.51%
2026-04-07 14:37:42 - __main__ - INFO - 
Epoch 91/100 | lr 0.000281
2026-04-07 14:39:06 - __main__ - INFO - Train: loss 0.0181 acc1 99.53%
2026-04-07 14:39:06 - __main__ - INFO - Val:   loss 3.2139 acc1 53.84%
2026-04-07 14:39:06 - __main__ - INFO - saved best: 53.84%
2026-04-07 14:39:06 - __main__ - INFO - 
Epoch 92/100 | lr 0.000230
2026-04-07 14:40:30 - __main__ - INFO - Train: loss 0.0178 acc1 99.53%
2026-04-07 14:40:30 - __main__ - INFO - Val:   loss 3.2104 acc1 53.95%
2026-04-07 14:40:30 - __main__ - INFO - saved best: 53.95%
2026-04-07 14:40:30 - __main__ - INFO - 
Epoch 93/100 | lr 0.000184
2026-04-07 14:41:55 - __main__ - INFO - Train: loss 0.0168 acc1 99.57%
2026-04-07 14:41:55 - __main__ - INFO - Val:   loss 3.2216 acc1 54.03%
2026-04-07 14:41:55 - __main__ - INFO - saved best: 54.03%
2026-04-07 14:41:55 - __main__ - INFO - 
Epoch 94/100 | lr 0.000143
2026-04-07 14:43:19 - __main__ - INFO - Train: loss 0.0168 acc1 99.59%
2026-04-07 14:43:19 - __main__ - INFO - Val:   loss 3.2291 acc1 54.08%
2026-04-07 14:43:19 - __main__ - INFO - saved best: 54.08%
2026-04-07 14:43:19 - __main__ - INFO - 
Epoch 95/100 | lr 0.000108
2026-04-07 14:44:43 - __main__ - INFO - Train: loss 0.0180 acc1 99.54%
2026-04-07 14:44:43 - __main__ - INFO - Val:   loss 3.1908 acc1 53.82%
2026-04-07 14:44:43 - __main__ - INFO - 
Epoch 96/100 | lr 0.000078
2026-04-07 14:46:08 - __main__ - INFO - Train: loss 0.0166 acc1 99.58%
2026-04-07 14:46:08 - __main__ - INFO - Val:   loss 3.2112 acc1 53.87%
2026-04-07 14:46:08 - __main__ - INFO - 
Epoch 97/100 | lr 0.000054
2026-04-07 14:47:32 - __main__ - INFO - Train: loss 0.0160 acc1 99.61%
2026-04-07 14:47:32 - __main__ - INFO - Val:   loss 3.2052 acc1 54.04%
2026-04-07 14:47:32 - __main__ - INFO - 
Epoch 98/100 | lr 0.000035
2026-04-07 14:48:56 - __main__ - INFO - Train: loss 0.0148 acc1 99.65%
2026-04-07 14:48:56 - __main__ - INFO - Val:   loss 3.2027 acc1 54.20%
2026-04-07 14:48:56 - __main__ - INFO - saved best: 54.20%
2026-04-07 14:48:56 - __main__ - INFO - 
Epoch 99/100 | lr 0.000021
2026-04-07 14:50:21 - __main__ - INFO - Train: loss 0.0159 acc1 99.62%
2026-04-07 14:50:21 - __main__ - INFO - Val:   loss 3.2093 acc1 53.98%
2026-04-07 14:50:21 - __main__ - INFO - 
Epoch 100/100 | lr 0.000013
2026-04-07 14:51:45 - __main__ - INFO - Train: loss 0.0148 acc1 99.63%
2026-04-07 14:51:45 - __main__ - INFO - Val:   loss 3.2144 acc1 54.11%
2026-04-07 14:51:45 - __main__ - INFO - Loaded best checkpoint weights for final test evaluation.
2026-04-07 14:51:48 - __main__ - INFO - 
Best tracked (val): 54.20%
2026-04-07 14:51:48 - __main__ - INFO - Final test: loss 3.6281 acc1 51.68%
2026-04-07 14:51:59 - __main__ - INFO - Variant [random_sparsity] done — test acc 51.68%, test loss 3.6281
2026-04-07 14:51:59 - __main__ - INFO - 
============================================================
2026-04-07 14:51:59 - __main__ - INFO - Training output model: vgg16_bn [shuffled_cam_low_saliency]
2026-04-07 14:51:59 - __main__ - INFO -   Resolved config → opt=sgd, lr=0.01, wd=0.0005, bs=64, epochs=100, scheduler=cosine, warmup=5
2026-04-07 14:51:59 - __main__ - INFO - ============================================================
2026-04-07 14:51:59 - __main__ - INFO -   Validation during training uses variant split with val_split=0.1
2026-04-07 14:51:59 - __main__ - INFO -   Final test uses shuffled_cam_low_saliency variant test split
2026-04-07 14:51:59 - __main__ - INFO - device: cuda | cuda: True | gpu: NVIDIA L4
2026-04-07 14:52:01 - __main__ - INFO - Model: vgg16_bn | Dataset: tiny_imagenet | Classes: 200 | Optimizer: sgd
2026-04-07 14:52:01 - __main__ - INFO - 
Epoch 1/100 | lr 0.000010
2026-04-07 14:53:26 - __main__ - INFO - Train: loss 5.4542 acc1 0.48%
2026-04-07 14:53:26 - __main__ - INFO - Val:   loss 5.3019 acc1 0.66%
2026-04-07 14:53:26 - __main__ - INFO - saved best: 0.66%
2026-04-07 14:53:26 - __main__ - INFO - 
Epoch 2/100 | lr 0.002008
2026-04-07 14:54:50 - __main__ - INFO - Train: loss 5.0608 acc1 1.99%
2026-04-07 14:54:50 - __main__ - INFO - Val:   loss 4.7438 acc1 3.74%
2026-04-07 14:54:50 - __main__ - INFO - saved best: 3.74%
2026-04-07 14:54:50 - __main__ - INFO - 
Epoch 3/100 | lr 0.004006
2026-04-07 14:56:15 - __main__ - INFO - Train: loss 4.6449 acc1 5.11%
2026-04-07 14:56:15 - __main__ - INFO - Val:   loss 4.3607 acc1 7.92%
2026-04-07 14:56:15 - __main__ - INFO - saved best: 7.92%
2026-04-07 14:56:15 - __main__ - INFO - 
Epoch 4/100 | lr 0.006004
2026-04-07 14:57:39 - __main__ - INFO - Train: loss 4.3632 acc1 8.01%
2026-04-07 14:57:39 - __main__ - INFO - Val:   loss 4.1308 acc1 10.21%
2026-04-07 14:57:39 - __main__ - INFO - saved best: 10.21%
2026-04-07 14:57:39 - __main__ - INFO - 
Epoch 5/100 | lr 0.008002
2026-04-07 14:59:03 - __main__ - INFO - Train: loss 4.1871 acc1 10.36%
2026-04-07 14:59:03 - __main__ - INFO - Val:   loss 4.0427 acc1 12.17%
2026-04-07 14:59:03 - __main__ - INFO - saved best: 12.17%
2026-04-07 14:59:03 - __main__ - INFO - 
Epoch 6/100 | lr 0.010000
2026-04-07 15:00:27 - __main__ - INFO - Train: loss 4.0212 acc1 12.43%
2026-04-07 15:00:27 - __main__ - INFO - Val:   loss 3.8736 acc1 14.86%
2026-04-07 15:00:27 - __main__ - INFO - saved best: 14.86%
2026-04-07 15:00:27 - __main__ - INFO - 
Epoch 7/100 | lr 0.009997
2026-04-07 15:01:52 - __main__ - INFO - Train: loss 3.7795 acc1 15.69%
2026-04-07 15:01:52 - __main__ - INFO - Val:   loss 3.8069 acc1 15.11%
2026-04-07 15:01:52 - __main__ - INFO - saved best: 15.11%
2026-04-07 15:01:52 - __main__ - INFO - 
Epoch 8/100 | lr 0.009989
2026-04-07 15:03:16 - __main__ - INFO - Train: loss 3.5975 acc1 18.67%
2026-04-07 15:03:16 - __main__ - INFO - Val:   loss 3.6025 acc1 18.52%
2026-04-07 15:03:16 - __main__ - INFO - saved best: 18.52%
2026-04-07 15:03:16 - __main__ - INFO - 
Epoch 9/100 | lr 0.009975
2026-04-07 15:04:41 - __main__ - INFO - Train: loss 3.4498 acc1 20.98%
2026-04-07 15:04:41 - __main__ - INFO - Val:   loss 3.6668 acc1 18.04%
2026-04-07 15:04:41 - __main__ - INFO - 
Epoch 10/100 | lr 0.009956
2026-04-07 15:06:05 - __main__ - INFO - Train: loss 3.3289 acc1 23.23%
2026-04-07 15:06:05 - __main__ - INFO - Val:   loss 3.4804 acc1 22.05%
2026-04-07 15:06:05 - __main__ - INFO - saved best: 22.05%
2026-04-07 15:06:05 - __main__ - INFO - 
Epoch 11/100 | lr 0.009932
2026-04-07 15:07:30 - __main__ - INFO - Train: loss 3.2115 acc1 25.33%
2026-04-07 15:07:30 - __main__ - INFO - Val:   loss 3.4994 acc1 21.77%
2026-04-07 15:07:30 - __main__ - INFO - 
Epoch 12/100 | lr 0.009902
2026-04-07 15:08:55 - __main__ - INFO - Train: loss 3.1080 acc1 27.20%
2026-04-07 15:08:55 - __main__ - INFO - Val:   loss 3.1373 acc1 27.48%
2026-04-07 15:08:55 - __main__ - INFO - saved best: 27.48%
2026-04-07 15:08:55 - __main__ - INFO - 
Epoch 13/100 | lr 0.009867
2026-04-07 15:10:19 - __main__ - INFO - Train: loss 3.0021 acc1 29.39%
2026-04-07 15:10:19 - __main__ - INFO - Val:   loss 3.2107 acc1 26.16%
2026-04-07 15:10:19 - __main__ - INFO - 
Epoch 14/100 | lr 0.009826
2026-04-07 15:11:44 - __main__ - INFO - Train: loss 2.9170 acc1 30.96%
2026-04-07 15:11:44 - __main__ - INFO - Val:   loss 3.0943 acc1 28.21%
2026-04-07 15:11:44 - __main__ - INFO - saved best: 28.21%
2026-04-07 15:11:44 - __main__ - INFO - 
Epoch 15/100 | lr 0.009780
2026-04-07 15:13:08 - __main__ - INFO - Train: loss 2.8291 acc1 32.83%
2026-04-07 15:13:08 - __main__ - INFO - Val:   loss 3.1379 acc1 27.89%
2026-04-07 15:13:08 - __main__ - INFO - 
Epoch 16/100 | lr 0.009729
2026-04-07 15:14:33 - __main__ - INFO - Train: loss 2.7520 acc1 34.27%
2026-04-07 15:14:33 - __main__ - INFO - Val:   loss 2.8665 acc1 32.45%
2026-04-07 15:14:33 - __main__ - INFO - saved best: 32.45%
2026-04-07 15:14:33 - __main__ - INFO - 
Epoch 17/100 | lr 0.009673
2026-04-07 15:15:57 - __main__ - INFO - Train: loss 2.6599 acc1 36.01%
2026-04-07 15:15:57 - __main__ - INFO - Val:   loss 2.8700 acc1 32.92%
2026-04-07 15:15:57 - __main__ - INFO - saved best: 32.92%
2026-04-07 15:15:57 - __main__ - INFO - 
Epoch 18/100 | lr 0.009612
2026-04-07 15:17:22 - __main__ - INFO - Train: loss 2.5884 acc1 37.66%
2026-04-07 15:17:22 - __main__ - INFO - Val:   loss 2.7967 acc1 34.67%
2026-04-07 15:17:22 - __main__ - INFO - saved best: 34.67%
2026-04-07 15:17:22 - __main__ - INFO - 
Epoch 19/100 | lr 0.009545
2026-04-07 15:18:47 - __main__ - INFO - Train: loss 2.5244 acc1 39.01%
2026-04-07 15:18:47 - __main__ - INFO - Val:   loss 2.9460 acc1 32.68%
2026-04-07 15:18:47 - __main__ - INFO - 
Epoch 20/100 | lr 0.009474
2026-04-07 15:20:12 - __main__ - INFO - Train: loss 2.4565 acc1 40.34%
2026-04-07 15:20:12 - __main__ - INFO - Val:   loss 2.7295 acc1 36.23%
2026-04-07 15:20:12 - __main__ - INFO - saved best: 36.23%
2026-04-07 15:20:12 - __main__ - INFO - 
Epoch 21/100 | lr 0.009398
2026-04-07 15:21:36 - __main__ - INFO - Train: loss 2.3977 acc1 41.45%
2026-04-07 15:21:36 - __main__ - INFO - Val:   loss 2.7270 acc1 35.96%
2026-04-07 15:21:36 - __main__ - INFO - 
Epoch 22/100 | lr 0.009317
2026-04-07 15:23:01 - __main__ - INFO - Train: loss 2.3429 acc1 42.67%
2026-04-07 15:23:01 - __main__ - INFO - Val:   loss 2.7502 acc1 36.15%
2026-04-07 15:23:01 - __main__ - INFO - 
Epoch 23/100 | lr 0.009231
2026-04-07 15:24:26 - __main__ - INFO - Train: loss 2.2793 acc1 43.98%
2026-04-07 15:24:26 - __main__ - INFO - Val:   loss 2.9373 acc1 34.65%
2026-04-07 15:24:26 - __main__ - INFO - 
Epoch 24/100 | lr 0.009141
2026-04-07 15:25:51 - __main__ - INFO - Train: loss 2.2225 acc1 45.34%
2026-04-07 15:25:51 - __main__ - INFO - Val:   loss 2.6864 acc1 37.80%
2026-04-07 15:25:51 - __main__ - INFO - saved best: 37.80%
2026-04-07 15:25:51 - __main__ - INFO - 
Epoch 25/100 | lr 0.009046
2026-04-07 15:27:16 - __main__ - INFO - Train: loss 2.1739 acc1 46.32%
2026-04-07 15:27:16 - __main__ - INFO - Val:   loss 2.7103 acc1 37.57%
2026-04-07 15:27:16 - __main__ - INFO - 
Epoch 26/100 | lr 0.008947
2026-04-07 15:28:40 - __main__ - INFO - Train: loss 2.1221 acc1 47.43%
2026-04-07 15:28:40 - __main__ - INFO - Val:   loss 2.6497 acc1 39.45%
2026-04-07 15:28:40 - __main__ - INFO - saved best: 39.45%
2026-04-07 15:28:40 - __main__ - INFO - 
Epoch 27/100 | lr 0.008843
2026-04-07 15:30:05 - __main__ - INFO - Train: loss 2.0759 acc1 48.37%
2026-04-07 15:30:05 - __main__ - INFO - Val:   loss 2.6521 acc1 38.88%
2026-04-07 15:30:05 - __main__ - INFO - 
Epoch 28/100 | lr 0.008735
2026-04-07 15:31:30 - __main__ - INFO - Train: loss 2.0293 acc1 49.35%
2026-04-07 15:31:30 - __main__ - INFO - Val:   loss 2.8040 acc1 37.39%
2026-04-07 15:31:30 - __main__ - INFO - 
Epoch 29/100 | lr 0.008624
2026-04-07 15:32:54 - __main__ - INFO - Train: loss 1.9846 acc1 50.36%
2026-04-07 15:32:54 - __main__ - INFO - Val:   loss 2.7133 acc1 38.49%
2026-04-07 15:32:54 - __main__ - INFO - 
Epoch 30/100 | lr 0.008508
2026-04-07 15:34:19 - __main__ - INFO - Train: loss 1.9300 acc1 51.49%
2026-04-07 15:34:19 - __main__ - INFO - Val:   loss 2.6439 acc1 39.85%
2026-04-07 15:34:19 - __main__ - INFO - saved best: 39.85%
2026-04-07 15:34:19 - __main__ - INFO - 
Epoch 31/100 | lr 0.008388
2026-04-07 15:35:44 - __main__ - INFO - Train: loss 1.8882 acc1 52.49%
2026-04-07 15:35:44 - __main__ - INFO - Val:   loss 2.5600 acc1 41.26%
2026-04-07 15:35:44 - __main__ - INFO - saved best: 41.26%
2026-04-07 15:35:44 - __main__ - INFO - 
Epoch 32/100 | lr 0.008265
2026-04-07 15:37:09 - __main__ - INFO - Train: loss 1.8494 acc1 53.17%
2026-04-07 15:37:09 - __main__ - INFO - Val:   loss 2.6025 acc1 40.73%
2026-04-07 15:37:09 - __main__ - INFO - 
Epoch 33/100 | lr 0.008138
2026-04-07 15:38:34 - __main__ - INFO - Train: loss 1.7982 acc1 54.32%
2026-04-07 15:38:34 - __main__ - INFO - Val:   loss 2.7098 acc1 39.89%
2026-04-07 15:38:34 - __main__ - INFO - 
Epoch 34/100 | lr 0.008007
2026-04-07 15:39:58 - __main__ - INFO - Train: loss 1.7524 acc1 55.40%
2026-04-07 15:39:58 - __main__ - INFO - Val:   loss 2.5855 acc1 41.45%
2026-04-07 15:39:58 - __main__ - INFO - saved best: 41.45%
2026-04-07 15:39:58 - __main__ - INFO - 
Epoch 35/100 | lr 0.007874
2026-04-07 15:41:23 - __main__ - INFO - Train: loss 1.7094 acc1 56.44%
2026-04-07 15:41:23 - __main__ - INFO - Val:   loss 2.7372 acc1 39.21%
2026-04-07 15:41:23 - __main__ - INFO - 
Epoch 36/100 | lr 0.007737
2026-04-07 15:42:48 - __main__ - INFO - Train: loss 1.6651 acc1 57.23%
2026-04-07 15:42:48 - __main__ - INFO - Val:   loss 2.6061 acc1 41.79%
2026-04-07 15:42:48 - __main__ - INFO - saved best: 41.79%
2026-04-07 15:42:48 - __main__ - INFO - 
Epoch 37/100 | lr 0.007597
2026-04-07 15:44:12 - __main__ - INFO - Train: loss 1.6240 acc1 58.08%
2026-04-07 15:44:12 - __main__ - INFO - Val:   loss 2.8378 acc1 38.65%
2026-04-07 15:44:12 - __main__ - INFO - 
Epoch 38/100 | lr 0.007455
2026-04-07 15:45:36 - __main__ - INFO - Train: loss 1.5784 acc1 59.38%
2026-04-07 15:45:36 - __main__ - INFO - Val:   loss 2.7806 acc1 40.46%
2026-04-07 15:45:36 - __main__ - INFO - 
Epoch 39/100 | lr 0.007309
2026-04-07 15:47:00 - __main__ - INFO - Train: loss 1.5405 acc1 60.25%
2026-04-07 15:47:00 - __main__ - INFO - Val:   loss 2.6236 acc1 42.36%
2026-04-07 15:47:00 - __main__ - INFO - saved best: 42.36%
2026-04-07 15:47:00 - __main__ - INFO - 
Epoch 40/100 | lr 0.007162
2026-04-07 15:48:25 - __main__ - INFO - Train: loss 1.5027 acc1 60.91%
2026-04-07 15:48:25 - __main__ - INFO - Val:   loss 2.6411 acc1 42.78%
2026-04-07 15:48:25 - __main__ - INFO - saved best: 42.78%
2026-04-07 15:48:25 - __main__ - INFO - 
Epoch 41/100 | lr 0.007011
2026-04-07 15:49:49 - __main__ - INFO - Train: loss 1.4615 acc1 61.92%
2026-04-07 15:49:49 - __main__ - INFO - Val:   loss 2.6351 acc1 42.46%
2026-04-07 15:49:49 - __main__ - INFO - 
Epoch 42/100 | lr 0.006859
2026-04-07 15:51:13 - __main__ - INFO - Train: loss 1.4131 acc1 63.08%
2026-04-07 15:51:13 - __main__ - INFO - Val:   loss 2.6505 acc1 43.11%
2026-04-07 15:51:13 - __main__ - INFO - saved best: 43.11%
2026-04-07 15:51:13 - __main__ - INFO - 
Epoch 43/100 | lr 0.006705
2026-04-07 15:52:38 - __main__ - INFO - Train: loss 1.3667 acc1 63.92%
2026-04-07 15:52:38 - __main__ - INFO - Val:   loss 2.6899 acc1 42.95%
2026-04-07 15:52:38 - __main__ - INFO - 
Epoch 44/100 | lr 0.006549
2026-04-07 15:54:02 - __main__ - INFO - Train: loss 1.3304 acc1 64.77%
2026-04-07 15:54:02 - __main__ - INFO - Val:   loss 2.6082 acc1 43.73%
2026-04-07 15:54:02 - __main__ - INFO - saved best: 43.73%
2026-04-07 15:54:02 - __main__ - INFO - 
Epoch 45/100 | lr 0.006391
2026-04-07 15:55:26 - __main__ - INFO - Train: loss 1.2851 acc1 65.92%
2026-04-07 15:55:26 - __main__ - INFO - Val:   loss 2.6296 acc1 43.55%
2026-04-07 15:55:26 - __main__ - INFO - 
Epoch 46/100 | lr 0.006231
2026-04-07 15:56:51 - __main__ - INFO - Train: loss 1.2479 acc1 66.88%
2026-04-07 15:56:51 - __main__ - INFO - Val:   loss 2.7584 acc1 42.02%
2026-04-07 15:56:51 - __main__ - INFO - 
Epoch 47/100 | lr 0.006070
2026-04-07 15:58:15 - __main__ - INFO - Train: loss 1.2135 acc1 67.58%
2026-04-07 15:58:15 - __main__ - INFO - Val:   loss 2.6568 acc1 44.10%
2026-04-07 15:58:15 - __main__ - INFO - saved best: 44.10%
2026-04-07 15:58:15 - __main__ - INFO - 
Epoch 48/100 | lr 0.005908
2026-04-07 15:59:40 - __main__ - INFO - Train: loss 1.1726 acc1 68.55%
2026-04-07 15:59:40 - __main__ - INFO - Val:   loss 2.6275 acc1 44.62%
2026-04-07 15:59:40 - __main__ - INFO - saved best: 44.62%
2026-04-07 15:59:40 - __main__ - INFO - 
Epoch 49/100 | lr 0.005746
2026-04-07 16:01:04 - __main__ - INFO - Train: loss 1.1247 acc1 69.78%
2026-04-07 16:01:04 - __main__ - INFO - Val:   loss 2.7894 acc1 43.37%
2026-04-07 16:01:04 - __main__ - INFO - 
Epoch 50/100 | lr 0.005582
2026-04-07 16:02:28 - __main__ - INFO - Train: loss 1.0904 acc1 70.40%
2026-04-07 16:02:28 - __main__ - INFO - Val:   loss 2.7252 acc1 43.89%
2026-04-07 16:02:28 - __main__ - INFO - 
Epoch 51/100 | lr 0.005417
2026-04-07 16:03:53 - __main__ - INFO - Train: loss 1.0475 acc1 71.48%
2026-04-07 16:03:53 - __main__ - INFO - Val:   loss 2.6727 acc1 44.16%
2026-04-07 16:03:53 - __main__ - INFO - 
Epoch 52/100 | lr 0.005253
2026-04-07 16:05:17 - __main__ - INFO - Train: loss 1.0042 acc1 72.51%
2026-04-07 16:05:17 - __main__ - INFO - Val:   loss 2.6201 acc1 45.89%
2026-04-07 16:05:17 - __main__ - INFO - saved best: 45.89%
2026-04-07 16:05:17 - __main__ - INFO - 
Epoch 53/100 | lr 0.005088
2026-04-07 16:06:41 - __main__ - INFO - Train: loss 0.9594 acc1 73.82%
2026-04-07 16:06:41 - __main__ - INFO - Val:   loss 2.7339 acc1 44.53%
2026-04-07 16:06:41 - __main__ - INFO - 
Epoch 54/100 | lr 0.004922
2026-04-07 16:08:06 - __main__ - INFO - Train: loss 0.9272 acc1 74.39%
2026-04-07 16:08:06 - __main__ - INFO - Val:   loss 2.7736 acc1 44.40%
2026-04-07 16:08:06 - __main__ - INFO - 
Epoch 55/100 | lr 0.004757
2026-04-07 16:09:30 - __main__ - INFO - Train: loss 0.8744 acc1 75.65%
2026-04-07 16:09:30 - __main__ - INFO - Val:   loss 2.6683 acc1 45.45%
2026-04-07 16:09:30 - __main__ - INFO - 
Epoch 56/100 | lr 0.004593
2026-04-07 16:10:55 - __main__ - INFO - Train: loss 0.8439 acc1 76.40%
2026-04-07 16:10:55 - __main__ - INFO - Val:   loss 2.8367 acc1 44.81%
2026-04-07 16:10:55 - __main__ - INFO - 
Epoch 57/100 | lr 0.004428
2026-04-07 16:12:19 - __main__ - INFO - Train: loss 0.8034 acc1 77.40%
2026-04-07 16:12:19 - __main__ - INFO - Val:   loss 2.8010 acc1 45.18%
2026-04-07 16:12:19 - __main__ - INFO - 
Epoch 58/100 | lr 0.004264
2026-04-07 16:13:44 - __main__ - INFO - Train: loss 0.7511 acc1 78.77%
2026-04-07 16:13:44 - __main__ - INFO - Val:   loss 2.7535 acc1 45.49%
2026-04-07 16:13:44 - __main__ - INFO - 
Epoch 59/100 | lr 0.004102
2026-04-07 16:15:08 - __main__ - INFO - Train: loss 0.7171 acc1 79.57%
2026-04-07 16:15:08 - __main__ - INFO - Val:   loss 2.8479 acc1 45.21%
2026-04-07 16:15:08 - __main__ - INFO - 
Epoch 60/100 | lr 0.003940
2026-04-07 16:16:33 - __main__ - INFO - Train: loss 0.6766 acc1 80.75%
2026-04-07 16:16:33 - __main__ - INFO - Val:   loss 2.8035 acc1 46.17%
2026-04-07 16:16:33 - __main__ - INFO - saved best: 46.17%
2026-04-07 16:16:33 - __main__ - INFO - 
Epoch 61/100 | lr 0.003779
2026-04-07 16:17:57 - __main__ - INFO - Train: loss 0.6274 acc1 81.88%
2026-04-07 16:17:57 - __main__ - INFO - Val:   loss 2.9318 acc1 44.64%
2026-04-07 16:17:57 - __main__ - INFO - 
Epoch 62/100 | lr 0.003619
2026-04-07 16:19:21 - __main__ - INFO - Train: loss 0.6034 acc1 82.55%
2026-04-07 16:19:21 - __main__ - INFO - Val:   loss 2.8366 acc1 46.61%
2026-04-07 16:19:21 - __main__ - INFO - saved best: 46.61%
2026-04-07 16:19:21 - __main__ - INFO - 
Epoch 63/100 | lr 0.003461
2026-04-07 16:20:45 - __main__ - INFO - Train: loss 0.5562 acc1 83.72%
2026-04-07 16:20:45 - __main__ - INFO - Val:   loss 2.9764 acc1 45.76%
2026-04-07 16:20:45 - __main__ - INFO - 
Epoch 64/100 | lr 0.003305
2026-04-07 16:22:10 - __main__ - INFO - Train: loss 0.5168 acc1 84.94%
2026-04-07 16:22:10 - __main__ - INFO - Val:   loss 3.0119 acc1 45.89%
2026-04-07 16:22:10 - __main__ - INFO - 
Epoch 65/100 | lr 0.003151
2026-04-07 16:23:34 - __main__ - INFO - Train: loss 0.4802 acc1 85.81%
2026-04-07 16:23:34 - __main__ - INFO - Val:   loss 3.0504 acc1 45.08%
2026-04-07 16:23:34 - __main__ - INFO - 
Epoch 66/100 | lr 0.002999
2026-04-07 16:24:58 - __main__ - INFO - Train: loss 0.4424 acc1 87.00%
2026-04-07 16:24:58 - __main__ - INFO - Val:   loss 2.9334 acc1 46.96%
2026-04-07 16:24:59 - __main__ - INFO - saved best: 46.96%
2026-04-07 16:24:59 - __main__ - INFO - 
Epoch 67/100 | lr 0.002848
2026-04-07 16:26:23 - __main__ - INFO - Train: loss 0.4059 acc1 88.01%
2026-04-07 16:26:23 - __main__ - INFO - Val:   loss 3.1135 acc1 46.11%
2026-04-07 16:26:23 - __main__ - INFO - 
Epoch 68/100 | lr 0.002701
2026-04-07 16:27:48 - __main__ - INFO - Train: loss 0.3725 acc1 88.89%
2026-04-07 16:27:48 - __main__ - INFO - Val:   loss 3.0487 acc1 47.50%
2026-04-07 16:27:48 - __main__ - INFO - saved best: 47.50%
2026-04-07 16:27:48 - __main__ - INFO - 
Epoch 69/100 | lr 0.002555
2026-04-07 16:29:12 - __main__ - INFO - Train: loss 0.3413 acc1 89.71%
2026-04-07 16:29:12 - __main__ - INFO - Val:   loss 3.1274 acc1 46.72%
2026-04-07 16:29:12 - __main__ - INFO - 
Epoch 70/100 | lr 0.002413
2026-04-07 16:30:37 - __main__ - INFO - Train: loss 0.3092 acc1 90.64%
2026-04-07 16:30:37 - __main__ - INFO - Val:   loss 3.1197 acc1 47.35%
2026-04-07 16:30:37 - __main__ - INFO - 
Epoch 71/100 | lr 0.002273
2026-04-07 16:32:01 - __main__ - INFO - Train: loss 0.2814 acc1 91.37%
2026-04-07 16:32:01 - __main__ - INFO - Val:   loss 3.1703 acc1 47.08%
2026-04-07 16:32:01 - __main__ - INFO - 
Epoch 72/100 | lr 0.002136
2026-04-07 16:33:26 - __main__ - INFO - Train: loss 0.2433 acc1 92.66%
2026-04-07 16:33:26 - __main__ - INFO - Val:   loss 3.2208 acc1 46.97%
2026-04-07 16:33:26 - __main__ - INFO - 
Epoch 73/100 | lr 0.002003
2026-04-07 16:34:50 - __main__ - INFO - Train: loss 0.2115 acc1 93.53%
2026-04-07 16:34:50 - __main__ - INFO - Val:   loss 3.2852 acc1 47.25%
2026-04-07 16:34:50 - __main__ - INFO - 
Epoch 74/100 | lr 0.001872
2026-04-07 16:36:14 - __main__ - INFO - Train: loss 0.1922 acc1 94.09%
2026-04-07 16:36:14 - __main__ - INFO - Val:   loss 3.3085 acc1 48.00%
2026-04-07 16:36:14 - __main__ - INFO - saved best: 48.00%
2026-04-07 16:36:14 - __main__ - INFO - 
Epoch 75/100 | lr 0.001745
2026-04-07 16:37:39 - __main__ - INFO - Train: loss 0.1649 acc1 94.93%
2026-04-07 16:37:39 - __main__ - INFO - Val:   loss 3.3300 acc1 48.41%
2026-04-07 16:37:39 - __main__ - INFO - saved best: 48.41%
2026-04-07 16:37:39 - __main__ - INFO - 
Epoch 76/100 | lr 0.001622
2026-04-07 16:39:03 - __main__ - INFO - Train: loss 0.1443 acc1 95.64%
2026-04-07 16:39:03 - __main__ - INFO - Val:   loss 3.3746 acc1 48.66%
2026-04-07 16:39:03 - __main__ - INFO - saved best: 48.66%
2026-04-07 16:39:03 - __main__ - INFO - 
Epoch 77/100 | lr 0.001502
2026-04-07 16:40:28 - __main__ - INFO - Train: loss 0.1241 acc1 96.27%
2026-04-07 16:40:28 - __main__ - INFO - Val:   loss 3.4076 acc1 49.30%
2026-04-07 16:40:28 - __main__ - INFO - saved best: 49.30%
2026-04-07 16:40:28 - __main__ - INFO - 
Epoch 78/100 | lr 0.001386
2026-04-07 16:41:52 - __main__ - INFO - Train: loss 0.1044 acc1 96.81%
2026-04-07 16:41:52 - __main__ - INFO - Val:   loss 3.4267 acc1 49.13%
2026-04-07 16:41:52 - __main__ - INFO - 
Epoch 79/100 | lr 0.001275
2026-04-07 16:43:16 - __main__ - INFO - Train: loss 0.0903 acc1 97.32%
2026-04-07 16:43:16 - __main__ - INFO - Val:   loss 3.4421 acc1 48.97%
2026-04-07 16:43:16 - __main__ - INFO - 
Epoch 80/100 | lr 0.001167
2026-04-07 16:44:40 - __main__ - INFO - Train: loss 0.0773 acc1 97.64%
2026-04-07 16:44:40 - __main__ - INFO - Val:   loss 3.5059 acc1 49.42%
2026-04-07 16:44:40 - __main__ - INFO - saved best: 49.42%
2026-04-07 16:44:40 - __main__ - INFO - 
Epoch 81/100 | lr 0.001063
2026-04-07 16:46:05 - __main__ - INFO - Train: loss 0.0651 acc1 98.03%
2026-04-07 16:46:05 - __main__ - INFO - Val:   loss 3.5247 acc1 49.41%
2026-04-07 16:46:05 - __main__ - INFO - 
Epoch 82/100 | lr 0.000964
2026-04-07 16:47:29 - __main__ - INFO - Train: loss 0.0559 acc1 98.31%
2026-04-07 16:47:29 - __main__ - INFO - Val:   loss 3.5051 acc1 49.96%
2026-04-07 16:47:29 - __main__ - INFO - saved best: 49.96%
2026-04-07 16:47:29 - __main__ - INFO - 
Epoch 83/100 | lr 0.000869
2026-04-07 16:48:53 - __main__ - INFO - Train: loss 0.0495 acc1 98.52%
2026-04-07 16:48:53 - __main__ - INFO - Val:   loss 3.5339 acc1 49.85%
2026-04-07 16:48:53 - __main__ - INFO - 
Epoch 84/100 | lr 0.000779
2026-04-07 16:50:18 - __main__ - INFO - Train: loss 0.0424 acc1 98.73%
2026-04-07 16:50:18 - __main__ - INFO - Val:   loss 3.5368 acc1 50.17%
2026-04-07 16:50:18 - __main__ - INFO - saved best: 50.17%
2026-04-07 16:50:18 - __main__ - INFO - 
Epoch 85/100 | lr 0.000693
2026-04-07 16:51:42 - __main__ - INFO - Train: loss 0.0372 acc1 98.90%
2026-04-07 16:51:42 - __main__ - INFO - Val:   loss 3.5414 acc1 50.47%
2026-04-07 16:51:42 - __main__ - INFO - saved best: 50.47%
2026-04-07 16:51:42 - __main__ - INFO - 
Epoch 86/100 | lr 0.000612
2026-04-07 16:53:06 - __main__ - INFO - Train: loss 0.0319 acc1 99.11%
2026-04-07 16:53:06 - __main__ - INFO - Val:   loss 3.5509 acc1 50.73%
2026-04-07 16:53:06 - __main__ - INFO - saved best: 50.73%
2026-04-07 16:53:06 - __main__ - INFO - 
Epoch 87/100 | lr 0.000536
2026-04-07 16:54:31 - __main__ - INFO - Train: loss 0.0289 acc1 99.23%
2026-04-07 16:54:31 - __main__ - INFO - Val:   loss 3.5766 acc1 50.87%
2026-04-07 16:54:31 - __main__ - INFO - saved best: 50.87%
2026-04-07 16:54:31 - __main__ - INFO - 
Epoch 88/100 | lr 0.000465
2026-04-07 16:55:55 - __main__ - INFO - Train: loss 0.0264 acc1 99.24%
2026-04-07 16:55:55 - __main__ - INFO - Val:   loss 3.5578 acc1 50.61%
2026-04-07 16:55:55 - __main__ - INFO - 
Epoch 89/100 | lr 0.000398
2026-04-07 16:57:19 - __main__ - INFO - Train: loss 0.0232 acc1 99.38%
2026-04-07 16:57:19 - __main__ - INFO - Val:   loss 3.5543 acc1 50.52%
2026-04-07 16:57:19 - __main__ - INFO - 
Epoch 90/100 | lr 0.000337
2026-04-07 16:58:44 - __main__ - INFO - Train: loss 0.0214 acc1 99.42%
2026-04-07 16:58:44 - __main__ - INFO - Val:   loss 3.5766 acc1 50.75%
2026-04-07 16:58:44 - __main__ - INFO - 
Epoch 91/100 | lr 0.000281
2026-04-07 17:00:08 - __main__ - INFO - Train: loss 0.0198 acc1 99.48%
2026-04-07 17:00:08 - __main__ - INFO - Val:   loss 3.5803 acc1 50.68%
2026-04-07 17:00:08 - __main__ - INFO - 
Epoch 92/100 | lr 0.000230
2026-04-07 17:01:33 - __main__ - INFO - Train: loss 0.0199 acc1 99.47%
2026-04-07 17:01:33 - __main__ - INFO - Val:   loss 3.5525 acc1 51.19%
2026-04-07 17:01:33 - __main__ - INFO - saved best: 51.19%
2026-04-07 17:01:33 - __main__ - INFO - 
Epoch 93/100 | lr 0.000184
2026-04-07 17:02:57 - __main__ - INFO - Train: loss 0.0173 acc1 99.55%
2026-04-07 17:02:57 - __main__ - INFO - Val:   loss 3.5729 acc1 50.94%
2026-04-07 17:02:57 - __main__ - INFO - 
Epoch 94/100 | lr 0.000143
2026-04-07 17:04:21 - __main__ - INFO - Train: loss 0.0170 acc1 99.58%
2026-04-07 17:04:21 - __main__ - INFO - Val:   loss 3.5757 acc1 51.19%
2026-04-07 17:04:21 - __main__ - INFO - 
Epoch 95/100 | lr 0.000108
2026-04-07 17:05:46 - __main__ - INFO - Train: loss 0.0171 acc1 99.57%
2026-04-07 17:05:46 - __main__ - INFO - Val:   loss 3.5565 acc1 51.14%
2026-04-07 17:05:46 - __main__ - INFO - 
Epoch 96/100 | lr 0.000078
2026-04-07 17:07:10 - __main__ - INFO - Train: loss 0.0164 acc1 99.57%
2026-04-07 17:07:10 - __main__ - INFO - Val:   loss 3.5691 acc1 51.18%
2026-04-07 17:07:10 - __main__ - INFO - 
Epoch 97/100 | lr 0.000054
2026-04-07 17:08:34 - __main__ - INFO - Train: loss 0.0157 acc1 99.61%
2026-04-07 17:08:34 - __main__ - INFO - Val:   loss 3.5887 acc1 51.16%
2026-04-07 17:08:34 - __main__ - INFO - 
Epoch 98/100 | lr 0.000035
2026-04-07 17:09:59 - __main__ - INFO - Train: loss 0.0166 acc1 99.59%
2026-04-07 17:09:59 - __main__ - INFO - Val:   loss 3.5846 acc1 51.06%
2026-04-07 17:09:59 - __main__ - INFO - 
Epoch 99/100 | lr 0.000021
2026-04-07 17:11:23 - __main__ - INFO - Train: loss 0.0153 acc1 99.61%
2026-04-07 17:11:23 - __main__ - INFO - Val:   loss 3.5711 acc1 50.99%
2026-04-07 17:11:23 - __main__ - INFO - 
Epoch 100/100 | lr 0.000013
2026-04-07 17:12:48 - __main__ - INFO - Train: loss 0.0157 acc1 99.63%
2026-04-07 17:12:48 - __main__ - INFO - Val:   loss 3.5916 acc1 51.12%
2026-04-07 17:12:48 - __main__ - INFO - Loaded best checkpoint weights for final test evaluation.
2026-04-07 17:12:51 - __main__ - INFO - 
Best tracked (val): 51.19%
2026-04-07 17:12:51 - __main__ - INFO - Final test: loss 3.7157 acc1 49.42%
2026-04-07 17:13:02 - __main__ - INFO - Variant [shuffled_cam_low_saliency] done — test acc 49.42%, test loss 3.7157
2026-04-07 17:13:02 - __main__ - INFO - Saved validation comparison plot: runs/tiny_imagenet_2026_04/07/vgg16_bn/validation_comparison_plot.png
2026-04-07 17:13:02 - __main__ - INFO - 
Results saved to ./runs/tiny_imagenet_2026_04/07/comparison_results.json
2026-04-07 17:13:02 - __main__ - INFO - 
========================================================================
2026-04-07 17:13:02 - __main__ - INFO - COMPARISON RESULTS — output model: efficientnet_b0
2026-04-07 17:13:02 - __main__ - INFO - ========================================================================
2026-04-07 17:13:02 - __main__ - INFO - Variant              Accuracy       Loss
2026-04-07 17:13:02 - __main__ - INFO - ------------------ ---------- ----------
2026-04-07 17:13:02 - __main__ - INFO - original               46.89%     3.3383
2026-04-07 17:13:02 - __main__ - INFO - low_saliency           50.79%     3.6046
2026-04-07 17:13:02 - __main__ - INFO - random_sparsity        41.93%     3.9305
2026-04-07 17:13:02 - __main__ - INFO - shuffled_cam_low_saliency     39.75%     4.0250
2026-04-07 17:13:02 - __main__ - INFO - ========================================================================
2026-04-07 17:13:02 - __main__ - INFO - CROSS-EVAL MATRIX — output model: efficientnet_b0
2026-04-07 17:13:02 - __main__ - INFO - Train / Test               original low_saliency
2026-04-07 17:13:02 - __main__ - INFO - ---------------------- ------------ ------------
2026-04-07 17:13:02 - __main__ - INFO - original                     46.89%       40.35%
2026-04-07 17:13:02 - __main__ - INFO - low_saliency                 23.97%       50.79%
2026-04-07 17:13:02 - __main__ - INFO - Interpretation: train(masked)->test(original) isolates augmentation transfer; train(original)->test(masked) isolates preprocessing effect.
2026-04-07 17:13:02 - __main__ - INFO - ========================================================================
2026-04-07 17:13:02 - __main__ - INFO - 
========================================================================
2026-04-07 17:13:02 - __main__ - INFO - COMPARISON RESULTS — output model: vgg16_bn
2026-04-07 17:13:02 - __main__ - INFO - ========================================================================
2026-04-07 17:13:02 - __main__ - INFO - Variant              Accuracy       Loss
2026-04-07 17:13:02 - __main__ - INFO - ------------------ ---------- ----------
2026-04-07 17:13:02 - __main__ - INFO - original               57.49%     3.0136
2026-04-07 17:13:02 - __main__ - INFO - low_saliency           57.26%     3.5841
2026-04-07 17:13:02 - __main__ - INFO - random_sparsity        51.68%     3.6281
2026-04-07 17:13:02 - __main__ - INFO - shuffled_cam_low_saliency     49.42%     3.7157
2026-04-07 17:13:02 - __main__ - INFO - ========================================================================
2026-04-07 17:13:02 - __main__ - INFO - CROSS-EVAL MATRIX — output model: vgg16_bn
2026-04-07 17:13:02 - __main__ - INFO - Train / Test               original low_saliency
2026-04-07 17:13:02 - __main__ - INFO - ---------------------- ------------ ------------
2026-04-07 17:13:02 - __main__ - INFO - original                     57.49%       50.60%
2026-04-07 17:13:02 - __main__ - INFO - low_saliency                 32.78%       57.26%
2026-04-07 17:13:02 - __main__ - INFO - Interpretation: train(masked)->test(original) isolates augmentation transfer; train(original)->test(masked) isolates preprocessing effect.
2026-04-07 17:13:02 - __main__ - INFO - ========================================================================
