2026-03-26 22:09:03 - __main__ - INFO - Comparison pipeline | device=cuda | out_dir=./runs/malimg_2026_03/26 | args={"adamw_betas": [0.9, 0.999], "adamw_eps": 1e-08, "amp": false, "batch_size": 128, "cam_layer": "auto", "config": "/content/CAMRegularization/configs.json", "data_dir": "./data", "dataset": "malimg", "enable_random_control": true, "enable_shuffled_cam_control": true, "epochs": 100, "gamma": 0.1, "input_models": ["resnet18"], "label_smoothing": 0.0, "log_every": 100, "lr": 0.1, "milestones": "60,80", "min_lr": 1e-05, "momentum": 0.9, "nesterov": false, "num_workers": 2, "optimizer": "sgd", "out_dir": "./runs/malimg_2026_03/26", "output_models": ["resnet34", "densenet121", "efficientnet_b0", "mobilenet_v3_small"], "run_name": "", "scheduler": "cosine", "seed": 42, "threshold": 0.15, "val_split": 0.1, "warmup_epochs": 5, "weight_decay": 0.0005}
2026-03-26 22:09:03 - __main__ - INFO - Enabled variants: ['original', 'low_saliency', 'random_sparsity', 'shuffled_cam_low_saliency']
2026-03-26 22:09:03 - __main__ - INFO - 
============================================================
2026-03-26 22:09:03 - __main__ - INFO - Training input model: resnet18
2026-03-26 22:09:03 - __main__ - INFO -   Resolved config → opt=sgd, lr=0.1, wd=0.0005, bs=32, epochs=50, scheduler=cosine, warmup=5
2026-03-26 22:09:03 - __main__ - INFO - ============================================================
2026-03-26 22:09:03 - __main__ - INFO - device: cuda | cuda: True | gpu: NVIDIA L4
2026-03-26 22:09:25 - __main__ - INFO - Model: resnet18 | Dataset: malimg | Classes: 25 | Optimizer: sgd
2026-03-26 22:09:25 - __main__ - INFO - 
Epoch 1/50 | lr 0.000100
2026-03-26 22:09:47 - __main__ - INFO - Train: loss 2.1648 acc1 44.36%
2026-03-26 22:09:47 - __main__ - INFO - Val:   loss 1.6588 acc1 62.49%
2026-03-26 22:09:47 - __main__ - INFO - saved best: 62.49%
2026-03-26 22:09:47 - __main__ - INFO - 
Epoch 2/50 | lr 0.020080
2026-03-26 22:10:07 - __main__ - INFO - Train: loss 0.3783 acc1 90.06%
2026-03-26 22:10:07 - __main__ - INFO - Val:   loss 0.2085 acc1 94.49%
2026-03-26 22:10:07 - __main__ - INFO - saved best: 94.49%
2026-03-26 22:10:07 - __main__ - INFO - 
Epoch 3/50 | lr 0.040060
2026-03-26 22:10:28 - __main__ - INFO - Train: loss 0.2605 acc1 93.59%
2026-03-26 22:10:28 - __main__ - INFO - Val:   loss 7.1346 acc1 14.61%
2026-03-26 22:10:28 - __main__ - INFO - 
Epoch 4/50 | lr 0.060040
2026-03-26 22:10:48 - __main__ - INFO - Train: loss 0.4379 acc1 92.05%
2026-03-26 22:10:48 - __main__ - INFO - Val:   loss 0.1270 acc1 95.66%
2026-03-26 22:10:48 - __main__ - INFO - saved best: 95.66%
2026-03-26 22:10:48 - __main__ - INFO - 
Epoch 5/50 | lr 0.080020
2026-03-26 22:11:08 - __main__ - INFO - Train: loss 0.1308 acc1 96.54%
2026-03-26 22:11:08 - __main__ - INFO - Val:   loss 21.8382 acc1 25.61%
2026-03-26 22:11:08 - __main__ - INFO - 
Epoch 6/50 | lr 0.100000
2026-03-26 22:11:29 - __main__ - INFO - Train: loss 0.2838 acc1 93.58%
2026-03-26 22:11:29 - __main__ - INFO - Val:   loss 0.1222 acc1 95.98%
2026-03-26 22:11:29 - __main__ - INFO - saved best: 95.98%
2026-03-26 22:11:29 - __main__ - INFO - 
Epoch 7/50 | lr 0.099878
2026-03-26 22:11:49 - __main__ - INFO - Train: loss 0.0945 acc1 97.22%
2026-03-26 22:11:49 - __main__ - INFO - Val:   loss 0.1103 acc1 96.50%
2026-03-26 22:11:49 - __main__ - INFO - saved best: 96.50%
2026-03-26 22:11:49 - __main__ - INFO - 
Epoch 8/50 | lr 0.099513
2026-03-26 22:12:10 - __main__ - INFO - Train: loss 0.0948 acc1 97.08%
2026-03-26 22:12:10 - __main__ - INFO - Val:   loss 0.1179 acc1 96.62%
2026-03-26 22:12:10 - __main__ - INFO - saved best: 96.62%
2026-03-26 22:12:10 - __main__ - INFO - 
Epoch 9/50 | lr 0.098907
2026-03-26 22:12:30 - __main__ - INFO - Train: loss 0.0874 acc1 97.41%
2026-03-26 22:12:30 - __main__ - INFO - Val:   loss 0.9406 acc1 67.46%
2026-03-26 22:12:30 - __main__ - INFO - 
Epoch 10/50 | lr 0.098063
2026-03-26 22:12:50 - __main__ - INFO - Train: loss 0.1254 acc1 96.24%
2026-03-26 22:12:50 - __main__ - INFO - Val:   loss 0.0958 acc1 97.15%
2026-03-26 22:12:50 - __main__ - INFO - saved best: 97.15%
2026-03-26 22:12:50 - __main__ - INFO - 
Epoch 11/50 | lr 0.096985
2026-03-26 22:13:11 - __main__ - INFO - Train: loss 0.0921 acc1 97.30%
2026-03-26 22:13:11 - __main__ - INFO - Val:   loss 0.0778 acc1 97.41%
2026-03-26 22:13:11 - __main__ - INFO - saved best: 97.41%
2026-03-26 22:13:11 - __main__ - INFO - 
Epoch 12/50 | lr 0.095678
2026-03-26 22:13:31 - __main__ - INFO - Train: loss 0.0739 acc1 97.88%
2026-03-26 22:13:31 - __main__ - INFO - Val:   loss 0.0727 acc1 97.34%
2026-03-26 22:13:31 - __main__ - INFO - 
Epoch 13/50 | lr 0.094148
2026-03-26 22:13:52 - __main__ - INFO - Train: loss 0.0674 acc1 97.97%
2026-03-26 22:13:52 - __main__ - INFO - Val:   loss 0.0756 acc1 97.73%
2026-03-26 22:13:52 - __main__ - INFO - saved best: 97.73%
2026-03-26 22:13:52 - __main__ - INFO - 
Epoch 14/50 | lr 0.092403
2026-03-26 22:14:12 - __main__ - INFO - Train: loss 0.0663 acc1 98.04%
2026-03-26 22:14:12 - __main__ - INFO - Val:   loss 0.2484 acc1 92.83%
2026-03-26 22:14:12 - __main__ - INFO - 
Epoch 15/50 | lr 0.090452
2026-03-26 22:14:33 - __main__ - INFO - Train: loss 0.0752 acc1 97.80%
2026-03-26 22:14:33 - __main__ - INFO - Val:   loss 0.0949 acc1 97.37%
2026-03-26 22:14:33 - __main__ - INFO - 
Epoch 16/50 | lr 0.088303
2026-03-26 22:14:53 - __main__ - INFO - Train: loss 0.0665 acc1 98.03%
2026-03-26 22:14:53 - __main__ - INFO - Val:   loss 1.2347 acc1 67.43%
2026-03-26 22:14:53 - __main__ - INFO - 
Epoch 17/50 | lr 0.085968
2026-03-26 22:15:13 - __main__ - INFO - Train: loss 0.0867 acc1 97.47%
2026-03-26 22:15:13 - __main__ - INFO - Val:   loss 0.1273 acc1 96.47%
2026-03-26 22:15:13 - __main__ - INFO - 
Epoch 18/50 | lr 0.083458
2026-03-26 22:15:33 - __main__ - INFO - Train: loss 0.0792 acc1 97.66%
2026-03-26 22:15:33 - __main__ - INFO - Val:   loss 0.1016 acc1 96.79%
2026-03-26 22:15:33 - __main__ - INFO - 
Epoch 19/50 | lr 0.080785
2026-03-26 22:15:54 - __main__ - INFO - Train: loss 0.0659 acc1 98.10%
2026-03-26 22:15:54 - __main__ - INFO - Val:   loss 0.0950 acc1 98.25%
2026-03-26 22:15:54 - __main__ - INFO - saved best: 98.25%
2026-03-26 22:15:54 - __main__ - INFO - 
Epoch 20/50 | lr 0.077962
2026-03-26 22:16:14 - __main__ - INFO - Train: loss 0.0661 acc1 97.97%
2026-03-26 22:16:14 - __main__ - INFO - Val:   loss 0.1384 acc1 94.90%
2026-03-26 22:16:14 - __main__ - INFO - 
Epoch 21/50 | lr 0.075002
2026-03-26 22:16:35 - __main__ - INFO - Train: loss 0.0690 acc1 97.99%
2026-03-26 22:16:35 - __main__ - INFO - Val:   loss 0.2777 acc1 92.16%
2026-03-26 22:16:35 - __main__ - INFO - 
Epoch 22/50 | lr 0.071921
2026-03-26 22:16:55 - __main__ - INFO - Train: loss 0.0744 acc1 97.78%
2026-03-26 22:16:55 - __main__ - INFO - Val:   loss 0.0724 acc1 97.60%
2026-03-26 22:16:55 - __main__ - INFO - 
Epoch 23/50 | lr 0.068733
2026-03-26 22:17:15 - __main__ - INFO - Train: loss 0.0586 acc1 98.20%
2026-03-26 22:17:15 - __main__ - INFO - Val:   loss 0.0741 acc1 97.86%
2026-03-26 22:17:15 - __main__ - INFO - 
Epoch 24/50 | lr 0.065454
2026-03-26 22:17:36 - __main__ - INFO - Train: loss 0.0591 acc1 98.28%
2026-03-26 22:17:36 - __main__ - INFO - Val:   loss 0.0817 acc1 97.15%
2026-03-26 22:17:36 - __main__ - INFO - 
Epoch 25/50 | lr 0.062100
2026-03-26 22:17:56 - __main__ - INFO - Train: loss 0.0528 acc1 98.46%
2026-03-26 22:17:56 - __main__ - INFO - Val:   loss 0.0734 acc1 97.89%
2026-03-26 22:17:56 - __main__ - INFO - 
Epoch 26/50 | lr 0.058687
2026-03-26 22:18:17 - __main__ - INFO - Train: loss 0.0508 acc1 98.52%
2026-03-26 22:18:17 - __main__ - INFO - Val:   loss 0.0738 acc1 97.89%
2026-03-26 22:18:17 - __main__ - INFO - 
Epoch 27/50 | lr 0.055231
2026-03-26 22:18:37 - __main__ - INFO - Train: loss 0.0531 acc1 98.54%
2026-03-26 22:18:37 - __main__ - INFO - Val:   loss 0.0745 acc1 98.05%
2026-03-26 22:18:37 - __main__ - INFO - 
Epoch 28/50 | lr 0.051750
2026-03-26 22:18:57 - __main__ - INFO - Train: loss 0.0568 acc1 98.48%
2026-03-26 22:18:57 - __main__ - INFO - Val:   loss 0.0717 acc1 98.41%
2026-03-26 22:18:57 - __main__ - INFO - saved best: 98.41%
2026-03-26 22:18:57 - __main__ - INFO - 
Epoch 29/50 | lr 0.048260
2026-03-26 22:19:18 - __main__ - INFO - Train: loss 0.0512 acc1 98.36%
2026-03-26 22:19:18 - __main__ - INFO - Val:   loss 0.6864 acc1 85.88%
2026-03-26 22:19:18 - __main__ - INFO - 
Epoch 30/50 | lr 0.044779
2026-03-26 22:19:38 - __main__ - INFO - Train: loss 0.0667 acc1 98.13%
2026-03-26 22:19:38 - __main__ - INFO - Val:   loss 0.0832 acc1 97.57%
2026-03-26 22:19:38 - __main__ - INFO - 
Epoch 31/50 | lr 0.041323
2026-03-26 22:19:59 - __main__ - INFO - Train: loss 0.0527 acc1 98.61%
2026-03-26 22:19:59 - __main__ - INFO - Val:   loss 0.0722 acc1 98.15%
2026-03-26 22:19:59 - __main__ - INFO - 
Epoch 32/50 | lr 0.037910
2026-03-26 22:20:19 - __main__ - INFO - Train: loss 0.0493 acc1 98.56%
2026-03-26 22:20:19 - __main__ - INFO - Val:   loss 0.1046 acc1 97.14%
2026-03-26 22:20:19 - __main__ - INFO - 
Epoch 33/50 | lr 0.034556
2026-03-26 22:20:39 - __main__ - INFO - Train: loss 0.0598 acc1 98.24%
2026-03-26 22:20:39 - __main__ - INFO - Val:   loss 0.0898 acc1 98.12%
2026-03-26 22:20:39 - __main__ - INFO - 
Epoch 34/50 | lr 0.031277
2026-03-26 22:21:00 - __main__ - INFO - Train: loss 0.0629 acc1 98.14%
2026-03-26 22:21:00 - __main__ - INFO - Val:   loss 0.3630 acc1 89.92%
2026-03-26 22:21:00 - __main__ - INFO - 
Epoch 35/50 | lr 0.028089
2026-03-26 22:21:20 - __main__ - INFO - Train: loss 0.0698 acc1 98.05%
2026-03-26 22:21:20 - __main__ - INFO - Val:   loss 0.0838 acc1 98.11%
2026-03-26 22:21:20 - __main__ - INFO - 
Epoch 36/50 | lr 0.025008
2026-03-26 22:21:41 - __main__ - INFO - Train: loss 0.0565 acc1 98.33%
2026-03-26 22:21:41 - __main__ - INFO - Val:   loss 0.0620 acc1 98.09%
2026-03-26 22:21:41 - __main__ - INFO - 
Epoch 37/50 | lr 0.022048
2026-03-26 22:22:02 - __main__ - INFO - Train: loss 0.0428 acc1 98.76%
2026-03-26 22:22:02 - __main__ - INFO - Val:   loss 0.0716 acc1 98.09%
2026-03-26 22:22:02 - __main__ - INFO - 
Epoch 38/50 | lr 0.019225
2026-03-26 22:22:22 - __main__ - INFO - Train: loss 0.0411 acc1 98.80%
2026-03-26 22:22:22 - __main__ - INFO - Val:   loss 0.0623 acc1 98.09%
2026-03-26 22:22:22 - __main__ - INFO - 
Epoch 39/50 | lr 0.016552
2026-03-26 22:22:43 - __main__ - INFO - Train: loss 0.0407 acc1 98.86%
2026-03-26 22:22:43 - __main__ - INFO - Val:   loss 0.3795 acc1 84.15%
2026-03-26 22:22:43 - __main__ - INFO - 
Epoch 40/50 | lr 0.014042
2026-03-26 22:23:04 - __main__ - INFO - Train: loss 0.0502 acc1 98.57%
2026-03-26 22:23:04 - __main__ - INFO - Val:   loss 0.0677 acc1 98.09%
2026-03-26 22:23:04 - __main__ - INFO - 
Epoch 41/50 | lr 0.011707
2026-03-26 22:23:25 - __main__ - INFO - Train: loss 0.0402 acc1 98.80%
2026-03-26 22:23:25 - __main__ - INFO - Val:   loss 0.0635 acc1 98.15%
2026-03-26 22:23:25 - __main__ - INFO - 
Epoch 42/50 | lr 0.009558
2026-03-26 22:23:45 - __main__ - INFO - Train: loss 0.0389 acc1 98.86%
2026-03-26 22:23:45 - __main__ - INFO - Val:   loss 0.0639 acc1 98.15%
2026-03-26 22:23:45 - __main__ - INFO - 
Epoch 43/50 | lr 0.007607
2026-03-26 22:24:06 - __main__ - INFO - Train: loss 0.0389 acc1 98.84%
2026-03-26 22:24:06 - __main__ - INFO - Val:   loss 0.0633 acc1 98.15%
2026-03-26 22:24:06 - __main__ - INFO - 
Epoch 44/50 | lr 0.005862
2026-03-26 22:24:27 - __main__ - INFO - Train: loss 0.0386 acc1 98.88%
2026-03-26 22:24:27 - __main__ - INFO - Val:   loss 0.0664 acc1 98.21%
2026-03-26 22:24:27 - __main__ - INFO - 
Epoch 45/50 | lr 0.004332
2026-03-26 22:24:47 - __main__ - INFO - Train: loss 0.0395 acc1 98.88%
2026-03-26 22:24:47 - __main__ - INFO - Val:   loss 0.0653 acc1 98.15%
2026-03-26 22:24:47 - __main__ - INFO - 
Epoch 46/50 | lr 0.003025
2026-03-26 22:25:08 - __main__ - INFO - Train: loss 0.0377 acc1 98.88%
2026-03-26 22:25:08 - __main__ - INFO - Val:   loss 0.0648 acc1 98.31%
2026-03-26 22:25:08 - __main__ - INFO - 
Epoch 47/50 | lr 0.001947
2026-03-26 22:25:29 - __main__ - INFO - Train: loss 0.0375 acc1 98.86%
2026-03-26 22:25:29 - __main__ - INFO - Val:   loss 0.0663 acc1 98.15%
2026-03-26 22:25:29 - __main__ - INFO - 
Epoch 48/50 | lr 0.001103
2026-03-26 22:25:49 - __main__ - INFO - Train: loss 0.0380 acc1 98.88%
2026-03-26 22:25:49 - __main__ - INFO - Val:   loss 0.0663 acc1 98.31%
2026-03-26 22:25:49 - __main__ - INFO - 
Epoch 49/50 | lr 0.000497
2026-03-26 22:26:10 - __main__ - INFO - Train: loss 0.0420 acc1 98.61%
2026-03-26 22:26:10 - __main__ - INFO - Val:   loss 0.0663 acc1 98.15%
2026-03-26 22:26:10 - __main__ - INFO - 
Epoch 50/50 | lr 0.000132
2026-03-26 22:26:31 - __main__ - INFO - Train: loss 0.0393 acc1 98.74%
2026-03-26 22:26:31 - __main__ - INFO - Val:   loss 0.0657 acc1 98.15%
2026-03-26 22:26:31 - __main__ - INFO - Loaded best checkpoint weights for final test evaluation.
2026-03-26 22:26:34 - __main__ - INFO - 
Best tracked (val): 98.41%
2026-03-26 22:26:34 - __main__ - INFO - Final test: loss 0.0621 acc1 97.81%
2026-03-26 22:26:34 - __main__ - INFO - Input model resnet18 done — test acc 97.81%, test loss 0.0621
2026-03-26 22:26:34 - __main__ - INFO - 
Preparing eval dataloaders for HiResCAM computation …
2026-03-26 22:26:34 - __main__ - INFO - 
Saving variant datasets to data/comparison_malimg_2026_03/26
2026-03-26 22:26:34 - __main__ - INFO - Generating train variants → data/comparison_malimg_2026_03/26
2026-03-26 22:28:06 - __main__ - INFO -   [train] processed 1280 images …
2026-03-26 22:29:38 - __main__ - INFO -   [train] processed 2560 images …
2026-03-26 22:31:19 - __main__ - INFO -   [train] processed 3840 images …
2026-03-26 22:32:50 - __main__ - INFO -   [train] processed 5120 images …
2026-03-26 22:34:15 - __main__ - INFO -   [train] processed 6400 images …
2026-03-26 22:35:24 - __main__ - INFO -   [train] processed 7459 images …
2026-03-26 22:35:24 - __main__ - INFO -   [train] saved 7459 images for all 4 variants
2026-03-26 22:35:24 - __main__ - INFO - Generating test variants → data/comparison_malimg_2026_03/26
2026-03-26 22:36:32 - __main__ - INFO -   [test] processed 957 images …
2026-03-26 22:36:32 - __main__ - INFO -   [test] saved 957 images for all 4 variants
2026-03-26 22:36:32 - __main__ - INFO - 
Starting output model sweep: resnet34
2026-03-26 22:36:32 - __main__ - INFO - 
============================================================
2026-03-26 22:36:32 - __main__ - INFO - Training output model: resnet34 [original]
2026-03-26 22:36:32 - __main__ - INFO -   Resolved config → opt=sgd, lr=0.1, wd=0.0005, bs=32, epochs=50, scheduler=cosine, warmup=5
2026-03-26 22:36:32 - __main__ - INFO - ============================================================
2026-03-26 22:36:32 - __main__ - INFO -   Validation during training uses variant split with val_split=0.1
2026-03-26 22:36:32 - __main__ - INFO -   Final test uses original test split
2026-03-26 22:36:32 - __main__ - INFO - device: cuda | cuda: True | gpu: NVIDIA L4
2026-03-26 22:36:32 - __main__ - INFO - Model: resnet34 | Dataset: malimg | Classes: 25 | Optimizer: sgd
2026-03-26 22:36:32 - __main__ - INFO - 
Epoch 1/50 | lr 0.000100
2026-03-26 22:36:49 - __main__ - INFO - Train: loss 2.2152 acc1 41.72%
2026-03-26 22:36:49 - __main__ - INFO - Val:   loss 1.7937 acc1 54.92%
2026-03-26 22:36:49 - __main__ - INFO - saved best: 54.92%
2026-03-26 22:36:49 - __main__ - INFO - 
Epoch 2/50 | lr 0.020080
2026-03-26 22:37:05 - __main__ - INFO - Train: loss 0.6085 acc1 83.60%
2026-03-26 22:37:05 - __main__ - INFO - Val:   loss 0.1935 acc1 93.46%
2026-03-26 22:37:05 - __main__ - INFO - saved best: 93.46%
2026-03-26 22:37:05 - __main__ - INFO - 
Epoch 3/50 | lr 0.040060
2026-03-26 22:37:22 - __main__ - INFO - Train: loss 0.3678 acc1 91.65%
2026-03-26 22:37:22 - __main__ - INFO - Val:   loss 69.9051 acc1 39.76%
2026-03-26 22:37:22 - __main__ - INFO - 
Epoch 4/50 | lr 0.060040
2026-03-26 22:37:39 - __main__ - INFO - Train: loss 0.3344 acc1 91.11%
2026-03-26 22:37:39 - __main__ - INFO - Val:   loss 0.1572 acc1 94.74%
2026-03-26 22:37:39 - __main__ - INFO - saved best: 94.74%
2026-03-26 22:37:39 - __main__ - INFO - 
Epoch 5/50 | lr 0.080020
2026-03-26 22:37:55 - __main__ - INFO - Train: loss 0.1314 acc1 96.08%
2026-03-26 22:37:55 - __main__ - INFO - Val:   loss 0.1270 acc1 95.85%
2026-03-26 22:37:55 - __main__ - INFO - saved best: 95.85%
2026-03-26 22:37:55 - __main__ - INFO - 
Epoch 6/50 | lr 0.100000
2026-03-26 22:38:12 - __main__ - INFO - Train: loss 0.1478 acc1 95.65%
2026-03-26 22:38:12 - __main__ - INFO - Val:   loss 2.9555 acc1 91.97%
2026-03-26 22:38:12 - __main__ - INFO - 
Epoch 7/50 | lr 0.099878
2026-03-26 22:38:28 - __main__ - INFO - Train: loss 1.2735 acc1 78.25%
2026-03-26 22:38:28 - __main__ - INFO - Val:   loss 0.2716 acc1 90.29%
2026-03-26 22:38:28 - __main__ - INFO - 
Epoch 8/50 | lr 0.099513
2026-03-26 22:38:45 - __main__ - INFO - Train: loss 0.1868 acc1 94.63%
2026-03-26 22:38:45 - __main__ - INFO - Val:   loss 0.0927 acc1 97.43%
2026-03-26 22:38:45 - __main__ - INFO - saved best: 97.43%
2026-03-26 22:38:45 - __main__ - INFO - 
Epoch 9/50 | lr 0.098907
2026-03-26 22:39:01 - __main__ - INFO - Train: loss 0.1224 acc1 96.22%
2026-03-26 22:39:01 - __main__ - INFO - Val:   loss 0.0951 acc1 97.30%
2026-03-26 22:39:01 - __main__ - INFO - 
Epoch 10/50 | lr 0.098063
2026-03-26 22:39:18 - __main__ - INFO - Train: loss 0.0990 acc1 97.05%
2026-03-26 22:39:18 - __main__ - INFO - Val:   loss 0.1267 acc1 95.72%
2026-03-26 22:39:18 - __main__ - INFO - 
Epoch 11/50 | lr 0.096985
2026-03-26 22:39:34 - __main__ - INFO - Train: loss 0.1060 acc1 96.69%
2026-03-26 22:39:34 - __main__ - INFO - Val:   loss 0.0930 acc1 96.91%
2026-03-26 22:39:34 - __main__ - INFO - 
Epoch 12/50 | lr 0.095678
2026-03-26 22:39:51 - __main__ - INFO - Train: loss 0.0923 acc1 97.23%
2026-03-26 22:39:51 - __main__ - INFO - Val:   loss 0.0803 acc1 97.70%
2026-03-26 22:39:51 - __main__ - INFO - saved best: 97.70%
2026-03-26 22:39:51 - __main__ - INFO - 
Epoch 13/50 | lr 0.094148
2026-03-26 22:40:07 - __main__ - INFO - Train: loss 0.0833 acc1 97.72%
2026-03-26 22:40:07 - __main__ - INFO - Val:   loss 0.1180 acc1 97.03%
2026-03-26 22:40:07 - __main__ - INFO - 
Epoch 14/50 | lr 0.092403
2026-03-26 22:40:24 - __main__ - INFO - Train: loss 0.0760 acc1 97.86%
2026-03-26 22:40:24 - __main__ - INFO - Val:   loss 0.0942 acc1 96.63%
2026-03-26 22:40:24 - __main__ - INFO - 
Epoch 15/50 | lr 0.090452
2026-03-26 22:40:40 - __main__ - INFO - Train: loss 0.0786 acc1 97.74%
2026-03-26 22:40:40 - __main__ - INFO - Val:   loss 0.0924 acc1 97.03%
2026-03-26 22:40:40 - __main__ - INFO - 
Epoch 16/50 | lr 0.088303
2026-03-26 22:40:57 - __main__ - INFO - Train: loss 0.0840 acc1 97.56%
2026-03-26 22:40:57 - __main__ - INFO - Val:   loss 0.0895 acc1 96.75%
2026-03-26 22:40:57 - __main__ - INFO - 
Epoch 17/50 | lr 0.085968
2026-03-26 22:41:13 - __main__ - INFO - Train: loss 0.0803 acc1 97.70%
2026-03-26 22:41:13 - __main__ - INFO - Val:   loss 0.1132 acc1 96.11%
2026-03-26 22:41:13 - __main__ - INFO - 
Epoch 18/50 | lr 0.083458
2026-03-26 22:41:30 - __main__ - INFO - Train: loss 0.0755 acc1 97.72%
2026-03-26 22:41:30 - __main__ - INFO - Val:   loss 0.1010 acc1 97.17%
2026-03-26 22:41:30 - __main__ - INFO - 
Epoch 19/50 | lr 0.080785
2026-03-26 22:41:47 - __main__ - INFO - Train: loss 0.0747 acc1 97.90%
2026-03-26 22:41:47 - __main__ - INFO - Val:   loss 0.0771 acc1 97.16%
2026-03-26 22:41:47 - __main__ - INFO - 
Epoch 20/50 | lr 0.077962
2026-03-26 22:42:03 - __main__ - INFO - Train: loss 0.0721 acc1 98.07%
2026-03-26 22:42:03 - __main__ - INFO - Val:   loss 0.0905 acc1 97.03%
2026-03-26 22:42:03 - __main__ - INFO - 
Epoch 21/50 | lr 0.075002
2026-03-26 22:42:20 - __main__ - INFO - Train: loss 0.0681 acc1 98.07%
2026-03-26 22:42:20 - __main__ - INFO - Val:   loss 0.0764 acc1 97.55%
2026-03-26 22:42:20 - __main__ - INFO - 
Epoch 22/50 | lr 0.071921
2026-03-26 22:42:36 - __main__ - INFO - Train: loss 0.0657 acc1 98.11%
2026-03-26 22:42:36 - __main__ - INFO - Val:   loss 0.0914 acc1 97.04%
2026-03-26 22:42:36 - __main__ - INFO - 
Epoch 23/50 | lr 0.068733
2026-03-26 22:42:53 - __main__ - INFO - Train: loss 0.0647 acc1 98.07%
2026-03-26 22:42:53 - __main__ - INFO - Val:   loss 0.0948 acc1 97.01%
2026-03-26 22:42:53 - __main__ - INFO - 
Epoch 24/50 | lr 0.065454
2026-03-26 22:43:09 - __main__ - INFO - Train: loss 0.0648 acc1 98.12%
2026-03-26 22:43:09 - __main__ - INFO - Val:   loss 0.0918 acc1 97.31%
2026-03-26 22:43:09 - __main__ - INFO - 
Epoch 25/50 | lr 0.062100
2026-03-26 22:43:26 - __main__ - INFO - Train: loss 0.0607 acc1 98.18%
2026-03-26 22:43:26 - __main__ - INFO - Val:   loss 0.1058 acc1 97.30%
2026-03-26 22:43:26 - __main__ - INFO - 
Epoch 26/50 | lr 0.058687
2026-03-26 22:43:42 - __main__ - INFO - Train: loss 0.0581 acc1 98.24%
2026-03-26 22:43:42 - __main__ - INFO - Val:   loss 0.0784 acc1 97.69%
2026-03-26 22:43:42 - __main__ - INFO - 
Epoch 27/50 | lr 0.055231
2026-03-26 22:43:59 - __main__ - INFO - Train: loss 0.0551 acc1 98.40%
2026-03-26 22:43:59 - __main__ - INFO - Val:   loss 0.0872 acc1 97.30%
2026-03-26 22:43:59 - __main__ - INFO - 
Epoch 28/50 | lr 0.051750
2026-03-26 22:44:15 - __main__ - INFO - Train: loss 0.0521 acc1 98.53%
2026-03-26 22:44:15 - __main__ - INFO - Val:   loss 0.0955 acc1 97.01%
2026-03-26 22:44:15 - __main__ - INFO - 
Epoch 29/50 | lr 0.048260
2026-03-26 22:44:32 - __main__ - INFO - Train: loss 0.0530 acc1 98.52%
2026-03-26 22:44:32 - __main__ - INFO - Val:   loss 0.0789 acc1 97.29%
2026-03-26 22:44:32 - __main__ - INFO - 
Epoch 30/50 | lr 0.044779
2026-03-26 22:44:48 - __main__ - INFO - Train: loss 0.0466 acc1 98.75%
2026-03-26 22:44:48 - __main__ - INFO - Val:   loss 0.0714 acc1 97.31%
2026-03-26 22:44:48 - __main__ - INFO - 
Epoch 31/50 | lr 0.041323
2026-03-26 22:45:05 - __main__ - INFO - Train: loss 0.0552 acc1 98.39%
2026-03-26 22:45:05 - __main__ - INFO - Val:   loss 0.0774 acc1 97.45%
2026-03-26 22:45:05 - __main__ - INFO - 
Epoch 32/50 | lr 0.037910
2026-03-26 22:45:21 - __main__ - INFO - Train: loss 0.0518 acc1 98.60%
2026-03-26 22:45:21 - __main__ - INFO - Val:   loss 0.0875 acc1 97.55%
2026-03-26 22:45:21 - __main__ - INFO - 
Epoch 33/50 | lr 0.034556
2026-03-26 22:45:38 - __main__ - INFO - Train: loss 0.0486 acc1 98.68%
2026-03-26 22:45:38 - __main__ - INFO - Val:   loss 0.0855 acc1 97.30%
2026-03-26 22:45:38 - __main__ - INFO - 
Epoch 34/50 | lr 0.031277
2026-03-26 22:45:54 - __main__ - INFO - Train: loss 0.0458 acc1 98.66%
2026-03-26 22:45:54 - __main__ - INFO - Val:   loss 0.0917 acc1 97.01%
2026-03-26 22:45:54 - __main__ - INFO - 
Epoch 35/50 | lr 0.028089
2026-03-26 22:46:11 - __main__ - INFO - Train: loss 0.0474 acc1 98.67%
2026-03-26 22:46:11 - __main__ - INFO - Val:   loss 0.0856 acc1 97.57%
2026-03-26 22:46:11 - __main__ - INFO - 
Epoch 36/50 | lr 0.025008
2026-03-26 22:46:27 - __main__ - INFO - Train: loss 0.0435 acc1 98.71%
2026-03-26 22:46:27 - __main__ - INFO - Val:   loss 0.0790 acc1 97.56%
2026-03-26 22:46:27 - __main__ - INFO - 
Epoch 37/50 | lr 0.022048
2026-03-26 22:46:44 - __main__ - INFO - Train: loss 0.0403 acc1 98.88%
2026-03-26 22:46:44 - __main__ - INFO - Val:   loss 0.0734 acc1 97.71%
2026-03-26 22:46:44 - __main__ - INFO - saved best: 97.71%
2026-03-26 22:46:44 - __main__ - INFO - 
Epoch 38/50 | lr 0.019225
2026-03-26 22:47:01 - __main__ - INFO - Train: loss 0.0397 acc1 98.87%
2026-03-26 22:47:01 - __main__ - INFO - Val:   loss 0.0753 acc1 97.70%
2026-03-26 22:47:01 - __main__ - INFO - 
Epoch 39/50 | lr 0.016552
2026-03-26 22:47:17 - __main__ - INFO - Train: loss 0.0389 acc1 98.87%
2026-03-26 22:47:17 - __main__ - INFO - Val:   loss 0.0931 acc1 97.70%
2026-03-26 22:47:17 - __main__ - INFO - 
Epoch 40/50 | lr 0.014042
2026-03-26 22:47:34 - __main__ - INFO - Train: loss 0.0372 acc1 98.91%
2026-03-26 22:47:34 - __main__ - INFO - Val:   loss 0.0764 acc1 97.70%
2026-03-26 22:47:34 - __main__ - INFO - 
Epoch 41/50 | lr 0.011707
2026-03-26 22:47:50 - __main__ - INFO - Train: loss 0.0369 acc1 98.93%
2026-03-26 22:47:50 - __main__ - INFO - Val:   loss 0.0806 acc1 97.84%
2026-03-26 22:47:50 - __main__ - INFO - saved best: 97.84%
2026-03-26 22:47:50 - __main__ - INFO - 
Epoch 42/50 | lr 0.009558
2026-03-26 22:48:07 - __main__ - INFO - Train: loss 0.0366 acc1 98.94%
2026-03-26 22:48:07 - __main__ - INFO - Val:   loss 0.0758 acc1 97.84%
2026-03-26 22:48:07 - __main__ - INFO - 
Epoch 43/50 | lr 0.007607
2026-03-26 22:48:23 - __main__ - INFO - Train: loss 0.0367 acc1 98.93%
2026-03-26 22:48:23 - __main__ - INFO - Val:   loss 0.0749 acc1 97.84%
2026-03-26 22:48:23 - __main__ - INFO - 
Epoch 44/50 | lr 0.005862
2026-03-26 22:48:40 - __main__ - INFO - Train: loss 0.0363 acc1 98.93%
2026-03-26 22:48:40 - __main__ - INFO - Val:   loss 0.0781 acc1 97.84%
2026-03-26 22:48:40 - __main__ - INFO - 
Epoch 45/50 | lr 0.004332
2026-03-26 22:48:56 - __main__ - INFO - Train: loss 0.0358 acc1 98.94%
2026-03-26 22:48:56 - __main__ - INFO - Val:   loss 0.0772 acc1 97.84%
2026-03-26 22:48:56 - __main__ - INFO - 
Epoch 46/50 | lr 0.003025
2026-03-26 22:49:13 - __main__ - INFO - Train: loss 0.0361 acc1 98.94%
2026-03-26 22:49:13 - __main__ - INFO - Val:   loss 0.0766 acc1 97.84%
2026-03-26 22:49:13 - __main__ - INFO - 
Epoch 47/50 | lr 0.001947
2026-03-26 22:49:29 - __main__ - INFO - Train: loss 0.0362 acc1 98.93%
2026-03-26 22:49:29 - __main__ - INFO - Val:   loss 0.0772 acc1 97.84%
2026-03-26 22:49:29 - __main__ - INFO - 
Epoch 48/50 | lr 0.001103
2026-03-26 22:49:46 - __main__ - INFO - Train: loss 0.0360 acc1 98.94%
2026-03-26 22:49:46 - __main__ - INFO - Val:   loss 0.0754 acc1 97.84%
2026-03-26 22:49:46 - __main__ - INFO - 
Epoch 49/50 | lr 0.000497
2026-03-26 22:50:02 - __main__ - INFO - Train: loss 0.0357 acc1 98.94%
2026-03-26 22:50:02 - __main__ - INFO - Val:   loss 0.0770 acc1 97.84%
2026-03-26 22:50:02 - __main__ - INFO - 
Epoch 50/50 | lr 0.000132
2026-03-26 22:50:19 - __main__ - INFO - Train: loss 0.0363 acc1 98.93%
2026-03-26 22:50:19 - __main__ - INFO - Val:   loss 0.0738 acc1 97.84%
2026-03-26 22:50:19 - __main__ - INFO - Loaded best checkpoint weights for final test evaluation.
2026-03-26 22:50:21 - __main__ - INFO - 
Best tracked (val): 97.84%
2026-03-26 22:50:21 - __main__ - INFO - Final test: loss 0.0556 acc1 98.01%
2026-03-26 22:50:25 - __main__ - INFO - Variant [original] done — test acc 98.01%, test loss 0.0556
2026-03-26 22:50:25 - __main__ - INFO - 
============================================================
2026-03-26 22:50:25 - __main__ - INFO - Training output model: resnet34 [low_saliency]
2026-03-26 22:50:25 - __main__ - INFO -   Resolved config → opt=sgd, lr=0.1, wd=0.0005, bs=32, epochs=50, scheduler=cosine, warmup=5
2026-03-26 22:50:25 - __main__ - INFO - ============================================================
2026-03-26 22:50:25 - __main__ - INFO -   Validation during training uses variant split with val_split=0.1
2026-03-26 22:50:25 - __main__ - INFO -   Final test uses low_saliency variant test split
2026-03-26 22:50:25 - __main__ - INFO - device: cuda | cuda: True | gpu: NVIDIA L4
2026-03-26 22:50:26 - __main__ - INFO - Model: resnet34 | Dataset: malimg | Classes: 25 | Optimizer: sgd
2026-03-26 22:50:26 - __main__ - INFO - 
Epoch 1/50 | lr 0.000100
2026-03-26 22:50:42 - __main__ - INFO - Train: loss 2.1971 acc1 44.77%
2026-03-26 22:50:42 - __main__ - INFO - Val:   loss 1.8548 acc1 55.05%
2026-03-26 22:50:42 - __main__ - INFO - saved best: 55.05%
2026-03-26 22:50:42 - __main__ - INFO - 
Epoch 2/50 | lr 0.020080
2026-03-26 22:50:59 - __main__ - INFO - Train: loss 0.6625 acc1 83.84%
2026-03-26 22:50:59 - __main__ - INFO - Val:   loss 0.1613 acc1 95.85%
2026-03-26 22:50:59 - __main__ - INFO - saved best: 95.85%
2026-03-26 22:50:59 - __main__ - INFO - 
Epoch 3/50 | lr 0.040060
2026-03-26 22:51:15 - __main__ - INFO - Train: loss 0.4889 acc1 88.23%
2026-03-26 22:51:15 - __main__ - INFO - Val:   loss 0.3517 acc1 90.67%
2026-03-26 22:51:15 - __main__ - INFO - 
Epoch 4/50 | lr 0.060040
2026-03-26 22:51:32 - __main__ - INFO - Train: loss 0.2350 acc1 93.49%
2026-03-26 22:51:32 - __main__ - INFO - Val:   loss 0.1704 acc1 95.41%
2026-03-26 22:51:32 - __main__ - INFO - 
Epoch 5/50 | lr 0.080020
2026-03-26 22:51:48 - __main__ - INFO - Train: loss 0.3505 acc1 91.88%
2026-03-26 22:51:48 - __main__ - INFO - Val:   loss 0.1851 acc1 94.50%
2026-03-26 22:51:48 - __main__ - INFO - 
Epoch 6/50 | lr 0.100000
2026-03-26 22:52:04 - __main__ - INFO - Train: loss 0.1866 acc1 94.75%
2026-03-26 22:52:04 - __main__ - INFO - Val:   loss 0.4325 acc1 86.02%
2026-03-26 22:52:04 - __main__ - INFO - 
Epoch 7/50 | lr 0.099878
2026-03-26 22:52:21 - __main__ - INFO - Train: loss 0.1219 acc1 96.56%
2026-03-26 22:52:21 - __main__ - INFO - Val:   loss 0.0978 acc1 96.75%
2026-03-26 22:52:21 - __main__ - INFO - saved best: 96.75%
2026-03-26 22:52:21 - __main__ - INFO - 
Epoch 8/50 | lr 0.099513
2026-03-26 22:52:37 - __main__ - INFO - Train: loss 0.0818 acc1 97.54%
2026-03-26 22:52:37 - __main__ - INFO - Val:   loss 0.0790 acc1 97.70%
2026-03-26 22:52:37 - __main__ - INFO - saved best: 97.70%
2026-03-26 22:52:37 - __main__ - INFO - 
Epoch 9/50 | lr 0.098907
2026-03-26 22:52:54 - __main__ - INFO - Train: loss 0.0759 acc1 97.62%
2026-03-26 22:52:54 - __main__ - INFO - Val:   loss 0.0841 acc1 97.70%
2026-03-26 22:52:54 - __main__ - INFO - 
Epoch 10/50 | lr 0.098063
2026-03-26 22:53:10 - __main__ - INFO - Train: loss 0.0664 acc1 98.10%
2026-03-26 22:53:10 - __main__ - INFO - Val:   loss 0.1720 acc1 95.02%
2026-03-26 22:53:10 - __main__ - INFO - 
Epoch 11/50 | lr 0.096985
2026-03-26 22:53:27 - __main__ - INFO - Train: loss 0.0759 acc1 97.84%
2026-03-26 22:53:27 - __main__ - INFO - Val:   loss 0.0673 acc1 97.55%
2026-03-26 22:53:27 - __main__ - INFO - 
Epoch 12/50 | lr 0.095678
2026-03-26 22:53:43 - __main__ - INFO - Train: loss 0.0695 acc1 97.93%
2026-03-26 22:53:43 - __main__ - INFO - Val:   loss 0.0694 acc1 97.70%
2026-03-26 22:53:43 - __main__ - INFO - 
Epoch 13/50 | lr 0.094148
2026-03-26 22:54:00 - __main__ - INFO - Train: loss 0.0593 acc1 98.32%
2026-03-26 22:54:00 - __main__ - INFO - Val:   loss 0.0739 acc1 97.29%
2026-03-26 22:54:00 - __main__ - INFO - 
Epoch 14/50 | lr 0.092403
2026-03-26 22:54:16 - __main__ - INFO - Train: loss 0.0586 acc1 98.29%
2026-03-26 22:54:16 - __main__ - INFO - Val:   loss 0.0857 acc1 97.03%
2026-03-26 22:54:16 - __main__ - INFO - 
Epoch 15/50 | lr 0.090452
2026-03-26 22:54:33 - __main__ - INFO - Train: loss 0.0612 acc1 98.26%
2026-03-26 22:54:33 - __main__ - INFO - Val:   loss 0.1197 acc1 96.90%
2026-03-26 22:54:33 - __main__ - INFO - 
Epoch 16/50 | lr 0.088303
2026-03-26 22:54:49 - __main__ - INFO - Train: loss 0.0737 acc1 97.96%
2026-03-26 22:54:49 - __main__ - INFO - Val:   loss 0.0932 acc1 97.31%
2026-03-26 22:54:49 - __main__ - INFO - 
Epoch 17/50 | lr 0.085968
2026-03-26 22:55:05 - __main__ - INFO - Train: loss 0.0662 acc1 98.03%
2026-03-26 22:55:05 - __main__ - INFO - Val:   loss 0.0715 acc1 97.45%
2026-03-26 22:55:05 - __main__ - INFO - 
Epoch 18/50 | lr 0.083458
2026-03-26 22:55:22 - __main__ - INFO - Train: loss 0.0593 acc1 98.42%
2026-03-26 22:55:22 - __main__ - INFO - Val:   loss 0.0729 acc1 97.69%
2026-03-26 22:55:22 - __main__ - INFO - 
Epoch 19/50 | lr 0.080785
2026-03-26 22:55:38 - __main__ - INFO - Train: loss 0.0595 acc1 98.29%
2026-03-26 22:55:38 - __main__ - INFO - Val:   loss 0.0753 acc1 97.43%
2026-03-26 22:55:38 - __main__ - INFO - 
Epoch 20/50 | lr 0.077962
2026-03-26 22:55:55 - __main__ - INFO - Train: loss 0.0653 acc1 98.07%
2026-03-26 22:55:55 - __main__ - INFO - Val:   loss 0.0856 acc1 97.57%
2026-03-26 22:55:55 - __main__ - INFO - 
Epoch 21/50 | lr 0.075002
2026-03-26 22:56:11 - __main__ - INFO - Train: loss 0.0539 acc1 98.54%
2026-03-26 22:56:11 - __main__ - INFO - Val:   loss 0.0783 acc1 97.57%
2026-03-26 22:56:11 - __main__ - INFO - 
Epoch 22/50 | lr 0.071921
2026-03-26 22:56:28 - __main__ - INFO - Train: loss 0.0488 acc1 98.69%
2026-03-26 22:56:28 - __main__ - INFO - Val:   loss 0.0652 acc1 97.84%
2026-03-26 22:56:28 - __main__ - INFO - saved best: 97.84%
2026-03-26 22:56:28 - __main__ - INFO - 
Epoch 23/50 | lr 0.068733
2026-03-26 22:56:44 - __main__ - INFO - Train: loss 0.0515 acc1 98.48%
2026-03-26 22:56:44 - __main__ - INFO - Val:   loss 0.0735 acc1 97.44%
2026-03-26 22:56:44 - __main__ - INFO - 
Epoch 24/50 | lr 0.065454
2026-03-26 22:57:00 - __main__ - INFO - Train: loss 0.0802 acc1 97.68%
2026-03-26 22:57:00 - __main__ - INFO - Val:   loss 0.0639 acc1 97.69%
2026-03-26 22:57:00 - __main__ - INFO - 
Epoch 25/50 | lr 0.062100
2026-03-26 22:57:17 - __main__ - INFO - Train: loss 0.0584 acc1 98.27%
2026-03-26 22:57:17 - __main__ - INFO - Val:   loss 0.1018 acc1 97.70%
2026-03-26 22:57:17 - __main__ - INFO - 
Epoch 26/50 | lr 0.058687
2026-03-26 22:57:33 - __main__ - INFO - Train: loss 0.0529 acc1 98.37%
2026-03-26 22:57:33 - __main__ - INFO - Val:   loss 0.0803 acc1 97.56%
2026-03-26 22:57:33 - __main__ - INFO - 
Epoch 27/50 | lr 0.055231
2026-03-26 22:57:49 - __main__ - INFO - Train: loss 0.0471 acc1 98.68%
2026-03-26 22:57:49 - __main__ - INFO - Val:   loss 0.0634 acc1 97.57%
2026-03-26 22:57:49 - __main__ - INFO - 
Epoch 28/50 | lr 0.051750
2026-03-26 22:58:06 - __main__ - INFO - Train: loss 0.0431 acc1 98.76%
2026-03-26 22:58:06 - __main__ - INFO - Val:   loss 0.0737 acc1 97.70%
2026-03-26 22:58:06 - __main__ - INFO - 
Epoch 29/50 | lr 0.048260
2026-03-26 22:58:22 - __main__ - INFO - Train: loss 0.0419 acc1 98.80%
2026-03-26 22:58:22 - __main__ - INFO - Val:   loss 0.0602 acc1 97.83%
2026-03-26 22:58:22 - __main__ - INFO - 
Epoch 30/50 | lr 0.044779
2026-03-26 22:58:39 - __main__ - INFO - Train: loss 0.0513 acc1 98.56%
2026-03-26 22:58:39 - __main__ - INFO - Val:   loss 0.0800 acc1 97.44%
2026-03-26 22:58:39 - __main__ - INFO - 
Epoch 31/50 | lr 0.041323
2026-03-26 22:58:55 - __main__ - INFO - Train: loss 0.0471 acc1 98.63%
2026-03-26 22:58:55 - __main__ - INFO - Val:   loss 0.0689 acc1 97.57%
2026-03-26 22:58:55 - __main__ - INFO - 
Epoch 32/50 | lr 0.037910
2026-03-26 22:59:11 - __main__ - INFO - Train: loss 0.0406 acc1 98.85%
2026-03-26 22:59:11 - __main__ - INFO - Val:   loss 0.0695 acc1 97.83%
2026-03-26 22:59:11 - __main__ - INFO - 
Epoch 33/50 | lr 0.034556
2026-03-26 22:59:28 - __main__ - INFO - Train: loss 0.0427 acc1 98.79%
2026-03-26 22:59:28 - __main__ - INFO - Val:   loss 0.0623 acc1 97.84%
2026-03-26 22:59:28 - __main__ - INFO - 
Epoch 34/50 | lr 0.031277
2026-03-26 22:59:44 - __main__ - INFO - Train: loss 0.0374 acc1 98.93%
2026-03-26 22:59:44 - __main__ - INFO - Val:   loss 0.0686 acc1 97.57%
2026-03-26 22:59:44 - __main__ - INFO - 
Epoch 35/50 | lr 0.028089
2026-03-26 23:00:01 - __main__ - INFO - Train: loss 0.0375 acc1 98.94%
2026-03-26 23:00:01 - __main__ - INFO - Val:   loss 0.0616 acc1 97.83%
2026-03-26 23:00:01 - __main__ - INFO - 
Epoch 36/50 | lr 0.025008
2026-03-26 23:00:17 - __main__ - INFO - Train: loss 0.0385 acc1 98.85%
2026-03-26 23:00:17 - __main__ - INFO - Val:   loss 0.0635 acc1 98.10%
2026-03-26 23:00:17 - __main__ - INFO - saved best: 98.10%
2026-03-26 23:00:17 - __main__ - INFO - 
Epoch 37/50 | lr 0.022048
2026-03-26 23:00:33 - __main__ - INFO - Train: loss 0.0379 acc1 98.91%
2026-03-26 23:00:33 - __main__ - INFO - Val:   loss 0.0558 acc1 98.10%
2026-03-26 23:00:33 - __main__ - INFO - 
Epoch 38/50 | lr 0.019225
2026-03-26 23:00:50 - __main__ - INFO - Train: loss 0.0367 acc1 98.94%
2026-03-26 23:00:50 - __main__ - INFO - Val:   loss 0.0549 acc1 97.96%
2026-03-26 23:00:50 - __main__ - INFO - 
Epoch 39/50 | lr 0.016552
2026-03-26 23:01:06 - __main__ - INFO - Train: loss 0.0359 acc1 98.94%
2026-03-26 23:01:06 - __main__ - INFO - Val:   loss 0.0702 acc1 97.83%
2026-03-26 23:01:06 - __main__ - INFO - 
Epoch 40/50 | lr 0.014042
2026-03-26 23:01:23 - __main__ - INFO - Train: loss 0.0359 acc1 98.94%
2026-03-26 23:01:23 - __main__ - INFO - Val:   loss 0.0581 acc1 97.97%
2026-03-26 23:01:23 - __main__ - INFO - 
Epoch 41/50 | lr 0.011707
2026-03-26 23:01:39 - __main__ - INFO - Train: loss 0.0359 acc1 98.94%
2026-03-26 23:01:39 - __main__ - INFO - Val:   loss 0.0588 acc1 97.83%
2026-03-26 23:01:39 - __main__ - INFO - 
Epoch 42/50 | lr 0.009558
2026-03-26 23:01:55 - __main__ - INFO - Train: loss 0.0363 acc1 98.93%
2026-03-26 23:01:55 - __main__ - INFO - Val:   loss 0.0594 acc1 97.83%
2026-03-26 23:01:55 - __main__ - INFO - 
Epoch 43/50 | lr 0.007607
2026-03-26 23:02:12 - __main__ - INFO - Train: loss 0.0366 acc1 98.93%
2026-03-26 23:02:12 - __main__ - INFO - Val:   loss 0.0576 acc1 97.83%
2026-03-26 23:02:12 - __main__ - INFO - 
Epoch 44/50 | lr 0.005862
2026-03-26 23:02:28 - __main__ - INFO - Train: loss 0.0358 acc1 98.94%
2026-03-26 23:02:28 - __main__ - INFO - Val:   loss 0.0617 acc1 97.83%
2026-03-26 23:02:28 - __main__ - INFO - 
Epoch 45/50 | lr 0.004332
2026-03-26 23:02:44 - __main__ - INFO - Train: loss 0.0354 acc1 98.94%
2026-03-26 23:02:44 - __main__ - INFO - Val:   loss 0.0587 acc1 97.83%
2026-03-26 23:02:44 - __main__ - INFO - 
Epoch 46/50 | lr 0.003025
2026-03-26 23:03:01 - __main__ - INFO - Train: loss 0.0355 acc1 98.94%
2026-03-26 23:03:01 - __main__ - INFO - Val:   loss 0.0565 acc1 98.10%
2026-03-26 23:03:01 - __main__ - INFO - 
Epoch 47/50 | lr 0.001947
2026-03-26 23:03:17 - __main__ - INFO - Train: loss 0.0356 acc1 98.94%
2026-03-26 23:03:17 - __main__ - INFO - Val:   loss 0.0559 acc1 97.83%
2026-03-26 23:03:17 - __main__ - INFO - 
Epoch 48/50 | lr 0.001103
2026-03-26 23:03:34 - __main__ - INFO - Train: loss 0.0354 acc1 98.94%
2026-03-26 23:03:34 - __main__ - INFO - Val:   loss 0.0573 acc1 97.83%
2026-03-26 23:03:34 - __main__ - INFO - 
Epoch 49/50 | lr 0.000497
2026-03-26 23:03:50 - __main__ - INFO - Train: loss 0.0354 acc1 98.94%
2026-03-26 23:03:50 - __main__ - INFO - Val:   loss 0.0580 acc1 97.83%
2026-03-26 23:03:50 - __main__ - INFO - 
Epoch 50/50 | lr 0.000132
2026-03-26 23:04:06 - __main__ - INFO - Train: loss 0.0358 acc1 98.94%
2026-03-26 23:04:06 - __main__ - INFO - Val:   loss 0.0573 acc1 97.97%
2026-03-26 23:04:06 - __main__ - INFO - Loaded best checkpoint weights for final test evaluation.
2026-03-26 23:04:08 - __main__ - INFO - 
Best tracked (val): 98.10%
2026-03-26 23:04:08 - __main__ - INFO - Final test: loss 0.0834 acc1 97.87%
2026-03-26 23:04:13 - __main__ - INFO - Variant [low_saliency] done — test acc 97.87%, test loss 0.0834
2026-03-26 23:04:13 - __main__ - INFO - 
============================================================
2026-03-26 23:04:13 - __main__ - INFO - Training output model: resnet34 [random_sparsity]
2026-03-26 23:04:13 - __main__ - INFO -   Resolved config → opt=sgd, lr=0.1, wd=0.0005, bs=32, epochs=50, scheduler=cosine, warmup=5
2026-03-26 23:04:13 - __main__ - INFO - ============================================================
2026-03-26 23:04:13 - __main__ - INFO -   Validation during training uses variant split with val_split=0.1
2026-03-26 23:04:13 - __main__ - INFO -   Final test uses random_sparsity variant test split
2026-03-26 23:04:13 - __main__ - INFO - device: cuda | cuda: True | gpu: NVIDIA L4
2026-03-26 23:04:14 - __main__ - INFO - Model: resnet34 | Dataset: malimg | Classes: 25 | Optimizer: sgd
2026-03-26 23:04:14 - __main__ - INFO - 
Epoch 1/50 | lr 0.000100
2026-03-26 23:04:30 - __main__ - INFO - Train: loss 2.3950 acc1 32.30%
2026-03-26 23:04:30 - __main__ - INFO - Val:   loss 2.1133 acc1 37.88%
2026-03-26 23:04:30 - __main__ - INFO - saved best: 37.88%
2026-03-26 23:04:30 - __main__ - INFO - 
Epoch 2/50 | lr 0.020080
2026-03-26 23:04:46 - __main__ - INFO - Train: loss 0.9180 acc1 78.08%
2026-03-26 23:04:46 - __main__ - INFO - Val:   loss 0.3101 acc1 92.24%
2026-03-26 23:04:47 - __main__ - INFO - saved best: 92.24%
2026-03-26 23:04:47 - __main__ - INFO - 
Epoch 3/50 | lr 0.040060
2026-03-26 23:05:03 - __main__ - INFO - Train: loss 0.3797 acc1 90.02%
2026-03-26 23:05:03 - __main__ - INFO - Val:   loss 0.1983 acc1 93.94%
2026-03-26 23:05:03 - __main__ - INFO - saved best: 93.94%
2026-03-26 23:05:03 - __main__ - INFO - 
Epoch 4/50 | lr 0.060040
2026-03-26 23:05:19 - __main__ - INFO - Train: loss 0.2730 acc1 93.09%
2026-03-26 23:05:19 - __main__ - INFO - Val:   loss 0.1733 acc1 95.17%
2026-03-26 23:05:19 - __main__ - INFO - saved best: 95.17%
2026-03-26 23:05:19 - __main__ - INFO - 
Epoch 5/50 | lr 0.080020
2026-03-26 23:05:36 - __main__ - INFO - Train: loss 0.4277 acc1 90.36%
2026-03-26 23:05:36 - __main__ - INFO - Val:   loss 0.2260 acc1 94.51%
2026-03-26 23:05:36 - __main__ - INFO - 
Epoch 6/50 | lr 0.100000
2026-03-26 23:05:52 - __main__ - INFO - Train: loss 0.2665 acc1 92.47%
2026-03-26 23:05:52 - __main__ - INFO - Val:   loss 0.1545 acc1 96.50%
2026-03-26 23:05:52 - __main__ - INFO - saved best: 96.50%
2026-03-26 23:05:52 - __main__ - INFO - 
Epoch 7/50 | lr 0.099878
2026-03-26 23:06:09 - __main__ - INFO - Train: loss 0.1290 acc1 96.45%
2026-03-26 23:06:09 - __main__ - INFO - Val:   loss 0.1736 acc1 95.15%
2026-03-26 23:06:09 - __main__ - INFO - 
Epoch 8/50 | lr 0.099513
2026-03-26 23:06:25 - __main__ - INFO - Train: loss 0.1052 acc1 96.81%
2026-03-26 23:06:25 - __main__ - INFO - Val:   loss 0.0851 acc1 97.55%
2026-03-26 23:06:25 - __main__ - INFO - saved best: 97.55%
2026-03-26 23:06:25 - __main__ - INFO - 
Epoch 9/50 | lr 0.098907
2026-03-26 23:06:42 - __main__ - INFO - Train: loss 0.0903 acc1 97.34%
2026-03-26 23:06:42 - __main__ - INFO - Val:   loss 0.0908 acc1 97.42%
2026-03-26 23:06:42 - __main__ - INFO - 
Epoch 10/50 | lr 0.098063
2026-03-26 23:06:58 - __main__ - INFO - Train: loss 0.0848 acc1 97.51%
2026-03-26 23:06:58 - __main__ - INFO - Val:   loss 0.0766 acc1 97.56%
2026-03-26 23:06:58 - __main__ - INFO - saved best: 97.56%
2026-03-26 23:06:58 - __main__ - INFO - 
Epoch 11/50 | lr 0.096985
2026-03-26 23:07:15 - __main__ - INFO - Train: loss 0.0835 acc1 97.40%
2026-03-26 23:07:15 - __main__ - INFO - Val:   loss 0.0989 acc1 97.03%
2026-03-26 23:07:15 - __main__ - INFO - 
Epoch 12/50 | lr 0.095678
2026-03-26 23:07:31 - __main__ - INFO - Train: loss 0.0807 acc1 97.53%
2026-03-26 23:07:31 - __main__ - INFO - Val:   loss 0.0926 acc1 97.43%
2026-03-26 23:07:31 - __main__ - INFO - 
Epoch 13/50 | lr 0.094148
2026-03-26 23:07:48 - __main__ - INFO - Train: loss 0.0738 acc1 97.80%
2026-03-26 23:07:48 - __main__ - INFO - Val:   loss 0.0913 acc1 97.43%
2026-03-26 23:07:48 - __main__ - INFO - 
Epoch 14/50 | lr 0.092403
2026-03-26 23:08:04 - __main__ - INFO - Train: loss 0.1188 acc1 96.58%
2026-03-26 23:08:04 - __main__ - INFO - Val:   loss 0.0829 acc1 97.70%
2026-03-26 23:08:04 - __main__ - INFO - saved best: 97.70%
2026-03-26 23:08:04 - __main__ - INFO - 
Epoch 15/50 | lr 0.090452
2026-03-26 23:08:21 - __main__ - INFO - Train: loss 0.0759 acc1 97.72%
2026-03-26 23:08:21 - __main__ - INFO - Val:   loss 0.1271 acc1 96.50%
2026-03-26 23:08:21 - __main__ - INFO - 
Epoch 16/50 | lr 0.088303
2026-03-26 23:08:37 - __main__ - INFO - Train: loss 0.0659 acc1 98.03%
2026-03-26 23:08:37 - __main__ - INFO - Val:   loss 0.0824 acc1 97.30%
2026-03-26 23:08:37 - __main__ - INFO - 
Epoch 17/50 | lr 0.085968
2026-03-26 23:08:54 - __main__ - INFO - Train: loss 0.0638 acc1 98.24%
2026-03-26 23:08:54 - __main__ - INFO - Val:   loss 0.1246 acc1 96.79%
2026-03-26 23:08:54 - __main__ - INFO - 
Epoch 18/50 | lr 0.083458
2026-03-26 23:09:10 - __main__ - INFO - Train: loss 0.0705 acc1 97.81%
2026-03-26 23:09:10 - __main__ - INFO - Val:   loss 0.0860 acc1 97.70%
2026-03-26 23:09:10 - __main__ - INFO - 
Epoch 19/50 | lr 0.080785
2026-03-26 23:09:26 - __main__ - INFO - Train: loss 0.0854 acc1 97.44%
2026-03-26 23:09:26 - __main__ - INFO - Val:   loss 0.0665 acc1 97.42%
2026-03-26 23:09:26 - __main__ - INFO - 
Epoch 20/50 | lr 0.077962
2026-03-26 23:09:43 - __main__ - INFO - Train: loss 0.0676 acc1 98.05%
2026-03-26 23:09:43 - __main__ - INFO - Val:   loss 0.0881 acc1 97.04%
2026-03-26 23:09:43 - __main__ - INFO - 
Epoch 21/50 | lr 0.075002
2026-03-26 23:09:59 - __main__ - INFO - Train: loss 0.0839 acc1 97.53%
2026-03-26 23:09:59 - __main__ - INFO - Val:   loss 0.0849 acc1 97.30%
2026-03-26 23:09:59 - __main__ - INFO - 
Epoch 22/50 | lr 0.071921
2026-03-26 23:10:16 - __main__ - INFO - Train: loss 0.0595 acc1 98.30%
2026-03-26 23:10:16 - __main__ - INFO - Val:   loss 0.0784 acc1 97.29%
2026-03-26 23:10:16 - __main__ - INFO - 
Epoch 23/50 | lr 0.068733
2026-03-26 23:10:32 - __main__ - INFO - Train: loss 0.0624 acc1 98.11%
2026-03-26 23:10:32 - __main__ - INFO - Val:   loss 0.0704 acc1 97.29%
2026-03-26 23:10:32 - __main__ - INFO - 
Epoch 24/50 | lr 0.065454
2026-03-26 23:10:49 - __main__ - INFO - Train: loss 0.0566 acc1 98.30%
2026-03-26 23:10:49 - __main__ - INFO - Val:   loss 0.0655 acc1 97.83%
2026-03-26 23:10:49 - __main__ - INFO - saved best: 97.83%
2026-03-26 23:10:49 - __main__ - INFO - 
Epoch 25/50 | lr 0.062100
2026-03-26 23:11:05 - __main__ - INFO - Train: loss 0.0532 acc1 98.47%
2026-03-26 23:11:05 - __main__ - INFO - Val:   loss 0.0924 acc1 97.69%
2026-03-26 23:11:05 - __main__ - INFO - 
Epoch 26/50 | lr 0.058687
2026-03-26 23:11:22 - __main__ - INFO - Train: loss 0.0499 acc1 98.56%
2026-03-26 23:11:22 - __main__ - INFO - Val:   loss 0.0886 acc1 97.43%
2026-03-26 23:11:22 - __main__ - INFO - 
Epoch 27/50 | lr 0.055231
2026-03-26 23:11:38 - __main__ - INFO - Train: loss 0.0635 acc1 98.15%
2026-03-26 23:11:38 - __main__ - INFO - Val:   loss 0.0761 acc1 97.69%
2026-03-26 23:11:38 - __main__ - INFO - 
Epoch 28/50 | lr 0.051750
2026-03-26 23:11:55 - __main__ - INFO - Train: loss 0.0563 acc1 98.35%
2026-03-26 23:11:55 - __main__ - INFO - Val:   loss 0.0768 acc1 97.57%
2026-03-26 23:11:55 - __main__ - INFO - 
Epoch 29/50 | lr 0.048260
2026-03-26 23:12:11 - __main__ - INFO - Train: loss 0.0478 acc1 98.58%
2026-03-26 23:12:11 - __main__ - INFO - Val:   loss 0.0788 acc1 97.01%
2026-03-26 23:12:11 - __main__ - INFO - 
Epoch 30/50 | lr 0.044779
2026-03-26 23:12:28 - __main__ - INFO - Train: loss 0.0556 acc1 98.39%
2026-03-26 23:12:28 - __main__ - INFO - Val:   loss 0.0696 acc1 97.44%
2026-03-26 23:12:28 - __main__ - INFO - 
Epoch 31/50 | lr 0.041323
2026-03-26 23:12:44 - __main__ - INFO - Train: loss 0.0467 acc1 98.65%
2026-03-26 23:12:44 - __main__ - INFO - Val:   loss 0.0858 acc1 97.30%
2026-03-26 23:12:44 - __main__ - INFO - 
Epoch 32/50 | lr 0.037910
2026-03-26 23:13:00 - __main__ - INFO - Train: loss 0.0518 acc1 98.57%
2026-03-26 23:13:00 - __main__ - INFO - Val:   loss 0.0756 acc1 97.83%
2026-03-26 23:13:00 - __main__ - INFO - 
Epoch 33/50 | lr 0.034556
2026-03-26 23:13:17 - __main__ - INFO - Train: loss 0.0456 acc1 98.79%
2026-03-26 23:13:17 - __main__ - INFO - Val:   loss 0.0763 acc1 97.44%
2026-03-26 23:13:17 - __main__ - INFO - 
Epoch 34/50 | lr 0.031277
2026-03-26 23:13:33 - __main__ - INFO - Train: loss 0.0458 acc1 98.66%
2026-03-26 23:13:33 - __main__ - INFO - Val:   loss 0.0665 acc1 97.83%
2026-03-26 23:13:33 - __main__ - INFO - 
Epoch 35/50 | lr 0.028089
2026-03-26 23:13:50 - __main__ - INFO - Train: loss 0.0432 acc1 98.76%
2026-03-26 23:13:50 - __main__ - INFO - Val:   loss 0.0710 acc1 97.82%
2026-03-26 23:13:50 - __main__ - INFO - 
Epoch 36/50 | lr 0.025008
2026-03-26 23:14:06 - __main__ - INFO - Train: loss 0.0411 acc1 98.81%
2026-03-26 23:14:06 - __main__ - INFO - Val:   loss 0.0667 acc1 97.96%
2026-03-26 23:14:06 - __main__ - INFO - saved best: 97.96%
2026-03-26 23:14:06 - __main__ - INFO - 
Epoch 37/50 | lr 0.022048
2026-03-26 23:14:23 - __main__ - INFO - Train: loss 0.0379 acc1 98.93%
2026-03-26 23:14:23 - __main__ - INFO - Val:   loss 0.0591 acc1 97.83%
2026-03-26 23:14:23 - __main__ - INFO - 
Epoch 38/50 | lr 0.019225
2026-03-26 23:14:39 - __main__ - INFO - Train: loss 0.0370 acc1 98.94%
2026-03-26 23:14:39 - __main__ - INFO - Val:   loss 0.0585 acc1 97.83%
2026-03-26 23:14:39 - __main__ - INFO - 
Epoch 39/50 | lr 0.016552
2026-03-26 23:14:56 - __main__ - INFO - Train: loss 0.0359 acc1 98.94%
2026-03-26 23:14:56 - __main__ - INFO - Val:   loss 0.0723 acc1 97.97%
2026-03-26 23:14:56 - __main__ - INFO - saved best: 97.97%
2026-03-26 23:14:56 - __main__ - INFO - 
Epoch 40/50 | lr 0.014042
2026-03-26 23:15:12 - __main__ - INFO - Train: loss 0.0359 acc1 98.94%
2026-03-26 23:15:12 - __main__ - INFO - Val:   loss 0.0607 acc1 97.84%
2026-03-26 23:15:12 - __main__ - INFO - 
Epoch 41/50 | lr 0.011707
2026-03-26 23:15:29 - __main__ - INFO - Train: loss 0.0356 acc1 98.94%
2026-03-26 23:15:29 - __main__ - INFO - Val:   loss 0.0617 acc1 97.97%
2026-03-26 23:15:29 - __main__ - INFO - 
Epoch 42/50 | lr 0.009558
2026-03-26 23:15:45 - __main__ - INFO - Train: loss 0.0360 acc1 98.94%
2026-03-26 23:15:45 - __main__ - INFO - Val:   loss 0.0598 acc1 98.10%
2026-03-26 23:15:45 - __main__ - INFO - saved best: 98.10%
2026-03-26 23:15:45 - __main__ - INFO - 
Epoch 43/50 | lr 0.007607
2026-03-26 23:16:01 - __main__ - INFO - Train: loss 0.0360 acc1 98.94%
2026-03-26 23:16:01 - __main__ - INFO - Val:   loss 0.0594 acc1 97.83%
2026-03-26 23:16:01 - __main__ - INFO - 
Epoch 44/50 | lr 0.005862
2026-03-26 23:16:18 - __main__ - INFO - Train: loss 0.0358 acc1 98.94%
2026-03-26 23:16:18 - __main__ - INFO - Val:   loss 0.0630 acc1 97.96%
2026-03-26 23:16:18 - __main__ - INFO - 
Epoch 45/50 | lr 0.004332
2026-03-26 23:16:34 - __main__ - INFO - Train: loss 0.0354 acc1 98.94%
2026-03-26 23:16:34 - __main__ - INFO - Val:   loss 0.0610 acc1 97.97%
2026-03-26 23:16:34 - __main__ - INFO - 
Epoch 46/50 | lr 0.003025
2026-03-26 23:16:51 - __main__ - INFO - Train: loss 0.0359 acc1 98.93%
2026-03-26 23:16:51 - __main__ - INFO - Val:   loss 0.0588 acc1 97.97%
2026-03-26 23:16:51 - __main__ - INFO - 
Epoch 47/50 | lr 0.001947
2026-03-26 23:17:07 - __main__ - INFO - Train: loss 0.0355 acc1 98.94%
2026-03-26 23:17:07 - __main__ - INFO - Val:   loss 0.0584 acc1 97.97%
2026-03-26 23:17:07 - __main__ - INFO - 
Epoch 48/50 | lr 0.001103
2026-03-26 23:17:24 - __main__ - INFO - Train: loss 0.0353 acc1 98.94%
2026-03-26 23:17:24 - __main__ - INFO - Val:   loss 0.0598 acc1 97.84%
2026-03-26 23:17:24 - __main__ - INFO - 
Epoch 49/50 | lr 0.000497
2026-03-26 23:17:40 - __main__ - INFO - Train: loss 0.0352 acc1 98.94%
2026-03-26 23:17:40 - __main__ - INFO - Val:   loss 0.0599 acc1 97.97%
2026-03-26 23:17:40 - __main__ - INFO - 
Epoch 50/50 | lr 0.000132
2026-03-26 23:17:57 - __main__ - INFO - Train: loss 0.0356 acc1 98.94%
2026-03-26 23:17:57 - __main__ - INFO - Val:   loss 0.0600 acc1 97.97%
2026-03-26 23:17:57 - __main__ - INFO - Loaded best checkpoint weights for final test evaluation.
2026-03-26 23:17:59 - __main__ - INFO - 
Best tracked (val): 98.10%
2026-03-26 23:17:59 - __main__ - INFO - Final test: loss 0.0855 acc1 97.78%
2026-03-26 23:18:05 - __main__ - INFO - Variant [random_sparsity] done — test acc 97.78%, test loss 0.0855
2026-03-26 23:18:05 - __main__ - INFO - 
============================================================
2026-03-26 23:18:05 - __main__ - INFO - Training output model: resnet34 [shuffled_cam_low_saliency]
2026-03-26 23:18:05 - __main__ - INFO -   Resolved config → opt=sgd, lr=0.1, wd=0.0005, bs=32, epochs=50, scheduler=cosine, warmup=5
2026-03-26 23:18:05 - __main__ - INFO - ============================================================
2026-03-26 23:18:05 - __main__ - INFO -   Validation during training uses variant split with val_split=0.1
2026-03-26 23:18:05 - __main__ - INFO -   Final test uses shuffled_cam_low_saliency variant test split
2026-03-26 23:18:05 - __main__ - INFO - device: cuda | cuda: True | gpu: NVIDIA L4
2026-03-26 23:18:06 - __main__ - INFO - Model: resnet34 | Dataset: malimg | Classes: 25 | Optimizer: sgd
2026-03-26 23:18:06 - __main__ - INFO - 
Epoch 1/50 | lr 0.000100
2026-03-26 23:18:22 - __main__ - INFO - Train: loss 2.1846 acc1 45.22%
2026-03-26 23:18:22 - __main__ - INFO - Val:   loss 1.8477 acc1 54.51%
2026-03-26 23:18:22 - __main__ - INFO - saved best: 54.51%
2026-03-26 23:18:22 - __main__ - INFO - 
Epoch 2/50 | lr 0.020080
2026-03-26 23:18:39 - __main__ - INFO - Train: loss 0.6492 acc1 83.24%
2026-03-26 23:18:39 - __main__ - INFO - Val:   loss 0.1904 acc1 93.94%
2026-03-26 23:18:39 - __main__ - INFO - saved best: 93.94%
2026-03-26 23:18:39 - __main__ - INFO - 
Epoch 3/50 | lr 0.040060
2026-03-26 23:18:55 - __main__ - INFO - Train: loss 0.2810 acc1 91.94%
2026-03-26 23:18:55 - __main__ - INFO - Val:   loss 0.1302 acc1 95.98%
2026-03-26 23:18:55 - __main__ - INFO - saved best: 95.98%
2026-03-26 23:18:55 - __main__ - INFO - 
Epoch 4/50 | lr 0.060040
2026-03-26 23:19:11 - __main__ - INFO - Train: loss 0.1904 acc1 94.62%
2026-03-26 23:19:11 - __main__ - INFO - Val:   loss 1.6232 acc1 67.14%
2026-03-26 23:19:11 - __main__ - INFO - 
Epoch 5/50 | lr 0.080020
2026-03-26 23:19:28 - __main__ - INFO - Train: loss 0.5460 acc1 88.74%
2026-03-26 23:19:28 - __main__ - INFO - Val:   loss 0.1938 acc1 94.11%
2026-03-26 23:19:28 - __main__ - INFO - 
Epoch 6/50 | lr 0.100000
2026-03-26 23:19:44 - __main__ - INFO - Train: loss 0.1301 acc1 96.21%
2026-03-26 23:19:44 - __main__ - INFO - Val:   loss 0.1035 acc1 97.17%
2026-03-26 23:19:44 - __main__ - INFO - saved best: 97.17%
2026-03-26 23:19:44 - __main__ - INFO - 
Epoch 7/50 | lr 0.099878
2026-03-26 23:20:01 - __main__ - INFO - Train: loss 0.1162 acc1 96.38%
2026-03-26 23:20:01 - __main__ - INFO - Val:   loss 0.1434 acc1 95.04%
2026-03-26 23:20:01 - __main__ - INFO - 
Epoch 8/50 | lr 0.099513
2026-03-26 23:20:17 - __main__ - INFO - Train: loss 0.1133 acc1 96.54%
2026-03-26 23:20:17 - __main__ - INFO - Val:   loss 0.0864 acc1 97.29%
2026-03-26 23:20:17 - __main__ - INFO - saved best: 97.29%
2026-03-26 23:20:17 - __main__ - INFO - 
Epoch 9/50 | lr 0.098907
2026-03-26 23:20:34 - __main__ - INFO - Train: loss 0.0893 acc1 97.20%
2026-03-26 23:20:34 - __main__ - INFO - Val:   loss 0.1072 acc1 96.48%
2026-03-26 23:20:34 - __main__ - INFO - 
Epoch 10/50 | lr 0.098063
2026-03-26 23:20:50 - __main__ - INFO - Train: loss 0.0866 acc1 97.27%
2026-03-26 23:20:50 - __main__ - INFO - Val:   loss 0.0954 acc1 96.88%
2026-03-26 23:20:50 - __main__ - INFO - 
Epoch 11/50 | lr 0.096985
2026-03-26 23:21:06 - __main__ - INFO - Train: loss 0.0864 acc1 97.23%
2026-03-26 23:21:06 - __main__ - INFO - Val:   loss 0.0822 acc1 97.14%
2026-03-26 23:21:06 - __main__ - INFO - 
Epoch 12/50 | lr 0.095678
2026-03-26 23:21:23 - __main__ - INFO - Train: loss 0.0802 acc1 97.52%
2026-03-26 23:21:23 - __main__ - INFO - Val:   loss 0.0871 acc1 97.29%
2026-03-26 23:21:23 - __main__ - INFO - 
Epoch 13/50 | lr 0.094148
2026-03-26 23:21:39 - __main__ - INFO - Train: loss 0.0755 acc1 97.69%
2026-03-26 23:21:39 - __main__ - INFO - Val:   loss 0.1398 acc1 95.30%
2026-03-26 23:21:39 - __main__ - INFO - 
Epoch 14/50 | lr 0.092403
2026-03-26 23:21:56 - __main__ - INFO - Train: loss 0.0922 acc1 97.23%
2026-03-26 23:21:56 - __main__ - INFO - Val:   loss 0.0939 acc1 97.16%
2026-03-26 23:21:56 - __main__ - INFO - 
Epoch 15/50 | lr 0.090452
2026-03-26 23:22:12 - __main__ - INFO - Train: loss 0.0747 acc1 97.83%
2026-03-26 23:22:12 - __main__ - INFO - Val:   loss 0.0932 acc1 97.30%
2026-03-26 23:22:12 - __main__ - INFO - saved best: 97.30%
2026-03-26 23:22:12 - __main__ - INFO - 
Epoch 16/50 | lr 0.088303
2026-03-26 23:22:28 - __main__ - INFO - Train: loss 0.0692 acc1 97.95%
2026-03-26 23:22:28 - __main__ - INFO - Val:   loss 0.0804 acc1 97.16%
2026-03-26 23:22:28 - __main__ - INFO - 
Epoch 17/50 | lr 0.085968
2026-03-26 23:22:45 - __main__ - INFO - Train: loss 0.0605 acc1 98.35%
2026-03-26 23:22:45 - __main__ - INFO - Val:   loss 0.0855 acc1 96.63%
2026-03-26 23:22:45 - __main__ - INFO - 
Epoch 18/50 | lr 0.083458
2026-03-26 23:23:01 - __main__ - INFO - Train: loss 0.0738 acc1 97.75%
2026-03-26 23:23:01 - __main__ - INFO - Val:   loss 0.0993 acc1 96.87%
2026-03-26 23:23:01 - __main__ - INFO - 
Epoch 19/50 | lr 0.080785
2026-03-26 23:23:18 - __main__ - INFO - Train: loss 0.0652 acc1 98.05%
2026-03-26 23:23:18 - __main__ - INFO - Val:   loss 0.0866 acc1 96.75%
2026-03-26 23:23:18 - __main__ - INFO - 
Epoch 20/50 | lr 0.077962
2026-03-26 23:23:34 - __main__ - INFO - Train: loss 0.0620 acc1 98.14%
2026-03-26 23:23:34 - __main__ - INFO - Val:   loss 0.0786 acc1 97.56%
2026-03-26 23:23:34 - __main__ - INFO - saved best: 97.56%
2026-03-26 23:23:34 - __main__ - INFO - 
Epoch 21/50 | lr 0.075002
2026-03-26 23:23:51 - __main__ - INFO - Train: loss 0.0588 acc1 98.25%
2026-03-26 23:23:51 - __main__ - INFO - Val:   loss 0.0744 acc1 97.27%
2026-03-26 23:23:51 - __main__ - INFO - 
Epoch 22/50 | lr 0.071921
2026-03-26 23:24:07 - __main__ - INFO - Train: loss 0.0664 acc1 97.93%
2026-03-26 23:24:07 - __main__ - INFO - Val:   loss 0.0853 acc1 97.16%
2026-03-26 23:24:07 - __main__ - INFO - 
Epoch 23/50 | lr 0.068733
2026-03-26 23:24:24 - __main__ - INFO - Train: loss 0.0699 acc1 97.99%
2026-03-26 23:24:24 - __main__ - INFO - Val:   loss 0.1090 acc1 95.70%
2026-03-26 23:24:24 - __main__ - INFO - 
Epoch 24/50 | lr 0.065454
2026-03-26 23:24:40 - __main__ - INFO - Train: loss 0.0619 acc1 98.18%
2026-03-26 23:24:40 - __main__ - INFO - Val:   loss 0.0762 acc1 97.27%
2026-03-26 23:24:40 - __main__ - INFO - 
Epoch 25/50 | lr 0.062100
2026-03-26 23:24:57 - __main__ - INFO - Train: loss 0.0554 acc1 98.42%
2026-03-26 23:24:57 - __main__ - INFO - Val:   loss 0.0937 acc1 97.42%
2026-03-26 23:24:57 - __main__ - INFO - 
Epoch 26/50 | lr 0.058687
2026-03-26 23:25:13 - __main__ - INFO - Train: loss 0.0520 acc1 98.57%
2026-03-26 23:25:13 - __main__ - INFO - Val:   loss 0.0812 acc1 97.69%
2026-03-26 23:25:13 - __main__ - INFO - saved best: 97.69%
2026-03-26 23:25:13 - __main__ - INFO - 
Epoch 27/50 | lr 0.055231
2026-03-26 23:25:30 - __main__ - INFO - Train: loss 0.0505 acc1 98.47%
2026-03-26 23:25:30 - __main__ - INFO - Val:   loss 0.0829 acc1 97.29%
2026-03-26 23:25:30 - __main__ - INFO - 
Epoch 28/50 | lr 0.051750
2026-03-26 23:25:46 - __main__ - INFO - Train: loss 0.0485 acc1 98.53%
2026-03-26 23:25:46 - __main__ - INFO - Val:   loss 0.0977 acc1 97.56%
2026-03-26 23:25:46 - __main__ - INFO - 
Epoch 29/50 | lr 0.048260
2026-03-26 23:26:02 - __main__ - INFO - Train: loss 0.0502 acc1 98.58%
2026-03-26 23:26:02 - __main__ - INFO - Val:   loss 0.0731 acc1 97.70%
2026-03-26 23:26:02 - __main__ - INFO - saved best: 97.70%
2026-03-26 23:26:02 - __main__ - INFO - 
Epoch 30/50 | lr 0.044779
2026-03-26 23:26:19 - __main__ - INFO - Train: loss 0.0454 acc1 98.78%
2026-03-26 23:26:19 - __main__ - INFO - Val:   loss 0.1148 acc1 97.00%
2026-03-26 23:26:19 - __main__ - INFO - 
Epoch 31/50 | lr 0.041323
2026-03-26 23:26:35 - __main__ - INFO - Train: loss 0.0456 acc1 98.65%
2026-03-26 23:26:35 - __main__ - INFO - Val:   loss 0.0638 acc1 97.83%
2026-03-26 23:26:35 - __main__ - INFO - saved best: 97.83%
2026-03-26 23:26:35 - __main__ - INFO - 
Epoch 32/50 | lr 0.037910
2026-03-26 23:26:52 - __main__ - INFO - Train: loss 0.0438 acc1 98.79%
2026-03-26 23:26:52 - __main__ - INFO - Val:   loss 0.0789 acc1 97.43%
2026-03-26 23:26:52 - __main__ - INFO - 
Epoch 33/50 | lr 0.034556
2026-03-26 23:27:08 - __main__ - INFO - Train: loss 0.0420 acc1 98.82%
2026-03-26 23:27:08 - __main__ - INFO - Val:   loss 0.0792 acc1 97.56%
2026-03-26 23:27:08 - __main__ - INFO - 
Epoch 34/50 | lr 0.031277
2026-03-26 23:27:25 - __main__ - INFO - Train: loss 0.0401 acc1 98.84%
2026-03-26 23:27:25 - __main__ - INFO - Val:   loss 0.0820 acc1 97.17%
2026-03-26 23:27:25 - __main__ - INFO - 
Epoch 35/50 | lr 0.028089
2026-03-26 23:27:41 - __main__ - INFO - Train: loss 0.0409 acc1 98.84%
2026-03-26 23:27:41 - __main__ - INFO - Val:   loss 0.0811 acc1 97.56%
2026-03-26 23:27:41 - __main__ - INFO - 
Epoch 36/50 | lr 0.025008
2026-03-26 23:27:57 - __main__ - INFO - Train: loss 0.0416 acc1 98.84%
2026-03-26 23:27:57 - __main__ - INFO - Val:   loss 0.0818 acc1 97.43%
2026-03-26 23:27:57 - __main__ - INFO - 
Epoch 37/50 | lr 0.022048
2026-03-26 23:28:14 - __main__ - INFO - Train: loss 0.0446 acc1 98.69%
2026-03-26 23:28:14 - __main__ - INFO - Val:   loss 0.0845 acc1 97.14%
2026-03-26 23:28:14 - __main__ - INFO - 
Epoch 38/50 | lr 0.019225
2026-03-26 23:28:30 - __main__ - INFO - Train: loss 0.0377 acc1 98.91%
2026-03-26 23:28:30 - __main__ - INFO - Val:   loss 0.0728 acc1 97.43%
2026-03-26 23:28:30 - __main__ - INFO - 
Epoch 39/50 | lr 0.016552
2026-03-26 23:28:47 - __main__ - INFO - Train: loss 0.0361 acc1 98.94%
2026-03-26 23:28:47 - __main__ - INFO - Val:   loss 0.0878 acc1 97.43%
2026-03-26 23:28:47 - __main__ - INFO - 
Epoch 40/50 | lr 0.014042
2026-03-26 23:29:03 - __main__ - INFO - Train: loss 0.0359 acc1 98.94%
2026-03-26 23:29:03 - __main__ - INFO - Val:   loss 0.0733 acc1 97.57%
2026-03-26 23:29:03 - __main__ - INFO - 
Epoch 41/50 | lr 0.011707
2026-03-26 23:29:19 - __main__ - INFO - Train: loss 0.0356 acc1 98.94%
2026-03-26 23:29:19 - __main__ - INFO - Val:   loss 0.0746 acc1 97.57%
2026-03-26 23:29:19 - __main__ - INFO - 
Epoch 42/50 | lr 0.009558
2026-03-26 23:29:36 - __main__ - INFO - Train: loss 0.0357 acc1 98.94%
2026-03-26 23:29:36 - __main__ - INFO - Val:   loss 0.0729 acc1 97.43%
2026-03-26 23:29:36 - __main__ - INFO - 
Epoch 43/50 | lr 0.007607
2026-03-26 23:29:52 - __main__ - INFO - Train: loss 0.0356 acc1 98.94%
2026-03-26 23:29:52 - __main__ - INFO - Val:   loss 0.0697 acc1 97.57%
2026-03-26 23:29:52 - __main__ - INFO - 
Epoch 44/50 | lr 0.005862
2026-03-26 23:30:09 - __main__ - INFO - Train: loss 0.0356 acc1 98.94%
2026-03-26 23:30:09 - __main__ - INFO - Val:   loss 0.0751 acc1 97.57%
2026-03-26 23:30:09 - __main__ - INFO - 
Epoch 45/50 | lr 0.004332
2026-03-26 23:30:25 - __main__ - INFO - Train: loss 0.0354 acc1 98.94%
2026-03-26 23:30:25 - __main__ - INFO - Val:   loss 0.0717 acc1 97.57%
2026-03-26 23:30:25 - __main__ - INFO - 
Epoch 46/50 | lr 0.003025
2026-03-26 23:30:41 - __main__ - INFO - Train: loss 0.0354 acc1 98.94%
2026-03-26 23:30:41 - __main__ - INFO - Val:   loss 0.0694 acc1 97.57%
2026-03-26 23:30:41 - __main__ - INFO - 
Epoch 47/50 | lr 0.001947
2026-03-26 23:30:58 - __main__ - INFO - Train: loss 0.0353 acc1 98.94%
2026-03-26 23:30:58 - __main__ - INFO - Val:   loss 0.0683 acc1 97.57%
2026-03-26 23:30:58 - __main__ - INFO - 
Epoch 48/50 | lr 0.001103
2026-03-26 23:31:14 - __main__ - INFO - Train: loss 0.0353 acc1 98.94%
2026-03-26 23:31:14 - __main__ - INFO - Val:   loss 0.0717 acc1 97.57%
2026-03-26 23:31:14 - __main__ - INFO - 
Epoch 49/50 | lr 0.000497
2026-03-26 23:31:31 - __main__ - INFO - Train: loss 0.0352 acc1 98.94%
2026-03-26 23:31:31 - __main__ - INFO - Val:   loss 0.0711 acc1 97.57%
2026-03-26 23:31:31 - __main__ - INFO - 
Epoch 50/50 | lr 0.000132
2026-03-26 23:31:47 - __main__ - INFO - Train: loss 0.0357 acc1 98.94%
2026-03-26 23:31:47 - __main__ - INFO - Val:   loss 0.0710 acc1 97.57%
2026-03-26 23:31:47 - __main__ - INFO - Loaded best checkpoint weights for final test evaluation.
2026-03-26 23:31:49 - __main__ - INFO - 
Best tracked (val): 97.83%
2026-03-26 23:31:49 - __main__ - INFO - Final test: loss 0.0810 acc1 98.01%
2026-03-26 23:31:56 - __main__ - INFO - Variant [shuffled_cam_low_saliency] done — test acc 98.01%, test loss 0.0810
2026-03-26 23:31:56 - __main__ - INFO - Saved validation comparison plot: runs/malimg_2026_03/26/resnet34/validation_comparison_plot.png
2026-03-26 23:31:56 - __main__ - INFO - 
Starting output model sweep: densenet121
2026-03-26 23:31:56 - __main__ - INFO - 
============================================================
2026-03-26 23:31:56 - __main__ - INFO - Training output model: densenet121 [original]
2026-03-26 23:31:56 - __main__ - INFO -   Resolved config → opt=sgd, lr=0.1, wd=0.0001, bs=32, epochs=50, scheduler=cosine, warmup=5
2026-03-26 23:31:56 - __main__ - INFO - ============================================================
2026-03-26 23:31:56 - __main__ - INFO -   Validation during training uses variant split with val_split=0.1
2026-03-26 23:31:56 - __main__ - INFO -   Final test uses original test split
2026-03-26 23:31:56 - __main__ - INFO - device: cuda | cuda: True | gpu: NVIDIA L4
2026-03-26 23:31:57 - __main__ - INFO - Model: densenet121 | Dataset: malimg | Classes: 25 | Optimizer: sgd
2026-03-26 23:31:57 - __main__ - INFO - 
Epoch 1/50 | lr 0.000100
2026-03-26 23:32:35 - __main__ - INFO - Train: loss 2.3282 acc1 42.39%
2026-03-26 23:32:35 - __main__ - INFO - Val:   loss 1.6886 acc1 64.58%
2026-03-26 23:32:35 - __main__ - INFO - saved best: 64.58%
2026-03-26 23:32:35 - __main__ - INFO - 
Epoch 2/50 | lr 0.020080
2026-03-26 23:33:12 - __main__ - INFO - Train: loss 0.3261 acc1 91.32%
2026-03-26 23:33:12 - __main__ - INFO - Val:   loss 0.1517 acc1 94.74%
2026-03-26 23:33:12 - __main__ - INFO - saved best: 94.74%
2026-03-26 23:33:12 - __main__ - INFO - 
Epoch 3/50 | lr 0.040060
2026-03-26 23:33:49 - __main__ - INFO - Train: loss 0.1688 acc1 94.78%
2026-03-26 23:33:49 - __main__ - INFO - Val:   loss 0.1734 acc1 96.23%
2026-03-26 23:33:49 - __main__ - INFO - saved best: 96.23%
2026-03-26 23:33:49 - __main__ - INFO - 
Epoch 4/50 | lr 0.060040
2026-03-26 23:34:26 - __main__ - INFO - Train: loss 0.1414 acc1 95.87%
2026-03-26 23:34:26 - __main__ - INFO - Val:   loss 0.2133 acc1 94.61%
2026-03-26 23:34:26 - __main__ - INFO - 
Epoch 5/50 | lr 0.080020
2026-03-26 23:35:04 - __main__ - INFO - Train: loss 0.1348 acc1 95.87%
2026-03-26 23:35:04 - __main__ - INFO - Val:   loss 0.3219 acc1 90.97%
2026-03-26 23:35:04 - __main__ - INFO - 
Epoch 6/50 | lr 0.100000
2026-03-26 23:35:41 - __main__ - INFO - Train: loss 0.3044 acc1 92.83%
2026-03-26 23:35:41 - __main__ - INFO - Val:   loss 0.1369 acc1 95.83%
2026-03-26 23:35:41 - __main__ - INFO - 
Epoch 7/50 | lr 0.099878
2026-03-26 23:36:18 - __main__ - INFO - Train: loss 0.1274 acc1 96.04%
2026-03-26 23:36:18 - __main__ - INFO - Val:   loss 0.1584 acc1 96.21%
2026-03-26 23:36:18 - __main__ - INFO - 
Epoch 8/50 | lr 0.099513
2026-03-26 23:36:55 - __main__ - INFO - Train: loss 0.0988 acc1 96.93%
2026-03-26 23:36:55 - __main__ - INFO - Val:   loss 0.0871 acc1 96.62%
2026-03-26 23:36:56 - __main__ - INFO - saved best: 96.62%
2026-03-26 23:36:56 - __main__ - INFO - 
Epoch 9/50 | lr 0.098907
2026-03-26 23:37:33 - __main__ - INFO - Train: loss 0.0806 acc1 97.53%
2026-03-26 23:37:33 - __main__ - INFO - Val:   loss 0.0788 acc1 97.03%
2026-03-26 23:37:33 - __main__ - INFO - saved best: 97.03%
2026-03-26 23:37:33 - __main__ - INFO - 
Epoch 10/50 | lr 0.098063
2026-03-26 23:38:10 - __main__ - INFO - Train: loss 0.0671 acc1 97.86%
2026-03-26 23:38:10 - __main__ - INFO - Val:   loss 0.1262 acc1 97.04%
2026-03-26 23:38:10 - __main__ - INFO - saved best: 97.04%
2026-03-26 23:38:10 - __main__ - INFO - 
Epoch 11/50 | lr 0.096985
2026-03-26 23:38:47 - __main__ - INFO - Train: loss 0.0620 acc1 98.12%
2026-03-26 23:38:47 - __main__ - INFO - Val:   loss 0.0771 acc1 97.43%
2026-03-26 23:38:47 - __main__ - INFO - saved best: 97.43%
2026-03-26 23:38:47 - __main__ - INFO - 
Epoch 12/50 | lr 0.095678
2026-03-26 23:39:25 - __main__ - INFO - Train: loss 0.0727 acc1 97.65%
2026-03-26 23:39:25 - __main__ - INFO - Val:   loss 0.0694 acc1 97.30%
2026-03-26 23:39:25 - __main__ - INFO - 
Epoch 13/50 | lr 0.094148
2026-03-26 23:40:02 - __main__ - INFO - Train: loss 0.0620 acc1 98.20%
2026-03-26 23:40:02 - __main__ - INFO - Val:   loss 0.0790 acc1 97.56%
2026-03-26 23:40:02 - __main__ - INFO - saved best: 97.56%
2026-03-26 23:40:02 - __main__ - INFO - 
Epoch 14/50 | lr 0.092403
2026-03-26 23:40:39 - __main__ - INFO - Train: loss 0.0574 acc1 98.22%
2026-03-26 23:40:39 - __main__ - INFO - Val:   loss 0.0835 acc1 97.17%
2026-03-26 23:40:39 - __main__ - INFO - 
Epoch 15/50 | lr 0.090452
2026-03-26 23:41:16 - __main__ - INFO - Train: loss 0.0508 acc1 98.43%
2026-03-26 23:41:16 - __main__ - INFO - Val:   loss 0.0843 acc1 97.30%
2026-03-26 23:41:16 - __main__ - INFO - 
Epoch 16/50 | lr 0.088303
2026-03-26 23:41:54 - __main__ - INFO - Train: loss 0.0499 acc1 98.45%
2026-03-26 23:41:54 - __main__ - INFO - Val:   loss 0.0700 acc1 97.57%
2026-03-26 23:41:54 - __main__ - INFO - saved best: 97.57%
2026-03-26 23:41:54 - __main__ - INFO - 
Epoch 17/50 | lr 0.085968
2026-03-26 23:42:31 - __main__ - INFO - Train: loss 0.0514 acc1 98.34%
2026-03-26 23:42:31 - __main__ - INFO - Val:   loss 0.0788 acc1 97.69%
2026-03-26 23:42:31 - __main__ - INFO - saved best: 97.69%
2026-03-26 23:42:31 - __main__ - INFO - 
Epoch 18/50 | lr 0.083458
2026-03-26 23:43:08 - __main__ - INFO - Train: loss 0.0494 acc1 98.41%
2026-03-26 23:43:08 - __main__ - INFO - Val:   loss 0.0674 acc1 97.69%
2026-03-26 23:43:08 - __main__ - INFO - 
Epoch 19/50 | lr 0.080785
2026-03-26 23:43:45 - __main__ - INFO - Train: loss 0.0446 acc1 98.62%
2026-03-26 23:43:45 - __main__ - INFO - Val:   loss 0.0823 acc1 97.17%
2026-03-26 23:43:45 - __main__ - INFO - 
Epoch 20/50 | lr 0.077962
2026-03-26 23:44:23 - __main__ - INFO - Train: loss 0.0491 acc1 98.53%
2026-03-26 23:44:23 - __main__ - INFO - Val:   loss 0.0634 acc1 97.69%
2026-03-26 23:44:23 - __main__ - INFO - 
Epoch 21/50 | lr 0.075002
2026-03-26 23:45:00 - __main__ - INFO - Train: loss 0.0424 acc1 98.74%
2026-03-26 23:45:00 - __main__ - INFO - Val:   loss 0.0825 acc1 97.30%
2026-03-26 23:45:00 - __main__ - INFO - 
Epoch 22/50 | lr 0.071921
2026-03-26 23:45:37 - __main__ - INFO - Train: loss 0.0442 acc1 98.66%
2026-03-26 23:45:37 - __main__ - INFO - Val:   loss 0.0755 acc1 97.56%
2026-03-26 23:45:37 - __main__ - INFO - 
Epoch 23/50 | lr 0.068733
2026-03-26 23:46:15 - __main__ - INFO - Train: loss 0.0398 acc1 98.78%
2026-03-26 23:46:15 - __main__ - INFO - Val:   loss 0.0833 acc1 97.03%
2026-03-26 23:46:15 - __main__ - INFO - 
Epoch 24/50 | lr 0.065454
2026-03-26 23:46:52 - __main__ - INFO - Train: loss 0.0399 acc1 98.79%
2026-03-26 23:46:52 - __main__ - INFO - Val:   loss 0.0916 acc1 97.03%
2026-03-26 23:46:52 - __main__ - INFO - 
Epoch 25/50 | lr 0.062100
2026-03-26 23:47:29 - __main__ - INFO - Train: loss 0.0412 acc1 98.82%
2026-03-26 23:47:29 - __main__ - INFO - Val:   loss 0.0659 acc1 97.83%
2026-03-26 23:47:29 - __main__ - INFO - saved best: 97.83%
2026-03-26 23:47:29 - __main__ - INFO - 
Epoch 26/50 | lr 0.058687
2026-03-26 23:48:06 - __main__ - INFO - Train: loss 0.0384 acc1 98.88%
2026-03-26 23:48:06 - __main__ - INFO - Val:   loss 0.0697 acc1 97.56%
2026-03-26 23:48:06 - __main__ - INFO - 
Epoch 27/50 | lr 0.055231
2026-03-26 23:48:43 - __main__ - INFO - Train: loss 0.0379 acc1 98.91%
2026-03-26 23:48:43 - __main__ - INFO - Val:   loss 0.0754 acc1 97.83%
2026-03-26 23:48:43 - __main__ - INFO - 
Epoch 28/50 | lr 0.051750
2026-03-26 23:49:21 - __main__ - INFO - Train: loss 0.0366 acc1 98.90%
2026-03-26 23:49:21 - __main__ - INFO - Val:   loss 0.0740 acc1 97.70%
2026-03-26 23:49:21 - __main__ - INFO - 
Epoch 29/50 | lr 0.048260
2026-03-26 23:49:58 - __main__ - INFO - Train: loss 0.0364 acc1 98.91%
2026-03-26 23:49:58 - __main__ - INFO - Val:   loss 0.0719 acc1 97.70%
2026-03-26 23:49:58 - __main__ - INFO - 
Epoch 30/50 | lr 0.044779
2026-03-26 23:50:35 - __main__ - INFO - Train: loss 0.0368 acc1 98.88%
2026-03-26 23:50:35 - __main__ - INFO - Val:   loss 0.0672 acc1 97.70%
2026-03-26 23:50:35 - __main__ - INFO - 
Epoch 31/50 | lr 0.041323
2026-03-26 23:51:13 - __main__ - INFO - Train: loss 0.0358 acc1 98.93%
2026-03-26 23:51:13 - __main__ - INFO - Val:   loss 0.0693 acc1 97.70%
2026-03-26 23:51:13 - __main__ - INFO - 
Epoch 32/50 | lr 0.037910
2026-03-26 23:51:50 - __main__ - INFO - Train: loss 0.0351 acc1 98.94%
2026-03-26 23:51:50 - __main__ - INFO - Val:   loss 0.0697 acc1 97.70%
2026-03-26 23:51:50 - __main__ - INFO - 
Epoch 33/50 | lr 0.034556
2026-03-26 23:52:27 - __main__ - INFO - Train: loss 0.0355 acc1 98.94%
2026-03-26 23:52:27 - __main__ - INFO - Val:   loss 0.0686 acc1 97.70%
2026-03-26 23:52:27 - __main__ - INFO - 
Epoch 34/50 | lr 0.031277
2026-03-26 23:53:04 - __main__ - INFO - Train: loss 0.0349 acc1 98.94%
2026-03-26 23:53:04 - __main__ - INFO - Val:   loss 0.0758 acc1 97.70%
2026-03-26 23:53:04 - __main__ - INFO - 
Epoch 35/50 | lr 0.028089
2026-03-26 23:53:42 - __main__ - INFO - Train: loss 0.0347 acc1 98.94%
2026-03-26 23:53:42 - __main__ - INFO - Val:   loss 0.0755 acc1 97.70%
2026-03-26 23:53:42 - __main__ - INFO - 
Epoch 36/50 | lr 0.025008
2026-03-26 23:54:19 - __main__ - INFO - Train: loss 0.0350 acc1 98.94%
2026-03-26 23:54:19 - __main__ - INFO - Val:   loss 0.0704 acc1 97.70%
2026-03-26 23:54:19 - __main__ - INFO - 
Epoch 37/50 | lr 0.022048
2026-03-26 23:54:56 - __main__ - INFO - Train: loss 0.0347 acc1 98.94%
2026-03-26 23:54:56 - __main__ - INFO - Val:   loss 0.0671 acc1 97.70%
2026-03-26 23:54:56 - __main__ - INFO - 
Epoch 38/50 | lr 0.019225
2026-03-26 23:55:33 - __main__ - INFO - Train: loss 0.0347 acc1 98.94%
2026-03-26 23:55:33 - __main__ - INFO - Val:   loss 0.0756 acc1 97.70%
2026-03-26 23:55:33 - __main__ - INFO - 
Epoch 39/50 | lr 0.016552
2026-03-26 23:56:11 - __main__ - INFO - Train: loss 0.0349 acc1 98.94%
2026-03-26 23:56:11 - __main__ - INFO - Val:   loss 0.0742 acc1 97.70%
2026-03-26 23:56:11 - __main__ - INFO - 
Epoch 40/50 | lr 0.014042
2026-03-26 23:56:48 - __main__ - INFO - Train: loss 0.0345 acc1 98.94%
2026-03-26 23:56:48 - __main__ - INFO - Val:   loss 0.0793 acc1 97.70%
2026-03-26 23:56:48 - __main__ - INFO - 
Epoch 41/50 | lr 0.011707
2026-03-26 23:57:25 - __main__ - INFO - Train: loss 0.0344 acc1 98.94%
2026-03-26 23:57:25 - __main__ - INFO - Val:   loss 0.0753 acc1 97.70%
2026-03-26 23:57:25 - __main__ - INFO - 
Epoch 42/50 | lr 0.009558
2026-03-26 23:58:02 - __main__ - INFO - Train: loss 0.0345 acc1 98.94%
2026-03-26 23:58:02 - __main__ - INFO - Val:   loss 0.0716 acc1 97.70%
2026-03-26 23:58:02 - __main__ - INFO - 
Epoch 43/50 | lr 0.007607
2026-03-26 23:58:40 - __main__ - INFO - Train: loss 0.0346 acc1 98.94%
2026-03-26 23:58:40 - __main__ - INFO - Val:   loss 0.0712 acc1 97.70%
2026-03-26 23:58:40 - __main__ - INFO - 
Epoch 44/50 | lr 0.005862
2026-03-26 23:59:17 - __main__ - INFO - Train: loss 0.0343 acc1 98.94%
2026-03-26 23:59:17 - __main__ - INFO - Val:   loss 0.0700 acc1 97.70%
2026-03-26 23:59:17 - __main__ - INFO - 
Epoch 45/50 | lr 0.004332
2026-03-26 23:59:54 - __main__ - INFO - Train: loss 0.0344 acc1 98.93%
2026-03-26 23:59:54 - __main__ - INFO - Val:   loss 0.0677 acc1 97.70%
2026-03-26 23:59:54 - __main__ - INFO - 
Epoch 46/50 | lr 0.003025
2026-03-27 00:00:31 - __main__ - INFO - Train: loss 0.0342 acc1 98.94%
2026-03-27 00:00:31 - __main__ - INFO - Val:   loss 0.0724 acc1 97.70%
2026-03-27 00:00:31 - __main__ - INFO - 
Epoch 47/50 | lr 0.001947
2026-03-27 00:01:09 - __main__ - INFO - Train: loss 0.0341 acc1 98.94%
2026-03-27 00:01:09 - __main__ - INFO - Val:   loss 0.0728 acc1 97.70%
2026-03-27 00:01:09 - __main__ - INFO - 
Epoch 48/50 | lr 0.001103
2026-03-27 00:01:46 - __main__ - INFO - Train: loss 0.0342 acc1 98.93%
2026-03-27 00:01:46 - __main__ - INFO - Val:   loss 0.0727 acc1 97.70%
2026-03-27 00:01:46 - __main__ - INFO - 
Epoch 49/50 | lr 0.000497
2026-03-27 00:02:23 - __main__ - INFO - Train: loss 0.0342 acc1 98.94%
2026-03-27 00:02:23 - __main__ - INFO - Val:   loss 0.0725 acc1 97.70%
2026-03-27 00:02:23 - __main__ - INFO - 
Epoch 50/50 | lr 0.000132
2026-03-27 00:03:00 - __main__ - INFO - Train: loss 0.0342 acc1 98.94%
2026-03-27 00:03:00 - __main__ - INFO - Val:   loss 0.0736 acc1 97.70%
2026-03-27 00:03:00 - __main__ - INFO - Loaded best checkpoint weights for final test evaluation.
2026-03-27 00:03:03 - __main__ - INFO - 
Best tracked (val): 97.83%
2026-03-27 00:03:03 - __main__ - INFO - Final test: loss 0.0716 acc1 97.87%
2026-03-27 00:03:10 - __main__ - INFO - Variant [original] done — test acc 97.87%, test loss 0.0716
2026-03-27 00:03:10 - __main__ - INFO - 
============================================================
2026-03-27 00:03:10 - __main__ - INFO - Training output model: densenet121 [low_saliency]
2026-03-27 00:03:10 - __main__ - INFO -   Resolved config → opt=sgd, lr=0.1, wd=0.0001, bs=32, epochs=50, scheduler=cosine, warmup=5
2026-03-27 00:03:10 - __main__ - INFO - ============================================================
2026-03-27 00:03:10 - __main__ - INFO -   Validation during training uses variant split with val_split=0.1
2026-03-27 00:03:10 - __main__ - INFO -   Final test uses low_saliency variant test split
2026-03-27 00:03:10 - __main__ - INFO - device: cuda | cuda: True | gpu: NVIDIA L4
2026-03-27 00:03:10 - __main__ - INFO - Model: densenet121 | Dataset: malimg | Classes: 25 | Optimizer: sgd
2026-03-27 00:03:10 - __main__ - INFO - 
Epoch 1/50 | lr 0.000100
2026-03-27 00:03:48 - __main__ - INFO - Train: loss 2.3558 acc1 37.76%
2026-03-27 00:03:48 - __main__ - INFO - Val:   loss 1.8038 acc1 56.67%
2026-03-27 00:03:48 - __main__ - INFO - saved best: 56.67%
2026-03-27 00:03:48 - __main__ - INFO - 
Epoch 2/50 | lr 0.020080
2026-03-27 00:04:25 - __main__ - INFO - Train: loss 0.3437 acc1 91.25%
2026-03-27 00:04:25 - __main__ - INFO - Val:   loss 0.1286 acc1 96.11%
2026-03-27 00:04:25 - __main__ - INFO - saved best: 96.11%
2026-03-27 00:04:25 - __main__ - INFO - 
Epoch 3/50 | lr 0.040060
2026-03-27 00:05:02 - __main__ - INFO - Train: loss 0.1538 acc1 95.62%
2026-03-27 00:05:02 - __main__ - INFO - Val:   loss 0.1210 acc1 96.88%
2026-03-27 00:05:02 - __main__ - INFO - saved best: 96.88%
2026-03-27 00:05:02 - __main__ - INFO - 
Epoch 4/50 | lr 0.060040
2026-03-27 00:05:39 - __main__ - INFO - Train: loss 0.1214 acc1 96.20%
2026-03-27 00:05:39 - __main__ - INFO - Val:   loss 0.1340 acc1 96.50%
2026-03-27 00:05:39 - __main__ - INFO - 
Epoch 5/50 | lr 0.080020
2026-03-27 00:06:17 - __main__ - INFO - Train: loss 0.1131 acc1 96.93%
2026-03-27 00:06:17 - __main__ - INFO - Val:   loss 0.0808 acc1 97.06%
2026-03-27 00:06:17 - __main__ - INFO - saved best: 97.06%
2026-03-27 00:06:17 - __main__ - INFO - 
Epoch 6/50 | lr 0.100000
2026-03-27 00:06:54 - __main__ - INFO - Train: loss 0.0917 acc1 96.96%
2026-03-27 00:06:54 - __main__ - INFO - Val:   loss 0.0666 acc1 97.43%
2026-03-27 00:06:54 - __main__ - INFO - saved best: 97.43%
2026-03-27 00:06:54 - __main__ - INFO - 
Epoch 7/50 | lr 0.099878
2026-03-27 00:07:31 - __main__ - INFO - Train: loss 0.0812 acc1 97.56%
2026-03-27 00:07:31 - __main__ - INFO - Val:   loss 0.0950 acc1 97.17%
2026-03-27 00:07:31 - __main__ - INFO - 
Epoch 8/50 | lr 0.099513
2026-03-27 00:08:08 - __main__ - INFO - Train: loss 0.0603 acc1 98.15%
2026-03-27 00:08:08 - __main__ - INFO - Val:   loss 0.0651 acc1 97.57%
2026-03-27 00:08:08 - __main__ - INFO - saved best: 97.57%
2026-03-27 00:08:08 - __main__ - INFO - 
Epoch 9/50 | lr 0.098907
2026-03-27 00:08:45 - __main__ - INFO - Train: loss 0.0604 acc1 98.12%
2026-03-27 00:08:45 - __main__ - INFO - Val:   loss 0.0747 acc1 97.04%
2026-03-27 00:08:45 - __main__ - INFO - 
Epoch 10/50 | lr 0.098063
2026-03-27 00:09:22 - __main__ - INFO - Train: loss 0.0522 acc1 98.41%
2026-03-27 00:09:22 - __main__ - INFO - Val:   loss 0.0933 acc1 97.71%
2026-03-27 00:09:23 - __main__ - INFO - saved best: 97.71%
2026-03-27 00:09:23 - __main__ - INFO - 
Epoch 11/50 | lr 0.096985
2026-03-27 00:10:00 - __main__ - INFO - Train: loss 0.0446 acc1 98.69%
2026-03-27 00:10:00 - __main__ - INFO - Val:   loss 0.0600 acc1 97.97%
2026-03-27 00:10:00 - __main__ - INFO - saved best: 97.97%
2026-03-27 00:10:00 - __main__ - INFO - 
Epoch 12/50 | lr 0.095678
2026-03-27 00:10:37 - __main__ - INFO - Train: loss 0.0446 acc1 98.66%
2026-03-27 00:10:37 - __main__ - INFO - Val:   loss 0.0647 acc1 97.84%
2026-03-27 00:10:37 - __main__ - INFO - 
Epoch 13/50 | lr 0.094148
2026-03-27 00:11:14 - __main__ - INFO - Train: loss 0.0477 acc1 98.60%
2026-03-27 00:11:14 - __main__ - INFO - Val:   loss 0.0665 acc1 97.43%
2026-03-27 00:11:14 - __main__ - INFO - 
Epoch 14/50 | lr 0.092403
2026-03-27 00:11:51 - __main__ - INFO - Train: loss 0.0491 acc1 98.51%
2026-03-27 00:11:51 - __main__ - INFO - Val:   loss 0.0592 acc1 97.96%
2026-03-27 00:11:51 - __main__ - INFO - 
Epoch 15/50 | lr 0.090452
2026-03-27 00:12:28 - __main__ - INFO - Train: loss 0.0392 acc1 98.85%
2026-03-27 00:12:28 - __main__ - INFO - Val:   loss 0.0659 acc1 97.71%
2026-03-27 00:12:28 - __main__ - INFO - 
Epoch 16/50 | lr 0.088303
2026-03-27 00:13:06 - __main__ - INFO - Train: loss 0.0406 acc1 98.85%
2026-03-27 00:13:06 - __main__ - INFO - Val:   loss 0.0614 acc1 97.82%
2026-03-27 00:13:06 - __main__ - INFO - 
Epoch 17/50 | lr 0.085968
2026-03-27 00:13:43 - __main__ - INFO - Train: loss 0.0393 acc1 98.87%
2026-03-27 00:13:43 - __main__ - INFO - Val:   loss 0.0671 acc1 97.97%
2026-03-27 00:13:43 - __main__ - INFO - 
Epoch 18/50 | lr 0.083458
2026-03-27 00:14:20 - __main__ - INFO - Train: loss 0.0454 acc1 98.68%
2026-03-27 00:14:20 - __main__ - INFO - Val:   loss 0.0641 acc1 97.57%
2026-03-27 00:14:20 - __main__ - INFO - 
Epoch 19/50 | lr 0.080785
2026-03-27 00:14:57 - __main__ - INFO - Train: loss 0.0450 acc1 98.56%
2026-03-27 00:14:57 - __main__ - INFO - Val:   loss 0.0599 acc1 97.83%
2026-03-27 00:14:57 - __main__ - INFO - 
Epoch 20/50 | lr 0.077962
2026-03-27 00:15:34 - __main__ - INFO - Train: loss 0.0374 acc1 98.91%
2026-03-27 00:15:34 - __main__ - INFO - Val:   loss 0.0505 acc1 97.97%
2026-03-27 00:15:34 - __main__ - INFO - 
Epoch 21/50 | lr 0.075002
2026-03-27 00:16:11 - __main__ - INFO - Train: loss 0.0368 acc1 98.91%
2026-03-27 00:16:11 - __main__ - INFO - Val:   loss 0.0524 acc1 97.99%
2026-03-27 00:16:12 - __main__ - INFO - saved best: 97.99%
2026-03-27 00:16:12 - __main__ - INFO - 
Epoch 22/50 | lr 0.071921
2026-03-27 00:16:49 - __main__ - INFO - Train: loss 0.0363 acc1 98.94%
2026-03-27 00:16:49 - __main__ - INFO - Val:   loss 0.0515 acc1 98.25%
2026-03-27 00:16:49 - __main__ - INFO - saved best: 98.25%
2026-03-27 00:16:49 - __main__ - INFO - 
Epoch 23/50 | lr 0.068733
2026-03-27 00:17:26 - __main__ - INFO - Train: loss 0.0362 acc1 98.93%
2026-03-27 00:17:26 - __main__ - INFO - Val:   loss 0.0479 acc1 98.25%
2026-03-27 00:17:26 - __main__ - INFO - 
Epoch 24/50 | lr 0.065454
2026-03-27 00:18:03 - __main__ - INFO - Train: loss 0.0356 acc1 98.94%
2026-03-27 00:18:03 - __main__ - INFO - Val:   loss 0.0546 acc1 98.25%
2026-03-27 00:18:03 - __main__ - INFO - 
Epoch 25/50 | lr 0.062100
2026-03-27 00:18:40 - __main__ - INFO - Train: loss 0.0354 acc1 98.94%
2026-03-27 00:18:40 - __main__ - INFO - Val:   loss 0.0478 acc1 98.10%
2026-03-27 00:18:40 - __main__ - INFO - 
Epoch 26/50 | lr 0.058687
2026-03-27 00:19:18 - __main__ - INFO - Train: loss 0.0354 acc1 98.94%
2026-03-27 00:19:18 - __main__ - INFO - Val:   loss 0.0477 acc1 98.25%
2026-03-27 00:19:18 - __main__ - INFO - 
Epoch 27/50 | lr 0.055231
2026-03-27 00:19:55 - __main__ - INFO - Train: loss 0.0360 acc1 98.94%
2026-03-27 00:19:55 - __main__ - INFO - Val:   loss 0.0503 acc1 98.25%
2026-03-27 00:19:55 - __main__ - INFO - 
Epoch 28/50 | lr 0.051750
2026-03-27 00:20:32 - __main__ - INFO - Train: loss 0.0348 acc1 98.94%
2026-03-27 00:20:32 - __main__ - INFO - Val:   loss 0.0500 acc1 98.25%
2026-03-27 00:20:32 - __main__ - INFO - 
Epoch 29/50 | lr 0.048260
2026-03-27 00:21:09 - __main__ - INFO - Train: loss 0.0348 acc1 98.94%
2026-03-27 00:21:09 - __main__ - INFO - Val:   loss 0.0495 acc1 98.25%
2026-03-27 00:21:09 - __main__ - INFO - 
Epoch 30/50 | lr 0.044779
2026-03-27 00:21:46 - __main__ - INFO - Train: loss 0.0353 acc1 98.94%
2026-03-27 00:21:46 - __main__ - INFO - Val:   loss 0.0586 acc1 97.97%
2026-03-27 00:21:46 - __main__ - INFO - 
Epoch 31/50 | lr 0.041323
2026-03-27 00:22:24 - __main__ - INFO - Train: loss 0.0349 acc1 98.94%
2026-03-27 00:22:24 - __main__ - INFO - Val:   loss 0.0522 acc1 98.25%
2026-03-27 00:22:24 - __main__ - INFO - 
Epoch 32/50 | lr 0.037910
2026-03-27 00:23:01 - __main__ - INFO - Train: loss 0.0345 acc1 98.94%
2026-03-27 00:23:01 - __main__ - INFO - Val:   loss 0.0477 acc1 98.25%
2026-03-27 00:23:01 - __main__ - INFO - 
Epoch 33/50 | lr 0.034556
2026-03-27 00:23:38 - __main__ - INFO - Train: loss 0.0349 acc1 98.94%
2026-03-27 00:23:38 - __main__ - INFO - Val:   loss 0.0486 acc1 98.25%
2026-03-27 00:23:38 - __main__ - INFO - 
Epoch 34/50 | lr 0.031277
2026-03-27 00:24:15 - __main__ - INFO - Train: loss 0.0344 acc1 98.94%
2026-03-27 00:24:15 - __main__ - INFO - Val:   loss 0.0543 acc1 98.10%
2026-03-27 00:24:15 - __main__ - INFO - 
Epoch 35/50 | lr 0.028089
2026-03-27 00:24:52 - __main__ - INFO - Train: loss 0.0343 acc1 98.94%
2026-03-27 00:24:52 - __main__ - INFO - Val:   loss 0.0530 acc1 98.10%
2026-03-27 00:24:52 - __main__ - INFO - 
Epoch 36/50 | lr 0.025008
2026-03-27 00:25:29 - __main__ - INFO - Train: loss 0.0344 acc1 98.94%
2026-03-27 00:25:29 - __main__ - INFO - Val:   loss 0.0499 acc1 98.25%
2026-03-27 00:25:29 - __main__ - INFO - 
Epoch 37/50 | lr 0.022048
2026-03-27 00:26:06 - __main__ - INFO - Train: loss 0.0345 acc1 98.94%
2026-03-27 00:26:06 - __main__ - INFO - Val:   loss 0.0491 acc1 98.10%
2026-03-27 00:26:06 - __main__ - INFO - 
Epoch 38/50 | lr 0.019225
2026-03-27 00:26:44 - __main__ - INFO - Train: loss 0.0343 acc1 98.94%
2026-03-27 00:26:44 - __main__ - INFO - Val:   loss 0.0526 acc1 98.10%
2026-03-27 00:26:44 - __main__ - INFO - 
Epoch 39/50 | lr 0.016552
2026-03-27 00:27:21 - __main__ - INFO - Train: loss 0.0345 acc1 98.94%
2026-03-27 00:27:21 - __main__ - INFO - Val:   loss 0.0513 acc1 98.25%
2026-03-27 00:27:21 - __main__ - INFO - 
Epoch 40/50 | lr 0.014042
2026-03-27 00:27:58 - __main__ - INFO - Train: loss 0.0342 acc1 98.94%
2026-03-27 00:27:58 - __main__ - INFO - Val:   loss 0.0501 acc1 98.10%
2026-03-27 00:27:58 - __main__ - INFO - 
Epoch 41/50 | lr 0.011707
2026-03-27 00:28:35 - __main__ - INFO - Train: loss 0.0340 acc1 98.94%
2026-03-27 00:28:35 - __main__ - INFO - Val:   loss 0.0534 acc1 98.10%
2026-03-27 00:28:35 - __main__ - INFO - 
Epoch 42/50 | lr 0.009558
2026-03-27 00:29:12 - __main__ - INFO - Train: loss 0.0341 acc1 98.94%
2026-03-27 00:29:12 - __main__ - INFO - Val:   loss 0.0499 acc1 98.25%
2026-03-27 00:29:12 - __main__ - INFO - 
Epoch 43/50 | lr 0.007607
2026-03-27 00:29:50 - __main__ - INFO - Train: loss 0.0341 acc1 98.94%
2026-03-27 00:29:50 - __main__ - INFO - Val:   loss 0.0492 acc1 98.10%
2026-03-27 00:29:50 - __main__ - INFO - 
Epoch 44/50 | lr 0.005862
2026-03-27 00:30:27 - __main__ - INFO - Train: loss 0.0335 acc1 98.94%
2026-03-27 00:30:27 - __main__ - INFO - Val:   loss 0.0485 acc1 98.10%
2026-03-27 00:30:27 - __main__ - INFO - 
Epoch 45/50 | lr 0.004332
2026-03-27 00:31:04 - __main__ - INFO - Train: loss 0.0338 acc1 98.94%
2026-03-27 00:31:04 - __main__ - INFO - Val:   loss 0.0497 acc1 98.12%
2026-03-27 00:31:04 - __main__ - INFO - 
Epoch 46/50 | lr 0.003025
2026-03-27 00:31:41 - __main__ - INFO - Train: loss 0.0336 acc1 98.94%
2026-03-27 00:31:41 - __main__ - INFO - Val:   loss 0.0493 acc1 98.25%
2026-03-27 00:31:41 - __main__ - INFO - 
Epoch 47/50 | lr 0.001947
2026-03-27 00:32:18 - __main__ - INFO - Train: loss 0.0332 acc1 98.94%
2026-03-27 00:32:18 - __main__ - INFO - Val:   loss 0.0496 acc1 97.97%
2026-03-27 00:32:18 - __main__ - INFO - 
Epoch 48/50 | lr 0.001103
2026-03-27 00:32:56 - __main__ - INFO - Train: loss 0.0333 acc1 98.94%
2026-03-27 00:32:56 - __main__ - INFO - Val:   loss 0.0506 acc1 97.97%
2026-03-27 00:32:56 - __main__ - INFO - 
Epoch 49/50 | lr 0.000497
2026-03-27 00:33:33 - __main__ - INFO - Train: loss 0.0334 acc1 98.94%
2026-03-27 00:33:33 - __main__ - INFO - Val:   loss 0.0503 acc1 98.10%
2026-03-27 00:33:33 - __main__ - INFO - 
Epoch 50/50 | lr 0.000132
2026-03-27 00:34:10 - __main__ - INFO - Train: loss 0.0334 acc1 98.94%
2026-03-27 00:34:10 - __main__ - INFO - Val:   loss 0.0503 acc1 97.97%
2026-03-27 00:34:10 - __main__ - INFO - Loaded best checkpoint weights for final test evaluation.
2026-03-27 00:34:13 - __main__ - INFO - 
Best tracked (val): 98.25%
2026-03-27 00:34:13 - __main__ - INFO - Final test: loss 0.0619 acc1 98.37%
2026-03-27 00:34:19 - __main__ - INFO - Variant [low_saliency] done — test acc 98.37%, test loss 0.0619
2026-03-27 00:34:19 - __main__ - INFO - 
============================================================
2026-03-27 00:34:19 - __main__ - INFO - Training output model: densenet121 [random_sparsity]
2026-03-27 00:34:19 - __main__ - INFO -   Resolved config → opt=sgd, lr=0.1, wd=0.0001, bs=32, epochs=50, scheduler=cosine, warmup=5
2026-03-27 00:34:19 - __main__ - INFO - ============================================================
2026-03-27 00:34:19 - __main__ - INFO -   Validation during training uses variant split with val_split=0.1
2026-03-27 00:34:19 - __main__ - INFO -   Final test uses random_sparsity variant test split
2026-03-27 00:34:19 - __main__ - INFO - device: cuda | cuda: True | gpu: NVIDIA L4
2026-03-27 00:34:20 - __main__ - INFO - Model: densenet121 | Dataset: malimg | Classes: 25 | Optimizer: sgd
2026-03-27 00:34:20 - __main__ - INFO - 
Epoch 1/50 | lr 0.000100
2026-03-27 00:34:57 - __main__ - INFO - Train: loss 2.4123 acc1 31.40%
2026-03-27 00:34:57 - __main__ - INFO - Val:   loss 1.9655 acc1 46.78%
2026-03-27 00:34:57 - __main__ - INFO - saved best: 46.78%
2026-03-27 00:34:57 - __main__ - INFO - 
Epoch 2/50 | lr 0.020080
2026-03-27 00:35:34 - __main__ - INFO - Train: loss 0.4448 acc1 87.57%
2026-03-27 00:35:34 - __main__ - INFO - Val:   loss 0.1425 acc1 96.09%
2026-03-27 00:35:34 - __main__ - INFO - saved best: 96.09%
2026-03-27 00:35:34 - __main__ - INFO - 
Epoch 3/50 | lr 0.040060
2026-03-27 00:36:12 - __main__ - INFO - Train: loss 0.2226 acc1 93.21%
2026-03-27 00:36:12 - __main__ - INFO - Val:   loss 0.1791 acc1 95.95%
2026-03-27 00:36:12 - __main__ - INFO - 
Epoch 4/50 | lr 0.060040
2026-03-27 00:36:49 - __main__ - INFO - Train: loss 0.2045 acc1 94.55%
2026-03-27 00:36:49 - __main__ - INFO - Val:   loss 0.1517 acc1 95.97%
2026-03-27 00:36:49 - __main__ - INFO - 
Epoch 5/50 | lr 0.080020
2026-03-27 00:37:26 - __main__ - INFO - Train: loss 0.1876 acc1 94.85%
2026-03-27 00:37:26 - __main__ - INFO - Val:   loss 0.1687 acc1 95.53%
2026-03-27 00:37:26 - __main__ - INFO - 
Epoch 6/50 | lr 0.100000
2026-03-27 00:38:03 - __main__ - INFO - Train: loss 0.1968 acc1 94.71%
2026-03-27 00:38:03 - __main__ - INFO - Val:   loss 0.0997 acc1 97.03%
2026-03-27 00:38:03 - __main__ - INFO - saved best: 97.03%
2026-03-27 00:38:03 - __main__ - INFO - 
Epoch 7/50 | lr 0.099878
2026-03-27 00:38:41 - __main__ - INFO - Train: loss 0.1165 acc1 96.65%
2026-03-27 00:38:41 - __main__ - INFO - Val:   loss 0.0914 acc1 96.90%
2026-03-27 00:38:41 - __main__ - INFO - 
Epoch 8/50 | lr 0.099513
2026-03-27 00:39:18 - __main__ - INFO - Train: loss 0.0809 acc1 97.63%
2026-03-27 00:39:18 - __main__ - INFO - Val:   loss 0.0943 acc1 97.29%
2026-03-27 00:39:18 - __main__ - INFO - saved best: 97.29%
2026-03-27 00:39:18 - __main__ - INFO - 
Epoch 9/50 | lr 0.098907
2026-03-27 00:39:55 - __main__ - INFO - Train: loss 0.1133 acc1 96.80%
2026-03-27 00:39:55 - __main__ - INFO - Val:   loss 0.0942 acc1 97.04%
2026-03-27 00:39:55 - __main__ - INFO - 
Epoch 10/50 | lr 0.098063
2026-03-27 00:40:32 - __main__ - INFO - Train: loss 0.0673 acc1 97.87%
2026-03-27 00:40:32 - __main__ - INFO - Val:   loss 0.1056 acc1 97.70%
2026-03-27 00:40:32 - __main__ - INFO - saved best: 97.70%
2026-03-27 00:40:32 - __main__ - INFO - 
Epoch 11/50 | lr 0.096985
2026-03-27 00:41:10 - __main__ - INFO - Train: loss 0.0627 acc1 98.10%
2026-03-27 00:41:10 - __main__ - INFO - Val:   loss 0.0794 acc1 97.30%
2026-03-27 00:41:10 - __main__ - INFO - 
Epoch 12/50 | lr 0.095678
2026-03-27 00:41:47 - __main__ - INFO - Train: loss 0.0631 acc1 97.99%
2026-03-27 00:41:47 - __main__ - INFO - Val:   loss 0.0811 acc1 97.03%
2026-03-27 00:41:47 - __main__ - INFO - 
Epoch 13/50 | lr 0.094148
2026-03-27 00:42:24 - __main__ - INFO - Train: loss 0.0555 acc1 98.21%
2026-03-27 00:42:24 - __main__ - INFO - Val:   loss 0.1148 acc1 97.01%
2026-03-27 00:42:24 - __main__ - INFO - 
Epoch 14/50 | lr 0.092403
2026-03-27 00:43:01 - __main__ - INFO - Train: loss 0.0482 acc1 98.40%
2026-03-27 00:43:01 - __main__ - INFO - Val:   loss 0.0718 acc1 97.83%
2026-03-27 00:43:01 - __main__ - INFO - saved best: 97.83%
2026-03-27 00:43:01 - __main__ - INFO - 
Epoch 15/50 | lr 0.090452
2026-03-27 00:43:39 - __main__ - INFO - Train: loss 0.0479 acc1 98.52%
2026-03-27 00:43:39 - __main__ - INFO - Val:   loss 0.1037 acc1 96.48%
2026-03-27 00:43:39 - __main__ - INFO - 
Epoch 16/50 | lr 0.088303
2026-03-27 00:44:16 - __main__ - INFO - Train: loss 0.0547 acc1 98.28%
2026-03-27 00:44:16 - __main__ - INFO - Val:   loss 0.0847 acc1 97.29%
2026-03-27 00:44:16 - __main__ - INFO - 
Epoch 17/50 | lr 0.085968
2026-03-27 00:44:53 - __main__ - INFO - Train: loss 0.0454 acc1 98.63%
2026-03-27 00:44:53 - __main__ - INFO - Val:   loss 0.0727 acc1 97.56%
2026-03-27 00:44:53 - __main__ - INFO - 
Epoch 18/50 | lr 0.083458
2026-03-27 00:45:30 - __main__ - INFO - Train: loss 0.0440 acc1 98.63%
2026-03-27 00:45:30 - __main__ - INFO - Val:   loss 0.0687 acc1 97.56%
2026-03-27 00:45:30 - __main__ - INFO - 
Epoch 19/50 | lr 0.080785
2026-03-27 00:46:07 - __main__ - INFO - Train: loss 0.0407 acc1 98.74%
2026-03-27 00:46:07 - __main__ - INFO - Val:   loss 0.0615 acc1 97.83%
2026-03-27 00:46:07 - __main__ - INFO - 
Epoch 20/50 | lr 0.077962
2026-03-27 00:46:45 - __main__ - INFO - Train: loss 0.0384 acc1 98.84%
2026-03-27 00:46:45 - __main__ - INFO - Val:   loss 0.0656 acc1 97.69%
2026-03-27 00:46:45 - __main__ - INFO - 
Epoch 21/50 | lr 0.075002
2026-03-27 00:47:22 - __main__ - INFO - Train: loss 0.0388 acc1 98.84%
2026-03-27 00:47:22 - __main__ - INFO - Val:   loss 0.0695 acc1 97.43%
2026-03-27 00:47:22 - __main__ - INFO - 
Epoch 22/50 | lr 0.071921
2026-03-27 00:47:59 - __main__ - INFO - Train: loss 0.0381 acc1 98.89%
2026-03-27 00:47:59 - __main__ - INFO - Val:   loss 0.0755 acc1 97.42%
2026-03-27 00:47:59 - __main__ - INFO - 
Epoch 23/50 | lr 0.068733
2026-03-27 00:48:36 - __main__ - INFO - Train: loss 0.0400 acc1 98.79%
2026-03-27 00:48:36 - __main__ - INFO - Val:   loss 0.0801 acc1 97.04%
2026-03-27 00:48:36 - __main__ - INFO - 
Epoch 24/50 | lr 0.065454
2026-03-27 00:49:14 - __main__ - INFO - Train: loss 0.0390 acc1 98.81%
2026-03-27 00:49:14 - __main__ - INFO - Val:   loss 0.0747 acc1 97.83%
2026-03-27 00:49:14 - __main__ - INFO - 
Epoch 25/50 | lr 0.062100
2026-03-27 00:49:51 - __main__ - INFO - Train: loss 0.0404 acc1 98.81%
2026-03-27 00:49:51 - __main__ - INFO - Val:   loss 0.1032 acc1 97.14%
2026-03-27 00:49:51 - __main__ - INFO - 
Epoch 26/50 | lr 0.058687
2026-03-27 00:50:28 - __main__ - INFO - Train: loss 0.0370 acc1 98.92%
2026-03-27 00:50:28 - __main__ - INFO - Val:   loss 0.0579 acc1 97.83%
2026-03-27 00:50:28 - __main__ - INFO - 
Epoch 27/50 | lr 0.055231
2026-03-27 00:51:05 - __main__ - INFO - Train: loss 0.0371 acc1 98.91%
2026-03-27 00:51:05 - __main__ - INFO - Val:   loss 0.0692 acc1 97.69%
2026-03-27 00:51:05 - __main__ - INFO - 
Epoch 28/50 | lr 0.051750
2026-03-27 00:51:43 - __main__ - INFO - Train: loss 0.0351 acc1 98.94%
2026-03-27 00:51:43 - __main__ - INFO - Val:   loss 0.0652 acc1 97.69%
2026-03-27 00:51:43 - __main__ - INFO - 
Epoch 29/50 | lr 0.048260
2026-03-27 00:52:20 - __main__ - INFO - Train: loss 0.0349 acc1 98.94%
2026-03-27 00:52:20 - __main__ - INFO - Val:   loss 0.0659 acc1 97.69%
2026-03-27 00:52:20 - __main__ - INFO - 
Epoch 30/50 | lr 0.044779
2026-03-27 00:52:57 - __main__ - INFO - Train: loss 0.0351 acc1 98.94%
2026-03-27 00:52:57 - __main__ - INFO - Val:   loss 0.0653 acc1 97.69%
2026-03-27 00:52:57 - __main__ - INFO - 
Epoch 31/50 | lr 0.041323
2026-03-27 00:53:34 - __main__ - INFO - Train: loss 0.0346 acc1 98.94%
2026-03-27 00:53:34 - __main__ - INFO - Val:   loss 0.0693 acc1 97.56%
2026-03-27 00:53:34 - __main__ - INFO - 
Epoch 32/50 | lr 0.037910
2026-03-27 00:54:12 - __main__ - INFO - Train: loss 0.0342 acc1 98.94%
2026-03-27 00:54:12 - __main__ - INFO - Val:   loss 0.0651 acc1 97.69%
2026-03-27 00:54:12 - __main__ - INFO - 
Epoch 33/50 | lr 0.034556
2026-03-27 00:54:49 - __main__ - INFO - Train: loss 0.0346 acc1 98.94%
2026-03-27 00:54:49 - __main__ - INFO - Val:   loss 0.0645 acc1 97.69%
2026-03-27 00:54:49 - __main__ - INFO - 
Epoch 34/50 | lr 0.031277
2026-03-27 00:55:26 - __main__ - INFO - Train: loss 0.0336 acc1 98.94%
2026-03-27 00:55:26 - __main__ - INFO - Val:   loss 0.0678 acc1 97.56%
2026-03-27 00:55:26 - __main__ - INFO - 
Epoch 35/50 | lr 0.028089
2026-03-27 00:56:03 - __main__ - INFO - Train: loss 0.0327 acc1 98.94%
2026-03-27 00:56:03 - __main__ - INFO - Val:   loss 0.0692 acc1 97.56%
2026-03-27 00:56:03 - __main__ - INFO - 
Epoch 36/50 | lr 0.025008
2026-03-27 00:56:41 - __main__ - INFO - Train: loss 0.0327 acc1 98.94%
2026-03-27 00:56:41 - __main__ - INFO - Val:   loss 0.0648 acc1 97.56%
2026-03-27 00:56:41 - __main__ - INFO - 
Epoch 37/50 | lr 0.022048
2026-03-27 00:57:18 - __main__ - INFO - Train: loss 0.0320 acc1 98.94%
2026-03-27 00:57:18 - __main__ - INFO - Val:   loss 0.0645 acc1 97.56%
2026-03-27 00:57:18 - __main__ - INFO - 
Epoch 38/50 | lr 0.019225
2026-03-27 00:57:55 - __main__ - INFO - Train: loss 0.0309 acc1 98.94%
2026-03-27 00:57:55 - __main__ - INFO - Val:   loss 0.0674 acc1 97.56%
2026-03-27 00:57:55 - __main__ - INFO - 
Epoch 39/50 | lr 0.016552
2026-03-27 00:58:32 - __main__ - INFO - Train: loss 0.0307 acc1 98.95%
2026-03-27 00:58:32 - __main__ - INFO - Val:   loss 0.0623 acc1 97.56%
2026-03-27 00:58:32 - __main__ - INFO - 
Epoch 40/50 | lr 0.014042
2026-03-27 00:59:10 - __main__ - INFO - Train: loss 0.0275 acc1 99.00%
2026-03-27 00:59:10 - __main__ - INFO - Val:   loss 0.0651 acc1 97.56%
2026-03-27 00:59:10 - __main__ - INFO - 
Epoch 41/50 | lr 0.011707
2026-03-27 00:59:47 - __main__ - INFO - Train: loss 0.0274 acc1 99.03%
2026-03-27 00:59:47 - __main__ - INFO - Val:   loss 0.0675 acc1 97.69%
2026-03-27 00:59:47 - __main__ - INFO - 
Epoch 42/50 | lr 0.009558
2026-03-27 01:00:24 - __main__ - INFO - Train: loss 0.0246 acc1 99.04%
2026-03-27 01:00:24 - __main__ - INFO - Val:   loss 0.0613 acc1 97.16%
2026-03-27 01:00:24 - __main__ - INFO - 
Epoch 43/50 | lr 0.007607
2026-03-27 01:01:01 - __main__ - INFO - Train: loss 0.0215 acc1 99.20%
2026-03-27 01:01:01 - __main__ - INFO - Val:   loss 0.0680 acc1 97.42%
2026-03-27 01:01:01 - __main__ - INFO - 
Epoch 44/50 | lr 0.005862
2026-03-27 01:01:39 - __main__ - INFO - Train: loss 0.0206 acc1 99.20%
2026-03-27 01:01:39 - __main__ - INFO - Val:   loss 0.0673 acc1 97.30%
2026-03-27 01:01:39 - __main__ - INFO - 
Epoch 45/50 | lr 0.004332
2026-03-27 01:02:16 - __main__ - INFO - Train: loss 0.0194 acc1 99.33%
2026-03-27 01:02:16 - __main__ - INFO - Val:   loss 0.0865 acc1 97.84%
2026-03-27 01:02:16 - __main__ - INFO - saved best: 97.84%
2026-03-27 01:02:16 - __main__ - INFO - 
Epoch 46/50 | lr 0.003025
2026-03-27 01:02:53 - __main__ - INFO - Train: loss 0.0168 acc1 99.39%
2026-03-27 01:02:53 - __main__ - INFO - Val:   loss 0.0694 acc1 97.44%
2026-03-27 01:02:53 - __main__ - INFO - 
Epoch 47/50 | lr 0.001947
2026-03-27 01:03:30 - __main__ - INFO - Train: loss 0.0159 acc1 99.52%
2026-03-27 01:03:30 - __main__ - INFO - Val:   loss 0.0729 acc1 97.29%
2026-03-27 01:03:30 - __main__ - INFO - 
Epoch 48/50 | lr 0.001103
2026-03-27 01:04:07 - __main__ - INFO - Train: loss 0.0126 acc1 99.65%
2026-03-27 01:04:07 - __main__ - INFO - Val:   loss 0.0888 acc1 97.29%
2026-03-27 01:04:07 - __main__ - INFO - 
Epoch 49/50 | lr 0.000497
2026-03-27 01:04:45 - __main__ - INFO - Train: loss 0.0132 acc1 99.45%
2026-03-27 01:04:45 - __main__ - INFO - Val:   loss 0.0762 acc1 97.29%
2026-03-27 01:04:45 - __main__ - INFO - 
Epoch 50/50 | lr 0.000132
2026-03-27 01:05:22 - __main__ - INFO - Train: loss 0.0140 acc1 99.54%
2026-03-27 01:05:22 - __main__ - INFO - Val:   loss 0.0795 acc1 97.03%
2026-03-27 01:05:22 - __main__ - INFO - Loaded best checkpoint weights for final test evaluation.
2026-03-27 01:05:25 - __main__ - INFO - 
Best tracked (val): 97.84%
2026-03-27 01:05:25 - __main__ - INFO - Final test: loss 0.0918 acc1 98.20%
2026-03-27 01:05:34 - __main__ - INFO - Variant [random_sparsity] done — test acc 98.20%, test loss 0.0918
2026-03-27 01:05:34 - __main__ - INFO - 
============================================================
2026-03-27 01:05:34 - __main__ - INFO - Training output model: densenet121 [shuffled_cam_low_saliency]
2026-03-27 01:05:34 - __main__ - INFO -   Resolved config → opt=sgd, lr=0.1, wd=0.0001, bs=32, epochs=50, scheduler=cosine, warmup=5
2026-03-27 01:05:34 - __main__ - INFO - ============================================================
2026-03-27 01:05:34 - __main__ - INFO -   Validation during training uses variant split with val_split=0.1
2026-03-27 01:05:34 - __main__ - INFO -   Final test uses shuffled_cam_low_saliency variant test split
2026-03-27 01:05:34 - __main__ - INFO - device: cuda | cuda: True | gpu: NVIDIA L4
2026-03-27 01:05:35 - __main__ - INFO - Model: densenet121 | Dataset: malimg | Classes: 25 | Optimizer: sgd
2026-03-27 01:05:35 - __main__ - INFO - 
Epoch 1/50 | lr 0.000100
2026-03-27 01:06:12 - __main__ - INFO - Train: loss 2.3656 acc1 36.88%
2026-03-27 01:06:12 - __main__ - INFO - Val:   loss 1.8241 acc1 56.54%
2026-03-27 01:06:12 - __main__ - INFO - saved best: 56.54%
2026-03-27 01:06:12 - __main__ - INFO - 
Epoch 2/50 | lr 0.020080
2026-03-27 01:06:49 - __main__ - INFO - Train: loss 0.3429 acc1 90.88%
2026-03-27 01:06:49 - __main__ - INFO - Val:   loss 0.1364 acc1 95.40%
2026-03-27 01:06:49 - __main__ - INFO - saved best: 95.40%
2026-03-27 01:06:49 - __main__ - INFO - 
Epoch 3/50 | lr 0.040060
2026-03-27 01:07:26 - __main__ - INFO - Train: loss 0.1759 acc1 94.74%
2026-03-27 01:07:26 - __main__ - INFO - Val:   loss 0.1798 acc1 95.93%
2026-03-27 01:07:26 - __main__ - INFO - saved best: 95.93%
2026-03-27 01:07:26 - __main__ - INFO - 
Epoch 4/50 | lr 0.060040
2026-03-27 01:08:04 - __main__ - INFO - Train: loss 0.1459 acc1 95.72%
2026-03-27 01:08:04 - __main__ - INFO - Val:   loss 0.1123 acc1 97.17%
2026-03-27 01:08:04 - __main__ - INFO - saved best: 97.17%
2026-03-27 01:08:04 - __main__ - INFO - 
Epoch 5/50 | lr 0.080020
2026-03-27 01:08:41 - __main__ - INFO - Train: loss 0.1158 acc1 96.53%
2026-03-27 01:08:41 - __main__ - INFO - Val:   loss 0.0799 acc1 97.31%
2026-03-27 01:08:41 - __main__ - INFO - saved best: 97.31%
2026-03-27 01:08:41 - __main__ - INFO - 
Epoch 6/50 | lr 0.100000
2026-03-27 01:09:18 - __main__ - INFO - Train: loss 0.1167 acc1 96.42%
2026-03-27 01:09:18 - __main__ - INFO - Val:   loss 0.0971 acc1 96.90%
2026-03-27 01:09:18 - __main__ - INFO - 
Epoch 7/50 | lr 0.099878
2026-03-27 01:09:55 - __main__ - INFO - Train: loss 0.1360 acc1 96.62%
2026-03-27 01:09:55 - __main__ - INFO - Val:   loss 0.1296 acc1 96.37%
2026-03-27 01:09:55 - __main__ - INFO - 
Epoch 8/50 | lr 0.099513
2026-03-27 01:10:32 - __main__ - INFO - Train: loss 0.0986 acc1 97.07%
2026-03-27 01:10:32 - __main__ - INFO - Val:   loss 0.0779 acc1 97.05%
2026-03-27 01:10:32 - __main__ - INFO - 
Epoch 9/50 | lr 0.098907
2026-03-27 01:11:10 - __main__ - INFO - Train: loss 0.0746 acc1 97.66%
2026-03-27 01:11:10 - __main__ - INFO - Val:   loss 0.0819 acc1 97.19%
2026-03-27 01:11:10 - __main__ - INFO - 
Epoch 10/50 | lr 0.098063
2026-03-27 01:11:47 - __main__ - INFO - Train: loss 0.0676 acc1 97.95%
2026-03-27 01:11:47 - __main__ - INFO - Val:   loss 0.1118 acc1 97.17%
2026-03-27 01:11:47 - __main__ - INFO - 
Epoch 11/50 | lr 0.096985
2026-03-27 01:12:24 - __main__ - INFO - Train: loss 0.0577 acc1 98.20%
2026-03-27 01:12:24 - __main__ - INFO - Val:   loss 0.0852 acc1 97.16%
2026-03-27 01:12:24 - __main__ - INFO - 
Epoch 12/50 | lr 0.095678
2026-03-27 01:13:01 - __main__ - INFO - Train: loss 0.0518 acc1 98.39%
2026-03-27 01:13:01 - __main__ - INFO - Val:   loss 0.0788 acc1 97.18%
2026-03-27 01:13:01 - __main__ - INFO - 
Epoch 13/50 | lr 0.094148
2026-03-27 01:13:38 - __main__ - INFO - Train: loss 0.0529 acc1 98.39%
2026-03-27 01:13:38 - __main__ - INFO - Val:   loss 0.0770 acc1 97.71%
2026-03-27 01:13:38 - __main__ - INFO - saved best: 97.71%
2026-03-27 01:13:38 - __main__ - INFO - 
Epoch 14/50 | lr 0.092403
2026-03-27 01:14:16 - __main__ - INFO - Train: loss 0.0490 acc1 98.48%
2026-03-27 01:14:16 - __main__ - INFO - Val:   loss 0.0748 acc1 97.84%
2026-03-27 01:14:16 - __main__ - INFO - saved best: 97.84%
2026-03-27 01:14:16 - __main__ - INFO - 
Epoch 15/50 | lr 0.090452
2026-03-27 01:14:53 - __main__ - INFO - Train: loss 0.0416 acc1 98.81%
2026-03-27 01:14:53 - __main__ - INFO - Val:   loss 0.0760 acc1 97.44%
2026-03-27 01:14:53 - __main__ - INFO - 
Epoch 16/50 | lr 0.088303
2026-03-27 01:15:30 - __main__ - INFO - Train: loss 0.0424 acc1 98.74%
2026-03-27 01:15:30 - __main__ - INFO - Val:   loss 0.0791 acc1 97.58%
2026-03-27 01:15:30 - __main__ - INFO - 
Epoch 17/50 | lr 0.085968
2026-03-27 01:16:07 - __main__ - INFO - Train: loss 0.0411 acc1 98.74%
2026-03-27 01:16:07 - __main__ - INFO - Val:   loss 0.0794 acc1 97.58%
2026-03-27 01:16:07 - __main__ - INFO - 
Epoch 18/50 | lr 0.083458
2026-03-27 01:16:44 - __main__ - INFO - Train: loss 0.0375 acc1 98.90%
2026-03-27 01:16:44 - __main__ - INFO - Val:   loss 0.0785 acc1 97.43%
2026-03-27 01:16:44 - __main__ - INFO - 
Epoch 19/50 | lr 0.080785
2026-03-27 01:17:21 - __main__ - INFO - Train: loss 0.0360 acc1 98.93%
2026-03-27 01:17:21 - __main__ - INFO - Val:   loss 0.0809 acc1 97.30%
2026-03-27 01:17:21 - __main__ - INFO - 
Epoch 20/50 | lr 0.077962
2026-03-27 01:17:59 - __main__ - INFO - Train: loss 0.0356 acc1 98.94%
2026-03-27 01:17:59 - __main__ - INFO - Val:   loss 0.0759 acc1 97.56%
2026-03-27 01:17:59 - __main__ - INFO - 
Epoch 21/50 | lr 0.075002
2026-03-27 01:18:36 - __main__ - INFO - Train: loss 0.0354 acc1 98.96%
2026-03-27 01:18:36 - __main__ - INFO - Val:   loss 0.0749 acc1 97.71%
2026-03-27 01:18:36 - __main__ - INFO - 
Epoch 22/50 | lr 0.071921
2026-03-27 01:19:13 - __main__ - INFO - Train: loss 0.0387 acc1 98.86%
2026-03-27 01:19:13 - __main__ - INFO - Val:   loss 0.0763 acc1 97.57%
2026-03-27 01:19:13 - __main__ - INFO - 
Epoch 23/50 | lr 0.068733
2026-03-27 01:19:50 - __main__ - INFO - Train: loss 0.0366 acc1 98.93%
2026-03-27 01:19:50 - __main__ - INFO - Val:   loss 0.0702 acc1 97.71%
2026-03-27 01:19:50 - __main__ - INFO - 
Epoch 24/50 | lr 0.065454
2026-03-27 01:20:27 - __main__ - INFO - Train: loss 0.0356 acc1 98.94%
2026-03-27 01:20:27 - __main__ - INFO - Val:   loss 0.0767 acc1 97.57%
2026-03-27 01:20:27 - __main__ - INFO - 
Epoch 25/50 | lr 0.062100
2026-03-27 01:21:04 - __main__ - INFO - Train: loss 0.0355 acc1 98.96%
2026-03-27 01:21:04 - __main__ - INFO - Val:   loss 0.0723 acc1 97.57%
2026-03-27 01:21:04 - __main__ - INFO - 
Epoch 26/50 | lr 0.058687
2026-03-27 01:21:42 - __main__ - INFO - Train: loss 0.0355 acc1 98.94%
2026-03-27 01:21:42 - __main__ - INFO - Val:   loss 0.0731 acc1 97.70%
2026-03-27 01:21:42 - __main__ - INFO - 
Epoch 27/50 | lr 0.055231
2026-03-27 01:22:19 - __main__ - INFO - Train: loss 0.0360 acc1 98.96%
2026-03-27 01:22:19 - __main__ - INFO - Val:   loss 0.0755 acc1 97.71%
2026-03-27 01:22:19 - __main__ - INFO - 
Epoch 28/50 | lr 0.051750
2026-03-27 01:22:56 - __main__ - INFO - Train: loss 0.0347 acc1 98.94%
2026-03-27 01:22:56 - __main__ - INFO - Val:   loss 0.0751 acc1 97.57%
2026-03-27 01:22:56 - __main__ - INFO - 
Epoch 29/50 | lr 0.048260
2026-03-27 01:23:33 - __main__ - INFO - Train: loss 0.0347 acc1 98.96%
2026-03-27 01:23:33 - __main__ - INFO - Val:   loss 0.0751 acc1 97.71%
2026-03-27 01:23:33 - __main__ - INFO - 
Epoch 30/50 | lr 0.044779
2026-03-27 01:24:10 - __main__ - INFO - Train: loss 0.0351 acc1 98.94%
2026-03-27 01:24:10 - __main__ - INFO - Val:   loss 0.0774 acc1 97.57%
2026-03-27 01:24:10 - __main__ - INFO - 
Epoch 31/50 | lr 0.041323
2026-03-27 01:24:47 - __main__ - INFO - Train: loss 0.0348 acc1 98.96%
2026-03-27 01:24:47 - __main__ - INFO - Val:   loss 0.0767 acc1 97.57%
2026-03-27 01:24:47 - __main__ - INFO - 
Epoch 32/50 | lr 0.037910
2026-03-27 01:25:25 - __main__ - INFO - Train: loss 0.0345 acc1 98.96%
2026-03-27 01:25:25 - __main__ - INFO - Val:   loss 0.0728 acc1 97.70%
2026-03-27 01:25:25 - __main__ - INFO - 
Epoch 33/50 | lr 0.034556
2026-03-27 01:26:02 - __main__ - INFO - Train: loss 0.0349 acc1 98.96%
2026-03-27 01:26:02 - __main__ - INFO - Val:   loss 0.0734 acc1 97.57%
2026-03-27 01:26:02 - __main__ - INFO - 
Epoch 34/50 | lr 0.031277
2026-03-27 01:26:39 - __main__ - INFO - Train: loss 0.0342 acc1 98.96%
2026-03-27 01:26:39 - __main__ - INFO - Val:   loss 0.0800 acc1 97.83%
2026-03-27 01:26:39 - __main__ - INFO - 
Epoch 35/50 | lr 0.028089
2026-03-27 01:27:16 - __main__ - INFO - Train: loss 0.0341 acc1 98.96%
2026-03-27 01:27:16 - __main__ - INFO - Val:   loss 0.0786 acc1 97.83%
2026-03-27 01:27:16 - __main__ - INFO - 
Epoch 36/50 | lr 0.025008
2026-03-27 01:27:53 - __main__ - INFO - Train: loss 0.0344 acc1 98.96%
2026-03-27 01:27:53 - __main__ - INFO - Val:   loss 0.0739 acc1 97.57%
2026-03-27 01:27:53 - __main__ - INFO - 
Epoch 37/50 | lr 0.022048
2026-03-27 01:28:30 - __main__ - INFO - Train: loss 0.0343 acc1 98.96%
2026-03-27 01:28:30 - __main__ - INFO - Val:   loss 0.0736 acc1 97.57%
2026-03-27 01:28:30 - __main__ - INFO - 
Epoch 38/50 | lr 0.019225
2026-03-27 01:29:08 - __main__ - INFO - Train: loss 0.0343 acc1 98.96%
2026-03-27 01:29:08 - __main__ - INFO - Val:   loss 0.0777 acc1 97.57%
2026-03-27 01:29:08 - __main__ - INFO - 
Epoch 39/50 | lr 0.016552
2026-03-27 01:29:45 - __main__ - INFO - Train: loss 0.0344 acc1 98.95%
2026-03-27 01:29:45 - __main__ - INFO - Val:   loss 0.0749 acc1 97.57%
2026-03-27 01:29:45 - __main__ - INFO - 
Epoch 40/50 | lr 0.014042
2026-03-27 01:30:22 - __main__ - INFO - Train: loss 0.0341 acc1 98.95%
2026-03-27 01:30:22 - __main__ - INFO - Val:   loss 0.0740 acc1 97.57%
2026-03-27 01:30:22 - __main__ - INFO - 
Epoch 41/50 | lr 0.011707
2026-03-27 01:30:59 - __main__ - INFO - Train: loss 0.0339 acc1 98.96%
2026-03-27 01:30:59 - __main__ - INFO - Val:   loss 0.0772 acc1 97.57%
2026-03-27 01:30:59 - __main__ - INFO - 
Epoch 42/50 | lr 0.009558
2026-03-27 01:31:36 - __main__ - INFO - Train: loss 0.0340 acc1 98.95%
2026-03-27 01:31:36 - __main__ - INFO - Val:   loss 0.0734 acc1 97.57%
2026-03-27 01:31:36 - __main__ - INFO - 
Epoch 43/50 | lr 0.007607
2026-03-27 01:32:14 - __main__ - INFO - Train: loss 0.0342 acc1 98.94%
2026-03-27 01:32:14 - __main__ - INFO - Val:   loss 0.0742 acc1 97.57%
2026-03-27 01:32:14 - __main__ - INFO - 
Epoch 44/50 | lr 0.005862
2026-03-27 01:32:51 - __main__ - INFO - Train: loss 0.0337 acc1 98.96%
2026-03-27 01:32:51 - __main__ - INFO - Val:   loss 0.0724 acc1 97.57%
2026-03-27 01:32:51 - __main__ - INFO - 
Epoch 45/50 | lr 0.004332
2026-03-27 01:33:28 - __main__ - INFO - Train: loss 0.0338 acc1 98.96%
2026-03-27 01:33:28 - __main__ - INFO - Val:   loss 0.0730 acc1 97.57%
2026-03-27 01:33:28 - __main__ - INFO - 
Epoch 46/50 | lr 0.003025
2026-03-27 01:34:05 - __main__ - INFO - Train: loss 0.0337 acc1 98.96%
2026-03-27 01:34:05 - __main__ - INFO - Val:   loss 0.0749 acc1 97.70%
2026-03-27 01:34:05 - __main__ - INFO - 
Epoch 47/50 | lr 0.001947
2026-03-27 01:34:42 - __main__ - INFO - Train: loss 0.0336 acc1 98.96%
2026-03-27 01:34:42 - __main__ - INFO - Val:   loss 0.0740 acc1 97.57%
2026-03-27 01:34:42 - __main__ - INFO - 
Epoch 48/50 | lr 0.001103
2026-03-27 01:35:19 - __main__ - INFO - Train: loss 0.0335 acc1 98.96%
2026-03-27 01:35:19 - __main__ - INFO - Val:   loss 0.0751 acc1 97.57%
2026-03-27 01:35:19 - __main__ - INFO - 
Epoch 49/50 | lr 0.000497
2026-03-27 01:35:57 - __main__ - INFO - Train: loss 0.0337 acc1 98.96%
2026-03-27 01:35:57 - __main__ - INFO - Val:   loss 0.0741 acc1 97.70%
2026-03-27 01:35:57 - __main__ - INFO - 
Epoch 50/50 | lr 0.000132
2026-03-27 01:36:34 - __main__ - INFO - Train: loss 0.0337 acc1 98.96%
2026-03-27 01:36:34 - __main__ - INFO - Val:   loss 0.0747 acc1 97.57%
2026-03-27 01:36:34 - __main__ - INFO - Loaded best checkpoint weights for final test evaluation.
2026-03-27 01:36:37 - __main__ - INFO - 
Best tracked (val): 97.84%
2026-03-27 01:36:37 - __main__ - INFO - Final test: loss 0.0666 acc1 98.10%
2026-03-27 01:36:46 - __main__ - INFO - Variant [shuffled_cam_low_saliency] done — test acc 98.10%, test loss 0.0666
2026-03-27 01:36:46 - __main__ - INFO - Saved validation comparison plot: runs/malimg_2026_03/26/densenet121/validation_comparison_plot.png
2026-03-27 01:36:46 - __main__ - INFO - 
Starting output model sweep: efficientnet_b0
2026-03-27 01:36:46 - __main__ - INFO - 
============================================================
2026-03-27 01:36:46 - __main__ - INFO - Training output model: efficientnet_b0 [original]
2026-03-27 01:36:46 - __main__ - INFO -   Resolved config → opt=sgd, lr=0.05, wd=0.0001, bs=32, epochs=50, scheduler=cosine, warmup=5
2026-03-27 01:36:46 - __main__ - INFO - ============================================================
2026-03-27 01:36:46 - __main__ - INFO -   Validation during training uses variant split with val_split=0.1
2026-03-27 01:36:46 - __main__ - INFO -   Final test uses original test split
2026-03-27 01:36:46 - __main__ - INFO - device: cuda | cuda: True | gpu: NVIDIA L4
2026-03-27 01:36:47 - __main__ - INFO - Model: efficientnet_b0 | Dataset: malimg | Classes: 25 | Optimizer: sgd
2026-03-27 01:36:47 - __main__ - INFO - 
Epoch 1/50 | lr 0.000050
2026-03-27 01:37:07 - __main__ - INFO - Train: loss 2.9271 acc1 32.72%
2026-03-27 01:37:07 - __main__ - INFO - Val:   loss 3.0722 acc1 42.41%
2026-03-27 01:37:07 - __main__ - INFO - saved best: 42.41%
2026-03-27 01:37:07 - __main__ - INFO - 
Epoch 2/50 | lr 0.010040
2026-03-27 01:37:28 - __main__ - INFO - Train: loss 0.8443 acc1 76.77%
2026-03-27 01:37:28 - __main__ - INFO - Val:   loss 0.2843 acc1 89.90%
2026-03-27 01:37:28 - __main__ - INFO - saved best: 89.90%
2026-03-27 01:37:28 - __main__ - INFO - 
Epoch 3/50 | lr 0.020030
2026-03-27 01:37:48 - __main__ - INFO - Train: loss 0.3202 acc1 90.25%
2026-03-27 01:37:48 - __main__ - INFO - Val:   loss 0.1197 acc1 95.96%
2026-03-27 01:37:48 - __main__ - INFO - saved best: 95.96%
2026-03-27 01:37:48 - __main__ - INFO - 
Epoch 4/50 | lr 0.030020
2026-03-27 01:38:09 - __main__ - INFO - Train: loss 0.1844 acc1 94.49%
2026-03-27 01:38:09 - __main__ - INFO - Val:   loss 0.0754 acc1 97.70%
2026-03-27 01:38:09 - __main__ - INFO - saved best: 97.70%
2026-03-27 01:38:09 - __main__ - INFO - 
Epoch 5/50 | lr 0.040010
2026-03-27 01:38:29 - __main__ - INFO - Train: loss 0.1526 acc1 95.49%
2026-03-27 01:38:29 - __main__ - INFO - Val:   loss 0.1171 acc1 96.90%
2026-03-27 01:38:29 - __main__ - INFO - 
Epoch 6/50 | lr 0.050000
2026-03-27 01:38:50 - __main__ - INFO - Train: loss 0.2744 acc1 92.50%
2026-03-27 01:38:50 - __main__ - INFO - Val:   loss 0.1310 acc1 94.64%
2026-03-27 01:38:50 - __main__ - INFO - 
Epoch 7/50 | lr 0.049939
2026-03-27 01:39:10 - __main__ - INFO - Train: loss 0.1268 acc1 96.05%
2026-03-27 01:39:10 - __main__ - INFO - Val:   loss 0.1002 acc1 96.63%
2026-03-27 01:39:10 - __main__ - INFO - 
Epoch 8/50 | lr 0.049757
2026-03-27 01:39:30 - __main__ - INFO - Train: loss 0.0986 acc1 97.09%
2026-03-27 01:39:30 - __main__ - INFO - Val:   loss 0.0617 acc1 97.71%
2026-03-27 01:39:30 - __main__ - INFO - saved best: 97.71%
2026-03-27 01:39:30 - __main__ - INFO - 
Epoch 9/50 | lr 0.049454
2026-03-27 01:39:51 - __main__ - INFO - Train: loss 0.0915 acc1 97.27%
2026-03-27 01:39:51 - __main__ - INFO - Val:   loss 0.0863 acc1 97.69%
2026-03-27 01:39:51 - __main__ - INFO - 
Epoch 10/50 | lr 0.049032
2026-03-27 01:40:11 - __main__ - INFO - Train: loss 0.0667 acc1 98.10%
2026-03-27 01:40:11 - __main__ - INFO - Val:   loss 0.0705 acc1 97.57%
2026-03-27 01:40:11 - __main__ - INFO - 
Epoch 11/50 | lr 0.048493
2026-03-27 01:40:32 - __main__ - INFO - Train: loss 0.0610 acc1 98.12%
2026-03-27 01:40:32 - __main__ - INFO - Val:   loss 0.0648 acc1 97.57%
2026-03-27 01:40:32 - __main__ - INFO - 
Epoch 12/50 | lr 0.047839
2026-03-27 01:40:52 - __main__ - INFO - Train: loss 0.0662 acc1 98.08%
2026-03-27 01:40:52 - __main__ - INFO - Val:   loss 0.0922 acc1 97.70%
2026-03-27 01:40:52 - __main__ - INFO - 
Epoch 13/50 | lr 0.047074
2026-03-27 01:41:13 - __main__ - INFO - Train: loss 0.0533 acc1 98.33%
2026-03-27 01:41:13 - __main__ - INFO - Val:   loss 0.0925 acc1 97.30%
2026-03-27 01:41:13 - __main__ - INFO - 
Epoch 14/50 | lr 0.046202
2026-03-27 01:41:33 - __main__ - INFO - Train: loss 0.0556 acc1 98.21%
2026-03-27 01:41:33 - __main__ - INFO - Val:   loss 0.0825 acc1 97.83%
2026-03-27 01:41:33 - __main__ - INFO - saved best: 97.83%
2026-03-27 01:41:33 - __main__ - INFO - 
Epoch 15/50 | lr 0.045226
2026-03-27 01:41:53 - __main__ - INFO - Train: loss 0.0532 acc1 98.48%
2026-03-27 01:41:53 - __main__ - INFO - Val:   loss 0.0681 acc1 97.82%
2026-03-27 01:41:53 - __main__ - INFO - 
Epoch 16/50 | lr 0.044152
2026-03-27 01:42:14 - __main__ - INFO - Train: loss 0.0465 acc1 98.57%
2026-03-27 01:42:14 - __main__ - INFO - Val:   loss 0.0637 acc1 97.97%
2026-03-27 01:42:14 - __main__ - INFO - saved best: 97.97%
2026-03-27 01:42:14 - __main__ - INFO - 
Epoch 17/50 | lr 0.042985
2026-03-27 01:42:34 - __main__ - INFO - Train: loss 0.0429 acc1 98.65%
2026-03-27 01:42:34 - __main__ - INFO - Val:   loss 0.0818 acc1 97.56%
2026-03-27 01:42:34 - __main__ - INFO - 
Epoch 18/50 | lr 0.041730
2026-03-27 01:42:55 - __main__ - INFO - Train: loss 0.0490 acc1 98.60%
2026-03-27 01:42:55 - __main__ - INFO - Val:   loss 0.0684 acc1 97.69%
2026-03-27 01:42:55 - __main__ - INFO - 
Epoch 19/50 | lr 0.040393
2026-03-27 01:43:15 - __main__ - INFO - Train: loss 0.0445 acc1 98.65%
2026-03-27 01:43:15 - __main__ - INFO - Val:   loss 0.0581 acc1 97.84%
2026-03-27 01:43:15 - __main__ - INFO - 
Epoch 20/50 | lr 0.038982
2026-03-27 01:43:36 - __main__ - INFO - Train: loss 0.0435 acc1 98.70%
2026-03-27 01:43:36 - __main__ - INFO - Val:   loss 0.0696 acc1 97.30%
2026-03-27 01:43:36 - __main__ - INFO - 
Epoch 21/50 | lr 0.037503
2026-03-27 01:43:56 - __main__ - INFO - Train: loss 0.0399 acc1 98.87%
2026-03-27 01:43:56 - __main__ - INFO - Val:   loss 0.0583 acc1 97.83%
2026-03-27 01:43:56 - __main__ - INFO - 
Epoch 22/50 | lr 0.035962
2026-03-27 01:44:16 - __main__ - INFO - Train: loss 0.0400 acc1 98.84%
2026-03-27 01:44:16 - __main__ - INFO - Val:   loss 0.0649 acc1 97.83%
2026-03-27 01:44:16 - __main__ - INFO - 
Epoch 23/50 | lr 0.034368
2026-03-27 01:44:37 - __main__ - INFO - Train: loss 0.0390 acc1 98.79%
2026-03-27 01:44:37 - __main__ - INFO - Val:   loss 0.0667 acc1 97.71%
2026-03-27 01:44:37 - __main__ - INFO - 
Epoch 24/50 | lr 0.032729
2026-03-27 01:44:57 - __main__ - INFO - Train: loss 0.0390 acc1 98.82%
2026-03-27 01:44:57 - __main__ - INFO - Val:   loss 0.0552 acc1 97.97%
2026-03-27 01:44:57 - __main__ - INFO - 
Epoch 25/50 | lr 0.031052
2026-03-27 01:45:18 - __main__ - INFO - Train: loss 0.0371 acc1 98.89%
2026-03-27 01:45:18 - __main__ - INFO - Val:   loss 0.0584 acc1 97.97%
2026-03-27 01:45:18 - __main__ - INFO - 
Epoch 26/50 | lr 0.029345
2026-03-27 01:45:38 - __main__ - INFO - Train: loss 0.0370 acc1 98.90%
2026-03-27 01:45:38 - __main__ - INFO - Val:   loss 0.0668 acc1 97.97%
2026-03-27 01:45:38 - __main__ - INFO - 
Epoch 27/50 | lr 0.027618
2026-03-27 01:45:58 - __main__ - INFO - Train: loss 0.0375 acc1 98.90%
2026-03-27 01:45:58 - __main__ - INFO - Val:   loss 0.0561 acc1 97.97%
2026-03-27 01:45:58 - __main__ - INFO - 
Epoch 28/50 | lr 0.025877
2026-03-27 01:46:19 - __main__ - INFO - Train: loss 0.0359 acc1 98.90%
2026-03-27 01:46:19 - __main__ - INFO - Val:   loss 0.0579 acc1 97.97%
2026-03-27 01:46:19 - __main__ - INFO - 
Epoch 29/50 | lr 0.024133
2026-03-27 01:46:39 - __main__ - INFO - Train: loss 0.0359 acc1 98.93%
2026-03-27 01:46:39 - __main__ - INFO - Val:   loss 0.0600 acc1 97.97%
2026-03-27 01:46:39 - __main__ - INFO - 
Epoch 30/50 | lr 0.022392
2026-03-27 01:47:00 - __main__ - INFO - Train: loss 0.0366 acc1 98.89%
2026-03-27 01:47:00 - __main__ - INFO - Val:   loss 0.0527 acc1 98.10%
2026-03-27 01:47:00 - __main__ - INFO - saved best: 98.10%
2026-03-27 01:47:00 - __main__ - INFO - 
Epoch 31/50 | lr 0.020665
2026-03-27 01:47:20 - __main__ - INFO - Train: loss 0.0373 acc1 98.89%
2026-03-27 01:47:20 - __main__ - INFO - Val:   loss 0.0590 acc1 98.10%
2026-03-27 01:47:20 - __main__ - INFO - 
Epoch 32/50 | lr 0.018958
2026-03-27 01:47:41 - __main__ - INFO - Train: loss 0.0356 acc1 98.91%
2026-03-27 01:47:41 - __main__ - INFO - Val:   loss 0.0590 acc1 97.97%
2026-03-27 01:47:41 - __main__ - INFO - 
Epoch 33/50 | lr 0.017281
2026-03-27 01:48:01 - __main__ - INFO - Train: loss 0.0343 acc1 98.94%
2026-03-27 01:48:01 - __main__ - INFO - Val:   loss 0.0664 acc1 98.10%
2026-03-27 01:48:01 - __main__ - INFO - 
Epoch 34/50 | lr 0.015642
2026-03-27 01:48:21 - __main__ - INFO - Train: loss 0.0357 acc1 98.94%
2026-03-27 01:48:21 - __main__ - INFO - Val:   loss 0.0597 acc1 97.97%
2026-03-27 01:48:21 - __main__ - INFO - 
Epoch 35/50 | lr 0.014048
2026-03-27 01:48:42 - __main__ - INFO - Train: loss 0.0344 acc1 98.94%
2026-03-27 01:48:42 - __main__ - INFO - Val:   loss 0.0542 acc1 98.10%
2026-03-27 01:48:42 - __main__ - INFO - 
Epoch 36/50 | lr 0.012508
2026-03-27 01:49:02 - __main__ - INFO - Train: loss 0.0349 acc1 98.94%
2026-03-27 01:49:02 - __main__ - INFO - Val:   loss 0.0545 acc1 98.10%
2026-03-27 01:49:02 - __main__ - INFO - 
Epoch 37/50 | lr 0.011028
2026-03-27 01:49:23 - __main__ - INFO - Train: loss 0.0344 acc1 98.93%
2026-03-27 01:49:23 - __main__ - INFO - Val:   loss 0.0598 acc1 97.97%
2026-03-27 01:49:23 - __main__ - INFO - 
Epoch 38/50 | lr 0.009617
2026-03-27 01:49:43 - __main__ - INFO - Train: loss 0.0345 acc1 98.94%
2026-03-27 01:49:43 - __main__ - INFO - Val:   loss 0.0574 acc1 98.10%
2026-03-27 01:49:43 - __main__ - INFO - 
Epoch 39/50 | lr 0.008280
2026-03-27 01:50:03 - __main__ - INFO - Train: loss 0.0342 acc1 98.94%
2026-03-27 01:50:03 - __main__ - INFO - Val:   loss 0.0578 acc1 97.97%
2026-03-27 01:50:03 - __main__ - INFO - 
Epoch 40/50 | lr 0.007025
2026-03-27 01:50:24 - __main__ - INFO - Train: loss 0.0349 acc1 98.94%
2026-03-27 01:50:24 - __main__ - INFO - Val:   loss 0.0552 acc1 98.10%
2026-03-27 01:50:24 - __main__ - INFO - 
Epoch 41/50 | lr 0.005858
2026-03-27 01:50:44 - __main__ - INFO - Train: loss 0.0347 acc1 98.94%
2026-03-27 01:50:44 - __main__ - INFO - Val:   loss 0.0556 acc1 98.10%
2026-03-27 01:50:44 - __main__ - INFO - 
Epoch 42/50 | lr 0.004784
2026-03-27 01:51:05 - __main__ - INFO - Train: loss 0.0345 acc1 98.91%
2026-03-27 01:51:05 - __main__ - INFO - Val:   loss 0.0554 acc1 98.10%
2026-03-27 01:51:05 - __main__ - INFO - 
Epoch 43/50 | lr 0.003808
2026-03-27 01:51:25 - __main__ - INFO - Train: loss 0.0351 acc1 98.93%
2026-03-27 01:51:25 - __main__ - INFO - Val:   loss 0.0549 acc1 98.10%
2026-03-27 01:51:25 - __main__ - INFO - 
Epoch 44/50 | lr 0.002936
2026-03-27 01:51:46 - __main__ - INFO - Train: loss 0.0345 acc1 98.94%
2026-03-27 01:51:46 - __main__ - INFO - Val:   loss 0.0540 acc1 98.10%
2026-03-27 01:51:46 - __main__ - INFO - 
Epoch 45/50 | lr 0.002171
2026-03-27 01:52:06 - __main__ - INFO - Train: loss 0.0342 acc1 98.94%
2026-03-27 01:52:06 - __main__ - INFO - Val:   loss 0.0563 acc1 97.97%
2026-03-27 01:52:06 - __main__ - INFO - 
Epoch 46/50 | lr 0.001517
2026-03-27 01:52:26 - __main__ - INFO - Train: loss 0.0346 acc1 98.94%
2026-03-27 01:52:26 - __main__ - INFO - Val:   loss 0.0568 acc1 97.97%
2026-03-27 01:52:26 - __main__ - INFO - 
Epoch 47/50 | lr 0.000978
2026-03-27 01:52:47 - __main__ - INFO - Train: loss 0.0344 acc1 98.94%
2026-03-27 01:52:47 - __main__ - INFO - Val:   loss 0.0567 acc1 97.97%
2026-03-27 01:52:47 - __main__ - INFO - 
Epoch 48/50 | lr 0.000556
2026-03-27 01:53:07 - __main__ - INFO - Train: loss 0.0341 acc1 98.94%
2026-03-27 01:53:07 - __main__ - INFO - Val:   loss 0.0556 acc1 98.10%
2026-03-27 01:53:07 - __main__ - INFO - 
Epoch 49/50 | lr 0.000253
2026-03-27 01:53:28 - __main__ - INFO - Train: loss 0.0349 acc1 98.93%
2026-03-27 01:53:28 - __main__ - INFO - Val:   loss 0.0553 acc1 97.97%
2026-03-27 01:53:28 - __main__ - INFO - 
Epoch 50/50 | lr 0.000071
2026-03-27 01:53:48 - __main__ - INFO - Train: loss 0.0348 acc1 98.93%
2026-03-27 01:53:48 - __main__ - INFO - Val:   loss 0.0543 acc1 98.10%
2026-03-27 01:53:48 - __main__ - INFO - Loaded best checkpoint weights for final test evaluation.
2026-03-27 01:53:50 - __main__ - INFO - 
Best tracked (val): 98.10%
2026-03-27 01:53:50 - __main__ - INFO - Final test: loss 0.0755 acc1 97.94%
2026-03-27 01:53:55 - __main__ - INFO - Variant [original] done — test acc 97.94%, test loss 0.0755
2026-03-27 01:53:55 - __main__ - INFO - 
============================================================
2026-03-27 01:53:55 - __main__ - INFO - Training output model: efficientnet_b0 [low_saliency]
2026-03-27 01:53:55 - __main__ - INFO -   Resolved config → opt=sgd, lr=0.05, wd=0.0001, bs=32, epochs=50, scheduler=cosine, warmup=5
2026-03-27 01:53:55 - __main__ - INFO - ============================================================
2026-03-27 01:53:55 - __main__ - INFO -   Validation during training uses variant split with val_split=0.1
2026-03-27 01:53:55 - __main__ - INFO -   Final test uses low_saliency variant test split
2026-03-27 01:53:55 - __main__ - INFO - device: cuda | cuda: True | gpu: NVIDIA L4
2026-03-27 01:53:55 - __main__ - INFO - Model: efficientnet_b0 | Dataset: malimg | Classes: 25 | Optimizer: sgd
2026-03-27 01:53:55 - __main__ - INFO - 
Epoch 1/50 | lr 0.000050
2026-03-27 01:54:16 - __main__ - INFO - Train: loss 2.8739 acc1 33.38%
2026-03-27 01:54:16 - __main__ - INFO - Val:   loss 2.8320 acc1 42.43%
2026-03-27 01:54:16 - __main__ - INFO - saved best: 42.43%
2026-03-27 01:54:16 - __main__ - INFO - 
Epoch 2/50 | lr 0.010040
2026-03-27 01:54:36 - __main__ - INFO - Train: loss 0.8424 acc1 77.36%
2026-03-27 01:54:36 - __main__ - INFO - Val:   loss 1.3420 acc1 92.22%
2026-03-27 01:54:36 - __main__ - INFO - saved best: 92.22%
2026-03-27 01:54:36 - __main__ - INFO - 
Epoch 3/50 | lr 0.020030
2026-03-27 01:54:57 - __main__ - INFO - Train: loss 0.3336 acc1 90.40%
2026-03-27 01:54:57 - __main__ - INFO - Val:   loss 0.4549 acc1 85.76%
2026-03-27 01:54:57 - __main__ - INFO - 
Epoch 4/50 | lr 0.030020
2026-03-27 01:55:17 - __main__ - INFO - Train: loss 0.2787 acc1 92.01%
2026-03-27 01:55:17 - __main__ - INFO - Val:   loss 0.1914 acc1 95.83%
2026-03-27 01:55:17 - __main__ - INFO - saved best: 95.83%
2026-03-27 01:55:17 - __main__ - INFO - 
Epoch 5/50 | lr 0.040010
2026-03-27 01:55:37 - __main__ - INFO - Train: loss 0.1539 acc1 95.56%
2026-03-27 01:55:37 - __main__ - INFO - Val:   loss 0.1037 acc1 97.16%
2026-03-27 01:55:37 - __main__ - INFO - saved best: 97.16%
2026-03-27 01:55:37 - __main__ - INFO - 
Epoch 6/50 | lr 0.050000
2026-03-27 01:55:58 - __main__ - INFO - Train: loss 0.1213 acc1 96.53%
2026-03-27 01:55:58 - __main__ - INFO - Val:   loss 0.1202 acc1 96.35%
2026-03-27 01:55:58 - __main__ - INFO - 
Epoch 7/50 | lr 0.049939
2026-03-27 01:56:18 - __main__ - INFO - Train: loss 0.1181 acc1 96.58%
2026-03-27 01:56:18 - __main__ - INFO - Val:   loss 0.0759 acc1 97.70%
2026-03-27 01:56:18 - __main__ - INFO - saved best: 97.70%
2026-03-27 01:56:18 - __main__ - INFO - 
Epoch 8/50 | lr 0.049757
2026-03-27 01:56:38 - __main__ - INFO - Train: loss 0.0834 acc1 97.23%
2026-03-27 01:56:38 - __main__ - INFO - Val:   loss 0.0578 acc1 97.70%
2026-03-27 01:56:38 - __main__ - INFO - 
Epoch 9/50 | lr 0.049454
2026-03-27 01:56:59 - __main__ - INFO - Train: loss 0.0667 acc1 97.87%
2026-03-27 01:56:59 - __main__ - INFO - Val:   loss 0.0857 acc1 97.56%
2026-03-27 01:56:59 - __main__ - INFO - 
Epoch 10/50 | lr 0.049032
2026-03-27 01:57:19 - __main__ - INFO - Train: loss 0.0609 acc1 98.23%
2026-03-27 01:57:19 - __main__ - INFO - Val:   loss 0.0568 acc1 97.96%
2026-03-27 01:57:19 - __main__ - INFO - saved best: 97.96%
2026-03-27 01:57:19 - __main__ - INFO - 
Epoch 11/50 | lr 0.048493
2026-03-27 01:57:39 - __main__ - INFO - Train: loss 0.0566 acc1 98.17%
2026-03-27 01:57:39 - __main__ - INFO - Val:   loss 0.0569 acc1 97.83%
2026-03-27 01:57:39 - __main__ - INFO - 
Epoch 12/50 | lr 0.047839
2026-03-27 01:58:00 - __main__ - INFO - Train: loss 0.0538 acc1 98.39%
2026-03-27 01:58:00 - __main__ - INFO - Val:   loss 0.1007 acc1 97.70%
2026-03-27 01:58:00 - __main__ - INFO - 
Epoch 13/50 | lr 0.047074
2026-03-27 01:58:20 - __main__ - INFO - Train: loss 0.0462 acc1 98.70%
2026-03-27 01:58:20 - __main__ - INFO - Val:   loss 0.0618 acc1 97.83%
2026-03-27 01:58:20 - __main__ - INFO - 
Epoch 14/50 | lr 0.046202
2026-03-27 01:58:40 - __main__ - INFO - Train: loss 0.0660 acc1 97.96%
2026-03-27 01:58:40 - __main__ - INFO - Val:   loss 0.0725 acc1 97.70%
2026-03-27 01:58:40 - __main__ - INFO - 
Epoch 15/50 | lr 0.045226
2026-03-27 01:59:01 - __main__ - INFO - Train: loss 0.0638 acc1 98.11%
2026-03-27 01:59:01 - __main__ - INFO - Val:   loss 0.0598 acc1 97.82%
2026-03-27 01:59:01 - __main__ - INFO - 
Epoch 16/50 | lr 0.044152
2026-03-27 01:59:21 - __main__ - INFO - Train: loss 0.0552 acc1 98.36%
2026-03-27 01:59:21 - __main__ - INFO - Val:   loss 0.0690 acc1 97.83%
2026-03-27 01:59:21 - __main__ - INFO - 
Epoch 17/50 | lr 0.042985
2026-03-27 01:59:41 - __main__ - INFO - Train: loss 0.0424 acc1 98.75%
2026-03-27 01:59:41 - __main__ - INFO - Val:   loss 0.0799 acc1 97.42%
2026-03-27 01:59:41 - __main__ - INFO - 
Epoch 18/50 | lr 0.041730
2026-03-27 02:00:02 - __main__ - INFO - Train: loss 0.0525 acc1 98.42%
2026-03-27 02:00:02 - __main__ - INFO - Val:   loss 0.0879 acc1 97.44%
2026-03-27 02:00:02 - __main__ - INFO - 
Epoch 19/50 | lr 0.040393
2026-03-27 02:00:22 - __main__ - INFO - Train: loss 0.0460 acc1 98.62%
2026-03-27 02:00:22 - __main__ - INFO - Val:   loss 0.0679 acc1 97.97%
2026-03-27 02:00:22 - __main__ - INFO - saved best: 97.97%
2026-03-27 02:00:22 - __main__ - INFO - 
Epoch 20/50 | lr 0.038982
2026-03-27 02:00:42 - __main__ - INFO - Train: loss 0.0442 acc1 98.66%
2026-03-27 02:00:42 - __main__ - INFO - Val:   loss 0.0640 acc1 98.10%
2026-03-27 02:00:42 - __main__ - INFO - saved best: 98.10%
2026-03-27 02:00:42 - __main__ - INFO - 
Epoch 21/50 | lr 0.037503
2026-03-27 02:01:03 - __main__ - INFO - Train: loss 0.0394 acc1 98.84%
2026-03-27 02:01:03 - __main__ - INFO - Val:   loss 0.0634 acc1 97.96%
2026-03-27 02:01:03 - __main__ - INFO - 
Epoch 22/50 | lr 0.035962
2026-03-27 02:01:23 - __main__ - INFO - Train: loss 0.0368 acc1 98.91%
2026-03-27 02:01:23 - __main__ - INFO - Val:   loss 0.0704 acc1 97.96%
2026-03-27 02:01:23 - __main__ - INFO - 
Epoch 23/50 | lr 0.034368
2026-03-27 02:01:43 - __main__ - INFO - Train: loss 0.0388 acc1 98.85%
2026-03-27 02:01:43 - __main__ - INFO - Val:   loss 0.0931 acc1 97.57%
2026-03-27 02:01:43 - __main__ - INFO - 
Epoch 24/50 | lr 0.032729
2026-03-27 02:02:04 - __main__ - INFO - Train: loss 0.0367 acc1 98.91%
2026-03-27 02:02:04 - __main__ - INFO - Val:   loss 0.0636 acc1 97.96%
2026-03-27 02:02:04 - __main__ - INFO - 
Epoch 25/50 | lr 0.031052
2026-03-27 02:02:24 - __main__ - INFO - Train: loss 0.0378 acc1 98.85%
2026-03-27 02:02:24 - __main__ - INFO - Val:   loss 0.0628 acc1 97.97%
2026-03-27 02:02:24 - __main__ - INFO - 
Epoch 26/50 | lr 0.029345
2026-03-27 02:02:44 - __main__ - INFO - Train: loss 0.0371 acc1 98.87%
2026-03-27 02:02:44 - __main__ - INFO - Val:   loss 0.0771 acc1 97.97%
2026-03-27 02:02:44 - __main__ - INFO - 
Epoch 27/50 | lr 0.027618
2026-03-27 02:03:05 - __main__ - INFO - Train: loss 0.0362 acc1 98.91%
2026-03-27 02:03:05 - __main__ - INFO - Val:   loss 0.0645 acc1 97.83%
2026-03-27 02:03:05 - __main__ - INFO - 
Epoch 28/50 | lr 0.025877
2026-03-27 02:03:25 - __main__ - INFO - Train: loss 0.0352 acc1 98.94%
2026-03-27 02:03:25 - __main__ - INFO - Val:   loss 0.0619 acc1 97.83%
2026-03-27 02:03:25 - __main__ - INFO - 
Epoch 29/50 | lr 0.024133
2026-03-27 02:03:45 - __main__ - INFO - Train: loss 0.0357 acc1 98.93%
2026-03-27 02:03:45 - __main__ - INFO - Val:   loss 0.0605 acc1 97.97%
2026-03-27 02:03:45 - __main__ - INFO - 
Epoch 30/50 | lr 0.022392
2026-03-27 02:04:06 - __main__ - INFO - Train: loss 0.0355 acc1 98.94%
2026-03-27 02:04:06 - __main__ - INFO - Val:   loss 0.0572 acc1 97.96%
2026-03-27 02:04:06 - __main__ - INFO - 
Epoch 31/50 | lr 0.020665
2026-03-27 02:04:26 - __main__ - INFO - Train: loss 0.0352 acc1 98.94%
2026-03-27 02:04:26 - __main__ - INFO - Val:   loss 0.0663 acc1 97.83%
2026-03-27 02:04:26 - __main__ - INFO - 
Epoch 32/50 | lr 0.018958
2026-03-27 02:04:46 - __main__ - INFO - Train: loss 0.0367 acc1 98.87%
2026-03-27 02:04:46 - __main__ - INFO - Val:   loss 0.0706 acc1 97.83%
2026-03-27 02:04:46 - __main__ - INFO - 
Epoch 33/50 | lr 0.017281
2026-03-27 02:05:07 - __main__ - INFO - Train: loss 0.0344 acc1 98.94%
2026-03-27 02:05:07 - __main__ - INFO - Val:   loss 0.0718 acc1 97.83%
2026-03-27 02:05:07 - __main__ - INFO - 
Epoch 34/50 | lr 0.015642
2026-03-27 02:05:27 - __main__ - INFO - Train: loss 0.0355 acc1 98.94%
2026-03-27 02:05:27 - __main__ - INFO - Val:   loss 0.0676 acc1 97.83%
2026-03-27 02:05:27 - __main__ - INFO - 
Epoch 35/50 | lr 0.014048
2026-03-27 02:05:47 - __main__ - INFO - Train: loss 0.0344 acc1 98.94%
2026-03-27 02:05:47 - __main__ - INFO - Val:   loss 0.0634 acc1 97.83%
2026-03-27 02:05:47 - __main__ - INFO - 
Epoch 36/50 | lr 0.012508
2026-03-27 02:06:08 - __main__ - INFO - Train: loss 0.0345 acc1 98.94%
2026-03-27 02:06:08 - __main__ - INFO - Val:   loss 0.0649 acc1 97.83%
2026-03-27 02:06:08 - __main__ - INFO - 
Epoch 37/50 | lr 0.011028
2026-03-27 02:06:28 - __main__ - INFO - Train: loss 0.0342 acc1 98.94%
2026-03-27 02:06:28 - __main__ - INFO - Val:   loss 0.0677 acc1 97.83%
2026-03-27 02:06:28 - __main__ - INFO - 
Epoch 38/50 | lr 0.009617
2026-03-27 02:06:48 - __main__ - INFO - Train: loss 0.0346 acc1 98.94%
2026-03-27 02:06:48 - __main__ - INFO - Val:   loss 0.0645 acc1 97.83%
2026-03-27 02:06:48 - __main__ - INFO - 
Epoch 39/50 | lr 0.008280
2026-03-27 02:07:09 - __main__ - INFO - Train: loss 0.0341 acc1 98.94%
2026-03-27 02:07:09 - __main__ - INFO - Val:   loss 0.0645 acc1 97.83%
2026-03-27 02:07:09 - __main__ - INFO - 
Epoch 40/50 | lr 0.007025
2026-03-27 02:07:29 - __main__ - INFO - Train: loss 0.0351 acc1 98.91%
2026-03-27 02:07:29 - __main__ - INFO - Val:   loss 0.0626 acc1 97.83%
2026-03-27 02:07:29 - __main__ - INFO - 
Epoch 41/50 | lr 0.005858
2026-03-27 02:07:49 - __main__ - INFO - Train: loss 0.0343 acc1 98.94%
2026-03-27 02:07:49 - __main__ - INFO - Val:   loss 0.0613 acc1 97.83%
2026-03-27 02:07:49 - __main__ - INFO - 
Epoch 42/50 | lr 0.004784
2026-03-27 02:08:10 - __main__ - INFO - Train: loss 0.0342 acc1 98.94%
2026-03-27 02:08:10 - __main__ - INFO - Val:   loss 0.0631 acc1 97.83%
2026-03-27 02:08:10 - __main__ - INFO - 
Epoch 43/50 | lr 0.003808
2026-03-27 02:08:30 - __main__ - INFO - Train: loss 0.0349 acc1 98.93%
2026-03-27 02:08:30 - __main__ - INFO - Val:   loss 0.0632 acc1 97.83%
2026-03-27 02:08:30 - __main__ - INFO - 
Epoch 44/50 | lr 0.002936
2026-03-27 02:08:50 - __main__ - INFO - Train: loss 0.0345 acc1 98.93%
2026-03-27 02:08:50 - __main__ - INFO - Val:   loss 0.0607 acc1 97.83%
2026-03-27 02:08:50 - __main__ - INFO - 
Epoch 45/50 | lr 0.002171
2026-03-27 02:09:11 - __main__ - INFO - Train: loss 0.0344 acc1 98.94%
2026-03-27 02:09:11 - __main__ - INFO - Val:   loss 0.0622 acc1 97.83%
2026-03-27 02:09:11 - __main__ - INFO - 
Epoch 46/50 | lr 0.001517
2026-03-27 02:09:31 - __main__ - INFO - Train: loss 0.0344 acc1 98.94%
2026-03-27 02:09:31 - __main__ - INFO - Val:   loss 0.0621 acc1 97.83%
2026-03-27 02:09:31 - __main__ - INFO - 
Epoch 47/50 | lr 0.000978
2026-03-27 02:09:51 - __main__ - INFO - Train: loss 0.0346 acc1 98.93%
2026-03-27 02:09:51 - __main__ - INFO - Val:   loss 0.0607 acc1 97.83%
2026-03-27 02:09:51 - __main__ - INFO - 
Epoch 48/50 | lr 0.000556
2026-03-27 02:10:12 - __main__ - INFO - Train: loss 0.0341 acc1 98.94%
2026-03-27 02:10:12 - __main__ - INFO - Val:   loss 0.0622 acc1 97.83%
2026-03-27 02:10:12 - __main__ - INFO - 
Epoch 49/50 | lr 0.000253
2026-03-27 02:10:32 - __main__ - INFO - Train: loss 0.0343 acc1 98.93%
2026-03-27 02:10:32 - __main__ - INFO - Val:   loss 0.0624 acc1 97.83%
2026-03-27 02:10:32 - __main__ - INFO - 
Epoch 50/50 | lr 0.000071
2026-03-27 02:10:52 - __main__ - INFO - Train: loss 0.0341 acc1 98.93%
2026-03-27 02:10:52 - __main__ - INFO - Val:   loss 0.0625 acc1 97.83%
2026-03-27 02:10:52 - __main__ - INFO - Loaded best checkpoint weights for final test evaluation.
2026-03-27 02:10:54 - __main__ - INFO - 
Best tracked (val): 98.10%
2026-03-27 02:10:54 - __main__ - INFO - Final test: loss 0.0825 acc1 98.14%
2026-03-27 02:10:59 - __main__ - INFO - Variant [low_saliency] done — test acc 98.14%, test loss 0.0825
2026-03-27 02:10:59 - __main__ - INFO - 
============================================================
2026-03-27 02:10:59 - __main__ - INFO - Training output model: efficientnet_b0 [random_sparsity]
2026-03-27 02:10:59 - __main__ - INFO -   Resolved config → opt=sgd, lr=0.05, wd=0.0001, bs=32, epochs=50, scheduler=cosine, warmup=5
2026-03-27 02:10:59 - __main__ - INFO - ============================================================
2026-03-27 02:10:59 - __main__ - INFO -   Validation during training uses variant split with val_split=0.1
2026-03-27 02:10:59 - __main__ - INFO -   Final test uses random_sparsity variant test split
2026-03-27 02:10:59 - __main__ - INFO - device: cuda | cuda: True | gpu: NVIDIA L4
2026-03-27 02:11:00 - __main__ - INFO - Model: efficientnet_b0 | Dataset: malimg | Classes: 25 | Optimizer: sgd
2026-03-27 02:11:00 - __main__ - INFO - 
Epoch 1/50 | lr 0.000050
2026-03-27 02:11:20 - __main__ - INFO - Train: loss 2.9771 acc1 26.59%
2026-03-27 02:11:20 - __main__ - INFO - Val:   loss 2.9810 acc1 32.79%
2026-03-27 02:11:21 - __main__ - INFO - saved best: 32.79%
2026-03-27 02:11:21 - __main__ - INFO - 
Epoch 2/50 | lr 0.010040
2026-03-27 02:11:41 - __main__ - INFO - Train: loss 1.0298 acc1 70.52%
2026-03-27 02:11:41 - __main__ - INFO - Val:   loss 0.3373 acc1 88.96%
2026-03-27 02:11:41 - __main__ - INFO - saved best: 88.96%
2026-03-27 02:11:41 - __main__ - INFO - 
Epoch 3/50 | lr 0.020030
2026-03-27 02:12:01 - __main__ - INFO - Train: loss 0.4132 acc1 88.35%
2026-03-27 02:12:01 - __main__ - INFO - Val:   loss 0.1859 acc1 94.48%
2026-03-27 02:12:01 - __main__ - INFO - saved best: 94.48%
2026-03-27 02:12:01 - __main__ - INFO - 
Epoch 4/50 | lr 0.030020
2026-03-27 02:12:22 - __main__ - INFO - Train: loss 0.2549 acc1 92.39%
2026-03-27 02:12:22 - __main__ - INFO - Val:   loss 0.1247 acc1 96.22%
2026-03-27 02:12:22 - __main__ - INFO - saved best: 96.22%
2026-03-27 02:12:22 - __main__ - INFO - 
Epoch 5/50 | lr 0.040010
2026-03-27 02:12:42 - __main__ - INFO - Train: loss 0.2083 acc1 94.27%
2026-03-27 02:12:42 - __main__ - INFO - Val:   loss 0.1713 acc1 96.35%
2026-03-27 02:12:42 - __main__ - INFO - saved best: 96.35%
2026-03-27 02:12:42 - __main__ - INFO - 
Epoch 6/50 | lr 0.050000
2026-03-27 02:13:03 - __main__ - INFO - Train: loss 0.1516 acc1 95.80%
2026-03-27 02:13:03 - __main__ - INFO - Val:   loss 0.1058 acc1 96.50%
2026-03-27 02:13:03 - __main__ - INFO - saved best: 96.50%
2026-03-27 02:13:03 - __main__ - INFO - 
Epoch 7/50 | lr 0.049939
2026-03-27 02:13:23 - __main__ - INFO - Train: loss 0.1483 acc1 95.85%
2026-03-27 02:13:23 - __main__ - INFO - Val:   loss 0.1267 acc1 95.82%
2026-03-27 02:13:23 - __main__ - INFO - 
Epoch 8/50 | lr 0.049757
2026-03-27 02:13:43 - __main__ - INFO - Train: loss 0.0885 acc1 97.32%
2026-03-27 02:13:43 - __main__ - INFO - Val:   loss 0.0958 acc1 97.30%
2026-03-27 02:13:43 - __main__ - INFO - saved best: 97.30%
2026-03-27 02:13:43 - __main__ - INFO - 
Epoch 9/50 | lr 0.049454
2026-03-27 02:14:04 - __main__ - INFO - Train: loss 0.0829 acc1 97.64%
2026-03-27 02:14:04 - __main__ - INFO - Val:   loss 0.1156 acc1 96.90%
2026-03-27 02:14:04 - __main__ - INFO - 
Epoch 10/50 | lr 0.049032
2026-03-27 02:14:24 - __main__ - INFO - Train: loss 0.0727 acc1 97.83%
2026-03-27 02:14:24 - __main__ - INFO - Val:   loss 0.0850 acc1 97.03%
2026-03-27 02:14:24 - __main__ - INFO - 
Epoch 11/50 | lr 0.048493
2026-03-27 02:14:45 - __main__ - INFO - Train: loss 0.0631 acc1 98.12%
2026-03-27 02:14:45 - __main__ - INFO - Val:   loss 0.0731 acc1 97.42%
2026-03-27 02:14:45 - __main__ - INFO - saved best: 97.42%
2026-03-27 02:14:45 - __main__ - INFO - 
Epoch 12/50 | lr 0.047839
2026-03-27 02:15:05 - __main__ - INFO - Train: loss 0.0614 acc1 98.18%
2026-03-27 02:15:05 - __main__ - INFO - Val:   loss 0.1013 acc1 97.56%
2026-03-27 02:15:05 - __main__ - INFO - saved best: 97.56%
2026-03-27 02:15:05 - __main__ - INFO - 
Epoch 13/50 | lr 0.047074
2026-03-27 02:15:25 - __main__ - INFO - Train: loss 0.0500 acc1 98.58%
2026-03-27 02:15:25 - __main__ - INFO - Val:   loss 0.0799 acc1 97.44%
2026-03-27 02:15:25 - __main__ - INFO - 
Epoch 14/50 | lr 0.046202
2026-03-27 02:15:46 - __main__ - INFO - Train: loss 0.0555 acc1 98.43%
2026-03-27 02:15:46 - __main__ - INFO - Val:   loss 0.0765 acc1 97.56%
2026-03-27 02:15:46 - __main__ - INFO - 
Epoch 15/50 | lr 0.045226
2026-03-27 02:16:06 - __main__ - INFO - Train: loss 0.0537 acc1 98.33%
2026-03-27 02:16:06 - __main__ - INFO - Val:   loss 0.0681 acc1 97.70%
2026-03-27 02:16:06 - __main__ - INFO - saved best: 97.70%
2026-03-27 02:16:06 - __main__ - INFO - 
Epoch 16/50 | lr 0.044152
2026-03-27 02:16:27 - __main__ - INFO - Train: loss 0.0489 acc1 98.47%
2026-03-27 02:16:27 - __main__ - INFO - Val:   loss 0.0703 acc1 97.29%
2026-03-27 02:16:27 - __main__ - INFO - 
Epoch 17/50 | lr 0.042985
2026-03-27 02:16:47 - __main__ - INFO - Train: loss 0.0458 acc1 98.63%
2026-03-27 02:16:47 - __main__ - INFO - Val:   loss 0.0782 acc1 97.56%
2026-03-27 02:16:47 - __main__ - INFO - 
Epoch 18/50 | lr 0.041730
2026-03-27 02:17:07 - __main__ - INFO - Train: loss 0.0438 acc1 98.74%
2026-03-27 02:17:07 - __main__ - INFO - Val:   loss 0.0634 acc1 97.96%
2026-03-27 02:17:07 - __main__ - INFO - saved best: 97.96%
2026-03-27 02:17:07 - __main__ - INFO - 
Epoch 19/50 | lr 0.040393
2026-03-27 02:17:28 - __main__ - INFO - Train: loss 0.0503 acc1 98.36%
2026-03-27 02:17:28 - __main__ - INFO - Val:   loss 0.0823 acc1 97.17%
2026-03-27 02:17:28 - __main__ - INFO - 
Epoch 20/50 | lr 0.038982
2026-03-27 02:17:48 - __main__ - INFO - Train: loss 0.0453 acc1 98.66%
2026-03-27 02:17:48 - __main__ - INFO - Val:   loss 0.0584 acc1 97.57%
2026-03-27 02:17:48 - __main__ - INFO - 
Epoch 21/50 | lr 0.037503
2026-03-27 02:18:08 - __main__ - INFO - Train: loss 0.0446 acc1 98.66%
2026-03-27 02:18:08 - __main__ - INFO - Val:   loss 0.0734 acc1 97.57%
2026-03-27 02:18:08 - __main__ - INFO - 
Epoch 22/50 | lr 0.035962
2026-03-27 02:18:29 - __main__ - INFO - Train: loss 0.0408 acc1 98.71%
2026-03-27 02:18:29 - __main__ - INFO - Val:   loss 0.0648 acc1 97.70%
2026-03-27 02:18:29 - __main__ - INFO - 
Epoch 23/50 | lr 0.034368
2026-03-27 02:18:49 - __main__ - INFO - Train: loss 0.0382 acc1 98.85%
2026-03-27 02:18:49 - __main__ - INFO - Val:   loss 0.0588 acc1 97.70%
2026-03-27 02:18:49 - __main__ - INFO - 
Epoch 24/50 | lr 0.032729
2026-03-27 02:19:10 - __main__ - INFO - Train: loss 0.0381 acc1 98.86%
2026-03-27 02:19:10 - __main__ - INFO - Val:   loss 0.0606 acc1 97.84%
2026-03-27 02:19:10 - __main__ - INFO - 
Epoch 25/50 | lr 0.031052
2026-03-27 02:19:30 - __main__ - INFO - Train: loss 0.0361 acc1 98.89%
2026-03-27 02:19:30 - __main__ - INFO - Val:   loss 0.0590 acc1 97.70%
2026-03-27 02:19:30 - __main__ - INFO - 
Epoch 26/50 | lr 0.029345
2026-03-27 02:19:50 - __main__ - INFO - Train: loss 0.0363 acc1 98.91%
2026-03-27 02:19:50 - __main__ - INFO - Val:   loss 0.0706 acc1 97.97%
2026-03-27 02:19:50 - __main__ - INFO - saved best: 97.97%
2026-03-27 02:19:50 - __main__ - INFO - 
Epoch 27/50 | lr 0.027618
2026-03-27 02:20:11 - __main__ - INFO - Train: loss 0.0357 acc1 98.93%
2026-03-27 02:20:11 - __main__ - INFO - Val:   loss 0.0615 acc1 97.97%
2026-03-27 02:20:11 - __main__ - INFO - 
Epoch 28/50 | lr 0.025877
2026-03-27 02:20:31 - __main__ - INFO - Train: loss 0.0362 acc1 98.90%
2026-03-27 02:20:31 - __main__ - INFO - Val:   loss 0.0586 acc1 97.83%
2026-03-27 02:20:31 - __main__ - INFO - 
Epoch 29/50 | lr 0.024133
2026-03-27 02:20:51 - __main__ - INFO - Train: loss 0.0362 acc1 98.90%
2026-03-27 02:20:51 - __main__ - INFO - Val:   loss 0.0668 acc1 97.56%
2026-03-27 02:20:51 - __main__ - INFO - 
Epoch 30/50 | lr 0.022392
2026-03-27 02:21:12 - __main__ - INFO - Train: loss 0.0373 acc1 98.85%
2026-03-27 02:21:12 - __main__ - INFO - Val:   loss 0.0604 acc1 97.57%
2026-03-27 02:21:12 - __main__ - INFO - 
Epoch 31/50 | lr 0.020665
2026-03-27 02:21:32 - __main__ - INFO - Train: loss 0.0357 acc1 98.92%
2026-03-27 02:21:32 - __main__ - INFO - Val:   loss 0.0614 acc1 97.96%
2026-03-27 02:21:32 - __main__ - INFO - 
Epoch 32/50 | lr 0.018958
2026-03-27 02:21:52 - __main__ - INFO - Train: loss 0.0355 acc1 98.91%
2026-03-27 02:21:52 - __main__ - INFO - Val:   loss 0.0601 acc1 97.83%
2026-03-27 02:21:52 - __main__ - INFO - 
Epoch 33/50 | lr 0.017281
2026-03-27 02:22:13 - __main__ - INFO - Train: loss 0.0347 acc1 98.93%
2026-03-27 02:22:13 - __main__ - INFO - Val:   loss 0.0656 acc1 97.96%
2026-03-27 02:22:13 - __main__ - INFO - 
Epoch 34/50 | lr 0.015642
2026-03-27 02:22:33 - __main__ - INFO - Train: loss 0.0351 acc1 98.94%
2026-03-27 02:22:33 - __main__ - INFO - Val:   loss 0.0608 acc1 97.97%
2026-03-27 02:22:33 - __main__ - INFO - 
Epoch 35/50 | lr 0.014048
2026-03-27 02:22:53 - __main__ - INFO - Train: loss 0.0342 acc1 98.94%
2026-03-27 02:22:53 - __main__ - INFO - Val:   loss 0.0560 acc1 97.96%
2026-03-27 02:22:53 - __main__ - INFO - 
Epoch 36/50 | lr 0.012508
2026-03-27 02:23:14 - __main__ - INFO - Train: loss 0.0348 acc1 98.92%
2026-03-27 02:23:14 - __main__ - INFO - Val:   loss 0.0548 acc1 97.97%
2026-03-27 02:23:14 - __main__ - INFO - 
Epoch 37/50 | lr 0.011028
2026-03-27 02:23:34 - __main__ - INFO - Train: loss 0.0347 acc1 98.91%
2026-03-27 02:23:34 - __main__ - INFO - Val:   loss 0.0623 acc1 97.97%
2026-03-27 02:23:34 - __main__ - INFO - 
Epoch 38/50 | lr 0.009617
2026-03-27 02:23:54 - __main__ - INFO - Train: loss 0.0347 acc1 98.93%
2026-03-27 02:23:54 - __main__ - INFO - Val:   loss 0.0583 acc1 97.97%
2026-03-27 02:23:54 - __main__ - INFO - 
Epoch 39/50 | lr 0.008280
2026-03-27 02:24:15 - __main__ - INFO - Train: loss 0.0341 acc1 98.94%
2026-03-27 02:24:15 - __main__ - INFO - Val:   loss 0.0597 acc1 97.97%
2026-03-27 02:24:15 - __main__ - INFO - 
Epoch 40/50 | lr 0.007025
2026-03-27 02:24:35 - __main__ - INFO - Train: loss 0.0340 acc1 98.94%
2026-03-27 02:24:35 - __main__ - INFO - Val:   loss 0.0590 acc1 97.97%
2026-03-27 02:24:35 - __main__ - INFO - 
Epoch 41/50 | lr 0.005858
2026-03-27 02:24:55 - __main__ - INFO - Train: loss 0.0336 acc1 98.94%
2026-03-27 02:24:55 - __main__ - INFO - Val:   loss 0.0581 acc1 97.97%
2026-03-27 02:24:55 - __main__ - INFO - 
Epoch 42/50 | lr 0.004784
2026-03-27 02:25:16 - __main__ - INFO - Train: loss 0.0342 acc1 98.93%
2026-03-27 02:25:16 - __main__ - INFO - Val:   loss 0.0603 acc1 97.97%
2026-03-27 02:25:16 - __main__ - INFO - 
Epoch 43/50 | lr 0.003808
2026-03-27 02:25:36 - __main__ - INFO - Train: loss 0.0339 acc1 98.93%
2026-03-27 02:25:36 - __main__ - INFO - Val:   loss 0.0596 acc1 97.97%
2026-03-27 02:25:36 - __main__ - INFO - 
Epoch 44/50 | lr 0.002936
2026-03-27 02:25:56 - __main__ - INFO - Train: loss 0.0339 acc1 98.94%
2026-03-27 02:25:56 - __main__ - INFO - Val:   loss 0.0589 acc1 97.97%
2026-03-27 02:25:56 - __main__ - INFO - 
Epoch 45/50 | lr 0.002171
2026-03-27 02:26:17 - __main__ - INFO - Train: loss 0.0338 acc1 98.94%
2026-03-27 02:26:17 - __main__ - INFO - Val:   loss 0.0591 acc1 97.97%
2026-03-27 02:26:17 - __main__ - INFO - 
Epoch 46/50 | lr 0.001517
2026-03-27 02:26:37 - __main__ - INFO - Train: loss 0.0341 acc1 98.94%
2026-03-27 02:26:37 - __main__ - INFO - Val:   loss 0.0602 acc1 97.97%
2026-03-27 02:26:37 - __main__ - INFO - 
Epoch 47/50 | lr 0.000978
2026-03-27 02:26:57 - __main__ - INFO - Train: loss 0.0340 acc1 98.93%
2026-03-27 02:26:57 - __main__ - INFO - Val:   loss 0.0597 acc1 97.97%
2026-03-27 02:26:57 - __main__ - INFO - 
Epoch 48/50 | lr 0.000556
2026-03-27 02:27:18 - __main__ - INFO - Train: loss 0.0338 acc1 98.94%
2026-03-27 02:27:18 - __main__ - INFO - Val:   loss 0.0589 acc1 97.97%
2026-03-27 02:27:18 - __main__ - INFO - 
Epoch 49/50 | lr 0.000253
2026-03-27 02:27:38 - __main__ - INFO - Train: loss 0.0334 acc1 98.94%
2026-03-27 02:27:38 - __main__ - INFO - Val:   loss 0.0595 acc1 97.97%
2026-03-27 02:27:38 - __main__ - INFO - 
Epoch 50/50 | lr 0.000071
2026-03-27 02:27:58 - __main__ - INFO - Train: loss 0.0335 acc1 98.93%
2026-03-27 02:27:58 - __main__ - INFO - Val:   loss 0.0580 acc1 97.97%
2026-03-27 02:27:58 - __main__ - INFO - Loaded best checkpoint weights for final test evaluation.
2026-03-27 02:28:00 - __main__ - INFO - 
Best tracked (val): 97.97%
2026-03-27 02:28:00 - __main__ - INFO - Final test: loss 0.0845 acc1 98.33%
2026-03-27 02:28:07 - __main__ - INFO - Variant [random_sparsity] done — test acc 98.33%, test loss 0.0845
2026-03-27 02:28:07 - __main__ - INFO - 
============================================================
2026-03-27 02:28:07 - __main__ - INFO - Training output model: efficientnet_b0 [shuffled_cam_low_saliency]
2026-03-27 02:28:07 - __main__ - INFO -   Resolved config → opt=sgd, lr=0.05, wd=0.0001, bs=32, epochs=50, scheduler=cosine, warmup=5
2026-03-27 02:28:07 - __main__ - INFO - ============================================================
2026-03-27 02:28:07 - __main__ - INFO -   Validation during training uses variant split with val_split=0.1
2026-03-27 02:28:07 - __main__ - INFO -   Final test uses shuffled_cam_low_saliency variant test split
2026-03-27 02:28:07 - __main__ - INFO - device: cuda | cuda: True | gpu: NVIDIA L4
2026-03-27 02:28:08 - __main__ - INFO - Model: efficientnet_b0 | Dataset: malimg | Classes: 25 | Optimizer: sgd
2026-03-27 02:28:08 - __main__ - INFO - 
Epoch 1/50 | lr 0.000050
2026-03-27 02:28:28 - __main__ - INFO - Train: loss 2.8709 acc1 33.61%
2026-03-27 02:28:28 - __main__ - INFO - Val:   loss 2.8292 acc1 42.94%
2026-03-27 02:28:28 - __main__ - INFO - saved best: 42.94%
2026-03-27 02:28:28 - __main__ - INFO - 
Epoch 2/50 | lr 0.010040
2026-03-27 02:28:48 - __main__ - INFO - Train: loss 0.9197 acc1 74.29%
2026-03-27 02:28:48 - __main__ - INFO - Val:   loss 0.4230 acc1 90.75%
2026-03-27 02:28:48 - __main__ - INFO - saved best: 90.75%
2026-03-27 02:28:48 - __main__ - INFO - 
Epoch 3/50 | lr 0.020030
2026-03-27 02:29:09 - __main__ - INFO - Train: loss 0.3668 acc1 89.11%
2026-03-27 02:29:09 - __main__ - INFO - Val:   loss 0.1184 acc1 95.97%
2026-03-27 02:29:09 - __main__ - INFO - saved best: 95.97%
2026-03-27 02:29:09 - __main__ - INFO - 
Epoch 4/50 | lr 0.030020
2026-03-27 02:29:29 - __main__ - INFO - Train: loss 0.2403 acc1 92.60%
2026-03-27 02:29:29 - __main__ - INFO - Val:   loss 0.1913 acc1 94.17%
2026-03-27 02:29:29 - __main__ - INFO - 
Epoch 5/50 | lr 0.040010
2026-03-27 02:29:50 - __main__ - INFO - Train: loss 0.1950 acc1 94.02%
2026-03-27 02:29:50 - __main__ - INFO - Val:   loss 0.1666 acc1 95.02%
2026-03-27 02:29:50 - __main__ - INFO - 
Epoch 6/50 | lr 0.050000
2026-03-27 02:30:10 - __main__ - INFO - Train: loss 0.1457 acc1 95.53%
2026-03-27 02:30:10 - __main__ - INFO - Val:   loss 0.0954 acc1 96.65%
2026-03-27 02:30:10 - __main__ - INFO - saved best: 96.65%
2026-03-27 02:30:10 - __main__ - INFO - 
Epoch 7/50 | lr 0.049939
2026-03-27 02:30:30 - __main__ - INFO - Train: loss 0.1071 acc1 96.77%
2026-03-27 02:30:30 - __main__ - INFO - Val:   loss 0.0855 acc1 97.01%
2026-03-27 02:30:30 - __main__ - INFO - saved best: 97.01%
2026-03-27 02:30:30 - __main__ - INFO - 
Epoch 8/50 | lr 0.049757
2026-03-27 02:30:51 - __main__ - INFO - Train: loss 0.0951 acc1 97.02%
2026-03-27 02:30:51 - __main__ - INFO - Val:   loss 0.0865 acc1 96.90%
2026-03-27 02:30:51 - __main__ - INFO - 
Epoch 9/50 | lr 0.049454
2026-03-27 02:31:11 - __main__ - INFO - Train: loss 0.0831 acc1 97.44%
2026-03-27 02:31:11 - __main__ - INFO - Val:   loss 0.1138 acc1 96.86%
2026-03-27 02:31:11 - __main__ - INFO - 
Epoch 10/50 | lr 0.049032
2026-03-27 02:31:31 - __main__ - INFO - Train: loss 0.0794 acc1 97.62%
2026-03-27 02:31:31 - __main__ - INFO - Val:   loss 0.1010 acc1 96.90%
2026-03-27 02:31:31 - __main__ - INFO - 
Epoch 11/50 | lr 0.048493
2026-03-27 02:31:51 - __main__ - INFO - Train: loss 0.0676 acc1 98.02%
2026-03-27 02:31:51 - __main__ - INFO - Val:   loss 0.0946 acc1 97.13%
2026-03-27 02:31:51 - __main__ - INFO - saved best: 97.13%
2026-03-27 02:31:51 - __main__ - INFO - 
Epoch 12/50 | lr 0.047839
2026-03-27 02:32:12 - __main__ - INFO - Train: loss 0.0706 acc1 97.79%
2026-03-27 02:32:12 - __main__ - INFO - Val:   loss 0.0963 acc1 97.43%
2026-03-27 02:32:12 - __main__ - INFO - saved best: 97.43%
2026-03-27 02:32:12 - __main__ - INFO - 
Epoch 13/50 | lr 0.047074
2026-03-27 02:32:32 - __main__ - INFO - Train: loss 0.0705 acc1 97.91%
2026-03-27 02:32:32 - __main__ - INFO - Val:   loss 0.1049 acc1 96.09%
2026-03-27 02:32:32 - __main__ - INFO - 
Epoch 14/50 | lr 0.046202
2026-03-27 02:32:53 - __main__ - INFO - Train: loss 0.0623 acc1 98.09%
2026-03-27 02:32:53 - __main__ - INFO - Val:   loss 0.1160 acc1 96.21%
2026-03-27 02:32:53 - __main__ - INFO - 
Epoch 15/50 | lr 0.045226
2026-03-27 02:33:13 - __main__ - INFO - Train: loss 0.0579 acc1 98.30%
2026-03-27 02:33:13 - __main__ - INFO - Val:   loss 0.0598 acc1 97.84%
2026-03-27 02:33:13 - __main__ - INFO - saved best: 97.84%
2026-03-27 02:33:13 - __main__ - INFO - 
Epoch 16/50 | lr 0.044152
2026-03-27 02:33:33 - __main__ - INFO - Train: loss 0.0457 acc1 98.62%
2026-03-27 02:33:33 - __main__ - INFO - Val:   loss 0.0879 acc1 97.14%
2026-03-27 02:33:33 - __main__ - INFO - 
Epoch 17/50 | lr 0.042985
2026-03-27 02:33:54 - __main__ - INFO - Train: loss 0.0433 acc1 98.75%
2026-03-27 02:33:54 - __main__ - INFO - Val:   loss 0.0796 acc1 97.16%
2026-03-27 02:33:54 - __main__ - INFO - 
Epoch 18/50 | lr 0.041730
2026-03-27 02:34:14 - __main__ - INFO - Train: loss 0.0466 acc1 98.56%
2026-03-27 02:34:14 - __main__ - INFO - Val:   loss 0.2369 acc1 93.70%
2026-03-27 02:34:14 - __main__ - INFO - 
Epoch 19/50 | lr 0.040393
2026-03-27 02:34:34 - __main__ - INFO - Train: loss 0.0524 acc1 98.45%
2026-03-27 02:34:34 - __main__ - INFO - Val:   loss 0.0783 acc1 97.56%
2026-03-27 02:34:34 - __main__ - INFO - 
Epoch 20/50 | lr 0.038982
2026-03-27 02:34:55 - __main__ - INFO - Train: loss 0.0531 acc1 98.34%
2026-03-27 02:34:55 - __main__ - INFO - Val:   loss 0.0644 acc1 97.57%
2026-03-27 02:34:55 - __main__ - INFO - 
Epoch 21/50 | lr 0.037503
2026-03-27 02:35:15 - __main__ - INFO - Train: loss 0.0436 acc1 98.66%
2026-03-27 02:35:15 - __main__ - INFO - Val:   loss 0.0892 acc1 97.43%
2026-03-27 02:35:15 - __main__ - INFO - 
Epoch 22/50 | lr 0.035962
2026-03-27 02:35:35 - __main__ - INFO - Train: loss 0.0458 acc1 98.60%
2026-03-27 02:35:35 - __main__ - INFO - Val:   loss 0.0944 acc1 97.31%
2026-03-27 02:35:35 - __main__ - INFO - 
Epoch 23/50 | lr 0.034368
2026-03-27 02:35:56 - __main__ - INFO - Train: loss 0.0400 acc1 98.73%
2026-03-27 02:35:56 - __main__ - INFO - Val:   loss 0.0900 acc1 97.29%
2026-03-27 02:35:56 - __main__ - INFO - 
Epoch 24/50 | lr 0.032729
2026-03-27 02:36:16 - __main__ - INFO - Train: loss 0.0388 acc1 98.89%
2026-03-27 02:36:16 - __main__ - INFO - Val:   loss 0.0742 acc1 97.70%
2026-03-27 02:36:16 - __main__ - INFO - 
Epoch 25/50 | lr 0.031052
2026-03-27 02:36:36 - __main__ - INFO - Train: loss 0.0385 acc1 98.84%
2026-03-27 02:36:36 - __main__ - INFO - Val:   loss 0.0867 acc1 97.56%
2026-03-27 02:36:36 - __main__ - INFO - 
Epoch 26/50 | lr 0.029345
2026-03-27 02:36:57 - __main__ - INFO - Train: loss 0.0370 acc1 98.85%
2026-03-27 02:36:57 - __main__ - INFO - Val:   loss 0.0791 acc1 97.70%
2026-03-27 02:36:57 - __main__ - INFO - 
Epoch 27/50 | lr 0.027618
2026-03-27 02:37:17 - __main__ - INFO - Train: loss 0.0369 acc1 98.90%
2026-03-27 02:37:17 - __main__ - INFO - Val:   loss 0.0828 acc1 97.70%
2026-03-27 02:37:17 - __main__ - INFO - 
Epoch 28/50 | lr 0.025877
2026-03-27 02:37:37 - __main__ - INFO - Train: loss 0.0370 acc1 98.90%
2026-03-27 02:37:37 - __main__ - INFO - Val:   loss 0.0761 acc1 97.83%
2026-03-27 02:37:37 - __main__ - INFO - 
Epoch 29/50 | lr 0.024133
2026-03-27 02:37:58 - __main__ - INFO - Train: loss 0.0355 acc1 98.93%
2026-03-27 02:37:58 - __main__ - INFO - Val:   loss 0.0779 acc1 97.70%
2026-03-27 02:37:58 - __main__ - INFO - 
Epoch 30/50 | lr 0.022392
2026-03-27 02:38:18 - __main__ - INFO - Train: loss 0.0362 acc1 98.91%
2026-03-27 02:38:18 - __main__ - INFO - Val:   loss 0.0823 acc1 97.69%
2026-03-27 02:38:18 - __main__ - INFO - 
Epoch 31/50 | lr 0.020665
2026-03-27 02:38:38 - __main__ - INFO - Train: loss 0.0361 acc1 98.88%
2026-03-27 02:38:38 - __main__ - INFO - Val:   loss 0.0874 acc1 97.57%
2026-03-27 02:38:38 - __main__ - INFO - 
Epoch 32/50 | lr 0.018958
2026-03-27 02:38:59 - __main__ - INFO - Train: loss 0.0373 acc1 98.93%
2026-03-27 02:38:59 - __main__ - INFO - Val:   loss 0.0820 acc1 97.56%
2026-03-27 02:38:59 - __main__ - INFO - 
Epoch 33/50 | lr 0.017281
2026-03-27 02:39:19 - __main__ - INFO - Train: loss 0.0346 acc1 98.94%
2026-03-27 02:39:19 - __main__ - INFO - Val:   loss 0.0882 acc1 97.56%
2026-03-27 02:39:19 - __main__ - INFO - 
Epoch 34/50 | lr 0.015642
2026-03-27 02:39:39 - __main__ - INFO - Train: loss 0.0355 acc1 98.94%
2026-03-27 02:39:39 - __main__ - INFO - Val:   loss 0.0844 acc1 97.70%
2026-03-27 02:39:39 - __main__ - INFO - 
Epoch 35/50 | lr 0.014048
2026-03-27 02:40:00 - __main__ - INFO - Train: loss 0.0345 acc1 98.93%
2026-03-27 02:40:00 - __main__ - INFO - Val:   loss 0.0781 acc1 97.83%
2026-03-27 02:40:00 - __main__ - INFO - 
Epoch 36/50 | lr 0.012508
2026-03-27 02:40:20 - __main__ - INFO - Train: loss 0.0347 acc1 98.94%
2026-03-27 02:40:20 - __main__ - INFO - Val:   loss 0.0819 acc1 97.70%
2026-03-27 02:40:20 - __main__ - INFO - 
Epoch 37/50 | lr 0.011028
2026-03-27 02:40:40 - __main__ - INFO - Train: loss 0.0347 acc1 98.93%
2026-03-27 02:40:40 - __main__ - INFO - Val:   loss 0.0897 acc1 97.70%
2026-03-27 02:40:40 - __main__ - INFO - 
Epoch 38/50 | lr 0.009617
2026-03-27 02:41:01 - __main__ - INFO - Train: loss 0.0346 acc1 98.94%
2026-03-27 02:41:01 - __main__ - INFO - Val:   loss 0.0791 acc1 97.70%
2026-03-27 02:41:01 - __main__ - INFO - 
Epoch 39/50 | lr 0.008280
2026-03-27 02:41:21 - __main__ - INFO - Train: loss 0.0342 acc1 98.93%
2026-03-27 02:41:21 - __main__ - INFO - Val:   loss 0.0810 acc1 97.70%
2026-03-27 02:41:21 - __main__ - INFO - 
Epoch 40/50 | lr 0.007025
2026-03-27 02:41:41 - __main__ - INFO - Train: loss 0.0346 acc1 98.94%
2026-03-27 02:41:41 - __main__ - INFO - Val:   loss 0.0809 acc1 97.70%
2026-03-27 02:41:41 - __main__ - INFO - 
Epoch 41/50 | lr 0.005858
2026-03-27 02:42:02 - __main__ - INFO - Train: loss 0.0346 acc1 98.94%
2026-03-27 02:42:02 - __main__ - INFO - Val:   loss 0.0795 acc1 97.70%
2026-03-27 02:42:02 - __main__ - INFO - 
Epoch 42/50 | lr 0.004784
2026-03-27 02:42:22 - __main__ - INFO - Train: loss 0.0345 acc1 98.94%
2026-03-27 02:42:22 - __main__ - INFO - Val:   loss 0.0753 acc1 97.83%
2026-03-27 02:42:22 - __main__ - INFO - 
Epoch 43/50 | lr 0.003808
2026-03-27 02:42:42 - __main__ - INFO - Train: loss 0.0343 acc1 98.96%
2026-03-27 02:42:42 - __main__ - INFO - Val:   loss 0.0777 acc1 97.70%
2026-03-27 02:42:42 - __main__ - INFO - 
Epoch 44/50 | lr 0.002936
2026-03-27 02:43:03 - __main__ - INFO - Train: loss 0.0342 acc1 98.94%
2026-03-27 02:43:03 - __main__ - INFO - Val:   loss 0.0741 acc1 97.83%
2026-03-27 02:43:03 - __main__ - INFO - 
Epoch 45/50 | lr 0.002171
2026-03-27 02:43:23 - __main__ - INFO - Train: loss 0.0340 acc1 98.94%
2026-03-27 02:43:23 - __main__ - INFO - Val:   loss 0.0794 acc1 97.83%
2026-03-27 02:43:23 - __main__ - INFO - 
Epoch 46/50 | lr 0.001517
2026-03-27 02:43:43 - __main__ - INFO - Train: loss 0.0344 acc1 98.92%
2026-03-27 02:43:43 - __main__ - INFO - Val:   loss 0.0780 acc1 97.70%
2026-03-27 02:43:43 - __main__ - INFO - 
Epoch 47/50 | lr 0.000978
2026-03-27 02:44:03 - __main__ - INFO - Train: loss 0.0343 acc1 98.93%
2026-03-27 02:44:03 - __main__ - INFO - Val:   loss 0.0774 acc1 97.70%
2026-03-27 02:44:03 - __main__ - INFO - 
Epoch 48/50 | lr 0.000556
2026-03-27 02:44:24 - __main__ - INFO - Train: loss 0.0339 acc1 98.96%
2026-03-27 02:44:24 - __main__ - INFO - Val:   loss 0.0785 acc1 97.70%
2026-03-27 02:44:24 - __main__ - INFO - 
Epoch 49/50 | lr 0.000253
2026-03-27 02:44:44 - __main__ - INFO - Train: loss 0.0337 acc1 98.94%
2026-03-27 02:44:44 - __main__ - INFO - Val:   loss 0.0779 acc1 97.70%
2026-03-27 02:44:44 - __main__ - INFO - 
Epoch 50/50 | lr 0.000071
2026-03-27 02:45:05 - __main__ - INFO - Train: loss 0.0336 acc1 98.94%
2026-03-27 02:45:05 - __main__ - INFO - Val:   loss 0.0762 acc1 97.70%
2026-03-27 02:45:05 - __main__ - INFO - Loaded best checkpoint weights for final test evaluation.
2026-03-27 02:45:07 - __main__ - INFO - 
Best tracked (val): 97.84%
2026-03-27 02:45:07 - __main__ - INFO - Final test: loss 0.0843 acc1 97.35%
2026-03-27 02:45:13 - __main__ - INFO - Variant [shuffled_cam_low_saliency] done — test acc 97.35%, test loss 0.0843
2026-03-27 02:45:14 - __main__ - INFO - Saved validation comparison plot: runs/malimg_2026_03/26/efficientnet_b0/validation_comparison_plot.png
2026-03-27 02:45:14 - __main__ - INFO - 
Starting output model sweep: mobilenet_v3_small
2026-03-27 02:45:14 - __main__ - INFO - 
============================================================
2026-03-27 02:45:14 - __main__ - INFO - Training output model: mobilenet_v3_small [original]
2026-03-27 02:45:14 - __main__ - INFO -   Resolved config → opt=sgd, lr=0.01, wd=1e-05, bs=32, epochs=50, scheduler=cosine, warmup=5
2026-03-27 02:45:14 - __main__ - INFO - ============================================================
2026-03-27 02:45:14 - __main__ - INFO -   Validation during training uses variant split with val_split=0.1
2026-03-27 02:45:14 - __main__ - INFO -   Final test uses original test split
2026-03-27 02:45:14 - __main__ - INFO - device: cuda | cuda: True | gpu: NVIDIA L4
2026-03-27 02:45:14 - __main__ - INFO - Model: mobilenet_v3_small | Dataset: malimg | Classes: 25 | Optimizer: sgd
2026-03-27 02:45:14 - __main__ - INFO - 
Epoch 1/50 | lr 0.000010
2026-03-27 02:45:26 - __main__ - INFO - Train: loss 3.2100 acc1 3.70%
2026-03-27 02:45:26 - __main__ - INFO - Val:   loss 3.2180 acc1 1.46%
2026-03-27 02:45:26 - __main__ - INFO - saved best: 1.46%
2026-03-27 02:45:26 - __main__ - INFO - 
Epoch 2/50 | lr 0.002008
2026-03-27 02:45:39 - __main__ - INFO - Train: loss 2.1454 acc1 47.83%
2026-03-27 02:45:39 - __main__ - INFO - Val:   loss 3.3606 acc1 15.78%
2026-03-27 02:45:39 - __main__ - INFO - saved best: 15.78%
2026-03-27 02:45:39 - __main__ - INFO - 
Epoch 3/50 | lr 0.004006
2026-03-27 02:45:51 - __main__ - INFO - Train: loss 1.2509 acc1 62.42%
2026-03-27 02:45:51 - __main__ - INFO - Val:   loss 1.2601 acc1 61.78%
2026-03-27 02:45:51 - __main__ - INFO - saved best: 61.78%
2026-03-27 02:45:51 - __main__ - INFO - 
Epoch 4/50 | lr 0.006004
2026-03-27 02:46:02 - __main__ - INFO - Train: loss 0.5870 acc1 81.73%
2026-03-27 02:46:02 - __main__ - INFO - Val:   loss 16.3317 acc1 43.59%
2026-03-27 02:46:02 - __main__ - INFO - 
Epoch 5/50 | lr 0.008002
2026-03-27 02:46:14 - __main__ - INFO - Train: loss 0.2845 acc1 91.33%
2026-03-27 02:46:14 - __main__ - INFO - Val:   loss 15.6957 acc1 42.43%
2026-03-27 02:46:14 - __main__ - INFO - 
Epoch 6/50 | lr 0.010000
2026-03-27 02:46:26 - __main__ - INFO - Train: loss 0.2065 acc1 93.68%
2026-03-27 02:46:26 - __main__ - INFO - Val:   loss 2.6907 acc1 67.38%
2026-03-27 02:46:26 - __main__ - INFO - saved best: 67.38%
2026-03-27 02:46:26 - __main__ - INFO - 
Epoch 7/50 | lr 0.009988
2026-03-27 02:46:38 - __main__ - INFO - Train: loss 0.1318 acc1 95.78%
2026-03-27 02:46:38 - __main__ - INFO - Val:   loss 0.1661 acc1 95.70%
2026-03-27 02:46:38 - __main__ - INFO - saved best: 95.70%
2026-03-27 02:46:38 - __main__ - INFO - 
Epoch 8/50 | lr 0.009951
2026-03-27 02:46:49 - __main__ - INFO - Train: loss 0.1014 acc1 96.82%
2026-03-27 02:46:49 - __main__ - INFO - Val:   loss 0.1699 acc1 96.22%
2026-03-27 02:46:49 - __main__ - INFO - saved best: 96.22%
2026-03-27 02:46:49 - __main__ - INFO - 
Epoch 9/50 | lr 0.009891
2026-03-27 02:47:01 - __main__ - INFO - Train: loss 0.0980 acc1 96.83%
2026-03-27 02:47:01 - __main__ - INFO - Val:   loss 0.0913 acc1 96.49%
2026-03-27 02:47:01 - __main__ - INFO - saved best: 96.49%
2026-03-27 02:47:01 - __main__ - INFO - 
Epoch 10/50 | lr 0.009807
2026-03-27 02:47:13 - __main__ - INFO - Train: loss 0.0767 acc1 97.60%
2026-03-27 02:47:13 - __main__ - INFO - Val:   loss 0.0811 acc1 97.57%
2026-03-27 02:47:13 - __main__ - INFO - saved best: 97.57%
2026-03-27 02:47:13 - __main__ - INFO - 
Epoch 11/50 | lr 0.009699
2026-03-27 02:47:24 - __main__ - INFO - Train: loss 0.0749 acc1 97.69%
2026-03-27 02:47:24 - __main__ - INFO - Val:   loss 0.1057 acc1 96.65%
2026-03-27 02:47:24 - __main__ - INFO - 
Epoch 12/50 | lr 0.009568
2026-03-27 02:47:36 - __main__ - INFO - Train: loss 0.0677 acc1 97.82%
2026-03-27 02:47:36 - __main__ - INFO - Val:   loss 0.0935 acc1 97.42%
2026-03-27 02:47:36 - __main__ - INFO - 
Epoch 13/50 | lr 0.009415
2026-03-27 02:47:48 - __main__ - INFO - Train: loss 0.0552 acc1 98.30%
2026-03-27 02:47:48 - __main__ - INFO - Val:   loss 0.0805 acc1 97.43%
2026-03-27 02:47:48 - __main__ - INFO - 
Epoch 14/50 | lr 0.009241
2026-03-27 02:47:59 - __main__ - INFO - Train: loss 0.0693 acc1 97.86%
2026-03-27 02:47:59 - __main__ - INFO - Val:   loss 0.0978 acc1 97.03%
2026-03-27 02:47:59 - __main__ - INFO - 
Epoch 15/50 | lr 0.009046
2026-03-27 02:48:11 - __main__ - INFO - Train: loss 0.0551 acc1 98.35%
2026-03-27 02:48:11 - __main__ - INFO - Val:   loss 0.0717 acc1 97.70%
2026-03-27 02:48:11 - __main__ - INFO - saved best: 97.70%
2026-03-27 02:48:11 - __main__ - INFO - 
Epoch 16/50 | lr 0.008831
2026-03-27 02:48:23 - __main__ - INFO - Train: loss 0.0502 acc1 98.50%
2026-03-27 02:48:23 - __main__ - INFO - Val:   loss 0.0741 acc1 97.57%
2026-03-27 02:48:23 - __main__ - INFO - 
Epoch 17/50 | lr 0.008598
2026-03-27 02:48:34 - __main__ - INFO - Train: loss 0.0486 acc1 98.48%
2026-03-27 02:48:34 - __main__ - INFO - Val:   loss 0.0783 acc1 97.30%
2026-03-27 02:48:34 - __main__ - INFO - 
Epoch 18/50 | lr 0.008347
2026-03-27 02:48:46 - __main__ - INFO - Train: loss 0.0463 acc1 98.64%
2026-03-27 02:48:46 - __main__ - INFO - Val:   loss 0.0966 acc1 97.30%
2026-03-27 02:48:46 - __main__ - INFO - 
Epoch 19/50 | lr 0.008080
2026-03-27 02:48:58 - __main__ - INFO - Train: loss 0.0479 acc1 98.59%
2026-03-27 02:48:58 - __main__ - INFO - Val:   loss 0.0651 acc1 97.84%
2026-03-27 02:48:58 - __main__ - INFO - saved best: 97.84%
2026-03-27 02:48:58 - __main__ - INFO - 
Epoch 20/50 | lr 0.007798
2026-03-27 02:49:09 - __main__ - INFO - Train: loss 0.0492 acc1 98.50%
2026-03-27 02:49:09 - __main__ - INFO - Val:   loss 0.0693 acc1 97.97%
2026-03-27 02:49:09 - __main__ - INFO - saved best: 97.97%
2026-03-27 02:49:09 - __main__ - INFO - 
Epoch 21/50 | lr 0.007502
2026-03-27 02:49:21 - __main__ - INFO - Train: loss 0.0434 acc1 98.76%
2026-03-27 02:49:21 - __main__ - INFO - Val:   loss 0.0780 acc1 97.69%
2026-03-27 02:49:21 - __main__ - INFO - 
Epoch 22/50 | lr 0.007195
2026-03-27 02:49:33 - __main__ - INFO - Train: loss 0.0478 acc1 98.62%
2026-03-27 02:49:33 - __main__ - INFO - Val:   loss 0.0804 acc1 97.17%
2026-03-27 02:49:33 - __main__ - INFO - 
Epoch 23/50 | lr 0.006876
2026-03-27 02:49:44 - __main__ - INFO - Train: loss 0.0389 acc1 98.86%
2026-03-27 02:49:44 - __main__ - INFO - Val:   loss 0.0702 acc1 97.43%
2026-03-27 02:49:44 - __main__ - INFO - 
Epoch 24/50 | lr 0.006549
2026-03-27 02:49:56 - __main__ - INFO - Train: loss 0.0400 acc1 98.78%
2026-03-27 02:49:56 - __main__ - INFO - Val:   loss 0.0835 acc1 97.30%
2026-03-27 02:49:56 - __main__ - INFO - 
Epoch 25/50 | lr 0.006213
2026-03-27 02:50:08 - __main__ - INFO - Train: loss 0.0387 acc1 98.87%
2026-03-27 02:50:08 - __main__ - INFO - Val:   loss 0.0994 acc1 97.17%
2026-03-27 02:50:08 - __main__ - INFO - 
Epoch 26/50 | lr 0.005872
2026-03-27 02:50:20 - __main__ - INFO - Train: loss 0.0376 acc1 98.87%
2026-03-27 02:50:20 - __main__ - INFO - Val:   loss 0.0959 acc1 97.30%
2026-03-27 02:50:20 - __main__ - INFO - 
Epoch 27/50 | lr 0.005527
2026-03-27 02:50:31 - __main__ - INFO - Train: loss 0.0378 acc1 98.87%
2026-03-27 02:50:31 - __main__ - INFO - Val:   loss 0.0655 acc1 97.70%
2026-03-27 02:50:31 - __main__ - INFO - 
Epoch 28/50 | lr 0.005179
2026-03-27 02:50:43 - __main__ - INFO - Train: loss 0.0366 acc1 98.93%
2026-03-27 02:50:43 - __main__ - INFO - Val:   loss 0.0757 acc1 97.57%
2026-03-27 02:50:43 - __main__ - INFO - 
Epoch 29/50 | lr 0.004831
2026-03-27 02:50:54 - __main__ - INFO - Train: loss 0.0357 acc1 98.93%
2026-03-27 02:50:54 - __main__ - INFO - Val:   loss 0.0730 acc1 97.57%
2026-03-27 02:50:54 - __main__ - INFO - 
Epoch 30/50 | lr 0.004483
2026-03-27 02:51:06 - __main__ - INFO - Train: loss 0.0353 acc1 98.93%
2026-03-27 02:51:06 - __main__ - INFO - Val:   loss 0.0729 acc1 97.70%
2026-03-27 02:51:06 - __main__ - INFO - 
Epoch 31/50 | lr 0.004138
2026-03-27 02:51:18 - __main__ - INFO - Train: loss 0.0352 acc1 98.93%
2026-03-27 02:51:18 - __main__ - INFO - Val:   loss 0.0718 acc1 97.43%
2026-03-27 02:51:18 - __main__ - INFO - 
Epoch 32/50 | lr 0.003797
2026-03-27 02:51:29 - __main__ - INFO - Train: loss 0.0347 acc1 98.94%
2026-03-27 02:51:29 - __main__ - INFO - Val:   loss 0.0787 acc1 97.30%
2026-03-27 02:51:29 - __main__ - INFO - 
Epoch 33/50 | lr 0.003461
2026-03-27 02:51:41 - __main__ - INFO - Train: loss 0.0341 acc1 98.94%
2026-03-27 02:51:41 - __main__ - INFO - Val:   loss 0.0730 acc1 97.57%
2026-03-27 02:51:41 - __main__ - INFO - 
Epoch 34/50 | lr 0.003134
2026-03-27 02:51:53 - __main__ - INFO - Train: loss 0.0354 acc1 98.92%
2026-03-27 02:51:53 - __main__ - INFO - Val:   loss 0.0810 acc1 97.30%
2026-03-27 02:51:53 - __main__ - INFO - 
Epoch 35/50 | lr 0.002815
2026-03-27 02:52:05 - __main__ - INFO - Train: loss 0.0350 acc1 98.93%
2026-03-27 02:52:05 - __main__ - INFO - Val:   loss 0.0800 acc1 97.30%
2026-03-27 02:52:05 - __main__ - INFO - 
Epoch 36/50 | lr 0.002508
2026-03-27 02:52:17 - __main__ - INFO - Train: loss 0.0357 acc1 98.91%
2026-03-27 02:52:17 - __main__ - INFO - Val:   loss 0.0950 acc1 97.17%
2026-03-27 02:52:17 - __main__ - INFO - 
Epoch 37/50 | lr 0.002212
2026-03-27 02:52:28 - __main__ - INFO - Train: loss 0.0348 acc1 98.94%
2026-03-27 02:52:28 - __main__ - INFO - Val:   loss 0.0897 acc1 97.17%
2026-03-27 02:52:28 - __main__ - INFO - 
Epoch 38/50 | lr 0.001930
2026-03-27 02:52:40 - __main__ - INFO - Train: loss 0.0343 acc1 98.94%
2026-03-27 02:52:40 - __main__ - INFO - Val:   loss 0.0847 acc1 97.30%
2026-03-27 02:52:40 - __main__ - INFO - 
Epoch 39/50 | lr 0.001663
2026-03-27 02:52:52 - __main__ - INFO - Train: loss 0.0351 acc1 98.94%
2026-03-27 02:52:52 - __main__ - INFO - Val:   loss 0.0841 acc1 97.17%
2026-03-27 02:52:52 - __main__ - INFO - 
Epoch 40/50 | lr 0.001412
2026-03-27 02:53:03 - __main__ - INFO - Train: loss 0.0344 acc1 98.93%
2026-03-27 02:53:03 - __main__ - INFO - Val:   loss 0.0838 acc1 97.30%
2026-03-27 02:53:03 - __main__ - INFO - 
Epoch 41/50 | lr 0.001179
2026-03-27 02:53:15 - __main__ - INFO - Train: loss 0.0354 acc1 98.91%
2026-03-27 02:53:15 - __main__ - INFO - Val:   loss 0.0824 acc1 97.17%
2026-03-27 02:53:15 - __main__ - INFO - 
Epoch 42/50 | lr 0.000964
2026-03-27 02:53:27 - __main__ - INFO - Train: loss 0.0343 acc1 98.94%
2026-03-27 02:53:27 - __main__ - INFO - Val:   loss 0.0799 acc1 97.30%
2026-03-27 02:53:27 - __main__ - INFO - 
Epoch 43/50 | lr 0.000769
2026-03-27 02:53:38 - __main__ - INFO - Train: loss 0.0351 acc1 98.89%
2026-03-27 02:53:38 - __main__ - INFO - Val:   loss 0.0719 acc1 97.83%
2026-03-27 02:53:38 - __main__ - INFO - 
Epoch 44/50 | lr 0.000595
2026-03-27 02:53:50 - __main__ - INFO - Train: loss 0.0348 acc1 98.94%
2026-03-27 02:53:50 - __main__ - INFO - Val:   loss 0.0761 acc1 97.70%
2026-03-27 02:53:50 - __main__ - INFO - 
Epoch 45/50 | lr 0.000442
2026-03-27 02:54:02 - __main__ - INFO - Train: loss 0.0344 acc1 98.92%
2026-03-27 02:54:02 - __main__ - INFO - Val:   loss 0.0770 acc1 97.56%
2026-03-27 02:54:02 - __main__ - INFO - 
Epoch 46/50 | lr 0.000311
2026-03-27 02:54:13 - __main__ - INFO - Train: loss 0.0346 acc1 98.93%
2026-03-27 02:54:13 - __main__ - INFO - Val:   loss 0.0764 acc1 97.56%
2026-03-27 02:54:13 - __main__ - INFO - 
Epoch 47/50 | lr 0.000203
2026-03-27 02:54:25 - __main__ - INFO - Train: loss 0.0352 acc1 98.91%
2026-03-27 02:54:25 - __main__ - INFO - Val:   loss 0.0768 acc1 97.56%
2026-03-27 02:54:25 - __main__ - INFO - 
Epoch 48/50 | lr 0.000119
2026-03-27 02:54:37 - __main__ - INFO - Train: loss 0.0342 acc1 98.94%
2026-03-27 02:54:37 - __main__ - INFO - Val:   loss 0.0769 acc1 97.56%
2026-03-27 02:54:37 - __main__ - INFO - 
Epoch 49/50 | lr 0.000059
2026-03-27 02:54:49 - __main__ - INFO - Train: loss 0.0343 acc1 98.94%
2026-03-27 02:54:49 - __main__ - INFO - Val:   loss 0.0775 acc1 97.43%
2026-03-27 02:54:49 - __main__ - INFO - 
Epoch 50/50 | lr 0.000022
2026-03-27 02:55:00 - __main__ - INFO - Train: loss 0.0341 acc1 98.94%
2026-03-27 02:55:00 - __main__ - INFO - Val:   loss 0.0774 acc1 97.43%
2026-03-27 02:55:00 - __main__ - INFO - Loaded best checkpoint weights for final test evaluation.
2026-03-27 02:55:02 - __main__ - INFO - 
Best tracked (val): 97.97%
2026-03-27 02:55:02 - __main__ - INFO - Final test: loss 0.0723 acc1 97.90%
2026-03-27 02:55:06 - __main__ - INFO - Variant [original] done — test acc 97.90%, test loss 0.0723
2026-03-27 02:55:06 - __main__ - INFO - 
============================================================
2026-03-27 02:55:06 - __main__ - INFO - Training output model: mobilenet_v3_small [low_saliency]
2026-03-27 02:55:06 - __main__ - INFO -   Resolved config → opt=sgd, lr=0.01, wd=1e-05, bs=32, epochs=50, scheduler=cosine, warmup=5
2026-03-27 02:55:06 - __main__ - INFO - ============================================================
2026-03-27 02:55:06 - __main__ - INFO -   Validation during training uses variant split with val_split=0.1
2026-03-27 02:55:06 - __main__ - INFO -   Final test uses low_saliency variant test split
2026-03-27 02:55:06 - __main__ - INFO - device: cuda | cuda: True | gpu: NVIDIA L4
2026-03-27 02:55:06 - __main__ - INFO - Model: mobilenet_v3_small | Dataset: malimg | Classes: 25 | Optimizer: sgd
2026-03-27 02:55:06 - __main__ - INFO - 
Epoch 1/50 | lr 0.000010
2026-03-27 02:55:17 - __main__ - INFO - Train: loss 3.2071 acc1 5.49%
2026-03-27 02:55:17 - __main__ - INFO - Val:   loss 3.2182 acc1 1.46%
2026-03-27 02:55:17 - __main__ - INFO - saved best: 1.46%
2026-03-27 02:55:17 - __main__ - INFO - 
Epoch 2/50 | lr 0.002008
2026-03-27 02:55:28 - __main__ - INFO - Train: loss 2.1100 acc1 48.01%
2026-03-27 02:55:28 - __main__ - INFO - Val:   loss 3.3849 acc1 15.78%
2026-03-27 02:55:28 - __main__ - INFO - saved best: 15.78%
2026-03-27 02:55:28 - __main__ - INFO - 
Epoch 3/50 | lr 0.004006
2026-03-27 02:55:39 - __main__ - INFO - Train: loss 1.2800 acc1 61.95%
2026-03-27 02:55:39 - __main__ - INFO - Val:   loss 1.2325 acc1 67.39%
2026-03-27 02:55:39 - __main__ - INFO - saved best: 67.39%
2026-03-27 02:55:39 - __main__ - INFO - 
Epoch 4/50 | lr 0.006004
2026-03-27 02:55:50 - __main__ - INFO - Train: loss 0.6011 acc1 81.57%
2026-03-27 02:55:50 - __main__ - INFO - Val:   loss 143.1512 acc1 31.61%
2026-03-27 02:55:50 - __main__ - INFO - 
Epoch 5/50 | lr 0.008002
2026-03-27 02:56:00 - __main__ - INFO - Train: loss 0.3226 acc1 90.49%
2026-03-27 02:56:00 - __main__ - INFO - Val:   loss 12.0122 acc1 13.61%
2026-03-27 02:56:00 - __main__ - INFO - 
Epoch 6/50 | lr 0.010000
2026-03-27 02:56:11 - __main__ - INFO - Train: loss 0.1759 acc1 94.72%
2026-03-27 02:56:11 - __main__ - INFO - Val:   loss 2.8491 acc1 65.81%
2026-03-27 02:56:11 - __main__ - INFO - 
Epoch 7/50 | lr 0.009988
2026-03-27 02:56:22 - __main__ - INFO - Train: loss 0.1380 acc1 96.16%
2026-03-27 02:56:22 - __main__ - INFO - Val:   loss 0.6248 acc1 84.82%
2026-03-27 02:56:22 - __main__ - INFO - saved best: 84.82%
2026-03-27 02:56:22 - __main__ - INFO - 
Epoch 8/50 | lr 0.009951
2026-03-27 02:56:33 - __main__ - INFO - Train: loss 0.0984 acc1 96.95%
2026-03-27 02:56:33 - __main__ - INFO - Val:   loss 0.1009 acc1 96.78%
2026-03-27 02:56:33 - __main__ - INFO - saved best: 96.78%
2026-03-27 02:56:33 - __main__ - INFO - 
Epoch 9/50 | lr 0.009891
2026-03-27 02:56:43 - __main__ - INFO - Train: loss 0.0841 acc1 97.48%
2026-03-27 02:56:43 - __main__ - INFO - Val:   loss 0.1060 acc1 96.63%
2026-03-27 02:56:43 - __main__ - INFO - 
Epoch 10/50 | lr 0.009807
2026-03-27 02:56:54 - __main__ - INFO - Train: loss 0.0641 acc1 98.10%
2026-03-27 02:56:54 - __main__ - INFO - Val:   loss 0.0834 acc1 97.55%
2026-03-27 02:56:54 - __main__ - INFO - saved best: 97.55%
2026-03-27 02:56:54 - __main__ - INFO - 
Epoch 11/50 | lr 0.009699
2026-03-27 02:57:05 - __main__ - INFO - Train: loss 0.0737 acc1 97.97%
2026-03-27 02:57:05 - __main__ - INFO - Val:   loss 0.1163 acc1 96.76%
2026-03-27 02:57:05 - __main__ - INFO - 
Epoch 12/50 | lr 0.009568
2026-03-27 02:57:16 - __main__ - INFO - Train: loss 0.0693 acc1 97.85%
2026-03-27 02:57:16 - __main__ - INFO - Val:   loss 0.1080 acc1 97.57%
2026-03-27 02:57:16 - __main__ - INFO - saved best: 97.57%
2026-03-27 02:57:16 - __main__ - INFO - 
Epoch 13/50 | lr 0.009415
2026-03-27 02:57:26 - __main__ - INFO - Train: loss 0.0517 acc1 98.11%
2026-03-27 02:57:26 - __main__ - INFO - Val:   loss 0.0635 acc1 97.16%
2026-03-27 02:57:26 - __main__ - INFO - 
Epoch 14/50 | lr 0.009241
2026-03-27 02:57:37 - __main__ - INFO - Train: loss 0.0234 acc1 99.39%
2026-03-27 02:57:37 - __main__ - INFO - Val:   loss 0.0524 acc1 99.05%
2026-03-27 02:57:37 - __main__ - INFO - saved best: 99.05%
2026-03-27 02:57:37 - __main__ - INFO - 
Epoch 15/50 | lr 0.009046
2026-03-27 02:57:48 - __main__ - INFO - Train: loss 0.0168 acc1 99.61%
2026-03-27 02:57:48 - __main__ - INFO - Val:   loss 0.0395 acc1 99.31%
2026-03-27 02:57:48 - __main__ - INFO - saved best: 99.31%
2026-03-27 02:57:48 - __main__ - INFO - 
Epoch 16/50 | lr 0.008831
2026-03-27 02:57:59 - __main__ - INFO - Train: loss 0.0279 acc1 99.01%
2026-03-27 02:57:59 - __main__ - INFO - Val:   loss 0.1618 acc1 96.20%
2026-03-27 02:57:59 - __main__ - INFO - 
Epoch 17/50 | lr 0.008598
2026-03-27 02:58:10 - __main__ - INFO - Train: loss 0.0151 acc1 99.49%
2026-03-27 02:58:10 - __main__ - INFO - Val:   loss 0.0179 acc1 99.60%
2026-03-27 02:58:10 - __main__ - INFO - saved best: 99.60%
2026-03-27 02:58:10 - __main__ - INFO - 
Epoch 18/50 | lr 0.008347
2026-03-27 02:58:20 - __main__ - INFO - Train: loss 0.0151 acc1 99.57%
2026-03-27 02:58:20 - __main__ - INFO - Val:   loss 0.0554 acc1 98.93%
2026-03-27 02:58:20 - __main__ - INFO - 
Epoch 19/50 | lr 0.008080
2026-03-27 02:58:31 - __main__ - INFO - Train: loss 0.0173 acc1 99.45%
2026-03-27 02:58:31 - __main__ - INFO - Val:   loss 0.0272 acc1 99.60%
2026-03-27 02:58:31 - __main__ - INFO - 
Epoch 20/50 | lr 0.007798
2026-03-27 02:58:42 - __main__ - INFO - Train: loss 0.0115 acc1 99.67%
2026-03-27 02:58:42 - __main__ - INFO - Val:   loss 0.0130 acc1 99.44%
2026-03-27 02:58:42 - __main__ - INFO - 
Epoch 21/50 | lr 0.007502
2026-03-27 02:58:53 - __main__ - INFO - Train: loss 0.0039 acc1 99.94%
2026-03-27 02:58:53 - __main__ - INFO - Val:   loss 0.0084 acc1 99.86%
2026-03-27 02:58:53 - __main__ - INFO - saved best: 99.86%
2026-03-27 02:58:53 - __main__ - INFO - 
Epoch 22/50 | lr 0.007195
2026-03-27 02:59:04 - __main__ - INFO - Train: loss 0.0039 acc1 99.90%
2026-03-27 02:59:04 - __main__ - INFO - Val:   loss 0.0078 acc1 99.86%
2026-03-27 02:59:04 - __main__ - INFO - 
Epoch 23/50 | lr 0.006876
2026-03-27 02:59:15 - __main__ - INFO - Train: loss 0.0026 acc1 99.93%
2026-03-27 02:59:15 - __main__ - INFO - Val:   loss 0.0172 acc1 99.86%
2026-03-27 02:59:15 - __main__ - INFO - 
Epoch 24/50 | lr 0.006549
2026-03-27 02:59:25 - __main__ - INFO - Train: loss 0.0067 acc1 99.79%
2026-03-27 02:59:25 - __main__ - INFO - Val:   loss 0.0113 acc1 99.86%
2026-03-27 02:59:25 - __main__ - INFO - 
Epoch 25/50 | lr 0.006213
2026-03-27 02:59:36 - __main__ - INFO - Train: loss 0.0024 acc1 99.97%
2026-03-27 02:59:36 - __main__ - INFO - Val:   loss 0.0132 acc1 99.60%
2026-03-27 02:59:36 - __main__ - INFO - 
Epoch 26/50 | lr 0.005872
2026-03-27 02:59:47 - __main__ - INFO - Train: loss 0.0018 acc1 99.97%
2026-03-27 02:59:47 - __main__ - INFO - Val:   loss 0.0166 acc1 99.86%
2026-03-27 02:59:47 - __main__ - INFO - 
Epoch 27/50 | lr 0.005527
2026-03-27 02:59:58 - __main__ - INFO - Train: loss 0.0009 acc1 100.00%
2026-03-27 02:59:58 - __main__ - INFO - Val:   loss 0.0199 acc1 99.44%
2026-03-27 02:59:58 - __main__ - INFO - 
Epoch 28/50 | lr 0.005179
2026-03-27 03:00:09 - __main__ - INFO - Train: loss 0.0011 acc1 99.99%
2026-03-27 03:00:09 - __main__ - INFO - Val:   loss 0.0145 acc1 99.57%
2026-03-27 03:00:09 - __main__ - INFO - 
Epoch 29/50 | lr 0.004831
2026-03-27 03:00:19 - __main__ - INFO - Train: loss 0.0011 acc1 99.99%
2026-03-27 03:00:19 - __main__ - INFO - Val:   loss 0.0088 acc1 99.72%
2026-03-27 03:00:19 - __main__ - INFO - 
Epoch 30/50 | lr 0.004483
2026-03-27 03:00:30 - __main__ - INFO - Train: loss 0.0007 acc1 100.00%
2026-03-27 03:00:30 - __main__ - INFO - Val:   loss 0.0114 acc1 99.73%
2026-03-27 03:00:30 - __main__ - INFO - 
Epoch 31/50 | lr 0.004138
2026-03-27 03:00:42 - __main__ - INFO - Train: loss 0.0007 acc1 100.00%
2026-03-27 03:00:42 - __main__ - INFO - Val:   loss 0.0096 acc1 99.86%
2026-03-27 03:00:42 - __main__ - INFO - 
Epoch 32/50 | lr 0.003797
2026-03-27 03:00:53 - __main__ - INFO - Train: loss 0.0005 acc1 100.00%
2026-03-27 03:00:53 - __main__ - INFO - Val:   loss 0.0098 acc1 99.86%
2026-03-27 03:00:53 - __main__ - INFO - 
Epoch 33/50 | lr 0.003461
2026-03-27 03:01:03 - __main__ - INFO - Train: loss 0.0006 acc1 100.00%
2026-03-27 03:01:03 - __main__ - INFO - Val:   loss 0.0100 acc1 99.86%
2026-03-27 03:01:03 - __main__ - INFO - 
Epoch 34/50 | lr 0.003134
2026-03-27 03:01:14 - __main__ - INFO - Train: loss 0.0008 acc1 99.99%
2026-03-27 03:01:14 - __main__ - INFO - Val:   loss 0.0139 acc1 99.72%
2026-03-27 03:01:14 - __main__ - INFO - 
Epoch 35/50 | lr 0.002815
2026-03-27 03:01:25 - __main__ - INFO - Train: loss 0.0008 acc1 100.00%
2026-03-27 03:01:25 - __main__ - INFO - Val:   loss 0.0092 acc1 99.86%
2026-03-27 03:01:25 - __main__ - INFO - 
Epoch 36/50 | lr 0.002508
2026-03-27 03:01:36 - __main__ - INFO - Train: loss 0.0006 acc1 100.00%
2026-03-27 03:01:36 - __main__ - INFO - Val:   loss 0.0100 acc1 99.86%
2026-03-27 03:01:36 - __main__ - INFO - 
Epoch 37/50 | lr 0.002212
2026-03-27 03:01:47 - __main__ - INFO - Train: loss 0.0006 acc1 99.99%
2026-03-27 03:01:47 - __main__ - INFO - Val:   loss 0.0129 acc1 99.58%
2026-03-27 03:01:47 - __main__ - INFO - 
Epoch 38/50 | lr 0.001930
2026-03-27 03:01:57 - __main__ - INFO - Train: loss 0.0005 acc1 100.00%
2026-03-27 03:01:57 - __main__ - INFO - Val:   loss 0.0121 acc1 99.58%
2026-03-27 03:01:57 - __main__ - INFO - 
Epoch 39/50 | lr 0.001663
2026-03-27 03:02:08 - __main__ - INFO - Train: loss 0.0006 acc1 99.99%
2026-03-27 03:02:08 - __main__ - INFO - Val:   loss 0.0125 acc1 99.58%
2026-03-27 03:02:08 - __main__ - INFO - 
Epoch 40/50 | lr 0.001412
2026-03-27 03:02:19 - __main__ - INFO - Train: loss 0.0011 acc1 99.99%
2026-03-27 03:02:19 - __main__ - INFO - Val:   loss 0.0129 acc1 99.73%
2026-03-27 03:02:19 - __main__ - INFO - 
Epoch 41/50 | lr 0.001179
2026-03-27 03:02:30 - __main__ - INFO - Train: loss 0.0006 acc1 100.00%
2026-03-27 03:02:30 - __main__ - INFO - Val:   loss 0.0124 acc1 99.73%
2026-03-27 03:02:30 - __main__ - INFO - 
Epoch 42/50 | lr 0.000964
2026-03-27 03:02:41 - __main__ - INFO - Train: loss 0.0005 acc1 100.00%
2026-03-27 03:02:41 - __main__ - INFO - Val:   loss 0.0122 acc1 99.73%
2026-03-27 03:02:41 - __main__ - INFO - 
Epoch 43/50 | lr 0.000769
2026-03-27 03:02:51 - __main__ - INFO - Train: loss 0.0005 acc1 100.00%
2026-03-27 03:02:51 - __main__ - INFO - Val:   loss 0.0118 acc1 99.73%
2026-03-27 03:02:51 - __main__ - INFO - 
Epoch 44/50 | lr 0.000595
2026-03-27 03:03:02 - __main__ - INFO - Train: loss 0.0008 acc1 99.99%
2026-03-27 03:03:02 - __main__ - INFO - Val:   loss 0.0114 acc1 99.86%
2026-03-27 03:03:02 - __main__ - INFO - 
Epoch 45/50 | lr 0.000442
2026-03-27 03:03:13 - __main__ - INFO - Train: loss 0.0005 acc1 100.00%
2026-03-27 03:03:13 - __main__ - INFO - Val:   loss 0.0108 acc1 99.86%
2026-03-27 03:03:13 - __main__ - INFO - 
Epoch 46/50 | lr 0.000311
2026-03-27 03:03:24 - __main__ - INFO - Train: loss 0.0005 acc1 100.00%
2026-03-27 03:03:24 - __main__ - INFO - Val:   loss 0.0108 acc1 99.86%
2026-03-27 03:03:24 - __main__ - INFO - 
Epoch 47/50 | lr 0.000203
2026-03-27 03:03:35 - __main__ - INFO - Train: loss 0.0005 acc1 100.00%
2026-03-27 03:03:35 - __main__ - INFO - Val:   loss 0.0112 acc1 99.86%
2026-03-27 03:03:35 - __main__ - INFO - 
Epoch 48/50 | lr 0.000119
2026-03-27 03:03:46 - __main__ - INFO - Train: loss 0.0004 acc1 100.00%
2026-03-27 03:03:46 - __main__ - INFO - Val:   loss 0.0112 acc1 99.86%
2026-03-27 03:03:46 - __main__ - INFO - 
Epoch 49/50 | lr 0.000059
2026-03-27 03:03:56 - __main__ - INFO - Train: loss 0.0004 acc1 100.00%
2026-03-27 03:03:56 - __main__ - INFO - Val:   loss 0.0114 acc1 99.86%
2026-03-27 03:03:56 - __main__ - INFO - 
Epoch 50/50 | lr 0.000022
2026-03-27 03:04:07 - __main__ - INFO - Train: loss 0.0005 acc1 100.00%
2026-03-27 03:04:07 - __main__ - INFO - Val:   loss 0.0113 acc1 99.86%
2026-03-27 03:04:07 - __main__ - INFO - Loaded best checkpoint weights for final test evaluation.
2026-03-27 03:04:09 - __main__ - INFO - 
Best tracked (val): 99.86%
2026-03-27 03:04:09 - __main__ - INFO - Final test: loss 0.0526 acc1 98.39%
2026-03-27 03:04:13 - __main__ - INFO - Variant [low_saliency] done — test acc 98.39%, test loss 0.0526
2026-03-27 03:04:13 - __main__ - INFO - 
============================================================
2026-03-27 03:04:13 - __main__ - INFO - Training output model: mobilenet_v3_small [random_sparsity]
2026-03-27 03:04:13 - __main__ - INFO -   Resolved config → opt=sgd, lr=0.01, wd=1e-05, bs=32, epochs=50, scheduler=cosine, warmup=5
2026-03-27 03:04:13 - __main__ - INFO - ============================================================
2026-03-27 03:04:13 - __main__ - INFO -   Validation during training uses variant split with val_split=0.1
2026-03-27 03:04:13 - __main__ - INFO -   Final test uses random_sparsity variant test split
2026-03-27 03:04:13 - __main__ - INFO - device: cuda | cuda: True | gpu: NVIDIA L4
2026-03-27 03:04:13 - __main__ - INFO - Model: mobilenet_v3_small | Dataset: malimg | Classes: 25 | Optimizer: sgd
2026-03-27 03:04:13 - __main__ - INFO - 
Epoch 1/50 | lr 0.000010
2026-03-27 03:04:24 - __main__ - INFO - Train: loss 3.2066 acc1 5.71%
2026-03-27 03:04:24 - __main__ - INFO - Val:   loss 3.2185 acc1 1.46%
2026-03-27 03:04:24 - __main__ - INFO - saved best: 1.46%
2026-03-27 03:04:24 - __main__ - INFO - 
Epoch 2/50 | lr 0.002008
2026-03-27 03:04:35 - __main__ - INFO - Train: loss 2.2679 acc1 42.47%
2026-03-27 03:04:35 - __main__ - INFO - Val:   loss 3.2709 acc1 15.78%
2026-03-27 03:04:35 - __main__ - INFO - saved best: 15.78%
2026-03-27 03:04:35 - __main__ - INFO - 
Epoch 3/50 | lr 0.004006
2026-03-27 03:04:46 - __main__ - INFO - Train: loss 1.2392 acc1 63.56%
2026-03-27 03:04:46 - __main__ - INFO - Val:   loss 1.2757 acc1 68.61%
2026-03-27 03:04:46 - __main__ - INFO - saved best: 68.61%
2026-03-27 03:04:46 - __main__ - INFO - 
Epoch 4/50 | lr 0.006004
2026-03-27 03:04:57 - __main__ - INFO - Train: loss 0.8141 acc1 75.07%
2026-03-27 03:04:57 - __main__ - INFO - Val:   loss 25.0323 acc1 35.08%
2026-03-27 03:04:57 - __main__ - INFO - 
Epoch 5/50 | lr 0.008002
2026-03-27 03:05:08 - __main__ - INFO - Train: loss 0.4059 acc1 88.69%
2026-03-27 03:05:08 - __main__ - INFO - Val:   loss 3.1701 acc1 51.31%
2026-03-27 03:05:08 - __main__ - INFO - 
Epoch 6/50 | lr 0.010000
2026-03-27 03:05:18 - __main__ - INFO - Train: loss 0.2129 acc1 94.15%
2026-03-27 03:05:18 - __main__ - INFO - Val:   loss 1.9510 acc1 56.15%
2026-03-27 03:05:18 - __main__ - INFO - 
Epoch 7/50 | lr 0.009988
2026-03-27 03:05:29 - __main__ - INFO - Train: loss 0.1508 acc1 95.48%
2026-03-27 03:05:29 - __main__ - INFO - Val:   loss 6.0941 acc1 57.28%
2026-03-27 03:05:29 - __main__ - INFO - 
Epoch 8/50 | lr 0.009951
2026-03-27 03:05:40 - __main__ - INFO - Train: loss 0.1187 acc1 96.47%
2026-03-27 03:05:40 - __main__ - INFO - Val:   loss 0.1140 acc1 95.96%
2026-03-27 03:05:40 - __main__ - INFO - saved best: 95.96%
2026-03-27 03:05:40 - __main__ - INFO - 
Epoch 9/50 | lr 0.009891
2026-03-27 03:05:51 - __main__ - INFO - Train: loss 0.0972 acc1 97.00%
2026-03-27 03:05:51 - __main__ - INFO - Val:   loss 0.1125 acc1 96.35%
2026-03-27 03:05:51 - __main__ - INFO - saved best: 96.35%
2026-03-27 03:05:51 - __main__ - INFO - 
Epoch 10/50 | lr 0.009807
2026-03-27 03:06:02 - __main__ - INFO - Train: loss 0.0903 acc1 97.26%
2026-03-27 03:06:02 - __main__ - INFO - Val:   loss 0.1139 acc1 96.76%
2026-03-27 03:06:02 - __main__ - INFO - saved best: 96.76%
2026-03-27 03:06:02 - __main__ - INFO - 
Epoch 11/50 | lr 0.009699
2026-03-27 03:06:13 - __main__ - INFO - Train: loss 0.0847 acc1 97.51%
2026-03-27 03:06:13 - __main__ - INFO - Val:   loss 0.1332 acc1 96.49%
2026-03-27 03:06:13 - __main__ - INFO - 
Epoch 12/50 | lr 0.009568
2026-03-27 03:06:23 - __main__ - INFO - Train: loss 0.0779 acc1 97.67%
2026-03-27 03:06:23 - __main__ - INFO - Val:   loss 0.1093 acc1 97.17%
2026-03-27 03:06:23 - __main__ - INFO - saved best: 97.17%
2026-03-27 03:06:23 - __main__ - INFO - 
Epoch 13/50 | lr 0.009415
2026-03-27 03:06:34 - __main__ - INFO - Train: loss 0.0631 acc1 98.09%
2026-03-27 03:06:34 - __main__ - INFO - Val:   loss 0.0999 acc1 96.61%
2026-03-27 03:06:34 - __main__ - INFO - 
Epoch 14/50 | lr 0.009241
2026-03-27 03:06:45 - __main__ - INFO - Train: loss 0.0558 acc1 98.26%
2026-03-27 03:06:45 - __main__ - INFO - Val:   loss 0.0866 acc1 97.56%
2026-03-27 03:06:45 - __main__ - INFO - saved best: 97.56%
2026-03-27 03:06:45 - __main__ - INFO - 
Epoch 15/50 | lr 0.009046
2026-03-27 03:06:56 - __main__ - INFO - Train: loss 0.0517 acc1 98.41%
2026-03-27 03:06:56 - __main__ - INFO - Val:   loss 0.0790 acc1 97.17%
2026-03-27 03:06:56 - __main__ - INFO - 
Epoch 16/50 | lr 0.008831
2026-03-27 03:07:07 - __main__ - INFO - Train: loss 0.0478 acc1 98.59%
2026-03-27 03:07:07 - __main__ - INFO - Val:   loss 0.0890 acc1 97.69%
2026-03-27 03:07:07 - __main__ - INFO - saved best: 97.69%
2026-03-27 03:07:07 - __main__ - INFO - 
Epoch 17/50 | lr 0.008598
2026-03-27 03:07:18 - __main__ - INFO - Train: loss 0.0496 acc1 98.42%
2026-03-27 03:07:18 - __main__ - INFO - Val:   loss 0.4223 acc1 88.16%
2026-03-27 03:07:18 - __main__ - INFO - 
Epoch 18/50 | lr 0.008347
2026-03-27 03:07:29 - __main__ - INFO - Train: loss 0.0483 acc1 98.52%
2026-03-27 03:07:29 - __main__ - INFO - Val:   loss 0.1010 acc1 96.91%
2026-03-27 03:07:29 - __main__ - INFO - 
Epoch 19/50 | lr 0.008080
2026-03-27 03:07:40 - __main__ - INFO - Train: loss 0.0500 acc1 98.50%
2026-03-27 03:07:40 - __main__ - INFO - Val:   loss 0.0907 acc1 96.90%
2026-03-27 03:07:40 - __main__ - INFO - 
Epoch 20/50 | lr 0.007798
2026-03-27 03:07:50 - __main__ - INFO - Train: loss 0.0438 acc1 98.68%
2026-03-27 03:07:50 - __main__ - INFO - Val:   loss 0.0866 acc1 97.56%
2026-03-27 03:07:50 - __main__ - INFO - 
Epoch 21/50 | lr 0.007502
2026-03-27 03:08:01 - __main__ - INFO - Train: loss 0.0399 acc1 98.79%
2026-03-27 03:08:01 - __main__ - INFO - Val:   loss 0.0720 acc1 97.83%
2026-03-27 03:08:01 - __main__ - INFO - saved best: 97.83%
2026-03-27 03:08:01 - __main__ - INFO - 
Epoch 22/50 | lr 0.007195
2026-03-27 03:08:12 - __main__ - INFO - Train: loss 0.0404 acc1 98.79%
2026-03-27 03:08:12 - __main__ - INFO - Val:   loss 0.0751 acc1 97.83%
2026-03-27 03:08:12 - __main__ - INFO - 
Epoch 23/50 | lr 0.006876
2026-03-27 03:08:23 - __main__ - INFO - Train: loss 0.0428 acc1 98.73%
2026-03-27 03:08:23 - __main__ - INFO - Val:   loss 0.0827 acc1 97.56%
2026-03-27 03:08:23 - __main__ - INFO - 
Epoch 24/50 | lr 0.006549
2026-03-27 03:08:33 - __main__ - INFO - Train: loss 0.0388 acc1 98.81%
2026-03-27 03:08:33 - __main__ - INFO - Val:   loss 0.0838 acc1 97.56%
2026-03-27 03:08:33 - __main__ - INFO - 
Epoch 25/50 | lr 0.006213
2026-03-27 03:08:44 - __main__ - INFO - Train: loss 0.0362 acc1 98.88%
2026-03-27 03:08:44 - __main__ - INFO - Val:   loss 0.0842 acc1 97.70%
2026-03-27 03:08:44 - __main__ - INFO - 
Epoch 26/50 | lr 0.005872
2026-03-27 03:08:55 - __main__ - INFO - Train: loss 0.0357 acc1 98.90%
2026-03-27 03:08:55 - __main__ - INFO - Val:   loss 0.0747 acc1 97.83%
2026-03-27 03:08:55 - __main__ - INFO - 
Epoch 27/50 | lr 0.005527
2026-03-27 03:09:05 - __main__ - INFO - Train: loss 0.0341 acc1 98.93%
2026-03-27 03:09:05 - __main__ - INFO - Val:   loss 0.0817 acc1 96.88%
2026-03-27 03:09:05 - __main__ - INFO - 
Epoch 28/50 | lr 0.005179
2026-03-27 03:09:16 - __main__ - INFO - Train: loss 0.0360 acc1 98.81%
2026-03-27 03:09:16 - __main__ - INFO - Val:   loss 0.0669 acc1 97.96%
2026-03-27 03:09:16 - __main__ - INFO - saved best: 97.96%
2026-03-27 03:09:16 - __main__ - INFO - 
Epoch 29/50 | lr 0.004831
2026-03-27 03:09:27 - __main__ - INFO - Train: loss 0.0319 acc1 98.84%
2026-03-27 03:09:27 - __main__ - INFO - Val:   loss 0.0818 acc1 96.88%
2026-03-27 03:09:27 - __main__ - INFO - 
Epoch 30/50 | lr 0.004483
2026-03-27 03:09:38 - __main__ - INFO - Train: loss 0.0286 acc1 99.03%
2026-03-27 03:09:38 - __main__ - INFO - Val:   loss 0.0900 acc1 97.96%
2026-03-27 03:09:38 - __main__ - INFO - 
Epoch 31/50 | lr 0.004138
2026-03-27 03:09:49 - __main__ - INFO - Train: loss 0.0253 acc1 99.11%
2026-03-27 03:09:49 - __main__ - INFO - Val:   loss 0.0840 acc1 97.30%
2026-03-27 03:09:49 - __main__ - INFO - 
Epoch 32/50 | lr 0.003797
2026-03-27 03:10:00 - __main__ - INFO - Train: loss 0.0266 acc1 99.09%
2026-03-27 03:10:00 - __main__ - INFO - Val:   loss 0.0865 acc1 97.30%
2026-03-27 03:10:00 - __main__ - INFO - 
Epoch 33/50 | lr 0.003461
2026-03-27 03:10:10 - __main__ - INFO - Train: loss 0.0196 acc1 99.35%
2026-03-27 03:10:10 - __main__ - INFO - Val:   loss 0.1226 acc1 94.88%
2026-03-27 03:10:10 - __main__ - INFO - 
Epoch 34/50 | lr 0.003134
2026-03-27 03:10:21 - __main__ - INFO - Train: loss 0.0180 acc1 99.36%
2026-03-27 03:10:21 - __main__ - INFO - Val:   loss 0.1157 acc1 96.47%
2026-03-27 03:10:21 - __main__ - INFO - 
Epoch 35/50 | lr 0.002815
2026-03-27 03:10:32 - __main__ - INFO - Train: loss 0.0154 acc1 99.51%
2026-03-27 03:10:32 - __main__ - INFO - Val:   loss 0.0989 acc1 96.99%
2026-03-27 03:10:32 - __main__ - INFO - 
Epoch 36/50 | lr 0.002508
2026-03-27 03:10:43 - __main__ - INFO - Train: loss 0.0171 acc1 99.43%
2026-03-27 03:10:43 - __main__ - INFO - Val:   loss 0.0936 acc1 97.82%
2026-03-27 03:10:43 - __main__ - INFO - 
Epoch 37/50 | lr 0.002212
2026-03-27 03:10:54 - __main__ - INFO - Train: loss 0.0133 acc1 99.68%
2026-03-27 03:10:54 - __main__ - INFO - Val:   loss 0.1131 acc1 97.43%
2026-03-27 03:10:54 - __main__ - INFO - 
Epoch 38/50 | lr 0.001930
2026-03-27 03:11:04 - __main__ - INFO - Train: loss 0.0107 acc1 99.69%
2026-03-27 03:11:04 - __main__ - INFO - Val:   loss 0.1219 acc1 97.83%
2026-03-27 03:11:04 - __main__ - INFO - 
Epoch 39/50 | lr 0.001663
2026-03-27 03:11:15 - __main__ - INFO - Train: loss 0.0084 acc1 99.75%
2026-03-27 03:11:15 - __main__ - INFO - Val:   loss 0.1159 acc1 97.56%
2026-03-27 03:11:15 - __main__ - INFO - 
Epoch 40/50 | lr 0.001412
2026-03-27 03:11:26 - __main__ - INFO - Train: loss 0.0072 acc1 99.82%
2026-03-27 03:11:26 - __main__ - INFO - Val:   loss 0.1262 acc1 97.30%
2026-03-27 03:11:26 - __main__ - INFO - 
Epoch 41/50 | lr 0.001179
2026-03-27 03:11:37 - __main__ - INFO - Train: loss 0.0044 acc1 99.90%
2026-03-27 03:11:37 - __main__ - INFO - Val:   loss 0.1272 acc1 97.70%
2026-03-27 03:11:37 - __main__ - INFO - 
Epoch 42/50 | lr 0.000964
2026-03-27 03:11:48 - __main__ - INFO - Train: loss 0.0051 acc1 99.90%
2026-03-27 03:11:48 - __main__ - INFO - Val:   loss 0.1320 acc1 97.83%
2026-03-27 03:11:48 - __main__ - INFO - 
Epoch 43/50 | lr 0.000769
2026-03-27 03:11:59 - __main__ - INFO - Train: loss 0.0056 acc1 99.86%
2026-03-27 03:11:59 - __main__ - INFO - Val:   loss 0.1331 acc1 97.83%
2026-03-27 03:11:59 - __main__ - INFO - 
Epoch 44/50 | lr 0.000595
2026-03-27 03:12:10 - __main__ - INFO - Train: loss 0.0035 acc1 99.94%
2026-03-27 03:12:10 - __main__ - INFO - Val:   loss 0.1315 acc1 97.83%
2026-03-27 03:12:10 - __main__ - INFO - 
Epoch 45/50 | lr 0.000442
2026-03-27 03:12:21 - __main__ - INFO - Train: loss 0.0050 acc1 99.91%
2026-03-27 03:12:21 - __main__ - INFO - Val:   loss 0.1330 acc1 97.83%
2026-03-27 03:12:21 - __main__ - INFO - 
Epoch 46/50 | lr 0.000311
2026-03-27 03:12:32 - __main__ - INFO - Train: loss 0.0046 acc1 99.93%
2026-03-27 03:12:32 - __main__ - INFO - Val:   loss 0.1323 acc1 97.83%
2026-03-27 03:12:32 - __main__ - INFO - 
Epoch 47/50 | lr 0.000203
2026-03-27 03:12:43 - __main__ - INFO - Train: loss 0.0041 acc1 99.91%
2026-03-27 03:12:43 - __main__ - INFO - Val:   loss 0.1328 acc1 97.83%
2026-03-27 03:12:43 - __main__ - INFO - 
Epoch 48/50 | lr 0.000119
2026-03-27 03:12:54 - __main__ - INFO - Train: loss 0.0031 acc1 99.93%
2026-03-27 03:12:54 - __main__ - INFO - Val:   loss 0.1331 acc1 97.83%
2026-03-27 03:12:54 - __main__ - INFO - 
Epoch 49/50 | lr 0.000059
2026-03-27 03:13:04 - __main__ - INFO - Train: loss 0.0034 acc1 99.96%
2026-03-27 03:13:04 - __main__ - INFO - Val:   loss 0.1324 acc1 97.83%
2026-03-27 03:13:04 - __main__ - INFO - 
Epoch 50/50 | lr 0.000022
2026-03-27 03:13:15 - __main__ - INFO - Train: loss 0.0020 acc1 99.99%
2026-03-27 03:13:15 - __main__ - INFO - Val:   loss 0.1329 acc1 97.83%
2026-03-27 03:13:15 - __main__ - INFO - Loaded best checkpoint weights for final test evaluation.
2026-03-27 03:13:17 - __main__ - INFO - 
Best tracked (val): 97.96%
2026-03-27 03:13:17 - __main__ - INFO - Final test: loss 0.1141 acc1 96.69%
2026-03-27 03:13:22 - __main__ - INFO - Variant [random_sparsity] done — test acc 96.69%, test loss 0.1141
2026-03-27 03:13:22 - __main__ - INFO - 
============================================================
2026-03-27 03:13:22 - __main__ - INFO - Training output model: mobilenet_v3_small [shuffled_cam_low_saliency]
2026-03-27 03:13:22 - __main__ - INFO -   Resolved config → opt=sgd, lr=0.01, wd=1e-05, bs=32, epochs=50, scheduler=cosine, warmup=5
2026-03-27 03:13:22 - __main__ - INFO - ============================================================
2026-03-27 03:13:22 - __main__ - INFO -   Validation during training uses variant split with val_split=0.1
2026-03-27 03:13:22 - __main__ - INFO -   Final test uses shuffled_cam_low_saliency variant test split
2026-03-27 03:13:22 - __main__ - INFO - device: cuda | cuda: True | gpu: NVIDIA L4
2026-03-27 03:13:23 - __main__ - INFO - Model: mobilenet_v3_small | Dataset: malimg | Classes: 25 | Optimizer: sgd
2026-03-27 03:13:23 - __main__ - INFO - 
Epoch 1/50 | lr 0.000010
2026-03-27 03:13:34 - __main__ - INFO - Train: loss 3.2074 acc1 5.34%
2026-03-27 03:13:34 - __main__ - INFO - Val:   loss 3.2182 acc1 1.46%
2026-03-27 03:13:34 - __main__ - INFO - saved best: 1.46%
2026-03-27 03:13:34 - __main__ - INFO - 
Epoch 2/50 | lr 0.002008
2026-03-27 03:13:45 - __main__ - INFO - Train: loss 2.1268 acc1 47.91%
2026-03-27 03:13:45 - __main__ - INFO - Val:   loss 3.3748 acc1 15.78%
2026-03-27 03:13:45 - __main__ - INFO - saved best: 15.78%
2026-03-27 03:13:45 - __main__ - INFO - 
Epoch 3/50 | lr 0.004006
2026-03-27 03:13:56 - __main__ - INFO - Train: loss 1.2975 acc1 59.50%
2026-03-27 03:13:56 - __main__ - INFO - Val:   loss 1.5913 acc1 60.28%
2026-03-27 03:13:56 - __main__ - INFO - saved best: 60.28%
2026-03-27 03:13:56 - __main__ - INFO - 
Epoch 4/50 | lr 0.006004
2026-03-27 03:14:07 - __main__ - INFO - Train: loss 0.6618 acc1 79.63%
2026-03-27 03:14:07 - __main__ - INFO - Val:   loss 1.7562 acc1 71.64%
2026-03-27 03:14:07 - __main__ - INFO - saved best: 71.64%
2026-03-27 03:14:07 - __main__ - INFO - 
Epoch 5/50 | lr 0.008002
2026-03-27 03:14:18 - __main__ - INFO - Train: loss 0.2861 acc1 91.39%
2026-03-27 03:14:18 - __main__ - INFO - Val:   loss 27.0535 acc1 29.29%
2026-03-27 03:14:18 - __main__ - INFO - 
Epoch 6/50 | lr 0.010000
2026-03-27 03:14:29 - __main__ - INFO - Train: loss 0.1541 acc1 95.55%
2026-03-27 03:14:29 - __main__ - INFO - Val:   loss 2.5691 acc1 57.85%
2026-03-27 03:14:29 - __main__ - INFO - 
Epoch 7/50 | lr 0.009988
2026-03-27 03:14:40 - __main__ - INFO - Train: loss 0.1097 acc1 96.48%
2026-03-27 03:14:40 - __main__ - INFO - Val:   loss 2.5397 acc1 67.01%
2026-03-27 03:14:40 - __main__ - INFO - 
Epoch 8/50 | lr 0.009951
2026-03-27 03:14:51 - __main__ - INFO - Train: loss 0.0843 acc1 97.29%
2026-03-27 03:14:51 - __main__ - INFO - Val:   loss 0.1797 acc1 94.49%
2026-03-27 03:14:51 - __main__ - INFO - saved best: 94.49%
2026-03-27 03:14:51 - __main__ - INFO - 
Epoch 9/50 | lr 0.009891
2026-03-27 03:15:02 - __main__ - INFO - Train: loss 0.0613 acc1 98.26%
2026-03-27 03:15:02 - __main__ - INFO - Val:   loss 0.0637 acc1 98.52%
2026-03-27 03:15:02 - __main__ - INFO - saved best: 98.52%
2026-03-27 03:15:02 - __main__ - INFO - 
Epoch 10/50 | lr 0.009807
2026-03-27 03:15:13 - __main__ - INFO - Train: loss 0.0505 acc1 98.54%
2026-03-27 03:15:13 - __main__ - INFO - Val:   loss 0.0293 acc1 99.18%
2026-03-27 03:15:13 - __main__ - INFO - saved best: 99.18%
2026-03-27 03:15:13 - __main__ - INFO - 
Epoch 11/50 | lr 0.009699
2026-03-27 03:15:24 - __main__ - INFO - Train: loss 0.0454 acc1 98.72%
2026-03-27 03:15:24 - __main__ - INFO - Val:   loss 0.0459 acc1 98.79%
2026-03-27 03:15:24 - __main__ - INFO - 
Epoch 12/50 | lr 0.009568
2026-03-27 03:15:36 - __main__ - INFO - Train: loss 0.0371 acc1 98.72%
2026-03-27 03:15:36 - __main__ - INFO - Val:   loss 0.0346 acc1 98.80%
2026-03-27 03:15:36 - __main__ - INFO - 
Epoch 13/50 | lr 0.009415
2026-03-27 03:15:47 - __main__ - INFO - Train: loss 0.0267 acc1 99.12%
2026-03-27 03:15:47 - __main__ - INFO - Val:   loss 0.0278 acc1 99.04%
2026-03-27 03:15:47 - __main__ - INFO - 
Epoch 14/50 | lr 0.009241
2026-03-27 03:15:58 - __main__ - INFO - Train: loss 0.0188 acc1 99.51%
2026-03-27 03:15:58 - __main__ - INFO - Val:   loss 0.0408 acc1 98.66%
2026-03-27 03:15:58 - __main__ - INFO - 
Epoch 15/50 | lr 0.009046
2026-03-27 03:16:09 - __main__ - INFO - Train: loss 0.0195 acc1 99.39%
2026-03-27 03:16:09 - __main__ - INFO - Val:   loss 0.0332 acc1 99.18%
2026-03-27 03:16:09 - __main__ - INFO - 
Epoch 16/50 | lr 0.008831
2026-03-27 03:16:20 - __main__ - INFO - Train: loss 0.0189 acc1 99.46%
2026-03-27 03:16:20 - __main__ - INFO - Val:   loss 0.0505 acc1 98.91%
2026-03-27 03:16:20 - __main__ - INFO - 
Epoch 17/50 | lr 0.008598
2026-03-27 03:16:31 - __main__ - INFO - Train: loss 0.0165 acc1 99.49%
2026-03-27 03:16:31 - __main__ - INFO - Val:   loss 0.0471 acc1 98.53%
2026-03-27 03:16:31 - __main__ - INFO - 
Epoch 18/50 | lr 0.008347
2026-03-27 03:16:42 - __main__ - INFO - Train: loss 0.0102 acc1 99.78%
2026-03-27 03:16:42 - __main__ - INFO - Val:   loss 0.0441 acc1 98.80%
2026-03-27 03:16:42 - __main__ - INFO - 
Epoch 19/50 | lr 0.008080
2026-03-27 03:16:53 - __main__ - INFO - Train: loss 0.0135 acc1 99.54%
2026-03-27 03:16:53 - __main__ - INFO - Val:   loss 0.0391 acc1 98.78%
2026-03-27 03:16:53 - __main__ - INFO - 
Epoch 20/50 | lr 0.007798
2026-03-27 03:17:04 - __main__ - INFO - Train: loss 0.0081 acc1 99.75%
2026-03-27 03:17:04 - __main__ - INFO - Val:   loss 0.0409 acc1 98.38%
2026-03-27 03:17:04 - __main__ - INFO - 
Epoch 21/50 | lr 0.007502
2026-03-27 03:17:16 - __main__ - INFO - Train: loss 0.0091 acc1 99.69%
2026-03-27 03:17:16 - __main__ - INFO - Val:   loss 0.0299 acc1 99.31%
2026-03-27 03:17:16 - __main__ - INFO - saved best: 99.31%
2026-03-27 03:17:16 - __main__ - INFO - 
Epoch 22/50 | lr 0.007195
2026-03-27 03:17:27 - __main__ - INFO - Train: loss 0.0159 acc1 99.57%
2026-03-27 03:17:27 - __main__ - INFO - Val:   loss 0.0342 acc1 99.18%
2026-03-27 03:17:27 - __main__ - INFO - 
Epoch 23/50 | lr 0.006876
2026-03-27 03:17:38 - __main__ - INFO - Train: loss 0.0075 acc1 99.79%
2026-03-27 03:17:38 - __main__ - INFO - Val:   loss 0.0435 acc1 99.17%
2026-03-27 03:17:38 - __main__ - INFO - 
Epoch 24/50 | lr 0.006549
2026-03-27 03:17:49 - __main__ - INFO - Train: loss 0.0027 acc1 99.96%
2026-03-27 03:17:49 - __main__ - INFO - Val:   loss 0.0552 acc1 99.30%
2026-03-27 03:17:49 - __main__ - INFO - 
Epoch 25/50 | lr 0.006213
2026-03-27 03:18:00 - __main__ - INFO - Train: loss 0.0042 acc1 99.85%
2026-03-27 03:18:00 - __main__ - INFO - Val:   loss 0.0602 acc1 98.90%
2026-03-27 03:18:00 - __main__ - INFO - 
Epoch 26/50 | lr 0.005872
2026-03-27 03:18:11 - __main__ - INFO - Train: loss 0.0035 acc1 99.94%
2026-03-27 03:18:11 - __main__ - INFO - Val:   loss 0.0469 acc1 99.30%
2026-03-27 03:18:11 - __main__ - INFO - 
Epoch 27/50 | lr 0.005527
2026-03-27 03:18:22 - __main__ - INFO - Train: loss 0.0037 acc1 99.91%
2026-03-27 03:18:22 - __main__ - INFO - Val:   loss 0.0581 acc1 98.75%
2026-03-27 03:18:22 - __main__ - INFO - 
Epoch 28/50 | lr 0.005179
2026-03-27 03:18:33 - __main__ - INFO - Train: loss 0.0045 acc1 99.90%
2026-03-27 03:18:33 - __main__ - INFO - Val:   loss 0.0412 acc1 99.05%
2026-03-27 03:18:33 - __main__ - INFO - 
Epoch 29/50 | lr 0.004831
2026-03-27 03:18:44 - __main__ - INFO - Train: loss 0.0038 acc1 99.91%
2026-03-27 03:18:44 - __main__ - INFO - Val:   loss 0.0414 acc1 99.17%
2026-03-27 03:18:44 - __main__ - INFO - 
Epoch 30/50 | lr 0.004483
2026-03-27 03:18:55 - __main__ - INFO - Train: loss 0.0022 acc1 99.93%
2026-03-27 03:18:55 - __main__ - INFO - Val:   loss 0.0504 acc1 99.17%
2026-03-27 03:18:55 - __main__ - INFO - 
Epoch 31/50 | lr 0.004138
2026-03-27 03:19:06 - __main__ - INFO - Train: loss 0.0019 acc1 99.99%
2026-03-27 03:19:06 - __main__ - INFO - Val:   loss 0.0489 acc1 99.03%
2026-03-27 03:19:06 - __main__ - INFO - 
Epoch 32/50 | lr 0.003797
2026-03-27 03:19:17 - __main__ - INFO - Train: loss 0.0008 acc1 100.00%
2026-03-27 03:19:17 - __main__ - INFO - Val:   loss 0.0459 acc1 99.03%
2026-03-27 03:19:17 - __main__ - INFO - 
Epoch 33/50 | lr 0.003461
2026-03-27 03:19:28 - __main__ - INFO - Train: loss 0.0011 acc1 100.00%
2026-03-27 03:19:28 - __main__ - INFO - Val:   loss 0.0493 acc1 99.17%
2026-03-27 03:19:28 - __main__ - INFO - 
Epoch 34/50 | lr 0.003134
2026-03-27 03:19:39 - __main__ - INFO - Train: loss 0.0010 acc1 99.99%
2026-03-27 03:19:39 - __main__ - INFO - Val:   loss 0.0534 acc1 99.17%
2026-03-27 03:19:39 - __main__ - INFO - 
Epoch 35/50 | lr 0.002815
2026-03-27 03:19:50 - __main__ - INFO - Train: loss 0.0008 acc1 99.99%
2026-03-27 03:19:50 - __main__ - INFO - Val:   loss 0.0453 acc1 99.30%
2026-03-27 03:19:50 - __main__ - INFO - 
Epoch 36/50 | lr 0.002508
2026-03-27 03:20:00 - __main__ - INFO - Train: loss 0.0008 acc1 100.00%
2026-03-27 03:20:00 - __main__ - INFO - Val:   loss 0.0454 acc1 99.17%
2026-03-27 03:20:00 - __main__ - INFO - 
Epoch 37/50 | lr 0.002212
2026-03-27 03:20:11 - __main__ - INFO - Train: loss 0.0007 acc1 99.99%
2026-03-27 03:20:11 - __main__ - INFO - Val:   loss 0.0447 acc1 99.17%
2026-03-27 03:20:11 - __main__ - INFO - 
Epoch 38/50 | lr 0.001930
2026-03-27 03:20:22 - __main__ - INFO - Train: loss 0.0007 acc1 100.00%
2026-03-27 03:20:22 - __main__ - INFO - Val:   loss 0.0427 acc1 99.17%
2026-03-27 03:20:22 - __main__ - INFO - 
Epoch 39/50 | lr 0.001663
2026-03-27 03:20:33 - __main__ - INFO - Train: loss 0.0007 acc1 100.00%
2026-03-27 03:20:33 - __main__ - INFO - Val:   loss 0.0429 acc1 99.17%
2026-03-27 03:20:33 - __main__ - INFO - 
Epoch 40/50 | lr 0.001412
2026-03-27 03:20:44 - __main__ - INFO - Train: loss 0.0007 acc1 100.00%
2026-03-27 03:20:44 - __main__ - INFO - Val:   loss 0.0437 acc1 99.17%
2026-03-27 03:20:44 - __main__ - INFO - 
Epoch 41/50 | lr 0.001179
2026-03-27 03:20:55 - __main__ - INFO - Train: loss 0.0005 acc1 100.00%
2026-03-27 03:20:55 - __main__ - INFO - Val:   loss 0.0424 acc1 99.17%
2026-03-27 03:20:55 - __main__ - INFO - 
Epoch 42/50 | lr 0.000964
2026-03-27 03:21:06 - __main__ - INFO - Train: loss 0.0007 acc1 99.99%
2026-03-27 03:21:06 - __main__ - INFO - Val:   loss 0.0426 acc1 99.30%
2026-03-27 03:21:06 - __main__ - INFO - 
Epoch 43/50 | lr 0.000769
2026-03-27 03:21:17 - __main__ - INFO - Train: loss 0.0012 acc1 99.98%
2026-03-27 03:21:17 - __main__ - INFO - Val:   loss 0.0411 acc1 99.30%
2026-03-27 03:21:17 - __main__ - INFO - 
Epoch 44/50 | lr 0.000595
2026-03-27 03:21:28 - __main__ - INFO - Train: loss 0.0008 acc1 99.99%
2026-03-27 03:21:28 - __main__ - INFO - Val:   loss 0.0423 acc1 99.17%
2026-03-27 03:21:28 - __main__ - INFO - 
Epoch 45/50 | lr 0.000442
2026-03-27 03:21:38 - __main__ - INFO - Train: loss 0.0010 acc1 99.99%
2026-03-27 03:21:38 - __main__ - INFO - Val:   loss 0.0408 acc1 99.30%
2026-03-27 03:21:38 - __main__ - INFO - 
Epoch 46/50 | lr 0.000311
2026-03-27 03:21:49 - __main__ - INFO - Train: loss 0.0011 acc1 99.99%
2026-03-27 03:21:49 - __main__ - INFO - Val:   loss 0.0410 acc1 99.17%
2026-03-27 03:21:49 - __main__ - INFO - 
Epoch 47/50 | lr 0.000203
2026-03-27 03:22:01 - __main__ - INFO - Train: loss 0.0006 acc1 99.99%
2026-03-27 03:22:01 - __main__ - INFO - Val:   loss 0.0413 acc1 99.17%
2026-03-27 03:22:01 - __main__ - INFO - 
Epoch 48/50 | lr 0.000119
2026-03-27 03:22:12 - __main__ - INFO - Train: loss 0.0007 acc1 100.00%
2026-03-27 03:22:12 - __main__ - INFO - Val:   loss 0.0415 acc1 99.17%
2026-03-27 03:22:12 - __main__ - INFO - 
Epoch 49/50 | lr 0.000059
2026-03-27 03:22:23 - __main__ - INFO - Train: loss 0.0006 acc1 100.00%
2026-03-27 03:22:23 - __main__ - INFO - Val:   loss 0.0415 acc1 99.17%
2026-03-27 03:22:23 - __main__ - INFO - 
Epoch 50/50 | lr 0.000022
2026-03-27 03:22:34 - __main__ - INFO - Train: loss 0.0006 acc1 100.00%
2026-03-27 03:22:34 - __main__ - INFO - Val:   loss 0.0411 acc1 99.17%
2026-03-27 03:22:34 - __main__ - INFO - Loaded best checkpoint weights for final test evaluation.
2026-03-27 03:22:36 - __main__ - INFO - 
Best tracked (val): 99.31%
2026-03-27 03:22:36 - __main__ - INFO - Final test: loss 0.0447 acc1 98.66%
2026-03-27 03:22:42 - __main__ - INFO - Variant [shuffled_cam_low_saliency] done — test acc 98.66%, test loss 0.0447
2026-03-27 03:22:42 - __main__ - INFO - Saved validation comparison plot: runs/malimg_2026_03/26/mobilenet_v3_small/validation_comparison_plot.png
2026-03-27 03:22:42 - __main__ - INFO - 
Results saved to ./runs/malimg_2026_03/26/comparison_results.json
2026-03-27 03:22:42 - __main__ - INFO - 
========================================================================
2026-03-27 03:22:42 - __main__ - INFO - COMPARISON RESULTS — output model: resnet34
2026-03-27 03:22:42 - __main__ - INFO - ========================================================================
2026-03-27 03:22:42 - __main__ - INFO - Variant              Accuracy       Loss
2026-03-27 03:22:42 - __main__ - INFO - ------------------ ---------- ----------
2026-03-27 03:22:42 - __main__ - INFO - original               98.01%     0.0556
2026-03-27 03:22:42 - __main__ - INFO - low_saliency           97.87%     0.0834
2026-03-27 03:22:42 - __main__ - INFO - random_sparsity        97.78%     0.0855
2026-03-27 03:22:42 - __main__ - INFO - shuffled_cam_low_saliency     98.01%     0.0810
2026-03-27 03:22:42 - __main__ - INFO - ========================================================================
2026-03-27 03:22:42 - __main__ - INFO - CROSS-EVAL MATRIX — output model: resnet34
2026-03-27 03:22:42 - __main__ - INFO - Train / Test               original low_saliency
2026-03-27 03:22:42 - __main__ - INFO - ---------------------- ------------ ------------
2026-03-27 03:22:42 - __main__ - INFO - original                     98.01%       60.40%
2026-03-27 03:22:42 - __main__ - INFO - low_saliency                 95.62%       97.87%
2026-03-27 03:22:42 - __main__ - INFO - Interpretation: train(masked)->test(original) isolates augmentation transfer; train(original)->test(masked) isolates preprocessing effect.
2026-03-27 03:22:42 - __main__ - INFO - ========================================================================
2026-03-27 03:22:42 - __main__ - INFO - 
========================================================================
2026-03-27 03:22:42 - __main__ - INFO - COMPARISON RESULTS — output model: densenet121
2026-03-27 03:22:42 - __main__ - INFO - ========================================================================
2026-03-27 03:22:42 - __main__ - INFO - Variant              Accuracy       Loss
2026-03-27 03:22:42 - __main__ - INFO - ------------------ ---------- ----------
2026-03-27 03:22:42 - __main__ - INFO - original               97.87%     0.0716
2026-03-27 03:22:42 - __main__ - INFO - low_saliency           98.37%     0.0619
2026-03-27 03:22:42 - __main__ - INFO - random_sparsity        98.20%     0.0918
2026-03-27 03:22:42 - __main__ - INFO - shuffled_cam_low_saliency     98.10%     0.0666
2026-03-27 03:22:42 - __main__ - INFO - ========================================================================
2026-03-27 03:22:42 - __main__ - INFO - CROSS-EVAL MATRIX — output model: densenet121
2026-03-27 03:22:42 - __main__ - INFO - Train / Test               original low_saliency
2026-03-27 03:22:42 - __main__ - INFO - ---------------------- ------------ ------------
2026-03-27 03:22:42 - __main__ - INFO - original                     97.87%       85.52%
2026-03-27 03:22:42 - __main__ - INFO - low_saliency                 97.05%       98.37%
2026-03-27 03:22:42 - __main__ - INFO - Interpretation: train(masked)->test(original) isolates augmentation transfer; train(original)->test(masked) isolates preprocessing effect.
2026-03-27 03:22:42 - __main__ - INFO - ========================================================================
2026-03-27 03:22:42 - __main__ - INFO - 
========================================================================
2026-03-27 03:22:42 - __main__ - INFO - COMPARISON RESULTS — output model: efficientnet_b0
2026-03-27 03:22:42 - __main__ - INFO - ========================================================================
2026-03-27 03:22:42 - __main__ - INFO - Variant              Accuracy       Loss
2026-03-27 03:22:42 - __main__ - INFO - ------------------ ---------- ----------
2026-03-27 03:22:42 - __main__ - INFO - original               97.94%     0.0755
2026-03-27 03:22:42 - __main__ - INFO - low_saliency           98.14%     0.0825
2026-03-27 03:22:42 - __main__ - INFO - random_sparsity        98.33%     0.0845
2026-03-27 03:22:42 - __main__ - INFO - shuffled_cam_low_saliency     97.35%     0.0843
2026-03-27 03:22:42 - __main__ - INFO - ========================================================================
2026-03-27 03:22:42 - __main__ - INFO - CROSS-EVAL MATRIX — output model: efficientnet_b0
2026-03-27 03:22:42 - __main__ - INFO - Train / Test               original low_saliency
2026-03-27 03:22:42 - __main__ - INFO - ---------------------- ------------ ------------
2026-03-27 03:22:42 - __main__ - INFO - original                     97.94%       55.27%
2026-03-27 03:22:42 - __main__ - INFO - low_saliency                 83.56%       98.14%
2026-03-27 03:22:42 - __main__ - INFO - Interpretation: train(masked)->test(original) isolates augmentation transfer; train(original)->test(masked) isolates preprocessing effect.
2026-03-27 03:22:42 - __main__ - INFO - ========================================================================
2026-03-27 03:22:42 - __main__ - INFO - 
========================================================================
2026-03-27 03:22:42 - __main__ - INFO - COMPARISON RESULTS — output model: mobilenet_v3_small
2026-03-27 03:22:42 - __main__ - INFO - ========================================================================
2026-03-27 03:22:42 - __main__ - INFO - Variant              Accuracy       Loss
2026-03-27 03:22:42 - __main__ - INFO - ------------------ ---------- ----------
2026-03-27 03:22:42 - __main__ - INFO - original               97.90%     0.0723
2026-03-27 03:22:42 - __main__ - INFO - low_saliency           98.39%     0.0526
2026-03-27 03:22:42 - __main__ - INFO - random_sparsity        96.69%     0.1141
2026-03-27 03:22:42 - __main__ - INFO - shuffled_cam_low_saliency     98.66%     0.0447
2026-03-27 03:22:42 - __main__ - INFO - ========================================================================
2026-03-27 03:22:42 - __main__ - INFO - CROSS-EVAL MATRIX — output model: mobilenet_v3_small
2026-03-27 03:22:42 - __main__ - INFO - Train / Test               original low_saliency
2026-03-27 03:22:42 - __main__ - INFO - ---------------------- ------------ ------------
2026-03-27 03:22:42 - __main__ - INFO - original                     97.90%       74.76%
2026-03-27 03:22:42 - __main__ - INFO - low_saliency                 84.67%       98.39%
2026-03-27 03:22:42 - __main__ - INFO - Interpretation: train(masked)->test(original) isolates augmentation transfer; train(original)->test(masked) isolates preprocessing effect.
2026-03-27 03:22:42 - __main__ - INFO - ========================================================================
