2026-03-25 19:44:03 - __main__ - INFO - Comparison pipeline | device=cuda | out_dir=./runs/cifar100_2026_03/25 | args={"adamw_betas": [0.9, 0.999], "adamw_eps": 1e-08, "amp": false, "batch_size": 128, "cam_layer": "auto", "config": "/content/CAMRegularization/configs.json", "data_dir": "./data", "dataset": "cifar100", "enable_random_control": true, "enable_shuffled_cam_control": true, "epochs": 100, "gamma": 0.1, "input_models": ["resnet18"], "label_smoothing": 0.0, "log_every": 100, "lr": 0.1, "milestones": "60,80", "min_lr": 1e-05, "momentum": 0.9, "nesterov": false, "num_workers": 2, "optimizer": "sgd", "out_dir": "./runs/cifar100_2026_03/25", "output_models": ["resnet34", "densenet121", "efficientnet_b0", "mobilenet_v3_small", "convnext_tiny"], "run_name": "", "scheduler": "cosine", "seed": 42, "threshold": 0.15, "val_split": 0.1, "warmup_epochs": 5, "weight_decay": 0.0005}
2026-03-25 19:44:03 - __main__ - INFO - Enabled variants: ['original', 'low_saliency', 'random_sparsity', 'shuffled_cam_low_saliency']
2026-03-25 19:44:03 - __main__ - INFO - 
============================================================
2026-03-25 19:44:03 - __main__ - INFO - Training input model: resnet18
2026-03-25 19:44:03 - __main__ - INFO -   Resolved config → opt=sgd, lr=0.1, wd=0.0005, bs=128, epochs=100, scheduler=cosine, warmup=5
2026-03-25 19:44:03 - __main__ - INFO - ============================================================
2026-03-25 19:44:03 - __main__ - INFO - device: cuda | cuda: True | gpu: NVIDIA L4
2026-03-25 19:44:23 - __main__ - INFO - Model: resnet18 | Dataset: cifar100 | Classes: 100 | Optimizer: sgd
2026-03-25 19:44:23 - __main__ - INFO - 
Epoch 1/100 | lr 0.000100
2026-03-25 19:44:40 - __main__ - INFO - Train: loss 4.6421 acc1 1.41%
2026-03-25 19:44:40 - __main__ - INFO - Val:   loss 4.5785 acc1 2.06%
2026-03-25 19:44:40 - __main__ - INFO - saved best: 2.06%
2026-03-25 19:44:40 - __main__ - INFO - 
Epoch 2/100 | lr 0.020080
2026-03-25 19:44:56 - __main__ - INFO - Train: loss 3.7111 acc1 13.22%
2026-03-25 19:44:56 - __main__ - INFO - Val:   loss 3.3404 acc1 20.15%
2026-03-25 19:44:56 - __main__ - INFO - saved best: 20.15%
2026-03-25 19:44:56 - __main__ - INFO - 
Epoch 3/100 | lr 0.040060
2026-03-25 19:45:12 - __main__ - INFO - Train: loss 3.0407 acc1 24.16%
2026-03-25 19:45:12 - __main__ - INFO - Val:   loss 2.7656 acc1 30.80%
2026-03-25 19:45:12 - __main__ - INFO - saved best: 30.80%
2026-03-25 19:45:12 - __main__ - INFO - 
Epoch 4/100 | lr 0.060040
2026-03-25 19:45:29 - __main__ - INFO - Train: loss 2.5153 acc1 34.17%
2026-03-25 19:45:29 - __main__ - INFO - Val:   loss 2.4522 acc1 35.81%
2026-03-25 19:45:29 - __main__ - INFO - saved best: 35.81%
2026-03-25 19:45:29 - __main__ - INFO - 
Epoch 5/100 | lr 0.080020
2026-03-25 19:45:45 - __main__ - INFO - Train: loss 2.1689 acc1 41.64%
2026-03-25 19:45:45 - __main__ - INFO - Val:   loss 2.6624 acc1 34.07%
2026-03-25 19:45:45 - __main__ - INFO - 
Epoch 6/100 | lr 0.100000
2026-03-25 19:46:01 - __main__ - INFO - Train: loss 1.9504 acc1 46.50%
2026-03-25 19:46:01 - __main__ - INFO - Val:   loss 2.2897 acc1 40.96%
2026-03-25 19:46:01 - __main__ - INFO - saved best: 40.96%
2026-03-25 19:46:01 - __main__ - INFO - 
Epoch 7/100 | lr 0.099973
2026-03-25 19:46:18 - __main__ - INFO - Train: loss 1.7380 acc1 51.32%
2026-03-25 19:46:18 - __main__ - INFO - Val:   loss 2.2912 acc1 42.24%
2026-03-25 19:46:18 - __main__ - INFO - saved best: 42.24%
2026-03-25 19:46:18 - __main__ - INFO - 
Epoch 8/100 | lr 0.099891
2026-03-25 19:46:34 - __main__ - INFO - Train: loss 1.5987 acc1 54.92%
2026-03-25 19:46:34 - __main__ - INFO - Val:   loss 1.9854 acc1 47.74%
2026-03-25 19:46:34 - __main__ - INFO - saved best: 47.74%
2026-03-25 19:46:34 - __main__ - INFO - 
Epoch 9/100 | lr 0.099754
2026-03-25 19:46:51 - __main__ - INFO - Train: loss 1.5036 acc1 57.25%
2026-03-25 19:46:51 - __main__ - INFO - Val:   loss 1.9975 acc1 47.85%
2026-03-25 19:46:51 - __main__ - INFO - saved best: 47.85%
2026-03-25 19:46:51 - __main__ - INFO - 
Epoch 10/100 | lr 0.099563
2026-03-25 19:47:07 - __main__ - INFO - Train: loss 1.4410 acc1 59.03%
2026-03-25 19:47:07 - __main__ - INFO - Val:   loss 1.7972 acc1 51.64%
2026-03-25 19:47:07 - __main__ - INFO - saved best: 51.64%
2026-03-25 19:47:07 - __main__ - INFO - 
Epoch 11/100 | lr 0.099318
2026-03-25 19:47:23 - __main__ - INFO - Train: loss 1.3780 acc1 60.58%
2026-03-25 19:47:23 - __main__ - INFO - Val:   loss 1.9358 acc1 50.70%
2026-03-25 19:47:23 - __main__ - INFO - 
Epoch 12/100 | lr 0.099019
2026-03-25 19:47:40 - __main__ - INFO - Train: loss 1.3348 acc1 61.54%
2026-03-25 19:47:40 - __main__ - INFO - Val:   loss 1.8097 acc1 51.75%
2026-03-25 19:47:40 - __main__ - INFO - saved best: 51.75%
2026-03-25 19:47:40 - __main__ - INFO - 
Epoch 13/100 | lr 0.098666
2026-03-25 19:47:56 - __main__ - INFO - Train: loss 1.2932 acc1 62.63%
2026-03-25 19:47:56 - __main__ - INFO - Val:   loss 1.7751 acc1 52.38%
2026-03-25 19:47:56 - __main__ - INFO - saved best: 52.38%
2026-03-25 19:47:56 - __main__ - INFO - 
Epoch 14/100 | lr 0.098261
2026-03-25 19:48:13 - __main__ - INFO - Train: loss 1.2617 acc1 63.43%
2026-03-25 19:48:13 - __main__ - INFO - Val:   loss 1.8672 acc1 49.49%
2026-03-25 19:48:13 - __main__ - INFO - 
Epoch 15/100 | lr 0.097802
2026-03-25 19:48:29 - __main__ - INFO - Train: loss 1.2286 acc1 64.43%
2026-03-25 19:48:29 - __main__ - INFO - Val:   loss 1.6646 acc1 55.22%
2026-03-25 19:48:29 - __main__ - INFO - saved best: 55.22%
2026-03-25 19:48:29 - __main__ - INFO - 
Epoch 16/100 | lr 0.097291
2026-03-25 19:48:46 - __main__ - INFO - Train: loss 1.2076 acc1 65.05%
2026-03-25 19:48:46 - __main__ - INFO - Val:   loss 1.8462 acc1 51.91%
2026-03-25 19:48:46 - __main__ - INFO - 
Epoch 17/100 | lr 0.096729
2026-03-25 19:49:02 - __main__ - INFO - Train: loss 1.1753 acc1 65.80%
2026-03-25 19:49:02 - __main__ - INFO - Val:   loss 1.9151 acc1 52.36%
2026-03-25 19:49:02 - __main__ - INFO - 
Epoch 18/100 | lr 0.096115
2026-03-25 19:49:18 - __main__ - INFO - Train: loss 1.1477 acc1 66.47%
2026-03-25 19:49:18 - __main__ - INFO - Val:   loss 1.6530 acc1 56.02%
2026-03-25 19:49:18 - __main__ - INFO - saved best: 56.02%
2026-03-25 19:49:18 - __main__ - INFO - 
Epoch 19/100 | lr 0.095451
2026-03-25 19:49:35 - __main__ - INFO - Train: loss 1.1268 acc1 67.27%
2026-03-25 19:49:35 - __main__ - INFO - Val:   loss 1.5422 acc1 58.53%
2026-03-25 19:49:35 - __main__ - INFO - saved best: 58.53%
2026-03-25 19:49:35 - __main__ - INFO - 
Epoch 20/100 | lr 0.094737
2026-03-25 19:49:51 - __main__ - INFO - Train: loss 1.1025 acc1 67.68%
2026-03-25 19:49:51 - __main__ - INFO - Val:   loss 1.6307 acc1 56.88%
2026-03-25 19:49:51 - __main__ - INFO - 
Epoch 21/100 | lr 0.093974
2026-03-25 19:50:07 - __main__ - INFO - Train: loss 1.0810 acc1 68.33%
2026-03-25 19:50:07 - __main__ - INFO - Val:   loss 1.6819 acc1 55.94%
2026-03-25 19:50:07 - __main__ - INFO - 
Epoch 22/100 | lr 0.093164
2026-03-25 19:50:24 - __main__ - INFO - Train: loss 1.0652 acc1 68.62%
2026-03-25 19:50:24 - __main__ - INFO - Val:   loss 1.6338 acc1 55.89%
2026-03-25 19:50:24 - __main__ - INFO - 
Epoch 23/100 | lr 0.092306
2026-03-25 19:50:40 - __main__ - INFO - Train: loss 1.0493 acc1 69.14%
2026-03-25 19:50:40 - __main__ - INFO - Val:   loss 1.6138 acc1 56.32%
2026-03-25 19:50:40 - __main__ - INFO - 
Epoch 24/100 | lr 0.091401
2026-03-25 19:50:57 - __main__ - INFO - Train: loss 1.0260 acc1 69.76%
2026-03-25 19:50:57 - __main__ - INFO - Val:   loss 1.6617 acc1 56.76%
2026-03-25 19:50:57 - __main__ - INFO - 
Epoch 25/100 | lr 0.090452
2026-03-25 19:51:13 - __main__ - INFO - Train: loss 1.0173 acc1 69.87%
2026-03-25 19:51:13 - __main__ - INFO - Val:   loss 1.5675 acc1 58.09%
2026-03-25 19:51:13 - __main__ - INFO - 
Epoch 26/100 | lr 0.089458
2026-03-25 19:51:29 - __main__ - INFO - Train: loss 0.9945 acc1 70.48%
2026-03-25 19:51:29 - __main__ - INFO - Val:   loss 1.6214 acc1 57.59%
2026-03-25 19:51:29 - __main__ - INFO - 
Epoch 27/100 | lr 0.088421
2026-03-25 19:51:46 - __main__ - INFO - Train: loss 0.9860 acc1 70.54%
2026-03-25 19:51:46 - __main__ - INFO - Val:   loss 1.8408 acc1 54.21%
2026-03-25 19:51:46 - __main__ - INFO - 
Epoch 28/100 | lr 0.087342
2026-03-25 19:52:02 - __main__ - INFO - Train: loss 0.9684 acc1 71.34%
2026-03-25 19:52:02 - __main__ - INFO - Val:   loss 1.5754 acc1 58.15%
2026-03-25 19:52:02 - __main__ - INFO - 
Epoch 29/100 | lr 0.086223
2026-03-25 19:52:19 - __main__ - INFO - Train: loss 0.9491 acc1 71.90%
2026-03-25 19:52:19 - __main__ - INFO - Val:   loss 1.6699 acc1 56.25%
2026-03-25 19:52:19 - __main__ - INFO - 
Epoch 30/100 | lr 0.085063
2026-03-25 19:52:35 - __main__ - INFO - Train: loss 0.9371 acc1 72.11%
2026-03-25 19:52:35 - __main__ - INFO - Val:   loss 1.5197 acc1 59.11%
2026-03-25 19:52:35 - __main__ - INFO - saved best: 59.11%
2026-03-25 19:52:35 - __main__ - INFO - 
Epoch 31/100 | lr 0.083866
2026-03-25 19:52:51 - __main__ - INFO - Train: loss 0.9069 acc1 72.71%
2026-03-25 19:52:51 - __main__ - INFO - Val:   loss 1.5371 acc1 59.26%
2026-03-25 19:52:51 - __main__ - INFO - saved best: 59.26%
2026-03-25 19:52:51 - __main__ - INFO - 
Epoch 32/100 | lr 0.082631
2026-03-25 19:53:08 - __main__ - INFO - Train: loss 0.9082 acc1 72.89%
2026-03-25 19:53:08 - __main__ - INFO - Val:   loss 1.5617 acc1 60.24%
2026-03-25 19:53:08 - __main__ - INFO - saved best: 60.24%
2026-03-25 19:53:08 - __main__ - INFO - 
Epoch 33/100 | lr 0.081361
2026-03-25 19:53:24 - __main__ - INFO - Train: loss 0.8994 acc1 73.39%
2026-03-25 19:53:24 - __main__ - INFO - Val:   loss 1.4922 acc1 60.93%
2026-03-25 19:53:24 - __main__ - INFO - saved best: 60.93%
2026-03-25 19:53:24 - __main__ - INFO - 
Epoch 34/100 | lr 0.080056
2026-03-25 19:53:41 - __main__ - INFO - Train: loss 0.8629 acc1 74.15%
2026-03-25 19:53:41 - __main__ - INFO - Val:   loss 1.4913 acc1 60.68%
2026-03-25 19:53:41 - __main__ - INFO - 
Epoch 35/100 | lr 0.078719
2026-03-25 19:53:57 - __main__ - INFO - Train: loss 0.8544 acc1 74.45%
2026-03-25 19:53:57 - __main__ - INFO - Val:   loss 1.6227 acc1 57.89%
2026-03-25 19:53:57 - __main__ - INFO - 
Epoch 36/100 | lr 0.077350
2026-03-25 19:54:13 - __main__ - INFO - Train: loss 0.8453 acc1 74.45%
2026-03-25 19:54:13 - __main__ - INFO - Val:   loss 1.5043 acc1 59.70%
2026-03-25 19:54:13 - __main__ - INFO - 
Epoch 37/100 | lr 0.075951
2026-03-25 19:54:30 - __main__ - INFO - Train: loss 0.8161 acc1 75.54%
2026-03-25 19:54:30 - __main__ - INFO - Val:   loss 1.5650 acc1 60.06%
2026-03-25 19:54:30 - __main__ - INFO - 
Epoch 38/100 | lr 0.074524
2026-03-25 19:54:46 - __main__ - INFO - Train: loss 0.8074 acc1 75.74%
2026-03-25 19:54:46 - __main__ - INFO - Val:   loss 1.5040 acc1 60.12%
2026-03-25 19:54:46 - __main__ - INFO - 
Epoch 39/100 | lr 0.073070
2026-03-25 19:55:02 - __main__ - INFO - Train: loss 0.7877 acc1 76.42%
2026-03-25 19:55:02 - __main__ - INFO - Val:   loss 1.4489 acc1 62.05%
2026-03-25 19:55:02 - __main__ - INFO - saved best: 62.05%
2026-03-25 19:55:02 - __main__ - INFO - 
Epoch 40/100 | lr 0.071591
2026-03-25 19:55:19 - __main__ - INFO - Train: loss 0.7793 acc1 76.38%
2026-03-25 19:55:19 - __main__ - INFO - Val:   loss 1.6520 acc1 59.41%
2026-03-25 19:55:19 - __main__ - INFO - 
Epoch 41/100 | lr 0.070088
2026-03-25 19:55:35 - __main__ - INFO - Train: loss 0.7533 acc1 76.88%
2026-03-25 19:55:35 - __main__ - INFO - Val:   loss 1.6295 acc1 59.09%
2026-03-25 19:55:35 - __main__ - INFO - 
Epoch 42/100 | lr 0.068563
2026-03-25 19:55:52 - __main__ - INFO - Train: loss 0.7327 acc1 77.81%
2026-03-25 19:55:52 - __main__ - INFO - Val:   loss 1.5006 acc1 61.35%
2026-03-25 19:55:52 - __main__ - INFO - 
Epoch 43/100 | lr 0.067018
2026-03-25 19:56:08 - __main__ - INFO - Train: loss 0.7227 acc1 78.17%
2026-03-25 19:56:08 - __main__ - INFO - Val:   loss 1.4875 acc1 61.39%
2026-03-25 19:56:08 - __main__ - INFO - 
Epoch 44/100 | lr 0.065454
2026-03-25 19:56:24 - __main__ - INFO - Train: loss 0.6945 acc1 78.89%
2026-03-25 19:56:24 - __main__ - INFO - Val:   loss 1.4384 acc1 62.34%
2026-03-25 19:56:24 - __main__ - INFO - saved best: 62.34%
2026-03-25 19:56:24 - __main__ - INFO - 
Epoch 45/100 | lr 0.063874
2026-03-25 19:56:41 - __main__ - INFO - Train: loss 0.6903 acc1 79.13%
2026-03-25 19:56:41 - __main__ - INFO - Val:   loss 1.3838 acc1 63.68%
2026-03-25 19:56:41 - __main__ - INFO - saved best: 63.68%
2026-03-25 19:56:41 - __main__ - INFO - 
Epoch 46/100 | lr 0.062278
2026-03-25 19:56:57 - __main__ - INFO - Train: loss 0.6650 acc1 79.76%
2026-03-25 19:56:57 - __main__ - INFO - Val:   loss 1.5664 acc1 61.44%
2026-03-25 19:56:57 - __main__ - INFO - 
Epoch 47/100 | lr 0.060669
2026-03-25 19:57:13 - __main__ - INFO - Train: loss 0.6408 acc1 80.32%
2026-03-25 19:57:13 - __main__ - INFO - Val:   loss 1.5481 acc1 61.32%
2026-03-25 19:57:13 - __main__ - INFO - 
Epoch 48/100 | lr 0.059048
2026-03-25 19:57:30 - __main__ - INFO - Train: loss 0.6277 acc1 80.84%
2026-03-25 19:57:30 - __main__ - INFO - Val:   loss 1.4870 acc1 62.25%
2026-03-25 19:57:30 - __main__ - INFO - 
Epoch 49/100 | lr 0.057417
2026-03-25 19:57:46 - __main__ - INFO - Train: loss 0.6132 acc1 81.11%
2026-03-25 19:57:46 - __main__ - INFO - Val:   loss 1.5202 acc1 62.20%
2026-03-25 19:57:46 - __main__ - INFO - 
Epoch 50/100 | lr 0.055779
2026-03-25 19:58:02 - __main__ - INFO - Train: loss 0.5836 acc1 82.09%
2026-03-25 19:58:02 - __main__ - INFO - Val:   loss 1.5317 acc1 61.03%
2026-03-25 19:58:02 - __main__ - INFO - 
Epoch 51/100 | lr 0.054134
2026-03-25 19:58:19 - __main__ - INFO - Train: loss 0.5747 acc1 82.33%
2026-03-25 19:58:19 - __main__ - INFO - Val:   loss 1.6766 acc1 59.78%
2026-03-25 19:58:19 - __main__ - INFO - 
Epoch 52/100 | lr 0.052484
2026-03-25 19:58:35 - __main__ - INFO - Train: loss 0.5450 acc1 83.25%
2026-03-25 19:58:35 - __main__ - INFO - Val:   loss 1.6314 acc1 60.42%
2026-03-25 19:58:35 - __main__ - INFO - 
Epoch 53/100 | lr 0.050832
2026-03-25 19:58:52 - __main__ - INFO - Train: loss 0.5293 acc1 83.54%
2026-03-25 19:58:52 - __main__ - INFO - Val:   loss 1.4544 acc1 64.61%
2026-03-25 19:58:52 - __main__ - INFO - saved best: 64.61%
2026-03-25 19:58:52 - __main__ - INFO - 
Epoch 54/100 | lr 0.049178
2026-03-25 19:59:08 - __main__ - INFO - Train: loss 0.5096 acc1 84.33%
2026-03-25 19:59:08 - __main__ - INFO - Val:   loss 1.4751 acc1 64.17%
2026-03-25 19:59:08 - __main__ - INFO - 
Epoch 55/100 | lr 0.047526
2026-03-25 19:59:24 - __main__ - INFO - Train: loss 0.4743 acc1 85.23%
2026-03-25 19:59:24 - __main__ - INFO - Val:   loss 1.3497 acc1 65.85%
2026-03-25 19:59:24 - __main__ - INFO - saved best: 65.85%
2026-03-25 19:59:24 - __main__ - INFO - 
Epoch 56/100 | lr 0.045876
2026-03-25 19:59:41 - __main__ - INFO - Train: loss 0.4569 acc1 85.76%
2026-03-25 19:59:41 - __main__ - INFO - Val:   loss 1.4503 acc1 64.02%
2026-03-25 19:59:41 - __main__ - INFO - 
Epoch 57/100 | lr 0.044231
2026-03-25 19:59:57 - __main__ - INFO - Train: loss 0.4402 acc1 86.21%
2026-03-25 19:59:57 - __main__ - INFO - Val:   loss 1.5053 acc1 64.02%
2026-03-25 19:59:57 - __main__ - INFO - 
Epoch 58/100 | lr 0.042593
2026-03-25 20:00:13 - __main__ - INFO - Train: loss 0.4235 acc1 86.92%
2026-03-25 20:00:13 - __main__ - INFO - Val:   loss 1.5214 acc1 63.52%
2026-03-25 20:00:13 - __main__ - INFO - 
Epoch 59/100 | lr 0.040962
2026-03-25 20:00:30 - __main__ - INFO - Train: loss 0.3898 acc1 87.89%
2026-03-25 20:00:30 - __main__ - INFO - Val:   loss 1.4477 acc1 65.33%
2026-03-25 20:00:30 - __main__ - INFO - 
Epoch 60/100 | lr 0.039341
2026-03-25 20:00:46 - __main__ - INFO - Train: loss 0.3735 acc1 88.38%
2026-03-25 20:00:46 - __main__ - INFO - Val:   loss 1.3414 acc1 66.68%
2026-03-25 20:00:46 - __main__ - INFO - saved best: 66.68%
2026-03-25 20:00:46 - __main__ - INFO - 
Epoch 61/100 | lr 0.037732
2026-03-25 20:01:02 - __main__ - INFO - Train: loss 0.3445 acc1 89.35%
2026-03-25 20:01:02 - __main__ - INFO - Val:   loss 1.6295 acc1 62.58%
2026-03-25 20:01:02 - __main__ - INFO - 
Epoch 62/100 | lr 0.036136
2026-03-25 20:01:19 - __main__ - INFO - Train: loss 0.3274 acc1 89.88%
2026-03-25 20:01:19 - __main__ - INFO - Val:   loss 1.4544 acc1 66.12%
2026-03-25 20:01:19 - __main__ - INFO - 
Epoch 63/100 | lr 0.034556
2026-03-25 20:01:35 - __main__ - INFO - Train: loss 0.2901 acc1 91.08%
2026-03-25 20:01:35 - __main__ - INFO - Val:   loss 1.4464 acc1 66.08%
2026-03-25 20:01:35 - __main__ - INFO - 
Epoch 64/100 | lr 0.032992
2026-03-25 20:01:51 - __main__ - INFO - Train: loss 0.2834 acc1 91.38%
2026-03-25 20:01:51 - __main__ - INFO - Val:   loss 1.3529 acc1 67.53%
2026-03-25 20:01:51 - __main__ - INFO - saved best: 67.53%
2026-03-25 20:01:51 - __main__ - INFO - 
Epoch 65/100 | lr 0.031447
2026-03-25 20:02:08 - __main__ - INFO - Train: loss 0.2518 acc1 92.39%
2026-03-25 20:02:08 - __main__ - INFO - Val:   loss 1.3684 acc1 67.20%
2026-03-25 20:02:08 - __main__ - INFO - 
Epoch 66/100 | lr 0.029922
2026-03-25 20:02:24 - __main__ - INFO - Train: loss 0.2293 acc1 93.19%
2026-03-25 20:02:24 - __main__ - INFO - Val:   loss 1.4491 acc1 66.23%
2026-03-25 20:02:24 - __main__ - INFO - 
Epoch 67/100 | lr 0.028419
2026-03-25 20:02:40 - __main__ - INFO - Train: loss 0.2129 acc1 93.67%
2026-03-25 20:02:40 - __main__ - INFO - Val:   loss 1.3659 acc1 68.28%
2026-03-25 20:02:40 - __main__ - INFO - saved best: 68.28%
2026-03-25 20:02:40 - __main__ - INFO - 
Epoch 68/100 | lr 0.026940
2026-03-25 20:02:57 - __main__ - INFO - Train: loss 0.1941 acc1 94.37%
2026-03-25 20:02:57 - __main__ - INFO - Val:   loss 1.4106 acc1 67.20%
2026-03-25 20:02:57 - __main__ - INFO - 
Epoch 69/100 | lr 0.025486
2026-03-25 20:03:13 - __main__ - INFO - Train: loss 0.1614 acc1 95.35%
2026-03-25 20:03:13 - __main__ - INFO - Val:   loss 1.3549 acc1 68.29%
2026-03-25 20:03:13 - __main__ - INFO - saved best: 68.29%
2026-03-25 20:03:13 - __main__ - INFO - 
Epoch 70/100 | lr 0.024059
2026-03-25 20:03:29 - __main__ - INFO - Train: loss 0.1461 acc1 95.93%
2026-03-25 20:03:29 - __main__ - INFO - Val:   loss 1.2524 acc1 70.06%
2026-03-25 20:03:29 - __main__ - INFO - saved best: 70.06%
2026-03-25 20:03:29 - __main__ - INFO - 
Epoch 71/100 | lr 0.022660
2026-03-25 20:03:46 - __main__ - INFO - Train: loss 0.1166 acc1 96.83%
2026-03-25 20:03:46 - __main__ - INFO - Val:   loss 1.2710 acc1 70.55%
2026-03-25 20:03:46 - __main__ - INFO - saved best: 70.55%
2026-03-25 20:03:46 - __main__ - INFO - 
Epoch 72/100 | lr 0.021291
2026-03-25 20:04:02 - __main__ - INFO - Train: loss 0.1063 acc1 97.24%
2026-03-25 20:04:02 - __main__ - INFO - Val:   loss 1.2202 acc1 71.45%
2026-03-25 20:04:02 - __main__ - INFO - saved best: 71.45%
2026-03-25 20:04:02 - __main__ - INFO - 
Epoch 73/100 | lr 0.019954
2026-03-25 20:04:18 - __main__ - INFO - Train: loss 0.0871 acc1 97.87%
2026-03-25 20:04:18 - __main__ - INFO - Val:   loss 1.2340 acc1 70.88%
2026-03-25 20:04:18 - __main__ - INFO - 
Epoch 74/100 | lr 0.018649
2026-03-25 20:04:35 - __main__ - INFO - Train: loss 0.0700 acc1 98.50%
2026-03-25 20:04:35 - __main__ - INFO - Val:   loss 1.1587 acc1 72.34%
2026-03-25 20:04:35 - __main__ - INFO - saved best: 72.34%
2026-03-25 20:04:35 - __main__ - INFO - 
Epoch 75/100 | lr 0.017379
2026-03-25 20:04:51 - __main__ - INFO - Train: loss 0.0555 acc1 98.80%
2026-03-25 20:04:51 - __main__ - INFO - Val:   loss 1.1322 acc1 73.11%
2026-03-25 20:04:51 - __main__ - INFO - saved best: 73.11%
2026-03-25 20:04:51 - __main__ - INFO - 
Epoch 76/100 | lr 0.016144
2026-03-25 20:05:07 - __main__ - INFO - Train: loss 0.0425 acc1 99.26%
2026-03-25 20:05:07 - __main__ - INFO - Val:   loss 1.0845 acc1 73.83%
2026-03-25 20:05:07 - __main__ - INFO - saved best: 73.83%
2026-03-25 20:05:07 - __main__ - INFO - 
Epoch 77/100 | lr 0.014947
2026-03-25 20:05:24 - __main__ - INFO - Train: loss 0.0360 acc1 99.41%
2026-03-25 20:05:24 - __main__ - INFO - Val:   loss 1.0425 acc1 74.24%
2026-03-25 20:05:24 - __main__ - INFO - saved best: 74.24%
2026-03-25 20:05:24 - __main__ - INFO - 
Epoch 78/100 | lr 0.013787
2026-03-25 20:05:40 - __main__ - INFO - Train: loss 0.0270 acc1 99.66%
2026-03-25 20:05:40 - __main__ - INFO - Val:   loss 1.0267 acc1 75.01%
2026-03-25 20:05:40 - __main__ - INFO - saved best: 75.01%
2026-03-25 20:05:40 - __main__ - INFO - 
Epoch 79/100 | lr 0.012668
2026-03-25 20:05:56 - __main__ - INFO - Train: loss 0.0225 acc1 99.75%
2026-03-25 20:05:56 - __main__ - INFO - Val:   loss 0.9975 acc1 75.43%
2026-03-25 20:05:56 - __main__ - INFO - saved best: 75.43%
2026-03-25 20:05:56 - __main__ - INFO - 
Epoch 80/100 | lr 0.011589
2026-03-25 20:06:13 - __main__ - INFO - Train: loss 0.0189 acc1 99.85%
2026-03-25 20:06:13 - __main__ - INFO - Val:   loss 0.9681 acc1 76.39%
2026-03-25 20:06:13 - __main__ - INFO - saved best: 76.39%
2026-03-25 20:06:13 - __main__ - INFO - 
Epoch 81/100 | lr 0.010552
2026-03-25 20:06:29 - __main__ - INFO - Train: loss 0.0169 acc1 99.87%
2026-03-25 20:06:29 - __main__ - INFO - Val:   loss 0.9764 acc1 75.68%
2026-03-25 20:06:29 - __main__ - INFO - 
Epoch 82/100 | lr 0.009558
2026-03-25 20:06:45 - __main__ - INFO - Train: loss 0.0158 acc1 99.89%
2026-03-25 20:06:45 - __main__ - INFO - Val:   loss 0.9659 acc1 76.39%
2026-03-25 20:06:45 - __main__ - INFO - saved best: 76.39%
2026-03-25 20:06:45 - __main__ - INFO - 
Epoch 83/100 | lr 0.008609
2026-03-25 20:07:02 - __main__ - INFO - Train: loss 0.0154 acc1 99.89%
2026-03-25 20:07:02 - __main__ - INFO - Val:   loss 0.9584 acc1 76.39%
2026-03-25 20:07:02 - __main__ - INFO - 
Epoch 84/100 | lr 0.007704
2026-03-25 20:07:18 - __main__ - INFO - Train: loss 0.0139 acc1 99.92%
2026-03-25 20:07:18 - __main__ - INFO - Val:   loss 0.9468 acc1 76.55%
2026-03-25 20:07:18 - __main__ - INFO - saved best: 76.55%
2026-03-25 20:07:18 - __main__ - INFO - 
Epoch 85/100 | lr 0.006846
2026-03-25 20:07:34 - __main__ - INFO - Train: loss 0.0128 acc1 99.93%
2026-03-25 20:07:34 - __main__ - INFO - Val:   loss 0.9454 acc1 76.59%
2026-03-25 20:07:34 - __main__ - INFO - saved best: 76.59%
2026-03-25 20:07:34 - __main__ - INFO - 
Epoch 86/100 | lr 0.006036
2026-03-25 20:07:51 - __main__ - INFO - Train: loss 0.0123 acc1 99.94%
2026-03-25 20:07:51 - __main__ - INFO - Val:   loss 0.9429 acc1 76.64%
2026-03-25 20:07:51 - __main__ - INFO - saved best: 76.64%
2026-03-25 20:07:51 - __main__ - INFO - 
Epoch 87/100 | lr 0.005273
2026-03-25 20:08:07 - __main__ - INFO - Train: loss 0.0117 acc1 99.94%
2026-03-25 20:08:07 - __main__ - INFO - Val:   loss 0.9439 acc1 76.72%
2026-03-25 20:08:07 - __main__ - INFO - saved best: 76.72%
2026-03-25 20:08:07 - __main__ - INFO - 
Epoch 88/100 | lr 0.004559
2026-03-25 20:08:23 - __main__ - INFO - Train: loss 0.0114 acc1 99.96%
2026-03-25 20:08:23 - __main__ - INFO - Val:   loss 0.9304 acc1 76.57%
2026-03-25 20:08:23 - __main__ - INFO - 
Epoch 89/100 | lr 0.003895
2026-03-25 20:08:40 - __main__ - INFO - Train: loss 0.0108 acc1 99.97%
2026-03-25 20:08:40 - __main__ - INFO - Val:   loss 0.9214 acc1 76.95%
2026-03-25 20:08:40 - __main__ - INFO - saved best: 76.95%
2026-03-25 20:08:40 - __main__ - INFO - 
Epoch 90/100 | lr 0.003281
2026-03-25 20:08:56 - __main__ - INFO - Train: loss 0.0109 acc1 99.96%
2026-03-25 20:08:56 - __main__ - INFO - Val:   loss 0.9234 acc1 77.13%
2026-03-25 20:08:56 - __main__ - INFO - saved best: 77.13%
2026-03-25 20:08:56 - __main__ - INFO - 
Epoch 91/100 | lr 0.002719
2026-03-25 20:09:12 - __main__ - INFO - Train: loss 0.0105 acc1 99.96%
2026-03-25 20:09:12 - __main__ - INFO - Val:   loss 0.9215 acc1 77.01%
2026-03-25 20:09:12 - __main__ - INFO - 
Epoch 92/100 | lr 0.002208
2026-03-25 20:09:29 - __main__ - INFO - Train: loss 0.0106 acc1 99.97%
2026-03-25 20:09:29 - __main__ - INFO - Val:   loss 0.9224 acc1 77.13%
2026-03-25 20:09:29 - __main__ - INFO - 
Epoch 93/100 | lr 0.001749
2026-03-25 20:09:45 - __main__ - INFO - Train: loss 0.0103 acc1 99.96%
2026-03-25 20:09:45 - __main__ - INFO - Val:   loss 0.9197 acc1 77.22%
2026-03-25 20:09:45 - __main__ - INFO - saved best: 77.22%
2026-03-25 20:09:45 - __main__ - INFO - 
Epoch 94/100 | lr 0.001344
2026-03-25 20:10:01 - __main__ - INFO - Train: loss 0.0103 acc1 99.96%
2026-03-25 20:10:01 - __main__ - INFO - Val:   loss 0.9198 acc1 77.26%
2026-03-25 20:10:01 - __main__ - INFO - saved best: 77.26%
2026-03-25 20:10:01 - __main__ - INFO - 
Epoch 95/100 | lr 0.000991
2026-03-25 20:10:18 - __main__ - INFO - Train: loss 0.0104 acc1 99.97%
2026-03-25 20:10:18 - __main__ - INFO - Val:   loss 0.9175 acc1 77.17%
2026-03-25 20:10:18 - __main__ - INFO - 
Epoch 96/100 | lr 0.000692
2026-03-25 20:10:34 - __main__ - INFO - Train: loss 0.0103 acc1 99.96%
2026-03-25 20:10:34 - __main__ - INFO - Val:   loss 0.9207 acc1 76.97%
2026-03-25 20:10:34 - __main__ - INFO - 
Epoch 97/100 | lr 0.000447
2026-03-25 20:10:50 - __main__ - INFO - Train: loss 0.0103 acc1 99.96%
2026-03-25 20:10:50 - __main__ - INFO - Val:   loss 0.9177 acc1 77.19%
2026-03-25 20:10:50 - __main__ - INFO - 
Epoch 98/100 | lr 0.000256
2026-03-25 20:11:07 - __main__ - INFO - Train: loss 0.0102 acc1 99.98%
2026-03-25 20:11:07 - __main__ - INFO - Val:   loss 0.9183 acc1 77.11%
2026-03-25 20:11:07 - __main__ - INFO - 
Epoch 99/100 | lr 0.000119
2026-03-25 20:11:23 - __main__ - INFO - Train: loss 0.0101 acc1 99.97%
2026-03-25 20:11:23 - __main__ - INFO - Val:   loss 0.9184 acc1 76.99%
2026-03-25 20:11:23 - __main__ - INFO - 
Epoch 100/100 | lr 0.000037
2026-03-25 20:11:39 - __main__ - INFO - Train: loss 0.0102 acc1 99.97%
2026-03-25 20:11:39 - __main__ - INFO - Val:   loss 0.9168 acc1 77.21%
2026-03-25 20:11:39 - __main__ - INFO - Loaded best checkpoint weights for final test evaluation.
2026-03-25 20:11:41 - __main__ - INFO - 
Best tracked (val): 77.26%
2026-03-25 20:11:41 - __main__ - INFO - Final test: loss 0.9218 acc1 76.57%
2026-03-25 20:11:41 - __main__ - INFO - Input model resnet18 done — test acc 76.57%, test loss 0.9218
2026-03-25 20:11:41 - __main__ - INFO - 
Preparing eval dataloaders for HiResCAM computation …
2026-03-25 20:11:44 - __main__ - INFO - 
Saving variant datasets to data/comparison_cifar100_2026_03/25
2026-03-25 20:11:44 - __main__ - INFO - Generating train variants → data/comparison_cifar100_2026_03/25
2026-03-25 20:11:48 - __main__ - INFO -   [train] processed 1280 images …
2026-03-25 20:11:51 - __main__ - INFO -   [train] processed 2560 images …
2026-03-25 20:11:54 - __main__ - INFO -   [train] processed 3840 images …
2026-03-25 20:11:57 - __main__ - INFO -   [train] processed 5120 images …
2026-03-25 20:12:01 - __main__ - INFO -   [train] processed 6400 images …
2026-03-25 20:12:04 - __main__ - INFO -   [train] processed 7680 images …
2026-03-25 20:12:07 - __main__ - INFO -   [train] processed 8960 images …
2026-03-25 20:12:10 - __main__ - INFO -   [train] processed 10240 images …
2026-03-25 20:12:14 - __main__ - INFO -   [train] processed 11520 images …
2026-03-25 20:12:17 - __main__ - INFO -   [train] processed 12800 images …
2026-03-25 20:12:20 - __main__ - INFO -   [train] processed 14080 images …
2026-03-25 20:12:23 - __main__ - INFO -   [train] processed 15360 images …
2026-03-25 20:12:27 - __main__ - INFO -   [train] processed 16640 images …
2026-03-25 20:12:30 - __main__ - INFO -   [train] processed 17920 images …
2026-03-25 20:12:33 - __main__ - INFO -   [train] processed 19200 images …
2026-03-25 20:12:37 - __main__ - INFO -   [train] processed 20480 images …
2026-03-25 20:12:40 - __main__ - INFO -   [train] processed 21760 images …
2026-03-25 20:12:43 - __main__ - INFO -   [train] processed 23040 images …
2026-03-25 20:12:46 - __main__ - INFO -   [train] processed 24320 images …
2026-03-25 20:12:50 - __main__ - INFO -   [train] processed 25600 images …
2026-03-25 20:12:53 - __main__ - INFO -   [train] processed 26880 images …
2026-03-25 20:12:56 - __main__ - INFO -   [train] processed 28160 images …
2026-03-25 20:12:59 - __main__ - INFO -   [train] processed 29440 images …
2026-03-25 20:13:03 - __main__ - INFO -   [train] processed 30720 images …
2026-03-25 20:13:06 - __main__ - INFO -   [train] processed 32000 images …
2026-03-25 20:13:09 - __main__ - INFO -   [train] processed 33280 images …
2026-03-25 20:13:12 - __main__ - INFO -   [train] processed 34560 images …
2026-03-25 20:13:16 - __main__ - INFO -   [train] processed 35840 images …
2026-03-25 20:13:19 - __main__ - INFO -   [train] processed 37120 images …
2026-03-25 20:13:22 - __main__ - INFO -   [train] processed 38400 images …
2026-03-25 20:13:25 - __main__ - INFO -   [train] processed 39680 images …
2026-03-25 20:13:29 - __main__ - INFO -   [train] processed 40960 images …
2026-03-25 20:13:32 - __main__ - INFO -   [train] processed 42240 images …
2026-03-25 20:13:35 - __main__ - INFO -   [train] processed 43520 images …
2026-03-25 20:13:38 - __main__ - INFO -   [train] processed 44800 images …
2026-03-25 20:13:39 - __main__ - INFO -   [train] processed 45000 images …
2026-03-25 20:13:39 - __main__ - INFO -   [train] saved 45000 images for all 4 variants
2026-03-25 20:13:39 - __main__ - INFO - Generating test variants → data/comparison_cifar100_2026_03/25
2026-03-25 20:13:42 - __main__ - INFO -   [test] processed 1280 images …
2026-03-25 20:13:45 - __main__ - INFO -   [test] processed 2560 images …
2026-03-25 20:13:49 - __main__ - INFO -   [test] processed 3840 images …
2026-03-25 20:13:52 - __main__ - INFO -   [test] processed 5120 images …
2026-03-25 20:13:55 - __main__ - INFO -   [test] processed 6400 images …
2026-03-25 20:13:58 - __main__ - INFO -   [test] processed 7680 images …
2026-03-25 20:14:01 - __main__ - INFO -   [test] processed 8960 images …
2026-03-25 20:14:04 - __main__ - INFO -   [test] processed 10000 images …
2026-03-25 20:14:04 - __main__ - INFO -   [test] saved 10000 images for all 4 variants
2026-03-25 20:14:04 - __main__ - INFO - 
Starting output model sweep: resnet34
2026-03-25 20:14:04 - __main__ - INFO - 
============================================================
2026-03-25 20:14:04 - __main__ - INFO - Training output model: resnet34 [original]
2026-03-25 20:14:04 - __main__ - INFO -   Resolved config → opt=sgd, lr=0.1, wd=0.0005, bs=128, epochs=100, scheduler=cosine, warmup=5
2026-03-25 20:14:04 - __main__ - INFO - ============================================================
2026-03-25 20:14:04 - __main__ - INFO -   Validation during training uses variant split with val_split=0.1
2026-03-25 20:14:04 - __main__ - INFO -   Final test uses original test split
2026-03-25 20:14:04 - __main__ - INFO - device: cuda | cuda: True | gpu: NVIDIA L4
2026-03-25 20:14:05 - __main__ - INFO - Model: resnet34 | Dataset: cifar100 | Classes: 100 | Optimizer: sgd
2026-03-25 20:14:05 - __main__ - INFO - 
Epoch 1/100 | lr 0.000100
2026-03-25 20:14:31 - __main__ - INFO - Train: loss 4.6431 acc1 1.39%
2026-03-25 20:14:31 - __main__ - INFO - Val:   loss 4.5854 acc1 1.38%
2026-03-25 20:14:31 - __main__ - INFO - saved best: 1.38%
2026-03-25 20:14:31 - __main__ - INFO - 
Epoch 2/100 | lr 0.020080
2026-03-25 20:14:58 - __main__ - INFO - Train: loss 3.8846 acc1 10.74%
2026-03-25 20:14:58 - __main__ - INFO - Val:   loss 3.5375 acc1 16.92%
2026-03-25 20:14:58 - __main__ - INFO - saved best: 16.92%
2026-03-25 20:14:58 - __main__ - INFO - 
Epoch 3/100 | lr 0.040060
2026-03-25 20:15:24 - __main__ - INFO - Train: loss 3.3109 acc1 19.48%
2026-03-25 20:15:24 - __main__ - INFO - Val:   loss 3.3903 acc1 20.25%
2026-03-25 20:15:24 - __main__ - INFO - saved best: 20.25%
2026-03-25 20:15:24 - __main__ - INFO - 
Epoch 4/100 | lr 0.060040
2026-03-25 20:15:50 - __main__ - INFO - Train: loss 2.8154 acc1 28.00%
2026-03-25 20:15:50 - __main__ - INFO - Val:   loss 2.8904 acc1 26.77%
2026-03-25 20:15:50 - __main__ - INFO - saved best: 26.77%
2026-03-25 20:15:50 - __main__ - INFO - 
Epoch 5/100 | lr 0.080020
2026-03-25 20:16:16 - __main__ - INFO - Train: loss 2.4242 acc1 35.66%
2026-03-25 20:16:16 - __main__ - INFO - Val:   loss 2.6474 acc1 33.95%
2026-03-25 20:16:16 - __main__ - INFO - saved best: 33.95%
2026-03-25 20:16:16 - __main__ - INFO - 
Epoch 6/100 | lr 0.100000
2026-03-25 20:16:42 - __main__ - INFO - Train: loss 2.1720 acc1 41.18%
2026-03-25 20:16:42 - __main__ - INFO - Val:   loss 2.2674 acc1 39.34%
2026-03-25 20:16:42 - __main__ - INFO - saved best: 39.34%
2026-03-25 20:16:42 - __main__ - INFO - 
Epoch 7/100 | lr 0.099973
2026-03-25 20:17:09 - __main__ - INFO - Train: loss 1.9250 acc1 46.66%
2026-03-25 20:17:09 - __main__ - INFO - Val:   loss 2.2449 acc1 41.40%
2026-03-25 20:17:09 - __main__ - INFO - saved best: 41.40%
2026-03-25 20:17:09 - __main__ - INFO - 
Epoch 8/100 | lr 0.099891
2026-03-25 20:17:35 - __main__ - INFO - Train: loss 1.7474 acc1 51.05%
2026-03-25 20:17:35 - __main__ - INFO - Val:   loss 2.1785 acc1 43.24%
2026-03-25 20:17:35 - __main__ - INFO - saved best: 43.24%
2026-03-25 20:17:35 - __main__ - INFO - 
Epoch 9/100 | lr 0.099754
2026-03-25 20:18:01 - __main__ - INFO - Train: loss 1.6283 acc1 53.99%
2026-03-25 20:18:01 - __main__ - INFO - Val:   loss 1.9297 acc1 47.43%
2026-03-25 20:18:01 - __main__ - INFO - saved best: 47.43%
2026-03-25 20:18:01 - __main__ - INFO - 
Epoch 10/100 | lr 0.099563
2026-03-25 20:18:27 - __main__ - INFO - Train: loss 1.5286 acc1 56.50%
2026-03-25 20:18:27 - __main__ - INFO - Val:   loss 1.8414 acc1 49.34%
2026-03-25 20:18:27 - __main__ - INFO - saved best: 49.34%
2026-03-25 20:18:27 - __main__ - INFO - 
Epoch 11/100 | lr 0.099318
2026-03-25 20:18:53 - __main__ - INFO - Train: loss 1.4551 acc1 58.36%
2026-03-25 20:18:53 - __main__ - INFO - Val:   loss 2.3126 acc1 43.14%
2026-03-25 20:18:53 - __main__ - INFO - 
Epoch 12/100 | lr 0.099019
2026-03-25 20:19:19 - __main__ - INFO - Train: loss 1.4032 acc1 59.69%
2026-03-25 20:19:19 - __main__ - INFO - Val:   loss 1.7420 acc1 52.88%
2026-03-25 20:19:19 - __main__ - INFO - saved best: 52.88%
2026-03-25 20:19:19 - __main__ - INFO - 
Epoch 13/100 | lr 0.098666
2026-03-25 20:19:45 - __main__ - INFO - Train: loss 1.3510 acc1 61.05%
2026-03-25 20:19:45 - __main__ - INFO - Val:   loss 2.0344 acc1 47.39%
2026-03-25 20:19:45 - __main__ - INFO - 
Epoch 14/100 | lr 0.098261
2026-03-25 20:20:11 - __main__ - INFO - Train: loss 1.3091 acc1 61.94%
2026-03-25 20:20:11 - __main__ - INFO - Val:   loss 1.7037 acc1 53.38%
2026-03-25 20:20:11 - __main__ - INFO - saved best: 53.38%
2026-03-25 20:20:11 - __main__ - INFO - 
Epoch 15/100 | lr 0.097802
2026-03-25 20:20:37 - __main__ - INFO - Train: loss 1.2752 acc1 63.03%
2026-03-25 20:20:37 - __main__ - INFO - Val:   loss 1.9410 acc1 51.00%
2026-03-25 20:20:37 - __main__ - INFO - 
Epoch 16/100 | lr 0.097291
2026-03-25 20:21:03 - __main__ - INFO - Train: loss 1.2278 acc1 64.16%
2026-03-25 20:21:03 - __main__ - INFO - Val:   loss 1.8424 acc1 52.46%
2026-03-25 20:21:03 - __main__ - INFO - 
Epoch 17/100 | lr 0.096729
2026-03-25 20:21:29 - __main__ - INFO - Train: loss 1.2069 acc1 64.82%
2026-03-25 20:21:29 - __main__ - INFO - Val:   loss 1.7379 acc1 53.34%
2026-03-25 20:21:29 - __main__ - INFO - 
Epoch 18/100 | lr 0.096115
2026-03-25 20:21:55 - __main__ - INFO - Train: loss 1.1719 acc1 65.60%
2026-03-25 20:21:55 - __main__ - INFO - Val:   loss 1.6319 acc1 55.79%
2026-03-25 20:21:55 - __main__ - INFO - saved best: 55.79%
2026-03-25 20:21:55 - __main__ - INFO - 
Epoch 19/100 | lr 0.095451
2026-03-25 20:22:21 - __main__ - INFO - Train: loss 1.1420 acc1 66.53%
2026-03-25 20:22:21 - __main__ - INFO - Val:   loss 1.5775 acc1 56.87%
2026-03-25 20:22:21 - __main__ - INFO - saved best: 56.87%
2026-03-25 20:22:21 - __main__ - INFO - 
Epoch 20/100 | lr 0.094737
2026-03-25 20:22:47 - __main__ - INFO - Train: loss 1.1195 acc1 67.14%
2026-03-25 20:22:47 - __main__ - INFO - Val:   loss 1.6771 acc1 55.24%
2026-03-25 20:22:47 - __main__ - INFO - 
Epoch 21/100 | lr 0.093974
2026-03-25 20:23:13 - __main__ - INFO - Train: loss 1.0957 acc1 67.70%
2026-03-25 20:23:13 - __main__ - INFO - Val:   loss 1.7884 acc1 52.80%
2026-03-25 20:23:13 - __main__ - INFO - 
Epoch 22/100 | lr 0.093164
2026-03-25 20:23:39 - __main__ - INFO - Train: loss 1.0688 acc1 68.48%
2026-03-25 20:23:39 - __main__ - INFO - Val:   loss 1.4777 acc1 58.86%
2026-03-25 20:23:39 - __main__ - INFO - saved best: 58.86%
2026-03-25 20:23:39 - __main__ - INFO - 
Epoch 23/100 | lr 0.092306
2026-03-25 20:24:05 - __main__ - INFO - Train: loss 1.0486 acc1 68.77%
2026-03-25 20:24:05 - __main__ - INFO - Val:   loss 1.7843 acc1 54.26%
2026-03-25 20:24:05 - __main__ - INFO - 
Epoch 24/100 | lr 0.091401
2026-03-25 20:24:31 - __main__ - INFO - Train: loss 1.0264 acc1 69.65%
2026-03-25 20:24:31 - __main__ - INFO - Val:   loss 1.6504 acc1 56.49%
2026-03-25 20:24:31 - __main__ - INFO - 
Epoch 25/100 | lr 0.090452
2026-03-25 20:24:57 - __main__ - INFO - Train: loss 1.0036 acc1 70.37%
2026-03-25 20:24:57 - __main__ - INFO - Val:   loss 1.9938 acc1 49.88%
2026-03-25 20:24:57 - __main__ - INFO - 
Epoch 26/100 | lr 0.089458
2026-03-25 20:25:23 - __main__ - INFO - Train: loss 0.9826 acc1 70.86%
2026-03-25 20:25:23 - __main__ - INFO - Val:   loss 1.5999 acc1 57.57%
2026-03-25 20:25:23 - __main__ - INFO - 
Epoch 27/100 | lr 0.088421
2026-03-25 20:25:49 - __main__ - INFO - Train: loss 0.9676 acc1 71.37%
2026-03-25 20:25:49 - __main__ - INFO - Val:   loss 1.6499 acc1 55.28%
2026-03-25 20:25:49 - __main__ - INFO - 
Epoch 28/100 | lr 0.087342
2026-03-25 20:26:15 - __main__ - INFO - Train: loss 0.9499 acc1 71.44%
2026-03-25 20:26:15 - __main__ - INFO - Val:   loss 1.7419 acc1 55.92%
2026-03-25 20:26:15 - __main__ - INFO - 
Epoch 29/100 | lr 0.086223
2026-03-25 20:26:41 - __main__ - INFO - Train: loss 0.9272 acc1 72.30%
2026-03-25 20:26:41 - __main__ - INFO - Val:   loss 1.6236 acc1 57.19%
2026-03-25 20:26:41 - __main__ - INFO - 
Epoch 30/100 | lr 0.085063
2026-03-25 20:27:07 - __main__ - INFO - Train: loss 0.9098 acc1 72.64%
2026-03-25 20:27:07 - __main__ - INFO - Val:   loss 1.7419 acc1 55.16%
2026-03-25 20:27:07 - __main__ - INFO - 
Epoch 31/100 | lr 0.083866
2026-03-25 20:27:33 - __main__ - INFO - Train: loss 0.8964 acc1 73.08%
2026-03-25 20:27:33 - __main__ - INFO - Val:   loss 1.5280 acc1 59.67%
2026-03-25 20:27:33 - __main__ - INFO - saved best: 59.67%
2026-03-25 20:27:33 - __main__ - INFO - 
Epoch 32/100 | lr 0.082631
2026-03-25 20:27:59 - __main__ - INFO - Train: loss 0.8850 acc1 73.50%
2026-03-25 20:27:59 - __main__ - INFO - Val:   loss 1.7018 acc1 55.89%
2026-03-25 20:27:59 - __main__ - INFO - 
Epoch 33/100 | lr 0.081361
2026-03-25 20:28:25 - __main__ - INFO - Train: loss 0.8526 acc1 74.44%
2026-03-25 20:28:25 - __main__ - INFO - Val:   loss 1.5839 acc1 59.04%
2026-03-25 20:28:25 - __main__ - INFO - 
Epoch 34/100 | lr 0.080056
2026-03-25 20:28:51 - __main__ - INFO - Train: loss 0.8419 acc1 74.76%
2026-03-25 20:28:51 - __main__ - INFO - Val:   loss 1.5398 acc1 60.03%
2026-03-25 20:28:51 - __main__ - INFO - saved best: 60.03%
2026-03-25 20:28:51 - __main__ - INFO - 
Epoch 35/100 | lr 0.078719
2026-03-25 20:29:17 - __main__ - INFO - Train: loss 0.8200 acc1 75.30%
2026-03-25 20:29:17 - __main__ - INFO - Val:   loss 1.6968 acc1 56.92%
2026-03-25 20:29:17 - __main__ - INFO - 
Epoch 36/100 | lr 0.077350
2026-03-25 20:29:43 - __main__ - INFO - Train: loss 0.7984 acc1 76.00%
2026-03-25 20:29:43 - __main__ - INFO - Val:   loss 1.7340 acc1 56.59%
2026-03-25 20:29:43 - __main__ - INFO - 
Epoch 37/100 | lr 0.075951
2026-03-25 20:30:09 - __main__ - INFO - Train: loss 0.7894 acc1 75.97%
2026-03-25 20:30:09 - __main__ - INFO - Val:   loss 1.6053 acc1 58.89%
2026-03-25 20:30:09 - __main__ - INFO - 
Epoch 38/100 | lr 0.074524
2026-03-25 20:30:35 - __main__ - INFO - Train: loss 0.7675 acc1 76.68%
2026-03-25 20:30:35 - __main__ - INFO - Val:   loss 1.5543 acc1 59.18%
2026-03-25 20:30:35 - __main__ - INFO - 
Epoch 39/100 | lr 0.073070
2026-03-25 20:31:01 - __main__ - INFO - Train: loss 0.7506 acc1 77.40%
2026-03-25 20:31:01 - __main__ - INFO - Val:   loss 1.5223 acc1 61.57%
2026-03-25 20:31:01 - __main__ - INFO - saved best: 61.57%
2026-03-25 20:31:01 - __main__ - INFO - 
Epoch 40/100 | lr 0.071591
2026-03-25 20:31:26 - __main__ - INFO - Train: loss 0.7334 acc1 77.62%
2026-03-25 20:31:26 - __main__ - INFO - Val:   loss 1.7441 acc1 56.34%
2026-03-25 20:31:26 - __main__ - INFO - 
Epoch 41/100 | lr 0.070088
2026-03-25 20:31:52 - __main__ - INFO - Train: loss 0.7178 acc1 78.07%
2026-03-25 20:31:52 - __main__ - INFO - Val:   loss 1.6433 acc1 58.52%
2026-03-25 20:31:52 - __main__ - INFO - 
Epoch 42/100 | lr 0.068563
2026-03-25 20:32:18 - __main__ - INFO - Train: loss 0.7025 acc1 78.53%
2026-03-25 20:32:18 - __main__ - INFO - Val:   loss 1.5804 acc1 59.54%
2026-03-25 20:32:18 - __main__ - INFO - 
Epoch 43/100 | lr 0.067018
2026-03-25 20:32:44 - __main__ - INFO - Train: loss 0.6767 acc1 79.07%
2026-03-25 20:32:44 - __main__ - INFO - Val:   loss 1.7656 acc1 57.16%
2026-03-25 20:32:44 - __main__ - INFO - 
Epoch 44/100 | lr 0.065454
2026-03-25 20:33:10 - __main__ - INFO - Train: loss 0.6695 acc1 79.51%
2026-03-25 20:33:10 - __main__ - INFO - Val:   loss 1.6058 acc1 58.81%
2026-03-25 20:33:10 - __main__ - INFO - 
Epoch 45/100 | lr 0.063874
2026-03-25 20:33:36 - __main__ - INFO - Train: loss 0.6515 acc1 80.01%
2026-03-25 20:33:36 - __main__ - INFO - Val:   loss 1.5554 acc1 61.17%
2026-03-25 20:33:36 - __main__ - INFO - 
Epoch 46/100 | lr 0.062278
2026-03-25 20:34:02 - __main__ - INFO - Train: loss 0.6211 acc1 80.88%
2026-03-25 20:34:02 - __main__ - INFO - Val:   loss 1.5167 acc1 61.76%
2026-03-25 20:34:02 - __main__ - INFO - saved best: 61.76%
2026-03-25 20:34:02 - __main__ - INFO - 
Epoch 47/100 | lr 0.060669
2026-03-25 20:34:28 - __main__ - INFO - Train: loss 0.5957 acc1 81.63%
2026-03-25 20:34:28 - __main__ - INFO - Val:   loss 1.6337 acc1 59.70%
2026-03-25 20:34:28 - __main__ - INFO - 
Epoch 48/100 | lr 0.059048
2026-03-25 20:34:54 - __main__ - INFO - Train: loss 0.5723 acc1 82.33%
2026-03-25 20:34:54 - __main__ - INFO - Val:   loss 1.5692 acc1 60.19%
2026-03-25 20:34:54 - __main__ - INFO - 
Epoch 49/100 | lr 0.057417
2026-03-25 20:35:20 - __main__ - INFO - Train: loss 0.5633 acc1 82.46%
2026-03-25 20:35:20 - __main__ - INFO - Val:   loss 1.6042 acc1 61.08%
2026-03-25 20:35:20 - __main__ - INFO - 
Epoch 50/100 | lr 0.055779
2026-03-25 20:35:46 - __main__ - INFO - Train: loss 0.5436 acc1 83.21%
2026-03-25 20:35:46 - __main__ - INFO - Val:   loss 1.5534 acc1 61.41%
2026-03-25 20:35:46 - __main__ - INFO - 
Epoch 51/100 | lr 0.054134
2026-03-25 20:36:12 - __main__ - INFO - Train: loss 0.5197 acc1 83.93%
2026-03-25 20:36:12 - __main__ - INFO - Val:   loss 1.4800 acc1 63.34%
2026-03-25 20:36:12 - __main__ - INFO - saved best: 63.34%
2026-03-25 20:36:12 - __main__ - INFO - 
Epoch 52/100 | lr 0.052484
2026-03-25 20:36:38 - __main__ - INFO - Train: loss 0.5105 acc1 84.14%
2026-03-25 20:36:38 - __main__ - INFO - Val:   loss 1.4742 acc1 62.49%
2026-03-25 20:36:38 - __main__ - INFO - 
Epoch 53/100 | lr 0.050832
2026-03-25 20:37:03 - __main__ - INFO - Train: loss 0.4822 acc1 85.11%
2026-03-25 20:37:03 - __main__ - INFO - Val:   loss 1.5248 acc1 63.54%
2026-03-25 20:37:03 - __main__ - INFO - saved best: 63.54%
2026-03-25 20:37:03 - __main__ - INFO - 
Epoch 54/100 | lr 0.049178
2026-03-25 20:37:29 - __main__ - INFO - Train: loss 0.4598 acc1 85.79%
2026-03-25 20:37:29 - __main__ - INFO - Val:   loss 1.4815 acc1 62.86%
2026-03-25 20:37:29 - __main__ - INFO - 
Epoch 55/100 | lr 0.047526
2026-03-25 20:37:55 - __main__ - INFO - Train: loss 0.4434 acc1 86.07%
2026-03-25 20:37:55 - __main__ - INFO - Val:   loss 1.4359 acc1 65.30%
2026-03-25 20:37:55 - __main__ - INFO - saved best: 65.30%
2026-03-25 20:37:55 - __main__ - INFO - 
Epoch 56/100 | lr 0.045876
2026-03-25 20:38:21 - __main__ - INFO - Train: loss 0.4136 acc1 86.94%
2026-03-25 20:38:21 - __main__ - INFO - Val:   loss 1.5459 acc1 63.09%
2026-03-25 20:38:21 - __main__ - INFO - 
Epoch 57/100 | lr 0.044231
2026-03-25 20:38:47 - __main__ - INFO - Train: loss 0.3861 acc1 88.10%
2026-03-25 20:38:47 - __main__ - INFO - Val:   loss 1.4293 acc1 65.73%
2026-03-25 20:38:47 - __main__ - INFO - saved best: 65.73%
2026-03-25 20:38:47 - __main__ - INFO - 
Epoch 58/100 | lr 0.042593
2026-03-25 20:39:13 - __main__ - INFO - Train: loss 0.3724 acc1 88.43%
2026-03-25 20:39:13 - __main__ - INFO - Val:   loss 1.5108 acc1 63.36%
2026-03-25 20:39:13 - __main__ - INFO - 
Epoch 59/100 | lr 0.040962
2026-03-25 20:39:39 - __main__ - INFO - Train: loss 0.3493 acc1 89.13%
2026-03-25 20:39:39 - __main__ - INFO - Val:   loss 1.4332 acc1 65.28%
2026-03-25 20:39:39 - __main__ - INFO - 
Epoch 60/100 | lr 0.039341
2026-03-25 20:40:05 - __main__ - INFO - Train: loss 0.3230 acc1 90.00%
2026-03-25 20:40:05 - __main__ - INFO - Val:   loss 1.4377 acc1 65.79%
2026-03-25 20:40:05 - __main__ - INFO - saved best: 65.79%
2026-03-25 20:40:05 - __main__ - INFO - 
Epoch 61/100 | lr 0.037732
2026-03-25 20:40:31 - __main__ - INFO - Train: loss 0.3065 acc1 90.50%
2026-03-25 20:40:31 - __main__ - INFO - Val:   loss 1.3941 acc1 66.23%
2026-03-25 20:40:31 - __main__ - INFO - saved best: 66.23%
2026-03-25 20:40:31 - __main__ - INFO - 
Epoch 62/100 | lr 0.036136
2026-03-25 20:40:57 - __main__ - INFO - Train: loss 0.2810 acc1 91.29%
2026-03-25 20:40:57 - __main__ - INFO - Val:   loss 1.4989 acc1 65.49%
2026-03-25 20:40:57 - __main__ - INFO - 
Epoch 63/100 | lr 0.034556
2026-03-25 20:41:23 - __main__ - INFO - Train: loss 0.2650 acc1 91.76%
2026-03-25 20:41:23 - __main__ - INFO - Val:   loss 1.4541 acc1 64.98%
2026-03-25 20:41:23 - __main__ - INFO - 
Epoch 64/100 | lr 0.032992
2026-03-25 20:41:49 - __main__ - INFO - Train: loss 0.2469 acc1 92.32%
2026-03-25 20:41:49 - __main__ - INFO - Val:   loss 1.4509 acc1 66.65%
2026-03-25 20:41:49 - __main__ - INFO - saved best: 66.65%
2026-03-25 20:41:49 - __main__ - INFO - 
Epoch 65/100 | lr 0.031447
2026-03-25 20:42:14 - __main__ - INFO - Train: loss 0.2334 acc1 92.76%
2026-03-25 20:42:14 - __main__ - INFO - Val:   loss 1.4135 acc1 67.45%
2026-03-25 20:42:15 - __main__ - INFO - saved best: 67.45%
2026-03-25 20:42:15 - __main__ - INFO - 
Epoch 66/100 | lr 0.029922
2026-03-25 20:42:40 - __main__ - INFO - Train: loss 0.1894 acc1 94.34%
2026-03-25 20:42:40 - __main__ - INFO - Val:   loss 1.3916 acc1 66.87%
2026-03-25 20:42:40 - __main__ - INFO - 
Epoch 67/100 | lr 0.028419
2026-03-25 20:43:06 - __main__ - INFO - Train: loss 0.1751 acc1 94.81%
2026-03-25 20:43:06 - __main__ - INFO - Val:   loss 1.4513 acc1 66.85%
2026-03-25 20:43:06 - __main__ - INFO - 
Epoch 68/100 | lr 0.026940
2026-03-25 20:43:32 - __main__ - INFO - Train: loss 0.1686 acc1 94.93%
2026-03-25 20:43:32 - __main__ - INFO - Val:   loss 1.3503 acc1 68.84%
2026-03-25 20:43:32 - __main__ - INFO - saved best: 68.84%
2026-03-25 20:43:32 - __main__ - INFO - 
Epoch 69/100 | lr 0.025486
2026-03-25 20:43:58 - __main__ - INFO - Train: loss 0.1439 acc1 95.74%
2026-03-25 20:43:58 - __main__ - INFO - Val:   loss 1.4110 acc1 68.10%
2026-03-25 20:43:58 - __main__ - INFO - 
Epoch 70/100 | lr 0.024059
2026-03-25 20:44:24 - __main__ - INFO - Train: loss 0.1134 acc1 96.77%
2026-03-25 20:44:24 - __main__ - INFO - Val:   loss 1.2733 acc1 70.85%
2026-03-25 20:44:24 - __main__ - INFO - saved best: 70.85%
2026-03-25 20:44:24 - __main__ - INFO - 
Epoch 71/100 | lr 0.022660
2026-03-25 20:44:50 - __main__ - INFO - Train: loss 0.1034 acc1 97.03%
2026-03-25 20:44:50 - __main__ - INFO - Val:   loss 1.2859 acc1 69.93%
2026-03-25 20:44:50 - __main__ - INFO - 
Epoch 72/100 | lr 0.021291
2026-03-25 20:45:16 - __main__ - INFO - Train: loss 0.0885 acc1 97.60%
2026-03-25 20:45:16 - __main__ - INFO - Val:   loss 1.2973 acc1 70.96%
2026-03-25 20:45:16 - __main__ - INFO - saved best: 70.96%
2026-03-25 20:45:16 - __main__ - INFO - 
Epoch 73/100 | lr 0.019954
2026-03-25 20:45:41 - __main__ - INFO - Train: loss 0.0659 acc1 98.34%
2026-03-25 20:45:41 - __main__ - INFO - Val:   loss 1.2095 acc1 71.84%
2026-03-25 20:45:41 - __main__ - INFO - saved best: 71.84%
2026-03-25 20:45:41 - __main__ - INFO - 
Epoch 74/100 | lr 0.018649
2026-03-25 20:46:07 - __main__ - INFO - Train: loss 0.0522 acc1 98.76%
2026-03-25 20:46:07 - __main__ - INFO - Val:   loss 1.2168 acc1 72.19%
2026-03-25 20:46:07 - __main__ - INFO - saved best: 72.19%
2026-03-25 20:46:07 - __main__ - INFO - 
Epoch 75/100 | lr 0.017379
2026-03-25 20:46:33 - __main__ - INFO - Train: loss 0.0395 acc1 99.16%
2026-03-25 20:46:33 - __main__ - INFO - Val:   loss 1.1695 acc1 73.07%
2026-03-25 20:46:33 - __main__ - INFO - saved best: 73.07%
2026-03-25 20:46:33 - __main__ - INFO - 
Epoch 76/100 | lr 0.016144
2026-03-25 20:46:59 - __main__ - INFO - Train: loss 0.0333 acc1 99.31%
2026-03-25 20:46:59 - __main__ - INFO - Val:   loss 1.1199 acc1 74.22%
2026-03-25 20:46:59 - __main__ - INFO - saved best: 74.22%
2026-03-25 20:46:59 - __main__ - INFO - 
Epoch 77/100 | lr 0.014947
2026-03-25 20:47:25 - __main__ - INFO - Train: loss 0.0248 acc1 99.59%
2026-03-25 20:47:25 - __main__ - INFO - Val:   loss 1.0959 acc1 75.07%
2026-03-25 20:47:25 - __main__ - INFO - saved best: 75.07%
2026-03-25 20:47:25 - __main__ - INFO - 
Epoch 78/100 | lr 0.013787
2026-03-25 20:47:51 - __main__ - INFO - Train: loss 0.0200 acc1 99.73%
2026-03-25 20:47:51 - __main__ - INFO - Val:   loss 1.1010 acc1 74.76%
2026-03-25 20:47:51 - __main__ - INFO - 
Epoch 79/100 | lr 0.012668
2026-03-25 20:48:17 - __main__ - INFO - Train: loss 0.0165 acc1 99.75%
2026-03-25 20:48:17 - __main__ - INFO - Val:   loss 1.0844 acc1 75.26%
2026-03-25 20:48:17 - __main__ - INFO - saved best: 75.26%
2026-03-25 20:48:17 - __main__ - INFO - 
Epoch 80/100 | lr 0.011589
2026-03-25 20:48:43 - __main__ - INFO - Train: loss 0.0132 acc1 99.88%
2026-03-25 20:48:43 - __main__ - INFO - Val:   loss 1.0392 acc1 75.36%
2026-03-25 20:48:43 - __main__ - INFO - saved best: 75.36%
2026-03-25 20:48:43 - __main__ - INFO - 
Epoch 81/100 | lr 0.010552
2026-03-25 20:49:09 - __main__ - INFO - Train: loss 0.0116 acc1 99.87%
2026-03-25 20:49:09 - __main__ - INFO - Val:   loss 1.0313 acc1 75.12%
2026-03-25 20:49:09 - __main__ - INFO - 
Epoch 82/100 | lr 0.009558
2026-03-25 20:49:35 - __main__ - INFO - Train: loss 0.0112 acc1 99.89%
2026-03-25 20:49:35 - __main__ - INFO - Val:   loss 1.0094 acc1 76.03%
2026-03-25 20:49:35 - __main__ - INFO - saved best: 76.03%
2026-03-25 20:49:35 - __main__ - INFO - 
Epoch 83/100 | lr 0.008609
2026-03-25 20:50:01 - __main__ - INFO - Train: loss 0.0091 acc1 99.94%
2026-03-25 20:50:01 - __main__ - INFO - Val:   loss 1.0088 acc1 76.32%
2026-03-25 20:50:01 - __main__ - INFO - saved best: 76.32%
2026-03-25 20:50:01 - __main__ - INFO - 
Epoch 84/100 | lr 0.007704
2026-03-25 20:50:27 - __main__ - INFO - Train: loss 0.0087 acc1 99.95%
2026-03-25 20:50:27 - __main__ - INFO - Val:   loss 0.9984 acc1 76.24%
2026-03-25 20:50:27 - __main__ - INFO - 
Epoch 85/100 | lr 0.006846
2026-03-25 20:50:52 - __main__ - INFO - Train: loss 0.0077 acc1 99.96%
2026-03-25 20:50:52 - __main__ - INFO - Val:   loss 0.9962 acc1 76.26%
2026-03-25 20:50:52 - __main__ - INFO - 
Epoch 86/100 | lr 0.006036
2026-03-25 20:51:18 - __main__ - INFO - Train: loss 0.0073 acc1 99.97%
2026-03-25 20:51:18 - __main__ - INFO - Val:   loss 0.9858 acc1 76.37%
2026-03-25 20:51:18 - __main__ - INFO - saved best: 76.37%
2026-03-25 20:51:18 - __main__ - INFO - 
Epoch 87/100 | lr 0.005273
2026-03-25 20:51:44 - __main__ - INFO - Train: loss 0.0083 acc1 99.94%
2026-03-25 20:51:44 - __main__ - INFO - Val:   loss 0.9848 acc1 76.37%
2026-03-25 20:51:44 - __main__ - INFO - saved best: 76.37%
2026-03-25 20:51:44 - __main__ - INFO - 
Epoch 88/100 | lr 0.004559
2026-03-25 20:52:10 - __main__ - INFO - Train: loss 0.0074 acc1 99.97%
2026-03-25 20:52:10 - __main__ - INFO - Val:   loss 0.9785 acc1 76.39%
2026-03-25 20:52:10 - __main__ - INFO - saved best: 76.39%
2026-03-25 20:52:10 - __main__ - INFO - 
Epoch 89/100 | lr 0.003895
2026-03-25 20:52:36 - __main__ - INFO - Train: loss 0.0073 acc1 99.97%
2026-03-25 20:52:36 - __main__ - INFO - Val:   loss 0.9734 acc1 76.70%
2026-03-25 20:52:36 - __main__ - INFO - saved best: 76.70%
2026-03-25 20:52:36 - __main__ - INFO - 
Epoch 90/100 | lr 0.003281
2026-03-25 20:53:02 - __main__ - INFO - Train: loss 0.0072 acc1 99.97%
2026-03-25 20:53:02 - __main__ - INFO - Val:   loss 0.9693 acc1 76.80%
2026-03-25 20:53:02 - __main__ - INFO - saved best: 76.80%
2026-03-25 20:53:02 - __main__ - INFO - 
Epoch 91/100 | lr 0.002719
2026-03-25 20:53:28 - __main__ - INFO - Train: loss 0.0070 acc1 99.97%
2026-03-25 20:53:28 - __main__ - INFO - Val:   loss 0.9665 acc1 77.07%
2026-03-25 20:53:28 - __main__ - INFO - saved best: 77.07%
2026-03-25 20:53:28 - __main__ - INFO - 
Epoch 92/100 | lr 0.002208
2026-03-25 20:53:54 - __main__ - INFO - Train: loss 0.0067 acc1 99.97%
2026-03-25 20:53:54 - __main__ - INFO - Val:   loss 0.9664 acc1 77.00%
2026-03-25 20:53:54 - __main__ - INFO - 
Epoch 93/100 | lr 0.001749
2026-03-25 20:54:20 - __main__ - INFO - Train: loss 0.0069 acc1 99.97%
2026-03-25 20:54:20 - __main__ - INFO - Val:   loss 0.9678 acc1 77.13%
2026-03-25 20:54:20 - __main__ - INFO - saved best: 77.13%
2026-03-25 20:54:20 - __main__ - INFO - 
Epoch 94/100 | lr 0.001344
2026-03-25 20:54:46 - __main__ - INFO - Train: loss 0.0068 acc1 99.97%
2026-03-25 20:54:46 - __main__ - INFO - Val:   loss 0.9649 acc1 77.07%
2026-03-25 20:54:46 - __main__ - INFO - 
Epoch 95/100 | lr 0.000991
2026-03-25 20:55:12 - __main__ - INFO - Train: loss 0.0066 acc1 99.98%
2026-03-25 20:55:12 - __main__ - INFO - Val:   loss 0.9643 acc1 76.93%
2026-03-25 20:55:12 - __main__ - INFO - 
Epoch 96/100 | lr 0.000692
2026-03-25 20:55:37 - __main__ - INFO - Train: loss 0.0065 acc1 99.99%
2026-03-25 20:55:37 - __main__ - INFO - Val:   loss 0.9683 acc1 76.77%
2026-03-25 20:55:37 - __main__ - INFO - 
Epoch 97/100 | lr 0.000447
2026-03-25 20:56:03 - __main__ - INFO - Train: loss 0.0065 acc1 99.99%
2026-03-25 20:56:03 - __main__ - INFO - Val:   loss 0.9666 acc1 77.10%
2026-03-25 20:56:03 - __main__ - INFO - 
Epoch 98/100 | lr 0.000256
2026-03-25 20:56:29 - __main__ - INFO - Train: loss 0.0065 acc1 99.98%
2026-03-25 20:56:29 - __main__ - INFO - Val:   loss 0.9648 acc1 76.94%
2026-03-25 20:56:29 - __main__ - INFO - 
Epoch 99/100 | lr 0.000119
2026-03-25 20:56:55 - __main__ - INFO - Train: loss 0.0066 acc1 99.97%
2026-03-25 20:56:55 - __main__ - INFO - Val:   loss 0.9610 acc1 77.04%
2026-03-25 20:56:55 - __main__ - INFO - 
Epoch 100/100 | lr 0.000037
2026-03-25 20:57:21 - __main__ - INFO - Train: loss 0.0065 acc1 99.98%
2026-03-25 20:57:21 - __main__ - INFO - Val:   loss 0.9651 acc1 77.14%
2026-03-25 20:57:21 - __main__ - INFO - saved best: 77.14%
2026-03-25 20:57:21 - __main__ - INFO - Loaded best checkpoint weights for final test evaluation.
2026-03-25 20:57:23 - __main__ - INFO - 
Best tracked (val): 77.14%
2026-03-25 20:57:23 - __main__ - INFO - Final test: loss 0.9386 acc1 77.11%
2026-03-25 20:57:28 - __main__ - INFO - Variant [original] done — test acc 77.11%, test loss 0.9386
2026-03-25 20:57:28 - __main__ - INFO - 
============================================================
2026-03-25 20:57:28 - __main__ - INFO - Training output model: resnet34 [low_saliency]
2026-03-25 20:57:28 - __main__ - INFO -   Resolved config → opt=sgd, lr=0.1, wd=0.0005, bs=128, epochs=100, scheduler=cosine, warmup=5
2026-03-25 20:57:28 - __main__ - INFO - ============================================================
2026-03-25 20:57:28 - __main__ - INFO -   Validation during training uses variant split with val_split=0.1
2026-03-25 20:57:28 - __main__ - INFO -   Final test uses low_saliency variant test split
2026-03-25 20:57:29 - __main__ - INFO - device: cuda | cuda: True | gpu: NVIDIA L4
2026-03-25 20:57:29 - __main__ - INFO - Model: resnet34 | Dataset: cifar100 | Classes: 100 | Optimizer: sgd
2026-03-25 20:57:29 - __main__ - INFO - 
Epoch 1/100 | lr 0.000100
2026-03-25 20:57:55 - __main__ - INFO - Train: loss 4.6428 acc1 1.38%
2026-03-25 20:57:55 - __main__ - INFO - Val:   loss 4.5892 acc1 1.40%
2026-03-25 20:57:55 - __main__ - INFO - saved best: 1.40%
2026-03-25 20:57:55 - __main__ - INFO - 
Epoch 2/100 | lr 0.020080
2026-03-25 20:58:21 - __main__ - INFO - Train: loss 3.9009 acc1 10.80%
2026-03-25 20:58:21 - __main__ - INFO - Val:   loss 3.8266 acc1 13.62%
2026-03-25 20:58:21 - __main__ - INFO - saved best: 13.62%
2026-03-25 20:58:21 - __main__ - INFO - 
Epoch 3/100 | lr 0.040060
2026-03-25 20:58:47 - __main__ - INFO - Train: loss 3.3084 acc1 19.80%
2026-03-25 20:58:47 - __main__ - INFO - Val:   loss 3.4803 acc1 18.70%
2026-03-25 20:58:47 - __main__ - INFO - saved best: 18.70%
2026-03-25 20:58:47 - __main__ - INFO - 
Epoch 4/100 | lr 0.060040
2026-03-25 20:59:14 - __main__ - INFO - Train: loss 2.7904 acc1 28.92%
2026-03-25 20:59:14 - __main__ - INFO - Val:   loss 2.6695 acc1 31.38%
2026-03-25 20:59:14 - __main__ - INFO - saved best: 31.38%
2026-03-25 20:59:14 - __main__ - INFO - 
Epoch 5/100 | lr 0.080020
2026-03-25 20:59:40 - __main__ - INFO - Train: loss 2.3789 acc1 37.18%
2026-03-25 20:59:40 - __main__ - INFO - Val:   loss 2.4577 acc1 36.03%
2026-03-25 20:59:40 - __main__ - INFO - saved best: 36.03%
2026-03-25 20:59:40 - __main__ - INFO - 
Epoch 6/100 | lr 0.100000
2026-03-25 21:00:06 - __main__ - INFO - Train: loss 2.0970 acc1 43.15%
2026-03-25 21:00:06 - __main__ - INFO - Val:   loss 2.3028 acc1 40.20%
2026-03-25 21:00:06 - __main__ - INFO - saved best: 40.20%
2026-03-25 21:00:06 - __main__ - INFO - 
Epoch 7/100 | lr 0.099973
2026-03-25 21:00:32 - __main__ - INFO - Train: loss 1.8302 acc1 49.19%
2026-03-25 21:00:32 - __main__ - INFO - Val:   loss 2.2010 acc1 41.93%
2026-03-25 21:00:32 - __main__ - INFO - saved best: 41.93%
2026-03-25 21:00:32 - __main__ - INFO - 
Epoch 8/100 | lr 0.099891
2026-03-25 21:00:58 - __main__ - INFO - Train: loss 1.6531 acc1 53.75%
2026-03-25 21:00:58 - __main__ - INFO - Val:   loss 1.8383 acc1 49.04%
2026-03-25 21:00:58 - __main__ - INFO - saved best: 49.04%
2026-03-25 21:00:58 - __main__ - INFO - 
Epoch 9/100 | lr 0.099754
2026-03-25 21:01:24 - __main__ - INFO - Train: loss 1.5259 acc1 56.48%
2026-03-25 21:01:24 - __main__ - INFO - Val:   loss 1.7396 acc1 52.17%
2026-03-25 21:01:24 - __main__ - INFO - saved best: 52.17%
2026-03-25 21:01:24 - __main__ - INFO - 
Epoch 10/100 | lr 0.099563
2026-03-25 21:01:50 - __main__ - INFO - Train: loss 1.4295 acc1 59.12%
2026-03-25 21:01:50 - __main__ - INFO - Val:   loss 2.0021 acc1 46.36%
2026-03-25 21:01:50 - __main__ - INFO - 
Epoch 11/100 | lr 0.099318
2026-03-25 21:02:16 - __main__ - INFO - Train: loss 1.3594 acc1 60.94%
2026-03-25 21:02:16 - __main__ - INFO - Val:   loss 1.5858 acc1 56.68%
2026-03-25 21:02:16 - __main__ - INFO - saved best: 56.68%
2026-03-25 21:02:16 - __main__ - INFO - 
Epoch 12/100 | lr 0.099019
2026-03-25 21:02:42 - __main__ - INFO - Train: loss 1.3059 acc1 62.35%
2026-03-25 21:02:42 - __main__ - INFO - Val:   loss 1.8644 acc1 51.27%
2026-03-25 21:02:42 - __main__ - INFO - 
Epoch 13/100 | lr 0.098666
2026-03-25 21:03:08 - __main__ - INFO - Train: loss 1.2571 acc1 63.51%
2026-03-25 21:03:08 - __main__ - INFO - Val:   loss 1.6780 acc1 54.96%
2026-03-25 21:03:08 - __main__ - INFO - 
Epoch 14/100 | lr 0.098261
2026-03-25 21:03:34 - __main__ - INFO - Train: loss 1.2175 acc1 64.44%
2026-03-25 21:03:34 - __main__ - INFO - Val:   loss 1.6269 acc1 56.46%
2026-03-25 21:03:34 - __main__ - INFO - 
Epoch 15/100 | lr 0.097802
2026-03-25 21:04:00 - __main__ - INFO - Train: loss 1.1848 acc1 65.50%
2026-03-25 21:04:00 - __main__ - INFO - Val:   loss 1.8613 acc1 52.00%
2026-03-25 21:04:00 - __main__ - INFO - 
Epoch 16/100 | lr 0.097291
2026-03-25 21:04:26 - __main__ - INFO - Train: loss 1.1414 acc1 66.48%
2026-03-25 21:04:26 - __main__ - INFO - Val:   loss 1.6596 acc1 55.74%
2026-03-25 21:04:26 - __main__ - INFO - 
Epoch 17/100 | lr 0.096729
2026-03-25 21:04:52 - __main__ - INFO - Train: loss 1.1201 acc1 67.06%
2026-03-25 21:04:52 - __main__ - INFO - Val:   loss 1.6557 acc1 55.99%
2026-03-25 21:04:52 - __main__ - INFO - 
Epoch 18/100 | lr 0.096115
2026-03-25 21:05:18 - __main__ - INFO - Train: loss 1.0849 acc1 68.30%
2026-03-25 21:05:18 - __main__ - INFO - Val:   loss 1.5251 acc1 57.75%
2026-03-25 21:05:18 - __main__ - INFO - saved best: 57.75%
2026-03-25 21:05:18 - __main__ - INFO - 
Epoch 19/100 | lr 0.095451
2026-03-25 21:05:44 - __main__ - INFO - Train: loss 1.0649 acc1 68.49%
2026-03-25 21:05:44 - __main__ - INFO - Val:   loss 1.5719 acc1 57.44%
2026-03-25 21:05:44 - __main__ - INFO - 
Epoch 20/100 | lr 0.094737
2026-03-25 21:06:10 - __main__ - INFO - Train: loss 1.0309 acc1 69.60%
2026-03-25 21:06:10 - __main__ - INFO - Val:   loss 1.6656 acc1 56.94%
2026-03-25 21:06:10 - __main__ - INFO - 
Epoch 21/100 | lr 0.093974
2026-03-25 21:06:36 - __main__ - INFO - Train: loss 1.0146 acc1 70.44%
2026-03-25 21:06:36 - __main__ - INFO - Val:   loss 1.6943 acc1 55.91%
2026-03-25 21:06:36 - __main__ - INFO - 
Epoch 22/100 | lr 0.093164
2026-03-25 21:07:02 - __main__ - INFO - Train: loss 0.9951 acc1 70.51%
2026-03-25 21:07:02 - __main__ - INFO - Val:   loss 1.4449 acc1 60.37%
2026-03-25 21:07:02 - __main__ - INFO - saved best: 60.37%
2026-03-25 21:07:02 - __main__ - INFO - 
Epoch 23/100 | lr 0.092306
2026-03-25 21:07:28 - __main__ - INFO - Train: loss 0.9735 acc1 71.04%
2026-03-25 21:07:28 - __main__ - INFO - Val:   loss 1.6691 acc1 56.30%
2026-03-25 21:07:28 - __main__ - INFO - 
Epoch 24/100 | lr 0.091401
2026-03-25 21:07:53 - __main__ - INFO - Train: loss 0.9533 acc1 71.56%
2026-03-25 21:07:53 - __main__ - INFO - Val:   loss 1.5604 acc1 59.14%
2026-03-25 21:07:53 - __main__ - INFO - 
Epoch 25/100 | lr 0.090452
2026-03-25 21:08:19 - __main__ - INFO - Train: loss 0.9366 acc1 71.87%
2026-03-25 21:08:19 - __main__ - INFO - Val:   loss 1.5398 acc1 58.29%
2026-03-25 21:08:19 - __main__ - INFO - 
Epoch 26/100 | lr 0.089458
2026-03-25 21:08:45 - __main__ - INFO - Train: loss 0.9134 acc1 72.76%
2026-03-25 21:08:45 - __main__ - INFO - Val:   loss 1.5371 acc1 59.72%
2026-03-25 21:08:45 - __main__ - INFO - 
Epoch 27/100 | lr 0.088421
2026-03-25 21:09:11 - __main__ - INFO - Train: loss 0.8896 acc1 73.68%
2026-03-25 21:09:11 - __main__ - INFO - Val:   loss 1.5313 acc1 58.28%
2026-03-25 21:09:11 - __main__ - INFO - 
Epoch 28/100 | lr 0.087342
2026-03-25 21:09:37 - __main__ - INFO - Train: loss 0.8791 acc1 73.83%
2026-03-25 21:09:37 - __main__ - INFO - Val:   loss 1.8174 acc1 55.13%
2026-03-25 21:09:37 - __main__ - INFO - 
Epoch 29/100 | lr 0.086223
2026-03-25 21:10:03 - __main__ - INFO - Train: loss 0.8742 acc1 73.83%
2026-03-25 21:10:03 - __main__ - INFO - Val:   loss 1.9971 acc1 52.65%
2026-03-25 21:10:03 - __main__ - INFO - 
Epoch 30/100 | lr 0.085063
2026-03-25 21:10:29 - __main__ - INFO - Train: loss 0.8473 acc1 74.60%
2026-03-25 21:10:29 - __main__ - INFO - Val:   loss 1.5574 acc1 58.79%
2026-03-25 21:10:29 - __main__ - INFO - 
Epoch 31/100 | lr 0.083866
2026-03-25 21:10:55 - __main__ - INFO - Train: loss 0.8378 acc1 74.59%
2026-03-25 21:10:55 - __main__ - INFO - Val:   loss 1.4419 acc1 62.30%
2026-03-25 21:10:55 - __main__ - INFO - saved best: 62.30%
2026-03-25 21:10:55 - __main__ - INFO - 
Epoch 32/100 | lr 0.082631
2026-03-25 21:11:21 - __main__ - INFO - Train: loss 0.8227 acc1 75.07%
2026-03-25 21:11:21 - __main__ - INFO - Val:   loss 1.6270 acc1 58.77%
2026-03-25 21:11:21 - __main__ - INFO - 
Epoch 33/100 | lr 0.081361
2026-03-25 21:11:47 - __main__ - INFO - Train: loss 0.7968 acc1 75.90%
2026-03-25 21:11:47 - __main__ - INFO - Val:   loss 1.5077 acc1 61.88%
2026-03-25 21:11:47 - __main__ - INFO - 
Epoch 34/100 | lr 0.080056
2026-03-25 21:12:13 - __main__ - INFO - Train: loss 0.7920 acc1 75.95%
2026-03-25 21:12:13 - __main__ - INFO - Val:   loss 1.5782 acc1 59.41%
2026-03-25 21:12:13 - __main__ - INFO - 
Epoch 35/100 | lr 0.078719
2026-03-25 21:12:39 - __main__ - INFO - Train: loss 0.7648 acc1 76.62%
2026-03-25 21:12:39 - __main__ - INFO - Val:   loss 2.0470 acc1 49.54%
2026-03-25 21:12:39 - __main__ - INFO - 
Epoch 36/100 | lr 0.077350
2026-03-25 21:13:05 - __main__ - INFO - Train: loss 0.7504 acc1 77.13%
2026-03-25 21:13:05 - __main__ - INFO - Val:   loss 1.5328 acc1 60.78%
2026-03-25 21:13:05 - __main__ - INFO - 
Epoch 37/100 | lr 0.075951
2026-03-25 21:13:31 - __main__ - INFO - Train: loss 0.7451 acc1 77.17%
2026-03-25 21:13:31 - __main__ - INFO - Val:   loss 1.6943 acc1 58.27%
2026-03-25 21:13:31 - __main__ - INFO - 
Epoch 38/100 | lr 0.074524
2026-03-25 21:13:57 - __main__ - INFO - Train: loss 0.7210 acc1 78.11%
2026-03-25 21:13:57 - __main__ - INFO - Val:   loss 1.4258 acc1 62.40%
2026-03-25 21:13:57 - __main__ - INFO - saved best: 62.40%
2026-03-25 21:13:57 - __main__ - INFO - 
Epoch 39/100 | lr 0.073070
2026-03-25 21:14:23 - __main__ - INFO - Train: loss 0.7104 acc1 78.31%
2026-03-25 21:14:23 - __main__ - INFO - Val:   loss 1.4924 acc1 61.19%
2026-03-25 21:14:23 - __main__ - INFO - 
Epoch 40/100 | lr 0.071591
2026-03-25 21:14:49 - __main__ - INFO - Train: loss 0.6877 acc1 79.13%
2026-03-25 21:14:49 - __main__ - INFO - Val:   loss 1.4320 acc1 62.69%
2026-03-25 21:14:49 - __main__ - INFO - saved best: 62.69%
2026-03-25 21:14:49 - __main__ - INFO - 
Epoch 41/100 | lr 0.070088
2026-03-25 21:15:15 - __main__ - INFO - Train: loss 0.6801 acc1 79.37%
2026-03-25 21:15:15 - __main__ - INFO - Val:   loss 1.5136 acc1 61.51%
2026-03-25 21:15:15 - __main__ - INFO - 
Epoch 42/100 | lr 0.068563
2026-03-25 21:15:41 - __main__ - INFO - Train: loss 0.6665 acc1 79.23%
2026-03-25 21:15:41 - __main__ - INFO - Val:   loss 1.4221 acc1 63.62%
2026-03-25 21:15:41 - __main__ - INFO - saved best: 63.62%
2026-03-25 21:15:41 - __main__ - INFO - 
Epoch 43/100 | lr 0.067018
2026-03-25 21:16:07 - __main__ - INFO - Train: loss 0.6473 acc1 80.16%
2026-03-25 21:16:07 - __main__ - INFO - Val:   loss 1.4627 acc1 62.63%
2026-03-25 21:16:07 - __main__ - INFO - 
Epoch 44/100 | lr 0.065454
2026-03-25 21:16:32 - __main__ - INFO - Train: loss 0.6249 acc1 80.80%
2026-03-25 21:16:32 - __main__ - INFO - Val:   loss 1.5501 acc1 61.72%
2026-03-25 21:16:32 - __main__ - INFO - 
Epoch 45/100 | lr 0.063874
2026-03-25 21:16:58 - __main__ - INFO - Train: loss 0.6190 acc1 80.84%
2026-03-25 21:16:58 - __main__ - INFO - Val:   loss 1.4508 acc1 62.54%
2026-03-25 21:16:58 - __main__ - INFO - 
Epoch 46/100 | lr 0.062278
2026-03-25 21:17:24 - __main__ - INFO - Train: loss 0.5872 acc1 81.83%
2026-03-25 21:17:24 - __main__ - INFO - Val:   loss 1.4496 acc1 63.33%
2026-03-25 21:17:24 - __main__ - INFO - 
Epoch 47/100 | lr 0.060669
2026-03-25 21:17:50 - __main__ - INFO - Train: loss 0.5758 acc1 82.22%
2026-03-25 21:17:50 - __main__ - INFO - Val:   loss 1.2487 acc1 66.77%
2026-03-25 21:17:50 - __main__ - INFO - saved best: 66.77%
2026-03-25 21:17:50 - __main__ - INFO - 
Epoch 48/100 | lr 0.059048
2026-03-25 21:18:16 - __main__ - INFO - Train: loss 0.5451 acc1 83.14%
2026-03-25 21:18:16 - __main__ - INFO - Val:   loss 1.2985 acc1 65.63%
2026-03-25 21:18:16 - __main__ - INFO - 
Epoch 49/100 | lr 0.057417
2026-03-25 21:18:42 - __main__ - INFO - Train: loss 0.5480 acc1 83.01%
2026-03-25 21:18:42 - __main__ - INFO - Val:   loss 1.3922 acc1 63.82%
2026-03-25 21:18:42 - __main__ - INFO - 
Epoch 50/100 | lr 0.055779
2026-03-25 21:19:08 - __main__ - INFO - Train: loss 0.5216 acc1 83.95%
2026-03-25 21:19:08 - __main__ - INFO - Val:   loss 1.3762 acc1 64.67%
2026-03-25 21:19:08 - __main__ - INFO - 
Epoch 51/100 | lr 0.054134
2026-03-25 21:19:34 - __main__ - INFO - Train: loss 0.5141 acc1 84.08%
2026-03-25 21:19:34 - __main__ - INFO - Val:   loss 1.3573 acc1 65.94%
2026-03-25 21:19:34 - __main__ - INFO - 
Epoch 52/100 | lr 0.052484
2026-03-25 21:20:00 - __main__ - INFO - Train: loss 0.4873 acc1 84.83%
2026-03-25 21:20:00 - __main__ - INFO - Val:   loss 1.3249 acc1 66.05%
2026-03-25 21:20:00 - __main__ - INFO - 
Epoch 53/100 | lr 0.050832
2026-03-25 21:20:26 - __main__ - INFO - Train: loss 0.4769 acc1 85.15%
2026-03-25 21:20:26 - __main__ - INFO - Val:   loss 1.4125 acc1 64.82%
2026-03-25 21:20:26 - __main__ - INFO - 
Epoch 54/100 | lr 0.049178
2026-03-25 21:20:52 - __main__ - INFO - Train: loss 0.4525 acc1 85.77%
2026-03-25 21:20:52 - __main__ - INFO - Val:   loss 1.4553 acc1 64.24%
2026-03-25 21:20:52 - __main__ - INFO - 
Epoch 55/100 | lr 0.047526
2026-03-25 21:21:17 - __main__ - INFO - Train: loss 0.4296 acc1 86.48%
2026-03-25 21:21:17 - __main__ - INFO - Val:   loss 1.3200 acc1 67.81%
2026-03-25 21:21:17 - __main__ - INFO - saved best: 67.81%
2026-03-25 21:21:17 - __main__ - INFO - 
Epoch 56/100 | lr 0.045876
2026-03-25 21:21:43 - __main__ - INFO - Train: loss 0.4152 acc1 87.19%
2026-03-25 21:21:43 - __main__ - INFO - Val:   loss 1.3116 acc1 67.36%
2026-03-25 21:21:43 - __main__ - INFO - 
Epoch 57/100 | lr 0.044231
2026-03-25 21:22:09 - __main__ - INFO - Train: loss 0.3972 acc1 87.62%
2026-03-25 21:22:09 - __main__ - INFO - Val:   loss 1.3101 acc1 68.98%
2026-03-25 21:22:09 - __main__ - INFO - saved best: 68.98%
2026-03-25 21:22:09 - __main__ - INFO - 
Epoch 58/100 | lr 0.042593
2026-03-25 21:22:35 - __main__ - INFO - Train: loss 0.3705 acc1 88.41%
2026-03-25 21:22:35 - __main__ - INFO - Val:   loss 1.5762 acc1 62.55%
2026-03-25 21:22:35 - __main__ - INFO - 
Epoch 59/100 | lr 0.040962
2026-03-25 21:23:01 - __main__ - INFO - Train: loss 0.3571 acc1 88.77%
2026-03-25 21:23:01 - __main__ - INFO - Val:   loss 1.2877 acc1 67.23%
2026-03-25 21:23:01 - __main__ - INFO - 
Epoch 60/100 | lr 0.039341
2026-03-25 21:23:27 - __main__ - INFO - Train: loss 0.3330 acc1 89.56%
2026-03-25 21:23:27 - __main__ - INFO - Val:   loss 1.3362 acc1 67.49%
2026-03-25 21:23:27 - __main__ - INFO - 
Epoch 61/100 | lr 0.037732
2026-03-25 21:23:53 - __main__ - INFO - Train: loss 0.3215 acc1 89.91%
2026-03-25 21:23:53 - __main__ - INFO - Val:   loss 1.4709 acc1 65.44%
2026-03-25 21:23:53 - __main__ - INFO - 
Epoch 62/100 | lr 0.036136
2026-03-25 21:24:19 - __main__ - INFO - Train: loss 0.3100 acc1 90.14%
2026-03-25 21:24:19 - __main__ - INFO - Val:   loss 1.3305 acc1 68.33%
2026-03-25 21:24:19 - __main__ - INFO - 
Epoch 63/100 | lr 0.034556
2026-03-25 21:24:45 - __main__ - INFO - Train: loss 0.2783 acc1 91.09%
2026-03-25 21:24:45 - __main__ - INFO - Val:   loss 1.3884 acc1 67.64%
2026-03-25 21:24:45 - __main__ - INFO - 
Epoch 64/100 | lr 0.032992
2026-03-25 21:25:11 - __main__ - INFO - Train: loss 0.2561 acc1 92.00%
2026-03-25 21:25:11 - __main__ - INFO - Val:   loss 1.3236 acc1 68.95%
2026-03-25 21:25:11 - __main__ - INFO - 
Epoch 65/100 | lr 0.031447
2026-03-25 21:25:37 - __main__ - INFO - Train: loss 0.2467 acc1 92.13%
2026-03-25 21:25:37 - __main__ - INFO - Val:   loss 1.3285 acc1 67.93%
2026-03-25 21:25:37 - __main__ - INFO - 
Epoch 66/100 | lr 0.029922
2026-03-25 21:26:03 - __main__ - INFO - Train: loss 0.2253 acc1 93.06%
2026-03-25 21:26:03 - __main__ - INFO - Val:   loss 1.2811 acc1 70.10%
2026-03-25 21:26:03 - __main__ - INFO - saved best: 70.10%
2026-03-25 21:26:03 - __main__ - INFO - 
Epoch 67/100 | lr 0.028419
2026-03-25 21:26:28 - __main__ - INFO - Train: loss 0.2033 acc1 93.53%
2026-03-25 21:26:28 - __main__ - INFO - Val:   loss 1.1931 acc1 71.19%
2026-03-25 21:26:29 - __main__ - INFO - saved best: 71.19%
2026-03-25 21:26:29 - __main__ - INFO - 
Epoch 68/100 | lr 0.026940
2026-03-25 21:26:55 - __main__ - INFO - Train: loss 0.1885 acc1 94.23%
2026-03-25 21:26:55 - __main__ - INFO - Val:   loss 1.1273 acc1 72.56%
2026-03-25 21:26:55 - __main__ - INFO - saved best: 72.56%
2026-03-25 21:26:55 - __main__ - INFO - 
Epoch 69/100 | lr 0.025486
2026-03-25 21:27:20 - __main__ - INFO - Train: loss 0.1526 acc1 95.34%
2026-03-25 21:27:20 - __main__ - INFO - Val:   loss 1.2045 acc1 71.80%
2026-03-25 21:27:20 - __main__ - INFO - 
Epoch 70/100 | lr 0.024059
2026-03-25 21:27:46 - __main__ - INFO - Train: loss 0.1375 acc1 95.91%
2026-03-25 21:27:46 - __main__ - INFO - Val:   loss 1.1833 acc1 72.79%
2026-03-25 21:27:46 - __main__ - INFO - saved best: 72.79%
2026-03-25 21:27:46 - __main__ - INFO - 
Epoch 71/100 | lr 0.022660
2026-03-25 21:28:12 - __main__ - INFO - Train: loss 0.1207 acc1 96.47%
2026-03-25 21:28:12 - __main__ - INFO - Val:   loss 1.1375 acc1 72.49%
2026-03-25 21:28:12 - __main__ - INFO - 
Epoch 72/100 | lr 0.021291
2026-03-25 21:28:38 - __main__ - INFO - Train: loss 0.1137 acc1 96.60%
2026-03-25 21:28:38 - __main__ - INFO - Val:   loss 1.2036 acc1 71.89%
2026-03-25 21:28:38 - __main__ - INFO - 
Epoch 73/100 | lr 0.019954
2026-03-25 21:29:04 - __main__ - INFO - Train: loss 0.0893 acc1 97.45%
2026-03-25 21:29:04 - __main__ - INFO - Val:   loss 1.1113 acc1 74.05%
2026-03-25 21:29:04 - __main__ - INFO - saved best: 74.05%
2026-03-25 21:29:04 - __main__ - INFO - 
Epoch 74/100 | lr 0.018649
2026-03-25 21:29:30 - __main__ - INFO - Train: loss 0.0749 acc1 98.00%
2026-03-25 21:29:30 - __main__ - INFO - Val:   loss 1.0774 acc1 74.20%
2026-03-25 21:29:30 - __main__ - INFO - saved best: 74.20%
2026-03-25 21:29:30 - __main__ - INFO - 
Epoch 75/100 | lr 0.017379
2026-03-25 21:29:56 - __main__ - INFO - Train: loss 0.0594 acc1 98.48%
2026-03-25 21:29:56 - __main__ - INFO - Val:   loss 1.0651 acc1 75.67%
2026-03-25 21:29:56 - __main__ - INFO - saved best: 75.67%
2026-03-25 21:29:56 - __main__ - INFO - 
Epoch 76/100 | lr 0.016144
2026-03-25 21:30:22 - __main__ - INFO - Train: loss 0.0427 acc1 99.00%
2026-03-25 21:30:22 - __main__ - INFO - Val:   loss 1.0360 acc1 76.05%
2026-03-25 21:30:22 - __main__ - INFO - saved best: 76.05%
2026-03-25 21:30:22 - __main__ - INFO - 
Epoch 77/100 | lr 0.014947
2026-03-25 21:30:48 - __main__ - INFO - Train: loss 0.0350 acc1 99.15%
2026-03-25 21:30:48 - __main__ - INFO - Val:   loss 1.0107 acc1 76.70%
2026-03-25 21:30:48 - __main__ - INFO - saved best: 76.70%
2026-03-25 21:30:48 - __main__ - INFO - 
Epoch 78/100 | lr 0.013787
2026-03-25 21:31:14 - __main__ - INFO - Train: loss 0.0293 acc1 99.37%
2026-03-25 21:31:14 - __main__ - INFO - Val:   loss 1.0132 acc1 77.14%
2026-03-25 21:31:14 - __main__ - INFO - saved best: 77.14%
2026-03-25 21:31:14 - __main__ - INFO - 
Epoch 79/100 | lr 0.012668
2026-03-25 21:31:40 - __main__ - INFO - Train: loss 0.0210 acc1 99.63%
2026-03-25 21:31:40 - __main__ - INFO - Val:   loss 0.9987 acc1 77.03%
2026-03-25 21:31:40 - __main__ - INFO - 
Epoch 80/100 | lr 0.011589
2026-03-25 21:32:06 - __main__ - INFO - Train: loss 0.0177 acc1 99.71%
2026-03-25 21:32:06 - __main__ - INFO - Val:   loss 0.9313 acc1 78.77%
2026-03-25 21:32:06 - __main__ - INFO - saved best: 78.77%
2026-03-25 21:32:06 - __main__ - INFO - 
Epoch 81/100 | lr 0.010552
2026-03-25 21:32:32 - __main__ - INFO - Train: loss 0.0152 acc1 99.74%
2026-03-25 21:32:32 - __main__ - INFO - Val:   loss 0.9245 acc1 78.07%
2026-03-25 21:32:32 - __main__ - INFO - 
Epoch 82/100 | lr 0.009558
2026-03-25 21:32:58 - __main__ - INFO - Train: loss 0.0114 acc1 99.88%
2026-03-25 21:32:58 - __main__ - INFO - Val:   loss 0.9221 acc1 79.04%
2026-03-25 21:32:58 - __main__ - INFO - saved best: 79.04%
2026-03-25 21:32:58 - __main__ - INFO - 
Epoch 83/100 | lr 0.008609
2026-03-25 21:33:24 - __main__ - INFO - Train: loss 0.0099 acc1 99.91%
2026-03-25 21:33:24 - __main__ - INFO - Val:   loss 0.8925 acc1 79.35%
2026-03-25 21:33:24 - __main__ - INFO - saved best: 79.35%
2026-03-25 21:33:24 - __main__ - INFO - 
Epoch 84/100 | lr 0.007704
2026-03-25 21:33:49 - __main__ - INFO - Train: loss 0.0090 acc1 99.90%
2026-03-25 21:33:49 - __main__ - INFO - Val:   loss 0.8857 acc1 79.32%
2026-03-25 21:33:49 - __main__ - INFO - 
Epoch 85/100 | lr 0.006846
2026-03-25 21:34:15 - __main__ - INFO - Train: loss 0.0073 acc1 99.95%
2026-03-25 21:34:15 - __main__ - INFO - Val:   loss 0.8779 acc1 79.39%
2026-03-25 21:34:15 - __main__ - INFO - saved best: 79.39%
2026-03-25 21:34:15 - __main__ - INFO - 
Epoch 86/100 | lr 0.006036
2026-03-25 21:34:41 - __main__ - INFO - Train: loss 0.0077 acc1 99.92%
2026-03-25 21:34:41 - __main__ - INFO - Val:   loss 0.8674 acc1 79.74%
2026-03-25 21:34:41 - __main__ - INFO - saved best: 79.74%
2026-03-25 21:34:41 - __main__ - INFO - 
Epoch 87/100 | lr 0.005273
2026-03-25 21:35:07 - __main__ - INFO - Train: loss 0.0071 acc1 99.95%
2026-03-25 21:35:07 - __main__ - INFO - Val:   loss 0.8649 acc1 79.59%
2026-03-25 21:35:07 - __main__ - INFO - 
Epoch 88/100 | lr 0.004559
2026-03-25 21:35:33 - __main__ - INFO - Train: loss 0.0064 acc1 99.97%
2026-03-25 21:35:33 - __main__ - INFO - Val:   loss 0.8607 acc1 79.39%
2026-03-25 21:35:33 - __main__ - INFO - 
Epoch 89/100 | lr 0.003895
2026-03-25 21:35:59 - __main__ - INFO - Train: loss 0.0059 acc1 99.97%
2026-03-25 21:35:59 - __main__ - INFO - Val:   loss 0.8561 acc1 79.65%
2026-03-25 21:35:59 - __main__ - INFO - 
Epoch 90/100 | lr 0.003281
2026-03-25 21:36:25 - __main__ - INFO - Train: loss 0.0059 acc1 99.98%
2026-03-25 21:36:25 - __main__ - INFO - Val:   loss 0.8517 acc1 79.97%
2026-03-25 21:36:25 - __main__ - INFO - saved best: 79.97%
2026-03-25 21:36:25 - __main__ - INFO - 
Epoch 91/100 | lr 0.002719
2026-03-25 21:36:51 - __main__ - INFO - Train: loss 0.0056 acc1 99.97%
2026-03-25 21:36:51 - __main__ - INFO - Val:   loss 0.8469 acc1 79.92%
2026-03-25 21:36:51 - __main__ - INFO - 
Epoch 92/100 | lr 0.002208
2026-03-25 21:37:16 - __main__ - INFO - Train: loss 0.0055 acc1 99.98%
2026-03-25 21:37:16 - __main__ - INFO - Val:   loss 0.8459 acc1 79.80%
2026-03-25 21:37:16 - __main__ - INFO - 
Epoch 93/100 | lr 0.001749
2026-03-25 21:37:42 - __main__ - INFO - Train: loss 0.0053 acc1 99.99%
2026-03-25 21:37:42 - __main__ - INFO - Val:   loss 0.8473 acc1 79.84%
2026-03-25 21:37:42 - __main__ - INFO - 
Epoch 94/100 | lr 0.001344
2026-03-25 21:38:08 - __main__ - INFO - Train: loss 0.0056 acc1 99.98%
2026-03-25 21:38:08 - __main__ - INFO - Val:   loss 0.8478 acc1 79.44%
2026-03-25 21:38:08 - __main__ - INFO - 
Epoch 95/100 | lr 0.000991
2026-03-25 21:38:34 - __main__ - INFO - Train: loss 0.0056 acc1 99.97%
2026-03-25 21:38:34 - __main__ - INFO - Val:   loss 0.8446 acc1 79.73%
2026-03-25 21:38:34 - __main__ - INFO - 
Epoch 96/100 | lr 0.000692
2026-03-25 21:39:00 - __main__ - INFO - Train: loss 0.0053 acc1 99.98%
2026-03-25 21:39:00 - __main__ - INFO - Val:   loss 0.8475 acc1 79.78%
2026-03-25 21:39:00 - __main__ - INFO - 
Epoch 97/100 | lr 0.000447
2026-03-25 21:39:26 - __main__ - INFO - Train: loss 0.0051 acc1 100.00%
2026-03-25 21:39:26 - __main__ - INFO - Val:   loss 0.8503 acc1 79.59%
2026-03-25 21:39:26 - __main__ - INFO - 
Epoch 98/100 | lr 0.000256
2026-03-25 21:39:52 - __main__ - INFO - Train: loss 0.0051 acc1 99.99%
2026-03-25 21:39:52 - __main__ - INFO - Val:   loss 0.8475 acc1 79.51%
2026-03-25 21:39:52 - __main__ - INFO - 
Epoch 99/100 | lr 0.000119
2026-03-25 21:40:18 - __main__ - INFO - Train: loss 0.0053 acc1 99.98%
2026-03-25 21:40:18 - __main__ - INFO - Val:   loss 0.8392 acc1 79.72%
2026-03-25 21:40:18 - __main__ - INFO - 
Epoch 100/100 | lr 0.000037
2026-03-25 21:40:44 - __main__ - INFO - Train: loss 0.0054 acc1 99.99%
2026-03-25 21:40:44 - __main__ - INFO - Val:   loss 0.8451 acc1 79.71%
2026-03-25 21:40:44 - __main__ - INFO - Loaded best checkpoint weights for final test evaluation.
2026-03-25 21:40:46 - __main__ - INFO - 
Best tracked (val): 79.97%
2026-03-25 21:40:46 - __main__ - INFO - Final test: loss 1.1798 acc1 75.26%
2026-03-25 21:40:51 - __main__ - INFO - Variant [low_saliency] done — test acc 75.26%, test loss 1.1798
2026-03-25 21:40:51 - __main__ - INFO - 
============================================================
2026-03-25 21:40:51 - __main__ - INFO - Training output model: resnet34 [random_sparsity]
2026-03-25 21:40:51 - __main__ - INFO -   Resolved config → opt=sgd, lr=0.1, wd=0.0005, bs=128, epochs=100, scheduler=cosine, warmup=5
2026-03-25 21:40:51 - __main__ - INFO - ============================================================
2026-03-25 21:40:51 - __main__ - INFO -   Validation during training uses variant split with val_split=0.1
2026-03-25 21:40:51 - __main__ - INFO -   Final test uses random_sparsity variant test split
2026-03-25 21:40:51 - __main__ - INFO - device: cuda | cuda: True | gpu: NVIDIA L4
2026-03-25 21:40:51 - __main__ - INFO - Model: resnet34 | Dataset: cifar100 | Classes: 100 | Optimizer: sgd
2026-03-25 21:40:51 - __main__ - INFO - 
Epoch 1/100 | lr 0.000100
2026-03-25 21:41:18 - __main__ - INFO - Train: loss 4.6394 acc1 1.44%
2026-03-25 21:41:18 - __main__ - INFO - Val:   loss 4.5875 acc1 1.33%
2026-03-25 21:41:18 - __main__ - INFO - saved best: 1.33%
2026-03-25 21:41:18 - __main__ - INFO - 
Epoch 2/100 | lr 0.020080
2026-03-25 21:41:44 - __main__ - INFO - Train: loss 3.9529 acc1 9.60%
2026-03-25 21:41:44 - __main__ - INFO - Val:   loss 3.7196 acc1 13.06%
2026-03-25 21:41:44 - __main__ - INFO - saved best: 13.06%
2026-03-25 21:41:44 - __main__ - INFO - 
Epoch 3/100 | lr 0.040060
2026-03-25 21:42:10 - __main__ - INFO - Train: loss 3.4118 acc1 17.76%
2026-03-25 21:42:10 - __main__ - INFO - Val:   loss 3.1941 acc1 21.87%
2026-03-25 21:42:10 - __main__ - INFO - saved best: 21.87%
2026-03-25 21:42:10 - __main__ - INFO - 
Epoch 4/100 | lr 0.060040
2026-03-25 21:42:36 - __main__ - INFO - Train: loss 2.9863 acc1 25.19%
2026-03-25 21:42:36 - __main__ - INFO - Val:   loss 2.9548 acc1 26.62%
2026-03-25 21:42:36 - __main__ - INFO - saved best: 26.62%
2026-03-25 21:42:36 - __main__ - INFO - 
Epoch 5/100 | lr 0.080020
2026-03-25 21:43:02 - __main__ - INFO - Train: loss 2.5982 acc1 32.28%
2026-03-25 21:43:02 - __main__ - INFO - Val:   loss 3.0153 acc1 28.62%
2026-03-25 21:43:02 - __main__ - INFO - saved best: 28.62%
2026-03-25 21:43:02 - __main__ - INFO - 
Epoch 6/100 | lr 0.100000
2026-03-25 21:43:28 - __main__ - INFO - Train: loss 2.3267 acc1 37.91%
2026-03-25 21:43:28 - __main__ - INFO - Val:   loss 2.6264 acc1 34.21%
2026-03-25 21:43:28 - __main__ - INFO - saved best: 34.21%
2026-03-25 21:43:28 - __main__ - INFO - 
Epoch 7/100 | lr 0.099973
2026-03-25 21:43:54 - __main__ - INFO - Train: loss 2.0698 acc1 43.89%
2026-03-25 21:43:54 - __main__ - INFO - Val:   loss 2.4507 acc1 39.80%
2026-03-25 21:43:54 - __main__ - INFO - saved best: 39.80%
2026-03-25 21:43:54 - __main__ - INFO - 
Epoch 8/100 | lr 0.099891
2026-03-25 21:44:20 - __main__ - INFO - Train: loss 1.8829 acc1 47.88%
2026-03-25 21:44:20 - __main__ - INFO - Val:   loss 2.1419 acc1 43.86%
2026-03-25 21:44:20 - __main__ - INFO - saved best: 43.86%
2026-03-25 21:44:20 - __main__ - INFO - 
Epoch 9/100 | lr 0.099754
2026-03-25 21:44:46 - __main__ - INFO - Train: loss 1.7482 acc1 51.16%
2026-03-25 21:44:46 - __main__ - INFO - Val:   loss 2.1210 acc1 44.00%
2026-03-25 21:44:46 - __main__ - INFO - saved best: 44.00%
2026-03-25 21:44:46 - __main__ - INFO - 
Epoch 10/100 | lr 0.099563
2026-03-25 21:45:12 - __main__ - INFO - Train: loss 1.6435 acc1 53.73%
2026-03-25 21:45:12 - __main__ - INFO - Val:   loss 1.9386 acc1 47.50%
2026-03-25 21:45:12 - __main__ - INFO - saved best: 47.50%
2026-03-25 21:45:12 - __main__ - INFO - 
Epoch 11/100 | lr 0.099318
2026-03-25 21:45:38 - __main__ - INFO - Train: loss 1.5649 acc1 55.71%
2026-03-25 21:45:38 - __main__ - INFO - Val:   loss 1.9377 acc1 48.24%
2026-03-25 21:45:38 - __main__ - INFO - saved best: 48.24%
2026-03-25 21:45:38 - __main__ - INFO - 
Epoch 12/100 | lr 0.099019
2026-03-25 21:46:04 - __main__ - INFO - Train: loss 1.5004 acc1 57.56%
2026-03-25 21:46:04 - __main__ - INFO - Val:   loss 1.9121 acc1 48.25%
2026-03-25 21:46:04 - __main__ - INFO - saved best: 48.25%
2026-03-25 21:46:04 - __main__ - INFO - 
Epoch 13/100 | lr 0.098666
2026-03-25 21:46:30 - __main__ - INFO - Train: loss 1.4456 acc1 58.44%
2026-03-25 21:46:30 - __main__ - INFO - Val:   loss 1.9413 acc1 47.54%
2026-03-25 21:46:30 - __main__ - INFO - 
Epoch 14/100 | lr 0.098261
2026-03-25 21:46:56 - __main__ - INFO - Train: loss 1.4032 acc1 59.69%
2026-03-25 21:46:56 - __main__ - INFO - Val:   loss 1.8275 acc1 51.23%
2026-03-25 21:46:56 - __main__ - INFO - saved best: 51.23%
2026-03-25 21:46:56 - __main__ - INFO - 
Epoch 15/100 | lr 0.097802
2026-03-25 21:47:22 - __main__ - INFO - Train: loss 1.3620 acc1 60.75%
2026-03-25 21:47:22 - __main__ - INFO - Val:   loss 2.5274 acc1 42.03%
2026-03-25 21:47:22 - __main__ - INFO - 
Epoch 16/100 | lr 0.097291
2026-03-25 21:47:48 - __main__ - INFO - Train: loss 1.3179 acc1 61.98%
2026-03-25 21:47:48 - __main__ - INFO - Val:   loss 2.0419 acc1 47.08%
2026-03-25 21:47:48 - __main__ - INFO - 
Epoch 17/100 | lr 0.096729
2026-03-25 21:48:14 - __main__ - INFO - Train: loss 1.2933 acc1 62.50%
2026-03-25 21:48:14 - __main__ - INFO - Val:   loss 1.9513 acc1 50.03%
2026-03-25 21:48:14 - __main__ - INFO - 
Epoch 18/100 | lr 0.096115
2026-03-25 21:48:40 - __main__ - INFO - Train: loss 1.2597 acc1 63.62%
2026-03-25 21:48:40 - __main__ - INFO - Val:   loss 1.7371 acc1 54.27%
2026-03-25 21:48:40 - __main__ - INFO - saved best: 54.27%
2026-03-25 21:48:40 - __main__ - INFO - 
Epoch 19/100 | lr 0.095451
2026-03-25 21:49:06 - __main__ - INFO - Train: loss 1.2227 acc1 64.47%
2026-03-25 21:49:06 - __main__ - INFO - Val:   loss 1.7758 acc1 52.60%
2026-03-25 21:49:06 - __main__ - INFO - 
Epoch 20/100 | lr 0.094737
2026-03-25 21:49:32 - __main__ - INFO - Train: loss 1.1912 acc1 65.40%
2026-03-25 21:49:32 - __main__ - INFO - Val:   loss 2.1439 acc1 47.28%
2026-03-25 21:49:32 - __main__ - INFO - 
Epoch 21/100 | lr 0.093974
2026-03-25 21:49:58 - __main__ - INFO - Train: loss 1.1774 acc1 65.64%
2026-03-25 21:49:58 - __main__ - INFO - Val:   loss 1.7006 acc1 54.81%
2026-03-25 21:49:58 - __main__ - INFO - saved best: 54.81%
2026-03-25 21:49:58 - __main__ - INFO - 
Epoch 22/100 | lr 0.093164
2026-03-25 21:50:24 - __main__ - INFO - Train: loss 1.1428 acc1 66.80%
2026-03-25 21:50:24 - __main__ - INFO - Val:   loss 1.6981 acc1 54.58%
2026-03-25 21:50:24 - __main__ - INFO - 
Epoch 23/100 | lr 0.092306
2026-03-25 21:50:50 - __main__ - INFO - Train: loss 1.1202 acc1 67.08%
2026-03-25 21:50:50 - __main__ - INFO - Val:   loss 1.7908 acc1 53.09%
2026-03-25 21:50:50 - __main__ - INFO - 
Epoch 24/100 | lr 0.091401
2026-03-25 21:51:16 - __main__ - INFO - Train: loss 1.1029 acc1 67.83%
2026-03-25 21:51:16 - __main__ - INFO - Val:   loss 1.7537 acc1 54.21%
2026-03-25 21:51:16 - __main__ - INFO - 
Epoch 25/100 | lr 0.090452
2026-03-25 21:51:42 - __main__ - INFO - Train: loss 1.0767 acc1 68.21%
2026-03-25 21:51:42 - __main__ - INFO - Val:   loss 1.9196 acc1 51.82%
2026-03-25 21:51:42 - __main__ - INFO - 
Epoch 26/100 | lr 0.089458
2026-03-25 21:52:08 - __main__ - INFO - Train: loss 1.0550 acc1 68.90%
2026-03-25 21:52:08 - __main__ - INFO - Val:   loss 1.7483 acc1 54.77%
2026-03-25 21:52:08 - __main__ - INFO - 
Epoch 27/100 | lr 0.088421
2026-03-25 21:52:34 - __main__ - INFO - Train: loss 1.0360 acc1 69.58%
2026-03-25 21:52:34 - __main__ - INFO - Val:   loss 1.5692 acc1 56.69%
2026-03-25 21:52:34 - __main__ - INFO - saved best: 56.69%
2026-03-25 21:52:34 - __main__ - INFO - 
Epoch 28/100 | lr 0.087342
2026-03-25 21:53:00 - __main__ - INFO - Train: loss 1.0147 acc1 69.92%
2026-03-25 21:53:00 - __main__ - INFO - Val:   loss 1.6339 acc1 56.67%
2026-03-25 21:53:00 - __main__ - INFO - 
Epoch 29/100 | lr 0.086223
2026-03-25 21:53:26 - __main__ - INFO - Train: loss 0.9950 acc1 70.47%
2026-03-25 21:53:26 - __main__ - INFO - Val:   loss 1.6790 acc1 55.73%
2026-03-25 21:53:26 - __main__ - INFO - 
Epoch 30/100 | lr 0.085063
2026-03-25 21:53:52 - __main__ - INFO - Train: loss 0.9752 acc1 70.99%
2026-03-25 21:53:52 - __main__ - INFO - Val:   loss 1.6622 acc1 56.13%
2026-03-25 21:53:52 - __main__ - INFO - 
Epoch 31/100 | lr 0.083866
2026-03-25 21:54:17 - __main__ - INFO - Train: loss 0.9594 acc1 71.47%
2026-03-25 21:54:17 - __main__ - INFO - Val:   loss 1.7518 acc1 54.33%
2026-03-25 21:54:17 - __main__ - INFO - 
Epoch 32/100 | lr 0.082631
2026-03-25 21:54:43 - __main__ - INFO - Train: loss 0.9441 acc1 71.90%
2026-03-25 21:54:43 - __main__ - INFO - Val:   loss 1.8831 acc1 52.84%
2026-03-25 21:54:43 - __main__ - INFO - 
Epoch 33/100 | lr 0.081361
2026-03-25 21:55:09 - __main__ - INFO - Train: loss 0.9174 acc1 72.74%
2026-03-25 21:55:09 - __main__ - INFO - Val:   loss 1.8516 acc1 52.91%
2026-03-25 21:55:09 - __main__ - INFO - 
Epoch 34/100 | lr 0.080056
2026-03-25 21:55:35 - __main__ - INFO - Train: loss 0.8963 acc1 73.23%
2026-03-25 21:55:35 - __main__ - INFO - Val:   loss 1.7486 acc1 56.75%
2026-03-25 21:55:35 - __main__ - INFO - saved best: 56.75%
2026-03-25 21:55:35 - __main__ - INFO - 
Epoch 35/100 | lr 0.078719
2026-03-25 21:56:01 - __main__ - INFO - Train: loss 0.8962 acc1 73.16%
2026-03-25 21:56:01 - __main__ - INFO - Val:   loss 1.7333 acc1 55.71%
2026-03-25 21:56:01 - __main__ - INFO - 
Epoch 36/100 | lr 0.077350
2026-03-25 21:56:27 - __main__ - INFO - Train: loss 0.8629 acc1 74.32%
2026-03-25 21:56:27 - __main__ - INFO - Val:   loss 1.7610 acc1 55.10%
2026-03-25 21:56:27 - __main__ - INFO - 
Epoch 37/100 | lr 0.075951
2026-03-25 21:56:53 - __main__ - INFO - Train: loss 0.8443 acc1 74.66%
2026-03-25 21:56:53 - __main__ - INFO - Val:   loss 1.8307 acc1 54.55%
2026-03-25 21:56:53 - __main__ - INFO - 
Epoch 38/100 | lr 0.074524
2026-03-25 21:57:19 - __main__ - INFO - Train: loss 0.8264 acc1 75.16%
2026-03-25 21:57:19 - __main__ - INFO - Val:   loss 1.7483 acc1 55.69%
2026-03-25 21:57:19 - __main__ - INFO - 
Epoch 39/100 | lr 0.073070
2026-03-25 21:57:45 - __main__ - INFO - Train: loss 0.8024 acc1 75.92%
2026-03-25 21:57:45 - __main__ - INFO - Val:   loss 1.6884 acc1 58.17%
2026-03-25 21:57:45 - __main__ - INFO - saved best: 58.17%
2026-03-25 21:57:45 - __main__ - INFO - 
Epoch 40/100 | lr 0.071591
2026-03-25 21:58:11 - __main__ - INFO - Train: loss 0.7968 acc1 75.92%
2026-03-25 21:58:11 - __main__ - INFO - Val:   loss 1.6956 acc1 57.18%
2026-03-25 21:58:11 - __main__ - INFO - 
Epoch 41/100 | lr 0.070088
2026-03-25 21:58:37 - __main__ - INFO - Train: loss 0.7744 acc1 76.59%
2026-03-25 21:58:37 - __main__ - INFO - Val:   loss 1.5588 acc1 60.55%
2026-03-25 21:58:37 - __main__ - INFO - saved best: 60.55%
2026-03-25 21:58:37 - __main__ - INFO - 
Epoch 42/100 | lr 0.068563
2026-03-25 21:59:03 - __main__ - INFO - Train: loss 0.7471 acc1 77.30%
2026-03-25 21:59:03 - __main__ - INFO - Val:   loss 1.5997 acc1 59.48%
2026-03-25 21:59:03 - __main__ - INFO - 
Epoch 43/100 | lr 0.067018
2026-03-25 21:59:29 - __main__ - INFO - Train: loss 0.7440 acc1 77.37%
2026-03-25 21:59:29 - __main__ - INFO - Val:   loss 1.6179 acc1 59.72%
2026-03-25 21:59:29 - __main__ - INFO - 
Epoch 44/100 | lr 0.065454
2026-03-25 21:59:54 - __main__ - INFO - Train: loss 0.7029 acc1 78.59%
2026-03-25 21:59:54 - __main__ - INFO - Val:   loss 1.5423 acc1 60.15%
2026-03-25 21:59:54 - __main__ - INFO - 
Epoch 45/100 | lr 0.063874
2026-03-25 22:00:20 - __main__ - INFO - Train: loss 0.6967 acc1 78.77%
2026-03-25 22:00:20 - __main__ - INFO - Val:   loss 1.6244 acc1 59.20%
2026-03-25 22:00:20 - __main__ - INFO - 
Epoch 46/100 | lr 0.062278
2026-03-25 22:00:46 - __main__ - INFO - Train: loss 0.6576 acc1 79.75%
2026-03-25 22:00:46 - __main__ - INFO - Val:   loss 1.6519 acc1 59.35%
2026-03-25 22:00:46 - __main__ - INFO - 
Epoch 47/100 | lr 0.060669
2026-03-25 22:01:12 - __main__ - INFO - Train: loss 0.6538 acc1 80.02%
2026-03-25 22:01:12 - __main__ - INFO - Val:   loss 1.7304 acc1 57.29%
2026-03-25 22:01:12 - __main__ - INFO - 
Epoch 48/100 | lr 0.059048
2026-03-25 22:01:38 - __main__ - INFO - Train: loss 0.6194 acc1 80.95%
2026-03-25 22:01:38 - __main__ - INFO - Val:   loss 1.6340 acc1 61.85%
2026-03-25 22:01:38 - __main__ - INFO - saved best: 61.85%
2026-03-25 22:01:38 - __main__ - INFO - 
Epoch 49/100 | lr 0.057417
2026-03-25 22:02:04 - __main__ - INFO - Train: loss 0.5971 acc1 81.58%
2026-03-25 22:02:04 - __main__ - INFO - Val:   loss 1.6422 acc1 59.13%
2026-03-25 22:02:04 - __main__ - INFO - 
Epoch 50/100 | lr 0.055779
2026-03-25 22:02:30 - __main__ - INFO - Train: loss 0.5861 acc1 82.03%
2026-03-25 22:02:30 - __main__ - INFO - Val:   loss 1.5662 acc1 61.44%
2026-03-25 22:02:30 - __main__ - INFO - 
Epoch 51/100 | lr 0.054134
2026-03-25 22:02:56 - __main__ - INFO - Train: loss 0.5554 acc1 82.68%
2026-03-25 22:02:56 - __main__ - INFO - Val:   loss 1.5275 acc1 62.27%
2026-03-25 22:02:56 - __main__ - INFO - saved best: 62.27%
2026-03-25 22:02:56 - __main__ - INFO - 
Epoch 52/100 | lr 0.052484
2026-03-25 22:03:22 - __main__ - INFO - Train: loss 0.5495 acc1 82.92%
2026-03-25 22:03:22 - __main__ - INFO - Val:   loss 1.6175 acc1 60.00%
2026-03-25 22:03:22 - __main__ - INFO - 
Epoch 53/100 | lr 0.050832
2026-03-25 22:03:48 - __main__ - INFO - Train: loss 0.5111 acc1 84.01%
2026-03-25 22:03:48 - __main__ - INFO - Val:   loss 1.5959 acc1 61.31%
2026-03-25 22:03:48 - __main__ - INFO - 
Epoch 54/100 | lr 0.049178
2026-03-25 22:04:14 - __main__ - INFO - Train: loss 0.4830 acc1 84.94%
2026-03-25 22:04:14 - __main__ - INFO - Val:   loss 1.6515 acc1 60.32%
2026-03-25 22:04:14 - __main__ - INFO - 
Epoch 55/100 | lr 0.047526
2026-03-25 22:04:40 - __main__ - INFO - Train: loss 0.4670 acc1 85.25%
2026-03-25 22:04:40 - __main__ - INFO - Val:   loss 1.5569 acc1 61.97%
2026-03-25 22:04:40 - __main__ - INFO - 
Epoch 56/100 | lr 0.045876
2026-03-25 22:05:06 - __main__ - INFO - Train: loss 0.4451 acc1 86.08%
2026-03-25 22:05:06 - __main__ - INFO - Val:   loss 1.6535 acc1 61.15%
2026-03-25 22:05:06 - __main__ - INFO - 
Epoch 57/100 | lr 0.044231
2026-03-25 22:05:32 - __main__ - INFO - Train: loss 0.4297 acc1 86.69%
2026-03-25 22:05:32 - __main__ - INFO - Val:   loss 1.5893 acc1 62.53%
2026-03-25 22:05:32 - __main__ - INFO - saved best: 62.53%
2026-03-25 22:05:32 - __main__ - INFO - 
Epoch 58/100 | lr 0.042593
2026-03-25 22:05:58 - __main__ - INFO - Train: loss 0.3866 acc1 87.92%
2026-03-25 22:05:58 - __main__ - INFO - Val:   loss 1.6118 acc1 61.90%
2026-03-25 22:05:58 - __main__ - INFO - 
Epoch 59/100 | lr 0.040962
2026-03-25 22:06:24 - __main__ - INFO - Train: loss 0.3694 acc1 88.43%
2026-03-25 22:06:24 - __main__ - INFO - Val:   loss 1.5561 acc1 63.63%
2026-03-25 22:06:24 - __main__ - INFO - saved best: 63.63%
2026-03-25 22:06:24 - __main__ - INFO - 
Epoch 60/100 | lr 0.039341
2026-03-25 22:06:50 - __main__ - INFO - Train: loss 0.3397 acc1 89.41%
2026-03-25 22:06:50 - __main__ - INFO - Val:   loss 1.5918 acc1 62.58%
2026-03-25 22:06:50 - __main__ - INFO - 
Epoch 61/100 | lr 0.037732
2026-03-25 22:07:16 - __main__ - INFO - Train: loss 0.3339 acc1 89.59%
2026-03-25 22:07:16 - __main__ - INFO - Val:   loss 1.5735 acc1 63.63%
2026-03-25 22:07:16 - __main__ - INFO - 
Epoch 62/100 | lr 0.036136
2026-03-25 22:07:42 - __main__ - INFO - Train: loss 0.3072 acc1 90.38%
2026-03-25 22:07:42 - __main__ - INFO - Val:   loss 1.6277 acc1 63.36%
2026-03-25 22:07:42 - __main__ - INFO - 
Epoch 63/100 | lr 0.034556
2026-03-25 22:08:08 - __main__ - INFO - Train: loss 0.2898 acc1 91.01%
2026-03-25 22:08:08 - __main__ - INFO - Val:   loss 1.5453 acc1 64.30%
2026-03-25 22:08:08 - __main__ - INFO - saved best: 64.30%
2026-03-25 22:08:08 - __main__ - INFO - 
Epoch 64/100 | lr 0.032992
2026-03-25 22:08:34 - __main__ - INFO - Train: loss 0.2470 acc1 92.47%
2026-03-25 22:08:34 - __main__ - INFO - Val:   loss 1.6338 acc1 62.18%
2026-03-25 22:08:34 - __main__ - INFO - 
Epoch 65/100 | lr 0.031447
2026-03-25 22:09:00 - __main__ - INFO - Train: loss 0.2343 acc1 92.78%
2026-03-25 22:09:00 - __main__ - INFO - Val:   loss 1.4451 acc1 66.05%
2026-03-25 22:09:00 - __main__ - INFO - saved best: 66.05%
2026-03-25 22:09:00 - __main__ - INFO - 
Epoch 66/100 | lr 0.029922
2026-03-25 22:09:26 - __main__ - INFO - Train: loss 0.2073 acc1 93.76%
2026-03-25 22:09:26 - __main__ - INFO - Val:   loss 1.5357 acc1 64.69%
2026-03-25 22:09:26 - __main__ - INFO - 
Epoch 67/100 | lr 0.028419
2026-03-25 22:09:52 - __main__ - INFO - Train: loss 0.1925 acc1 94.18%
2026-03-25 22:09:52 - __main__ - INFO - Val:   loss 1.4489 acc1 66.82%
2026-03-25 22:09:52 - __main__ - INFO - saved best: 66.82%
2026-03-25 22:09:52 - __main__ - INFO - 
Epoch 68/100 | lr 0.026940
2026-03-25 22:10:17 - __main__ - INFO - Train: loss 0.1659 acc1 95.03%
2026-03-25 22:10:17 - __main__ - INFO - Val:   loss 1.4493 acc1 66.56%
2026-03-25 22:10:17 - __main__ - INFO - 
Epoch 69/100 | lr 0.025486
2026-03-25 22:10:43 - __main__ - INFO - Train: loss 0.1402 acc1 95.86%
2026-03-25 22:10:43 - __main__ - INFO - Val:   loss 1.4077 acc1 67.30%
2026-03-25 22:10:43 - __main__ - INFO - saved best: 67.30%
2026-03-25 22:10:43 - __main__ - INFO - 
Epoch 70/100 | lr 0.024059
2026-03-25 22:11:09 - __main__ - INFO - Train: loss 0.1234 acc1 96.51%
2026-03-25 22:11:09 - __main__ - INFO - Val:   loss 1.4000 acc1 67.65%
2026-03-25 22:11:09 - __main__ - INFO - saved best: 67.65%
2026-03-25 22:11:09 - __main__ - INFO - 
Epoch 71/100 | lr 0.022660
2026-03-25 22:11:35 - __main__ - INFO - Train: loss 0.1008 acc1 97.24%
2026-03-25 22:11:35 - __main__ - INFO - Val:   loss 1.4026 acc1 67.94%
2026-03-25 22:11:35 - __main__ - INFO - saved best: 67.94%
2026-03-25 22:11:35 - __main__ - INFO - 
Epoch 72/100 | lr 0.021291
2026-03-25 22:12:01 - __main__ - INFO - Train: loss 0.0812 acc1 97.90%
2026-03-25 22:12:01 - __main__ - INFO - Val:   loss 1.3462 acc1 68.54%
2026-03-25 22:12:01 - __main__ - INFO - saved best: 68.54%
2026-03-25 22:12:01 - __main__ - INFO - 
Epoch 73/100 | lr 0.019954
2026-03-25 22:12:27 - __main__ - INFO - Train: loss 0.0715 acc1 98.18%
2026-03-25 22:12:27 - __main__ - INFO - Val:   loss 1.3208 acc1 70.59%
2026-03-25 22:12:27 - __main__ - INFO - saved best: 70.59%
2026-03-25 22:12:27 - __main__ - INFO - 
Epoch 74/100 | lr 0.018649
2026-03-25 22:12:53 - __main__ - INFO - Train: loss 0.0528 acc1 98.81%
2026-03-25 22:12:53 - __main__ - INFO - Val:   loss 1.2984 acc1 70.63%
2026-03-25 22:12:53 - __main__ - INFO - saved best: 70.63%
2026-03-25 22:12:53 - __main__ - INFO - 
Epoch 75/100 | lr 0.017379
2026-03-25 22:13:19 - __main__ - INFO - Train: loss 0.0456 acc1 99.01%
2026-03-25 22:13:19 - __main__ - INFO - Val:   loss 1.2623 acc1 71.35%
2026-03-25 22:13:19 - __main__ - INFO - saved best: 71.35%
2026-03-25 22:13:19 - __main__ - INFO - 
Epoch 76/100 | lr 0.016144
2026-03-25 22:13:45 - __main__ - INFO - Train: loss 0.0332 acc1 99.38%
2026-03-25 22:13:45 - __main__ - INFO - Val:   loss 1.2311 acc1 72.08%
2026-03-25 22:13:45 - __main__ - INFO - saved best: 72.08%
2026-03-25 22:13:45 - __main__ - INFO - 
Epoch 77/100 | lr 0.014947
2026-03-25 22:14:11 - __main__ - INFO - Train: loss 0.0259 acc1 99.55%
2026-03-25 22:14:11 - __main__ - INFO - Val:   loss 1.2062 acc1 71.82%
2026-03-25 22:14:11 - __main__ - INFO - 
Epoch 78/100 | lr 0.013787
2026-03-25 22:14:37 - __main__ - INFO - Train: loss 0.0205 acc1 99.69%
2026-03-25 22:14:37 - __main__ - INFO - Val:   loss 1.1597 acc1 73.68%
2026-03-25 22:14:37 - __main__ - INFO - saved best: 73.68%
2026-03-25 22:14:37 - __main__ - INFO - 
Epoch 79/100 | lr 0.012668
2026-03-25 22:15:03 - __main__ - INFO - Train: loss 0.0150 acc1 99.84%
2026-03-25 22:15:03 - __main__ - INFO - Val:   loss 1.1737 acc1 73.11%
2026-03-25 22:15:03 - __main__ - INFO - 
Epoch 80/100 | lr 0.011589
2026-03-25 22:15:29 - __main__ - INFO - Train: loss 0.0125 acc1 99.89%
2026-03-25 22:15:29 - __main__ - INFO - Val:   loss 1.1242 acc1 74.34%
2026-03-25 22:15:29 - __main__ - INFO - saved best: 74.34%
2026-03-25 22:15:29 - __main__ - INFO - 
Epoch 81/100 | lr 0.010552
2026-03-25 22:15:55 - __main__ - INFO - Train: loss 0.0105 acc1 99.94%
2026-03-25 22:15:55 - __main__ - INFO - Val:   loss 1.1267 acc1 74.16%
2026-03-25 22:15:55 - __main__ - INFO - 
Epoch 82/100 | lr 0.009558
2026-03-25 22:16:21 - __main__ - INFO - Train: loss 0.0101 acc1 99.94%
2026-03-25 22:16:21 - __main__ - INFO - Val:   loss 1.1153 acc1 74.17%
2026-03-25 22:16:21 - __main__ - INFO - 
Epoch 83/100 | lr 0.008609
2026-03-25 22:16:46 - __main__ - INFO - Train: loss 0.0090 acc1 99.95%
2026-03-25 22:16:46 - __main__ - INFO - Val:   loss 1.1040 acc1 73.87%
2026-03-25 22:16:46 - __main__ - INFO - 
Epoch 84/100 | lr 0.007704
2026-03-25 22:17:12 - __main__ - INFO - Train: loss 0.0088 acc1 99.94%
2026-03-25 22:17:12 - __main__ - INFO - Val:   loss 1.0751 acc1 74.79%
2026-03-25 22:17:12 - __main__ - INFO - saved best: 74.79%
2026-03-25 22:17:12 - __main__ - INFO - 
Epoch 85/100 | lr 0.006846
2026-03-25 22:17:38 - __main__ - INFO - Train: loss 0.0085 acc1 99.97%
2026-03-25 22:17:38 - __main__ - INFO - Val:   loss 1.0697 acc1 74.30%
2026-03-25 22:17:38 - __main__ - INFO - 
Epoch 86/100 | lr 0.006036
2026-03-25 22:18:04 - __main__ - INFO - Train: loss 0.0081 acc1 99.96%
2026-03-25 22:18:04 - __main__ - INFO - Val:   loss 1.0609 acc1 74.90%
2026-03-25 22:18:04 - __main__ - INFO - saved best: 74.90%
2026-03-25 22:18:04 - __main__ - INFO - 
Epoch 87/100 | lr 0.005273
2026-03-25 22:18:30 - __main__ - INFO - Train: loss 0.0079 acc1 99.97%
2026-03-25 22:18:30 - __main__ - INFO - Val:   loss 1.0577 acc1 74.79%
2026-03-25 22:18:30 - __main__ - INFO - 
Epoch 88/100 | lr 0.004559
2026-03-25 22:18:56 - __main__ - INFO - Train: loss 0.0074 acc1 99.99%
2026-03-25 22:18:56 - __main__ - INFO - Val:   loss 1.0525 acc1 75.25%
2026-03-25 22:18:56 - __main__ - INFO - saved best: 75.25%
2026-03-25 22:18:56 - __main__ - INFO - 
Epoch 89/100 | lr 0.003895
2026-03-25 22:19:22 - __main__ - INFO - Train: loss 0.0073 acc1 99.98%
2026-03-25 22:19:22 - __main__ - INFO - Val:   loss 1.0508 acc1 74.81%
2026-03-25 22:19:22 - __main__ - INFO - 
Epoch 90/100 | lr 0.003281
2026-03-25 22:19:48 - __main__ - INFO - Train: loss 0.0072 acc1 99.98%
2026-03-25 22:19:48 - __main__ - INFO - Val:   loss 1.0500 acc1 75.12%
2026-03-25 22:19:48 - __main__ - INFO - 
Epoch 91/100 | lr 0.002719
2026-03-25 22:20:14 - __main__ - INFO - Train: loss 0.0070 acc1 99.99%
2026-03-25 22:20:14 - __main__ - INFO - Val:   loss 1.0468 acc1 75.15%
2026-03-25 22:20:14 - __main__ - INFO - 
Epoch 92/100 | lr 0.002208
2026-03-25 22:20:40 - __main__ - INFO - Train: loss 0.0070 acc1 99.99%
2026-03-25 22:20:40 - __main__ - INFO - Val:   loss 1.0431 acc1 75.04%
2026-03-25 22:20:40 - __main__ - INFO - 
Epoch 93/100 | lr 0.001749
2026-03-25 22:21:06 - __main__ - INFO - Train: loss 0.0069 acc1 99.99%
2026-03-25 22:21:06 - __main__ - INFO - Val:   loss 1.0450 acc1 74.98%
2026-03-25 22:21:06 - __main__ - INFO - 
Epoch 94/100 | lr 0.001344
2026-03-25 22:21:32 - __main__ - INFO - Train: loss 0.0070 acc1 99.97%
2026-03-25 22:21:32 - __main__ - INFO - Val:   loss 1.0452 acc1 74.91%
2026-03-25 22:21:32 - __main__ - INFO - 
Epoch 95/100 | lr 0.000991
2026-03-25 22:21:57 - __main__ - INFO - Train: loss 0.0070 acc1 99.99%
2026-03-25 22:21:57 - __main__ - INFO - Val:   loss 1.0405 acc1 75.32%
2026-03-25 22:21:57 - __main__ - INFO - saved best: 75.32%
2026-03-25 22:21:57 - __main__ - INFO - 
Epoch 96/100 | lr 0.000692
2026-03-25 22:22:23 - __main__ - INFO - Train: loss 0.0068 acc1 100.00%
2026-03-25 22:22:23 - __main__ - INFO - Val:   loss 1.0467 acc1 74.91%
2026-03-25 22:22:23 - __main__ - INFO - 
Epoch 97/100 | lr 0.000447
2026-03-25 22:22:50 - __main__ - INFO - Train: loss 0.0067 acc1 99.99%
2026-03-25 22:22:50 - __main__ - INFO - Val:   loss 1.0467 acc1 75.09%
2026-03-25 22:22:50 - __main__ - INFO - 
Epoch 98/100 | lr 0.000256
2026-03-25 22:23:16 - __main__ - INFO - Train: loss 0.0068 acc1 99.99%
2026-03-25 22:23:16 - __main__ - INFO - Val:   loss 1.0469 acc1 75.04%
2026-03-25 22:23:16 - __main__ - INFO - 
Epoch 99/100 | lr 0.000119
2026-03-25 22:23:42 - __main__ - INFO - Train: loss 0.0069 acc1 99.99%
2026-03-25 22:23:42 - __main__ - INFO - Val:   loss 1.0389 acc1 75.28%
2026-03-25 22:23:42 - __main__ - INFO - 
Epoch 100/100 | lr 0.000037
2026-03-25 22:24:08 - __main__ - INFO - Train: loss 0.0068 acc1 100.00%
2026-03-25 22:24:08 - __main__ - INFO - Val:   loss 1.0413 acc1 75.21%
2026-03-25 22:24:08 - __main__ - INFO - Loaded best checkpoint weights for final test evaluation.
2026-03-25 22:24:10 - __main__ - INFO - 
Best tracked (val): 75.32%
2026-03-25 22:24:10 - __main__ - INFO - Final test: loss 1.0026 acc1 75.41%
2026-03-25 22:24:17 - __main__ - INFO - Variant [random_sparsity] done — test acc 75.41%, test loss 1.0026
2026-03-25 22:24:17 - __main__ - INFO - 
============================================================
2026-03-25 22:24:17 - __main__ - INFO - Training output model: resnet34 [shuffled_cam_low_saliency]
2026-03-25 22:24:17 - __main__ - INFO -   Resolved config → opt=sgd, lr=0.1, wd=0.0005, bs=128, epochs=100, scheduler=cosine, warmup=5
2026-03-25 22:24:17 - __main__ - INFO - ============================================================
2026-03-25 22:24:17 - __main__ - INFO -   Validation during training uses variant split with val_split=0.1
2026-03-25 22:24:17 - __main__ - INFO -   Final test uses shuffled_cam_low_saliency variant test split
2026-03-25 22:24:17 - __main__ - INFO - device: cuda | cuda: True | gpu: NVIDIA L4
2026-03-25 22:24:17 - __main__ - INFO - Model: resnet34 | Dataset: cifar100 | Classes: 100 | Optimizer: sgd
2026-03-25 22:24:17 - __main__ - INFO - 
Epoch 1/100 | lr 0.000100
2026-03-25 22:24:44 - __main__ - INFO - Train: loss 4.6420 acc1 1.41%
2026-03-25 22:24:44 - __main__ - INFO - Val:   loss 4.5849 acc1 1.68%
2026-03-25 22:24:44 - __main__ - INFO - saved best: 1.68%
2026-03-25 22:24:44 - __main__ - INFO - 
Epoch 2/100 | lr 0.020080
2026-03-25 22:25:10 - __main__ - INFO - Train: loss 3.9299 acc1 9.93%
2026-03-25 22:25:10 - __main__ - INFO - Val:   loss 3.6507 acc1 14.51%
2026-03-25 22:25:10 - __main__ - INFO - saved best: 14.51%
2026-03-25 22:25:10 - __main__ - INFO - 
Epoch 3/100 | lr 0.040060
2026-03-25 22:25:36 - __main__ - INFO - Train: loss 3.3713 acc1 18.47%
2026-03-25 22:25:36 - __main__ - INFO - Val:   loss 3.4714 acc1 17.37%
2026-03-25 22:25:36 - __main__ - INFO - saved best: 17.37%
2026-03-25 22:25:36 - __main__ - INFO - 
Epoch 4/100 | lr 0.060040
2026-03-25 22:26:02 - __main__ - INFO - Train: loss 2.9055 acc1 26.64%
2026-03-25 22:26:02 - __main__ - INFO - Val:   loss 2.9551 acc1 25.12%
2026-03-25 22:26:02 - __main__ - INFO - saved best: 25.12%
2026-03-25 22:26:02 - __main__ - INFO - 
Epoch 5/100 | lr 0.080020
2026-03-25 22:26:28 - __main__ - INFO - Train: loss 2.5283 acc1 33.50%
2026-03-25 22:26:28 - __main__ - INFO - Val:   loss 2.6331 acc1 33.32%
2026-03-25 22:26:28 - __main__ - INFO - saved best: 33.32%
2026-03-25 22:26:28 - __main__ - INFO - 
Epoch 6/100 | lr 0.100000
2026-03-25 22:26:54 - __main__ - INFO - Train: loss 2.2508 acc1 39.63%
2026-03-25 22:26:54 - __main__ - INFO - Val:   loss 2.8402 acc1 31.01%
2026-03-25 22:26:54 - __main__ - INFO - 
Epoch 7/100 | lr 0.099973
2026-03-25 22:27:20 - __main__ - INFO - Train: loss 1.9978 acc1 45.38%
2026-03-25 22:27:20 - __main__ - INFO - Val:   loss 2.5181 acc1 36.63%
2026-03-25 22:27:20 - __main__ - INFO - saved best: 36.63%
2026-03-25 22:27:20 - __main__ - INFO - 
Epoch 8/100 | lr 0.099891
2026-03-25 22:27:46 - __main__ - INFO - Train: loss 1.8138 acc1 49.33%
2026-03-25 22:27:46 - __main__ - INFO - Val:   loss 2.2853 acc1 40.62%
2026-03-25 22:27:46 - __main__ - INFO - saved best: 40.62%
2026-03-25 22:27:46 - __main__ - INFO - 
Epoch 9/100 | lr 0.099754
2026-03-25 22:28:12 - __main__ - INFO - Train: loss 1.6945 acc1 52.33%
2026-03-25 22:28:12 - __main__ - INFO - Val:   loss 1.9979 acc1 45.38%
2026-03-25 22:28:12 - __main__ - INFO - saved best: 45.38%
2026-03-25 22:28:12 - __main__ - INFO - 
Epoch 10/100 | lr 0.099563
2026-03-25 22:28:38 - __main__ - INFO - Train: loss 1.5899 acc1 55.13%
2026-03-25 22:28:38 - __main__ - INFO - Val:   loss 2.1987 acc1 42.95%
2026-03-25 22:28:38 - __main__ - INFO - 
Epoch 11/100 | lr 0.099318
2026-03-25 22:29:05 - __main__ - INFO - Train: loss 1.5151 acc1 56.82%
2026-03-25 22:29:05 - __main__ - INFO - Val:   loss 1.9577 acc1 48.43%
2026-03-25 22:29:05 - __main__ - INFO - saved best: 48.43%
2026-03-25 22:29:05 - __main__ - INFO - 
Epoch 12/100 | lr 0.099019
2026-03-25 22:29:31 - __main__ - INFO - Train: loss 1.4481 acc1 58.99%
2026-03-25 22:29:31 - __main__ - INFO - Val:   loss 2.2373 acc1 43.34%
2026-03-25 22:29:31 - __main__ - INFO - 
Epoch 13/100 | lr 0.098666
2026-03-25 22:29:57 - __main__ - INFO - Train: loss 1.4074 acc1 59.33%
2026-03-25 22:29:57 - __main__ - INFO - Val:   loss 1.8353 acc1 49.82%
2026-03-25 22:29:57 - __main__ - INFO - saved best: 49.82%
2026-03-25 22:29:57 - __main__ - INFO - 
Epoch 14/100 | lr 0.098261
2026-03-25 22:30:23 - __main__ - INFO - Train: loss 1.3601 acc1 61.07%
2026-03-25 22:30:23 - __main__ - INFO - Val:   loss 1.8487 acc1 50.17%
2026-03-25 22:30:23 - __main__ - INFO - saved best: 50.17%
2026-03-25 22:30:23 - __main__ - INFO - 
Epoch 15/100 | lr 0.097802
2026-03-25 22:30:49 - __main__ - INFO - Train: loss 1.3304 acc1 61.46%
2026-03-25 22:30:49 - __main__ - INFO - Val:   loss 2.3704 acc1 44.38%
2026-03-25 22:30:49 - __main__ - INFO - 
Epoch 16/100 | lr 0.097291
2026-03-25 22:31:14 - __main__ - INFO - Train: loss 1.2853 acc1 62.61%
2026-03-25 22:31:14 - __main__ - INFO - Val:   loss 1.9578 acc1 50.01%
2026-03-25 22:31:14 - __main__ - INFO - 
Epoch 17/100 | lr 0.096729
2026-03-25 22:31:40 - __main__ - INFO - Train: loss 1.2564 acc1 63.47%
2026-03-25 22:31:40 - __main__ - INFO - Val:   loss 1.9821 acc1 49.61%
2026-03-25 22:31:40 - __main__ - INFO - 
Epoch 18/100 | lr 0.096115
2026-03-25 22:32:06 - __main__ - INFO - Train: loss 1.2247 acc1 64.47%
2026-03-25 22:32:06 - __main__ - INFO - Val:   loss 1.6846 acc1 53.85%
2026-03-25 22:32:06 - __main__ - INFO - saved best: 53.85%
2026-03-25 22:32:06 - __main__ - INFO - 
Epoch 19/100 | lr 0.095451
2026-03-25 22:32:32 - __main__ - INFO - Train: loss 1.1901 acc1 65.03%
2026-03-25 22:32:32 - __main__ - INFO - Val:   loss 1.6624 acc1 55.97%
2026-03-25 22:32:32 - __main__ - INFO - saved best: 55.97%
2026-03-25 22:32:32 - __main__ - INFO - 
Epoch 20/100 | lr 0.094737
2026-03-25 22:32:58 - __main__ - INFO - Train: loss 1.1663 acc1 66.06%
2026-03-25 22:32:58 - __main__ - INFO - Val:   loss 1.6153 acc1 56.79%
2026-03-25 22:32:58 - __main__ - INFO - saved best: 56.79%
2026-03-25 22:32:58 - __main__ - INFO - 
Epoch 21/100 | lr 0.093974
2026-03-25 22:33:24 - __main__ - INFO - Train: loss 1.1439 acc1 66.42%
2026-03-25 22:33:24 - __main__ - INFO - Val:   loss 1.8367 acc1 53.00%
2026-03-25 22:33:24 - __main__ - INFO - 
Epoch 22/100 | lr 0.093164
2026-03-25 22:33:50 - __main__ - INFO - Train: loss 1.1140 acc1 67.30%
2026-03-25 22:33:50 - __main__ - INFO - Val:   loss 1.8098 acc1 52.28%
2026-03-25 22:33:50 - __main__ - INFO - 
Epoch 23/100 | lr 0.092306
2026-03-25 22:34:16 - __main__ - INFO - Train: loss 1.1009 acc1 67.49%
2026-03-25 22:34:16 - __main__ - INFO - Val:   loss 1.6482 acc1 56.03%
2026-03-25 22:34:16 - __main__ - INFO - 
Epoch 24/100 | lr 0.091401
2026-03-25 22:34:42 - __main__ - INFO - Train: loss 1.0728 acc1 68.43%
2026-03-25 22:34:42 - __main__ - INFO - Val:   loss 1.7003 acc1 55.27%
2026-03-25 22:34:42 - __main__ - INFO - 
Epoch 25/100 | lr 0.090452
2026-03-25 22:35:08 - __main__ - INFO - Train: loss 1.0483 acc1 69.07%
2026-03-25 22:35:08 - __main__ - INFO - Val:   loss 1.8927 acc1 50.91%
2026-03-25 22:35:08 - __main__ - INFO - 
Epoch 26/100 | lr 0.089458
2026-03-25 22:35:34 - __main__ - INFO - Train: loss 1.0235 acc1 69.69%
2026-03-25 22:35:34 - __main__ - INFO - Val:   loss 1.7652 acc1 54.10%
2026-03-25 22:35:34 - __main__ - INFO - 
Epoch 27/100 | lr 0.088421
2026-03-25 22:36:00 - __main__ - INFO - Train: loss 1.0147 acc1 69.74%
2026-03-25 22:36:00 - __main__ - INFO - Val:   loss 1.8637 acc1 53.15%
2026-03-25 22:36:00 - __main__ - INFO - 
Epoch 28/100 | lr 0.087342
2026-03-25 22:36:26 - __main__ - INFO - Train: loss 0.9871 acc1 70.71%
2026-03-25 22:36:26 - __main__ - INFO - Val:   loss 1.6195 acc1 57.19%
2026-03-25 22:36:26 - __main__ - INFO - saved best: 57.19%
2026-03-25 22:36:26 - __main__ - INFO - 
Epoch 29/100 | lr 0.086223
2026-03-25 22:36:52 - __main__ - INFO - Train: loss 0.9749 acc1 70.85%
2026-03-25 22:36:52 - __main__ - INFO - Val:   loss 1.6583 acc1 56.87%
2026-03-25 22:36:52 - __main__ - INFO - 
Epoch 30/100 | lr 0.085063
2026-03-25 22:37:18 - __main__ - INFO - Train: loss 0.9509 acc1 71.55%
2026-03-25 22:37:18 - __main__ - INFO - Val:   loss 1.6366 acc1 57.22%
2026-03-25 22:37:18 - __main__ - INFO - saved best: 57.22%
2026-03-25 22:37:18 - __main__ - INFO - 
Epoch 31/100 | lr 0.083866
2026-03-25 22:37:43 - __main__ - INFO - Train: loss 0.9428 acc1 71.95%
2026-03-25 22:37:43 - __main__ - INFO - Val:   loss 1.6374 acc1 57.34%
2026-03-25 22:37:43 - __main__ - INFO - saved best: 57.34%
2026-03-25 22:37:43 - __main__ - INFO - 
Epoch 32/100 | lr 0.082631
2026-03-25 22:38:09 - __main__ - INFO - Train: loss 0.9219 acc1 72.49%
2026-03-25 22:38:09 - __main__ - INFO - Val:   loss 1.8032 acc1 55.67%
2026-03-25 22:38:09 - __main__ - INFO - 
Epoch 33/100 | lr 0.081361
2026-03-25 22:38:35 - __main__ - INFO - Train: loss 0.9008 acc1 72.95%
2026-03-25 22:38:35 - __main__ - INFO - Val:   loss 1.6606 acc1 56.98%
2026-03-25 22:38:35 - __main__ - INFO - 
Epoch 34/100 | lr 0.080056
2026-03-25 22:39:01 - __main__ - INFO - Train: loss 0.8846 acc1 73.36%
2026-03-25 22:39:01 - __main__ - INFO - Val:   loss 1.6509 acc1 57.34%
2026-03-25 22:39:01 - __main__ - INFO - saved best: 57.34%
2026-03-25 22:39:01 - __main__ - INFO - 
Epoch 35/100 | lr 0.078719
2026-03-25 22:39:27 - __main__ - INFO - Train: loss 0.8707 acc1 73.86%
2026-03-25 22:39:27 - __main__ - INFO - Val:   loss 1.6706 acc1 57.50%
2026-03-25 22:39:27 - __main__ - INFO - saved best: 57.50%
2026-03-25 22:39:27 - __main__ - INFO - 
Epoch 36/100 | lr 0.077350
2026-03-25 22:39:53 - __main__ - INFO - Train: loss 0.8448 acc1 74.55%
2026-03-25 22:39:53 - __main__ - INFO - Val:   loss 1.9380 acc1 53.01%
2026-03-25 22:39:53 - __main__ - INFO - 
Epoch 37/100 | lr 0.075951
2026-03-25 22:40:19 - __main__ - INFO - Train: loss 0.8267 acc1 74.89%
2026-03-25 22:40:19 - __main__ - INFO - Val:   loss 1.6070 acc1 59.42%
2026-03-25 22:40:19 - __main__ - INFO - saved best: 59.42%
2026-03-25 22:40:19 - __main__ - INFO - 
Epoch 38/100 | lr 0.074524
2026-03-25 22:40:45 - __main__ - INFO - Train: loss 0.8161 acc1 75.33%
2026-03-25 22:40:45 - __main__ - INFO - Val:   loss 1.6111 acc1 57.91%
2026-03-25 22:40:45 - __main__ - INFO - 
Epoch 39/100 | lr 0.073070
2026-03-25 22:41:11 - __main__ - INFO - Train: loss 0.7877 acc1 76.11%
2026-03-25 22:41:11 - __main__ - INFO - Val:   loss 1.5206 acc1 59.97%
2026-03-25 22:41:11 - __main__ - INFO - saved best: 59.97%
2026-03-25 22:41:11 - __main__ - INFO - 
Epoch 40/100 | lr 0.071591
2026-03-25 22:41:37 - __main__ - INFO - Train: loss 0.7747 acc1 76.46%
2026-03-25 22:41:37 - __main__ - INFO - Val:   loss 1.6113 acc1 59.14%
2026-03-25 22:41:37 - __main__ - INFO - 
Epoch 41/100 | lr 0.070088
2026-03-25 22:42:03 - __main__ - INFO - Train: loss 0.7649 acc1 76.78%
2026-03-25 22:42:03 - __main__ - INFO - Val:   loss 1.6806 acc1 57.07%
2026-03-25 22:42:03 - __main__ - INFO - 
Epoch 42/100 | lr 0.068563
2026-03-25 22:42:29 - __main__ - INFO - Train: loss 0.7439 acc1 77.36%
2026-03-25 22:42:29 - __main__ - INFO - Val:   loss 1.5692 acc1 59.08%
2026-03-25 22:42:29 - __main__ - INFO - 
Epoch 43/100 | lr 0.067018
2026-03-25 22:42:55 - __main__ - INFO - Train: loss 0.7184 acc1 77.93%
2026-03-25 22:42:55 - __main__ - INFO - Val:   loss 1.6582 acc1 58.26%
2026-03-25 22:42:55 - __main__ - INFO - 
Epoch 44/100 | lr 0.065454
2026-03-25 22:43:21 - __main__ - INFO - Train: loss 0.7159 acc1 78.15%
2026-03-25 22:43:21 - __main__ - INFO - Val:   loss 1.6275 acc1 58.70%
2026-03-25 22:43:21 - __main__ - INFO - 
Epoch 45/100 | lr 0.063874
2026-03-25 22:43:47 - __main__ - INFO - Train: loss 0.6862 acc1 79.04%
2026-03-25 22:43:47 - __main__ - INFO - Val:   loss 1.5899 acc1 59.71%
2026-03-25 22:43:47 - __main__ - INFO - 
Epoch 46/100 | lr 0.062278
2026-03-25 22:44:13 - __main__ - INFO - Train: loss 0.6581 acc1 79.53%
2026-03-25 22:44:13 - __main__ - INFO - Val:   loss 1.5420 acc1 60.66%
2026-03-25 22:44:13 - __main__ - INFO - saved best: 60.66%
2026-03-25 22:44:13 - __main__ - INFO - 
Epoch 47/100 | lr 0.060669
2026-03-25 22:44:39 - __main__ - INFO - Train: loss 0.6472 acc1 80.01%
2026-03-25 22:44:39 - __main__ - INFO - Val:   loss 1.5084 acc1 61.22%
2026-03-25 22:44:39 - __main__ - INFO - saved best: 61.22%
2026-03-25 22:44:39 - __main__ - INFO - 
Epoch 48/100 | lr 0.059048
2026-03-25 22:45:05 - __main__ - INFO - Train: loss 0.6210 acc1 80.78%
2026-03-25 22:45:05 - __main__ - INFO - Val:   loss 1.8552 acc1 56.95%
2026-03-25 22:45:05 - __main__ - INFO - 
Epoch 49/100 | lr 0.057417
2026-03-25 22:45:31 - __main__ - INFO - Train: loss 0.6001 acc1 81.54%
2026-03-25 22:45:31 - __main__ - INFO - Val:   loss 1.6154 acc1 61.11%
2026-03-25 22:45:31 - __main__ - INFO - 
Epoch 50/100 | lr 0.055779
2026-03-25 22:45:57 - __main__ - INFO - Train: loss 0.5903 acc1 81.82%
2026-03-25 22:45:57 - __main__ - INFO - Val:   loss 1.6675 acc1 59.52%
2026-03-25 22:45:57 - __main__ - INFO - 
Epoch 51/100 | lr 0.054134
2026-03-25 22:46:23 - __main__ - INFO - Train: loss 0.5537 acc1 82.79%
2026-03-25 22:46:23 - __main__ - INFO - Val:   loss 1.4229 acc1 63.84%
2026-03-25 22:46:23 - __main__ - INFO - saved best: 63.84%
2026-03-25 22:46:23 - __main__ - INFO - 
Epoch 52/100 | lr 0.052484
2026-03-25 22:46:49 - __main__ - INFO - Train: loss 0.5396 acc1 83.12%
2026-03-25 22:46:49 - __main__ - INFO - Val:   loss 1.6607 acc1 58.67%
2026-03-25 22:46:49 - __main__ - INFO - 
Epoch 53/100 | lr 0.050832
2026-03-25 22:47:15 - __main__ - INFO - Train: loss 0.5208 acc1 83.73%
2026-03-25 22:47:15 - __main__ - INFO - Val:   loss 1.6323 acc1 60.61%
2026-03-25 22:47:15 - __main__ - INFO - 
Epoch 54/100 | lr 0.049178
2026-03-25 22:47:41 - __main__ - INFO - Train: loss 0.4981 acc1 84.38%
2026-03-25 22:47:41 - __main__ - INFO - Val:   loss 1.6625 acc1 59.07%
2026-03-25 22:47:41 - __main__ - INFO - 
Epoch 55/100 | lr 0.047526
2026-03-25 22:48:06 - __main__ - INFO - Train: loss 0.4826 acc1 84.88%
2026-03-25 22:48:06 - __main__ - INFO - Val:   loss 1.6161 acc1 62.03%
2026-03-25 22:48:06 - __main__ - INFO - 
Epoch 56/100 | lr 0.045876
2026-03-25 22:48:32 - __main__ - INFO - Train: loss 0.4594 acc1 85.53%
2026-03-25 22:48:32 - __main__ - INFO - Val:   loss 1.6006 acc1 61.54%
2026-03-25 22:48:32 - __main__ - INFO - 
Epoch 57/100 | lr 0.044231
2026-03-25 22:48:58 - __main__ - INFO - Train: loss 0.4308 acc1 86.63%
2026-03-25 22:48:58 - __main__ - INFO - Val:   loss 1.6845 acc1 61.26%
2026-03-25 22:48:58 - __main__ - INFO - 
Epoch 58/100 | lr 0.042593
2026-03-25 22:49:24 - __main__ - INFO - Train: loss 0.4046 acc1 87.22%
2026-03-25 22:49:24 - __main__ - INFO - Val:   loss 1.7290 acc1 60.18%
2026-03-25 22:49:24 - __main__ - INFO - 
Epoch 59/100 | lr 0.040962
2026-03-25 22:49:50 - __main__ - INFO - Train: loss 0.3744 acc1 88.09%
2026-03-25 22:49:50 - __main__ - INFO - Val:   loss 1.5571 acc1 62.77%
2026-03-25 22:49:50 - __main__ - INFO - 
Epoch 60/100 | lr 0.039341
2026-03-25 22:50:16 - __main__ - INFO - Train: loss 0.3517 acc1 88.97%
2026-03-25 22:50:16 - __main__ - INFO - Val:   loss 1.4907 acc1 64.79%
2026-03-25 22:50:16 - __main__ - INFO - saved best: 64.79%
2026-03-25 22:50:16 - __main__ - INFO - 
Epoch 61/100 | lr 0.037732
2026-03-25 22:50:42 - __main__ - INFO - Train: loss 0.3378 acc1 89.29%
2026-03-25 22:50:42 - __main__ - INFO - Val:   loss 1.5497 acc1 63.21%
2026-03-25 22:50:42 - __main__ - INFO - 
Epoch 62/100 | lr 0.036136
2026-03-25 22:51:08 - __main__ - INFO - Train: loss 0.3125 acc1 90.08%
2026-03-25 22:51:08 - __main__ - INFO - Val:   loss 1.5047 acc1 64.70%
2026-03-25 22:51:08 - __main__ - INFO - 
Epoch 63/100 | lr 0.034556
2026-03-25 22:51:34 - __main__ - INFO - Train: loss 0.3016 acc1 90.74%
2026-03-25 22:51:34 - __main__ - INFO - Val:   loss 1.5204 acc1 64.96%
2026-03-25 22:51:34 - __main__ - INFO - saved best: 64.96%
2026-03-25 22:51:34 - __main__ - INFO - 
Epoch 64/100 | lr 0.032992
2026-03-25 22:52:00 - __main__ - INFO - Train: loss 0.2732 acc1 91.51%
2026-03-25 22:52:00 - __main__ - INFO - Val:   loss 1.5755 acc1 62.97%
2026-03-25 22:52:00 - __main__ - INFO - 
Epoch 65/100 | lr 0.031447
2026-03-25 22:52:25 - __main__ - INFO - Train: loss 0.2483 acc1 92.24%
2026-03-25 22:52:25 - __main__ - INFO - Val:   loss 1.5416 acc1 64.29%
2026-03-25 22:52:25 - __main__ - INFO - 
Epoch 66/100 | lr 0.029922
2026-03-25 22:52:51 - __main__ - INFO - Train: loss 0.2296 acc1 92.86%
2026-03-25 22:52:51 - __main__ - INFO - Val:   loss 1.5074 acc1 65.85%
2026-03-25 22:52:51 - __main__ - INFO - saved best: 65.85%
2026-03-25 22:52:51 - __main__ - INFO - 
Epoch 67/100 | lr 0.028419
2026-03-25 22:53:17 - __main__ - INFO - Train: loss 0.2050 acc1 93.83%
2026-03-25 22:53:17 - __main__ - INFO - Val:   loss 1.4846 acc1 65.76%
2026-03-25 22:53:17 - __main__ - INFO - 
Epoch 68/100 | lr 0.026940
2026-03-25 22:53:43 - __main__ - INFO - Train: loss 0.1807 acc1 94.51%
2026-03-25 22:53:43 - __main__ - INFO - Val:   loss 1.4372 acc1 66.90%
2026-03-25 22:53:43 - __main__ - INFO - saved best: 66.90%
2026-03-25 22:53:43 - __main__ - INFO - 
Epoch 69/100 | lr 0.025486
2026-03-25 22:54:09 - __main__ - INFO - Train: loss 0.1571 acc1 95.30%
2026-03-25 22:54:09 - __main__ - INFO - Val:   loss 1.4541 acc1 66.87%
2026-03-25 22:54:09 - __main__ - INFO - 
Epoch 70/100 | lr 0.024059
2026-03-25 22:54:35 - __main__ - INFO - Train: loss 0.1355 acc1 96.05%
2026-03-25 22:54:35 - __main__ - INFO - Val:   loss 1.3912 acc1 68.57%
2026-03-25 22:54:35 - __main__ - INFO - saved best: 68.57%
2026-03-25 22:54:35 - __main__ - INFO - 
Epoch 71/100 | lr 0.022660
2026-03-25 22:55:01 - __main__ - INFO - Train: loss 0.1260 acc1 96.33%
2026-03-25 22:55:01 - __main__ - INFO - Val:   loss 1.3612 acc1 68.28%
2026-03-25 22:55:01 - __main__ - INFO - 
Epoch 72/100 | lr 0.021291
2026-03-25 22:55:27 - __main__ - INFO - Train: loss 0.1160 acc1 96.68%
2026-03-25 22:55:27 - __main__ - INFO - Val:   loss 1.3974 acc1 68.24%
2026-03-25 22:55:27 - __main__ - INFO - 
Epoch 73/100 | lr 0.019954
2026-03-25 22:55:53 - __main__ - INFO - Train: loss 0.0939 acc1 97.39%
2026-03-25 22:55:53 - __main__ - INFO - Val:   loss 1.3145 acc1 68.93%
2026-03-25 22:55:53 - __main__ - INFO - saved best: 68.93%
2026-03-25 22:55:53 - __main__ - INFO - 
Epoch 74/100 | lr 0.018649
2026-03-25 22:56:19 - __main__ - INFO - Train: loss 0.0726 acc1 98.00%
2026-03-25 22:56:19 - __main__ - INFO - Val:   loss 1.3199 acc1 70.99%
2026-03-25 22:56:19 - __main__ - INFO - saved best: 70.99%
2026-03-25 22:56:19 - __main__ - INFO - 
Epoch 75/100 | lr 0.017379
2026-03-25 22:56:45 - __main__ - INFO - Train: loss 0.0598 acc1 98.45%
2026-03-25 22:56:45 - __main__ - INFO - Val:   loss 1.2857 acc1 71.14%
2026-03-25 22:56:45 - __main__ - INFO - saved best: 71.14%
2026-03-25 22:56:45 - __main__ - INFO - 
Epoch 76/100 | lr 0.016144
2026-03-25 22:57:11 - __main__ - INFO - Train: loss 0.0450 acc1 98.98%
2026-03-25 22:57:11 - __main__ - INFO - Val:   loss 1.2580 acc1 71.07%
2026-03-25 22:57:11 - __main__ - INFO - 
Epoch 77/100 | lr 0.014947
2026-03-25 22:57:37 - __main__ - INFO - Train: loss 0.0372 acc1 99.18%
2026-03-25 22:57:37 - __main__ - INFO - Val:   loss 1.2381 acc1 71.97%
2026-03-25 22:57:37 - __main__ - INFO - saved best: 71.97%
2026-03-25 22:57:37 - __main__ - INFO - 
Epoch 78/100 | lr 0.013787
2026-03-25 22:58:03 - __main__ - INFO - Train: loss 0.0291 acc1 99.42%
2026-03-25 22:58:03 - __main__ - INFO - Val:   loss 1.1733 acc1 73.24%
2026-03-25 22:58:03 - __main__ - INFO - saved best: 73.24%
2026-03-25 22:58:03 - __main__ - INFO - 
Epoch 79/100 | lr 0.012668
2026-03-25 22:58:28 - __main__ - INFO - Train: loss 0.0210 acc1 99.62%
2026-03-25 22:58:28 - __main__ - INFO - Val:   loss 1.2106 acc1 72.57%
2026-03-25 22:58:28 - __main__ - INFO - 
Epoch 80/100 | lr 0.011589
2026-03-25 22:58:54 - __main__ - INFO - Train: loss 0.0164 acc1 99.79%
2026-03-25 22:58:54 - __main__ - INFO - Val:   loss 1.1379 acc1 73.66%
2026-03-25 22:58:54 - __main__ - INFO - saved best: 73.66%
2026-03-25 22:58:54 - __main__ - INFO - 
Epoch 81/100 | lr 0.010552
2026-03-25 22:59:20 - __main__ - INFO - Train: loss 0.0129 acc1 99.83%
2026-03-25 22:59:20 - __main__ - INFO - Val:   loss 1.1260 acc1 73.89%
2026-03-25 22:59:20 - __main__ - INFO - saved best: 73.89%
2026-03-25 22:59:20 - __main__ - INFO - 
Epoch 82/100 | lr 0.009558
2026-03-25 22:59:46 - __main__ - INFO - Train: loss 0.0106 acc1 99.90%
2026-03-25 22:59:46 - __main__ - INFO - Val:   loss 1.1123 acc1 73.92%
2026-03-25 22:59:46 - __main__ - INFO - saved best: 73.92%
2026-03-25 22:59:46 - __main__ - INFO - 
Epoch 83/100 | lr 0.008609
2026-03-25 23:00:12 - __main__ - INFO - Train: loss 0.0093 acc1 99.93%
2026-03-25 23:00:12 - __main__ - INFO - Val:   loss 1.0904 acc1 75.04%
2026-03-25 23:00:12 - __main__ - INFO - saved best: 75.04%
2026-03-25 23:00:12 - __main__ - INFO - 
Epoch 84/100 | lr 0.007704
2026-03-25 23:00:38 - __main__ - INFO - Train: loss 0.0084 acc1 99.94%
2026-03-25 23:00:38 - __main__ - INFO - Val:   loss 1.0863 acc1 74.89%
2026-03-25 23:00:38 - __main__ - INFO - 
Epoch 85/100 | lr 0.006846
2026-03-25 23:01:04 - __main__ - INFO - Train: loss 0.0089 acc1 99.91%
2026-03-25 23:01:04 - __main__ - INFO - Val:   loss 1.0860 acc1 74.87%
2026-03-25 23:01:04 - __main__ - INFO - 
Epoch 86/100 | lr 0.006036
2026-03-25 23:01:30 - __main__ - INFO - Train: loss 0.0084 acc1 99.93%
2026-03-25 23:01:30 - __main__ - INFO - Val:   loss 1.0747 acc1 74.75%
2026-03-25 23:01:30 - __main__ - INFO - 
Epoch 87/100 | lr 0.005273
2026-03-25 23:01:56 - __main__ - INFO - Train: loss 0.0077 acc1 99.94%
2026-03-25 23:01:56 - __main__ - INFO - Val:   loss 1.0714 acc1 74.98%
2026-03-25 23:01:56 - __main__ - INFO - 
Epoch 88/100 | lr 0.004559
2026-03-25 23:02:21 - __main__ - INFO - Train: loss 0.0065 acc1 99.99%
2026-03-25 23:02:21 - __main__ - INFO - Val:   loss 1.0647 acc1 75.16%
2026-03-25 23:02:21 - __main__ - INFO - saved best: 75.16%
2026-03-25 23:02:21 - __main__ - INFO - 
Epoch 89/100 | lr 0.003895
2026-03-25 23:02:47 - __main__ - INFO - Train: loss 0.0068 acc1 99.96%
2026-03-25 23:02:47 - __main__ - INFO - Val:   loss 1.0483 acc1 75.61%
2026-03-25 23:02:47 - __main__ - INFO - saved best: 75.61%
2026-03-25 23:02:47 - __main__ - INFO - 
Epoch 90/100 | lr 0.003281
2026-03-25 23:03:13 - __main__ - INFO - Train: loss 0.0062 acc1 99.98%
2026-03-25 23:03:13 - __main__ - INFO - Val:   loss 1.0481 acc1 75.37%
2026-03-25 23:03:13 - __main__ - INFO - 
Epoch 91/100 | lr 0.002719
2026-03-25 23:03:39 - __main__ - INFO - Train: loss 0.0063 acc1 99.98%
2026-03-25 23:03:39 - __main__ - INFO - Val:   loss 1.0451 acc1 75.63%
2026-03-25 23:03:39 - __main__ - INFO - saved best: 75.63%
2026-03-25 23:03:39 - __main__ - INFO - 
Epoch 92/100 | lr 0.002208
2026-03-25 23:04:05 - __main__ - INFO - Train: loss 0.0060 acc1 99.99%
2026-03-25 23:04:05 - __main__ - INFO - Val:   loss 1.0426 acc1 75.47%
2026-03-25 23:04:05 - __main__ - INFO - 
Epoch 93/100 | lr 0.001749
2026-03-25 23:04:31 - __main__ - INFO - Train: loss 0.0062 acc1 99.97%
2026-03-25 23:04:31 - __main__ - INFO - Val:   loss 1.0442 acc1 75.33%
2026-03-25 23:04:31 - __main__ - INFO - 
Epoch 94/100 | lr 0.001344
2026-03-25 23:04:57 - __main__ - INFO - Train: loss 0.0060 acc1 99.99%
2026-03-25 23:04:57 - __main__ - INFO - Val:   loss 1.0434 acc1 75.37%
2026-03-25 23:04:57 - __main__ - INFO - 
Epoch 95/100 | lr 0.000991
2026-03-25 23:05:23 - __main__ - INFO - Train: loss 0.0062 acc1 99.99%
2026-03-25 23:05:23 - __main__ - INFO - Val:   loss 1.0449 acc1 75.47%
2026-03-25 23:05:23 - __main__ - INFO - 
Epoch 96/100 | lr 0.000692
2026-03-25 23:05:49 - __main__ - INFO - Train: loss 0.0059 acc1 99.98%
2026-03-25 23:05:49 - __main__ - INFO - Val:   loss 1.0464 acc1 75.48%
2026-03-25 23:05:49 - __main__ - INFO - 
Epoch 97/100 | lr 0.000447
2026-03-25 23:06:15 - __main__ - INFO - Train: loss 0.0059 acc1 99.99%
2026-03-25 23:06:15 - __main__ - INFO - Val:   loss 1.0433 acc1 75.63%
2026-03-25 23:06:15 - __main__ - INFO - 
Epoch 98/100 | lr 0.000256
2026-03-25 23:06:41 - __main__ - INFO - Train: loss 0.0060 acc1 99.98%
2026-03-25 23:06:41 - __main__ - INFO - Val:   loss 1.0481 acc1 75.21%
2026-03-25 23:06:41 - __main__ - INFO - 
Epoch 99/100 | lr 0.000119
2026-03-25 23:07:07 - __main__ - INFO - Train: loss 0.0061 acc1 99.98%
2026-03-25 23:07:07 - __main__ - INFO - Val:   loss 1.0326 acc1 75.52%
2026-03-25 23:07:07 - __main__ - INFO - 
Epoch 100/100 | lr 0.000037
2026-03-25 23:07:33 - __main__ - INFO - Train: loss 0.0058 acc1 99.99%
2026-03-25 23:07:33 - __main__ - INFO - Val:   loss 1.0396 acc1 75.38%
2026-03-25 23:07:33 - __main__ - INFO - Loaded best checkpoint weights for final test evaluation.
2026-03-25 23:07:35 - __main__ - INFO - 
Best tracked (val): 75.63%
2026-03-25 23:07:35 - __main__ - INFO - Final test: loss 1.0205 acc1 75.63%
2026-03-25 23:07:42 - __main__ - INFO - Variant [shuffled_cam_low_saliency] done — test acc 75.63%, test loss 1.0205
2026-03-25 23:07:42 - __main__ - INFO - Saved validation comparison plot: runs/cifar100_2026_03/25/resnet34/validation_comparison_plot.png
2026-03-25 23:07:42 - __main__ - INFO - 
Starting output model sweep: densenet121
2026-03-25 23:07:42 - __main__ - INFO - 
============================================================
2026-03-25 23:07:42 - __main__ - INFO - Training output model: densenet121 [original]
2026-03-25 23:07:42 - __main__ - INFO -   Resolved config → opt=sgd, lr=0.1, wd=0.0001, bs=128, epochs=100, scheduler=cosine, warmup=5
2026-03-25 23:07:42 - __main__ - INFO - ============================================================
2026-03-25 23:07:42 - __main__ - INFO -   Validation during training uses variant split with val_split=0.1
2026-03-25 23:07:42 - __main__ - INFO -   Final test uses original test split
2026-03-25 23:07:42 - __main__ - INFO - device: cuda | cuda: True | gpu: NVIDIA L4
2026-03-25 23:07:43 - __main__ - INFO - Model: densenet121 | Dataset: cifar100 | Classes: 100 | Optimizer: sgd
2026-03-25 23:07:43 - __main__ - INFO - 
Epoch 1/100 | lr 0.000100
2026-03-25 23:08:03 - __main__ - INFO - Train: loss 4.6334 acc1 1.42%
2026-03-25 23:08:03 - __main__ - INFO - Val:   loss 4.5689 acc1 2.08%
2026-03-25 23:08:03 - __main__ - INFO - saved best: 2.08%
2026-03-25 23:08:03 - __main__ - INFO - 
Epoch 2/100 | lr 0.020080
2026-03-25 23:08:23 - __main__ - INFO - Train: loss 3.8497 acc1 11.10%
2026-03-25 23:08:23 - __main__ - INFO - Val:   loss 3.4626 acc1 18.06%
2026-03-25 23:08:23 - __main__ - INFO - saved best: 18.06%
2026-03-25 23:08:23 - __main__ - INFO - 
Epoch 3/100 | lr 0.040060
2026-03-25 23:08:43 - __main__ - INFO - Train: loss 3.3628 acc1 19.26%
2026-03-25 23:08:43 - __main__ - INFO - Val:   loss 3.2606 acc1 21.49%
2026-03-25 23:08:43 - __main__ - INFO - saved best: 21.49%
2026-03-25 23:08:43 - __main__ - INFO - 
Epoch 4/100 | lr 0.060040
2026-03-25 23:09:03 - __main__ - INFO - Train: loss 3.0119 acc1 25.09%
2026-03-25 23:09:03 - __main__ - INFO - Val:   loss 3.0032 acc1 25.76%
2026-03-25 23:09:03 - __main__ - INFO - saved best: 25.76%
2026-03-25 23:09:03 - __main__ - INFO - 
Epoch 5/100 | lr 0.080020
2026-03-25 23:09:23 - __main__ - INFO - Train: loss 2.7158 acc1 30.57%
2026-03-25 23:09:23 - __main__ - INFO - Val:   loss 2.6698 acc1 32.01%
2026-03-25 23:09:23 - __main__ - INFO - saved best: 32.01%
2026-03-25 23:09:23 - __main__ - INFO - 
Epoch 6/100 | lr 0.100000
2026-03-25 23:09:43 - __main__ - INFO - Train: loss 2.4854 acc1 35.09%
2026-03-25 23:09:43 - __main__ - INFO - Val:   loss 2.6526 acc1 33.20%
2026-03-25 23:09:43 - __main__ - INFO - saved best: 33.20%
2026-03-25 23:09:43 - __main__ - INFO - 
Epoch 7/100 | lr 0.099973
2026-03-25 23:10:03 - __main__ - INFO - Train: loss 2.2372 acc1 40.47%
2026-03-25 23:10:03 - __main__ - INFO - Val:   loss 2.3967 acc1 38.81%
2026-03-25 23:10:03 - __main__ - INFO - saved best: 38.81%
2026-03-25 23:10:03 - __main__ - INFO - 
Epoch 8/100 | lr 0.099891
2026-03-25 23:10:24 - __main__ - INFO - Train: loss 2.0757 acc1 43.80%
2026-03-25 23:10:24 - __main__ - INFO - Val:   loss 2.3704 acc1 39.27%
2026-03-25 23:10:24 - __main__ - INFO - saved best: 39.27%
2026-03-25 23:10:24 - __main__ - INFO - 
Epoch 9/100 | lr 0.099754
2026-03-25 23:10:44 - __main__ - INFO - Train: loss 1.9331 acc1 47.05%
2026-03-25 23:10:44 - __main__ - INFO - Val:   loss 2.2041 acc1 43.22%
2026-03-25 23:10:44 - __main__ - INFO - saved best: 43.22%
2026-03-25 23:10:44 - __main__ - INFO - 
Epoch 10/100 | lr 0.099563
2026-03-25 23:11:03 - __main__ - INFO - Train: loss 1.8101 acc1 49.66%
2026-03-25 23:11:03 - __main__ - INFO - Val:   loss 2.1787 acc1 42.97%
2026-03-25 23:11:03 - __main__ - INFO - 
Epoch 11/100 | lr 0.099318
2026-03-25 23:11:23 - __main__ - INFO - Train: loss 1.7099 acc1 52.29%
2026-03-25 23:11:23 - __main__ - INFO - Val:   loss 2.0016 acc1 46.74%
2026-03-25 23:11:23 - __main__ - INFO - saved best: 46.74%
2026-03-25 23:11:23 - __main__ - INFO - 
Epoch 12/100 | lr 0.099019
2026-03-25 23:11:44 - __main__ - INFO - Train: loss 1.6266 acc1 54.48%
2026-03-25 23:11:44 - __main__ - INFO - Val:   loss 1.9809 acc1 47.60%
2026-03-25 23:11:44 - __main__ - INFO - saved best: 47.60%
2026-03-25 23:11:44 - __main__ - INFO - 
Epoch 13/100 | lr 0.098666
2026-03-25 23:12:04 - __main__ - INFO - Train: loss 1.5443 acc1 55.78%
2026-03-25 23:12:04 - __main__ - INFO - Val:   loss 2.0705 acc1 46.18%
2026-03-25 23:12:04 - __main__ - INFO - 
Epoch 14/100 | lr 0.098261
2026-03-25 23:12:24 - __main__ - INFO - Train: loss 1.4650 acc1 57.83%
2026-03-25 23:12:24 - __main__ - INFO - Val:   loss 2.0230 acc1 46.84%
2026-03-25 23:12:24 - __main__ - INFO - 
Epoch 15/100 | lr 0.097802
2026-03-25 23:12:43 - __main__ - INFO - Train: loss 1.4001 acc1 59.60%
2026-03-25 23:12:43 - __main__ - INFO - Val:   loss 1.9885 acc1 48.76%
2026-03-25 23:12:43 - __main__ - INFO - saved best: 48.76%
2026-03-25 23:12:43 - __main__ - INFO - 
Epoch 16/100 | lr 0.097291
2026-03-25 23:13:04 - __main__ - INFO - Train: loss 1.3336 acc1 61.09%
2026-03-25 23:13:04 - __main__ - INFO - Val:   loss 1.9911 acc1 48.49%
2026-03-25 23:13:04 - __main__ - INFO - 
Epoch 17/100 | lr 0.096729
2026-03-25 23:13:24 - __main__ - INFO - Train: loss 1.2734 acc1 62.68%
2026-03-25 23:13:24 - __main__ - INFO - Val:   loss 1.9702 acc1 50.13%
2026-03-25 23:13:24 - __main__ - INFO - saved best: 50.13%
2026-03-25 23:13:24 - __main__ - INFO - 
Epoch 18/100 | lr 0.096115
2026-03-25 23:13:43 - __main__ - INFO - Train: loss 1.2082 acc1 64.28%
2026-03-25 23:13:43 - __main__ - INFO - Val:   loss 2.0284 acc1 48.35%
2026-03-25 23:13:43 - __main__ - INFO - 
Epoch 19/100 | lr 0.095451
2026-03-25 23:14:04 - __main__ - INFO - Train: loss 1.1571 acc1 65.72%
2026-03-25 23:14:04 - __main__ - INFO - Val:   loss 2.0735 acc1 48.70%
2026-03-25 23:14:04 - __main__ - INFO - 
Epoch 20/100 | lr 0.094737
2026-03-25 23:14:24 - __main__ - INFO - Train: loss 1.1007 acc1 67.13%
2026-03-25 23:14:24 - __main__ - INFO - Val:   loss 2.0033 acc1 50.62%
2026-03-25 23:14:24 - __main__ - INFO - saved best: 50.62%
2026-03-25 23:14:24 - __main__ - INFO - 
Epoch 21/100 | lr 0.093974
2026-03-25 23:14:44 - __main__ - INFO - Train: loss 1.0503 acc1 68.13%
2026-03-25 23:14:44 - __main__ - INFO - Val:   loss 1.9311 acc1 50.87%
2026-03-25 23:14:44 - __main__ - INFO - saved best: 50.87%
2026-03-25 23:14:44 - __main__ - INFO - 
Epoch 22/100 | lr 0.093164
2026-03-25 23:15:04 - __main__ - INFO - Train: loss 1.0061 acc1 69.45%
2026-03-25 23:15:04 - __main__ - INFO - Val:   loss 2.0943 acc1 49.61%
2026-03-25 23:15:04 - __main__ - INFO - 
Epoch 23/100 | lr 0.092306
2026-03-25 23:15:24 - __main__ - INFO - Train: loss 0.9599 acc1 70.60%
2026-03-25 23:15:24 - __main__ - INFO - Val:   loss 2.0046 acc1 51.00%
2026-03-25 23:15:24 - __main__ - INFO - saved best: 51.00%
2026-03-25 23:15:24 - __main__ - INFO - 
Epoch 24/100 | lr 0.091401
2026-03-25 23:15:44 - __main__ - INFO - Train: loss 0.9167 acc1 71.71%
2026-03-25 23:15:44 - __main__ - INFO - Val:   loss 2.0211 acc1 51.53%
2026-03-25 23:15:44 - __main__ - INFO - saved best: 51.53%
2026-03-25 23:15:44 - __main__ - INFO - 
Epoch 25/100 | lr 0.090452
2026-03-25 23:16:04 - __main__ - INFO - Train: loss 0.8631 acc1 73.22%
2026-03-25 23:16:04 - __main__ - INFO - Val:   loss 2.0274 acc1 51.81%
2026-03-25 23:16:04 - __main__ - INFO - saved best: 51.81%
2026-03-25 23:16:04 - __main__ - INFO - 
Epoch 26/100 | lr 0.089458
2026-03-25 23:16:24 - __main__ - INFO - Train: loss 0.8279 acc1 74.40%
2026-03-25 23:16:24 - __main__ - INFO - Val:   loss 2.0442 acc1 52.12%
2026-03-25 23:16:24 - __main__ - INFO - saved best: 52.12%
2026-03-25 23:16:24 - __main__ - INFO - 
Epoch 27/100 | lr 0.088421
2026-03-25 23:16:44 - __main__ - INFO - Train: loss 0.7807 acc1 75.74%
2026-03-25 23:16:44 - __main__ - INFO - Val:   loss 2.1134 acc1 51.65%
2026-03-25 23:16:44 - __main__ - INFO - 
Epoch 28/100 | lr 0.087342
2026-03-25 23:17:04 - __main__ - INFO - Train: loss 0.7391 acc1 76.68%
2026-03-25 23:17:04 - __main__ - INFO - Val:   loss 2.1255 acc1 51.05%
2026-03-25 23:17:04 - __main__ - INFO - 
Epoch 29/100 | lr 0.086223
2026-03-25 23:17:24 - __main__ - INFO - Train: loss 0.7076 acc1 77.67%
2026-03-25 23:17:24 - __main__ - INFO - Val:   loss 2.2884 acc1 48.78%
2026-03-25 23:17:24 - __main__ - INFO - 
Epoch 30/100 | lr 0.085063
2026-03-25 23:17:44 - __main__ - INFO - Train: loss 0.6710 acc1 78.87%
2026-03-25 23:17:44 - __main__ - INFO - Val:   loss 2.1120 acc1 52.84%
2026-03-25 23:17:44 - __main__ - INFO - saved best: 52.84%
2026-03-25 23:17:44 - __main__ - INFO - 
Epoch 31/100 | lr 0.083866
2026-03-25 23:18:04 - __main__ - INFO - Train: loss 0.6275 acc1 79.82%
2026-03-25 23:18:04 - __main__ - INFO - Val:   loss 2.1798 acc1 53.02%
2026-03-25 23:18:04 - __main__ - INFO - saved best: 53.02%
2026-03-25 23:18:04 - __main__ - INFO - 
Epoch 32/100 | lr 0.082631
2026-03-25 23:18:24 - __main__ - INFO - Train: loss 0.5949 acc1 81.10%
2026-03-25 23:18:24 - __main__ - INFO - Val:   loss 2.1706 acc1 53.29%
2026-03-25 23:18:24 - __main__ - INFO - saved best: 53.29%
2026-03-25 23:18:24 - __main__ - INFO - 
Epoch 33/100 | lr 0.081361
2026-03-25 23:18:44 - __main__ - INFO - Train: loss 0.5621 acc1 81.76%
2026-03-25 23:18:44 - __main__ - INFO - Val:   loss 2.2789 acc1 51.81%
2026-03-25 23:18:44 - __main__ - INFO - 
Epoch 34/100 | lr 0.080056
2026-03-25 23:19:04 - __main__ - INFO - Train: loss 0.5459 acc1 82.33%
2026-03-25 23:19:04 - __main__ - INFO - Val:   loss 2.2194 acc1 52.71%
2026-03-25 23:19:04 - __main__ - INFO - 
Epoch 35/100 | lr 0.078719
2026-03-25 23:19:24 - __main__ - INFO - Train: loss 0.4916 acc1 84.12%
2026-03-25 23:19:24 - __main__ - INFO - Val:   loss 2.3318 acc1 51.98%
2026-03-25 23:19:24 - __main__ - INFO - 
Epoch 36/100 | lr 0.077350
2026-03-25 23:19:44 - __main__ - INFO - Train: loss 0.4761 acc1 84.69%
2026-03-25 23:19:44 - __main__ - INFO - Val:   loss 2.3964 acc1 51.32%
2026-03-25 23:19:44 - __main__ - INFO - 
Epoch 37/100 | lr 0.075951
2026-03-25 23:20:05 - __main__ - INFO - Train: loss 0.4514 acc1 85.55%
2026-03-25 23:20:05 - __main__ - INFO - Val:   loss 2.3520 acc1 52.03%
2026-03-25 23:20:05 - __main__ - INFO - 
Epoch 38/100 | lr 0.074524
2026-03-25 23:20:24 - __main__ - INFO - Train: loss 0.4179 acc1 86.48%
2026-03-25 23:20:24 - __main__ - INFO - Val:   loss 2.3002 acc1 54.59%
2026-03-25 23:20:24 - __main__ - INFO - saved best: 54.59%
2026-03-25 23:20:24 - __main__ - INFO - 
Epoch 39/100 | lr 0.073070
2026-03-25 23:20:45 - __main__ - INFO - Train: loss 0.3964 acc1 87.18%
2026-03-25 23:20:45 - __main__ - INFO - Val:   loss 2.3605 acc1 52.79%
2026-03-25 23:20:45 - __main__ - INFO - 
Epoch 40/100 | lr 0.071591
2026-03-25 23:21:04 - __main__ - INFO - Train: loss 0.3753 acc1 87.87%
2026-03-25 23:21:04 - __main__ - INFO - Val:   loss 2.3986 acc1 53.41%
2026-03-25 23:21:04 - __main__ - INFO - 
Epoch 41/100 | lr 0.070088
2026-03-25 23:21:24 - __main__ - INFO - Train: loss 0.3380 acc1 89.09%
2026-03-25 23:21:24 - __main__ - INFO - Val:   loss 2.3899 acc1 52.95%
2026-03-25 23:21:24 - __main__ - INFO - 
Epoch 42/100 | lr 0.068563
2026-03-25 23:21:44 - __main__ - INFO - Train: loss 0.3340 acc1 89.15%
2026-03-25 23:21:44 - __main__ - INFO - Val:   loss 2.4765 acc1 52.13%
2026-03-25 23:21:44 - __main__ - INFO - 
Epoch 43/100 | lr 0.067018
2026-03-25 23:22:04 - __main__ - INFO - Train: loss 0.3012 acc1 90.39%
2026-03-25 23:22:04 - __main__ - INFO - Val:   loss 2.3219 acc1 54.10%
2026-03-25 23:22:04 - __main__ - INFO - 
Epoch 44/100 | lr 0.065454
2026-03-25 23:22:24 - __main__ - INFO - Train: loss 0.2787 acc1 91.08%
2026-03-25 23:22:24 - __main__ - INFO - Val:   loss 2.4132 acc1 53.04%
2026-03-25 23:22:24 - __main__ - INFO - 
Epoch 45/100 | lr 0.063874
2026-03-25 23:22:44 - __main__ - INFO - Train: loss 0.2548 acc1 91.85%
2026-03-25 23:22:44 - __main__ - INFO - Val:   loss 2.3505 acc1 54.36%
2026-03-25 23:22:44 - __main__ - INFO - 
Epoch 46/100 | lr 0.062278
2026-03-25 23:23:04 - __main__ - INFO - Train: loss 0.2330 acc1 92.47%
2026-03-25 23:23:04 - __main__ - INFO - Val:   loss 2.4461 acc1 53.91%
2026-03-25 23:23:04 - __main__ - INFO - 
Epoch 47/100 | lr 0.060669
2026-03-25 23:23:23 - __main__ - INFO - Train: loss 0.2316 acc1 92.61%
2026-03-25 23:23:23 - __main__ - INFO - Val:   loss 2.4389 acc1 53.45%
2026-03-25 23:23:23 - __main__ - INFO - 
Epoch 48/100 | lr 0.059048
2026-03-25 23:23:43 - __main__ - INFO - Train: loss 0.2086 acc1 93.39%
2026-03-25 23:23:43 - __main__ - INFO - Val:   loss 2.4422 acc1 53.91%
2026-03-25 23:23:43 - __main__ - INFO - 
Epoch 49/100 | lr 0.057417
2026-03-25 23:24:03 - __main__ - INFO - Train: loss 0.1918 acc1 93.90%
2026-03-25 23:24:03 - __main__ - INFO - Val:   loss 2.5173 acc1 53.68%
2026-03-25 23:24:03 - __main__ - INFO - 
Epoch 50/100 | lr 0.055779
2026-03-25 23:24:23 - __main__ - INFO - Train: loss 0.1666 acc1 94.88%
2026-03-25 23:24:23 - __main__ - INFO - Val:   loss 2.4139 acc1 54.53%
2026-03-25 23:24:23 - __main__ - INFO - 
Epoch 51/100 | lr 0.054134
2026-03-25 23:24:43 - __main__ - INFO - Train: loss 0.1547 acc1 95.22%
2026-03-25 23:24:43 - __main__ - INFO - Val:   loss 2.4734 acc1 55.20%
2026-03-25 23:24:43 - __main__ - INFO - saved best: 55.20%
2026-03-25 23:24:43 - __main__ - INFO - 
Epoch 52/100 | lr 0.052484
2026-03-25 23:25:03 - __main__ - INFO - Train: loss 0.1383 acc1 95.72%
2026-03-25 23:25:03 - __main__ - INFO - Val:   loss 2.4544 acc1 56.04%
2026-03-25 23:25:03 - __main__ - INFO - saved best: 56.04%
2026-03-25 23:25:03 - __main__ - INFO - 
Epoch 53/100 | lr 0.050832
2026-03-25 23:25:23 - __main__ - INFO - Train: loss 0.1230 acc1 96.28%
2026-03-25 23:25:23 - __main__ - INFO - Val:   loss 2.4019 acc1 56.03%
2026-03-25 23:25:23 - __main__ - INFO - 
Epoch 54/100 | lr 0.049178
2026-03-25 23:25:43 - __main__ - INFO - Train: loss 0.1103 acc1 96.70%
2026-03-25 23:25:43 - __main__ - INFO - Val:   loss 2.4581 acc1 56.28%
2026-03-25 23:25:43 - __main__ - INFO - saved best: 56.28%
2026-03-25 23:25:43 - __main__ - INFO - 
Epoch 55/100 | lr 0.047526
2026-03-25 23:26:03 - __main__ - INFO - Train: loss 0.1036 acc1 96.99%
2026-03-25 23:26:03 - __main__ - INFO - Val:   loss 2.4590 acc1 56.06%
2026-03-25 23:26:03 - __main__ - INFO - 
Epoch 56/100 | lr 0.045876
2026-03-25 23:26:22 - __main__ - INFO - Train: loss 0.0920 acc1 97.29%
2026-03-25 23:26:22 - __main__ - INFO - Val:   loss 2.4233 acc1 55.91%
2026-03-25 23:26:22 - __main__ - INFO - 
Epoch 57/100 | lr 0.044231
2026-03-25 23:26:42 - __main__ - INFO - Train: loss 0.0800 acc1 97.71%
2026-03-25 23:26:42 - __main__ - INFO - Val:   loss 2.4493 acc1 55.91%
2026-03-25 23:26:42 - __main__ - INFO - 
Epoch 58/100 | lr 0.042593
2026-03-25 23:27:02 - __main__ - INFO - Train: loss 0.0645 acc1 98.25%
2026-03-25 23:27:02 - __main__ - INFO - Val:   loss 2.3882 acc1 56.24%
2026-03-25 23:27:02 - __main__ - INFO - 
Epoch 59/100 | lr 0.040962
2026-03-25 23:27:22 - __main__ - INFO - Train: loss 0.0562 acc1 98.54%
2026-03-25 23:27:22 - __main__ - INFO - Val:   loss 2.3991 acc1 56.13%
2026-03-25 23:27:22 - __main__ - INFO - 
Epoch 60/100 | lr 0.039341
2026-03-25 23:27:42 - __main__ - INFO - Train: loss 0.0483 acc1 98.79%
2026-03-25 23:27:42 - __main__ - INFO - Val:   loss 2.3772 acc1 57.43%
2026-03-25 23:27:42 - __main__ - INFO - saved best: 57.43%
2026-03-25 23:27:42 - __main__ - INFO - 
Epoch 61/100 | lr 0.037732
2026-03-25 23:28:02 - __main__ - INFO - Train: loss 0.0449 acc1 98.84%
2026-03-25 23:28:02 - __main__ - INFO - Val:   loss 2.3480 acc1 57.46%
2026-03-25 23:28:02 - __main__ - INFO - saved best: 57.46%
2026-03-25 23:28:02 - __main__ - INFO - 
Epoch 62/100 | lr 0.036136
2026-03-25 23:28:22 - __main__ - INFO - Train: loss 0.0347 acc1 99.20%
2026-03-25 23:28:22 - __main__ - INFO - Val:   loss 2.3248 acc1 58.09%
2026-03-25 23:28:22 - __main__ - INFO - saved best: 58.09%
2026-03-25 23:28:22 - __main__ - INFO - 
Epoch 63/100 | lr 0.034556
2026-03-25 23:28:42 - __main__ - INFO - Train: loss 0.0297 acc1 99.38%
2026-03-25 23:28:42 - __main__ - INFO - Val:   loss 2.2836 acc1 58.10%
2026-03-25 23:28:42 - __main__ - INFO - saved best: 58.10%
2026-03-25 23:28:42 - __main__ - INFO - 
Epoch 64/100 | lr 0.032992
2026-03-25 23:29:02 - __main__ - INFO - Train: loss 0.0272 acc1 99.41%
2026-03-25 23:29:02 - __main__ - INFO - Val:   loss 2.3095 acc1 58.24%
2026-03-25 23:29:02 - __main__ - INFO - saved best: 58.24%
2026-03-25 23:29:02 - __main__ - INFO - 
Epoch 65/100 | lr 0.031447
2026-03-25 23:29:22 - __main__ - INFO - Train: loss 0.0212 acc1 99.63%
2026-03-25 23:29:22 - __main__ - INFO - Val:   loss 2.2815 acc1 58.23%
2026-03-25 23:29:22 - __main__ - INFO - 
Epoch 66/100 | lr 0.029922
2026-03-25 23:29:42 - __main__ - INFO - Train: loss 0.0175 acc1 99.68%
2026-03-25 23:29:42 - __main__ - INFO - Val:   loss 2.2581 acc1 58.57%
2026-03-25 23:29:42 - __main__ - INFO - saved best: 58.57%
2026-03-25 23:29:42 - __main__ - INFO - 
Epoch 67/100 | lr 0.028419
2026-03-25 23:30:02 - __main__ - INFO - Train: loss 0.0182 acc1 99.66%
2026-03-25 23:30:02 - __main__ - INFO - Val:   loss 2.2382 acc1 58.96%
2026-03-25 23:30:02 - __main__ - INFO - saved best: 58.96%
2026-03-25 23:30:02 - __main__ - INFO - 
Epoch 68/100 | lr 0.026940
2026-03-25 23:30:22 - __main__ - INFO - Train: loss 0.0133 acc1 99.83%
2026-03-25 23:30:22 - __main__ - INFO - Val:   loss 2.2412 acc1 58.75%
2026-03-25 23:30:22 - __main__ - INFO - 
Epoch 69/100 | lr 0.025486
2026-03-25 23:30:42 - __main__ - INFO - Train: loss 0.0117 acc1 99.86%
2026-03-25 23:30:42 - __main__ - INFO - Val:   loss 2.2299 acc1 58.85%
2026-03-25 23:30:42 - __main__ - INFO - 
Epoch 70/100 | lr 0.024059
2026-03-25 23:31:02 - __main__ - INFO - Train: loss 0.0106 acc1 99.87%
2026-03-25 23:31:02 - __main__ - INFO - Val:   loss 2.2270 acc1 59.21%
2026-03-25 23:31:02 - __main__ - INFO - saved best: 59.21%
2026-03-25 23:31:02 - __main__ - INFO - 
Epoch 71/100 | lr 0.022660
2026-03-25 23:31:22 - __main__ - INFO - Train: loss 0.0099 acc1 99.88%
2026-03-25 23:31:22 - __main__ - INFO - Val:   loss 2.2128 acc1 59.49%
2026-03-25 23:31:22 - __main__ - INFO - saved best: 59.49%
2026-03-25 23:31:22 - __main__ - INFO - 
Epoch 72/100 | lr 0.021291
2026-03-25 23:31:42 - __main__ - INFO - Train: loss 0.0090 acc1 99.90%
2026-03-25 23:31:42 - __main__ - INFO - Val:   loss 2.1859 acc1 59.47%
2026-03-25 23:31:42 - __main__ - INFO - 
Epoch 73/100 | lr 0.019954
2026-03-25 23:32:02 - __main__ - INFO - Train: loss 0.0092 acc1 99.89%
2026-03-25 23:32:02 - __main__ - INFO - Val:   loss 2.1826 acc1 59.65%
2026-03-25 23:32:02 - __main__ - INFO - saved best: 59.65%
2026-03-25 23:32:02 - __main__ - INFO - 
Epoch 74/100 | lr 0.018649
2026-03-25 23:32:22 - __main__ - INFO - Train: loss 0.0082 acc1 99.90%
2026-03-25 23:32:22 - __main__ - INFO - Val:   loss 2.1685 acc1 59.21%
2026-03-25 23:32:22 - __main__ - INFO - 
Epoch 75/100 | lr 0.017379
2026-03-25 23:32:42 - __main__ - INFO - Train: loss 0.0074 acc1 99.92%
2026-03-25 23:32:42 - __main__ - INFO - Val:   loss 2.1606 acc1 59.63%
2026-03-25 23:32:42 - __main__ - INFO - 
Epoch 76/100 | lr 0.016144
2026-03-25 23:33:02 - __main__ - INFO - Train: loss 0.0073 acc1 99.93%
2026-03-25 23:33:02 - __main__ - INFO - Val:   loss 2.1484 acc1 59.42%
2026-03-25 23:33:02 - __main__ - INFO - 
Epoch 77/100 | lr 0.014947
2026-03-25 23:33:22 - __main__ - INFO - Train: loss 0.0066 acc1 99.94%
2026-03-25 23:33:22 - __main__ - INFO - Val:   loss 2.1492 acc1 59.38%
2026-03-25 23:33:22 - __main__ - INFO - 
Epoch 78/100 | lr 0.013787
2026-03-25 23:33:42 - __main__ - INFO - Train: loss 0.0062 acc1 99.94%
2026-03-25 23:33:42 - __main__ - INFO - Val:   loss 2.1334 acc1 59.30%
2026-03-25 23:33:42 - __main__ - INFO - 
Epoch 79/100 | lr 0.012668
2026-03-25 23:34:02 - __main__ - INFO - Train: loss 0.0060 acc1 99.95%
2026-03-25 23:34:02 - __main__ - INFO - Val:   loss 2.1279 acc1 59.45%
2026-03-25 23:34:02 - __main__ - INFO - 
Epoch 80/100 | lr 0.011589
2026-03-25 23:34:22 - __main__ - INFO - Train: loss 0.0057 acc1 99.95%
2026-03-25 23:34:22 - __main__ - INFO - Val:   loss 2.1184 acc1 59.31%
2026-03-25 23:34:22 - __main__ - INFO - 
Epoch 81/100 | lr 0.010552
2026-03-25 23:34:42 - __main__ - INFO - Train: loss 0.0057 acc1 99.95%
2026-03-25 23:34:42 - __main__ - INFO - Val:   loss 2.1255 acc1 59.79%
2026-03-25 23:34:42 - __main__ - INFO - saved best: 59.79%
2026-03-25 23:34:42 - __main__ - INFO - 
Epoch 82/100 | lr 0.009558
2026-03-25 23:35:03 - __main__ - INFO - Train: loss 0.0057 acc1 99.94%
2026-03-25 23:35:03 - __main__ - INFO - Val:   loss 2.1233 acc1 59.39%
2026-03-25 23:35:03 - __main__ - INFO - 
Epoch 83/100 | lr 0.008609
2026-03-25 23:35:23 - __main__ - INFO - Train: loss 0.0053 acc1 99.95%
2026-03-25 23:35:23 - __main__ - INFO - Val:   loss 2.1249 acc1 59.52%
2026-03-25 23:35:23 - __main__ - INFO - 
Epoch 84/100 | lr 0.007704
2026-03-25 23:35:42 - __main__ - INFO - Train: loss 0.0055 acc1 99.95%
2026-03-25 23:35:42 - __main__ - INFO - Val:   loss 2.1221 acc1 59.36%
2026-03-25 23:35:42 - __main__ - INFO - 
Epoch 85/100 | lr 0.006846
2026-03-25 23:36:02 - __main__ - INFO - Train: loss 0.0051 acc1 99.96%
2026-03-25 23:36:02 - __main__ - INFO - Val:   loss 2.1042 acc1 59.60%
2026-03-25 23:36:02 - __main__ - INFO - 
Epoch 86/100 | lr 0.006036
2026-03-25 23:36:22 - __main__ - INFO - Train: loss 0.0048 acc1 99.96%
2026-03-25 23:36:22 - __main__ - INFO - Val:   loss 2.1082 acc1 59.53%
2026-03-25 23:36:22 - __main__ - INFO - 
Epoch 87/100 | lr 0.005273
2026-03-25 23:36:42 - __main__ - INFO - Train: loss 0.0050 acc1 99.97%
2026-03-25 23:36:42 - __main__ - INFO - Val:   loss 2.1042 acc1 59.66%
2026-03-25 23:36:42 - __main__ - INFO - 
Epoch 88/100 | lr 0.004559
2026-03-25 23:37:02 - __main__ - INFO - Train: loss 0.0047 acc1 99.97%
2026-03-25 23:37:02 - __main__ - INFO - Val:   loss 2.1035 acc1 59.92%
2026-03-25 23:37:02 - __main__ - INFO - saved best: 59.92%
2026-03-25 23:37:02 - __main__ - INFO - 
Epoch 89/100 | lr 0.003895
2026-03-25 23:37:22 - __main__ - INFO - Train: loss 0.0051 acc1 99.96%
2026-03-25 23:37:22 - __main__ - INFO - Val:   loss 2.1044 acc1 59.97%
2026-03-25 23:37:22 - __main__ - INFO - saved best: 59.97%
2026-03-25 23:37:22 - __main__ - INFO - 
Epoch 90/100 | lr 0.003281
2026-03-25 23:37:43 - __main__ - INFO - Train: loss 0.0046 acc1 99.98%
2026-03-25 23:37:43 - __main__ - INFO - Val:   loss 2.0982 acc1 59.61%
2026-03-25 23:37:43 - __main__ - INFO - 
Epoch 91/100 | lr 0.002719
2026-03-25 23:38:03 - __main__ - INFO - Train: loss 0.0045 acc1 99.97%
2026-03-25 23:38:03 - __main__ - INFO - Val:   loss 2.0982 acc1 59.66%
2026-03-25 23:38:03 - __main__ - INFO - 
Epoch 92/100 | lr 0.002208
2026-03-25 23:38:23 - __main__ - INFO - Train: loss 0.0048 acc1 99.96%
2026-03-25 23:38:23 - __main__ - INFO - Val:   loss 2.0971 acc1 59.79%
2026-03-25 23:38:23 - __main__ - INFO - 
Epoch 93/100 | lr 0.001749
2026-03-25 23:38:43 - __main__ - INFO - Train: loss 0.0045 acc1 99.97%
2026-03-25 23:38:43 - __main__ - INFO - Val:   loss 2.0994 acc1 59.58%
2026-03-25 23:38:43 - __main__ - INFO - 
Epoch 94/100 | lr 0.001344
2026-03-25 23:39:03 - __main__ - INFO - Train: loss 0.0046 acc1 99.98%
2026-03-25 23:39:03 - __main__ - INFO - Val:   loss 2.0963 acc1 59.84%
2026-03-25 23:39:03 - __main__ - INFO - 
Epoch 95/100 | lr 0.000991
2026-03-25 23:39:23 - __main__ - INFO - Train: loss 0.0046 acc1 99.97%
2026-03-25 23:39:23 - __main__ - INFO - Val:   loss 2.0964 acc1 59.62%
2026-03-25 23:39:23 - __main__ - INFO - 
Epoch 96/100 | lr 0.000692
2026-03-25 23:39:43 - __main__ - INFO - Train: loss 0.0046 acc1 99.97%
2026-03-25 23:39:43 - __main__ - INFO - Val:   loss 2.0970 acc1 59.85%
2026-03-25 23:39:43 - __main__ - INFO - 
Epoch 97/100 | lr 0.000447
2026-03-25 23:40:03 - __main__ - INFO - Train: loss 0.0045 acc1 99.97%
2026-03-25 23:40:03 - __main__ - INFO - Val:   loss 2.0966 acc1 59.73%
2026-03-25 23:40:03 - __main__ - INFO - 
Epoch 98/100 | lr 0.000256
2026-03-25 23:40:23 - __main__ - INFO - Train: loss 0.0050 acc1 99.95%
2026-03-25 23:40:23 - __main__ - INFO - Val:   loss 2.0920 acc1 59.80%
2026-03-25 23:40:23 - __main__ - INFO - 
Epoch 99/100 | lr 0.000119
2026-03-25 23:40:44 - __main__ - INFO - Train: loss 0.0046 acc1 99.97%
2026-03-25 23:40:44 - __main__ - INFO - Val:   loss 2.0913 acc1 59.63%
2026-03-25 23:40:44 - __main__ - INFO - 
Epoch 100/100 | lr 0.000037
2026-03-25 23:41:04 - __main__ - INFO - Train: loss 0.0046 acc1 99.96%
2026-03-25 23:41:04 - __main__ - INFO - Val:   loss 2.0905 acc1 59.73%
2026-03-25 23:41:04 - __main__ - INFO - Loaded best checkpoint weights for final test evaluation.
2026-03-25 23:41:06 - __main__ - INFO - 
Best tracked (val): 59.97%
2026-03-25 23:41:06 - __main__ - INFO - Final test: loss 1.9673 acc1 61.41%
2026-03-25 23:41:10 - __main__ - INFO - Variant [original] done — test acc 61.41%, test loss 1.9673
2026-03-25 23:41:10 - __main__ - INFO - 
============================================================
2026-03-25 23:41:10 - __main__ - INFO - Training output model: densenet121 [low_saliency]
2026-03-25 23:41:10 - __main__ - INFO -   Resolved config → opt=sgd, lr=0.1, wd=0.0001, bs=128, epochs=100, scheduler=cosine, warmup=5
2026-03-25 23:41:10 - __main__ - INFO - ============================================================
2026-03-25 23:41:10 - __main__ - INFO -   Validation during training uses variant split with val_split=0.1
2026-03-25 23:41:10 - __main__ - INFO -   Final test uses low_saliency variant test split
2026-03-25 23:41:10 - __main__ - INFO - device: cuda | cuda: True | gpu: NVIDIA L4
2026-03-25 23:41:11 - __main__ - INFO - Model: densenet121 | Dataset: cifar100 | Classes: 100 | Optimizer: sgd
2026-03-25 23:41:11 - __main__ - INFO - 
Epoch 1/100 | lr 0.000100
2026-03-25 23:41:31 - __main__ - INFO - Train: loss 4.6352 acc1 1.39%
2026-03-25 23:41:31 - __main__ - INFO - Val:   loss 4.5815 acc1 1.99%
2026-03-25 23:41:31 - __main__ - INFO - saved best: 1.99%
2026-03-25 23:41:31 - __main__ - INFO - 
Epoch 2/100 | lr 0.020080
2026-03-25 23:41:51 - __main__ - INFO - Train: loss 3.8407 acc1 11.27%
2026-03-25 23:41:51 - __main__ - INFO - Val:   loss 3.4790 acc1 18.11%
2026-03-25 23:41:52 - __main__ - INFO - saved best: 18.11%
2026-03-25 23:41:52 - __main__ - INFO - 
Epoch 3/100 | lr 0.040060
2026-03-25 23:42:11 - __main__ - INFO - Train: loss 3.3663 acc1 19.45%
2026-03-25 23:42:11 - __main__ - INFO - Val:   loss 3.1264 acc1 23.98%
2026-03-25 23:42:11 - __main__ - INFO - saved best: 23.98%
2026-03-25 23:42:11 - __main__ - INFO - 
Epoch 4/100 | lr 0.060040
2026-03-25 23:42:31 - __main__ - INFO - Train: loss 3.0010 acc1 25.62%
2026-03-25 23:42:31 - __main__ - INFO - Val:   loss 2.8831 acc1 28.64%
2026-03-25 23:42:31 - __main__ - INFO - saved best: 28.64%
2026-03-25 23:42:31 - __main__ - INFO - 
Epoch 5/100 | lr 0.080020
2026-03-25 23:42:52 - __main__ - INFO - Train: loss 2.6956 acc1 31.26%
2026-03-25 23:42:52 - __main__ - INFO - Val:   loss 2.5961 acc1 33.73%
2026-03-25 23:42:52 - __main__ - INFO - saved best: 33.73%
2026-03-25 23:42:52 - __main__ - INFO - 
Epoch 6/100 | lr 0.100000
2026-03-25 23:43:12 - __main__ - INFO - Train: loss 2.4594 acc1 35.80%
2026-03-25 23:43:12 - __main__ - INFO - Val:   loss 2.6213 acc1 34.14%
2026-03-25 23:43:12 - __main__ - INFO - saved best: 34.14%
2026-03-25 23:43:12 - __main__ - INFO - 
Epoch 7/100 | lr 0.099973
2026-03-25 23:43:32 - __main__ - INFO - Train: loss 2.2066 acc1 41.21%
2026-03-25 23:43:32 - __main__ - INFO - Val:   loss 2.4561 acc1 37.68%
2026-03-25 23:43:32 - __main__ - INFO - saved best: 37.68%
2026-03-25 23:43:32 - __main__ - INFO - 
Epoch 8/100 | lr 0.099891
2026-03-25 23:43:52 - __main__ - INFO - Train: loss 2.0211 acc1 45.25%
2026-03-25 23:43:52 - __main__ - INFO - Val:   loss 2.1854 acc1 43.82%
2026-03-25 23:43:52 - __main__ - INFO - saved best: 43.82%
2026-03-25 23:43:52 - __main__ - INFO - 
Epoch 9/100 | lr 0.099754
2026-03-25 23:44:12 - __main__ - INFO - Train: loss 1.8778 acc1 48.63%
2026-03-25 23:44:12 - __main__ - INFO - Val:   loss 2.1132 acc1 45.04%
2026-03-25 23:44:12 - __main__ - INFO - saved best: 45.04%
2026-03-25 23:44:12 - __main__ - INFO - 
Epoch 10/100 | lr 0.099563
2026-03-25 23:44:32 - __main__ - INFO - Train: loss 1.7458 acc1 51.52%
2026-03-25 23:44:32 - __main__ - INFO - Val:   loss 2.1443 acc1 44.13%
2026-03-25 23:44:32 - __main__ - INFO - 
Epoch 11/100 | lr 0.099318
2026-03-25 23:44:52 - __main__ - INFO - Train: loss 1.6378 acc1 54.25%
2026-03-25 23:44:52 - __main__ - INFO - Val:   loss 2.0099 acc1 47.15%
2026-03-25 23:44:52 - __main__ - INFO - saved best: 47.15%
2026-03-25 23:44:52 - __main__ - INFO - 
Epoch 12/100 | lr 0.099019
2026-03-25 23:45:12 - __main__ - INFO - Train: loss 1.5521 acc1 56.26%
2026-03-25 23:45:12 - __main__ - INFO - Val:   loss 2.0024 acc1 48.60%
2026-03-25 23:45:12 - __main__ - INFO - saved best: 48.60%
2026-03-25 23:45:12 - __main__ - INFO - 
Epoch 13/100 | lr 0.098666
2026-03-25 23:45:32 - __main__ - INFO - Train: loss 1.4754 acc1 57.89%
2026-03-25 23:45:32 - __main__ - INFO - Val:   loss 1.9051 acc1 50.01%
2026-03-25 23:45:32 - __main__ - INFO - saved best: 50.01%
2026-03-25 23:45:32 - __main__ - INFO - 
Epoch 14/100 | lr 0.098261
2026-03-25 23:45:52 - __main__ - INFO - Train: loss 1.3847 acc1 60.12%
2026-03-25 23:45:52 - __main__ - INFO - Val:   loss 1.9263 acc1 50.48%
2026-03-25 23:45:52 - __main__ - INFO - saved best: 50.48%
2026-03-25 23:45:52 - __main__ - INFO - 
Epoch 15/100 | lr 0.097802
2026-03-25 23:46:12 - __main__ - INFO - Train: loss 1.3304 acc1 61.54%
2026-03-25 23:46:12 - __main__ - INFO - Val:   loss 1.8826 acc1 50.57%
2026-03-25 23:46:12 - __main__ - INFO - saved best: 50.57%
2026-03-25 23:46:12 - __main__ - INFO - 
Epoch 16/100 | lr 0.097291
2026-03-25 23:46:32 - __main__ - INFO - Train: loss 1.2575 acc1 63.32%
2026-03-25 23:46:32 - __main__ - INFO - Val:   loss 1.8956 acc1 50.63%
2026-03-25 23:46:32 - __main__ - INFO - saved best: 50.63%
2026-03-25 23:46:32 - __main__ - INFO - 
Epoch 17/100 | lr 0.096729
2026-03-25 23:46:51 - __main__ - INFO - Train: loss 1.1969 acc1 64.69%
2026-03-25 23:46:51 - __main__ - INFO - Val:   loss 1.8523 acc1 52.90%
2026-03-25 23:46:51 - __main__ - INFO - saved best: 52.90%
2026-03-25 23:46:51 - __main__ - INFO - 
Epoch 18/100 | lr 0.096115
2026-03-25 23:47:12 - __main__ - INFO - Train: loss 1.1374 acc1 66.24%
2026-03-25 23:47:12 - __main__ - INFO - Val:   loss 1.9555 acc1 50.71%
2026-03-25 23:47:12 - __main__ - INFO - 
Epoch 19/100 | lr 0.095451
2026-03-25 23:47:32 - __main__ - INFO - Train: loss 1.0919 acc1 67.53%
2026-03-25 23:47:32 - __main__ - INFO - Val:   loss 1.8737 acc1 51.77%
2026-03-25 23:47:32 - __main__ - INFO - 
Epoch 20/100 | lr 0.094737
2026-03-25 23:47:52 - __main__ - INFO - Train: loss 1.0282 acc1 68.98%
2026-03-25 23:47:52 - __main__ - INFO - Val:   loss 1.9181 acc1 52.02%
2026-03-25 23:47:52 - __main__ - INFO - 
Epoch 21/100 | lr 0.093974
2026-03-25 23:48:12 - __main__ - INFO - Train: loss 0.9724 acc1 70.67%
2026-03-25 23:48:12 - __main__ - INFO - Val:   loss 1.8272 acc1 53.63%
2026-03-25 23:48:12 - __main__ - INFO - saved best: 53.63%
2026-03-25 23:48:12 - __main__ - INFO - 
Epoch 22/100 | lr 0.093164
2026-03-25 23:48:32 - __main__ - INFO - Train: loss 0.9367 acc1 71.62%
2026-03-25 23:48:32 - __main__ - INFO - Val:   loss 1.9263 acc1 52.11%
2026-03-25 23:48:32 - __main__ - INFO - 
Epoch 23/100 | lr 0.092306
2026-03-25 23:48:52 - __main__ - INFO - Train: loss 0.8848 acc1 73.16%
2026-03-25 23:48:52 - __main__ - INFO - Val:   loss 1.8689 acc1 53.54%
2026-03-25 23:48:52 - __main__ - INFO - 
Epoch 24/100 | lr 0.091401
2026-03-25 23:49:12 - __main__ - INFO - Train: loss 0.8478 acc1 73.79%
2026-03-25 23:49:12 - __main__ - INFO - Val:   loss 1.9603 acc1 53.05%
2026-03-25 23:49:12 - __main__ - INFO - 
Epoch 25/100 | lr 0.090452
2026-03-25 23:49:32 - __main__ - INFO - Train: loss 0.7914 acc1 75.53%
2026-03-25 23:49:32 - __main__ - INFO - Val:   loss 1.9773 acc1 53.57%
2026-03-25 23:49:32 - __main__ - INFO - 
Epoch 26/100 | lr 0.089458
2026-03-25 23:49:52 - __main__ - INFO - Train: loss 0.7553 acc1 76.53%
2026-03-25 23:49:52 - __main__ - INFO - Val:   loss 1.9904 acc1 53.13%
2026-03-25 23:49:52 - __main__ - INFO - 
Epoch 27/100 | lr 0.088421
2026-03-25 23:50:12 - __main__ - INFO - Train: loss 0.7303 acc1 77.06%
2026-03-25 23:50:12 - __main__ - INFO - Val:   loss 1.9791 acc1 54.39%
2026-03-25 23:50:12 - __main__ - INFO - saved best: 54.39%
2026-03-25 23:50:12 - __main__ - INFO - 
Epoch 28/100 | lr 0.087342
2026-03-25 23:50:32 - __main__ - INFO - Train: loss 0.6931 acc1 78.08%
2026-03-25 23:50:32 - __main__ - INFO - Val:   loss 1.9382 acc1 55.20%
2026-03-25 23:50:32 - __main__ - INFO - saved best: 55.20%
2026-03-25 23:50:32 - __main__ - INFO - 
Epoch 29/100 | lr 0.086223
2026-03-25 23:50:52 - __main__ - INFO - Train: loss 0.6534 acc1 79.36%
2026-03-25 23:50:52 - __main__ - INFO - Val:   loss 2.0133 acc1 54.18%
2026-03-25 23:50:52 - __main__ - INFO - 
Epoch 30/100 | lr 0.085063
2026-03-25 23:51:13 - __main__ - INFO - Train: loss 0.6069 acc1 80.49%
2026-03-25 23:51:13 - __main__ - INFO - Val:   loss 2.0617 acc1 53.28%
2026-03-25 23:51:13 - __main__ - INFO - 
Epoch 31/100 | lr 0.083866
2026-03-25 23:51:32 - __main__ - INFO - Train: loss 0.5861 acc1 81.20%
2026-03-25 23:51:32 - __main__ - INFO - Val:   loss 2.0922 acc1 54.61%
2026-03-25 23:51:32 - __main__ - INFO - 
Epoch 32/100 | lr 0.082631
2026-03-25 23:51:52 - __main__ - INFO - Train: loss 0.5487 acc1 82.40%
2026-03-25 23:51:52 - __main__ - INFO - Val:   loss 2.0282 acc1 55.42%
2026-03-25 23:51:52 - __main__ - INFO - saved best: 55.42%
2026-03-25 23:51:52 - __main__ - INFO - 
Epoch 33/100 | lr 0.081361
2026-03-25 23:52:12 - __main__ - INFO - Train: loss 0.5149 acc1 83.48%
2026-03-25 23:52:12 - __main__ - INFO - Val:   loss 2.0331 acc1 55.24%
2026-03-25 23:52:12 - __main__ - INFO - 
Epoch 34/100 | lr 0.080056
2026-03-25 23:52:32 - __main__ - INFO - Train: loss 0.4904 acc1 84.40%
2026-03-25 23:52:32 - __main__ - INFO - Val:   loss 2.1024 acc1 54.74%
2026-03-25 23:52:32 - __main__ - INFO - 
Epoch 35/100 | lr 0.078719
2026-03-25 23:52:52 - __main__ - INFO - Train: loss 0.4641 acc1 85.01%
2026-03-25 23:52:52 - __main__ - INFO - Val:   loss 2.1849 acc1 54.13%
2026-03-25 23:52:52 - __main__ - INFO - 
Epoch 36/100 | lr 0.077350
2026-03-25 23:53:12 - __main__ - INFO - Train: loss 0.4322 acc1 86.08%
2026-03-25 23:53:12 - __main__ - INFO - Val:   loss 2.0400 acc1 55.76%
2026-03-25 23:53:12 - __main__ - INFO - saved best: 55.76%
2026-03-25 23:53:12 - __main__ - INFO - 
Epoch 37/100 | lr 0.075951
2026-03-25 23:53:32 - __main__ - INFO - Train: loss 0.4041 acc1 86.98%
2026-03-25 23:53:32 - __main__ - INFO - Val:   loss 2.1345 acc1 54.11%
2026-03-25 23:53:32 - __main__ - INFO - 
Epoch 38/100 | lr 0.074524
2026-03-25 23:53:53 - __main__ - INFO - Train: loss 0.3844 acc1 87.48%
2026-03-25 23:53:53 - __main__ - INFO - Val:   loss 2.1496 acc1 55.99%
2026-03-25 23:53:53 - __main__ - INFO - saved best: 55.99%
2026-03-25 23:53:53 - __main__ - INFO - 
Epoch 39/100 | lr 0.073070
2026-03-25 23:54:13 - __main__ - INFO - Train: loss 0.3666 acc1 88.31%
2026-03-25 23:54:13 - __main__ - INFO - Val:   loss 2.1263 acc1 55.89%
2026-03-25 23:54:13 - __main__ - INFO - 
Epoch 40/100 | lr 0.071591
2026-03-25 23:54:33 - __main__ - INFO - Train: loss 0.3360 acc1 89.07%
2026-03-25 23:54:33 - __main__ - INFO - Val:   loss 2.1796 acc1 55.33%
2026-03-25 23:54:33 - __main__ - INFO - 
Epoch 41/100 | lr 0.070088
2026-03-25 23:54:53 - __main__ - INFO - Train: loss 0.3200 acc1 89.78%
2026-03-25 23:54:53 - __main__ - INFO - Val:   loss 2.1995 acc1 55.51%
2026-03-25 23:54:53 - __main__ - INFO - 
Epoch 42/100 | lr 0.068563
2026-03-25 23:55:13 - __main__ - INFO - Train: loss 0.2993 acc1 90.35%
2026-03-25 23:55:13 - __main__ - INFO - Val:   loss 2.1528 acc1 56.64%
2026-03-25 23:55:13 - __main__ - INFO - saved best: 56.64%
2026-03-25 23:55:13 - __main__ - INFO - 
Epoch 43/100 | lr 0.067018
2026-03-25 23:55:33 - __main__ - INFO - Train: loss 0.2857 acc1 90.68%
2026-03-25 23:55:33 - __main__ - INFO - Val:   loss 2.1769 acc1 55.86%
2026-03-25 23:55:33 - __main__ - INFO - 
Epoch 44/100 | lr 0.065454
2026-03-25 23:55:53 - __main__ - INFO - Train: loss 0.2617 acc1 91.58%
2026-03-25 23:55:53 - __main__ - INFO - Val:   loss 2.2140 acc1 56.58%
2026-03-25 23:55:53 - __main__ - INFO - 
Epoch 45/100 | lr 0.063874
2026-03-25 23:56:13 - __main__ - INFO - Train: loss 0.2366 acc1 92.52%
2026-03-25 23:56:13 - __main__ - INFO - Val:   loss 2.1902 acc1 56.10%
2026-03-25 23:56:13 - __main__ - INFO - 
Epoch 46/100 | lr 0.062278
2026-03-25 23:56:33 - __main__ - INFO - Train: loss 0.2161 acc1 93.05%
2026-03-25 23:56:33 - __main__ - INFO - Val:   loss 2.2393 acc1 55.89%
2026-03-25 23:56:33 - __main__ - INFO - 
Epoch 47/100 | lr 0.060669
2026-03-25 23:56:53 - __main__ - INFO - Train: loss 0.2162 acc1 93.06%
2026-03-25 23:56:53 - __main__ - INFO - Val:   loss 2.2553 acc1 55.82%
2026-03-25 23:56:53 - __main__ - INFO - 
Epoch 48/100 | lr 0.059048
2026-03-25 23:57:13 - __main__ - INFO - Train: loss 0.2069 acc1 93.29%
2026-03-25 23:57:13 - __main__ - INFO - Val:   loss 2.2074 acc1 56.35%
2026-03-25 23:57:13 - __main__ - INFO - 
Epoch 49/100 | lr 0.057417
2026-03-25 23:57:33 - __main__ - INFO - Train: loss 0.1763 acc1 94.41%
2026-03-25 23:57:33 - __main__ - INFO - Val:   loss 2.1850 acc1 57.76%
2026-03-25 23:57:33 - __main__ - INFO - saved best: 57.76%
2026-03-25 23:57:33 - __main__ - INFO - 
Epoch 50/100 | lr 0.055779
2026-03-25 23:57:53 - __main__ - INFO - Train: loss 0.1607 acc1 95.08%
2026-03-25 23:57:53 - __main__ - INFO - Val:   loss 2.1699 acc1 58.02%
2026-03-25 23:57:53 - __main__ - INFO - saved best: 58.02%
2026-03-25 23:57:53 - __main__ - INFO - 
Epoch 51/100 | lr 0.054134
2026-03-25 23:58:13 - __main__ - INFO - Train: loss 0.1315 acc1 95.98%
2026-03-25 23:58:13 - __main__ - INFO - Val:   loss 2.2411 acc1 56.44%
2026-03-25 23:58:13 - __main__ - INFO - 
Epoch 52/100 | lr 0.052484
2026-03-25 23:58:33 - __main__ - INFO - Train: loss 0.1321 acc1 95.93%
2026-03-25 23:58:33 - __main__ - INFO - Val:   loss 2.2033 acc1 57.69%
2026-03-25 23:58:33 - __main__ - INFO - 
Epoch 53/100 | lr 0.050832
2026-03-25 23:58:53 - __main__ - INFO - Train: loss 0.1182 acc1 96.44%
2026-03-25 23:58:53 - __main__ - INFO - Val:   loss 2.2299 acc1 58.30%
2026-03-25 23:58:54 - __main__ - INFO - saved best: 58.30%
2026-03-25 23:58:54 - __main__ - INFO - 
Epoch 54/100 | lr 0.049178
2026-03-25 23:59:14 - __main__ - INFO - Train: loss 0.1068 acc1 96.72%
2026-03-25 23:59:14 - __main__ - INFO - Val:   loss 2.2252 acc1 58.08%
2026-03-25 23:59:14 - __main__ - INFO - 
Epoch 55/100 | lr 0.047526
2026-03-25 23:59:34 - __main__ - INFO - Train: loss 0.0947 acc1 97.25%
2026-03-25 23:59:34 - __main__ - INFO - Val:   loss 2.1611 acc1 58.60%
2026-03-25 23:59:34 - __main__ - INFO - saved best: 58.60%
2026-03-25 23:59:34 - __main__ - INFO - 
Epoch 56/100 | lr 0.045876
2026-03-25 23:59:54 - __main__ - INFO - Train: loss 0.0840 acc1 97.62%
2026-03-25 23:59:54 - __main__ - INFO - Val:   loss 2.1512 acc1 58.79%
2026-03-25 23:59:54 - __main__ - INFO - saved best: 58.79%
2026-03-25 23:59:54 - __main__ - INFO - 
Epoch 57/100 | lr 0.044231
2026-03-26 00:00:14 - __main__ - INFO - Train: loss 0.0684 acc1 98.13%
2026-03-26 00:00:14 - __main__ - INFO - Val:   loss 2.1434 acc1 60.47%
2026-03-26 00:00:14 - __main__ - INFO - saved best: 60.47%
2026-03-26 00:00:14 - __main__ - INFO - 
Epoch 58/100 | lr 0.042593
2026-03-26 00:00:34 - __main__ - INFO - Train: loss 0.0547 acc1 98.55%
2026-03-26 00:00:34 - __main__ - INFO - Val:   loss 2.1332 acc1 59.88%
2026-03-26 00:00:34 - __main__ - INFO - 
Epoch 59/100 | lr 0.040962
2026-03-26 00:00:54 - __main__ - INFO - Train: loss 0.0496 acc1 98.73%
2026-03-26 00:00:54 - __main__ - INFO - Val:   loss 2.1129 acc1 60.46%
2026-03-26 00:00:54 - __main__ - INFO - 
Epoch 60/100 | lr 0.039341
2026-03-26 00:01:14 - __main__ - INFO - Train: loss 0.0411 acc1 98.96%
2026-03-26 00:01:14 - __main__ - INFO - Val:   loss 2.0756 acc1 61.17%
2026-03-26 00:01:14 - __main__ - INFO - saved best: 61.17%
2026-03-26 00:01:14 - __main__ - INFO - 
Epoch 61/100 | lr 0.037732
2026-03-26 00:01:33 - __main__ - INFO - Train: loss 0.0319 acc1 99.27%
2026-03-26 00:01:33 - __main__ - INFO - Val:   loss 2.0672 acc1 61.15%
2026-03-26 00:01:33 - __main__ - INFO - 
Epoch 62/100 | lr 0.036136
2026-03-26 00:01:53 - __main__ - INFO - Train: loss 0.0308 acc1 99.32%
2026-03-26 00:01:53 - __main__ - INFO - Val:   loss 2.0570 acc1 61.35%
2026-03-26 00:01:53 - __main__ - INFO - saved best: 61.35%
2026-03-26 00:01:53 - __main__ - INFO - 
Epoch 63/100 | lr 0.034556
2026-03-26 00:02:14 - __main__ - INFO - Train: loss 0.0246 acc1 99.42%
2026-03-26 00:02:14 - __main__ - INFO - Val:   loss 2.0410 acc1 61.12%
2026-03-26 00:02:14 - __main__ - INFO - 
Epoch 64/100 | lr 0.032992
2026-03-26 00:02:34 - __main__ - INFO - Train: loss 0.0201 acc1 99.67%
2026-03-26 00:02:34 - __main__ - INFO - Val:   loss 2.0380 acc1 61.79%
2026-03-26 00:02:34 - __main__ - INFO - saved best: 61.79%
2026-03-26 00:02:34 - __main__ - INFO - 
Epoch 65/100 | lr 0.031447
2026-03-26 00:02:54 - __main__ - INFO - Train: loss 0.0168 acc1 99.73%
2026-03-26 00:02:54 - __main__ - INFO - Val:   loss 2.0224 acc1 61.51%
2026-03-26 00:02:54 - __main__ - INFO - 
Epoch 66/100 | lr 0.029922
2026-03-26 00:03:13 - __main__ - INFO - Train: loss 0.0145 acc1 99.76%
2026-03-26 00:03:13 - __main__ - INFO - Val:   loss 2.0027 acc1 61.80%
2026-03-26 00:03:13 - __main__ - INFO - saved best: 61.80%
2026-03-26 00:03:13 - __main__ - INFO - 
Epoch 67/100 | lr 0.028419
2026-03-26 00:03:34 - __main__ - INFO - Train: loss 0.0130 acc1 99.83%
2026-03-26 00:03:34 - __main__ - INFO - Val:   loss 1.9910 acc1 61.51%
2026-03-26 00:03:34 - __main__ - INFO - 
Epoch 68/100 | lr 0.026940
2026-03-26 00:03:54 - __main__ - INFO - Train: loss 0.0121 acc1 99.82%
2026-03-26 00:03:54 - __main__ - INFO - Val:   loss 1.9820 acc1 61.73%
2026-03-26 00:03:54 - __main__ - INFO - 
Epoch 69/100 | lr 0.025486
2026-03-26 00:04:14 - __main__ - INFO - Train: loss 0.0112 acc1 99.85%
2026-03-26 00:04:14 - __main__ - INFO - Val:   loss 1.9517 acc1 63.02%
2026-03-26 00:04:14 - __main__ - INFO - saved best: 63.02%
2026-03-26 00:04:14 - __main__ - INFO - 
Epoch 70/100 | lr 0.024059
2026-03-26 00:04:34 - __main__ - INFO - Train: loss 0.0094 acc1 99.91%
2026-03-26 00:04:34 - __main__ - INFO - Val:   loss 1.9565 acc1 62.48%
2026-03-26 00:04:34 - __main__ - INFO - 
Epoch 71/100 | lr 0.022660
2026-03-26 00:04:54 - __main__ - INFO - Train: loss 0.0082 acc1 99.91%
2026-03-26 00:04:54 - __main__ - INFO - Val:   loss 1.9421 acc1 62.85%
2026-03-26 00:04:54 - __main__ - INFO - 
Epoch 72/100 | lr 0.021291
2026-03-26 00:05:14 - __main__ - INFO - Train: loss 0.0085 acc1 99.89%
2026-03-26 00:05:14 - __main__ - INFO - Val:   loss 1.9182 acc1 63.21%
2026-03-26 00:05:14 - __main__ - INFO - saved best: 63.21%
2026-03-26 00:05:14 - __main__ - INFO - 
Epoch 73/100 | lr 0.019954
2026-03-26 00:05:34 - __main__ - INFO - Train: loss 0.0082 acc1 99.90%
2026-03-26 00:05:34 - __main__ - INFO - Val:   loss 1.9083 acc1 63.47%
2026-03-26 00:05:34 - __main__ - INFO - saved best: 63.47%
2026-03-26 00:05:34 - __main__ - INFO - 
Epoch 74/100 | lr 0.018649
2026-03-26 00:05:54 - __main__ - INFO - Train: loss 0.0078 acc1 99.92%
2026-03-26 00:05:54 - __main__ - INFO - Val:   loss 1.9202 acc1 62.93%
2026-03-26 00:05:54 - __main__ - INFO - 
Epoch 75/100 | lr 0.017379
2026-03-26 00:06:14 - __main__ - INFO - Train: loss 0.0067 acc1 99.94%
2026-03-26 00:06:14 - __main__ - INFO - Val:   loss 1.9099 acc1 63.17%
2026-03-26 00:06:14 - __main__ - INFO - 
Epoch 76/100 | lr 0.016144
2026-03-26 00:06:35 - __main__ - INFO - Train: loss 0.0063 acc1 99.94%
2026-03-26 00:06:35 - __main__ - INFO - Val:   loss 1.8882 acc1 63.11%
2026-03-26 00:06:35 - __main__ - INFO - 
Epoch 77/100 | lr 0.014947
2026-03-26 00:06:55 - __main__ - INFO - Train: loss 0.0062 acc1 99.96%
2026-03-26 00:06:55 - __main__ - INFO - Val:   loss 1.8955 acc1 63.01%
2026-03-26 00:06:55 - __main__ - INFO - 
Epoch 78/100 | lr 0.013787
2026-03-26 00:07:15 - __main__ - INFO - Train: loss 0.0057 acc1 99.95%
2026-03-26 00:07:15 - __main__ - INFO - Val:   loss 1.8845 acc1 63.17%
2026-03-26 00:07:15 - __main__ - INFO - 
Epoch 79/100 | lr 0.012668
2026-03-26 00:07:34 - __main__ - INFO - Train: loss 0.0058 acc1 99.96%
2026-03-26 00:07:34 - __main__ - INFO - Val:   loss 1.8755 acc1 63.16%
2026-03-26 00:07:34 - __main__ - INFO - 
Epoch 80/100 | lr 0.011589
2026-03-26 00:07:55 - __main__ - INFO - Train: loss 0.0053 acc1 99.97%
2026-03-26 00:07:55 - __main__ - INFO - Val:   loss 1.8640 acc1 63.17%
2026-03-26 00:07:55 - __main__ - INFO - 
Epoch 81/100 | lr 0.010552
2026-03-26 00:08:15 - __main__ - INFO - Train: loss 0.0055 acc1 99.96%
2026-03-26 00:08:15 - __main__ - INFO - Val:   loss 1.8747 acc1 63.36%
2026-03-26 00:08:15 - __main__ - INFO - 
Epoch 82/100 | lr 0.009558
2026-03-26 00:08:35 - __main__ - INFO - Train: loss 0.0054 acc1 99.96%
2026-03-26 00:08:35 - __main__ - INFO - Val:   loss 1.8718 acc1 63.38%
2026-03-26 00:08:35 - __main__ - INFO - 
Epoch 83/100 | lr 0.008609
2026-03-26 00:08:55 - __main__ - INFO - Train: loss 0.0050 acc1 99.97%
2026-03-26 00:08:55 - __main__ - INFO - Val:   loss 1.8625 acc1 63.43%
2026-03-26 00:08:55 - __main__ - INFO - 
Epoch 84/100 | lr 0.007704
2026-03-26 00:09:15 - __main__ - INFO - Train: loss 0.0050 acc1 99.98%
2026-03-26 00:09:15 - __main__ - INFO - Val:   loss 1.8610 acc1 63.30%
2026-03-26 00:09:15 - __main__ - INFO - 
Epoch 85/100 | lr 0.006846
2026-03-26 00:09:35 - __main__ - INFO - Train: loss 0.0047 acc1 99.97%
2026-03-26 00:09:35 - __main__ - INFO - Val:   loss 1.8530 acc1 63.37%
2026-03-26 00:09:35 - __main__ - INFO - 
Epoch 86/100 | lr 0.006036
2026-03-26 00:09:55 - __main__ - INFO - Train: loss 0.0047 acc1 99.97%
2026-03-26 00:09:55 - __main__ - INFO - Val:   loss 1.8545 acc1 63.43%
2026-03-26 00:09:55 - __main__ - INFO - 
Epoch 87/100 | lr 0.005273
2026-03-26 00:10:15 - __main__ - INFO - Train: loss 0.0048 acc1 99.97%
2026-03-26 00:10:15 - __main__ - INFO - Val:   loss 1.8542 acc1 63.10%
2026-03-26 00:10:15 - __main__ - INFO - 
Epoch 88/100 | lr 0.004559
2026-03-26 00:10:35 - __main__ - INFO - Train: loss 0.0047 acc1 99.96%
2026-03-26 00:10:35 - __main__ - INFO - Val:   loss 1.8469 acc1 63.34%
2026-03-26 00:10:35 - __main__ - INFO - 
Epoch 89/100 | lr 0.003895
2026-03-26 00:10:55 - __main__ - INFO - Train: loss 0.0047 acc1 99.97%
2026-03-26 00:10:55 - __main__ - INFO - Val:   loss 1.8511 acc1 63.47%
2026-03-26 00:10:55 - __main__ - INFO - saved best: 63.47%
2026-03-26 00:10:55 - __main__ - INFO - 
Epoch 90/100 | lr 0.003281
2026-03-26 00:11:15 - __main__ - INFO - Train: loss 0.0046 acc1 99.97%
2026-03-26 00:11:15 - __main__ - INFO - Val:   loss 1.8479 acc1 63.36%
2026-03-26 00:11:15 - __main__ - INFO - 
Epoch 91/100 | lr 0.002719
2026-03-26 00:11:35 - __main__ - INFO - Train: loss 0.0043 acc1 99.98%
2026-03-26 00:11:35 - __main__ - INFO - Val:   loss 1.8500 acc1 63.34%
2026-03-26 00:11:35 - __main__ - INFO - 
Epoch 92/100 | lr 0.002208
2026-03-26 00:11:55 - __main__ - INFO - Train: loss 0.0046 acc1 99.98%
2026-03-26 00:11:55 - __main__ - INFO - Val:   loss 1.8435 acc1 63.50%
2026-03-26 00:11:55 - __main__ - INFO - saved best: 63.50%
2026-03-26 00:11:55 - __main__ - INFO - 
Epoch 93/100 | lr 0.001749
2026-03-26 00:12:15 - __main__ - INFO - Train: loss 0.0044 acc1 99.99%
2026-03-26 00:12:15 - __main__ - INFO - Val:   loss 1.8478 acc1 63.42%
2026-03-26 00:12:15 - __main__ - INFO - 
Epoch 94/100 | lr 0.001344
2026-03-26 00:12:35 - __main__ - INFO - Train: loss 0.0044 acc1 99.98%
2026-03-26 00:12:35 - __main__ - INFO - Val:   loss 1.8469 acc1 63.37%
2026-03-26 00:12:35 - __main__ - INFO - 
Epoch 95/100 | lr 0.000991
2026-03-26 00:12:55 - __main__ - INFO - Train: loss 0.0045 acc1 99.98%
2026-03-26 00:12:55 - __main__ - INFO - Val:   loss 1.8446 acc1 63.43%
2026-03-26 00:12:55 - __main__ - INFO - 
Epoch 96/100 | lr 0.000692
2026-03-26 00:13:15 - __main__ - INFO - Train: loss 0.0044 acc1 99.98%
2026-03-26 00:13:15 - __main__ - INFO - Val:   loss 1.8408 acc1 63.48%
2026-03-26 00:13:15 - __main__ - INFO - 
Epoch 97/100 | lr 0.000447
2026-03-26 00:13:35 - __main__ - INFO - Train: loss 0.0042 acc1 99.99%
2026-03-26 00:13:35 - __main__ - INFO - Val:   loss 1.8404 acc1 63.65%
2026-03-26 00:13:35 - __main__ - INFO - saved best: 63.65%
2026-03-26 00:13:35 - __main__ - INFO - 
Epoch 98/100 | lr 0.000256
2026-03-26 00:13:55 - __main__ - INFO - Train: loss 0.0043 acc1 99.98%
2026-03-26 00:13:55 - __main__ - INFO - Val:   loss 1.8381 acc1 63.49%
2026-03-26 00:13:55 - __main__ - INFO - 
Epoch 99/100 | lr 0.000119
2026-03-26 00:14:15 - __main__ - INFO - Train: loss 0.0042 acc1 99.98%
2026-03-26 00:14:15 - __main__ - INFO - Val:   loss 1.8434 acc1 63.43%
2026-03-26 00:14:15 - __main__ - INFO - 
Epoch 100/100 | lr 0.000037
2026-03-26 00:14:35 - __main__ - INFO - Train: loss 0.0041 acc1 99.98%
2026-03-26 00:14:35 - __main__ - INFO - Val:   loss 1.8454 acc1 63.25%
2026-03-26 00:14:35 - __main__ - INFO - Loaded best checkpoint weights for final test evaluation.
2026-03-26 00:14:37 - __main__ - INFO - 
Best tracked (val): 63.65%
2026-03-26 00:14:37 - __main__ - INFO - Final test: loss 2.0634 acc1 61.82%
2026-03-26 00:14:40 - __main__ - INFO - Variant [low_saliency] done — test acc 61.82%, test loss 2.0634
2026-03-26 00:14:40 - __main__ - INFO - 
============================================================
2026-03-26 00:14:40 - __main__ - INFO - Training output model: densenet121 [random_sparsity]
2026-03-26 00:14:40 - __main__ - INFO -   Resolved config → opt=sgd, lr=0.1, wd=0.0001, bs=128, epochs=100, scheduler=cosine, warmup=5
2026-03-26 00:14:40 - __main__ - INFO - ============================================================
2026-03-26 00:14:40 - __main__ - INFO -   Validation during training uses variant split with val_split=0.1
2026-03-26 00:14:40 - __main__ - INFO -   Final test uses random_sparsity variant test split
2026-03-26 00:14:41 - __main__ - INFO - device: cuda | cuda: True | gpu: NVIDIA L4
2026-03-26 00:14:41 - __main__ - INFO - Model: densenet121 | Dataset: cifar100 | Classes: 100 | Optimizer: sgd
2026-03-26 00:14:41 - __main__ - INFO - 
Epoch 1/100 | lr 0.000100
2026-03-26 00:15:01 - __main__ - INFO - Train: loss 4.6369 acc1 1.35%
2026-03-26 00:15:01 - __main__ - INFO - Val:   loss 4.5895 acc1 1.99%
2026-03-26 00:15:01 - __main__ - INFO - saved best: 1.99%
2026-03-26 00:15:01 - __main__ - INFO - 
Epoch 2/100 | lr 0.020080
2026-03-26 00:15:21 - __main__ - INFO - Train: loss 3.9490 acc1 9.55%
2026-03-26 00:15:21 - __main__ - INFO - Val:   loss 3.6628 acc1 15.36%
2026-03-26 00:15:21 - __main__ - INFO - saved best: 15.36%
2026-03-26 00:15:21 - __main__ - INFO - 
Epoch 3/100 | lr 0.040060
2026-03-26 00:15:41 - __main__ - INFO - Train: loss 3.5553 acc1 15.89%
2026-03-26 00:15:41 - __main__ - INFO - Val:   loss 3.3774 acc1 19.23%
2026-03-26 00:15:41 - __main__ - INFO - saved best: 19.23%
2026-03-26 00:15:41 - __main__ - INFO - 
Epoch 4/100 | lr 0.060040
2026-03-26 00:16:01 - __main__ - INFO - Train: loss 3.2371 acc1 21.33%
2026-03-26 00:16:01 - __main__ - INFO - Val:   loss 3.1722 acc1 22.66%
2026-03-26 00:16:01 - __main__ - INFO - saved best: 22.66%
2026-03-26 00:16:01 - __main__ - INFO - 
Epoch 5/100 | lr 0.080020
2026-03-26 00:16:21 - __main__ - INFO - Train: loss 2.9954 acc1 25.45%
2026-03-26 00:16:21 - __main__ - INFO - Val:   loss 2.9552 acc1 27.69%
2026-03-26 00:16:21 - __main__ - INFO - saved best: 27.69%
2026-03-26 00:16:21 - __main__ - INFO - 
Epoch 6/100 | lr 0.100000
2026-03-26 00:16:42 - __main__ - INFO - Train: loss 2.8009 acc1 29.14%
2026-03-26 00:16:42 - __main__ - INFO - Val:   loss 2.9637 acc1 27.73%
2026-03-26 00:16:42 - __main__ - INFO - saved best: 27.73%
2026-03-26 00:16:42 - __main__ - INFO - 
Epoch 7/100 | lr 0.099973
2026-03-26 00:17:02 - __main__ - INFO - Train: loss 2.6037 acc1 32.76%
2026-03-26 00:17:02 - __main__ - INFO - Val:   loss 2.7701 acc1 31.05%
2026-03-26 00:17:02 - __main__ - INFO - saved best: 31.05%
2026-03-26 00:17:02 - __main__ - INFO - 
Epoch 8/100 | lr 0.099891
2026-03-26 00:17:22 - __main__ - INFO - Train: loss 2.4485 acc1 36.08%
2026-03-26 00:17:22 - __main__ - INFO - Val:   loss 2.7726 acc1 31.51%
2026-03-26 00:17:22 - __main__ - INFO - saved best: 31.51%
2026-03-26 00:17:22 - __main__ - INFO - 
Epoch 9/100 | lr 0.099754
2026-03-26 00:17:42 - __main__ - INFO - Train: loss 2.3297 acc1 38.41%
2026-03-26 00:17:42 - __main__ - INFO - Val:   loss 2.5696 acc1 35.19%
2026-03-26 00:17:42 - __main__ - INFO - saved best: 35.19%
2026-03-26 00:17:42 - __main__ - INFO - 
Epoch 10/100 | lr 0.099563
2026-03-26 00:18:02 - __main__ - INFO - Train: loss 2.2002 acc1 41.25%
2026-03-26 00:18:02 - __main__ - INFO - Val:   loss 2.4865 acc1 37.02%
2026-03-26 00:18:02 - __main__ - INFO - saved best: 37.02%
2026-03-26 00:18:02 - __main__ - INFO - 
Epoch 11/100 | lr 0.099318
2026-03-26 00:18:22 - __main__ - INFO - Train: loss 2.0967 acc1 43.50%
2026-03-26 00:18:22 - __main__ - INFO - Val:   loss 2.4256 acc1 39.21%
2026-03-26 00:18:22 - __main__ - INFO - saved best: 39.21%
2026-03-26 00:18:22 - __main__ - INFO - 
Epoch 12/100 | lr 0.099019
2026-03-26 00:18:42 - __main__ - INFO - Train: loss 2.0094 acc1 45.61%
2026-03-26 00:18:42 - __main__ - INFO - Val:   loss 2.3784 acc1 40.01%
2026-03-26 00:18:42 - __main__ - INFO - saved best: 40.01%
2026-03-26 00:18:42 - __main__ - INFO - 
Epoch 13/100 | lr 0.098666
2026-03-26 00:19:02 - __main__ - INFO - Train: loss 1.9275 acc1 46.80%
2026-03-26 00:19:02 - __main__ - INFO - Val:   loss 2.4566 acc1 38.87%
2026-03-26 00:19:02 - __main__ - INFO - 
Epoch 14/100 | lr 0.098261
2026-03-26 00:19:22 - __main__ - INFO - Train: loss 1.8441 acc1 49.05%
2026-03-26 00:19:22 - __main__ - INFO - Val:   loss 2.3936 acc1 40.39%
2026-03-26 00:19:22 - __main__ - INFO - saved best: 40.39%
2026-03-26 00:19:22 - __main__ - INFO - 
Epoch 15/100 | lr 0.097802
2026-03-26 00:19:43 - __main__ - INFO - Train: loss 1.7738 acc1 50.66%
2026-03-26 00:19:43 - __main__ - INFO - Val:   loss 2.3488 acc1 41.40%
2026-03-26 00:19:43 - __main__ - INFO - saved best: 41.40%
2026-03-26 00:19:43 - __main__ - INFO - 
Epoch 16/100 | lr 0.097291
2026-03-26 00:20:03 - __main__ - INFO - Train: loss 1.6979 acc1 52.42%
2026-03-26 00:20:03 - __main__ - INFO - Val:   loss 2.3743 acc1 40.82%
2026-03-26 00:20:03 - __main__ - INFO - 
Epoch 17/100 | lr 0.096729
2026-03-26 00:20:22 - __main__ - INFO - Train: loss 1.6260 acc1 54.10%
2026-03-26 00:20:22 - __main__ - INFO - Val:   loss 2.3516 acc1 41.66%
2026-03-26 00:20:22 - __main__ - INFO - saved best: 41.66%
2026-03-26 00:20:22 - __main__ - INFO - 
Epoch 18/100 | lr 0.096115
2026-03-26 00:20:42 - __main__ - INFO - Train: loss 1.5606 acc1 55.89%
2026-03-26 00:20:42 - __main__ - INFO - Val:   loss 2.3461 acc1 42.36%
2026-03-26 00:20:42 - __main__ - INFO - saved best: 42.36%
2026-03-26 00:20:42 - __main__ - INFO - 
Epoch 19/100 | lr 0.095451
2026-03-26 00:21:03 - __main__ - INFO - Train: loss 1.4899 acc1 57.04%
2026-03-26 00:21:03 - __main__ - INFO - Val:   loss 2.4178 acc1 41.74%
2026-03-26 00:21:03 - __main__ - INFO - 
Epoch 20/100 | lr 0.094737
2026-03-26 00:21:23 - __main__ - INFO - Train: loss 1.4227 acc1 59.10%
2026-03-26 00:21:23 - __main__ - INFO - Val:   loss 2.3855 acc1 43.44%
2026-03-26 00:21:23 - __main__ - INFO - saved best: 43.44%
2026-03-26 00:21:23 - __main__ - INFO - 
Epoch 21/100 | lr 0.093974
2026-03-26 00:21:42 - __main__ - INFO - Train: loss 1.3789 acc1 59.73%
2026-03-26 00:21:42 - __main__ - INFO - Val:   loss 2.3360 acc1 44.28%
2026-03-26 00:21:43 - __main__ - INFO - saved best: 44.28%
2026-03-26 00:21:43 - __main__ - INFO - 
Epoch 22/100 | lr 0.093164
2026-03-26 00:22:03 - __main__ - INFO - Train: loss 1.3182 acc1 61.58%
2026-03-26 00:22:03 - __main__ - INFO - Val:   loss 2.4834 acc1 41.78%
2026-03-26 00:22:03 - __main__ - INFO - 
Epoch 23/100 | lr 0.092306
2026-03-26 00:22:23 - __main__ - INFO - Train: loss 1.2642 acc1 62.73%
2026-03-26 00:22:23 - __main__ - INFO - Val:   loss 2.3628 acc1 44.23%
2026-03-26 00:22:23 - __main__ - INFO - 
Epoch 24/100 | lr 0.091401
2026-03-26 00:22:43 - __main__ - INFO - Train: loss 1.1903 acc1 64.67%
2026-03-26 00:22:43 - __main__ - INFO - Val:   loss 2.4264 acc1 42.71%
2026-03-26 00:22:43 - __main__ - INFO - 
Epoch 25/100 | lr 0.090452
2026-03-26 00:23:03 - __main__ - INFO - Train: loss 1.1505 acc1 65.58%
2026-03-26 00:23:03 - __main__ - INFO - Val:   loss 2.3940 acc1 44.30%
2026-03-26 00:23:03 - __main__ - INFO - saved best: 44.30%
2026-03-26 00:23:03 - __main__ - INFO - 
Epoch 26/100 | lr 0.089458
2026-03-26 00:23:23 - __main__ - INFO - Train: loss 1.0946 acc1 66.73%
2026-03-26 00:23:23 - __main__ - INFO - Val:   loss 2.4728 acc1 43.45%
2026-03-26 00:23:23 - __main__ - INFO - 
Epoch 27/100 | lr 0.088421
2026-03-26 00:23:43 - __main__ - INFO - Train: loss 1.0323 acc1 68.58%
2026-03-26 00:23:43 - __main__ - INFO - Val:   loss 2.5554 acc1 42.68%
2026-03-26 00:23:43 - __main__ - INFO - 
Epoch 28/100 | lr 0.087342
2026-03-26 00:24:04 - __main__ - INFO - Train: loss 0.9979 acc1 69.73%
2026-03-26 00:24:04 - __main__ - INFO - Val:   loss 2.5227 acc1 44.03%
2026-03-26 00:24:04 - __main__ - INFO - 
Epoch 29/100 | lr 0.086223
2026-03-26 00:24:23 - __main__ - INFO - Train: loss 0.9401 acc1 71.21%
2026-03-26 00:24:23 - __main__ - INFO - Val:   loss 2.5816 acc1 44.10%
2026-03-26 00:24:23 - __main__ - INFO - 
Epoch 30/100 | lr 0.085063
2026-03-26 00:24:43 - __main__ - INFO - Train: loss 0.8950 acc1 72.59%
2026-03-26 00:24:43 - __main__ - INFO - Val:   loss 2.6379 acc1 43.68%
2026-03-26 00:24:43 - __main__ - INFO - 
Epoch 31/100 | lr 0.083866
2026-03-26 00:25:03 - __main__ - INFO - Train: loss 0.8275 acc1 74.54%
2026-03-26 00:25:03 - __main__ - INFO - Val:   loss 2.7230 acc1 44.07%
2026-03-26 00:25:03 - __main__ - INFO - 
Epoch 32/100 | lr 0.082631
2026-03-26 00:25:23 - __main__ - INFO - Train: loss 0.8006 acc1 75.04%
2026-03-26 00:25:23 - __main__ - INFO - Val:   loss 2.7114 acc1 43.87%
2026-03-26 00:25:23 - __main__ - INFO - 
Epoch 33/100 | lr 0.081361
2026-03-26 00:25:43 - __main__ - INFO - Train: loss 0.7470 acc1 76.67%
2026-03-26 00:25:43 - __main__ - INFO - Val:   loss 2.7487 acc1 43.88%
2026-03-26 00:25:43 - __main__ - INFO - 
Epoch 34/100 | lr 0.080056
2026-03-26 00:26:03 - __main__ - INFO - Train: loss 0.7021 acc1 78.09%
2026-03-26 00:26:03 - __main__ - INFO - Val:   loss 2.7840 acc1 43.89%
2026-03-26 00:26:03 - __main__ - INFO - 
Epoch 35/100 | lr 0.078719
2026-03-26 00:26:23 - __main__ - INFO - Train: loss 0.6634 acc1 78.93%
2026-03-26 00:26:23 - __main__ - INFO - Val:   loss 2.8670 acc1 43.47%
2026-03-26 00:26:23 - __main__ - INFO - 
Epoch 36/100 | lr 0.077350
2026-03-26 00:26:43 - __main__ - INFO - Train: loss 0.6201 acc1 80.35%
2026-03-26 00:26:43 - __main__ - INFO - Val:   loss 2.8977 acc1 42.88%
2026-03-26 00:26:43 - __main__ - INFO - 
Epoch 37/100 | lr 0.075951
2026-03-26 00:27:03 - __main__ - INFO - Train: loss 0.5848 acc1 81.38%
2026-03-26 00:27:03 - __main__ - INFO - Val:   loss 2.8600 acc1 43.94%
2026-03-26 00:27:03 - __main__ - INFO - 
Epoch 38/100 | lr 0.074524
2026-03-26 00:27:23 - __main__ - INFO - Train: loss 0.5473 acc1 82.74%
2026-03-26 00:27:23 - __main__ - INFO - Val:   loss 2.8778 acc1 44.66%
2026-03-26 00:27:23 - __main__ - INFO - saved best: 44.66%
2026-03-26 00:27:23 - __main__ - INFO - 
Epoch 39/100 | lr 0.073070
2026-03-26 00:27:43 - __main__ - INFO - Train: loss 0.5100 acc1 83.85%
2026-03-26 00:27:43 - __main__ - INFO - Val:   loss 3.0130 acc1 44.12%
2026-03-26 00:27:43 - __main__ - INFO - 
Epoch 40/100 | lr 0.071591
2026-03-26 00:28:03 - __main__ - INFO - Train: loss 0.4906 acc1 84.12%
2026-03-26 00:28:03 - __main__ - INFO - Val:   loss 2.9610 acc1 44.58%
2026-03-26 00:28:03 - __main__ - INFO - 
Epoch 41/100 | lr 0.070088
2026-03-26 00:28:23 - __main__ - INFO - Train: loss 0.4459 acc1 85.67%
2026-03-26 00:28:23 - __main__ - INFO - Val:   loss 2.9243 acc1 44.74%
2026-03-26 00:28:24 - __main__ - INFO - saved best: 44.74%
2026-03-26 00:28:24 - __main__ - INFO - 
Epoch 42/100 | lr 0.068563
2026-03-26 00:28:43 - __main__ - INFO - Train: loss 0.4226 acc1 86.40%
2026-03-26 00:28:43 - __main__ - INFO - Val:   loss 3.0207 acc1 44.86%
2026-03-26 00:28:44 - __main__ - INFO - saved best: 44.86%
2026-03-26 00:28:44 - __main__ - INFO - 
Epoch 43/100 | lr 0.067018
2026-03-26 00:29:03 - __main__ - INFO - Train: loss 0.3972 acc1 87.23%
2026-03-26 00:29:03 - __main__ - INFO - Val:   loss 3.0166 acc1 44.16%
2026-03-26 00:29:03 - __main__ - INFO - 
Epoch 44/100 | lr 0.065454
2026-03-26 00:29:23 - __main__ - INFO - Train: loss 0.3738 acc1 88.08%
2026-03-26 00:29:23 - __main__ - INFO - Val:   loss 3.0474 acc1 45.51%
2026-03-26 00:29:23 - __main__ - INFO - saved best: 45.51%
2026-03-26 00:29:23 - __main__ - INFO - 
Epoch 45/100 | lr 0.063874
2026-03-26 00:29:43 - __main__ - INFO - Train: loss 0.3419 acc1 88.94%
2026-03-26 00:29:43 - __main__ - INFO - Val:   loss 3.0522 acc1 44.94%
2026-03-26 00:29:43 - __main__ - INFO - 
Epoch 46/100 | lr 0.062278
2026-03-26 00:30:03 - __main__ - INFO - Train: loss 0.3148 acc1 89.92%
2026-03-26 00:30:03 - __main__ - INFO - Val:   loss 3.0916 acc1 45.17%
2026-03-26 00:30:03 - __main__ - INFO - 
Epoch 47/100 | lr 0.060669
2026-03-26 00:30:23 - __main__ - INFO - Train: loss 0.2790 acc1 91.16%
2026-03-26 00:30:23 - __main__ - INFO - Val:   loss 3.0607 acc1 45.88%
2026-03-26 00:30:23 - __main__ - INFO - saved best: 45.88%
2026-03-26 00:30:23 - __main__ - INFO - 
Epoch 48/100 | lr 0.059048
2026-03-26 00:30:43 - __main__ - INFO - Train: loss 0.2653 acc1 91.67%
2026-03-26 00:30:43 - __main__ - INFO - Val:   loss 3.0829 acc1 45.24%
2026-03-26 00:30:43 - __main__ - INFO - 
Epoch 49/100 | lr 0.057417
2026-03-26 00:31:03 - __main__ - INFO - Train: loss 0.2366 acc1 92.60%
2026-03-26 00:31:03 - __main__ - INFO - Val:   loss 3.1214 acc1 45.37%
2026-03-26 00:31:03 - __main__ - INFO - 
Epoch 50/100 | lr 0.055779
2026-03-26 00:31:23 - __main__ - INFO - Train: loss 0.2188 acc1 92.99%
2026-03-26 00:31:23 - __main__ - INFO - Val:   loss 3.1135 acc1 45.95%
2026-03-26 00:31:23 - __main__ - INFO - saved best: 45.95%
2026-03-26 00:31:23 - __main__ - INFO - 
Epoch 51/100 | lr 0.054134
2026-03-26 00:31:43 - __main__ - INFO - Train: loss 0.2045 acc1 93.60%
2026-03-26 00:31:43 - __main__ - INFO - Val:   loss 3.1441 acc1 45.95%
2026-03-26 00:31:43 - __main__ - INFO - 
Epoch 52/100 | lr 0.052484
2026-03-26 00:32:03 - __main__ - INFO - Train: loss 0.1822 acc1 94.32%
2026-03-26 00:32:03 - __main__ - INFO - Val:   loss 3.1368 acc1 46.21%
2026-03-26 00:32:03 - __main__ - INFO - saved best: 46.21%
2026-03-26 00:32:03 - __main__ - INFO - 
Epoch 53/100 | lr 0.050832
2026-03-26 00:32:23 - __main__ - INFO - Train: loss 0.1572 acc1 95.17%
2026-03-26 00:32:23 - __main__ - INFO - Val:   loss 3.1531 acc1 46.86%
2026-03-26 00:32:23 - __main__ - INFO - saved best: 46.86%
2026-03-26 00:32:23 - __main__ - INFO - 
Epoch 54/100 | lr 0.049178
2026-03-26 00:32:43 - __main__ - INFO - Train: loss 0.1408 acc1 95.72%
2026-03-26 00:32:43 - __main__ - INFO - Val:   loss 3.1075 acc1 45.96%
2026-03-26 00:32:43 - __main__ - INFO - 
Epoch 55/100 | lr 0.047526
2026-03-26 00:33:03 - __main__ - INFO - Train: loss 0.1255 acc1 96.25%
2026-03-26 00:33:03 - __main__ - INFO - Val:   loss 3.1324 acc1 47.49%
2026-03-26 00:33:03 - __main__ - INFO - saved best: 47.49%
2026-03-26 00:33:03 - __main__ - INFO - 
Epoch 56/100 | lr 0.045876
2026-03-26 00:33:23 - __main__ - INFO - Train: loss 0.1114 acc1 96.69%
2026-03-26 00:33:23 - __main__ - INFO - Val:   loss 3.1502 acc1 46.91%
2026-03-26 00:33:23 - __main__ - INFO - 
Epoch 57/100 | lr 0.044231
2026-03-26 00:33:43 - __main__ - INFO - Train: loss 0.0939 acc1 97.32%
2026-03-26 00:33:43 - __main__ - INFO - Val:   loss 3.1381 acc1 48.05%
2026-03-26 00:33:43 - __main__ - INFO - saved best: 48.05%
2026-03-26 00:33:43 - __main__ - INFO - 
Epoch 58/100 | lr 0.042593
2026-03-26 00:34:03 - __main__ - INFO - Train: loss 0.0828 acc1 97.74%
2026-03-26 00:34:03 - __main__ - INFO - Val:   loss 3.1498 acc1 47.35%
2026-03-26 00:34:03 - __main__ - INFO - 
Epoch 59/100 | lr 0.040962
2026-03-26 00:34:23 - __main__ - INFO - Train: loss 0.0705 acc1 98.09%
2026-03-26 00:34:23 - __main__ - INFO - Val:   loss 3.1768 acc1 47.45%
2026-03-26 00:34:23 - __main__ - INFO - 
Epoch 60/100 | lr 0.039341
2026-03-26 00:34:43 - __main__ - INFO - Train: loss 0.0597 acc1 98.53%
2026-03-26 00:34:43 - __main__ - INFO - Val:   loss 3.0753 acc1 48.38%
2026-03-26 00:34:43 - __main__ - INFO - saved best: 48.38%
2026-03-26 00:34:43 - __main__ - INFO - 
Epoch 61/100 | lr 0.037732
2026-03-26 00:35:03 - __main__ - INFO - Train: loss 0.0492 acc1 98.77%
2026-03-26 00:35:03 - __main__ - INFO - Val:   loss 3.0744 acc1 48.49%
2026-03-26 00:35:03 - __main__ - INFO - saved best: 48.49%
2026-03-26 00:35:03 - __main__ - INFO - 
Epoch 62/100 | lr 0.036136
2026-03-26 00:35:22 - __main__ - INFO - Train: loss 0.0438 acc1 99.03%
2026-03-26 00:35:22 - __main__ - INFO - Val:   loss 3.0712 acc1 49.25%
2026-03-26 00:35:22 - __main__ - INFO - saved best: 49.25%
2026-03-26 00:35:22 - __main__ - INFO - 
Epoch 63/100 | lr 0.034556
2026-03-26 00:35:43 - __main__ - INFO - Train: loss 0.0332 acc1 99.31%
2026-03-26 00:35:43 - __main__ - INFO - Val:   loss 2.9903 acc1 49.21%
2026-03-26 00:35:43 - __main__ - INFO - 
Epoch 64/100 | lr 0.032992
2026-03-26 00:36:03 - __main__ - INFO - Train: loss 0.0275 acc1 99.48%
2026-03-26 00:36:03 - __main__ - INFO - Val:   loss 2.9981 acc1 49.26%
2026-03-26 00:36:03 - __main__ - INFO - saved best: 49.26%
2026-03-26 00:36:03 - __main__ - INFO - 
Epoch 65/100 | lr 0.031447
2026-03-26 00:36:22 - __main__ - INFO - Train: loss 0.0237 acc1 99.55%
2026-03-26 00:36:22 - __main__ - INFO - Val:   loss 2.9567 acc1 49.16%
2026-03-26 00:36:22 - __main__ - INFO - 
Epoch 66/100 | lr 0.029922
2026-03-26 00:36:42 - __main__ - INFO - Train: loss 0.0212 acc1 99.58%
2026-03-26 00:36:42 - __main__ - INFO - Val:   loss 2.9577 acc1 49.10%
2026-03-26 00:36:42 - __main__ - INFO - 
Epoch 67/100 | lr 0.028419
2026-03-26 00:37:02 - __main__ - INFO - Train: loss 0.0168 acc1 99.75%
2026-03-26 00:37:02 - __main__ - INFO - Val:   loss 2.9616 acc1 49.06%
2026-03-26 00:37:02 - __main__ - INFO - 
Epoch 68/100 | lr 0.026940
2026-03-26 00:37:22 - __main__ - INFO - Train: loss 0.0144 acc1 99.82%
2026-03-26 00:37:22 - __main__ - INFO - Val:   loss 2.9106 acc1 50.06%
2026-03-26 00:37:22 - __main__ - INFO - saved best: 50.06%
2026-03-26 00:37:22 - __main__ - INFO - 
Epoch 69/100 | lr 0.025486
2026-03-26 00:37:42 - __main__ - INFO - Train: loss 0.0140 acc1 99.78%
2026-03-26 00:37:42 - __main__ - INFO - Val:   loss 2.9240 acc1 49.80%
2026-03-26 00:37:42 - __main__ - INFO - 
Epoch 70/100 | lr 0.024059
2026-03-26 00:38:02 - __main__ - INFO - Train: loss 0.0126 acc1 99.82%
2026-03-26 00:38:02 - __main__ - INFO - Val:   loss 2.9065 acc1 50.05%
2026-03-26 00:38:02 - __main__ - INFO - 
Epoch 71/100 | lr 0.022660
2026-03-26 00:38:22 - __main__ - INFO - Train: loss 0.0114 acc1 99.86%
2026-03-26 00:38:22 - __main__ - INFO - Val:   loss 2.8942 acc1 49.56%
2026-03-26 00:38:22 - __main__ - INFO - 
Epoch 72/100 | lr 0.021291
2026-03-26 00:38:42 - __main__ - INFO - Train: loss 0.0099 acc1 99.89%
2026-03-26 00:38:42 - __main__ - INFO - Val:   loss 2.8792 acc1 50.33%
2026-03-26 00:38:42 - __main__ - INFO - saved best: 50.33%
2026-03-26 00:38:42 - __main__ - INFO - 
Epoch 73/100 | lr 0.019954
2026-03-26 00:39:02 - __main__ - INFO - Train: loss 0.0101 acc1 99.89%
2026-03-26 00:39:02 - __main__ - INFO - Val:   loss 2.8548 acc1 50.52%
2026-03-26 00:39:02 - __main__ - INFO - saved best: 50.52%
2026-03-26 00:39:02 - __main__ - INFO - 
Epoch 74/100 | lr 0.018649
2026-03-26 00:39:22 - __main__ - INFO - Train: loss 0.0091 acc1 99.92%
2026-03-26 00:39:22 - __main__ - INFO - Val:   loss 2.8570 acc1 50.46%
2026-03-26 00:39:22 - __main__ - INFO - 
Epoch 75/100 | lr 0.017379
2026-03-26 00:39:42 - __main__ - INFO - Train: loss 0.0080 acc1 99.93%
2026-03-26 00:39:42 - __main__ - INFO - Val:   loss 2.8324 acc1 50.32%
2026-03-26 00:39:42 - __main__ - INFO - 
Epoch 76/100 | lr 0.016144
2026-03-26 00:40:02 - __main__ - INFO - Train: loss 0.0079 acc1 99.93%
2026-03-26 00:40:02 - __main__ - INFO - Val:   loss 2.8227 acc1 50.72%
2026-03-26 00:40:02 - __main__ - INFO - saved best: 50.72%
2026-03-26 00:40:02 - __main__ - INFO - 
Epoch 77/100 | lr 0.014947
2026-03-26 00:40:22 - __main__ - INFO - Train: loss 0.0074 acc1 99.95%
2026-03-26 00:40:22 - __main__ - INFO - Val:   loss 2.8028 acc1 50.87%
2026-03-26 00:40:22 - __main__ - INFO - saved best: 50.87%
2026-03-26 00:40:22 - __main__ - INFO - 
Epoch 78/100 | lr 0.013787
2026-03-26 00:40:42 - __main__ - INFO - Train: loss 0.0075 acc1 99.93%
2026-03-26 00:40:42 - __main__ - INFO - Val:   loss 2.8062 acc1 50.74%
2026-03-26 00:40:42 - __main__ - INFO - 
Epoch 79/100 | lr 0.012668
2026-03-26 00:41:02 - __main__ - INFO - Train: loss 0.0069 acc1 99.95%
2026-03-26 00:41:02 - __main__ - INFO - Val:   loss 2.7892 acc1 50.44%
2026-03-26 00:41:02 - __main__ - INFO - 
Epoch 80/100 | lr 0.011589
2026-03-26 00:41:22 - __main__ - INFO - Train: loss 0.0061 acc1 99.96%
2026-03-26 00:41:22 - __main__ - INFO - Val:   loss 2.7882 acc1 50.98%
2026-03-26 00:41:22 - __main__ - INFO - saved best: 50.98%
2026-03-26 00:41:22 - __main__ - INFO - 
Epoch 81/100 | lr 0.010552
2026-03-26 00:41:42 - __main__ - INFO - Train: loss 0.0063 acc1 99.97%
2026-03-26 00:41:42 - __main__ - INFO - Val:   loss 2.7816 acc1 50.81%
2026-03-26 00:41:42 - __main__ - INFO - 
Epoch 82/100 | lr 0.009558
2026-03-26 00:42:02 - __main__ - INFO - Train: loss 0.0059 acc1 99.96%
2026-03-26 00:42:02 - __main__ - INFO - Val:   loss 2.7869 acc1 50.77%
2026-03-26 00:42:02 - __main__ - INFO - 
Epoch 83/100 | lr 0.008609
2026-03-26 00:42:22 - __main__ - INFO - Train: loss 0.0057 acc1 99.98%
2026-03-26 00:42:22 - __main__ - INFO - Val:   loss 2.7626 acc1 51.07%
2026-03-26 00:42:22 - __main__ - INFO - saved best: 51.07%
2026-03-26 00:42:22 - __main__ - INFO - 
Epoch 84/100 | lr 0.007704
2026-03-26 00:42:42 - __main__ - INFO - Train: loss 0.0058 acc1 99.98%
2026-03-26 00:42:42 - __main__ - INFO - Val:   loss 2.7625 acc1 50.38%
2026-03-26 00:42:42 - __main__ - INFO - 
Epoch 85/100 | lr 0.006846
2026-03-26 00:43:02 - __main__ - INFO - Train: loss 0.0055 acc1 99.97%
2026-03-26 00:43:02 - __main__ - INFO - Val:   loss 2.7460 acc1 50.95%
2026-03-26 00:43:02 - __main__ - INFO - 
Epoch 86/100 | lr 0.006036
2026-03-26 00:43:22 - __main__ - INFO - Train: loss 0.0054 acc1 99.97%
2026-03-26 00:43:22 - __main__ - INFO - Val:   loss 2.7552 acc1 50.65%
2026-03-26 00:43:22 - __main__ - INFO - 
Epoch 87/100 | lr 0.005273
2026-03-26 00:43:42 - __main__ - INFO - Train: loss 0.0055 acc1 99.98%
2026-03-26 00:43:42 - __main__ - INFO - Val:   loss 2.7422 acc1 50.84%
2026-03-26 00:43:42 - __main__ - INFO - 
Epoch 88/100 | lr 0.004559
2026-03-26 00:44:01 - __main__ - INFO - Train: loss 0.0052 acc1 99.98%
2026-03-26 00:44:01 - __main__ - INFO - Val:   loss 2.7443 acc1 50.84%
2026-03-26 00:44:01 - __main__ - INFO - 
Epoch 89/100 | lr 0.003895
2026-03-26 00:44:21 - __main__ - INFO - Train: loss 0.0053 acc1 99.98%
2026-03-26 00:44:21 - __main__ - INFO - Val:   loss 2.7487 acc1 51.07%
2026-03-26 00:44:21 - __main__ - INFO - 
Epoch 90/100 | lr 0.003281
2026-03-26 00:44:41 - __main__ - INFO - Train: loss 0.0050 acc1 99.98%
2026-03-26 00:44:41 - __main__ - INFO - Val:   loss 2.7359 acc1 50.76%
2026-03-26 00:44:41 - __main__ - INFO - 
Epoch 91/100 | lr 0.002719
2026-03-26 00:45:01 - __main__ - INFO - Train: loss 0.0048 acc1 99.99%
2026-03-26 00:45:01 - __main__ - INFO - Val:   loss 2.7291 acc1 51.11%
2026-03-26 00:45:01 - __main__ - INFO - saved best: 51.11%
2026-03-26 00:45:01 - __main__ - INFO - 
Epoch 92/100 | lr 0.002208
2026-03-26 00:45:21 - __main__ - INFO - Train: loss 0.0051 acc1 99.98%
2026-03-26 00:45:21 - __main__ - INFO - Val:   loss 2.7269 acc1 50.74%
2026-03-26 00:45:21 - __main__ - INFO - 
Epoch 93/100 | lr 0.001749
2026-03-26 00:45:41 - __main__ - INFO - Train: loss 0.0052 acc1 99.98%
2026-03-26 00:45:41 - __main__ - INFO - Val:   loss 2.7405 acc1 50.85%
2026-03-26 00:45:41 - __main__ - INFO - 
Epoch 94/100 | lr 0.001344
2026-03-26 00:46:01 - __main__ - INFO - Train: loss 0.0051 acc1 99.98%
2026-03-26 00:46:01 - __main__ - INFO - Val:   loss 2.7312 acc1 51.21%
2026-03-26 00:46:01 - __main__ - INFO - saved best: 51.21%
2026-03-26 00:46:01 - __main__ - INFO - 
Epoch 95/100 | lr 0.000991
2026-03-26 00:46:20 - __main__ - INFO - Train: loss 0.0047 acc1 99.99%
2026-03-26 00:46:20 - __main__ - INFO - Val:   loss 2.7318 acc1 50.78%
2026-03-26 00:46:20 - __main__ - INFO - 
Epoch 96/100 | lr 0.000692
2026-03-26 00:46:40 - __main__ - INFO - Train: loss 0.0050 acc1 99.98%
2026-03-26 00:46:40 - __main__ - INFO - Val:   loss 2.7340 acc1 51.09%
2026-03-26 00:46:40 - __main__ - INFO - 
Epoch 97/100 | lr 0.000447
2026-03-26 00:47:00 - __main__ - INFO - Train: loss 0.0049 acc1 99.99%
2026-03-26 00:47:00 - __main__ - INFO - Val:   loss 2.7272 acc1 51.03%
2026-03-26 00:47:00 - __main__ - INFO - 
Epoch 98/100 | lr 0.000256
2026-03-26 00:47:19 - __main__ - INFO - Train: loss 0.0050 acc1 99.98%
2026-03-26 00:47:19 - __main__ - INFO - Val:   loss 2.7260 acc1 51.08%
2026-03-26 00:47:19 - __main__ - INFO - 
Epoch 99/100 | lr 0.000119
2026-03-26 00:47:40 - __main__ - INFO - Train: loss 0.0052 acc1 99.98%
2026-03-26 00:47:40 - __main__ - INFO - Val:   loss 2.7310 acc1 51.23%
2026-03-26 00:47:40 - __main__ - INFO - saved best: 51.23%
2026-03-26 00:47:40 - __main__ - INFO - 
Epoch 100/100 | lr 0.000037
2026-03-26 00:48:00 - __main__ - INFO - Train: loss 0.0048 acc1 99.98%
2026-03-26 00:48:00 - __main__ - INFO - Val:   loss 2.7332 acc1 51.13%
2026-03-26 00:48:00 - __main__ - INFO - Loaded best checkpoint weights for final test evaluation.
2026-03-26 00:48:01 - __main__ - INFO - 
Best tracked (val): 51.23%
2026-03-26 00:48:01 - __main__ - INFO - Final test: loss 2.6901 acc1 51.37%
2026-03-26 00:48:06 - __main__ - INFO - Variant [random_sparsity] done — test acc 51.37%, test loss 2.6901
2026-03-26 00:48:06 - __main__ - INFO - 
============================================================
2026-03-26 00:48:06 - __main__ - INFO - Training output model: densenet121 [shuffled_cam_low_saliency]
2026-03-26 00:48:06 - __main__ - INFO -   Resolved config → opt=sgd, lr=0.1, wd=0.0001, bs=128, epochs=100, scheduler=cosine, warmup=5
2026-03-26 00:48:06 - __main__ - INFO - ============================================================
2026-03-26 00:48:06 - __main__ - INFO -   Validation during training uses variant split with val_split=0.1
2026-03-26 00:48:06 - __main__ - INFO -   Final test uses shuffled_cam_low_saliency variant test split
2026-03-26 00:48:07 - __main__ - INFO - device: cuda | cuda: True | gpu: NVIDIA L4
2026-03-26 00:48:07 - __main__ - INFO - Model: densenet121 | Dataset: cifar100 | Classes: 100 | Optimizer: sgd
2026-03-26 00:48:07 - __main__ - INFO - 
Epoch 1/100 | lr 0.000100
2026-03-26 00:48:27 - __main__ - INFO - Train: loss 4.6345 acc1 1.36%
2026-03-26 00:48:27 - __main__ - INFO - Val:   loss 4.5821 acc1 2.16%
2026-03-26 00:48:27 - __main__ - INFO - saved best: 2.16%
2026-03-26 00:48:27 - __main__ - INFO - 
Epoch 2/100 | lr 0.020080
2026-03-26 00:48:47 - __main__ - INFO - Train: loss 3.9237 acc1 9.95%
2026-03-26 00:48:47 - __main__ - INFO - Val:   loss 3.5571 acc1 16.02%
2026-03-26 00:48:47 - __main__ - INFO - saved best: 16.02%
2026-03-26 00:48:47 - __main__ - INFO - 
Epoch 3/100 | lr 0.040060
2026-03-26 00:49:07 - __main__ - INFO - Train: loss 3.4785 acc1 17.23%
2026-03-26 00:49:07 - __main__ - INFO - Val:   loss 3.2833 acc1 19.97%
2026-03-26 00:49:07 - __main__ - INFO - saved best: 19.97%
2026-03-26 00:49:07 - __main__ - INFO - 
Epoch 4/100 | lr 0.060040
2026-03-26 00:49:27 - __main__ - INFO - Train: loss 3.1197 acc1 23.21%
2026-03-26 00:49:27 - __main__ - INFO - Val:   loss 3.1176 acc1 24.09%
2026-03-26 00:49:27 - __main__ - INFO - saved best: 24.09%
2026-03-26 00:49:27 - __main__ - INFO - 
Epoch 5/100 | lr 0.080020
2026-03-26 00:49:47 - __main__ - INFO - Train: loss 2.8476 acc1 28.27%
2026-03-26 00:49:47 - __main__ - INFO - Val:   loss 2.8613 acc1 28.55%
2026-03-26 00:49:47 - __main__ - INFO - saved best: 28.55%
2026-03-26 00:49:47 - __main__ - INFO - 
Epoch 6/100 | lr 0.100000
2026-03-26 00:50:07 - __main__ - INFO - Train: loss 2.6329 acc1 31.95%
2026-03-26 00:50:07 - __main__ - INFO - Val:   loss 2.9188 acc1 27.53%
2026-03-26 00:50:07 - __main__ - INFO - 
Epoch 7/100 | lr 0.099973
2026-03-26 00:50:27 - __main__ - INFO - Train: loss 2.4061 acc1 37.00%
2026-03-26 00:50:27 - __main__ - INFO - Val:   loss 2.6183 acc1 33.75%
2026-03-26 00:50:27 - __main__ - INFO - saved best: 33.75%
2026-03-26 00:50:27 - __main__ - INFO - 
Epoch 8/100 | lr 0.099891
2026-03-26 00:50:47 - __main__ - INFO - Train: loss 2.2307 acc1 40.28%
2026-03-26 00:50:47 - __main__ - INFO - Val:   loss 2.3555 acc1 37.93%
2026-03-26 00:50:47 - __main__ - INFO - saved best: 37.93%
2026-03-26 00:50:47 - __main__ - INFO - 
Epoch 9/100 | lr 0.099754
2026-03-26 00:51:07 - __main__ - INFO - Train: loss 2.0877 acc1 43.28%
2026-03-26 00:51:07 - __main__ - INFO - Val:   loss 2.2950 acc1 40.33%
2026-03-26 00:51:07 - __main__ - INFO - saved best: 40.33%
2026-03-26 00:51:07 - __main__ - INFO - 
Epoch 10/100 | lr 0.099563
2026-03-26 00:51:27 - __main__ - INFO - Train: loss 1.9568 acc1 46.52%
2026-03-26 00:51:27 - __main__ - INFO - Val:   loss 2.3853 acc1 39.16%
2026-03-26 00:51:27 - __main__ - INFO - 
Epoch 11/100 | lr 0.099318
2026-03-26 00:51:47 - __main__ - INFO - Train: loss 1.8582 acc1 48.80%
2026-03-26 00:51:47 - __main__ - INFO - Val:   loss 2.1528 acc1 44.22%
2026-03-26 00:51:47 - __main__ - INFO - saved best: 44.22%
2026-03-26 00:51:47 - __main__ - INFO - 
Epoch 12/100 | lr 0.099019
2026-03-26 00:52:07 - __main__ - INFO - Train: loss 1.7691 acc1 50.69%
2026-03-26 00:52:07 - __main__ - INFO - Val:   loss 2.2244 acc1 43.50%
2026-03-26 00:52:07 - __main__ - INFO - 
Epoch 13/100 | lr 0.098666
2026-03-26 00:52:28 - __main__ - INFO - Train: loss 1.6837 acc1 52.62%
2026-03-26 00:52:28 - __main__ - INFO - Val:   loss 2.1675 acc1 45.04%
2026-03-26 00:52:28 - __main__ - INFO - saved best: 45.04%
2026-03-26 00:52:28 - __main__ - INFO - 
Epoch 14/100 | lr 0.098261
2026-03-26 00:52:47 - __main__ - INFO - Train: loss 1.6020 acc1 54.79%
2026-03-26 00:52:47 - __main__ - INFO - Val:   loss 2.2176 acc1 44.27%
2026-03-26 00:52:47 - __main__ - INFO - 
Epoch 15/100 | lr 0.097802
2026-03-26 00:53:07 - __main__ - INFO - Train: loss 1.5327 acc1 56.40%
2026-03-26 00:53:07 - __main__ - INFO - Val:   loss 2.1360 acc1 44.86%
2026-03-26 00:53:07 - __main__ - INFO - 
Epoch 16/100 | lr 0.097291
2026-03-26 00:53:27 - __main__ - INFO - Train: loss 1.4643 acc1 57.83%
2026-03-26 00:53:27 - __main__ - INFO - Val:   loss 2.0595 acc1 47.40%
2026-03-26 00:53:27 - __main__ - INFO - saved best: 47.40%
2026-03-26 00:53:27 - __main__ - INFO - 
Epoch 17/100 | lr 0.096729
2026-03-26 00:53:47 - __main__ - INFO - Train: loss 1.3925 acc1 59.65%
2026-03-26 00:53:47 - __main__ - INFO - Val:   loss 2.1246 acc1 46.18%
2026-03-26 00:53:47 - __main__ - INFO - 
Epoch 18/100 | lr 0.096115
2026-03-26 00:54:07 - __main__ - INFO - Train: loss 1.3306 acc1 61.10%
2026-03-26 00:54:07 - __main__ - INFO - Val:   loss 2.1149 acc1 47.52%
2026-03-26 00:54:08 - __main__ - INFO - saved best: 47.52%
2026-03-26 00:54:08 - __main__ - INFO - 
Epoch 19/100 | lr 0.095451
2026-03-26 00:54:27 - __main__ - INFO - Train: loss 1.2720 acc1 62.94%
2026-03-26 00:54:27 - __main__ - INFO - Val:   loss 2.1283 acc1 46.81%
2026-03-26 00:54:27 - __main__ - INFO - 
Epoch 20/100 | lr 0.094737
2026-03-26 00:54:47 - __main__ - INFO - Train: loss 1.2072 acc1 64.24%
2026-03-26 00:54:47 - __main__ - INFO - Val:   loss 2.0808 acc1 48.32%
2026-03-26 00:54:47 - __main__ - INFO - saved best: 48.32%
2026-03-26 00:54:47 - __main__ - INFO - 
Epoch 21/100 | lr 0.093974
2026-03-26 00:55:08 - __main__ - INFO - Train: loss 1.1610 acc1 65.39%
2026-03-26 00:55:08 - __main__ - INFO - Val:   loss 2.0494 acc1 49.04%
2026-03-26 00:55:08 - __main__ - INFO - saved best: 49.04%
2026-03-26 00:55:08 - __main__ - INFO - 
Epoch 22/100 | lr 0.093164
2026-03-26 00:55:27 - __main__ - INFO - Train: loss 1.1089 acc1 66.87%
2026-03-26 00:55:27 - __main__ - INFO - Val:   loss 2.1687 acc1 46.74%
2026-03-26 00:55:27 - __main__ - INFO - 
Epoch 23/100 | lr 0.092306
2026-03-26 00:55:47 - __main__ - INFO - Train: loss 1.0620 acc1 67.84%
2026-03-26 00:55:47 - __main__ - INFO - Val:   loss 2.1589 acc1 47.50%
2026-03-26 00:55:47 - __main__ - INFO - 
Epoch 24/100 | lr 0.091401
2026-03-26 00:56:07 - __main__ - INFO - Train: loss 1.0057 acc1 69.34%
2026-03-26 00:56:07 - __main__ - INFO - Val:   loss 2.1237 acc1 48.22%
2026-03-26 00:56:07 - __main__ - INFO - 
Epoch 25/100 | lr 0.090452
2026-03-26 00:56:27 - __main__ - INFO - Train: loss 0.9578 acc1 70.74%
2026-03-26 00:56:27 - __main__ - INFO - Val:   loss 2.1694 acc1 48.71%
2026-03-26 00:56:27 - __main__ - INFO - 
Epoch 26/100 | lr 0.089458
2026-03-26 00:56:47 - __main__ - INFO - Train: loss 0.9156 acc1 71.72%
2026-03-26 00:56:47 - __main__ - INFO - Val:   loss 2.1730 acc1 49.63%
2026-03-26 00:56:47 - __main__ - INFO - saved best: 49.63%
2026-03-26 00:56:47 - __main__ - INFO - 
Epoch 27/100 | lr 0.088421
2026-03-26 00:57:07 - __main__ - INFO - Train: loss 0.8654 acc1 73.14%
2026-03-26 00:57:07 - __main__ - INFO - Val:   loss 2.1989 acc1 49.59%
2026-03-26 00:57:07 - __main__ - INFO - 
Epoch 28/100 | lr 0.087342
2026-03-26 00:57:27 - __main__ - INFO - Train: loss 0.8299 acc1 73.97%
2026-03-26 00:57:27 - __main__ - INFO - Val:   loss 2.2141 acc1 48.59%
2026-03-26 00:57:27 - __main__ - INFO - 
Epoch 29/100 | lr 0.086223
2026-03-26 00:57:47 - __main__ - INFO - Train: loss 0.7754 acc1 75.79%
2026-03-26 00:57:47 - __main__ - INFO - Val:   loss 2.3181 acc1 47.99%
2026-03-26 00:57:47 - __main__ - INFO - 
Epoch 30/100 | lr 0.085063
2026-03-26 00:58:07 - __main__ - INFO - Train: loss 0.7584 acc1 76.19%
2026-03-26 00:58:07 - __main__ - INFO - Val:   loss 2.2967 acc1 49.19%
2026-03-26 00:58:07 - __main__ - INFO - 
Epoch 31/100 | lr 0.083866
2026-03-26 00:58:27 - __main__ - INFO - Train: loss 0.6961 acc1 77.96%
2026-03-26 00:58:27 - __main__ - INFO - Val:   loss 2.3168 acc1 49.15%
2026-03-26 00:58:27 - __main__ - INFO - 
Epoch 32/100 | lr 0.082631
2026-03-26 00:58:47 - __main__ - INFO - Train: loss 0.6497 acc1 79.48%
2026-03-26 00:58:47 - __main__ - INFO - Val:   loss 2.3372 acc1 49.16%
2026-03-26 00:58:47 - __main__ - INFO - 
Epoch 33/100 | lr 0.081361
2026-03-26 00:59:07 - __main__ - INFO - Train: loss 0.6256 acc1 80.13%
2026-03-26 00:59:07 - __main__ - INFO - Val:   loss 2.3516 acc1 49.28%
2026-03-26 00:59:07 - __main__ - INFO - 
Epoch 34/100 | lr 0.080056
2026-03-26 00:59:27 - __main__ - INFO - Train: loss 0.5834 acc1 81.38%
2026-03-26 00:59:27 - __main__ - INFO - Val:   loss 2.3929 acc1 49.72%
2026-03-26 00:59:27 - __main__ - INFO - saved best: 49.72%
2026-03-26 00:59:27 - __main__ - INFO - 
Epoch 35/100 | lr 0.078719
2026-03-26 00:59:47 - __main__ - INFO - Train: loss 0.5504 acc1 82.24%
2026-03-26 00:59:47 - __main__ - INFO - Val:   loss 2.4712 acc1 50.14%
2026-03-26 00:59:47 - __main__ - INFO - saved best: 50.14%
2026-03-26 00:59:47 - __main__ - INFO - 
Epoch 36/100 | lr 0.077350
2026-03-26 01:00:07 - __main__ - INFO - Train: loss 0.5169 acc1 83.37%
2026-03-26 01:00:07 - __main__ - INFO - Val:   loss 2.4405 acc1 48.38%
2026-03-26 01:00:07 - __main__ - INFO - 
Epoch 37/100 | lr 0.075951
2026-03-26 01:00:27 - __main__ - INFO - Train: loss 0.4977 acc1 84.01%
2026-03-26 01:00:27 - __main__ - INFO - Val:   loss 2.4564 acc1 50.11%
2026-03-26 01:00:27 - __main__ - INFO - 
Epoch 38/100 | lr 0.074524
2026-03-26 01:00:47 - __main__ - INFO - Train: loss 0.4705 acc1 84.90%
2026-03-26 01:00:47 - __main__ - INFO - Val:   loss 2.5948 acc1 48.92%
2026-03-26 01:00:47 - __main__ - INFO - 
Epoch 39/100 | lr 0.073070
2026-03-26 01:01:07 - __main__ - INFO - Train: loss 0.4323 acc1 86.18%
2026-03-26 01:01:07 - __main__ - INFO - Val:   loss 2.5684 acc1 49.25%
2026-03-26 01:01:07 - __main__ - INFO - 
Epoch 40/100 | lr 0.071591
2026-03-26 01:01:26 - __main__ - INFO - Train: loss 0.4062 acc1 86.89%
2026-03-26 01:01:26 - __main__ - INFO - Val:   loss 2.4977 acc1 50.07%
2026-03-26 01:01:26 - __main__ - INFO - 
Epoch 41/100 | lr 0.070088
2026-03-26 01:01:46 - __main__ - INFO - Train: loss 0.3737 acc1 88.01%
2026-03-26 01:01:46 - __main__ - INFO - Val:   loss 2.5599 acc1 50.18%
2026-03-26 01:01:47 - __main__ - INFO - saved best: 50.18%
2026-03-26 01:01:47 - __main__ - INFO - 
Epoch 42/100 | lr 0.068563
2026-03-26 01:02:07 - __main__ - INFO - Train: loss 0.3849 acc1 87.47%
2026-03-26 01:02:07 - __main__ - INFO - Val:   loss 2.4930 acc1 50.64%
2026-03-26 01:02:07 - __main__ - INFO - saved best: 50.64%
2026-03-26 01:02:07 - __main__ - INFO - 
Epoch 43/100 | lr 0.067018
2026-03-26 01:02:27 - __main__ - INFO - Train: loss 0.3580 acc1 88.38%
2026-03-26 01:02:27 - __main__ - INFO - Val:   loss 2.4951 acc1 51.33%
2026-03-26 01:02:27 - __main__ - INFO - saved best: 51.33%
2026-03-26 01:02:27 - __main__ - INFO - 
Epoch 44/100 | lr 0.065454
2026-03-26 01:02:47 - __main__ - INFO - Train: loss 0.3221 acc1 89.56%
2026-03-26 01:02:47 - __main__ - INFO - Val:   loss 2.5357 acc1 51.80%
2026-03-26 01:02:47 - __main__ - INFO - saved best: 51.80%
2026-03-26 01:02:47 - __main__ - INFO - 
Epoch 45/100 | lr 0.063874
2026-03-26 01:03:07 - __main__ - INFO - Train: loss 0.2872 acc1 90.60%
2026-03-26 01:03:07 - __main__ - INFO - Val:   loss 2.5336 acc1 51.74%
2026-03-26 01:03:07 - __main__ - INFO - 
Epoch 46/100 | lr 0.062278
2026-03-26 01:03:27 - __main__ - INFO - Train: loss 0.2559 acc1 91.72%
2026-03-26 01:03:27 - __main__ - INFO - Val:   loss 2.5441 acc1 51.80%
2026-03-26 01:03:27 - __main__ - INFO - saved best: 51.80%
2026-03-26 01:03:27 - __main__ - INFO - 
Epoch 47/100 | lr 0.060669
2026-03-26 01:03:47 - __main__ - INFO - Train: loss 0.2534 acc1 91.88%
2026-03-26 01:03:47 - __main__ - INFO - Val:   loss 2.5930 acc1 51.51%
2026-03-26 01:03:47 - __main__ - INFO - 
Epoch 48/100 | lr 0.059048
2026-03-26 01:04:07 - __main__ - INFO - Train: loss 0.2318 acc1 92.58%
2026-03-26 01:04:07 - __main__ - INFO - Val:   loss 2.5505 acc1 52.74%
2026-03-26 01:04:07 - __main__ - INFO - saved best: 52.74%
2026-03-26 01:04:07 - __main__ - INFO - 
Epoch 49/100 | lr 0.057417
2026-03-26 01:04:27 - __main__ - INFO - Train: loss 0.2051 acc1 93.41%
2026-03-26 01:04:27 - __main__ - INFO - Val:   loss 2.5235 acc1 51.81%
2026-03-26 01:04:27 - __main__ - INFO - 
Epoch 50/100 | lr 0.055779
2026-03-26 01:04:47 - __main__ - INFO - Train: loss 0.1863 acc1 94.25%
2026-03-26 01:04:47 - __main__ - INFO - Val:   loss 2.5778 acc1 52.25%
2026-03-26 01:04:47 - __main__ - INFO - 
Epoch 51/100 | lr 0.054134
2026-03-26 01:05:07 - __main__ - INFO - Train: loss 0.1793 acc1 94.38%
2026-03-26 01:05:07 - __main__ - INFO - Val:   loss 2.5990 acc1 52.69%
2026-03-26 01:05:07 - __main__ - INFO - 
Epoch 52/100 | lr 0.052484
2026-03-26 01:05:27 - __main__ - INFO - Train: loss 0.1645 acc1 94.78%
2026-03-26 01:05:27 - __main__ - INFO - Val:   loss 2.5794 acc1 52.72%
2026-03-26 01:05:27 - __main__ - INFO - 
Epoch 53/100 | lr 0.050832
2026-03-26 01:05:47 - __main__ - INFO - Train: loss 0.1404 acc1 95.77%
2026-03-26 01:05:47 - __main__ - INFO - Val:   loss 2.5733 acc1 53.01%
2026-03-26 01:05:47 - __main__ - INFO - saved best: 53.01%
2026-03-26 01:05:47 - __main__ - INFO - 
Epoch 54/100 | lr 0.049178
2026-03-26 01:06:07 - __main__ - INFO - Train: loss 0.1145 acc1 96.58%
2026-03-26 01:06:07 - __main__ - INFO - Val:   loss 2.5651 acc1 53.16%
2026-03-26 01:06:07 - __main__ - INFO - saved best: 53.16%
2026-03-26 01:06:07 - __main__ - INFO - 
Epoch 55/100 | lr 0.047526
2026-03-26 01:06:27 - __main__ - INFO - Train: loss 0.1057 acc1 96.96%
2026-03-26 01:06:27 - __main__ - INFO - Val:   loss 2.5754 acc1 53.26%
2026-03-26 01:06:27 - __main__ - INFO - saved best: 53.26%
2026-03-26 01:06:27 - __main__ - INFO - 
Epoch 56/100 | lr 0.045876
2026-03-26 01:06:47 - __main__ - INFO - Train: loss 0.0926 acc1 97.32%
2026-03-26 01:06:47 - __main__ - INFO - Val:   loss 2.5490 acc1 53.61%
2026-03-26 01:06:47 - __main__ - INFO - saved best: 53.61%
2026-03-26 01:06:47 - __main__ - INFO - 
Epoch 57/100 | lr 0.044231
2026-03-26 01:07:07 - __main__ - INFO - Train: loss 0.0854 acc1 97.56%
2026-03-26 01:07:07 - __main__ - INFO - Val:   loss 2.6018 acc1 53.60%
2026-03-26 01:07:07 - __main__ - INFO - 
Epoch 58/100 | lr 0.042593
2026-03-26 01:07:27 - __main__ - INFO - Train: loss 0.0754 acc1 97.90%
2026-03-26 01:07:27 - __main__ - INFO - Val:   loss 2.6103 acc1 53.23%
2026-03-26 01:07:27 - __main__ - INFO - 
Epoch 59/100 | lr 0.040962
2026-03-26 01:07:46 - __main__ - INFO - Train: loss 0.0673 acc1 98.16%
2026-03-26 01:07:46 - __main__ - INFO - Val:   loss 2.5411 acc1 53.97%
2026-03-26 01:07:46 - __main__ - INFO - saved best: 53.97%
2026-03-26 01:07:46 - __main__ - INFO - 
Epoch 60/100 | lr 0.039341
2026-03-26 01:08:06 - __main__ - INFO - Train: loss 0.0522 acc1 98.70%
2026-03-26 01:08:06 - __main__ - INFO - Val:   loss 2.4987 acc1 54.48%
2026-03-26 01:08:06 - __main__ - INFO - saved best: 54.48%
2026-03-26 01:08:06 - __main__ - INFO - 
Epoch 61/100 | lr 0.037732
2026-03-26 01:08:26 - __main__ - INFO - Train: loss 0.0413 acc1 99.04%
2026-03-26 01:08:26 - __main__ - INFO - Val:   loss 2.4984 acc1 54.91%
2026-03-26 01:08:26 - __main__ - INFO - saved best: 54.91%
2026-03-26 01:08:26 - __main__ - INFO - 
Epoch 62/100 | lr 0.036136
2026-03-26 01:08:46 - __main__ - INFO - Train: loss 0.0323 acc1 99.35%
2026-03-26 01:08:46 - __main__ - INFO - Val:   loss 2.4777 acc1 55.77%
2026-03-26 01:08:46 - __main__ - INFO - saved best: 55.77%
2026-03-26 01:08:46 - __main__ - INFO - 
Epoch 63/100 | lr 0.034556
2026-03-26 01:09:06 - __main__ - INFO - Train: loss 0.0295 acc1 99.37%
2026-03-26 01:09:06 - __main__ - INFO - Val:   loss 2.4706 acc1 55.29%
2026-03-26 01:09:06 - __main__ - INFO - 
Epoch 64/100 | lr 0.032992
2026-03-26 01:09:26 - __main__ - INFO - Train: loss 0.0249 acc1 99.52%
2026-03-26 01:09:26 - __main__ - INFO - Val:   loss 2.4734 acc1 55.69%
2026-03-26 01:09:26 - __main__ - INFO - 
Epoch 65/100 | lr 0.031447
2026-03-26 01:09:46 - __main__ - INFO - Train: loss 0.0223 acc1 99.61%
2026-03-26 01:09:46 - __main__ - INFO - Val:   loss 2.4659 acc1 55.21%
2026-03-26 01:09:46 - __main__ - INFO - 
Epoch 66/100 | lr 0.029922
2026-03-26 01:10:06 - __main__ - INFO - Train: loss 0.0181 acc1 99.69%
2026-03-26 01:10:06 - __main__ - INFO - Val:   loss 2.4446 acc1 55.55%
2026-03-26 01:10:06 - __main__ - INFO - 
Epoch 67/100 | lr 0.028419
2026-03-26 01:10:26 - __main__ - INFO - Train: loss 0.0164 acc1 99.72%
2026-03-26 01:10:26 - __main__ - INFO - Val:   loss 2.4173 acc1 55.95%
2026-03-26 01:10:26 - __main__ - INFO - saved best: 55.95%
2026-03-26 01:10:26 - __main__ - INFO - 
Epoch 68/100 | lr 0.026940
2026-03-26 01:10:46 - __main__ - INFO - Train: loss 0.0139 acc1 99.79%
2026-03-26 01:10:46 - __main__ - INFO - Val:   loss 2.4121 acc1 56.10%
2026-03-26 01:10:46 - __main__ - INFO - saved best: 56.10%
2026-03-26 01:10:46 - __main__ - INFO - 
Epoch 69/100 | lr 0.025486
2026-03-26 01:11:06 - __main__ - INFO - Train: loss 0.0124 acc1 99.83%
2026-03-26 01:11:06 - __main__ - INFO - Val:   loss 2.3937 acc1 56.19%
2026-03-26 01:11:06 - __main__ - INFO - saved best: 56.19%
2026-03-26 01:11:06 - __main__ - INFO - 
Epoch 70/100 | lr 0.024059
2026-03-26 01:11:26 - __main__ - INFO - Train: loss 0.0112 acc1 99.86%
2026-03-26 01:11:26 - __main__ - INFO - Val:   loss 2.3945 acc1 56.24%
2026-03-26 01:11:26 - __main__ - INFO - saved best: 56.24%
2026-03-26 01:11:26 - __main__ - INFO - 
Epoch 71/100 | lr 0.022660
2026-03-26 01:11:46 - __main__ - INFO - Train: loss 0.0096 acc1 99.89%
2026-03-26 01:11:46 - __main__ - INFO - Val:   loss 2.3695 acc1 56.40%
2026-03-26 01:11:46 - __main__ - INFO - saved best: 56.40%
2026-03-26 01:11:46 - __main__ - INFO - 
Epoch 72/100 | lr 0.021291
2026-03-26 01:12:06 - __main__ - INFO - Train: loss 0.0089 acc1 99.90%
2026-03-26 01:12:06 - __main__ - INFO - Val:   loss 2.3487 acc1 57.25%
2026-03-26 01:12:06 - __main__ - INFO - saved best: 57.25%
2026-03-26 01:12:06 - __main__ - INFO - 
Epoch 73/100 | lr 0.019954
2026-03-26 01:12:26 - __main__ - INFO - Train: loss 0.0082 acc1 99.92%
2026-03-26 01:12:26 - __main__ - INFO - Val:   loss 2.3342 acc1 57.04%
2026-03-26 01:12:26 - __main__ - INFO - 
Epoch 74/100 | lr 0.018649
2026-03-26 01:12:46 - __main__ - INFO - Train: loss 0.0076 acc1 99.94%
2026-03-26 01:12:46 - __main__ - INFO - Val:   loss 2.3400 acc1 57.21%
2026-03-26 01:12:46 - __main__ - INFO - 
Epoch 75/100 | lr 0.017379
2026-03-26 01:13:06 - __main__ - INFO - Train: loss 0.0071 acc1 99.94%
2026-03-26 01:13:06 - __main__ - INFO - Val:   loss 2.3274 acc1 56.70%
2026-03-26 01:13:06 - __main__ - INFO - 
Epoch 76/100 | lr 0.016144
2026-03-26 01:13:26 - __main__ - INFO - Train: loss 0.0068 acc1 99.94%
2026-03-26 01:13:26 - __main__ - INFO - Val:   loss 2.3189 acc1 57.25%
2026-03-26 01:13:26 - __main__ - INFO - 
Epoch 77/100 | lr 0.014947
2026-03-26 01:13:45 - __main__ - INFO - Train: loss 0.0062 acc1 99.95%
2026-03-26 01:13:45 - __main__ - INFO - Val:   loss 2.3098 acc1 57.27%
2026-03-26 01:13:46 - __main__ - INFO - saved best: 57.27%
2026-03-26 01:13:46 - __main__ - INFO - 
Epoch 78/100 | lr 0.013787
2026-03-26 01:14:06 - __main__ - INFO - Train: loss 0.0060 acc1 99.96%
2026-03-26 01:14:06 - __main__ - INFO - Val:   loss 2.3106 acc1 57.38%
2026-03-26 01:14:06 - __main__ - INFO - saved best: 57.38%
2026-03-26 01:14:06 - __main__ - INFO - 
Epoch 79/100 | lr 0.012668
2026-03-26 01:14:26 - __main__ - INFO - Train: loss 0.0060 acc1 99.96%
2026-03-26 01:14:26 - __main__ - INFO - Val:   loss 2.2992 acc1 56.96%
2026-03-26 01:14:26 - __main__ - INFO - 
Epoch 80/100 | lr 0.011589
2026-03-26 01:14:46 - __main__ - INFO - Train: loss 0.0055 acc1 99.98%
2026-03-26 01:14:46 - __main__ - INFO - Val:   loss 2.3039 acc1 57.13%
2026-03-26 01:14:46 - __main__ - INFO - 
Epoch 81/100 | lr 0.010552
2026-03-26 01:15:06 - __main__ - INFO - Train: loss 0.0052 acc1 99.97%
2026-03-26 01:15:06 - __main__ - INFO - Val:   loss 2.2977 acc1 57.17%
2026-03-26 01:15:06 - __main__ - INFO - 
Epoch 82/100 | lr 0.009558
2026-03-26 01:15:26 - __main__ - INFO - Train: loss 0.0056 acc1 99.96%
2026-03-26 01:15:26 - __main__ - INFO - Val:   loss 2.2925 acc1 57.04%
2026-03-26 01:15:26 - __main__ - INFO - 
Epoch 83/100 | lr 0.008609
2026-03-26 01:15:45 - __main__ - INFO - Train: loss 0.0048 acc1 99.98%
2026-03-26 01:15:45 - __main__ - INFO - Val:   loss 2.2919 acc1 57.21%
2026-03-26 01:15:45 - __main__ - INFO - 
Epoch 84/100 | lr 0.007704
2026-03-26 01:16:06 - __main__ - INFO - Train: loss 0.0052 acc1 99.98%
2026-03-26 01:16:06 - __main__ - INFO - Val:   loss 2.2863 acc1 57.31%
2026-03-26 01:16:06 - __main__ - INFO - 
Epoch 85/100 | lr 0.006846
2026-03-26 01:16:25 - __main__ - INFO - Train: loss 0.0046 acc1 99.98%
2026-03-26 01:16:25 - __main__ - INFO - Val:   loss 2.2736 acc1 57.51%
2026-03-26 01:16:25 - __main__ - INFO - saved best: 57.51%
2026-03-26 01:16:25 - __main__ - INFO - 
Epoch 86/100 | lr 0.006036
2026-03-26 01:16:45 - __main__ - INFO - Train: loss 0.0048 acc1 99.98%
2026-03-26 01:16:45 - __main__ - INFO - Val:   loss 2.2771 acc1 57.33%
2026-03-26 01:16:45 - __main__ - INFO - 
Epoch 87/100 | lr 0.005273
2026-03-26 01:17:05 - __main__ - INFO - Train: loss 0.0053 acc1 99.97%
2026-03-26 01:17:05 - __main__ - INFO - Val:   loss 2.2731 acc1 57.46%
2026-03-26 01:17:05 - __main__ - INFO - 
Epoch 88/100 | lr 0.004559
2026-03-26 01:17:25 - __main__ - INFO - Train: loss 0.0047 acc1 99.98%
2026-03-26 01:17:25 - __main__ - INFO - Val:   loss 2.2725 acc1 57.34%
2026-03-26 01:17:25 - __main__ - INFO - 
Epoch 89/100 | lr 0.003895
2026-03-26 01:17:45 - __main__ - INFO - Train: loss 0.0048 acc1 99.97%
2026-03-26 01:17:45 - __main__ - INFO - Val:   loss 2.2733 acc1 57.53%
2026-03-26 01:17:45 - __main__ - INFO - saved best: 57.53%
2026-03-26 01:17:45 - __main__ - INFO - 
Epoch 90/100 | lr 0.003281
2026-03-26 01:18:05 - __main__ - INFO - Train: loss 0.0047 acc1 99.98%
2026-03-26 01:18:05 - __main__ - INFO - Val:   loss 2.2569 acc1 57.66%
2026-03-26 01:18:05 - __main__ - INFO - saved best: 57.66%
2026-03-26 01:18:05 - __main__ - INFO - 
Epoch 91/100 | lr 0.002719
2026-03-26 01:18:24 - __main__ - INFO - Train: loss 0.0043 acc1 99.98%
2026-03-26 01:18:24 - __main__ - INFO - Val:   loss 2.2619 acc1 57.55%
2026-03-26 01:18:24 - __main__ - INFO - 
Epoch 92/100 | lr 0.002208
2026-03-26 01:18:44 - __main__ - INFO - Train: loss 0.0046 acc1 99.99%
2026-03-26 01:18:44 - __main__ - INFO - Val:   loss 2.2592 acc1 57.25%
2026-03-26 01:18:44 - __main__ - INFO - 
Epoch 93/100 | lr 0.001749
2026-03-26 01:19:04 - __main__ - INFO - Train: loss 0.0044 acc1 99.98%
2026-03-26 01:19:04 - __main__ - INFO - Val:   loss 2.2630 acc1 57.35%
2026-03-26 01:19:04 - __main__ - INFO - 
Epoch 94/100 | lr 0.001344
2026-03-26 01:19:24 - __main__ - INFO - Train: loss 0.0044 acc1 99.99%
2026-03-26 01:19:24 - __main__ - INFO - Val:   loss 2.2662 acc1 57.24%
2026-03-26 01:19:24 - __main__ - INFO - 
Epoch 95/100 | lr 0.000991
2026-03-26 01:19:44 - __main__ - INFO - Train: loss 0.0043 acc1 99.99%
2026-03-26 01:19:44 - __main__ - INFO - Val:   loss 2.2613 acc1 57.38%
2026-03-26 01:19:44 - __main__ - INFO - 
Epoch 96/100 | lr 0.000692
2026-03-26 01:20:04 - __main__ - INFO - Train: loss 0.0046 acc1 99.99%
2026-03-26 01:20:04 - __main__ - INFO - Val:   loss 2.2690 acc1 57.59%
2026-03-26 01:20:04 - __main__ - INFO - 
Epoch 97/100 | lr 0.000447
2026-03-26 01:20:24 - __main__ - INFO - Train: loss 0.0046 acc1 99.99%
2026-03-26 01:20:24 - __main__ - INFO - Val:   loss 2.2573 acc1 57.46%
2026-03-26 01:20:24 - __main__ - INFO - 
Epoch 98/100 | lr 0.000256
2026-03-26 01:20:43 - __main__ - INFO - Train: loss 0.0044 acc1 99.99%
2026-03-26 01:20:43 - __main__ - INFO - Val:   loss 2.2514 acc1 57.51%
2026-03-26 01:20:43 - __main__ - INFO - 
Epoch 99/100 | lr 0.000119
2026-03-26 01:21:03 - __main__ - INFO - Train: loss 0.0044 acc1 99.99%
2026-03-26 01:21:03 - __main__ - INFO - Val:   loss 2.2540 acc1 57.56%
2026-03-26 01:21:03 - __main__ - INFO - 
Epoch 100/100 | lr 0.000037
2026-03-26 01:21:23 - __main__ - INFO - Train: loss 0.0043 acc1 99.99%
2026-03-26 01:21:23 - __main__ - INFO - Val:   loss 2.2594 acc1 57.64%
2026-03-26 01:21:23 - __main__ - INFO - Loaded best checkpoint weights for final test evaluation.
2026-03-26 01:21:25 - __main__ - INFO - 
Best tracked (val): 57.66%
2026-03-26 01:21:25 - __main__ - INFO - Final test: loss 2.2077 acc1 57.73%
2026-03-26 01:21:30 - __main__ - INFO - Variant [shuffled_cam_low_saliency] done — test acc 57.73%, test loss 2.2077
2026-03-26 01:21:30 - __main__ - INFO - Saved validation comparison plot: runs/cifar100_2026_03/25/densenet121/validation_comparison_plot.png
2026-03-26 01:21:30 - __main__ - INFO - 
Starting output model sweep: efficientnet_b0
2026-03-26 01:21:30 - __main__ - INFO - 
============================================================
2026-03-26 01:21:30 - __main__ - INFO - Training output model: efficientnet_b0 [original]
2026-03-26 01:21:30 - __main__ - INFO -   Resolved config → opt=sgd, lr=0.05, wd=0.0001, bs=128, epochs=100, scheduler=cosine, warmup=5
2026-03-26 01:21:30 - __main__ - INFO - ============================================================
2026-03-26 01:21:30 - __main__ - INFO -   Validation during training uses variant split with val_split=0.1
2026-03-26 01:21:30 - __main__ - INFO -   Final test uses original test split
2026-03-26 01:21:31 - __main__ - INFO - device: cuda | cuda: True | gpu: NVIDIA L4
2026-03-26 01:21:31 - __main__ - INFO - Model: efficientnet_b0 | Dataset: cifar100 | Classes: 100 | Optimizer: sgd
2026-03-26 01:21:31 - __main__ - INFO - 
Epoch 1/100 | lr 0.000050
2026-03-26 01:21:44 - __main__ - INFO - Train: loss 4.6636 acc1 1.08%
2026-03-26 01:21:44 - __main__ - INFO - Val:   loss 4.6327 acc1 0.88%
2026-03-26 01:21:44 - __main__ - INFO - saved best: 0.88%
2026-03-26 01:21:44 - __main__ - INFO - 
Epoch 2/100 | lr 0.010040
2026-03-26 01:21:56 - __main__ - INFO - Train: loss 4.5000 acc1 2.68%
2026-03-26 01:21:56 - __main__ - INFO - Val:   loss 4.1890 acc1 5.80%
2026-03-26 01:21:56 - __main__ - INFO - saved best: 5.80%
2026-03-26 01:21:56 - __main__ - INFO - 
Epoch 3/100 | lr 0.020030
2026-03-26 01:22:08 - __main__ - INFO - Train: loss 3.9838 acc1 7.67%
2026-03-26 01:22:08 - __main__ - INFO - Val:   loss 3.7920 acc1 11.20%
2026-03-26 01:22:08 - __main__ - INFO - saved best: 11.20%
2026-03-26 01:22:08 - __main__ - INFO - 
Epoch 4/100 | lr 0.030020
2026-03-26 01:22:20 - __main__ - INFO - Train: loss 3.7173 acc1 11.56%
2026-03-26 01:22:20 - __main__ - INFO - Val:   loss 3.5837 acc1 15.05%
2026-03-26 01:22:20 - __main__ - INFO - saved best: 15.05%
2026-03-26 01:22:20 - __main__ - INFO - 
Epoch 5/100 | lr 0.040010
2026-03-26 01:22:31 - __main__ - INFO - Train: loss 3.5343 acc1 14.28%
2026-03-26 01:22:31 - __main__ - INFO - Val:   loss 3.4389 acc1 16.47%
2026-03-26 01:22:31 - __main__ - INFO - saved best: 16.47%
2026-03-26 01:22:31 - __main__ - INFO - 
Epoch 6/100 | lr 0.050000
2026-03-26 01:22:43 - __main__ - INFO - Train: loss 3.3710 acc1 17.09%
2026-03-26 01:22:43 - __main__ - INFO - Val:   loss 3.3283 acc1 19.85%
2026-03-26 01:22:44 - __main__ - INFO - saved best: 19.85%
2026-03-26 01:22:44 - __main__ - INFO - 
Epoch 7/100 | lr 0.049986
2026-03-26 01:22:55 - __main__ - INFO - Train: loss 3.1874 acc1 20.54%
2026-03-26 01:22:55 - __main__ - INFO - Val:   loss 3.1770 acc1 21.80%
2026-03-26 01:22:55 - __main__ - INFO - saved best: 21.80%
2026-03-26 01:22:55 - __main__ - INFO - 
Epoch 8/100 | lr 0.049945
2026-03-26 01:23:07 - __main__ - INFO - Train: loss 3.0312 acc1 23.63%
2026-03-26 01:23:07 - __main__ - INFO - Val:   loss 3.1245 acc1 24.47%
2026-03-26 01:23:07 - __main__ - INFO - saved best: 24.47%
2026-03-26 01:23:07 - __main__ - INFO - 
Epoch 9/100 | lr 0.049877
2026-03-26 01:23:19 - __main__ - INFO - Train: loss 2.9002 acc1 26.34%
2026-03-26 01:23:19 - __main__ - INFO - Val:   loss 3.0951 acc1 24.15%
2026-03-26 01:23:19 - __main__ - INFO - 
Epoch 10/100 | lr 0.049782
2026-03-26 01:23:31 - __main__ - INFO - Train: loss 2.7636 acc1 28.93%
2026-03-26 01:23:31 - __main__ - INFO - Val:   loss 2.8089 acc1 29.61%
2026-03-26 01:23:31 - __main__ - INFO - saved best: 29.61%
2026-03-26 01:23:31 - __main__ - INFO - 
Epoch 11/100 | lr 0.049659
2026-03-26 01:23:43 - __main__ - INFO - Train: loss 2.7044 acc1 30.17%
2026-03-26 01:23:43 - __main__ - INFO - Val:   loss 2.8639 acc1 27.41%
2026-03-26 01:23:43 - __main__ - INFO - 
Epoch 12/100 | lr 0.049510
2026-03-26 01:23:55 - __main__ - INFO - Train: loss 2.7234 acc1 30.14%
2026-03-26 01:23:55 - __main__ - INFO - Val:   loss 2.6340 acc1 32.38%
2026-03-26 01:23:55 - __main__ - INFO - saved best: 32.38%
2026-03-26 01:23:55 - __main__ - INFO - 
Epoch 13/100 | lr 0.049333
2026-03-26 01:24:07 - __main__ - INFO - Train: loss 2.6407 acc1 32.04%
2026-03-26 01:24:07 - __main__ - INFO - Val:   loss 2.7025 acc1 31.77%
2026-03-26 01:24:07 - __main__ - INFO - 
Epoch 14/100 | lr 0.049130
2026-03-26 01:24:19 - __main__ - INFO - Train: loss 2.5485 acc1 33.61%
2026-03-26 01:24:19 - __main__ - INFO - Val:   loss 2.5789 acc1 33.14%
2026-03-26 01:24:19 - __main__ - INFO - saved best: 33.14%
2026-03-26 01:24:19 - __main__ - INFO - 
Epoch 15/100 | lr 0.048901
2026-03-26 01:24:30 - __main__ - INFO - Train: loss 2.5403 acc1 33.72%
2026-03-26 01:24:30 - __main__ - INFO - Val:   loss 2.6031 acc1 32.82%
2026-03-26 01:24:30 - __main__ - INFO - 
Epoch 16/100 | lr 0.048646
2026-03-26 01:24:42 - __main__ - INFO - Train: loss 2.4521 acc1 35.78%
2026-03-26 01:24:42 - __main__ - INFO - Val:   loss 2.4249 acc1 36.62%
2026-03-26 01:24:42 - __main__ - INFO - saved best: 36.62%
2026-03-26 01:24:42 - __main__ - INFO - 
Epoch 17/100 | lr 0.048364
2026-03-26 01:24:54 - __main__ - INFO - Train: loss 2.3734 acc1 37.18%
2026-03-26 01:24:54 - __main__ - INFO - Val:   loss 2.3812 acc1 37.59%
2026-03-26 01:24:54 - __main__ - INFO - saved best: 37.59%
2026-03-26 01:24:54 - __main__ - INFO - 
Epoch 18/100 | lr 0.048058
2026-03-26 01:25:06 - __main__ - INFO - Train: loss 2.3234 acc1 38.43%
2026-03-26 01:25:06 - __main__ - INFO - Val:   loss 2.4248 acc1 36.55%
2026-03-26 01:25:06 - __main__ - INFO - 
Epoch 19/100 | lr 0.047726
2026-03-26 01:25:17 - __main__ - INFO - Train: loss 2.4279 acc1 36.04%
2026-03-26 01:25:17 - __main__ - INFO - Val:   loss 2.3897 acc1 37.46%
2026-03-26 01:25:17 - __main__ - INFO - 
Epoch 20/100 | lr 0.047369
2026-03-26 01:25:29 - __main__ - INFO - Train: loss 2.2152 acc1 40.06%
2026-03-26 01:25:29 - __main__ - INFO - Val:   loss 2.2879 acc1 39.88%
2026-03-26 01:25:29 - __main__ - INFO - saved best: 39.88%
2026-03-26 01:25:29 - __main__ - INFO - 
Epoch 21/100 | lr 0.046987
2026-03-26 01:25:41 - __main__ - INFO - Train: loss 2.1753 acc1 41.35%
2026-03-26 01:25:41 - __main__ - INFO - Val:   loss 2.2993 acc1 39.39%
2026-03-26 01:25:41 - __main__ - INFO - 
Epoch 22/100 | lr 0.046582
2026-03-26 01:25:52 - __main__ - INFO - Train: loss 2.1381 acc1 42.08%
2026-03-26 01:25:52 - __main__ - INFO - Val:   loss 2.3147 acc1 39.30%
2026-03-26 01:25:52 - __main__ - INFO - 
Epoch 23/100 | lr 0.046153
2026-03-26 01:26:04 - __main__ - INFO - Train: loss 2.4312 acc1 36.36%
2026-03-26 01:26:04 - __main__ - INFO - Val:   loss 2.5259 acc1 35.42%
2026-03-26 01:26:04 - __main__ - INFO - 
Epoch 24/100 | lr 0.045701
2026-03-26 01:26:17 - __main__ - INFO - Train: loss 2.2361 acc1 39.99%
2026-03-26 01:26:17 - __main__ - INFO - Val:   loss 2.3232 acc1 39.80%
2026-03-26 01:26:17 - __main__ - INFO - 
Epoch 25/100 | lr 0.045226
2026-03-26 01:26:28 - __main__ - INFO - Train: loss 2.1146 acc1 42.39%
2026-03-26 01:26:28 - __main__ - INFO - Val:   loss 2.6246 acc1 35.03%
2026-03-26 01:26:28 - __main__ - INFO - 
Epoch 26/100 | lr 0.044730
2026-03-26 01:26:41 - __main__ - INFO - Train: loss 2.1030 acc1 42.88%
2026-03-26 01:26:41 - __main__ - INFO - Val:   loss 2.3232 acc1 39.35%
2026-03-26 01:26:41 - __main__ - INFO - 
Epoch 27/100 | lr 0.044211
2026-03-26 01:26:53 - __main__ - INFO - Train: loss 2.0692 acc1 43.95%
2026-03-26 01:26:53 - __main__ - INFO - Val:   loss 2.2357 acc1 41.80%
2026-03-26 01:26:53 - __main__ - INFO - saved best: 41.80%
2026-03-26 01:26:53 - __main__ - INFO - 
Epoch 28/100 | lr 0.043672
2026-03-26 01:27:05 - __main__ - INFO - Train: loss 2.0538 acc1 44.01%
2026-03-26 01:27:05 - __main__ - INFO - Val:   loss 2.2267 acc1 42.12%
2026-03-26 01:27:05 - __main__ - INFO - saved best: 42.12%
2026-03-26 01:27:05 - __main__ - INFO - 
Epoch 29/100 | lr 0.043112
2026-03-26 01:27:17 - __main__ - INFO - Train: loss 2.1442 acc1 42.06%
2026-03-26 01:27:17 - __main__ - INFO - Val:   loss 2.5354 acc1 34.97%
2026-03-26 01:27:17 - __main__ - INFO - 
Epoch 30/100 | lr 0.042532
2026-03-26 01:27:29 - __main__ - INFO - Train: loss 2.3040 acc1 39.16%
2026-03-26 01:27:29 - __main__ - INFO - Val:   loss 2.7103 acc1 31.77%
2026-03-26 01:27:29 - __main__ - INFO - 
Epoch 31/100 | lr 0.041934
2026-03-26 01:27:42 - __main__ - INFO - Train: loss 2.1287 acc1 42.67%
2026-03-26 01:27:42 - __main__ - INFO - Val:   loss 2.1824 acc1 43.13%
2026-03-26 01:27:42 - __main__ - INFO - saved best: 43.13%
2026-03-26 01:27:42 - __main__ - INFO - 
Epoch 32/100 | lr 0.041316
2026-03-26 01:27:53 - __main__ - INFO - Train: loss 2.0825 acc1 43.75%
2026-03-26 01:27:53 - __main__ - INFO - Val:   loss 2.2356 acc1 42.85%
2026-03-26 01:27:53 - __main__ - INFO - 
Epoch 33/100 | lr 0.040681
2026-03-26 01:28:05 - __main__ - INFO - Train: loss 1.9491 acc1 46.24%
2026-03-26 01:28:05 - __main__ - INFO - Val:   loss 2.2284 acc1 42.40%
2026-03-26 01:28:05 - __main__ - INFO - 
Epoch 34/100 | lr 0.040029
2026-03-26 01:28:16 - __main__ - INFO - Train: loss 1.8945 acc1 47.73%
2026-03-26 01:28:16 - __main__ - INFO - Val:   loss 2.2053 acc1 43.23%
2026-03-26 01:28:16 - __main__ - INFO - saved best: 43.23%
2026-03-26 01:28:16 - __main__ - INFO - 
Epoch 35/100 | lr 0.039360
2026-03-26 01:28:29 - __main__ - INFO - Train: loss 1.8637 acc1 48.59%
2026-03-26 01:28:29 - __main__ - INFO - Val:   loss 2.2145 acc1 43.07%
2026-03-26 01:28:29 - __main__ - INFO - 
Epoch 36/100 | lr 0.038676
2026-03-26 01:28:41 - __main__ - INFO - Train: loss 1.7897 acc1 49.83%
2026-03-26 01:28:41 - __main__ - INFO - Val:   loss 2.2588 acc1 41.55%
2026-03-26 01:28:41 - __main__ - INFO - 
Epoch 37/100 | lr 0.037977
2026-03-26 01:28:52 - __main__ - INFO - Train: loss 1.7158 acc1 51.72%
2026-03-26 01:28:52 - __main__ - INFO - Val:   loss 2.1754 acc1 43.83%
2026-03-26 01:28:52 - __main__ - INFO - saved best: 43.83%
2026-03-26 01:28:52 - __main__ - INFO - 
Epoch 38/100 | lr 0.037263
2026-03-26 01:29:04 - __main__ - INFO - Train: loss 1.6907 acc1 52.13%
2026-03-26 01:29:04 - __main__ - INFO - Val:   loss 2.1629 acc1 44.60%
2026-03-26 01:29:04 - __main__ - INFO - saved best: 44.60%
2026-03-26 01:29:04 - __main__ - INFO - 
Epoch 39/100 | lr 0.036536
2026-03-26 01:29:15 - __main__ - INFO - Train: loss 1.7022 acc1 52.00%
2026-03-26 01:29:15 - __main__ - INFO - Val:   loss 2.2175 acc1 43.22%
2026-03-26 01:29:15 - __main__ - INFO - 
Epoch 40/100 | lr 0.035797
2026-03-26 01:29:27 - __main__ - INFO - Train: loss 1.5839 acc1 54.67%
2026-03-26 01:29:27 - __main__ - INFO - Val:   loss 2.1079 acc1 46.09%
2026-03-26 01:29:27 - __main__ - INFO - saved best: 46.09%
2026-03-26 01:29:27 - __main__ - INFO - 
Epoch 41/100 | lr 0.035045
2026-03-26 01:29:38 - __main__ - INFO - Train: loss 1.4933 acc1 56.76%
2026-03-26 01:29:38 - __main__ - INFO - Val:   loss 2.0789 acc1 46.81%
2026-03-26 01:29:38 - __main__ - INFO - saved best: 46.81%
2026-03-26 01:29:38 - __main__ - INFO - 
Epoch 42/100 | lr 0.034283
2026-03-26 01:29:51 - __main__ - INFO - Train: loss 1.4450 acc1 58.39%
2026-03-26 01:29:51 - __main__ - INFO - Val:   loss 2.1095 acc1 46.26%
2026-03-26 01:29:51 - __main__ - INFO - 
Epoch 43/100 | lr 0.033511
2026-03-26 01:30:02 - __main__ - INFO - Train: loss 1.4026 acc1 59.09%
2026-03-26 01:30:02 - __main__ - INFO - Val:   loss 2.1248 acc1 47.00%
2026-03-26 01:30:02 - __main__ - INFO - saved best: 47.00%
2026-03-26 01:30:02 - __main__ - INFO - 
Epoch 44/100 | lr 0.032729
2026-03-26 01:30:14 - __main__ - INFO - Train: loss 1.3575 acc1 60.14%
2026-03-26 01:30:14 - __main__ - INFO - Val:   loss 2.1054 acc1 47.33%
2026-03-26 01:30:14 - __main__ - INFO - saved best: 47.33%
2026-03-26 01:30:14 - __main__ - INFO - 
Epoch 45/100 | lr 0.031939
2026-03-26 01:30:26 - __main__ - INFO - Train: loss 1.3162 acc1 61.24%
2026-03-26 01:30:26 - __main__ - INFO - Val:   loss 2.0702 acc1 47.27%
2026-03-26 01:30:26 - __main__ - INFO - 
Epoch 46/100 | lr 0.031141
2026-03-26 01:30:38 - __main__ - INFO - Train: loss 1.2873 acc1 62.05%
2026-03-26 01:30:38 - __main__ - INFO - Val:   loss 2.1746 acc1 45.52%
2026-03-26 01:30:38 - __main__ - INFO - 
Epoch 47/100 | lr 0.030336
2026-03-26 01:30:50 - __main__ - INFO - Train: loss 1.2301 acc1 63.37%
2026-03-26 01:30:50 - __main__ - INFO - Val:   loss 2.2265 acc1 46.26%
2026-03-26 01:30:50 - __main__ - INFO - 
Epoch 48/100 | lr 0.029526
2026-03-26 01:31:02 - __main__ - INFO - Train: loss 1.1869 acc1 64.35%
2026-03-26 01:31:02 - __main__ - INFO - Val:   loss 2.1619 acc1 47.65%
2026-03-26 01:31:02 - __main__ - INFO - saved best: 47.65%
2026-03-26 01:31:02 - __main__ - INFO - 
Epoch 49/100 | lr 0.028711
2026-03-26 01:31:14 - __main__ - INFO - Train: loss 1.1490 acc1 65.49%
2026-03-26 01:31:14 - __main__ - INFO - Val:   loss 2.1930 acc1 46.87%
2026-03-26 01:31:14 - __main__ - INFO - 
Epoch 50/100 | lr 0.027892
2026-03-26 01:31:26 - __main__ - INFO - Train: loss 1.1030 acc1 66.51%
2026-03-26 01:31:26 - __main__ - INFO - Val:   loss 2.2069 acc1 47.70%
2026-03-26 01:31:26 - __main__ - INFO - saved best: 47.70%
2026-03-26 01:31:26 - __main__ - INFO - 
Epoch 51/100 | lr 0.027069
2026-03-26 01:31:38 - __main__ - INFO - Train: loss 1.0643 acc1 67.92%
2026-03-26 01:31:38 - __main__ - INFO - Val:   loss 2.1701 acc1 48.10%
2026-03-26 01:31:38 - __main__ - INFO - saved best: 48.10%
2026-03-26 01:31:38 - __main__ - INFO - 
Epoch 52/100 | lr 0.026244
2026-03-26 01:31:50 - __main__ - INFO - Train: loss 1.0285 acc1 68.56%
2026-03-26 01:31:50 - __main__ - INFO - Val:   loss 2.2739 acc1 46.80%
2026-03-26 01:31:50 - __main__ - INFO - 
Epoch 53/100 | lr 0.025418
2026-03-26 01:32:02 - __main__ - INFO - Train: loss 0.9733 acc1 70.14%
2026-03-26 01:32:02 - __main__ - INFO - Val:   loss 2.2148 acc1 48.63%
2026-03-26 01:32:02 - __main__ - INFO - saved best: 48.63%
2026-03-26 01:32:02 - __main__ - INFO - 
Epoch 54/100 | lr 0.024592
2026-03-26 01:32:14 - __main__ - INFO - Train: loss 0.9443 acc1 71.07%
2026-03-26 01:32:14 - __main__ - INFO - Val:   loss 2.2280 acc1 48.69%
2026-03-26 01:32:14 - __main__ - INFO - saved best: 48.69%
2026-03-26 01:32:14 - __main__ - INFO - 
Epoch 55/100 | lr 0.023766
2026-03-26 01:32:26 - __main__ - INFO - Train: loss 0.9095 acc1 71.63%
2026-03-26 01:32:26 - __main__ - INFO - Val:   loss 2.2616 acc1 47.76%
2026-03-26 01:32:26 - __main__ - INFO - 
Epoch 56/100 | lr 0.022941
2026-03-26 01:32:37 - __main__ - INFO - Train: loss 0.8598 acc1 73.27%
2026-03-26 01:32:37 - __main__ - INFO - Val:   loss 2.2876 acc1 48.99%
2026-03-26 01:32:37 - __main__ - INFO - saved best: 48.99%
2026-03-26 01:32:37 - __main__ - INFO - 
Epoch 57/100 | lr 0.022118
2026-03-26 01:32:49 - __main__ - INFO - Train: loss 0.8310 acc1 74.01%
2026-03-26 01:32:49 - __main__ - INFO - Val:   loss 2.3926 acc1 48.23%
2026-03-26 01:32:49 - __main__ - INFO - 
Epoch 58/100 | lr 0.021299
2026-03-26 01:33:02 - __main__ - INFO - Train: loss 0.7829 acc1 75.50%
2026-03-26 01:33:02 - __main__ - INFO - Val:   loss 2.3708 acc1 48.51%
2026-03-26 01:33:02 - __main__ - INFO - 
Epoch 59/100 | lr 0.020484
2026-03-26 01:33:14 - __main__ - INFO - Train: loss 0.7430 acc1 76.57%
2026-03-26 01:33:14 - __main__ - INFO - Val:   loss 2.4111 acc1 48.24%
2026-03-26 01:33:14 - __main__ - INFO - 
Epoch 60/100 | lr 0.019674
2026-03-26 01:33:26 - __main__ - INFO - Train: loss 0.7148 acc1 77.30%
2026-03-26 01:33:26 - __main__ - INFO - Val:   loss 2.3746 acc1 48.14%
2026-03-26 01:33:26 - __main__ - INFO - 
Epoch 61/100 | lr 0.018869
2026-03-26 01:33:39 - __main__ - INFO - Train: loss 0.6613 acc1 79.10%
2026-03-26 01:33:39 - __main__ - INFO - Val:   loss 2.4526 acc1 48.57%
2026-03-26 01:33:39 - __main__ - INFO - 
Epoch 62/100 | lr 0.018071
2026-03-26 01:33:50 - __main__ - INFO - Train: loss 0.6166 acc1 80.59%
2026-03-26 01:33:50 - __main__ - INFO - Val:   loss 2.4413 acc1 49.45%
2026-03-26 01:33:50 - __main__ - INFO - saved best: 49.45%
2026-03-26 01:33:50 - __main__ - INFO - 
Epoch 63/100 | lr 0.017281
2026-03-26 01:34:03 - __main__ - INFO - Train: loss 0.5874 acc1 81.04%
2026-03-26 01:34:03 - __main__ - INFO - Val:   loss 2.5106 acc1 48.63%
2026-03-26 01:34:03 - __main__ - INFO - 
Epoch 64/100 | lr 0.016499
2026-03-26 01:34:14 - __main__ - INFO - Train: loss 0.5551 acc1 82.14%
2026-03-26 01:34:14 - __main__ - INFO - Val:   loss 2.5244 acc1 48.48%
2026-03-26 01:34:14 - __main__ - INFO - 
Epoch 65/100 | lr 0.015727
2026-03-26 01:34:26 - __main__ - INFO - Train: loss 0.5184 acc1 83.42%
2026-03-26 01:34:26 - __main__ - INFO - Val:   loss 2.5697 acc1 48.39%
2026-03-26 01:34:26 - __main__ - INFO - 
Epoch 66/100 | lr 0.014965
2026-03-26 01:34:37 - __main__ - INFO - Train: loss 0.4836 acc1 84.58%
2026-03-26 01:34:37 - __main__ - INFO - Val:   loss 2.6060 acc1 48.81%
2026-03-26 01:34:37 - __main__ - INFO - 
Epoch 67/100 | lr 0.014213
2026-03-26 01:34:49 - __main__ - INFO - Train: loss 0.4450 acc1 85.52%
2026-03-26 01:34:49 - __main__ - INFO - Val:   loss 2.6237 acc1 48.92%
2026-03-26 01:34:49 - __main__ - INFO - 
Epoch 68/100 | lr 0.013474
2026-03-26 01:35:02 - __main__ - INFO - Train: loss 0.4089 acc1 86.81%
2026-03-26 01:35:02 - __main__ - INFO - Val:   loss 2.5919 acc1 49.36%
2026-03-26 01:35:02 - __main__ - INFO - 
Epoch 69/100 | lr 0.012747
2026-03-26 01:35:13 - __main__ - INFO - Train: loss 0.3787 acc1 87.90%
2026-03-26 01:35:13 - __main__ - INFO - Val:   loss 2.6746 acc1 48.81%
2026-03-26 01:35:13 - __main__ - INFO - 
Epoch 70/100 | lr 0.012033
2026-03-26 01:35:26 - __main__ - INFO - Train: loss 0.3466 acc1 88.98%
2026-03-26 01:35:26 - __main__ - INFO - Val:   loss 2.7152 acc1 49.33%
2026-03-26 01:35:26 - __main__ - INFO - 
Epoch 71/100 | lr 0.011334
2026-03-26 01:35:38 - __main__ - INFO - Train: loss 0.3316 acc1 89.30%
2026-03-26 01:35:38 - __main__ - INFO - Val:   loss 2.6883 acc1 48.87%
2026-03-26 01:35:38 - __main__ - INFO - 
Epoch 72/100 | lr 0.010650
2026-03-26 01:35:50 - __main__ - INFO - Train: loss 0.2966 acc1 90.61%
2026-03-26 01:35:50 - __main__ - INFO - Val:   loss 2.7431 acc1 49.55%
2026-03-26 01:35:50 - __main__ - INFO - saved best: 49.55%
2026-03-26 01:35:50 - __main__ - INFO - 
Epoch 73/100 | lr 0.009981
2026-03-26 01:36:02 - __main__ - INFO - Train: loss 0.2792 acc1 91.17%
2026-03-26 01:36:02 - __main__ - INFO - Val:   loss 2.7488 acc1 50.09%
2026-03-26 01:36:02 - __main__ - INFO - saved best: 50.09%
2026-03-26 01:36:02 - __main__ - INFO - 
Epoch 74/100 | lr 0.009329
2026-03-26 01:36:14 - __main__ - INFO - Train: loss 0.2529 acc1 92.05%
2026-03-26 01:36:14 - __main__ - INFO - Val:   loss 2.7905 acc1 49.91%
2026-03-26 01:36:14 - __main__ - INFO - 
Epoch 75/100 | lr 0.008694
2026-03-26 01:36:26 - __main__ - INFO - Train: loss 0.2372 acc1 92.61%
2026-03-26 01:36:26 - __main__ - INFO - Val:   loss 2.7849 acc1 49.86%
2026-03-26 01:36:26 - __main__ - INFO - 
Epoch 76/100 | lr 0.008076
2026-03-26 01:36:38 - __main__ - INFO - Train: loss 0.2119 acc1 93.48%
2026-03-26 01:36:38 - __main__ - INFO - Val:   loss 2.7895 acc1 49.44%
2026-03-26 01:36:38 - __main__ - INFO - 
Epoch 77/100 | lr 0.007478
2026-03-26 01:36:51 - __main__ - INFO - Train: loss 0.1946 acc1 94.12%
2026-03-26 01:36:51 - __main__ - INFO - Val:   loss 2.8137 acc1 50.28%
2026-03-26 01:36:51 - __main__ - INFO - saved best: 50.28%
2026-03-26 01:36:51 - __main__ - INFO - 
Epoch 78/100 | lr 0.006898
2026-03-26 01:37:03 - __main__ - INFO - Train: loss 0.1771 acc1 94.68%
2026-03-26 01:37:03 - __main__ - INFO - Val:   loss 2.8158 acc1 49.82%
2026-03-26 01:37:03 - __main__ - INFO - 
Epoch 79/100 | lr 0.006338
2026-03-26 01:37:15 - __main__ - INFO - Train: loss 0.1675 acc1 95.08%
2026-03-26 01:37:15 - __main__ - INFO - Val:   loss 2.8336 acc1 50.13%
2026-03-26 01:37:15 - __main__ - INFO - 
Epoch 80/100 | lr 0.005799
2026-03-26 01:37:27 - __main__ - INFO - Train: loss 0.1567 acc1 95.43%
2026-03-26 01:37:27 - __main__ - INFO - Val:   loss 2.8041 acc1 50.62%
2026-03-26 01:37:27 - __main__ - INFO - saved best: 50.62%
2026-03-26 01:37:27 - __main__ - INFO - 
Epoch 81/100 | lr 0.005280
2026-03-26 01:37:39 - __main__ - INFO - Train: loss 0.1451 acc1 95.70%
2026-03-26 01:37:39 - __main__ - INFO - Val:   loss 2.8392 acc1 50.41%
2026-03-26 01:37:39 - __main__ - INFO - 
Epoch 82/100 | lr 0.004784
2026-03-26 01:37:50 - __main__ - INFO - Train: loss 0.1365 acc1 96.09%
2026-03-26 01:37:50 - __main__ - INFO - Val:   loss 2.8390 acc1 50.57%
2026-03-26 01:37:50 - __main__ - INFO - 
Epoch 83/100 | lr 0.004309
2026-03-26 01:38:02 - __main__ - INFO - Train: loss 0.1268 acc1 96.41%
2026-03-26 01:38:02 - __main__ - INFO - Val:   loss 2.8352 acc1 50.29%
2026-03-26 01:38:02 - __main__ - INFO - 
Epoch 84/100 | lr 0.003857
2026-03-26 01:38:14 - __main__ - INFO - Train: loss 0.1183 acc1 96.65%
2026-03-26 01:38:14 - __main__ - INFO - Val:   loss 2.8422 acc1 50.39%
2026-03-26 01:38:14 - __main__ - INFO - 
Epoch 85/100 | lr 0.003428
2026-03-26 01:38:26 - __main__ - INFO - Train: loss 0.1180 acc1 96.72%
2026-03-26 01:38:26 - __main__ - INFO - Val:   loss 2.8621 acc1 50.85%
2026-03-26 01:38:27 - __main__ - INFO - saved best: 50.85%
2026-03-26 01:38:27 - __main__ - INFO - 
Epoch 86/100 | lr 0.003023
2026-03-26 01:38:38 - __main__ - INFO - Train: loss 0.1062 acc1 97.06%
2026-03-26 01:38:38 - __main__ - INFO - Val:   loss 2.8473 acc1 50.63%
2026-03-26 01:38:38 - __main__ - INFO - 
Epoch 87/100 | lr 0.002641
2026-03-26 01:38:50 - __main__ - INFO - Train: loss 0.1019 acc1 97.35%
2026-03-26 01:38:50 - __main__ - INFO - Val:   loss 2.8539 acc1 50.84%
2026-03-26 01:38:50 - __main__ - INFO - 
Epoch 88/100 | lr 0.002284
2026-03-26 01:39:01 - __main__ - INFO - Train: loss 0.0950 acc1 97.58%
2026-03-26 01:39:01 - __main__ - INFO - Val:   loss 2.8522 acc1 51.05%
2026-03-26 01:39:01 - __main__ - INFO - saved best: 51.05%
2026-03-26 01:39:01 - __main__ - INFO - 
Epoch 89/100 | lr 0.001952
2026-03-26 01:39:14 - __main__ - INFO - Train: loss 0.0932 acc1 97.59%
2026-03-26 01:39:14 - __main__ - INFO - Val:   loss 2.8490 acc1 50.96%
2026-03-26 01:39:14 - __main__ - INFO - 
Epoch 90/100 | lr 0.001646
2026-03-26 01:39:26 - __main__ - INFO - Train: loss 0.0900 acc1 97.67%
2026-03-26 01:39:26 - __main__ - INFO - Val:   loss 2.8409 acc1 51.41%
2026-03-26 01:39:26 - __main__ - INFO - saved best: 51.41%
2026-03-26 01:39:26 - __main__ - INFO - 
Epoch 91/100 | lr 0.001364
2026-03-26 01:39:37 - __main__ - INFO - Train: loss 0.0864 acc1 97.86%
2026-03-26 01:39:37 - __main__ - INFO - Val:   loss 2.8690 acc1 51.05%
2026-03-26 01:39:37 - __main__ - INFO - 
Epoch 92/100 | lr 0.001109
2026-03-26 01:39:49 - __main__ - INFO - Train: loss 0.0833 acc1 97.89%
2026-03-26 01:39:49 - __main__ - INFO - Val:   loss 2.8461 acc1 50.96%
2026-03-26 01:39:49 - __main__ - INFO - 
Epoch 93/100 | lr 0.000880
2026-03-26 01:40:01 - __main__ - INFO - Train: loss 0.0824 acc1 97.94%
2026-03-26 01:40:01 - __main__ - INFO - Val:   loss 2.8496 acc1 51.12%
2026-03-26 01:40:01 - __main__ - INFO - 
Epoch 94/100 | lr 0.000677
2026-03-26 01:40:12 - __main__ - INFO - Train: loss 0.0809 acc1 98.02%
2026-03-26 01:40:12 - __main__ - INFO - Val:   loss 2.8514 acc1 50.72%
2026-03-26 01:40:12 - __main__ - INFO - 
Epoch 95/100 | lr 0.000500
2026-03-26 01:40:24 - __main__ - INFO - Train: loss 0.0815 acc1 97.91%
2026-03-26 01:40:24 - __main__ - INFO - Val:   loss 2.8745 acc1 50.89%
2026-03-26 01:40:24 - __main__ - INFO - 
Epoch 96/100 | lr 0.000351
2026-03-26 01:40:36 - __main__ - INFO - Train: loss 0.0805 acc1 97.97%
2026-03-26 01:40:36 - __main__ - INFO - Val:   loss 2.8569 acc1 51.20%
2026-03-26 01:40:36 - __main__ - INFO - 
Epoch 97/100 | lr 0.000228
2026-03-26 01:40:48 - __main__ - INFO - Train: loss 0.0769 acc1 98.15%
2026-03-26 01:40:48 - __main__ - INFO - Val:   loss 2.8678 acc1 50.62%
2026-03-26 01:40:48 - __main__ - INFO - 
Epoch 98/100 | lr 0.000133
2026-03-26 01:41:00 - __main__ - INFO - Train: loss 0.0799 acc1 97.98%
2026-03-26 01:41:00 - __main__ - INFO - Val:   loss 2.8465 acc1 51.04%
2026-03-26 01:41:00 - __main__ - INFO - 
Epoch 99/100 | lr 0.000065
2026-03-26 01:41:12 - __main__ - INFO - Train: loss 0.0778 acc1 98.12%
2026-03-26 01:41:12 - __main__ - INFO - Val:   loss 2.8546 acc1 50.85%
2026-03-26 01:41:12 - __main__ - INFO - 
Epoch 100/100 | lr 0.000024
2026-03-26 01:41:24 - __main__ - INFO - Train: loss 0.0800 acc1 97.99%
2026-03-26 01:41:24 - __main__ - INFO - Val:   loss 2.8513 acc1 51.08%
2026-03-26 01:41:24 - __main__ - INFO - Loaded best checkpoint weights for final test evaluation.
2026-03-26 01:41:26 - __main__ - INFO - 
Best tracked (val): 51.41%
2026-03-26 01:41:26 - __main__ - INFO - Final test: loss 2.7216 acc1 52.36%
2026-03-26 01:41:30 - __main__ - INFO - Variant [original] done — test acc 52.36%, test loss 2.7216
2026-03-26 01:41:30 - __main__ - INFO - 
============================================================
2026-03-26 01:41:30 - __main__ - INFO - Training output model: efficientnet_b0 [low_saliency]
2026-03-26 01:41:30 - __main__ - INFO -   Resolved config → opt=sgd, lr=0.05, wd=0.0001, bs=128, epochs=100, scheduler=cosine, warmup=5
2026-03-26 01:41:30 - __main__ - INFO - ============================================================
2026-03-26 01:41:30 - __main__ - INFO -   Validation during training uses variant split with val_split=0.1
2026-03-26 01:41:30 - __main__ - INFO -   Final test uses low_saliency variant test split
2026-03-26 01:41:30 - __main__ - INFO - device: cuda | cuda: True | gpu: NVIDIA L4
2026-03-26 01:41:31 - __main__ - INFO - Model: efficientnet_b0 | Dataset: cifar100 | Classes: 100 | Optimizer: sgd
2026-03-26 01:41:31 - __main__ - INFO - 
Epoch 1/100 | lr 0.000050
2026-03-26 01:41:42 - __main__ - INFO - Train: loss 4.6673 acc1 1.13%
2026-03-26 01:41:42 - __main__ - INFO - Val:   loss 4.6745 acc1 0.83%
2026-03-26 01:41:42 - __main__ - INFO - saved best: 0.83%
2026-03-26 01:41:42 - __main__ - INFO - 
Epoch 2/100 | lr 0.010040
2026-03-26 01:41:55 - __main__ - INFO - Train: loss 4.4945 acc1 2.56%
2026-03-26 01:41:55 - __main__ - INFO - Val:   loss 4.2262 acc1 4.99%
2026-03-26 01:41:55 - __main__ - INFO - saved best: 4.99%
2026-03-26 01:41:55 - __main__ - INFO - 
Epoch 3/100 | lr 0.020030
2026-03-26 01:42:08 - __main__ - INFO - Train: loss 4.0400 acc1 7.38%
2026-03-26 01:42:08 - __main__ - INFO - Val:   loss 3.7939 acc1 10.20%
2026-03-26 01:42:08 - __main__ - INFO - saved best: 10.20%
2026-03-26 01:42:08 - __main__ - INFO - 
Epoch 4/100 | lr 0.030020
2026-03-26 01:42:20 - __main__ - INFO - Train: loss 3.7609 acc1 10.92%
2026-03-26 01:42:20 - __main__ - INFO - Val:   loss 3.6182 acc1 13.99%
2026-03-26 01:42:20 - __main__ - INFO - saved best: 13.99%
2026-03-26 01:42:20 - __main__ - INFO - 
Epoch 5/100 | lr 0.040010
2026-03-26 01:42:32 - __main__ - INFO - Train: loss 3.5330 acc1 14.81%
2026-03-26 01:42:32 - __main__ - INFO - Val:   loss 3.3748 acc1 18.49%
2026-03-26 01:42:32 - __main__ - INFO - saved best: 18.49%
2026-03-26 01:42:32 - __main__ - INFO - 
Epoch 6/100 | lr 0.050000
2026-03-26 01:42:44 - __main__ - INFO - Train: loss 3.3342 acc1 18.33%
2026-03-26 01:42:44 - __main__ - INFO - Val:   loss 3.3014 acc1 19.83%
2026-03-26 01:42:44 - __main__ - INFO - saved best: 19.83%
2026-03-26 01:42:44 - __main__ - INFO - 
Epoch 7/100 | lr 0.049986
2026-03-26 01:42:56 - __main__ - INFO - Train: loss 3.1368 acc1 21.92%
2026-03-26 01:42:56 - __main__ - INFO - Val:   loss 3.1067 acc1 23.83%
2026-03-26 01:42:56 - __main__ - INFO - saved best: 23.83%
2026-03-26 01:42:56 - __main__ - INFO - 
Epoch 8/100 | lr 0.049945
2026-03-26 01:43:08 - __main__ - INFO - Train: loss 2.9494 acc1 25.37%
2026-03-26 01:43:08 - __main__ - INFO - Val:   loss 2.9183 acc1 26.76%
2026-03-26 01:43:08 - __main__ - INFO - saved best: 26.76%
2026-03-26 01:43:08 - __main__ - INFO - 
Epoch 9/100 | lr 0.049877
2026-03-26 01:43:21 - __main__ - INFO - Train: loss 2.7935 acc1 28.57%
2026-03-26 01:43:21 - __main__ - INFO - Val:   loss 2.7002 acc1 30.33%
2026-03-26 01:43:21 - __main__ - INFO - saved best: 30.33%
2026-03-26 01:43:21 - __main__ - INFO - 
Epoch 10/100 | lr 0.049782
2026-03-26 01:43:33 - __main__ - INFO - Train: loss 2.6662 acc1 30.93%
2026-03-26 01:43:33 - __main__ - INFO - Val:   loss 2.6165 acc1 32.61%
2026-03-26 01:43:33 - __main__ - INFO - saved best: 32.61%
2026-03-26 01:43:33 - __main__ - INFO - 
Epoch 11/100 | lr 0.049659
2026-03-26 01:43:45 - __main__ - INFO - Train: loss 2.6016 acc1 32.43%
2026-03-26 01:43:45 - __main__ - INFO - Val:   loss 2.5800 acc1 33.16%
2026-03-26 01:43:45 - __main__ - INFO - saved best: 33.16%
2026-03-26 01:43:45 - __main__ - INFO - 
Epoch 12/100 | lr 0.049510
2026-03-26 01:43:56 - __main__ - INFO - Train: loss 2.4645 acc1 35.06%
2026-03-26 01:43:56 - __main__ - INFO - Val:   loss 2.4836 acc1 34.76%
2026-03-26 01:43:56 - __main__ - INFO - saved best: 34.76%
2026-03-26 01:43:56 - __main__ - INFO - 
Epoch 13/100 | lr 0.049333
2026-03-26 01:44:08 - __main__ - INFO - Train: loss 2.3762 acc1 37.01%
2026-03-26 01:44:08 - __main__ - INFO - Val:   loss 2.4413 acc1 37.00%
2026-03-26 01:44:08 - __main__ - INFO - saved best: 37.00%
2026-03-26 01:44:08 - __main__ - INFO - 
Epoch 14/100 | lr 0.049130
2026-03-26 01:44:20 - __main__ - INFO - Train: loss 2.3125 acc1 38.30%
2026-03-26 01:44:20 - __main__ - INFO - Val:   loss 2.3412 acc1 37.68%
2026-03-26 01:44:20 - __main__ - INFO - saved best: 37.68%
2026-03-26 01:44:20 - __main__ - INFO - 
Epoch 15/100 | lr 0.048901
2026-03-26 01:44:33 - __main__ - INFO - Train: loss 2.3500 acc1 38.01%
2026-03-26 01:44:33 - __main__ - INFO - Val:   loss 2.2984 acc1 38.74%
2026-03-26 01:44:33 - __main__ - INFO - saved best: 38.74%
2026-03-26 01:44:33 - __main__ - INFO - 
Epoch 16/100 | lr 0.048646
2026-03-26 01:44:45 - __main__ - INFO - Train: loss 2.2784 acc1 39.36%
2026-03-26 01:44:45 - __main__ - INFO - Val:   loss 2.4552 acc1 36.39%
2026-03-26 01:44:45 - __main__ - INFO - 
Epoch 17/100 | lr 0.048364
2026-03-26 01:44:57 - __main__ - INFO - Train: loss 2.2801 acc1 39.33%
2026-03-26 01:44:57 - __main__ - INFO - Val:   loss 2.3004 acc1 39.43%
2026-03-26 01:44:57 - __main__ - INFO - saved best: 39.43%
2026-03-26 01:44:57 - __main__ - INFO - 
Epoch 18/100 | lr 0.048058
2026-03-26 01:45:09 - __main__ - INFO - Train: loss 2.1361 acc1 42.34%
2026-03-26 01:45:09 - __main__ - INFO - Val:   loss 2.1740 acc1 42.52%
2026-03-26 01:45:09 - __main__ - INFO - saved best: 42.52%
2026-03-26 01:45:09 - __main__ - INFO - 
Epoch 19/100 | lr 0.047726
2026-03-26 01:45:21 - __main__ - INFO - Train: loss 2.2761 acc1 39.68%
2026-03-26 01:45:21 - __main__ - INFO - Val:   loss 2.2647 acc1 40.90%
2026-03-26 01:45:21 - __main__ - INFO - 
Epoch 20/100 | lr 0.047369
2026-03-26 01:45:33 - __main__ - INFO - Train: loss 2.1926 acc1 41.21%
2026-03-26 01:45:33 - __main__ - INFO - Val:   loss 2.2205 acc1 41.46%
2026-03-26 01:45:33 - __main__ - INFO - 
Epoch 21/100 | lr 0.046987
2026-03-26 01:45:45 - __main__ - INFO - Train: loss 2.0506 acc1 44.35%
2026-03-26 01:45:45 - __main__ - INFO - Val:   loss 2.2138 acc1 41.29%
2026-03-26 01:45:45 - __main__ - INFO - 
Epoch 22/100 | lr 0.046582
2026-03-26 01:45:57 - __main__ - INFO - Train: loss 2.0682 acc1 43.96%
2026-03-26 01:45:57 - __main__ - INFO - Val:   loss 2.0857 acc1 43.95%
2026-03-26 01:45:57 - __main__ - INFO - saved best: 43.95%
2026-03-26 01:45:57 - __main__ - INFO - 
Epoch 23/100 | lr 0.046153
2026-03-26 01:46:10 - __main__ - INFO - Train: loss 1.9579 acc1 46.86%
2026-03-26 01:46:10 - __main__ - INFO - Val:   loss 2.0587 acc1 45.65%
2026-03-26 01:46:10 - __main__ - INFO - saved best: 45.65%
2026-03-26 01:46:10 - __main__ - INFO - 
Epoch 24/100 | lr 0.045701
2026-03-26 01:46:22 - __main__ - INFO - Train: loss 2.0726 acc1 44.26%
2026-03-26 01:46:22 - __main__ - INFO - Val:   loss 2.1113 acc1 44.35%
2026-03-26 01:46:22 - __main__ - INFO - 
Epoch 25/100 | lr 0.045226
2026-03-26 01:46:34 - __main__ - INFO - Train: loss 1.8760 acc1 48.22%
2026-03-26 01:46:34 - __main__ - INFO - Val:   loss 2.0219 acc1 46.59%
2026-03-26 01:46:34 - __main__ - INFO - saved best: 46.59%
2026-03-26 01:46:34 - __main__ - INFO - 
Epoch 26/100 | lr 0.044730
2026-03-26 01:46:46 - __main__ - INFO - Train: loss 1.9176 acc1 47.51%
2026-03-26 01:46:46 - __main__ - INFO - Val:   loss 2.1328 acc1 43.61%
2026-03-26 01:46:46 - __main__ - INFO - 
Epoch 27/100 | lr 0.044211
2026-03-26 01:46:59 - __main__ - INFO - Train: loss 1.8630 acc1 48.48%
2026-03-26 01:46:59 - __main__ - INFO - Val:   loss 2.0201 acc1 47.08%
2026-03-26 01:46:59 - __main__ - INFO - saved best: 47.08%
2026-03-26 01:46:59 - __main__ - INFO - 
Epoch 28/100 | lr 0.043672
2026-03-26 01:47:11 - __main__ - INFO - Train: loss 2.0090 acc1 45.42%
2026-03-26 01:47:11 - __main__ - INFO - Val:   loss 2.0554 acc1 45.80%
2026-03-26 01:47:11 - __main__ - INFO - 
Epoch 29/100 | lr 0.043112
2026-03-26 01:47:23 - __main__ - INFO - Train: loss 2.0730 acc1 43.85%
2026-03-26 01:47:23 - __main__ - INFO - Val:   loss 2.0776 acc1 44.64%
2026-03-26 01:47:23 - __main__ - INFO - 
Epoch 30/100 | lr 0.042532
2026-03-26 01:47:35 - __main__ - INFO - Train: loss 1.8661 acc1 48.39%
2026-03-26 01:47:35 - __main__ - INFO - Val:   loss 2.0340 acc1 46.28%
2026-03-26 01:47:35 - __main__ - INFO - 
Epoch 31/100 | lr 0.041934
2026-03-26 01:47:47 - __main__ - INFO - Train: loss 1.8126 acc1 49.70%
2026-03-26 01:47:47 - __main__ - INFO - Val:   loss 2.1095 acc1 45.33%
2026-03-26 01:47:47 - __main__ - INFO - 
Epoch 32/100 | lr 0.041316
2026-03-26 01:47:59 - __main__ - INFO - Train: loss 1.7129 acc1 52.03%
2026-03-26 01:47:59 - __main__ - INFO - Val:   loss 1.9491 acc1 47.60%
2026-03-26 01:47:59 - __main__ - INFO - saved best: 47.60%
2026-03-26 01:47:59 - __main__ - INFO - 
Epoch 33/100 | lr 0.040681
2026-03-26 01:48:11 - __main__ - INFO - Train: loss 1.6378 acc1 53.70%
2026-03-26 01:48:11 - __main__ - INFO - Val:   loss 2.0289 acc1 46.44%
2026-03-26 01:48:11 - __main__ - INFO - 
Epoch 34/100 | lr 0.040029
2026-03-26 01:48:22 - __main__ - INFO - Train: loss 1.5963 acc1 54.85%
2026-03-26 01:48:22 - __main__ - INFO - Val:   loss 1.9270 acc1 48.59%
2026-03-26 01:48:22 - __main__ - INFO - saved best: 48.59%
2026-03-26 01:48:22 - __main__ - INFO - 
Epoch 35/100 | lr 0.039360
2026-03-26 01:48:34 - __main__ - INFO - Train: loss 1.5522 acc1 55.54%
2026-03-26 01:48:34 - __main__ - INFO - Val:   loss 1.9716 acc1 47.70%
2026-03-26 01:48:34 - __main__ - INFO - 
Epoch 36/100 | lr 0.038676
2026-03-26 01:48:46 - __main__ - INFO - Train: loss 1.4958 acc1 57.22%
2026-03-26 01:48:46 - __main__ - INFO - Val:   loss 1.9679 acc1 48.72%
2026-03-26 01:48:46 - __main__ - INFO - saved best: 48.72%
2026-03-26 01:48:46 - __main__ - INFO - 
Epoch 37/100 | lr 0.037977
2026-03-26 01:48:58 - __main__ - INFO - Train: loss 1.5053 acc1 56.69%
2026-03-26 01:48:58 - __main__ - INFO - Val:   loss 1.9227 acc1 50.31%
2026-03-26 01:48:58 - __main__ - INFO - saved best: 50.31%
2026-03-26 01:48:58 - __main__ - INFO - 
Epoch 38/100 | lr 0.037263
2026-03-26 01:49:10 - __main__ - INFO - Train: loss 1.4169 acc1 59.09%
2026-03-26 01:49:10 - __main__ - INFO - Val:   loss 1.8773 acc1 50.55%
2026-03-26 01:49:10 - __main__ - INFO - saved best: 50.55%
2026-03-26 01:49:10 - __main__ - INFO - 
Epoch 39/100 | lr 0.036536
2026-03-26 01:49:22 - __main__ - INFO - Train: loss 1.3729 acc1 59.96%
2026-03-26 01:49:22 - __main__ - INFO - Val:   loss 1.8921 acc1 50.49%
2026-03-26 01:49:22 - __main__ - INFO - 
Epoch 40/100 | lr 0.035797
2026-03-26 01:49:34 - __main__ - INFO - Train: loss 1.3577 acc1 60.36%
2026-03-26 01:49:34 - __main__ - INFO - Val:   loss 1.9568 acc1 48.86%
2026-03-26 01:49:34 - __main__ - INFO - 
Epoch 41/100 | lr 0.035045
2026-03-26 01:49:46 - __main__ - INFO - Train: loss 1.2847 acc1 62.10%
2026-03-26 01:49:46 - __main__ - INFO - Val:   loss 1.8963 acc1 50.84%
2026-03-26 01:49:46 - __main__ - INFO - saved best: 50.84%
2026-03-26 01:49:46 - __main__ - INFO - 
Epoch 42/100 | lr 0.034283
2026-03-26 01:49:57 - __main__ - INFO - Train: loss 1.2490 acc1 63.49%
2026-03-26 01:49:57 - __main__ - INFO - Val:   loss 1.9415 acc1 49.36%
2026-03-26 01:49:57 - __main__ - INFO - 
Epoch 43/100 | lr 0.033511
2026-03-26 01:50:10 - __main__ - INFO - Train: loss 1.2125 acc1 64.19%
2026-03-26 01:50:10 - __main__ - INFO - Val:   loss 1.9304 acc1 50.57%
2026-03-26 01:50:10 - __main__ - INFO - 
Epoch 44/100 | lr 0.032729
2026-03-26 01:50:22 - __main__ - INFO - Train: loss 1.1702 acc1 65.37%
2026-03-26 01:50:22 - __main__ - INFO - Val:   loss 1.9574 acc1 50.67%
2026-03-26 01:50:22 - __main__ - INFO - 
Epoch 45/100 | lr 0.031939
2026-03-26 01:50:33 - __main__ - INFO - Train: loss 1.1365 acc1 65.98%
2026-03-26 01:50:33 - __main__ - INFO - Val:   loss 1.9069 acc1 51.22%
2026-03-26 01:50:33 - __main__ - INFO - saved best: 51.22%
2026-03-26 01:50:33 - __main__ - INFO - 
Epoch 46/100 | lr 0.031141
2026-03-26 01:50:46 - __main__ - INFO - Train: loss 1.0890 acc1 67.35%
2026-03-26 01:50:46 - __main__ - INFO - Val:   loss 1.9949 acc1 50.44%
2026-03-26 01:50:46 - __main__ - INFO - 
Epoch 47/100 | lr 0.030336
2026-03-26 01:50:58 - __main__ - INFO - Train: loss 1.0763 acc1 67.49%
2026-03-26 01:50:58 - __main__ - INFO - Val:   loss 1.9696 acc1 50.71%
2026-03-26 01:50:58 - __main__ - INFO - 
Epoch 48/100 | lr 0.029526
2026-03-26 01:51:10 - __main__ - INFO - Train: loss 1.0428 acc1 68.27%
2026-03-26 01:51:10 - __main__ - INFO - Val:   loss 1.9825 acc1 50.79%
2026-03-26 01:51:10 - __main__ - INFO - 
Epoch 49/100 | lr 0.028711
2026-03-26 01:51:21 - __main__ - INFO - Train: loss 0.9948 acc1 69.96%
2026-03-26 01:51:21 - __main__ - INFO - Val:   loss 2.0540 acc1 50.32%
2026-03-26 01:51:21 - __main__ - INFO - 
Epoch 50/100 | lr 0.027892
2026-03-26 01:51:33 - __main__ - INFO - Train: loss 0.9545 acc1 70.96%
2026-03-26 01:51:33 - __main__ - INFO - Val:   loss 1.9948 acc1 51.66%
2026-03-26 01:51:33 - __main__ - INFO - saved best: 51.66%
2026-03-26 01:51:33 - __main__ - INFO - 
Epoch 51/100 | lr 0.027069
2026-03-26 01:51:45 - __main__ - INFO - Train: loss 0.9323 acc1 71.43%
2026-03-26 01:51:45 - __main__ - INFO - Val:   loss 2.0373 acc1 51.19%
2026-03-26 01:51:45 - __main__ - INFO - 
Epoch 52/100 | lr 0.026244
2026-03-26 01:51:57 - __main__ - INFO - Train: loss 0.8939 acc1 72.43%
2026-03-26 01:51:57 - __main__ - INFO - Val:   loss 2.1017 acc1 50.94%
2026-03-26 01:51:57 - __main__ - INFO - 
Epoch 53/100 | lr 0.025418
2026-03-26 01:52:10 - __main__ - INFO - Train: loss 0.8689 acc1 73.13%
2026-03-26 01:52:10 - __main__ - INFO - Val:   loss 2.0837 acc1 50.22%
2026-03-26 01:52:10 - __main__ - INFO - 
Epoch 54/100 | lr 0.024592
2026-03-26 01:52:22 - __main__ - INFO - Train: loss 0.8165 acc1 74.67%
2026-03-26 01:52:22 - __main__ - INFO - Val:   loss 2.0362 acc1 51.46%
2026-03-26 01:52:22 - __main__ - INFO - 
Epoch 55/100 | lr 0.023766
2026-03-26 01:52:34 - __main__ - INFO - Train: loss 0.7867 acc1 75.40%
2026-03-26 01:52:34 - __main__ - INFO - Val:   loss 2.0658 acc1 52.44%
2026-03-26 01:52:34 - __main__ - INFO - saved best: 52.44%
2026-03-26 01:52:34 - __main__ - INFO - 
Epoch 56/100 | lr 0.022941
2026-03-26 01:52:46 - __main__ - INFO - Train: loss 0.7402 acc1 76.73%
2026-03-26 01:52:46 - __main__ - INFO - Val:   loss 2.1083 acc1 52.13%
2026-03-26 01:52:46 - __main__ - INFO - 
Epoch 57/100 | lr 0.022118
2026-03-26 01:52:58 - __main__ - INFO - Train: loss 0.7204 acc1 77.41%
2026-03-26 01:52:58 - __main__ - INFO - Val:   loss 2.1466 acc1 51.07%
2026-03-26 01:52:58 - __main__ - INFO - 
Epoch 58/100 | lr 0.021299
2026-03-26 01:53:10 - __main__ - INFO - Train: loss 0.6891 acc1 78.39%
2026-03-26 01:53:10 - __main__ - INFO - Val:   loss 2.1301 acc1 51.18%
2026-03-26 01:53:10 - __main__ - INFO - 
Epoch 59/100 | lr 0.020484
2026-03-26 01:53:22 - __main__ - INFO - Train: loss 0.6381 acc1 79.77%
2026-03-26 01:53:22 - __main__ - INFO - Val:   loss 2.1473 acc1 51.66%
2026-03-26 01:53:22 - __main__ - INFO - 
Epoch 60/100 | lr 0.019674
2026-03-26 01:53:34 - __main__ - INFO - Train: loss 0.6166 acc1 80.51%
2026-03-26 01:53:34 - __main__ - INFO - Val:   loss 2.1788 acc1 51.42%
2026-03-26 01:53:34 - __main__ - INFO - 
Epoch 61/100 | lr 0.018869
2026-03-26 01:53:45 - __main__ - INFO - Train: loss 0.5798 acc1 81.70%
2026-03-26 01:53:45 - __main__ - INFO - Val:   loss 2.1941 acc1 52.36%
2026-03-26 01:53:45 - __main__ - INFO - 
Epoch 62/100 | lr 0.018071
2026-03-26 01:53:57 - __main__ - INFO - Train: loss 0.5512 acc1 82.36%
2026-03-26 01:53:57 - __main__ - INFO - Val:   loss 2.2363 acc1 52.35%
2026-03-26 01:53:57 - __main__ - INFO - 
Epoch 63/100 | lr 0.017281
2026-03-26 01:54:09 - __main__ - INFO - Train: loss 0.5189 acc1 83.19%
2026-03-26 01:54:09 - __main__ - INFO - Val:   loss 2.2378 acc1 52.41%
2026-03-26 01:54:09 - __main__ - INFO - 
Epoch 64/100 | lr 0.016499
2026-03-26 01:54:20 - __main__ - INFO - Train: loss 0.4815 acc1 84.52%
2026-03-26 01:54:20 - __main__ - INFO - Val:   loss 2.2509 acc1 52.74%
2026-03-26 01:54:21 - __main__ - INFO - saved best: 52.74%
2026-03-26 01:54:21 - __main__ - INFO - 
Epoch 65/100 | lr 0.015727
2026-03-26 01:54:32 - __main__ - INFO - Train: loss 0.4496 acc1 85.65%
2026-03-26 01:54:32 - __main__ - INFO - Val:   loss 2.2819 acc1 52.44%
2026-03-26 01:54:32 - __main__ - INFO - 
Epoch 66/100 | lr 0.014965
2026-03-26 01:54:44 - __main__ - INFO - Train: loss 0.4201 acc1 86.63%
2026-03-26 01:54:44 - __main__ - INFO - Val:   loss 2.3117 acc1 53.25%
2026-03-26 01:54:44 - __main__ - INFO - saved best: 53.25%
2026-03-26 01:54:44 - __main__ - INFO - 
Epoch 67/100 | lr 0.014213
2026-03-26 01:54:56 - __main__ - INFO - Train: loss 0.3990 acc1 87.22%
2026-03-26 01:54:56 - __main__ - INFO - Val:   loss 2.3152 acc1 52.62%
2026-03-26 01:54:56 - __main__ - INFO - 
Epoch 68/100 | lr 0.013474
2026-03-26 01:55:08 - __main__ - INFO - Train: loss 0.3622 acc1 88.47%
2026-03-26 01:55:08 - __main__ - INFO - Val:   loss 2.3248 acc1 52.87%
2026-03-26 01:55:08 - __main__ - INFO - 
Epoch 69/100 | lr 0.012747
2026-03-26 01:55:20 - __main__ - INFO - Train: loss 0.3419 acc1 88.97%
2026-03-26 01:55:20 - __main__ - INFO - Val:   loss 2.3784 acc1 52.58%
2026-03-26 01:55:20 - __main__ - INFO - 
Epoch 70/100 | lr 0.012033
2026-03-26 01:55:32 - __main__ - INFO - Train: loss 0.3211 acc1 89.84%
2026-03-26 01:55:32 - __main__ - INFO - Val:   loss 2.3600 acc1 52.83%
2026-03-26 01:55:32 - __main__ - INFO - 
Epoch 71/100 | lr 0.011334
2026-03-26 01:55:44 - __main__ - INFO - Train: loss 0.2971 acc1 90.56%
2026-03-26 01:55:44 - __main__ - INFO - Val:   loss 2.3851 acc1 52.69%
2026-03-26 01:55:44 - __main__ - INFO - 
Epoch 72/100 | lr 0.010650
2026-03-26 01:55:56 - __main__ - INFO - Train: loss 0.2760 acc1 91.23%
2026-03-26 01:55:56 - __main__ - INFO - Val:   loss 2.3708 acc1 52.41%
2026-03-26 01:55:56 - __main__ - INFO - 
Epoch 73/100 | lr 0.009981
2026-03-26 01:56:07 - __main__ - INFO - Train: loss 0.2547 acc1 91.93%
2026-03-26 01:56:07 - __main__ - INFO - Val:   loss 2.3785 acc1 53.15%
2026-03-26 01:56:07 - __main__ - INFO - 
Epoch 74/100 | lr 0.009329
2026-03-26 01:56:19 - __main__ - INFO - Train: loss 0.2318 acc1 92.78%
2026-03-26 01:56:19 - __main__ - INFO - Val:   loss 2.3971 acc1 53.55%
2026-03-26 01:56:19 - __main__ - INFO - saved best: 53.55%
2026-03-26 01:56:19 - __main__ - INFO - 
Epoch 75/100 | lr 0.008694
2026-03-26 01:56:31 - __main__ - INFO - Train: loss 0.2183 acc1 93.29%
2026-03-26 01:56:31 - __main__ - INFO - Val:   loss 2.4247 acc1 53.19%
2026-03-26 01:56:31 - __main__ - INFO - 
Epoch 76/100 | lr 0.008076
2026-03-26 01:56:44 - __main__ - INFO - Train: loss 0.1989 acc1 94.01%
2026-03-26 01:56:44 - __main__ - INFO - Val:   loss 2.4378 acc1 53.61%
2026-03-26 01:56:44 - __main__ - INFO - saved best: 53.61%
2026-03-26 01:56:44 - __main__ - INFO - 
Epoch 77/100 | lr 0.007478
2026-03-26 01:56:55 - __main__ - INFO - Train: loss 0.1844 acc1 94.37%
2026-03-26 01:56:55 - __main__ - INFO - Val:   loss 2.4126 acc1 54.04%
2026-03-26 01:56:55 - __main__ - INFO - saved best: 54.04%
2026-03-26 01:56:55 - __main__ - INFO - 
Epoch 78/100 | lr 0.006898
2026-03-26 01:57:08 - __main__ - INFO - Train: loss 0.1689 acc1 94.94%
2026-03-26 01:57:08 - __main__ - INFO - Val:   loss 2.4303 acc1 54.26%
2026-03-26 01:57:08 - __main__ - INFO - saved best: 54.26%
2026-03-26 01:57:08 - __main__ - INFO - 
Epoch 79/100 | lr 0.006338
2026-03-26 01:57:20 - __main__ - INFO - Train: loss 0.1550 acc1 95.40%
2026-03-26 01:57:20 - __main__ - INFO - Val:   loss 2.4386 acc1 53.85%
2026-03-26 01:57:20 - __main__ - INFO - 
Epoch 80/100 | lr 0.005799
2026-03-26 01:57:32 - __main__ - INFO - Train: loss 0.1458 acc1 95.88%
2026-03-26 01:57:32 - __main__ - INFO - Val:   loss 2.4475 acc1 54.06%
2026-03-26 01:57:32 - __main__ - INFO - 
Epoch 81/100 | lr 0.005280
2026-03-26 01:57:44 - __main__ - INFO - Train: loss 0.1367 acc1 96.05%
2026-03-26 01:57:44 - __main__ - INFO - Val:   loss 2.4446 acc1 53.77%
2026-03-26 01:57:44 - __main__ - INFO - 
Epoch 82/100 | lr 0.004784
2026-03-26 01:57:56 - __main__ - INFO - Train: loss 0.1267 acc1 96.38%
2026-03-26 01:57:56 - __main__ - INFO - Val:   loss 2.4628 acc1 54.03%
2026-03-26 01:57:56 - __main__ - INFO - 
Epoch 83/100 | lr 0.004309
2026-03-26 01:58:08 - __main__ - INFO - Train: loss 0.1182 acc1 96.70%
2026-03-26 01:58:08 - __main__ - INFO - Val:   loss 2.4560 acc1 53.91%
2026-03-26 01:58:08 - __main__ - INFO - 
Epoch 84/100 | lr 0.003857
2026-03-26 01:58:20 - __main__ - INFO - Train: loss 0.1154 acc1 96.74%
2026-03-26 01:58:20 - __main__ - INFO - Val:   loss 2.4671 acc1 53.83%
2026-03-26 01:58:20 - __main__ - INFO - 
Epoch 85/100 | lr 0.003428
2026-03-26 01:58:32 - __main__ - INFO - Train: loss 0.1069 acc1 97.07%
2026-03-26 01:58:32 - __main__ - INFO - Val:   loss 2.4572 acc1 54.25%
2026-03-26 01:58:32 - __main__ - INFO - 
Epoch 86/100 | lr 0.003023
2026-03-26 01:58:45 - __main__ - INFO - Train: loss 0.1016 acc1 97.29%
2026-03-26 01:58:45 - __main__ - INFO - Val:   loss 2.4636 acc1 53.95%
2026-03-26 01:58:45 - __main__ - INFO - 
Epoch 87/100 | lr 0.002641
2026-03-26 01:58:56 - __main__ - INFO - Train: loss 0.1002 acc1 97.17%
2026-03-26 01:58:56 - __main__ - INFO - Val:   loss 2.4758 acc1 54.08%
2026-03-26 01:58:56 - __main__ - INFO - 
Epoch 88/100 | lr 0.002284
2026-03-26 01:59:08 - __main__ - INFO - Train: loss 0.0944 acc1 97.44%
2026-03-26 01:59:08 - __main__ - INFO - Val:   loss 2.4750 acc1 53.98%
2026-03-26 01:59:08 - __main__ - INFO - 
Epoch 89/100 | lr 0.001952
2026-03-26 01:59:20 - __main__ - INFO - Train: loss 0.0884 acc1 97.79%
2026-03-26 01:59:20 - __main__ - INFO - Val:   loss 2.4733 acc1 54.70%
2026-03-26 01:59:20 - __main__ - INFO - saved best: 54.70%
2026-03-26 01:59:20 - __main__ - INFO - 
Epoch 90/100 | lr 0.001646
2026-03-26 01:59:33 - __main__ - INFO - Train: loss 0.0881 acc1 97.64%
2026-03-26 01:59:33 - __main__ - INFO - Val:   loss 2.4791 acc1 54.44%
2026-03-26 01:59:33 - __main__ - INFO - 
Epoch 91/100 | lr 0.001364
2026-03-26 01:59:45 - __main__ - INFO - Train: loss 0.0855 acc1 97.82%
2026-03-26 01:59:45 - __main__ - INFO - Val:   loss 2.4914 acc1 55.02%
2026-03-26 01:59:45 - __main__ - INFO - saved best: 55.02%
2026-03-26 01:59:45 - __main__ - INFO - 
Epoch 92/100 | lr 0.001109
2026-03-26 01:59:56 - __main__ - INFO - Train: loss 0.0801 acc1 97.95%
2026-03-26 01:59:56 - __main__ - INFO - Val:   loss 2.4828 acc1 54.22%
2026-03-26 01:59:56 - __main__ - INFO - 
Epoch 93/100 | lr 0.000880
2026-03-26 02:00:08 - __main__ - INFO - Train: loss 0.0801 acc1 98.04%
2026-03-26 02:00:08 - __main__ - INFO - Val:   loss 2.4673 acc1 54.23%
2026-03-26 02:00:08 - __main__ - INFO - 
Epoch 94/100 | lr 0.000677
2026-03-26 02:00:20 - __main__ - INFO - Train: loss 0.0773 acc1 98.07%
2026-03-26 02:00:20 - __main__ - INFO - Val:   loss 2.4927 acc1 54.05%
2026-03-26 02:00:20 - __main__ - INFO - 
Epoch 95/100 | lr 0.000500
2026-03-26 02:00:32 - __main__ - INFO - Train: loss 0.0759 acc1 98.08%
2026-03-26 02:00:32 - __main__ - INFO - Val:   loss 2.4898 acc1 54.77%
2026-03-26 02:00:32 - __main__ - INFO - 
Epoch 96/100 | lr 0.000351
2026-03-26 02:00:44 - __main__ - INFO - Train: loss 0.0773 acc1 98.04%
2026-03-26 02:00:44 - __main__ - INFO - Val:   loss 2.4830 acc1 54.95%
2026-03-26 02:00:44 - __main__ - INFO - 
Epoch 97/100 | lr 0.000228
2026-03-26 02:00:55 - __main__ - INFO - Train: loss 0.0738 acc1 98.20%
2026-03-26 02:00:55 - __main__ - INFO - Val:   loss 2.4611 acc1 54.54%
2026-03-26 02:00:55 - __main__ - INFO - 
Epoch 98/100 | lr 0.000133
2026-03-26 02:01:07 - __main__ - INFO - Train: loss 0.0746 acc1 98.20%
2026-03-26 02:01:07 - __main__ - INFO - Val:   loss 2.4668 acc1 54.65%
2026-03-26 02:01:07 - __main__ - INFO - 
Epoch 99/100 | lr 0.000065
2026-03-26 02:01:19 - __main__ - INFO - Train: loss 0.0742 acc1 98.19%
2026-03-26 02:01:19 - __main__ - INFO - Val:   loss 2.4730 acc1 54.49%
2026-03-26 02:01:19 - __main__ - INFO - 
Epoch 100/100 | lr 0.000024
2026-03-26 02:01:31 - __main__ - INFO - Train: loss 0.0753 acc1 98.14%
2026-03-26 02:01:31 - __main__ - INFO - Val:   loss 2.4675 acc1 54.27%
2026-03-26 02:01:31 - __main__ - INFO - Loaded best checkpoint weights for final test evaluation.
2026-03-26 02:01:32 - __main__ - INFO - 
Best tracked (val): 55.02%
2026-03-26 02:01:32 - __main__ - INFO - Final test: loss 2.6352 acc1 55.20%
2026-03-26 02:01:36 - __main__ - INFO - Variant [low_saliency] done — test acc 55.20%, test loss 2.6352
2026-03-26 02:01:36 - __main__ - INFO - 
============================================================
2026-03-26 02:01:36 - __main__ - INFO - Training output model: efficientnet_b0 [random_sparsity]
2026-03-26 02:01:36 - __main__ - INFO -   Resolved config → opt=sgd, lr=0.05, wd=0.0001, bs=128, epochs=100, scheduler=cosine, warmup=5
2026-03-26 02:01:36 - __main__ - INFO - ============================================================
2026-03-26 02:01:36 - __main__ - INFO -   Validation during training uses variant split with val_split=0.1
2026-03-26 02:01:36 - __main__ - INFO -   Final test uses random_sparsity variant test split
2026-03-26 02:01:36 - __main__ - INFO - device: cuda | cuda: True | gpu: NVIDIA L4
2026-03-26 02:01:37 - __main__ - INFO - Model: efficientnet_b0 | Dataset: cifar100 | Classes: 100 | Optimizer: sgd
2026-03-26 02:01:37 - __main__ - INFO - 
Epoch 1/100 | lr 0.000050
2026-03-26 02:01:48 - __main__ - INFO - Train: loss 4.6606 acc1 1.22%
2026-03-26 02:01:48 - __main__ - INFO - Val:   loss 4.9017 acc1 1.44%
2026-03-26 02:01:49 - __main__ - INFO - saved best: 1.44%
2026-03-26 02:01:49 - __main__ - INFO - 
Epoch 2/100 | lr 0.010040
2026-03-26 02:02:00 - __main__ - INFO - Train: loss 4.4283 acc1 3.63%
2026-03-26 02:02:00 - __main__ - INFO - Val:   loss 4.1038 acc1 6.06%
2026-03-26 02:02:00 - __main__ - INFO - saved best: 6.06%
2026-03-26 02:02:00 - __main__ - INFO - 
Epoch 3/100 | lr 0.020030
2026-03-26 02:02:13 - __main__ - INFO - Train: loss 3.9698 acc1 7.98%
2026-03-26 02:02:13 - __main__ - INFO - Val:   loss 3.7639 acc1 10.90%
2026-03-26 02:02:13 - __main__ - INFO - saved best: 10.90%
2026-03-26 02:02:13 - __main__ - INFO - 
Epoch 4/100 | lr 0.030020
2026-03-26 02:02:25 - __main__ - INFO - Train: loss 3.7288 acc1 11.52%
2026-03-26 02:02:25 - __main__ - INFO - Val:   loss 3.6703 acc1 13.79%
2026-03-26 02:02:25 - __main__ - INFO - saved best: 13.79%
2026-03-26 02:02:25 - __main__ - INFO - 
Epoch 5/100 | lr 0.040010
2026-03-26 02:02:37 - __main__ - INFO - Train: loss 3.5470 acc1 14.59%
2026-03-26 02:02:37 - __main__ - INFO - Val:   loss 3.4410 acc1 17.40%
2026-03-26 02:02:37 - __main__ - INFO - saved best: 17.40%
2026-03-26 02:02:37 - __main__ - INFO - 
Epoch 6/100 | lr 0.050000
2026-03-26 02:02:49 - __main__ - INFO - Train: loss 3.4067 acc1 16.98%
2026-03-26 02:02:49 - __main__ - INFO - Val:   loss 3.3381 acc1 18.07%
2026-03-26 02:02:49 - __main__ - INFO - saved best: 18.07%
2026-03-26 02:02:49 - __main__ - INFO - 
Epoch 7/100 | lr 0.049986
2026-03-26 02:03:01 - __main__ - INFO - Train: loss 3.2574 acc1 19.70%
2026-03-26 02:03:01 - __main__ - INFO - Val:   loss 3.2354 acc1 20.60%
2026-03-26 02:03:01 - __main__ - INFO - saved best: 20.60%
2026-03-26 02:03:01 - __main__ - INFO - 
Epoch 8/100 | lr 0.049945
2026-03-26 02:03:13 - __main__ - INFO - Train: loss 3.2188 acc1 20.53%
2026-03-26 02:03:13 - __main__ - INFO - Val:   loss 3.2402 acc1 20.43%
2026-03-26 02:03:13 - __main__ - INFO - 
Epoch 9/100 | lr 0.049877
2026-03-26 02:03:25 - __main__ - INFO - Train: loss 3.1102 acc1 22.81%
2026-03-26 02:03:25 - __main__ - INFO - Val:   loss 3.9308 acc1 16.84%
2026-03-26 02:03:25 - __main__ - INFO - 
Epoch 10/100 | lr 0.049782
2026-03-26 02:03:37 - __main__ - INFO - Train: loss 3.0017 acc1 24.90%
2026-03-26 02:03:37 - __main__ - INFO - Val:   loss 2.9771 acc1 25.09%
2026-03-26 02:03:37 - __main__ - INFO - saved best: 25.09%
2026-03-26 02:03:37 - __main__ - INFO - 
Epoch 11/100 | lr 0.049659
2026-03-26 02:03:49 - __main__ - INFO - Train: loss 2.8901 acc1 26.91%
2026-03-26 02:03:49 - __main__ - INFO - Val:   loss 3.0065 acc1 25.45%
2026-03-26 02:03:49 - __main__ - INFO - saved best: 25.45%
2026-03-26 02:03:49 - __main__ - INFO - 
Epoch 12/100 | lr 0.049510
2026-03-26 02:04:00 - __main__ - INFO - Train: loss 2.7972 acc1 28.54%
2026-03-26 02:04:00 - __main__ - INFO - Val:   loss 2.8677 acc1 27.50%
2026-03-26 02:04:00 - __main__ - INFO - saved best: 27.50%
2026-03-26 02:04:00 - __main__ - INFO - 
Epoch 13/100 | lr 0.049333
2026-03-26 02:04:12 - __main__ - INFO - Train: loss 2.7470 acc1 29.51%
2026-03-26 02:04:12 - __main__ - INFO - Val:   loss 2.7154 acc1 30.32%
2026-03-26 02:04:12 - __main__ - INFO - saved best: 30.32%
2026-03-26 02:04:12 - __main__ - INFO - 
Epoch 14/100 | lr 0.049130
2026-03-26 02:04:24 - __main__ - INFO - Train: loss 2.8562 acc1 27.74%
2026-03-26 02:04:24 - __main__ - INFO - Val:   loss 2.9603 acc1 28.66%
2026-03-26 02:04:24 - __main__ - INFO - 
Epoch 15/100 | lr 0.048901
2026-03-26 02:04:36 - __main__ - INFO - Train: loss 2.7052 acc1 30.59%
2026-03-26 02:04:36 - __main__ - INFO - Val:   loss 2.6742 acc1 31.47%
2026-03-26 02:04:36 - __main__ - INFO - saved best: 31.47%
2026-03-26 02:04:36 - __main__ - INFO - 
Epoch 16/100 | lr 0.048646
2026-03-26 02:04:48 - __main__ - INFO - Train: loss 2.6584 acc1 31.46%
2026-03-26 02:04:48 - __main__ - INFO - Val:   loss 2.6206 acc1 32.42%
2026-03-26 02:04:48 - __main__ - INFO - saved best: 32.42%
2026-03-26 02:04:48 - __main__ - INFO - 
Epoch 17/100 | lr 0.048364
2026-03-26 02:05:01 - __main__ - INFO - Train: loss 2.5520 acc1 33.51%
2026-03-26 02:05:01 - __main__ - INFO - Val:   loss 2.7007 acc1 30.96%
2026-03-26 02:05:01 - __main__ - INFO - 
Epoch 18/100 | lr 0.048058
2026-03-26 02:05:12 - __main__ - INFO - Train: loss 2.6577 acc1 31.17%
2026-03-26 02:05:12 - __main__ - INFO - Val:   loss 2.7369 acc1 30.73%
2026-03-26 02:05:12 - __main__ - INFO - 
Epoch 19/100 | lr 0.047726
2026-03-26 02:05:24 - __main__ - INFO - Train: loss 2.4869 acc1 34.85%
2026-03-26 02:05:24 - __main__ - INFO - Val:   loss 2.6523 acc1 32.22%
2026-03-26 02:05:24 - __main__ - INFO - 
Epoch 20/100 | lr 0.047369
2026-03-26 02:05:36 - __main__ - INFO - Train: loss 2.4018 acc1 36.61%
2026-03-26 02:05:36 - __main__ - INFO - Val:   loss 2.4704 acc1 36.61%
2026-03-26 02:05:36 - __main__ - INFO - saved best: 36.61%
2026-03-26 02:05:36 - __main__ - INFO - 
Epoch 21/100 | lr 0.046987
2026-03-26 02:05:48 - __main__ - INFO - Train: loss 2.3305 acc1 38.11%
2026-03-26 02:05:48 - __main__ - INFO - Val:   loss 2.4282 acc1 36.64%
2026-03-26 02:05:48 - __main__ - INFO - saved best: 36.64%
2026-03-26 02:05:48 - __main__ - INFO - 
Epoch 22/100 | lr 0.046582
2026-03-26 02:06:00 - __main__ - INFO - Train: loss 2.2960 acc1 38.98%
2026-03-26 02:06:00 - __main__ - INFO - Val:   loss 2.4593 acc1 36.04%
2026-03-26 02:06:00 - __main__ - INFO - 
Epoch 23/100 | lr 0.046153
2026-03-26 02:06:13 - __main__ - INFO - Train: loss 2.2278 acc1 40.03%
2026-03-26 02:06:13 - __main__ - INFO - Val:   loss 2.3496 acc1 38.84%
2026-03-26 02:06:13 - __main__ - INFO - saved best: 38.84%
2026-03-26 02:06:13 - __main__ - INFO - 
Epoch 24/100 | lr 0.045701
2026-03-26 02:06:25 - __main__ - INFO - Train: loss 2.1666 acc1 41.52%
2026-03-26 02:06:25 - __main__ - INFO - Val:   loss 2.3207 acc1 39.89%
2026-03-26 02:06:25 - __main__ - INFO - saved best: 39.89%
2026-03-26 02:06:25 - __main__ - INFO - 
Epoch 25/100 | lr 0.045226
2026-03-26 02:06:36 - __main__ - INFO - Train: loss 2.1452 acc1 41.89%
2026-03-26 02:06:36 - __main__ - INFO - Val:   loss 2.3860 acc1 38.29%
2026-03-26 02:06:36 - __main__ - INFO - 
Epoch 26/100 | lr 0.044730
2026-03-26 02:06:49 - __main__ - INFO - Train: loss 2.1091 acc1 42.70%
2026-03-26 02:06:49 - __main__ - INFO - Val:   loss 2.3005 acc1 39.71%
2026-03-26 02:06:49 - __main__ - INFO - 
Epoch 27/100 | lr 0.044211
2026-03-26 02:07:01 - __main__ - INFO - Train: loss 2.0655 acc1 43.96%
2026-03-26 02:07:01 - __main__ - INFO - Val:   loss 2.2953 acc1 39.58%
2026-03-26 02:07:01 - __main__ - INFO - 
Epoch 28/100 | lr 0.043672
2026-03-26 02:07:13 - __main__ - INFO - Train: loss 2.0214 acc1 44.64%
2026-03-26 02:07:13 - __main__ - INFO - Val:   loss 2.3022 acc1 40.30%
2026-03-26 02:07:13 - __main__ - INFO - saved best: 40.30%
2026-03-26 02:07:13 - __main__ - INFO - 
Epoch 29/100 | lr 0.043112
2026-03-26 02:07:25 - __main__ - INFO - Train: loss 1.9576 acc1 46.36%
2026-03-26 02:07:25 - __main__ - INFO - Val:   loss 2.2652 acc1 41.20%
2026-03-26 02:07:25 - __main__ - INFO - saved best: 41.20%
2026-03-26 02:07:25 - __main__ - INFO - 
Epoch 30/100 | lr 0.042532
2026-03-26 02:07:37 - __main__ - INFO - Train: loss 1.9301 acc1 47.05%
2026-03-26 02:07:37 - __main__ - INFO - Val:   loss 2.2542 acc1 41.90%
2026-03-26 02:07:37 - __main__ - INFO - saved best: 41.90%
2026-03-26 02:07:37 - __main__ - INFO - 
Epoch 31/100 | lr 0.041934
2026-03-26 02:07:48 - __main__ - INFO - Train: loss 2.0176 acc1 45.17%
2026-03-26 02:07:48 - __main__ - INFO - Val:   loss 2.2596 acc1 41.72%
2026-03-26 02:07:48 - __main__ - INFO - 
Epoch 32/100 | lr 0.041316
2026-03-26 02:08:01 - __main__ - INFO - Train: loss 1.8908 acc1 47.62%
2026-03-26 02:08:01 - __main__ - INFO - Val:   loss 2.2149 acc1 43.11%
2026-03-26 02:08:01 - __main__ - INFO - saved best: 43.11%
2026-03-26 02:08:01 - __main__ - INFO - 
Epoch 33/100 | lr 0.040681
2026-03-26 02:08:13 - __main__ - INFO - Train: loss 1.8378 acc1 48.93%
2026-03-26 02:08:13 - __main__ - INFO - Val:   loss 2.1877 acc1 43.15%
2026-03-26 02:08:13 - __main__ - INFO - saved best: 43.15%
2026-03-26 02:08:13 - __main__ - INFO - 
Epoch 34/100 | lr 0.040029
2026-03-26 02:08:25 - __main__ - INFO - Train: loss 1.8550 acc1 48.59%
2026-03-26 02:08:25 - __main__ - INFO - Val:   loss 2.2646 acc1 41.81%
2026-03-26 02:08:25 - __main__ - INFO - 
Epoch 35/100 | lr 0.039360
2026-03-26 02:08:37 - __main__ - INFO - Train: loss 1.7970 acc1 50.03%
2026-03-26 02:08:37 - __main__ - INFO - Val:   loss 2.1958 acc1 43.31%
2026-03-26 02:08:37 - __main__ - INFO - saved best: 43.31%
2026-03-26 02:08:37 - __main__ - INFO - 
Epoch 36/100 | lr 0.038676
2026-03-26 02:08:49 - __main__ - INFO - Train: loss 1.7542 acc1 50.68%
2026-03-26 02:08:49 - __main__ - INFO - Val:   loss 2.2720 acc1 41.36%
2026-03-26 02:08:49 - __main__ - INFO - 
Epoch 37/100 | lr 0.037977
2026-03-26 02:09:01 - __main__ - INFO - Train: loss 1.7031 acc1 51.85%
2026-03-26 02:09:01 - __main__ - INFO - Val:   loss 2.1584 acc1 43.76%
2026-03-26 02:09:01 - __main__ - INFO - saved best: 43.76%
2026-03-26 02:09:01 - __main__ - INFO - 
Epoch 38/100 | lr 0.037263
2026-03-26 02:09:13 - __main__ - INFO - Train: loss 1.6336 acc1 53.87%
2026-03-26 02:09:13 - __main__ - INFO - Val:   loss 2.1608 acc1 44.82%
2026-03-26 02:09:13 - __main__ - INFO - saved best: 44.82%
2026-03-26 02:09:13 - __main__ - INFO - 
Epoch 39/100 | lr 0.036536
2026-03-26 02:09:24 - __main__ - INFO - Train: loss 1.5894 acc1 54.87%
2026-03-26 02:09:24 - __main__ - INFO - Val:   loss 2.2327 acc1 44.11%
2026-03-26 02:09:24 - __main__ - INFO - 
Epoch 40/100 | lr 0.035797
2026-03-26 02:09:37 - __main__ - INFO - Train: loss 1.5474 acc1 55.47%
2026-03-26 02:09:37 - __main__ - INFO - Val:   loss 2.3368 acc1 43.05%
2026-03-26 02:09:37 - __main__ - INFO - 
Epoch 41/100 | lr 0.035045
2026-03-26 02:09:50 - __main__ - INFO - Train: loss 1.5108 acc1 56.60%
2026-03-26 02:09:50 - __main__ - INFO - Val:   loss 2.6740 acc1 41.52%
2026-03-26 02:09:50 - __main__ - INFO - 
Epoch 42/100 | lr 0.034283
2026-03-26 02:10:02 - __main__ - INFO - Train: loss 1.4841 acc1 57.33%
2026-03-26 02:10:02 - __main__ - INFO - Val:   loss 2.2542 acc1 44.27%
2026-03-26 02:10:02 - __main__ - INFO - 
Epoch 43/100 | lr 0.033511
2026-03-26 02:10:14 - __main__ - INFO - Train: loss 1.4318 acc1 58.74%
2026-03-26 02:10:14 - __main__ - INFO - Val:   loss 2.2008 acc1 43.79%
2026-03-26 02:10:14 - __main__ - INFO - 
Epoch 44/100 | lr 0.032729
2026-03-26 02:10:26 - __main__ - INFO - Train: loss 1.4107 acc1 58.90%
2026-03-26 02:10:26 - __main__ - INFO - Val:   loss 2.3197 acc1 43.01%
2026-03-26 02:10:26 - __main__ - INFO - 
Epoch 45/100 | lr 0.031939
2026-03-26 02:10:38 - __main__ - INFO - Train: loss 1.3530 acc1 60.35%
2026-03-26 02:10:38 - __main__ - INFO - Val:   loss 2.2256 acc1 45.13%
2026-03-26 02:10:38 - __main__ - INFO - saved best: 45.13%
2026-03-26 02:10:38 - __main__ - INFO - 
Epoch 46/100 | lr 0.031141
2026-03-26 02:10:50 - __main__ - INFO - Train: loss 1.3183 acc1 61.38%
2026-03-26 02:10:50 - __main__ - INFO - Val:   loss 2.3521 acc1 43.27%
2026-03-26 02:10:50 - __main__ - INFO - 
Epoch 47/100 | lr 0.030336
2026-03-26 02:11:02 - __main__ - INFO - Train: loss 1.2845 acc1 62.13%
2026-03-26 02:11:02 - __main__ - INFO - Val:   loss 2.4299 acc1 44.46%
2026-03-26 02:11:02 - __main__ - INFO - 
Epoch 48/100 | lr 0.029526
2026-03-26 02:11:14 - __main__ - INFO - Train: loss 1.2358 acc1 63.28%
2026-03-26 02:11:14 - __main__ - INFO - Val:   loss 2.3184 acc1 44.71%
2026-03-26 02:11:14 - __main__ - INFO - 
Epoch 49/100 | lr 0.028711
2026-03-26 02:11:26 - __main__ - INFO - Train: loss 1.1966 acc1 64.34%
2026-03-26 02:11:26 - __main__ - INFO - Val:   loss 2.2795 acc1 45.79%
2026-03-26 02:11:26 - __main__ - INFO - saved best: 45.79%
2026-03-26 02:11:26 - __main__ - INFO - 
Epoch 50/100 | lr 0.027892
2026-03-26 02:11:38 - __main__ - INFO - Train: loss 1.1671 acc1 65.14%
2026-03-26 02:11:38 - __main__ - INFO - Val:   loss 2.2642 acc1 45.37%
2026-03-26 02:11:38 - __main__ - INFO - 
Epoch 51/100 | lr 0.027069
2026-03-26 02:11:50 - __main__ - INFO - Train: loss 1.1749 acc1 64.91%
2026-03-26 02:11:50 - __main__ - INFO - Val:   loss 2.3010 acc1 44.75%
2026-03-26 02:11:50 - __main__ - INFO - 
Epoch 52/100 | lr 0.026244
2026-03-26 02:12:02 - __main__ - INFO - Train: loss 1.1188 acc1 66.24%
2026-03-26 02:12:02 - __main__ - INFO - Val:   loss 2.3384 acc1 45.85%
2026-03-26 02:12:02 - __main__ - INFO - saved best: 45.85%
2026-03-26 02:12:02 - __main__ - INFO - 
Epoch 53/100 | lr 0.025418
2026-03-26 02:12:14 - __main__ - INFO - Train: loss 1.0527 acc1 68.20%
2026-03-26 02:12:14 - __main__ - INFO - Val:   loss 2.3359 acc1 45.97%
2026-03-26 02:12:14 - __main__ - INFO - saved best: 45.97%
2026-03-26 02:12:14 - __main__ - INFO - 
Epoch 54/100 | lr 0.024592
2026-03-26 02:12:26 - __main__ - INFO - Train: loss 0.9917 acc1 69.65%
2026-03-26 02:12:26 - __main__ - INFO - Val:   loss 2.3001 acc1 46.24%
2026-03-26 02:12:26 - __main__ - INFO - saved best: 46.24%
2026-03-26 02:12:26 - __main__ - INFO - 
Epoch 55/100 | lr 0.023766
2026-03-26 02:12:38 - __main__ - INFO - Train: loss 0.9779 acc1 70.01%
2026-03-26 02:12:38 - __main__ - INFO - Val:   loss 2.3419 acc1 46.51%
2026-03-26 02:12:38 - __main__ - INFO - saved best: 46.51%
2026-03-26 02:12:38 - __main__ - INFO - 
Epoch 56/100 | lr 0.022941
2026-03-26 02:12:50 - __main__ - INFO - Train: loss 0.9129 acc1 71.90%
2026-03-26 02:12:50 - __main__ - INFO - Val:   loss 2.3826 acc1 44.91%
2026-03-26 02:12:50 - __main__ - INFO - 
Epoch 57/100 | lr 0.022118
2026-03-26 02:13:02 - __main__ - INFO - Train: loss 0.8936 acc1 72.34%
2026-03-26 02:13:02 - __main__ - INFO - Val:   loss 2.4150 acc1 46.25%
2026-03-26 02:13:02 - __main__ - INFO - 
Epoch 58/100 | lr 0.021299
2026-03-26 02:13:14 - __main__ - INFO - Train: loss 0.8608 acc1 73.30%
2026-03-26 02:13:14 - __main__ - INFO - Val:   loss 2.4080 acc1 46.99%
2026-03-26 02:13:14 - __main__ - INFO - saved best: 46.99%
2026-03-26 02:13:14 - __main__ - INFO - 
Epoch 59/100 | lr 0.020484
2026-03-26 02:13:26 - __main__ - INFO - Train: loss 0.7935 acc1 75.42%
2026-03-26 02:13:26 - __main__ - INFO - Val:   loss 2.4536 acc1 46.31%
2026-03-26 02:13:26 - __main__ - INFO - 
Epoch 60/100 | lr 0.019674
2026-03-26 02:13:38 - __main__ - INFO - Train: loss 0.7689 acc1 75.98%
2026-03-26 02:13:38 - __main__ - INFO - Val:   loss 2.4876 acc1 46.29%
2026-03-26 02:13:38 - __main__ - INFO - 
Epoch 61/100 | lr 0.018869
2026-03-26 02:13:50 - __main__ - INFO - Train: loss 0.7111 acc1 77.47%
2026-03-26 02:13:50 - __main__ - INFO - Val:   loss 2.5735 acc1 45.88%
2026-03-26 02:13:50 - __main__ - INFO - 
Epoch 62/100 | lr 0.018071
2026-03-26 02:14:02 - __main__ - INFO - Train: loss 0.6763 acc1 78.71%
2026-03-26 02:14:02 - __main__ - INFO - Val:   loss 2.5256 acc1 46.94%
2026-03-26 02:14:02 - __main__ - INFO - 
Epoch 63/100 | lr 0.017281
2026-03-26 02:14:14 - __main__ - INFO - Train: loss 0.6500 acc1 79.46%
2026-03-26 02:14:14 - __main__ - INFO - Val:   loss 2.5259 acc1 47.52%
2026-03-26 02:14:14 - __main__ - INFO - saved best: 47.52%
2026-03-26 02:14:14 - __main__ - INFO - 
Epoch 64/100 | lr 0.016499
2026-03-26 02:14:26 - __main__ - INFO - Train: loss 0.5916 acc1 81.21%
2026-03-26 02:14:26 - __main__ - INFO - Val:   loss 2.6125 acc1 46.50%
2026-03-26 02:14:26 - __main__ - INFO - 
Epoch 65/100 | lr 0.015727
2026-03-26 02:14:38 - __main__ - INFO - Train: loss 0.5792 acc1 81.56%
2026-03-26 02:14:38 - __main__ - INFO - Val:   loss 2.6770 acc1 45.55%
2026-03-26 02:14:38 - __main__ - INFO - 
Epoch 66/100 | lr 0.014965
2026-03-26 02:14:50 - __main__ - INFO - Train: loss 0.5372 acc1 82.84%
2026-03-26 02:14:50 - __main__ - INFO - Val:   loss 2.6519 acc1 47.40%
2026-03-26 02:14:50 - __main__ - INFO - 
Epoch 67/100 | lr 0.014213
2026-03-26 02:15:01 - __main__ - INFO - Train: loss 0.4903 acc1 84.29%
2026-03-26 02:15:01 - __main__ - INFO - Val:   loss 2.6605 acc1 47.30%
2026-03-26 02:15:01 - __main__ - INFO - 
Epoch 68/100 | lr 0.013474
2026-03-26 02:15:13 - __main__ - INFO - Train: loss 0.4671 acc1 85.08%
2026-03-26 02:15:13 - __main__ - INFO - Val:   loss 2.6563 acc1 47.68%
2026-03-26 02:15:13 - __main__ - INFO - saved best: 47.68%
2026-03-26 02:15:13 - __main__ - INFO - 
Epoch 69/100 | lr 0.012747
2026-03-26 02:15:24 - __main__ - INFO - Train: loss 0.4278 acc1 86.39%
2026-03-26 02:15:24 - __main__ - INFO - Val:   loss 2.7375 acc1 47.94%
2026-03-26 02:15:24 - __main__ - INFO - saved best: 47.94%
2026-03-26 02:15:24 - __main__ - INFO - 
Epoch 70/100 | lr 0.012033
2026-03-26 02:15:36 - __main__ - INFO - Train: loss 0.3922 acc1 87.67%
2026-03-26 02:15:36 - __main__ - INFO - Val:   loss 2.7797 acc1 47.50%
2026-03-26 02:15:36 - __main__ - INFO - 
Epoch 71/100 | lr 0.011334
2026-03-26 02:15:48 - __main__ - INFO - Train: loss 0.3698 acc1 88.23%
2026-03-26 02:15:48 - __main__ - INFO - Val:   loss 2.8169 acc1 47.42%
2026-03-26 02:15:48 - __main__ - INFO - 
Epoch 72/100 | lr 0.010650
2026-03-26 02:16:00 - __main__ - INFO - Train: loss 0.3374 acc1 89.40%
2026-03-26 02:16:00 - __main__ - INFO - Val:   loss 2.8232 acc1 48.15%
2026-03-26 02:16:00 - __main__ - INFO - saved best: 48.15%
2026-03-26 02:16:00 - __main__ - INFO - 
Epoch 73/100 | lr 0.009981
2026-03-26 02:16:12 - __main__ - INFO - Train: loss 0.3248 acc1 89.79%
2026-03-26 02:16:12 - __main__ - INFO - Val:   loss 2.8402 acc1 48.11%
2026-03-26 02:16:12 - __main__ - INFO - 
Epoch 74/100 | lr 0.009329
2026-03-26 02:16:24 - __main__ - INFO - Train: loss 0.2922 acc1 91.01%
2026-03-26 02:16:24 - __main__ - INFO - Val:   loss 2.7641 acc1 48.11%
2026-03-26 02:16:24 - __main__ - INFO - 
Epoch 75/100 | lr 0.008694
2026-03-26 02:16:37 - __main__ - INFO - Train: loss 0.2744 acc1 91.54%
2026-03-26 02:16:37 - __main__ - INFO - Val:   loss 2.8630 acc1 48.20%
2026-03-26 02:16:37 - __main__ - INFO - saved best: 48.20%
2026-03-26 02:16:37 - __main__ - INFO - 
Epoch 76/100 | lr 0.008076
2026-03-26 02:16:49 - __main__ - INFO - Train: loss 0.2536 acc1 92.16%
2026-03-26 02:16:49 - __main__ - INFO - Val:   loss 2.8289 acc1 48.49%
2026-03-26 02:16:49 - __main__ - INFO - saved best: 48.49%
2026-03-26 02:16:49 - __main__ - INFO - 
Epoch 77/100 | lr 0.007478
2026-03-26 02:17:01 - __main__ - INFO - Train: loss 0.2374 acc1 92.58%
2026-03-26 02:17:01 - __main__ - INFO - Val:   loss 2.8369 acc1 48.30%
2026-03-26 02:17:01 - __main__ - INFO - 
Epoch 78/100 | lr 0.006898
2026-03-26 02:17:13 - __main__ - INFO - Train: loss 0.2172 acc1 93.40%
2026-03-26 02:17:13 - __main__ - INFO - Val:   loss 2.8550 acc1 48.18%
2026-03-26 02:17:13 - __main__ - INFO - 
Epoch 79/100 | lr 0.006338
2026-03-26 02:17:25 - __main__ - INFO - Train: loss 0.2057 acc1 93.71%
2026-03-26 02:17:25 - __main__ - INFO - Val:   loss 2.8656 acc1 48.29%
2026-03-26 02:17:25 - __main__ - INFO - 
Epoch 80/100 | lr 0.005799
2026-03-26 02:17:37 - __main__ - INFO - Train: loss 0.1929 acc1 94.33%
2026-03-26 02:17:37 - __main__ - INFO - Val:   loss 2.8884 acc1 49.29%
2026-03-26 02:17:37 - __main__ - INFO - saved best: 49.29%
2026-03-26 02:17:37 - __main__ - INFO - 
Epoch 81/100 | lr 0.005280
2026-03-26 02:17:48 - __main__ - INFO - Train: loss 0.1741 acc1 94.83%
2026-03-26 02:17:48 - __main__ - INFO - Val:   loss 2.8702 acc1 49.06%
2026-03-26 02:17:48 - __main__ - INFO - 
Epoch 82/100 | lr 0.004784
2026-03-26 02:18:01 - __main__ - INFO - Train: loss 0.1642 acc1 95.18%
2026-03-26 02:18:01 - __main__ - INFO - Val:   loss 2.8923 acc1 49.11%
2026-03-26 02:18:01 - __main__ - INFO - 
Epoch 83/100 | lr 0.004309
2026-03-26 02:18:13 - __main__ - INFO - Train: loss 0.1553 acc1 95.52%
2026-03-26 02:18:13 - __main__ - INFO - Val:   loss 2.8871 acc1 49.46%
2026-03-26 02:18:13 - __main__ - INFO - saved best: 49.46%
2026-03-26 02:18:13 - __main__ - INFO - 
Epoch 84/100 | lr 0.003857
2026-03-26 02:18:24 - __main__ - INFO - Train: loss 0.1415 acc1 96.01%
2026-03-26 02:18:24 - __main__ - INFO - Val:   loss 2.8712 acc1 49.34%
2026-03-26 02:18:24 - __main__ - INFO - 
Epoch 85/100 | lr 0.003428
2026-03-26 02:18:36 - __main__ - INFO - Train: loss 0.1336 acc1 96.27%
2026-03-26 02:18:36 - __main__ - INFO - Val:   loss 2.8983 acc1 48.89%
2026-03-26 02:18:36 - __main__ - INFO - 
Epoch 86/100 | lr 0.003023
2026-03-26 02:18:48 - __main__ - INFO - Train: loss 0.1272 acc1 96.46%
2026-03-26 02:18:48 - __main__ - INFO - Val:   loss 2.8794 acc1 49.00%
2026-03-26 02:18:48 - __main__ - INFO - 
Epoch 87/100 | lr 0.002641
2026-03-26 02:19:00 - __main__ - INFO - Train: loss 0.1229 acc1 96.62%
2026-03-26 02:19:00 - __main__ - INFO - Val:   loss 2.8899 acc1 48.69%
2026-03-26 02:19:00 - __main__ - INFO - 
Epoch 88/100 | lr 0.002284
2026-03-26 02:19:12 - __main__ - INFO - Train: loss 0.1145 acc1 96.90%
2026-03-26 02:19:12 - __main__ - INFO - Val:   loss 2.9083 acc1 49.07%
2026-03-26 02:19:12 - __main__ - INFO - 
Epoch 89/100 | lr 0.001952
2026-03-26 02:19:24 - __main__ - INFO - Train: loss 0.1114 acc1 96.96%
2026-03-26 02:19:24 - __main__ - INFO - Val:   loss 2.9083 acc1 49.43%
2026-03-26 02:19:24 - __main__ - INFO - 
Epoch 90/100 | lr 0.001646
2026-03-26 02:19:36 - __main__ - INFO - Train: loss 0.1072 acc1 97.19%
2026-03-26 02:19:36 - __main__ - INFO - Val:   loss 2.9080 acc1 49.97%
2026-03-26 02:19:36 - __main__ - INFO - saved best: 49.97%
2026-03-26 02:19:36 - __main__ - INFO - 
Epoch 91/100 | lr 0.001364
2026-03-26 02:19:48 - __main__ - INFO - Train: loss 0.1051 acc1 97.24%
2026-03-26 02:19:48 - __main__ - INFO - Val:   loss 2.9090 acc1 49.43%
2026-03-26 02:19:48 - __main__ - INFO - 
Epoch 92/100 | lr 0.001109
2026-03-26 02:20:00 - __main__ - INFO - Train: loss 0.0996 acc1 97.37%
2026-03-26 02:20:00 - __main__ - INFO - Val:   loss 2.9072 acc1 49.19%
2026-03-26 02:20:00 - __main__ - INFO - 
Epoch 93/100 | lr 0.000880
2026-03-26 02:20:11 - __main__ - INFO - Train: loss 0.0961 acc1 97.50%
2026-03-26 02:20:11 - __main__ - INFO - Val:   loss 2.8940 acc1 49.63%
2026-03-26 02:20:11 - __main__ - INFO - 
Epoch 94/100 | lr 0.000677
2026-03-26 02:20:23 - __main__ - INFO - Train: loss 0.0937 acc1 97.61%
2026-03-26 02:20:23 - __main__ - INFO - Val:   loss 2.9296 acc1 49.21%
2026-03-26 02:20:23 - __main__ - INFO - 
Epoch 95/100 | lr 0.000500
2026-03-26 02:20:35 - __main__ - INFO - Train: loss 0.0937 acc1 97.54%
2026-03-26 02:20:35 - __main__ - INFO - Val:   loss 2.9059 acc1 49.66%
2026-03-26 02:20:35 - __main__ - INFO - 
Epoch 96/100 | lr 0.000351
2026-03-26 02:20:47 - __main__ - INFO - Train: loss 0.0924 acc1 97.64%
2026-03-26 02:20:47 - __main__ - INFO - Val:   loss 2.9083 acc1 50.04%
2026-03-26 02:20:47 - __main__ - INFO - saved best: 50.04%
2026-03-26 02:20:47 - __main__ - INFO - 
Epoch 97/100 | lr 0.000228
2026-03-26 02:20:59 - __main__ - INFO - Train: loss 0.0934 acc1 97.52%
2026-03-26 02:20:59 - __main__ - INFO - Val:   loss 2.9077 acc1 49.90%
2026-03-26 02:20:59 - __main__ - INFO - 
Epoch 98/100 | lr 0.000133
2026-03-26 02:21:12 - __main__ - INFO - Train: loss 0.0934 acc1 97.67%
2026-03-26 02:21:12 - __main__ - INFO - Val:   loss 2.9039 acc1 50.34%
2026-03-26 02:21:12 - __main__ - INFO - saved best: 50.34%
2026-03-26 02:21:12 - __main__ - INFO - 
Epoch 99/100 | lr 0.000065
2026-03-26 02:21:23 - __main__ - INFO - Train: loss 0.0911 acc1 97.65%
2026-03-26 02:21:23 - __main__ - INFO - Val:   loss 2.8976 acc1 49.50%
2026-03-26 02:21:23 - __main__ - INFO - 
Epoch 100/100 | lr 0.000024
2026-03-26 02:21:35 - __main__ - INFO - Train: loss 0.0929 acc1 97.61%
2026-03-26 02:21:35 - __main__ - INFO - Val:   loss 2.9015 acc1 49.63%
2026-03-26 02:21:35 - __main__ - INFO - Loaded best checkpoint weights for final test evaluation.
2026-03-26 02:21:37 - __main__ - INFO - 
Best tracked (val): 50.34%
2026-03-26 02:21:37 - __main__ - INFO - Final test: loss 2.8036 acc1 50.62%
2026-03-26 02:21:42 - __main__ - INFO - Variant [random_sparsity] done — test acc 50.62%, test loss 2.8036
2026-03-26 02:21:42 - __main__ - INFO - 
============================================================
2026-03-26 02:21:42 - __main__ - INFO - Training output model: efficientnet_b0 [shuffled_cam_low_saliency]
2026-03-26 02:21:42 - __main__ - INFO -   Resolved config → opt=sgd, lr=0.05, wd=0.0001, bs=128, epochs=100, scheduler=cosine, warmup=5
2026-03-26 02:21:42 - __main__ - INFO - ============================================================
2026-03-26 02:21:42 - __main__ - INFO -   Validation during training uses variant split with val_split=0.1
2026-03-26 02:21:42 - __main__ - INFO -   Final test uses shuffled_cam_low_saliency variant test split
2026-03-26 02:21:42 - __main__ - INFO - device: cuda | cuda: True | gpu: NVIDIA L4
2026-03-26 02:21:42 - __main__ - INFO - Model: efficientnet_b0 | Dataset: cifar100 | Classes: 100 | Optimizer: sgd
2026-03-26 02:21:42 - __main__ - INFO - 
Epoch 1/100 | lr 0.000050
2026-03-26 02:21:54 - __main__ - INFO - Train: loss 4.6658 acc1 1.15%
2026-03-26 02:21:54 - __main__ - INFO - Val:   loss 4.6663 acc1 1.05%
2026-03-26 02:21:54 - __main__ - INFO - saved best: 1.05%
2026-03-26 02:21:54 - __main__ - INFO - 
Epoch 2/100 | lr 0.010040
2026-03-26 02:22:06 - __main__ - INFO - Train: loss 4.5904 acc1 1.90%
2026-03-26 02:22:06 - __main__ - INFO - Val:   loss 4.3641 acc1 3.74%
2026-03-26 02:22:06 - __main__ - INFO - saved best: 3.74%
2026-03-26 02:22:06 - __main__ - INFO - 
Epoch 3/100 | lr 0.020030
2026-03-26 02:22:19 - __main__ - INFO - Train: loss 4.1149 acc1 6.35%
2026-03-26 02:22:19 - __main__ - INFO - Val:   loss 3.8620 acc1 9.57%
2026-03-26 02:22:19 - __main__ - INFO - saved best: 9.57%
2026-03-26 02:22:19 - __main__ - INFO - 
Epoch 4/100 | lr 0.030020
2026-03-26 02:22:30 - __main__ - INFO - Train: loss 3.8200 acc1 9.94%
2026-03-26 02:22:30 - __main__ - INFO - Val:   loss 3.8184 acc1 11.68%
2026-03-26 02:22:30 - __main__ - INFO - saved best: 11.68%
2026-03-26 02:22:30 - __main__ - INFO - 
Epoch 5/100 | lr 0.040010
2026-03-26 02:22:42 - __main__ - INFO - Train: loss 3.6174 acc1 13.08%
2026-03-26 02:22:42 - __main__ - INFO - Val:   loss 3.6163 acc1 15.00%
2026-03-26 02:22:42 - __main__ - INFO - saved best: 15.00%
2026-03-26 02:22:42 - __main__ - INFO - 
Epoch 6/100 | lr 0.050000
2026-03-26 02:22:54 - __main__ - INFO - Train: loss 3.4483 acc1 16.14%
2026-03-26 02:22:54 - __main__ - INFO - Val:   loss 3.4916 acc1 16.14%
2026-03-26 02:22:54 - __main__ - INFO - saved best: 16.14%
2026-03-26 02:22:54 - __main__ - INFO - 
Epoch 7/100 | lr 0.049986
2026-03-26 02:23:07 - __main__ - INFO - Train: loss 3.2829 acc1 19.18%
2026-03-26 02:23:07 - __main__ - INFO - Val:   loss 3.2855 acc1 20.33%
2026-03-26 02:23:07 - __main__ - INFO - saved best: 20.33%
2026-03-26 02:23:07 - __main__ - INFO - 
Epoch 8/100 | lr 0.049945
2026-03-26 02:23:18 - __main__ - INFO - Train: loss 3.1812 acc1 20.95%
2026-03-26 02:23:18 - __main__ - INFO - Val:   loss 3.6568 acc1 15.19%
2026-03-26 02:23:18 - __main__ - INFO - 
Epoch 9/100 | lr 0.049877
2026-03-26 02:23:30 - __main__ - INFO - Train: loss 3.0414 acc1 23.51%
2026-03-26 02:23:30 - __main__ - INFO - Val:   loss 2.9508 acc1 25.24%
2026-03-26 02:23:30 - __main__ - INFO - saved best: 25.24%
2026-03-26 02:23:30 - __main__ - INFO - 
Epoch 10/100 | lr 0.049782
2026-03-26 02:23:42 - __main__ - INFO - Train: loss 2.9161 acc1 26.02%
2026-03-26 02:23:42 - __main__ - INFO - Val:   loss 3.2040 acc1 21.96%
2026-03-26 02:23:42 - __main__ - INFO - 
Epoch 11/100 | lr 0.049659
2026-03-26 02:23:54 - __main__ - INFO - Train: loss 2.8188 acc1 28.11%
2026-03-26 02:23:54 - __main__ - INFO - Val:   loss 2.7470 acc1 29.83%
2026-03-26 02:23:54 - __main__ - INFO - saved best: 29.83%
2026-03-26 02:23:54 - __main__ - INFO - 
Epoch 12/100 | lr 0.049510
2026-03-26 02:24:07 - __main__ - INFO - Train: loss 2.6679 acc1 30.97%
2026-03-26 02:24:07 - __main__ - INFO - Val:   loss 2.7364 acc1 30.21%
2026-03-26 02:24:07 - __main__ - INFO - saved best: 30.21%
2026-03-26 02:24:07 - __main__ - INFO - 
Epoch 13/100 | lr 0.049333
2026-03-26 02:24:19 - __main__ - INFO - Train: loss 2.5860 acc1 32.73%
2026-03-26 02:24:19 - __main__ - INFO - Val:   loss 2.5538 acc1 33.97%
2026-03-26 02:24:19 - __main__ - INFO - saved best: 33.97%
2026-03-26 02:24:19 - __main__ - INFO - 
Epoch 14/100 | lr 0.049130
2026-03-26 02:24:30 - __main__ - INFO - Train: loss 2.5030 acc1 34.09%
2026-03-26 02:24:30 - __main__ - INFO - Val:   loss 2.7597 acc1 30.83%
2026-03-26 02:24:30 - __main__ - INFO - 
Epoch 15/100 | lr 0.048901
2026-03-26 02:24:42 - __main__ - INFO - Train: loss 2.7906 acc1 29.08%
2026-03-26 02:24:42 - __main__ - INFO - Val:   loss 2.7396 acc1 29.50%
2026-03-26 02:24:42 - __main__ - INFO - 
Epoch 16/100 | lr 0.048646
2026-03-26 02:24:54 - __main__ - INFO - Train: loss 2.5217 acc1 33.86%
2026-03-26 02:24:54 - __main__ - INFO - Val:   loss 2.4954 acc1 35.42%
2026-03-26 02:24:54 - __main__ - INFO - saved best: 35.42%
2026-03-26 02:24:54 - __main__ - INFO - 
Epoch 17/100 | lr 0.048364
2026-03-26 02:25:05 - __main__ - INFO - Train: loss 2.4161 acc1 36.40%
2026-03-26 02:25:05 - __main__ - INFO - Val:   loss 2.6500 acc1 32.23%
2026-03-26 02:25:05 - __main__ - INFO - 
Epoch 18/100 | lr 0.048058
2026-03-26 02:25:17 - __main__ - INFO - Train: loss 2.5114 acc1 34.19%
2026-03-26 02:25:17 - __main__ - INFO - Val:   loss 2.5672 acc1 33.52%
2026-03-26 02:25:17 - __main__ - INFO - 
Epoch 19/100 | lr 0.047726
2026-03-26 02:25:29 - __main__ - INFO - Train: loss 2.6848 acc1 31.31%
2026-03-26 02:25:29 - __main__ - INFO - Val:   loss 2.5382 acc1 33.71%
2026-03-26 02:25:29 - __main__ - INFO - 
Epoch 20/100 | lr 0.047369
2026-03-26 02:25:41 - __main__ - INFO - Train: loss 2.4104 acc1 36.33%
2026-03-26 02:25:41 - __main__ - INFO - Val:   loss 2.3759 acc1 37.29%
2026-03-26 02:25:41 - __main__ - INFO - saved best: 37.29%
2026-03-26 02:25:41 - __main__ - INFO - 
Epoch 21/100 | lr 0.046987
2026-03-26 02:25:53 - __main__ - INFO - Train: loss 2.3871 acc1 36.61%
2026-03-26 02:25:53 - __main__ - INFO - Val:   loss 2.3996 acc1 37.31%
2026-03-26 02:25:53 - __main__ - INFO - saved best: 37.31%
2026-03-26 02:25:53 - __main__ - INFO - 
Epoch 22/100 | lr 0.046582
2026-03-26 02:26:05 - __main__ - INFO - Train: loss 2.4369 acc1 36.36%
2026-03-26 02:26:05 - __main__ - INFO - Val:   loss 2.4854 acc1 36.01%
2026-03-26 02:26:05 - __main__ - INFO - 
Epoch 23/100 | lr 0.046153
2026-03-26 02:26:17 - __main__ - INFO - Train: loss 2.2771 acc1 39.09%
2026-03-26 02:26:17 - __main__ - INFO - Val:   loss 3.3100 acc1 30.94%
2026-03-26 02:26:17 - __main__ - INFO - 
Epoch 24/100 | lr 0.045701
2026-03-26 02:26:29 - __main__ - INFO - Train: loss 2.2162 acc1 40.53%
2026-03-26 02:26:29 - __main__ - INFO - Val:   loss 2.3569 acc1 38.43%
2026-03-26 02:26:29 - __main__ - INFO - saved best: 38.43%
2026-03-26 02:26:29 - __main__ - INFO - 
Epoch 25/100 | lr 0.045226
2026-03-26 02:26:41 - __main__ - INFO - Train: loss 2.2356 acc1 40.13%
2026-03-26 02:26:41 - __main__ - INFO - Val:   loss 2.3404 acc1 39.25%
2026-03-26 02:26:41 - __main__ - INFO - saved best: 39.25%
2026-03-26 02:26:41 - __main__ - INFO - 
Epoch 26/100 | lr 0.044730
2026-03-26 02:26:54 - __main__ - INFO - Train: loss 2.1407 acc1 42.06%
2026-03-26 02:26:54 - __main__ - INFO - Val:   loss 2.3649 acc1 38.29%
2026-03-26 02:26:54 - __main__ - INFO - 
Epoch 27/100 | lr 0.044211
2026-03-26 02:27:06 - __main__ - INFO - Train: loss 2.1372 acc1 42.21%
2026-03-26 02:27:06 - __main__ - INFO - Val:   loss 2.2327 acc1 42.49%
2026-03-26 02:27:06 - __main__ - INFO - saved best: 42.49%
2026-03-26 02:27:06 - __main__ - INFO - 
Epoch 28/100 | lr 0.043672
2026-03-26 02:27:18 - __main__ - INFO - Train: loss 2.0020 acc1 45.09%
2026-03-26 02:27:18 - __main__ - INFO - Val:   loss 2.2146 acc1 41.60%
2026-03-26 02:27:18 - __main__ - INFO - 
Epoch 29/100 | lr 0.043112
2026-03-26 02:27:30 - __main__ - INFO - Train: loss 2.0663 acc1 43.83%
2026-03-26 02:27:30 - __main__ - INFO - Val:   loss 16.2956 acc1 12.05%
2026-03-26 02:27:30 - __main__ - INFO - 
Epoch 30/100 | lr 0.042532
2026-03-26 02:27:42 - __main__ - INFO - Train: loss 2.4175 acc1 37.03%
2026-03-26 02:27:42 - __main__ - INFO - Val:   loss 2.3489 acc1 38.96%
2026-03-26 02:27:42 - __main__ - INFO - 
Epoch 31/100 | lr 0.041934
2026-03-26 02:27:54 - __main__ - INFO - Train: loss 2.1282 acc1 42.84%
2026-03-26 02:27:54 - __main__ - INFO - Val:   loss 2.2734 acc1 40.52%
2026-03-26 02:27:54 - __main__ - INFO - 
Epoch 32/100 | lr 0.041316
2026-03-26 02:28:06 - __main__ - INFO - Train: loss 2.0100 acc1 44.87%
2026-03-26 02:28:06 - __main__ - INFO - Val:   loss 2.2354 acc1 41.29%
2026-03-26 02:28:06 - __main__ - INFO - 
Epoch 33/100 | lr 0.040681
2026-03-26 02:28:18 - __main__ - INFO - Train: loss 1.9605 acc1 46.25%
2026-03-26 02:28:18 - __main__ - INFO - Val:   loss 2.2691 acc1 41.34%
2026-03-26 02:28:18 - __main__ - INFO - 
Epoch 34/100 | lr 0.040029
2026-03-26 02:28:31 - __main__ - INFO - Train: loss 1.9389 acc1 46.31%
2026-03-26 02:28:31 - __main__ - INFO - Val:   loss 2.4253 acc1 40.42%
2026-03-26 02:28:31 - __main__ - INFO - 
Epoch 35/100 | lr 0.039360
2026-03-26 02:28:43 - __main__ - INFO - Train: loss 1.8049 acc1 49.72%
2026-03-26 02:28:43 - __main__ - INFO - Val:   loss 2.2160 acc1 42.53%
2026-03-26 02:28:43 - __main__ - INFO - saved best: 42.53%
2026-03-26 02:28:43 - __main__ - INFO - 
Epoch 36/100 | lr 0.038676
2026-03-26 02:28:55 - __main__ - INFO - Train: loss 1.7796 acc1 50.28%
2026-03-26 02:28:55 - __main__ - INFO - Val:   loss 2.3945 acc1 41.18%
2026-03-26 02:28:55 - __main__ - INFO - 
Epoch 37/100 | lr 0.037977
2026-03-26 02:29:08 - __main__ - INFO - Train: loss 1.7675 acc1 50.29%
2026-03-26 02:29:08 - __main__ - INFO - Val:   loss 2.2685 acc1 42.03%
2026-03-26 02:29:08 - __main__ - INFO - 
Epoch 38/100 | lr 0.037263
2026-03-26 02:29:20 - __main__ - INFO - Train: loss 1.7049 acc1 51.79%
2026-03-26 02:29:20 - __main__ - INFO - Val:   loss 2.1855 acc1 43.76%
2026-03-26 02:29:20 - __main__ - INFO - saved best: 43.76%
2026-03-26 02:29:20 - __main__ - INFO - 
Epoch 39/100 | lr 0.036536
2026-03-26 02:29:32 - __main__ - INFO - Train: loss 1.7271 acc1 51.47%
2026-03-26 02:29:32 - __main__ - INFO - Val:   loss 2.4906 acc1 38.74%
2026-03-26 02:29:32 - __main__ - INFO - 
Epoch 40/100 | lr 0.035797
2026-03-26 02:29:44 - __main__ - INFO - Train: loss 1.6717 acc1 52.56%
2026-03-26 02:29:44 - __main__ - INFO - Val:   loss 2.1167 acc1 45.55%
2026-03-26 02:29:44 - __main__ - INFO - saved best: 45.55%
2026-03-26 02:29:44 - __main__ - INFO - 
Epoch 41/100 | lr 0.035045
2026-03-26 02:29:55 - __main__ - INFO - Train: loss 1.6158 acc1 53.88%
2026-03-26 02:29:55 - __main__ - INFO - Val:   loss 2.0948 acc1 45.88%
2026-03-26 02:29:55 - __main__ - INFO - saved best: 45.88%
2026-03-26 02:29:55 - __main__ - INFO - 
Epoch 42/100 | lr 0.034283
2026-03-26 02:30:07 - __main__ - INFO - Train: loss 1.5644 acc1 55.32%
2026-03-26 02:30:07 - __main__ - INFO - Val:   loss 2.3357 acc1 41.16%
2026-03-26 02:30:07 - __main__ - INFO - 
Epoch 43/100 | lr 0.033511
2026-03-26 02:30:19 - __main__ - INFO - Train: loss 1.5263 acc1 56.24%
2026-03-26 02:30:19 - __main__ - INFO - Val:   loss 2.1314 acc1 44.94%
2026-03-26 02:30:19 - __main__ - INFO - 
Epoch 44/100 | lr 0.032729
2026-03-26 02:30:31 - __main__ - INFO - Train: loss 1.4598 acc1 57.46%
2026-03-26 02:30:31 - __main__ - INFO - Val:   loss 2.3058 acc1 41.78%
2026-03-26 02:30:31 - __main__ - INFO - 
Epoch 45/100 | lr 0.031939
2026-03-26 02:30:44 - __main__ - INFO - Train: loss 1.4380 acc1 58.02%
2026-03-26 02:30:44 - __main__ - INFO - Val:   loss 2.2291 acc1 45.72%
2026-03-26 02:30:44 - __main__ - INFO - 
Epoch 46/100 | lr 0.031141
2026-03-26 02:30:55 - __main__ - INFO - Train: loss 1.3874 acc1 59.46%
2026-03-26 02:30:55 - __main__ - INFO - Val:   loss 2.1553 acc1 44.54%
2026-03-26 02:30:55 - __main__ - INFO - 
Epoch 47/100 | lr 0.030336
2026-03-26 02:31:08 - __main__ - INFO - Train: loss 1.3207 acc1 61.18%
2026-03-26 02:31:08 - __main__ - INFO - Val:   loss 2.1545 acc1 46.64%
2026-03-26 02:31:08 - __main__ - INFO - saved best: 46.64%
2026-03-26 02:31:08 - __main__ - INFO - 
Epoch 48/100 | lr 0.029526
2026-03-26 02:31:19 - __main__ - INFO - Train: loss 1.2982 acc1 61.54%
2026-03-26 02:31:19 - __main__ - INFO - Val:   loss 2.1599 acc1 45.30%
2026-03-26 02:31:19 - __main__ - INFO - 
Epoch 49/100 | lr 0.028711
2026-03-26 02:31:32 - __main__ - INFO - Train: loss 1.2478 acc1 62.70%
2026-03-26 02:31:32 - __main__ - INFO - Val:   loss 2.1828 acc1 46.44%
2026-03-26 02:31:32 - __main__ - INFO - 
Epoch 50/100 | lr 0.027892
2026-03-26 02:31:44 - __main__ - INFO - Train: loss 1.2167 acc1 63.84%
2026-03-26 02:31:44 - __main__ - INFO - Val:   loss 2.1820 acc1 46.16%
2026-03-26 02:31:44 - __main__ - INFO - 
Epoch 51/100 | lr 0.027069
2026-03-26 02:31:56 - __main__ - INFO - Train: loss 1.1677 acc1 65.22%
2026-03-26 02:31:56 - __main__ - INFO - Val:   loss 2.2180 acc1 46.66%
2026-03-26 02:31:56 - __main__ - INFO - saved best: 46.66%
2026-03-26 02:31:56 - __main__ - INFO - 
Epoch 52/100 | lr 0.026244
2026-03-26 02:32:09 - __main__ - INFO - Train: loss 1.1234 acc1 66.16%
2026-03-26 02:32:09 - __main__ - INFO - Val:   loss 2.2128 acc1 46.76%
2026-03-26 02:32:09 - __main__ - INFO - saved best: 46.76%
2026-03-26 02:32:09 - __main__ - INFO - 
Epoch 53/100 | lr 0.025418
2026-03-26 02:32:21 - __main__ - INFO - Train: loss 1.1396 acc1 65.90%
2026-03-26 02:32:21 - __main__ - INFO - Val:   loss 2.2476 acc1 45.97%
2026-03-26 02:32:21 - __main__ - INFO - 
Epoch 54/100 | lr 0.024592
2026-03-26 02:32:33 - __main__ - INFO - Train: loss 1.0387 acc1 68.21%
2026-03-26 02:32:33 - __main__ - INFO - Val:   loss 2.2729 acc1 47.25%
2026-03-26 02:32:33 - __main__ - INFO - saved best: 47.25%
2026-03-26 02:32:33 - __main__ - INFO - 
Epoch 55/100 | lr 0.023766
2026-03-26 02:32:45 - __main__ - INFO - Train: loss 0.9953 acc1 69.52%
2026-03-26 02:32:45 - __main__ - INFO - Val:   loss 2.3478 acc1 46.29%
2026-03-26 02:32:45 - __main__ - INFO - 
Epoch 56/100 | lr 0.022941
2026-03-26 02:32:57 - __main__ - INFO - Train: loss 0.9476 acc1 70.92%
2026-03-26 02:32:57 - __main__ - INFO - Val:   loss 2.3300 acc1 46.08%
2026-03-26 02:32:57 - __main__ - INFO - 
Epoch 57/100 | lr 0.022118
2026-03-26 02:33:09 - __main__ - INFO - Train: loss 0.9100 acc1 71.88%
2026-03-26 02:33:09 - __main__ - INFO - Val:   loss 2.4047 acc1 46.69%
2026-03-26 02:33:09 - __main__ - INFO - 
Epoch 58/100 | lr 0.021299
2026-03-26 02:33:21 - __main__ - INFO - Train: loss 0.8651 acc1 73.26%
2026-03-26 02:33:21 - __main__ - INFO - Val:   loss 2.3971 acc1 46.34%
2026-03-26 02:33:21 - __main__ - INFO - 
Epoch 59/100 | lr 0.020484
2026-03-26 02:33:32 - __main__ - INFO - Train: loss 0.8172 acc1 74.66%
2026-03-26 02:33:32 - __main__ - INFO - Val:   loss 2.3597 acc1 47.19%
2026-03-26 02:33:32 - __main__ - INFO - 
Epoch 60/100 | lr 0.019674
2026-03-26 02:33:45 - __main__ - INFO - Train: loss 0.7861 acc1 75.41%
2026-03-26 02:33:45 - __main__ - INFO - Val:   loss 2.4213 acc1 46.62%
2026-03-26 02:33:45 - __main__ - INFO - 
Epoch 61/100 | lr 0.018869
2026-03-26 02:33:57 - __main__ - INFO - Train: loss 0.7390 acc1 76.63%
2026-03-26 02:33:57 - __main__ - INFO - Val:   loss 2.5651 acc1 46.70%
2026-03-26 02:33:57 - __main__ - INFO - 
Epoch 62/100 | lr 0.018071
2026-03-26 02:34:09 - __main__ - INFO - Train: loss 0.7116 acc1 77.49%
2026-03-26 02:34:09 - __main__ - INFO - Val:   loss 2.4816 acc1 46.63%
2026-03-26 02:34:09 - __main__ - INFO - 
Epoch 63/100 | lr 0.017281
2026-03-26 02:34:21 - __main__ - INFO - Train: loss 0.6694 acc1 78.93%
2026-03-26 02:34:21 - __main__ - INFO - Val:   loss 2.4570 acc1 47.84%
2026-03-26 02:34:21 - __main__ - INFO - saved best: 47.84%
2026-03-26 02:34:21 - __main__ - INFO - 
Epoch 64/100 | lr 0.016499
2026-03-26 02:34:33 - __main__ - INFO - Train: loss 0.6198 acc1 80.49%
2026-03-26 02:34:33 - __main__ - INFO - Val:   loss 2.5210 acc1 47.12%
2026-03-26 02:34:33 - __main__ - INFO - 
Epoch 65/100 | lr 0.015727
2026-03-26 02:34:45 - __main__ - INFO - Train: loss 0.6091 acc1 80.79%
2026-03-26 02:34:45 - __main__ - INFO - Val:   loss 2.6106 acc1 46.42%
2026-03-26 02:34:45 - __main__ - INFO - 
Epoch 66/100 | lr 0.014965
2026-03-26 02:34:57 - __main__ - INFO - Train: loss 0.5503 acc1 82.63%
2026-03-26 02:34:57 - __main__ - INFO - Val:   loss 2.5205 acc1 47.17%
2026-03-26 02:34:57 - __main__ - INFO - 
Epoch 67/100 | lr 0.014213
2026-03-26 02:35:09 - __main__ - INFO - Train: loss 0.5172 acc1 83.48%
2026-03-26 02:35:09 - __main__ - INFO - Val:   loss 2.6259 acc1 47.17%
2026-03-26 02:35:09 - __main__ - INFO - 
Epoch 68/100 | lr 0.013474
2026-03-26 02:35:21 - __main__ - INFO - Train: loss 0.4789 acc1 84.49%
2026-03-26 02:35:21 - __main__ - INFO - Val:   loss 2.6954 acc1 46.72%
2026-03-26 02:35:21 - __main__ - INFO - 
Epoch 69/100 | lr 0.012747
2026-03-26 02:35:33 - __main__ - INFO - Train: loss 0.4419 acc1 85.87%
2026-03-26 02:35:33 - __main__ - INFO - Val:   loss 2.6969 acc1 46.71%
2026-03-26 02:35:33 - __main__ - INFO - 
Epoch 70/100 | lr 0.012033
2026-03-26 02:35:46 - __main__ - INFO - Train: loss 0.4176 acc1 86.75%
2026-03-26 02:35:46 - __main__ - INFO - Val:   loss 2.6848 acc1 47.05%
2026-03-26 02:35:46 - __main__ - INFO - 
Epoch 71/100 | lr 0.011334
2026-03-26 02:35:58 - __main__ - INFO - Train: loss 0.3803 acc1 88.13%
2026-03-26 02:35:58 - __main__ - INFO - Val:   loss 2.6902 acc1 47.68%
2026-03-26 02:35:58 - __main__ - INFO - 
Epoch 72/100 | lr 0.010650
2026-03-26 02:36:10 - __main__ - INFO - Train: loss 0.3479 acc1 88.96%
2026-03-26 02:36:10 - __main__ - INFO - Val:   loss 2.7402 acc1 47.12%
2026-03-26 02:36:10 - __main__ - INFO - 
Epoch 73/100 | lr 0.009981
2026-03-26 02:36:22 - __main__ - INFO - Train: loss 0.3262 acc1 89.72%
2026-03-26 02:36:22 - __main__ - INFO - Val:   loss 2.7567 acc1 47.58%
2026-03-26 02:36:22 - __main__ - INFO - 
Epoch 74/100 | lr 0.009329
2026-03-26 02:36:35 - __main__ - INFO - Train: loss 0.2982 acc1 90.72%
2026-03-26 02:36:35 - __main__ - INFO - Val:   loss 2.7618 acc1 48.48%
2026-03-26 02:36:35 - __main__ - INFO - saved best: 48.48%
2026-03-26 02:36:35 - __main__ - INFO - 
Epoch 75/100 | lr 0.008694
2026-03-26 02:36:46 - __main__ - INFO - Train: loss 0.2749 acc1 91.48%
2026-03-26 02:36:46 - __main__ - INFO - Val:   loss 2.7624 acc1 47.70%
2026-03-26 02:36:46 - __main__ - INFO - 
Epoch 76/100 | lr 0.008076
2026-03-26 02:36:59 - __main__ - INFO - Train: loss 0.2543 acc1 92.16%
2026-03-26 02:36:59 - __main__ - INFO - Val:   loss 2.8166 acc1 48.53%
2026-03-26 02:36:59 - __main__ - INFO - saved best: 48.53%
2026-03-26 02:36:59 - __main__ - INFO - 
Epoch 77/100 | lr 0.007478
2026-03-26 02:37:11 - __main__ - INFO - Train: loss 0.2292 acc1 93.00%
2026-03-26 02:37:11 - __main__ - INFO - Val:   loss 2.7712 acc1 48.77%
2026-03-26 02:37:11 - __main__ - INFO - saved best: 48.77%
2026-03-26 02:37:11 - __main__ - INFO - 
Epoch 78/100 | lr 0.006898
2026-03-26 02:37:23 - __main__ - INFO - Train: loss 0.2159 acc1 93.39%
2026-03-26 02:37:23 - __main__ - INFO - Val:   loss 2.8032 acc1 47.32%
2026-03-26 02:37:23 - __main__ - INFO - 
Epoch 79/100 | lr 0.006338
2026-03-26 02:37:35 - __main__ - INFO - Train: loss 0.2009 acc1 93.96%
2026-03-26 02:37:35 - __main__ - INFO - Val:   loss 2.8367 acc1 48.38%
2026-03-26 02:37:35 - __main__ - INFO - 
Epoch 80/100 | lr 0.005799
2026-03-26 02:37:48 - __main__ - INFO - Train: loss 0.1847 acc1 94.57%
2026-03-26 02:37:48 - __main__ - INFO - Val:   loss 2.8211 acc1 48.92%
2026-03-26 02:37:48 - __main__ - INFO - saved best: 48.92%
2026-03-26 02:37:48 - __main__ - INFO - 
Epoch 81/100 | lr 0.005280
2026-03-26 02:37:59 - __main__ - INFO - Train: loss 0.1687 acc1 95.01%
2026-03-26 02:37:59 - __main__ - INFO - Val:   loss 2.8312 acc1 47.84%
2026-03-26 02:37:59 - __main__ - INFO - 
Epoch 82/100 | lr 0.004784
2026-03-26 02:38:11 - __main__ - INFO - Train: loss 0.1632 acc1 95.22%
2026-03-26 02:38:11 - __main__ - INFO - Val:   loss 2.8531 acc1 48.65%
2026-03-26 02:38:11 - __main__ - INFO - 
Epoch 83/100 | lr 0.004309
2026-03-26 02:38:23 - __main__ - INFO - Train: loss 0.1523 acc1 95.70%
2026-03-26 02:38:23 - __main__ - INFO - Val:   loss 2.8548 acc1 47.86%
2026-03-26 02:38:23 - __main__ - INFO - 
Epoch 84/100 | lr 0.003857
2026-03-26 02:38:35 - __main__ - INFO - Train: loss 0.1417 acc1 96.09%
2026-03-26 02:38:35 - __main__ - INFO - Val:   loss 2.8711 acc1 48.51%
2026-03-26 02:38:35 - __main__ - INFO - 
Epoch 85/100 | lr 0.003428
2026-03-26 02:38:47 - __main__ - INFO - Train: loss 0.1352 acc1 96.07%
2026-03-26 02:38:47 - __main__ - INFO - Val:   loss 2.8704 acc1 48.59%
2026-03-26 02:38:47 - __main__ - INFO - 
Epoch 86/100 | lr 0.003023
2026-03-26 02:38:58 - __main__ - INFO - Train: loss 0.1260 acc1 96.55%
2026-03-26 02:38:58 - __main__ - INFO - Val:   loss 2.8739 acc1 48.49%
2026-03-26 02:38:58 - __main__ - INFO - 
Epoch 87/100 | lr 0.002641
2026-03-26 02:39:10 - __main__ - INFO - Train: loss 0.1216 acc1 96.58%
2026-03-26 02:39:10 - __main__ - INFO - Val:   loss 2.8848 acc1 48.20%
2026-03-26 02:39:10 - __main__ - INFO - 
Epoch 88/100 | lr 0.002284
2026-03-26 02:39:22 - __main__ - INFO - Train: loss 0.1141 acc1 96.98%
2026-03-26 02:39:22 - __main__ - INFO - Val:   loss 2.8808 acc1 48.12%
2026-03-26 02:39:22 - __main__ - INFO - 
Epoch 89/100 | lr 0.001952
2026-03-26 02:39:34 - __main__ - INFO - Train: loss 0.1087 acc1 97.11%
2026-03-26 02:39:34 - __main__ - INFO - Val:   loss 2.8850 acc1 48.67%
2026-03-26 02:39:34 - __main__ - INFO - 
Epoch 90/100 | lr 0.001646
2026-03-26 02:39:46 - __main__ - INFO - Train: loss 0.1067 acc1 97.22%
2026-03-26 02:39:46 - __main__ - INFO - Val:   loss 2.8872 acc1 48.69%
2026-03-26 02:39:46 - __main__ - INFO - 
Epoch 91/100 | lr 0.001364
2026-03-26 02:39:58 - __main__ - INFO - Train: loss 0.1034 acc1 97.18%
2026-03-26 02:39:58 - __main__ - INFO - Val:   loss 2.8910 acc1 48.73%
2026-03-26 02:39:58 - __main__ - INFO - 
Epoch 92/100 | lr 0.001109
2026-03-26 02:40:10 - __main__ - INFO - Train: loss 0.0987 acc1 97.47%
2026-03-26 02:40:10 - __main__ - INFO - Val:   loss 2.8884 acc1 48.83%
2026-03-26 02:40:10 - __main__ - INFO - 
Epoch 93/100 | lr 0.000880
2026-03-26 02:40:22 - __main__ - INFO - Train: loss 0.0971 acc1 97.46%
2026-03-26 02:40:22 - __main__ - INFO - Val:   loss 2.8894 acc1 49.09%
2026-03-26 02:40:22 - __main__ - INFO - saved best: 49.09%
2026-03-26 02:40:22 - __main__ - INFO - 
Epoch 94/100 | lr 0.000677
2026-03-26 02:40:33 - __main__ - INFO - Train: loss 0.0922 acc1 97.64%
2026-03-26 02:40:33 - __main__ - INFO - Val:   loss 2.8825 acc1 49.37%
2026-03-26 02:40:34 - __main__ - INFO - saved best: 49.37%
2026-03-26 02:40:34 - __main__ - INFO - 
Epoch 95/100 | lr 0.000500
2026-03-26 02:40:45 - __main__ - INFO - Train: loss 0.0928 acc1 97.66%
2026-03-26 02:40:45 - __main__ - INFO - Val:   loss 2.9033 acc1 48.79%
2026-03-26 02:40:45 - __main__ - INFO - 
Epoch 96/100 | lr 0.000351
2026-03-26 02:40:57 - __main__ - INFO - Train: loss 0.0918 acc1 97.76%
2026-03-26 02:40:57 - __main__ - INFO - Val:   loss 2.8865 acc1 48.76%
2026-03-26 02:40:57 - __main__ - INFO - 
Epoch 97/100 | lr 0.000228
2026-03-26 02:41:09 - __main__ - INFO - Train: loss 0.0902 acc1 97.76%
2026-03-26 02:41:09 - __main__ - INFO - Val:   loss 2.8803 acc1 49.23%
2026-03-26 02:41:09 - __main__ - INFO - 
Epoch 98/100 | lr 0.000133
2026-03-26 02:41:20 - __main__ - INFO - Train: loss 0.0906 acc1 97.73%
2026-03-26 02:41:20 - __main__ - INFO - Val:   loss 2.8823 acc1 49.27%
2026-03-26 02:41:20 - __main__ - INFO - 
Epoch 99/100 | lr 0.000065
2026-03-26 02:41:32 - __main__ - INFO - Train: loss 0.0927 acc1 97.71%
2026-03-26 02:41:32 - __main__ - INFO - Val:   loss 2.8879 acc1 49.30%
2026-03-26 02:41:32 - __main__ - INFO - 
Epoch 100/100 | lr 0.000024
2026-03-26 02:41:44 - __main__ - INFO - Train: loss 0.0904 acc1 97.78%
2026-03-26 02:41:44 - __main__ - INFO - Val:   loss 2.8741 acc1 48.76%
2026-03-26 02:41:44 - __main__ - INFO - Loaded best checkpoint weights for final test evaluation.
2026-03-26 02:41:46 - __main__ - INFO - 
Best tracked (val): 49.37%
2026-03-26 02:41:46 - __main__ - INFO - Final test: loss 2.7913 acc1 50.88%
2026-03-26 02:41:51 - __main__ - INFO - Variant [shuffled_cam_low_saliency] done — test acc 50.88%, test loss 2.7913
2026-03-26 02:41:51 - __main__ - INFO - Saved validation comparison plot: runs/cifar100_2026_03/25/efficientnet_b0/validation_comparison_plot.png
2026-03-26 02:41:51 - __main__ - INFO - 
Starting output model sweep: mobilenet_v3_small
2026-03-26 02:41:51 - __main__ - INFO - 
============================================================
2026-03-26 02:41:51 - __main__ - INFO - Training output model: mobilenet_v3_small [original]
2026-03-26 02:41:51 - __main__ - INFO -   Resolved config → opt=sgd, lr=0.01, wd=1e-05, bs=128, epochs=100, scheduler=cosine, warmup=5
2026-03-26 02:41:51 - __main__ - INFO - ============================================================
2026-03-26 02:41:51 - __main__ - INFO -   Validation during training uses variant split with val_split=0.1
2026-03-26 02:41:51 - __main__ - INFO -   Final test uses original test split
2026-03-26 02:41:52 - __main__ - INFO - device: cuda | cuda: True | gpu: NVIDIA L4
2026-03-26 02:41:52 - __main__ - INFO - Model: mobilenet_v3_small | Dataset: cifar100 | Classes: 100 | Optimizer: sgd
2026-03-26 02:41:52 - __main__ - INFO - 
Epoch 1/100 | lr 0.000010
2026-03-26 02:42:00 - __main__ - INFO - Train: loss 4.6066 acc1 1.02%
2026-03-26 02:42:00 - __main__ - INFO - Val:   loss 4.6054 acc1 1.17%
2026-03-26 02:42:00 - __main__ - INFO - saved best: 1.17%
2026-03-26 02:42:00 - __main__ - INFO - 
Epoch 2/100 | lr 0.002008
2026-03-26 02:42:09 - __main__ - INFO - Train: loss 4.5765 acc1 1.78%
2026-03-26 02:42:09 - __main__ - INFO - Val:   loss 4.5732 acc1 2.17%
2026-03-26 02:42:09 - __main__ - INFO - saved best: 2.17%
2026-03-26 02:42:09 - __main__ - INFO - 
Epoch 3/100 | lr 0.004006
2026-03-26 02:42:17 - __main__ - INFO - Train: loss 4.3943 acc1 3.25%
2026-03-26 02:42:17 - __main__ - INFO - Val:   loss 4.3426 acc1 3.77%
2026-03-26 02:42:17 - __main__ - INFO - saved best: 3.77%
2026-03-26 02:42:17 - __main__ - INFO - 
Epoch 4/100 | lr 0.006004
2026-03-26 02:42:25 - __main__ - INFO - Train: loss 4.1271 acc1 5.59%
2026-03-26 02:42:25 - __main__ - INFO - Val:   loss 4.2788 acc1 5.27%
2026-03-26 02:42:25 - __main__ - INFO - saved best: 5.27%
2026-03-26 02:42:25 - __main__ - INFO - 
Epoch 5/100 | lr 0.008002
2026-03-26 02:42:34 - __main__ - INFO - Train: loss 3.8981 acc1 8.82%
2026-03-26 02:42:34 - __main__ - INFO - Val:   loss 4.4015 acc1 7.27%
2026-03-26 02:42:34 - __main__ - INFO - saved best: 7.27%
2026-03-26 02:42:34 - __main__ - INFO - 
Epoch 6/100 | lr 0.010000
2026-03-26 02:42:42 - __main__ - INFO - Train: loss 3.7130 acc1 11.46%
2026-03-26 02:42:42 - __main__ - INFO - Val:   loss 4.0956 acc1 9.29%
2026-03-26 02:42:42 - __main__ - INFO - saved best: 9.29%
2026-03-26 02:42:42 - __main__ - INFO - 
Epoch 7/100 | lr 0.009997
2026-03-26 02:42:50 - __main__ - INFO - Train: loss 3.5703 acc1 13.99%
2026-03-26 02:42:50 - __main__ - INFO - Val:   loss 3.6429 acc1 14.03%
2026-03-26 02:42:50 - __main__ - INFO - saved best: 14.03%
2026-03-26 02:42:50 - __main__ - INFO - 
Epoch 8/100 | lr 0.009989
2026-03-26 02:42:59 - __main__ - INFO - Train: loss 3.4513 acc1 16.02%
2026-03-26 02:42:59 - __main__ - INFO - Val:   loss 3.6566 acc1 14.75%
2026-03-26 02:42:59 - __main__ - INFO - saved best: 14.75%
2026-03-26 02:42:59 - __main__ - INFO - 
Epoch 9/100 | lr 0.009975
2026-03-26 02:43:08 - __main__ - INFO - Train: loss 3.3345 acc1 18.27%
2026-03-26 02:43:08 - __main__ - INFO - Val:   loss 3.3411 acc1 19.50%
2026-03-26 02:43:08 - __main__ - INFO - saved best: 19.50%
2026-03-26 02:43:08 - __main__ - INFO - 
Epoch 10/100 | lr 0.009956
2026-03-26 02:43:16 - __main__ - INFO - Train: loss 3.2406 acc1 19.85%
2026-03-26 02:43:16 - __main__ - INFO - Val:   loss 3.3023 acc1 20.06%
2026-03-26 02:43:16 - __main__ - INFO - saved best: 20.06%
2026-03-26 02:43:16 - __main__ - INFO - 
Epoch 11/100 | lr 0.009932
2026-03-26 02:43:24 - __main__ - INFO - Train: loss 3.1600 acc1 21.64%
2026-03-26 02:43:24 - __main__ - INFO - Val:   loss 3.2670 acc1 21.88%
2026-03-26 02:43:24 - __main__ - INFO - saved best: 21.88%
2026-03-26 02:43:24 - __main__ - INFO - 
Epoch 12/100 | lr 0.009902
2026-03-26 02:43:33 - __main__ - INFO - Train: loss 3.0932 acc1 22.80%
2026-03-26 02:43:33 - __main__ - INFO - Val:   loss 3.1910 acc1 23.42%
2026-03-26 02:43:33 - __main__ - INFO - saved best: 23.42%
2026-03-26 02:43:33 - __main__ - INFO - 
Epoch 13/100 | lr 0.009867
2026-03-26 02:43:41 - __main__ - INFO - Train: loss 3.0389 acc1 24.09%
2026-03-26 02:43:41 - __main__ - INFO - Val:   loss 3.1090 acc1 23.66%
2026-03-26 02:43:41 - __main__ - INFO - saved best: 23.66%
2026-03-26 02:43:41 - __main__ - INFO - 
Epoch 14/100 | lr 0.009826
2026-03-26 02:43:50 - __main__ - INFO - Train: loss 2.9831 acc1 24.95%
2026-03-26 02:43:50 - __main__ - INFO - Val:   loss 3.0553 acc1 24.99%
2026-03-26 02:43:50 - __main__ - INFO - saved best: 24.99%
2026-03-26 02:43:50 - __main__ - INFO - 
Epoch 15/100 | lr 0.009780
2026-03-26 02:43:58 - __main__ - INFO - Train: loss 2.9372 acc1 25.86%
2026-03-26 02:43:58 - __main__ - INFO - Val:   loss 3.0047 acc1 25.09%
2026-03-26 02:43:58 - __main__ - INFO - saved best: 25.09%
2026-03-26 02:43:58 - __main__ - INFO - 
Epoch 16/100 | lr 0.009729
2026-03-26 02:44:07 - __main__ - INFO - Train: loss 2.8944 acc1 26.98%
2026-03-26 02:44:07 - __main__ - INFO - Val:   loss 2.9305 acc1 27.47%
2026-03-26 02:44:07 - __main__ - INFO - saved best: 27.47%
2026-03-26 02:44:07 - __main__ - INFO - 
Epoch 17/100 | lr 0.009673
2026-03-26 02:44:15 - __main__ - INFO - Train: loss 2.8505 acc1 27.72%
2026-03-26 02:44:15 - __main__ - INFO - Val:   loss 2.9624 acc1 26.80%
2026-03-26 02:44:15 - __main__ - INFO - 
Epoch 18/100 | lr 0.009612
2026-03-26 02:44:24 - __main__ - INFO - Train: loss 2.8172 acc1 28.29%
2026-03-26 02:44:24 - __main__ - INFO - Val:   loss 2.9329 acc1 28.55%
2026-03-26 02:44:24 - __main__ - INFO - saved best: 28.55%
2026-03-26 02:44:24 - __main__ - INFO - 
Epoch 19/100 | lr 0.009545
2026-03-26 02:44:31 - __main__ - INFO - Train: loss 2.7758 acc1 29.28%
2026-03-26 02:44:31 - __main__ - INFO - Val:   loss 2.8588 acc1 28.67%
2026-03-26 02:44:31 - __main__ - INFO - saved best: 28.67%
2026-03-26 02:44:31 - __main__ - INFO - 
Epoch 20/100 | lr 0.009474
2026-03-26 02:44:40 - __main__ - INFO - Train: loss 2.7416 acc1 29.79%
2026-03-26 02:44:40 - __main__ - INFO - Val:   loss 2.8706 acc1 28.43%
2026-03-26 02:44:40 - __main__ - INFO - 
Epoch 21/100 | lr 0.009398
2026-03-26 02:44:47 - __main__ - INFO - Train: loss 2.7113 acc1 30.34%
2026-03-26 02:44:47 - __main__ - INFO - Val:   loss 2.8214 acc1 29.80%
2026-03-26 02:44:47 - __main__ - INFO - saved best: 29.80%
2026-03-26 02:44:47 - __main__ - INFO - 
Epoch 22/100 | lr 0.009317
2026-03-26 02:44:55 - __main__ - INFO - Train: loss 2.6798 acc1 30.73%
2026-03-26 02:44:55 - __main__ - INFO - Val:   loss 2.8260 acc1 28.46%
2026-03-26 02:44:55 - __main__ - INFO - 
Epoch 23/100 | lr 0.009231
2026-03-26 02:45:04 - __main__ - INFO - Train: loss 2.6487 acc1 31.61%
2026-03-26 02:45:04 - __main__ - INFO - Val:   loss 2.7645 acc1 30.15%
2026-03-26 02:45:04 - __main__ - INFO - saved best: 30.15%
2026-03-26 02:45:04 - __main__ - INFO - 
Epoch 24/100 | lr 0.009141
2026-03-26 02:45:13 - __main__ - INFO - Train: loss 2.6135 acc1 32.37%
2026-03-26 02:45:13 - __main__ - INFO - Val:   loss 2.7521 acc1 30.70%
2026-03-26 02:45:13 - __main__ - INFO - saved best: 30.70%
2026-03-26 02:45:13 - __main__ - INFO - 
Epoch 25/100 | lr 0.009046
2026-03-26 02:45:21 - __main__ - INFO - Train: loss 2.5821 acc1 33.05%
2026-03-26 02:45:21 - __main__ - INFO - Val:   loss 2.7272 acc1 31.09%
2026-03-26 02:45:21 - __main__ - INFO - saved best: 31.09%
2026-03-26 02:45:21 - __main__ - INFO - 
Epoch 26/100 | lr 0.008947
2026-03-26 02:45:30 - __main__ - INFO - Train: loss 2.5565 acc1 33.39%
2026-03-26 02:45:30 - __main__ - INFO - Val:   loss 2.7805 acc1 30.69%
2026-03-26 02:45:30 - __main__ - INFO - 
Epoch 27/100 | lr 0.008843
2026-03-26 02:45:38 - __main__ - INFO - Train: loss 2.5257 acc1 33.87%
2026-03-26 02:45:38 - __main__ - INFO - Val:   loss 2.7847 acc1 29.81%
2026-03-26 02:45:38 - __main__ - INFO - 
Epoch 28/100 | lr 0.008735
2026-03-26 02:45:47 - __main__ - INFO - Train: loss 2.5029 acc1 34.77%
2026-03-26 02:45:47 - __main__ - INFO - Val:   loss 2.7422 acc1 31.39%
2026-03-26 02:45:47 - __main__ - INFO - saved best: 31.39%
2026-03-26 02:45:47 - __main__ - INFO - 
Epoch 29/100 | lr 0.008624
2026-03-26 02:45:55 - __main__ - INFO - Train: loss 2.4821 acc1 35.03%
2026-03-26 02:45:55 - __main__ - INFO - Val:   loss 2.6773 acc1 32.89%
2026-03-26 02:45:55 - __main__ - INFO - saved best: 32.89%
2026-03-26 02:45:55 - __main__ - INFO - 
Epoch 30/100 | lr 0.008508
2026-03-26 02:46:03 - __main__ - INFO - Train: loss 2.4582 acc1 35.36%
2026-03-26 02:46:03 - __main__ - INFO - Val:   loss 2.6759 acc1 31.93%
2026-03-26 02:46:03 - __main__ - INFO - 
Epoch 31/100 | lr 0.008388
2026-03-26 02:46:11 - __main__ - INFO - Train: loss 2.4226 acc1 36.41%
2026-03-26 02:46:11 - __main__ - INFO - Val:   loss 2.6897 acc1 32.53%
2026-03-26 02:46:11 - __main__ - INFO - 
Epoch 32/100 | lr 0.008265
2026-03-26 02:46:19 - __main__ - INFO - Train: loss 2.4062 acc1 36.62%
2026-03-26 02:46:19 - __main__ - INFO - Val:   loss 2.6203 acc1 34.40%
2026-03-26 02:46:19 - __main__ - INFO - saved best: 34.40%
2026-03-26 02:46:19 - __main__ - INFO - 
Epoch 33/100 | lr 0.008138
2026-03-26 02:46:27 - __main__ - INFO - Train: loss 2.3847 acc1 37.16%
2026-03-26 02:46:27 - __main__ - INFO - Val:   loss 2.6219 acc1 34.16%
2026-03-26 02:46:27 - __main__ - INFO - 
Epoch 34/100 | lr 0.008007
2026-03-26 02:46:35 - __main__ - INFO - Train: loss 2.3525 acc1 37.65%
2026-03-26 02:46:35 - __main__ - INFO - Val:   loss 2.6665 acc1 33.20%
2026-03-26 02:46:35 - __main__ - INFO - 
Epoch 35/100 | lr 0.007874
2026-03-26 02:46:44 - __main__ - INFO - Train: loss 2.3362 acc1 37.91%
2026-03-26 02:46:44 - __main__ - INFO - Val:   loss 2.6049 acc1 34.97%
2026-03-26 02:46:44 - __main__ - INFO - saved best: 34.97%
2026-03-26 02:46:44 - __main__ - INFO - 
Epoch 36/100 | lr 0.007737
2026-03-26 02:46:52 - __main__ - INFO - Train: loss 2.3141 acc1 38.99%
2026-03-26 02:46:52 - __main__ - INFO - Val:   loss 2.5871 acc1 35.12%
2026-03-26 02:46:52 - __main__ - INFO - saved best: 35.12%
2026-03-26 02:46:52 - __main__ - INFO - 
Epoch 37/100 | lr 0.007597
2026-03-26 02:47:00 - __main__ - INFO - Train: loss 2.2913 acc1 39.00%
2026-03-26 02:47:00 - __main__ - INFO - Val:   loss 2.5952 acc1 35.17%
2026-03-26 02:47:00 - __main__ - INFO - saved best: 35.17%
2026-03-26 02:47:00 - __main__ - INFO - 
Epoch 38/100 | lr 0.007455
2026-03-26 02:47:09 - __main__ - INFO - Train: loss 2.2638 acc1 39.44%
2026-03-26 02:47:09 - __main__ - INFO - Val:   loss 2.6005 acc1 34.84%
2026-03-26 02:47:09 - __main__ - INFO - 
Epoch 39/100 | lr 0.007309
2026-03-26 02:47:16 - __main__ - INFO - Train: loss 2.2487 acc1 39.91%
2026-03-26 02:47:16 - __main__ - INFO - Val:   loss 2.6237 acc1 34.41%
2026-03-26 02:47:16 - __main__ - INFO - 
Epoch 40/100 | lr 0.007162
2026-03-26 02:47:25 - __main__ - INFO - Train: loss 2.2228 acc1 40.53%
2026-03-26 02:47:25 - __main__ - INFO - Val:   loss 2.6596 acc1 33.48%
2026-03-26 02:47:25 - __main__ - INFO - 
Epoch 41/100 | lr 0.007011
2026-03-26 02:47:33 - __main__ - INFO - Train: loss 2.2089 acc1 40.92%
2026-03-26 02:47:33 - __main__ - INFO - Val:   loss 2.5477 acc1 35.26%
2026-03-26 02:47:33 - __main__ - INFO - saved best: 35.26%
2026-03-26 02:47:33 - __main__ - INFO - 
Epoch 42/100 | lr 0.006859
2026-03-26 02:47:42 - __main__ - INFO - Train: loss 2.1909 acc1 41.26%
2026-03-26 02:47:42 - __main__ - INFO - Val:   loss 2.5394 acc1 36.26%
2026-03-26 02:47:42 - __main__ - INFO - saved best: 36.26%
2026-03-26 02:47:42 - __main__ - INFO - 
Epoch 43/100 | lr 0.006705
2026-03-26 02:47:50 - __main__ - INFO - Train: loss 2.1645 acc1 41.68%
2026-03-26 02:47:50 - __main__ - INFO - Val:   loss 2.5542 acc1 35.72%
2026-03-26 02:47:50 - __main__ - INFO - 
Epoch 44/100 | lr 0.006549
2026-03-26 02:47:58 - __main__ - INFO - Train: loss 2.1438 acc1 42.09%
2026-03-26 02:47:58 - __main__ - INFO - Val:   loss 2.5633 acc1 35.73%
2026-03-26 02:47:58 - __main__ - INFO - 
Epoch 45/100 | lr 0.006391
2026-03-26 02:48:06 - __main__ - INFO - Train: loss 2.1266 acc1 42.64%
2026-03-26 02:48:06 - __main__ - INFO - Val:   loss 2.6284 acc1 34.91%
2026-03-26 02:48:06 - __main__ - INFO - 
Epoch 46/100 | lr 0.006231
2026-03-26 02:48:15 - __main__ - INFO - Train: loss 2.0976 acc1 43.15%
2026-03-26 02:48:15 - __main__ - INFO - Val:   loss 2.5633 acc1 36.06%
2026-03-26 02:48:15 - __main__ - INFO - 
Epoch 47/100 | lr 0.006070
2026-03-26 02:48:23 - __main__ - INFO - Train: loss 2.0916 acc1 43.35%
2026-03-26 02:48:23 - __main__ - INFO - Val:   loss 2.4995 acc1 37.51%
2026-03-26 02:48:23 - __main__ - INFO - saved best: 37.51%
2026-03-26 02:48:23 - __main__ - INFO - 
Epoch 48/100 | lr 0.005908
2026-03-26 02:48:31 - __main__ - INFO - Train: loss 2.0600 acc1 44.06%
2026-03-26 02:48:31 - __main__ - INFO - Val:   loss 2.5793 acc1 35.71%
2026-03-26 02:48:31 - __main__ - INFO - 
Epoch 49/100 | lr 0.005746
2026-03-26 02:48:40 - __main__ - INFO - Train: loss 2.0444 acc1 44.84%
2026-03-26 02:48:40 - __main__ - INFO - Val:   loss 2.5670 acc1 36.27%
2026-03-26 02:48:40 - __main__ - INFO - 
Epoch 50/100 | lr 0.005582
2026-03-26 02:48:48 - __main__ - INFO - Train: loss 2.0230 acc1 45.08%
2026-03-26 02:48:48 - __main__ - INFO - Val:   loss 2.5426 acc1 36.38%
2026-03-26 02:48:48 - __main__ - INFO - 
Epoch 51/100 | lr 0.005417
2026-03-26 02:48:55 - __main__ - INFO - Train: loss 2.0020 acc1 45.33%
2026-03-26 02:48:55 - __main__ - INFO - Val:   loss 2.5789 acc1 36.33%
2026-03-26 02:48:55 - __main__ - INFO - 
Epoch 52/100 | lr 0.005253
2026-03-26 02:49:03 - __main__ - INFO - Train: loss 1.9839 acc1 46.10%
2026-03-26 02:49:03 - __main__ - INFO - Val:   loss 2.5414 acc1 36.91%
2026-03-26 02:49:03 - __main__ - INFO - 
Epoch 53/100 | lr 0.005088
2026-03-26 02:49:12 - __main__ - INFO - Train: loss 1.9566 acc1 46.38%
2026-03-26 02:49:12 - __main__ - INFO - Val:   loss 2.5411 acc1 36.10%
2026-03-26 02:49:12 - __main__ - INFO - 
Epoch 54/100 | lr 0.004922
2026-03-26 02:49:20 - __main__ - INFO - Train: loss 1.9444 acc1 46.40%
2026-03-26 02:49:20 - __main__ - INFO - Val:   loss 2.5563 acc1 36.18%
2026-03-26 02:49:20 - __main__ - INFO - 
Epoch 55/100 | lr 0.004757
2026-03-26 02:49:28 - __main__ - INFO - Train: loss 1.9244 acc1 47.00%
2026-03-26 02:49:28 - __main__ - INFO - Val:   loss 2.5493 acc1 37.18%
2026-03-26 02:49:28 - __main__ - INFO - 
Epoch 56/100 | lr 0.004593
2026-03-26 02:49:36 - __main__ - INFO - Train: loss 1.9118 acc1 47.16%
2026-03-26 02:49:36 - __main__ - INFO - Val:   loss 2.5346 acc1 37.88%
2026-03-26 02:49:36 - __main__ - INFO - saved best: 37.88%
2026-03-26 02:49:36 - __main__ - INFO - 
Epoch 57/100 | lr 0.004428
2026-03-26 02:49:45 - __main__ - INFO - Train: loss 1.8884 acc1 47.90%
2026-03-26 02:49:45 - __main__ - INFO - Val:   loss 2.5503 acc1 37.77%
2026-03-26 02:49:45 - __main__ - INFO - 
Epoch 58/100 | lr 0.004264
2026-03-26 02:49:53 - __main__ - INFO - Train: loss 1.8640 acc1 48.44%
2026-03-26 02:49:53 - __main__ - INFO - Val:   loss 2.5801 acc1 36.79%
2026-03-26 02:49:53 - __main__ - INFO - 
Epoch 59/100 | lr 0.004102
2026-03-26 02:50:01 - __main__ - INFO - Train: loss 1.8514 acc1 48.77%
2026-03-26 02:50:01 - __main__ - INFO - Val:   loss 2.5474 acc1 38.50%
2026-03-26 02:50:01 - __main__ - INFO - saved best: 38.50%
2026-03-26 02:50:01 - __main__ - INFO - 
Epoch 60/100 | lr 0.003940
2026-03-26 02:50:09 - __main__ - INFO - Train: loss 1.8264 acc1 49.27%
2026-03-26 02:50:09 - __main__ - INFO - Val:   loss 2.5625 acc1 37.25%
2026-03-26 02:50:09 - __main__ - INFO - 
Epoch 61/100 | lr 0.003779
2026-03-26 02:50:17 - __main__ - INFO - Train: loss 1.8091 acc1 49.75%
2026-03-26 02:50:17 - __main__ - INFO - Val:   loss 2.5211 acc1 38.17%
2026-03-26 02:50:17 - __main__ - INFO - 
Epoch 62/100 | lr 0.003619
2026-03-26 02:50:25 - __main__ - INFO - Train: loss 1.7915 acc1 50.28%
2026-03-26 02:50:25 - __main__ - INFO - Val:   loss 2.5923 acc1 36.44%
2026-03-26 02:50:25 - __main__ - INFO - 
Epoch 63/100 | lr 0.003461
2026-03-26 02:50:33 - __main__ - INFO - Train: loss 1.7735 acc1 50.71%
2026-03-26 02:50:33 - __main__ - INFO - Val:   loss 2.5802 acc1 37.78%
2026-03-26 02:50:33 - __main__ - INFO - 
Epoch 64/100 | lr 0.003305
2026-03-26 02:50:41 - __main__ - INFO - Train: loss 1.7494 acc1 50.92%
2026-03-26 02:50:41 - __main__ - INFO - Val:   loss 2.5502 acc1 38.63%
2026-03-26 02:50:41 - __main__ - INFO - saved best: 38.63%
2026-03-26 02:50:41 - __main__ - INFO - 
Epoch 65/100 | lr 0.003151
2026-03-26 02:50:49 - __main__ - INFO - Train: loss 1.7379 acc1 51.50%
2026-03-26 02:50:49 - __main__ - INFO - Val:   loss 2.5564 acc1 37.88%
2026-03-26 02:50:49 - __main__ - INFO - 
Epoch 66/100 | lr 0.002999
2026-03-26 02:50:58 - __main__ - INFO - Train: loss 1.7104 acc1 52.09%
2026-03-26 02:50:58 - __main__ - INFO - Val:   loss 2.5904 acc1 37.20%
2026-03-26 02:50:58 - __main__ - INFO - 
Epoch 67/100 | lr 0.002848
2026-03-26 02:51:07 - __main__ - INFO - Train: loss 1.6960 acc1 52.36%
2026-03-26 02:51:07 - __main__ - INFO - Val:   loss 2.5588 acc1 38.18%
2026-03-26 02:51:07 - __main__ - INFO - 
Epoch 68/100 | lr 0.002701
2026-03-26 02:51:16 - __main__ - INFO - Train: loss 1.6865 acc1 52.65%
2026-03-26 02:51:16 - __main__ - INFO - Val:   loss 2.5867 acc1 38.15%
2026-03-26 02:51:16 - __main__ - INFO - 
Epoch 69/100 | lr 0.002555
2026-03-26 02:51:24 - __main__ - INFO - Train: loss 1.6593 acc1 53.17%
2026-03-26 02:51:24 - __main__ - INFO - Val:   loss 2.5879 acc1 38.39%
2026-03-26 02:51:24 - __main__ - INFO - 
Epoch 70/100 | lr 0.002413
2026-03-26 02:51:33 - __main__ - INFO - Train: loss 1.6482 acc1 53.68%
2026-03-26 02:51:33 - __main__ - INFO - Val:   loss 2.5964 acc1 37.75%
2026-03-26 02:51:33 - __main__ - INFO - 
Epoch 71/100 | lr 0.002273
2026-03-26 02:51:40 - __main__ - INFO - Train: loss 1.6288 acc1 53.99%
2026-03-26 02:51:40 - __main__ - INFO - Val:   loss 2.6024 acc1 38.55%
2026-03-26 02:51:40 - __main__ - INFO - 
Epoch 72/100 | lr 0.002136
2026-03-26 02:51:49 - __main__ - INFO - Train: loss 1.6076 acc1 54.29%
2026-03-26 02:51:49 - __main__ - INFO - Val:   loss 2.5831 acc1 38.12%
2026-03-26 02:51:49 - __main__ - INFO - 
Epoch 73/100 | lr 0.002003
2026-03-26 02:51:57 - __main__ - INFO - Train: loss 1.5867 acc1 55.22%
2026-03-26 02:51:57 - __main__ - INFO - Val:   loss 2.6031 acc1 38.32%
2026-03-26 02:51:57 - __main__ - INFO - 
Epoch 74/100 | lr 0.001872
2026-03-26 02:52:05 - __main__ - INFO - Train: loss 1.5741 acc1 55.47%
2026-03-26 02:52:05 - __main__ - INFO - Val:   loss 2.5930 acc1 38.01%
2026-03-26 02:52:05 - __main__ - INFO - 
Epoch 75/100 | lr 0.001745
2026-03-26 02:52:14 - __main__ - INFO - Train: loss 1.5613 acc1 55.99%
2026-03-26 02:52:14 - __main__ - INFO - Val:   loss 2.6212 acc1 37.96%
2026-03-26 02:52:14 - __main__ - INFO - 
Epoch 76/100 | lr 0.001622
2026-03-26 02:52:23 - __main__ - INFO - Train: loss 1.5415 acc1 56.25%
2026-03-26 02:52:23 - __main__ - INFO - Val:   loss 2.6167 acc1 38.27%
2026-03-26 02:52:23 - __main__ - INFO - 
Epoch 77/100 | lr 0.001502
2026-03-26 02:52:30 - __main__ - INFO - Train: loss 1.5241 acc1 56.83%
2026-03-26 02:52:30 - __main__ - INFO - Val:   loss 2.6392 acc1 38.28%
2026-03-26 02:52:30 - __main__ - INFO - 
Epoch 78/100 | lr 0.001386
2026-03-26 02:52:38 - __main__ - INFO - Train: loss 1.5150 acc1 56.80%
2026-03-26 02:52:38 - __main__ - INFO - Val:   loss 2.6411 acc1 38.01%
2026-03-26 02:52:38 - __main__ - INFO - 
Epoch 79/100 | lr 0.001275
2026-03-26 02:52:47 - __main__ - INFO - Train: loss 1.5030 acc1 57.19%
2026-03-26 02:52:47 - __main__ - INFO - Val:   loss 2.6376 acc1 38.50%
2026-03-26 02:52:47 - __main__ - INFO - 
Epoch 80/100 | lr 0.001167
2026-03-26 02:52:54 - __main__ - INFO - Train: loss 1.4951 acc1 57.18%
2026-03-26 02:52:54 - __main__ - INFO - Val:   loss 2.6317 acc1 38.58%
2026-03-26 02:52:54 - __main__ - INFO - 
Epoch 81/100 | lr 0.001063
2026-03-26 02:53:03 - __main__ - INFO - Train: loss 1.4790 acc1 57.74%
2026-03-26 02:53:03 - __main__ - INFO - Val:   loss 2.6371 acc1 37.99%
2026-03-26 02:53:03 - __main__ - INFO - 
Epoch 82/100 | lr 0.000964
2026-03-26 02:53:11 - __main__ - INFO - Train: loss 1.4667 acc1 58.00%
2026-03-26 02:53:11 - __main__ - INFO - Val:   loss 2.6490 acc1 38.80%
2026-03-26 02:53:11 - __main__ - INFO - saved best: 38.80%
2026-03-26 02:53:11 - __main__ - INFO - 
Epoch 83/100 | lr 0.000869
2026-03-26 02:53:19 - __main__ - INFO - Train: loss 1.4472 acc1 58.43%
2026-03-26 02:53:19 - __main__ - INFO - Val:   loss 2.6387 acc1 38.50%
2026-03-26 02:53:19 - __main__ - INFO - 
Epoch 84/100 | lr 0.000779
2026-03-26 02:53:27 - __main__ - INFO - Train: loss 1.4369 acc1 58.83%
2026-03-26 02:53:27 - __main__ - INFO - Val:   loss 2.6585 acc1 38.22%
2026-03-26 02:53:27 - __main__ - INFO - 
Epoch 85/100 | lr 0.000693
2026-03-26 02:53:36 - __main__ - INFO - Train: loss 1.4253 acc1 59.05%
2026-03-26 02:53:36 - __main__ - INFO - Val:   loss 2.6521 acc1 38.39%
2026-03-26 02:53:36 - __main__ - INFO - 
Epoch 86/100 | lr 0.000612
2026-03-26 02:53:43 - __main__ - INFO - Train: loss 1.4183 acc1 59.30%
2026-03-26 02:53:43 - __main__ - INFO - Val:   loss 2.6534 acc1 38.40%
2026-03-26 02:53:43 - __main__ - INFO - 
Epoch 87/100 | lr 0.000536
2026-03-26 02:53:52 - __main__ - INFO - Train: loss 1.4139 acc1 59.39%
2026-03-26 02:53:52 - __main__ - INFO - Val:   loss 2.6508 acc1 38.48%
2026-03-26 02:53:52 - __main__ - INFO - 
Epoch 88/100 | lr 0.000465
2026-03-26 02:54:00 - __main__ - INFO - Train: loss 1.4023 acc1 59.71%
2026-03-26 02:54:00 - __main__ - INFO - Val:   loss 2.6642 acc1 38.61%
2026-03-26 02:54:00 - __main__ - INFO - 
Epoch 89/100 | lr 0.000398
2026-03-26 02:54:08 - __main__ - INFO - Train: loss 1.3889 acc1 60.18%
2026-03-26 02:54:08 - __main__ - INFO - Val:   loss 2.6635 acc1 38.76%
2026-03-26 02:54:08 - __main__ - INFO - 
Epoch 90/100 | lr 0.000337
2026-03-26 02:54:16 - __main__ - INFO - Train: loss 1.3748 acc1 60.68%
2026-03-26 02:54:16 - __main__ - INFO - Val:   loss 2.6603 acc1 38.48%
2026-03-26 02:54:16 - __main__ - INFO - 
Epoch 91/100 | lr 0.000281
2026-03-26 02:54:24 - __main__ - INFO - Train: loss 1.3727 acc1 60.66%
2026-03-26 02:54:24 - __main__ - INFO - Val:   loss 2.6648 acc1 39.08%
2026-03-26 02:54:24 - __main__ - INFO - saved best: 39.08%
2026-03-26 02:54:24 - __main__ - INFO - 
Epoch 92/100 | lr 0.000230
2026-03-26 02:54:32 - __main__ - INFO - Train: loss 1.3819 acc1 60.33%
2026-03-26 02:54:32 - __main__ - INFO - Val:   loss 2.6654 acc1 38.81%
2026-03-26 02:54:32 - __main__ - INFO - 
Epoch 93/100 | lr 0.000184
2026-03-26 02:54:41 - __main__ - INFO - Train: loss 1.3720 acc1 60.56%
2026-03-26 02:54:41 - __main__ - INFO - Val:   loss 2.6647 acc1 38.60%
2026-03-26 02:54:41 - __main__ - INFO - 
Epoch 94/100 | lr 0.000143
2026-03-26 02:54:48 - __main__ - INFO - Train: loss 1.3622 acc1 60.87%
2026-03-26 02:54:48 - __main__ - INFO - Val:   loss 2.6711 acc1 38.20%
2026-03-26 02:54:48 - __main__ - INFO - 
Epoch 95/100 | lr 0.000108
2026-03-26 02:54:56 - __main__ - INFO - Train: loss 1.3615 acc1 60.97%
2026-03-26 02:54:56 - __main__ - INFO - Val:   loss 2.6650 acc1 38.69%
2026-03-26 02:54:56 - __main__ - INFO - 
Epoch 96/100 | lr 0.000078
2026-03-26 02:55:04 - __main__ - INFO - Train: loss 1.3566 acc1 61.08%
2026-03-26 02:55:04 - __main__ - INFO - Val:   loss 2.6687 acc1 38.68%
2026-03-26 02:55:04 - __main__ - INFO - 
Epoch 97/100 | lr 0.000054
2026-03-26 02:55:12 - __main__ - INFO - Train: loss 1.3609 acc1 60.93%
2026-03-26 02:55:12 - __main__ - INFO - Val:   loss 2.6688 acc1 38.74%
2026-03-26 02:55:12 - __main__ - INFO - 
Epoch 98/100 | lr 0.000035
2026-03-26 02:55:20 - __main__ - INFO - Train: loss 1.3537 acc1 60.88%
2026-03-26 02:55:20 - __main__ - INFO - Val:   loss 2.6698 acc1 38.73%
2026-03-26 02:55:20 - __main__ - INFO - 
Epoch 99/100 | lr 0.000021
2026-03-26 02:55:29 - __main__ - INFO - Train: loss 1.3487 acc1 61.18%
2026-03-26 02:55:29 - __main__ - INFO - Val:   loss 2.6654 acc1 38.70%
2026-03-26 02:55:29 - __main__ - INFO - 
Epoch 100/100 | lr 0.000013
2026-03-26 02:55:38 - __main__ - INFO - Train: loss 1.3555 acc1 61.23%
2026-03-26 02:55:38 - __main__ - INFO - Val:   loss 2.6665 acc1 38.79%
2026-03-26 02:55:38 - __main__ - INFO - Loaded best checkpoint weights for final test evaluation.
2026-03-26 02:55:40 - __main__ - INFO - 
Best tracked (val): 39.08%
2026-03-26 02:55:40 - __main__ - INFO - Final test: loss 2.6130 acc1 38.90%
2026-03-26 02:55:44 - __main__ - INFO - Variant [original] done — test acc 38.90%, test loss 2.6130
2026-03-26 02:55:44 - __main__ - INFO - 
============================================================
2026-03-26 02:55:44 - __main__ - INFO - Training output model: mobilenet_v3_small [low_saliency]
2026-03-26 02:55:44 - __main__ - INFO -   Resolved config → opt=sgd, lr=0.01, wd=1e-05, bs=128, epochs=100, scheduler=cosine, warmup=5
2026-03-26 02:55:44 - __main__ - INFO - ============================================================
2026-03-26 02:55:44 - __main__ - INFO -   Validation during training uses variant split with val_split=0.1
2026-03-26 02:55:44 - __main__ - INFO -   Final test uses low_saliency variant test split
2026-03-26 02:55:44 - __main__ - INFO - device: cuda | cuda: True | gpu: NVIDIA L4
2026-03-26 02:55:44 - __main__ - INFO - Model: mobilenet_v3_small | Dataset: cifar100 | Classes: 100 | Optimizer: sgd
2026-03-26 02:55:44 - __main__ - INFO - 
Epoch 1/100 | lr 0.000010
2026-03-26 02:55:53 - __main__ - INFO - Train: loss 4.6067 acc1 1.01%
2026-03-26 02:55:53 - __main__ - INFO - Val:   loss 4.6054 acc1 1.17%
2026-03-26 02:55:53 - __main__ - INFO - saved best: 1.17%
2026-03-26 02:55:53 - __main__ - INFO - 
Epoch 2/100 | lr 0.002008
2026-03-26 02:56:02 - __main__ - INFO - Train: loss 4.5797 acc1 1.65%
2026-03-26 02:56:02 - __main__ - INFO - Val:   loss 4.5861 acc1 1.98%
2026-03-26 02:56:02 - __main__ - INFO - saved best: 1.98%
2026-03-26 02:56:02 - __main__ - INFO - 
Epoch 3/100 | lr 0.004006
2026-03-26 02:56:10 - __main__ - INFO - Train: loss 4.4383 acc1 2.82%
2026-03-26 02:56:10 - __main__ - INFO - Val:   loss 4.4877 acc1 3.29%
2026-03-26 02:56:10 - __main__ - INFO - saved best: 3.29%
2026-03-26 02:56:10 - __main__ - INFO - 
Epoch 4/100 | lr 0.006004
2026-03-26 02:56:18 - __main__ - INFO - Train: loss 4.2104 acc1 4.80%
2026-03-26 02:56:18 - __main__ - INFO - Val:   loss 4.1975 acc1 5.30%
2026-03-26 02:56:18 - __main__ - INFO - saved best: 5.30%
2026-03-26 02:56:18 - __main__ - INFO - 
Epoch 5/100 | lr 0.008002
2026-03-26 02:56:26 - __main__ - INFO - Train: loss 3.9734 acc1 7.94%
2026-03-26 02:56:26 - __main__ - INFO - Val:   loss 4.0611 acc1 8.52%
2026-03-26 02:56:26 - __main__ - INFO - saved best: 8.52%
2026-03-26 02:56:26 - __main__ - INFO - 
Epoch 6/100 | lr 0.010000
2026-03-26 02:56:34 - __main__ - INFO - Train: loss 3.7649 acc1 10.99%
2026-03-26 02:56:34 - __main__ - INFO - Val:   loss 3.9095 acc1 10.00%
2026-03-26 02:56:35 - __main__ - INFO - saved best: 10.00%
2026-03-26 02:56:35 - __main__ - INFO - 
Epoch 7/100 | lr 0.009997
2026-03-26 02:56:43 - __main__ - INFO - Train: loss 3.6256 acc1 13.10%
2026-03-26 02:56:43 - __main__ - INFO - Val:   loss 3.6833 acc1 13.31%
2026-03-26 02:56:43 - __main__ - INFO - saved best: 13.31%
2026-03-26 02:56:43 - __main__ - INFO - 
Epoch 8/100 | lr 0.009989
2026-03-26 02:56:51 - __main__ - INFO - Train: loss 3.5312 acc1 14.65%
2026-03-26 02:56:51 - __main__ - INFO - Val:   loss 3.5809 acc1 15.64%
2026-03-26 02:56:51 - __main__ - INFO - saved best: 15.64%
2026-03-26 02:56:51 - __main__ - INFO - 
Epoch 9/100 | lr 0.009975
2026-03-26 02:56:59 - __main__ - INFO - Train: loss 3.4407 acc1 16.67%
2026-03-26 02:56:59 - __main__ - INFO - Val:   loss 3.4722 acc1 16.81%
2026-03-26 02:56:59 - __main__ - INFO - saved best: 16.81%
2026-03-26 02:56:59 - __main__ - INFO - 
Epoch 10/100 | lr 0.009956
2026-03-26 02:57:08 - __main__ - INFO - Train: loss 3.3449 acc1 18.43%
2026-03-26 02:57:08 - __main__ - INFO - Val:   loss 3.3465 acc1 20.11%
2026-03-26 02:57:08 - __main__ - INFO - saved best: 20.11%
2026-03-26 02:57:08 - __main__ - INFO - 
Epoch 11/100 | lr 0.009932
2026-03-26 02:57:16 - __main__ - INFO - Train: loss 3.2669 acc1 19.78%
2026-03-26 02:57:16 - __main__ - INFO - Val:   loss 3.3160 acc1 20.76%
2026-03-26 02:57:16 - __main__ - INFO - saved best: 20.76%
2026-03-26 02:57:16 - __main__ - INFO - 
Epoch 12/100 | lr 0.009902
2026-03-26 02:57:24 - __main__ - INFO - Train: loss 3.1891 acc1 21.42%
2026-03-26 02:57:24 - __main__ - INFO - Val:   loss 3.2887 acc1 21.53%
2026-03-26 02:57:24 - __main__ - INFO - saved best: 21.53%
2026-03-26 02:57:24 - __main__ - INFO - 
Epoch 13/100 | lr 0.009867
2026-03-26 02:57:33 - __main__ - INFO - Train: loss 3.1168 acc1 22.51%
2026-03-26 02:57:33 - __main__ - INFO - Val:   loss 3.1989 acc1 22.30%
2026-03-26 02:57:33 - __main__ - INFO - saved best: 22.30%
2026-03-26 02:57:33 - __main__ - INFO - 
Epoch 14/100 | lr 0.009826
2026-03-26 02:57:41 - __main__ - INFO - Train: loss 3.0564 acc1 23.99%
2026-03-26 02:57:41 - __main__ - INFO - Val:   loss 3.1017 acc1 23.53%
2026-03-26 02:57:41 - __main__ - INFO - saved best: 23.53%
2026-03-26 02:57:41 - __main__ - INFO - 
Epoch 15/100 | lr 0.009780
2026-03-26 02:57:49 - __main__ - INFO - Train: loss 2.9943 acc1 25.08%
2026-03-26 02:57:49 - __main__ - INFO - Val:   loss 3.0413 acc1 24.45%
2026-03-26 02:57:49 - __main__ - INFO - saved best: 24.45%
2026-03-26 02:57:49 - __main__ - INFO - 
Epoch 16/100 | lr 0.009729
2026-03-26 02:57:57 - __main__ - INFO - Train: loss 2.9387 acc1 25.95%
2026-03-26 02:57:57 - __main__ - INFO - Val:   loss 2.9683 acc1 26.91%
2026-03-26 02:57:57 - __main__ - INFO - saved best: 26.91%
2026-03-26 02:57:57 - __main__ - INFO - 
Epoch 17/100 | lr 0.009673
2026-03-26 02:58:05 - __main__ - INFO - Train: loss 2.8836 acc1 27.17%
2026-03-26 02:58:05 - __main__ - INFO - Val:   loss 2.9757 acc1 27.06%
2026-03-26 02:58:05 - __main__ - INFO - saved best: 27.06%
2026-03-26 02:58:05 - __main__ - INFO - 
Epoch 18/100 | lr 0.009612
2026-03-26 02:58:13 - __main__ - INFO - Train: loss 2.8410 acc1 28.20%
2026-03-26 02:58:13 - __main__ - INFO - Val:   loss 2.9217 acc1 27.02%
2026-03-26 02:58:13 - __main__ - INFO - 
Epoch 19/100 | lr 0.009545
2026-03-26 02:58:21 - __main__ - INFO - Train: loss 2.7928 acc1 29.00%
2026-03-26 02:58:21 - __main__ - INFO - Val:   loss 2.8810 acc1 28.14%
2026-03-26 02:58:21 - __main__ - INFO - saved best: 28.14%
2026-03-26 02:58:21 - __main__ - INFO - 
Epoch 20/100 | lr 0.009474
2026-03-26 02:58:29 - __main__ - INFO - Train: loss 2.7515 acc1 29.64%
2026-03-26 02:58:29 - __main__ - INFO - Val:   loss 2.8292 acc1 29.17%
2026-03-26 02:58:29 - __main__ - INFO - saved best: 29.17%
2026-03-26 02:58:29 - __main__ - INFO - 
Epoch 21/100 | lr 0.009398
2026-03-26 02:58:37 - __main__ - INFO - Train: loss 2.7066 acc1 30.85%
2026-03-26 02:58:37 - __main__ - INFO - Val:   loss 2.8252 acc1 29.67%
2026-03-26 02:58:37 - __main__ - INFO - saved best: 29.67%
2026-03-26 02:58:37 - __main__ - INFO - 
Epoch 22/100 | lr 0.009317
2026-03-26 02:58:46 - __main__ - INFO - Train: loss 2.6726 acc1 31.50%
2026-03-26 02:58:46 - __main__ - INFO - Val:   loss 2.7880 acc1 29.91%
2026-03-26 02:58:46 - __main__ - INFO - saved best: 29.91%
2026-03-26 02:58:46 - __main__ - INFO - 
Epoch 23/100 | lr 0.009231
2026-03-26 02:58:53 - __main__ - INFO - Train: loss 2.6300 acc1 32.43%
2026-03-26 02:58:53 - __main__ - INFO - Val:   loss 2.7652 acc1 31.15%
2026-03-26 02:58:53 - __main__ - INFO - saved best: 31.15%
2026-03-26 02:58:53 - __main__ - INFO - 
Epoch 24/100 | lr 0.009141
2026-03-26 02:59:02 - __main__ - INFO - Train: loss 2.5968 acc1 32.73%
2026-03-26 02:59:02 - __main__ - INFO - Val:   loss 2.7370 acc1 31.76%
2026-03-26 02:59:02 - __main__ - INFO - saved best: 31.76%
2026-03-26 02:59:02 - __main__ - INFO - 
Epoch 25/100 | lr 0.009046
2026-03-26 02:59:10 - __main__ - INFO - Train: loss 2.5585 acc1 33.86%
2026-03-26 02:59:10 - __main__ - INFO - Val:   loss 2.7418 acc1 31.14%
2026-03-26 02:59:10 - __main__ - INFO - 
Epoch 26/100 | lr 0.008947
2026-03-26 02:59:19 - __main__ - INFO - Train: loss 2.5285 acc1 34.31%
2026-03-26 02:59:19 - __main__ - INFO - Val:   loss 2.6994 acc1 31.93%
2026-03-26 02:59:19 - __main__ - INFO - saved best: 31.93%
2026-03-26 02:59:19 - __main__ - INFO - 
Epoch 27/100 | lr 0.008843
2026-03-26 02:59:27 - __main__ - INFO - Train: loss 2.5036 acc1 34.92%
2026-03-26 02:59:27 - __main__ - INFO - Val:   loss 2.7438 acc1 31.47%
2026-03-26 02:59:27 - __main__ - INFO - 
Epoch 28/100 | lr 0.008735
2026-03-26 02:59:35 - __main__ - INFO - Train: loss 2.4757 acc1 35.56%
2026-03-26 02:59:35 - __main__ - INFO - Val:   loss 2.7240 acc1 32.67%
2026-03-26 02:59:35 - __main__ - INFO - saved best: 32.67%
2026-03-26 02:59:35 - __main__ - INFO - 
Epoch 29/100 | lr 0.008624
2026-03-26 02:59:43 - __main__ - INFO - Train: loss 2.4486 acc1 35.97%
2026-03-26 02:59:43 - __main__ - INFO - Val:   loss 2.6473 acc1 32.94%
2026-03-26 02:59:43 - __main__ - INFO - saved best: 32.94%
2026-03-26 02:59:43 - __main__ - INFO - 
Epoch 30/100 | lr 0.008508
2026-03-26 02:59:51 - __main__ - INFO - Train: loss 2.4149 acc1 36.71%
2026-03-26 02:59:51 - __main__ - INFO - Val:   loss 2.6492 acc1 33.06%
2026-03-26 02:59:51 - __main__ - INFO - saved best: 33.06%
2026-03-26 02:59:51 - __main__ - INFO - 
Epoch 31/100 | lr 0.008388
2026-03-26 02:59:59 - __main__ - INFO - Train: loss 2.3879 acc1 36.96%
2026-03-26 02:59:59 - __main__ - INFO - Val:   loss 2.6338 acc1 34.00%
2026-03-26 02:59:59 - __main__ - INFO - saved best: 34.00%
2026-03-26 02:59:59 - __main__ - INFO - 
Epoch 32/100 | lr 0.008265
2026-03-26 03:00:08 - __main__ - INFO - Train: loss 2.3589 acc1 38.07%
2026-03-26 03:00:08 - __main__ - INFO - Val:   loss 2.6273 acc1 33.78%
2026-03-26 03:00:08 - __main__ - INFO - 
Epoch 33/100 | lr 0.008138
2026-03-26 03:00:16 - __main__ - INFO - Train: loss 2.3362 acc1 38.64%
2026-03-26 03:00:16 - __main__ - INFO - Val:   loss 2.6316 acc1 33.71%
2026-03-26 03:00:16 - __main__ - INFO - 
Epoch 34/100 | lr 0.008007
2026-03-26 03:00:24 - __main__ - INFO - Train: loss 2.3014 acc1 39.07%
2026-03-26 03:00:24 - __main__ - INFO - Val:   loss 2.6177 acc1 34.52%
2026-03-26 03:00:24 - __main__ - INFO - saved best: 34.52%
2026-03-26 03:00:24 - __main__ - INFO - 
Epoch 35/100 | lr 0.007874
2026-03-26 03:00:33 - __main__ - INFO - Train: loss 2.2911 acc1 39.55%
2026-03-26 03:00:33 - __main__ - INFO - Val:   loss 2.5732 acc1 35.46%
2026-03-26 03:00:33 - __main__ - INFO - saved best: 35.46%
2026-03-26 03:00:33 - __main__ - INFO - 
Epoch 36/100 | lr 0.007737
2026-03-26 03:00:42 - __main__ - INFO - Train: loss 2.2570 acc1 40.35%
2026-03-26 03:00:42 - __main__ - INFO - Val:   loss 2.5785 acc1 35.30%
2026-03-26 03:00:42 - __main__ - INFO - 
Epoch 37/100 | lr 0.007597
2026-03-26 03:00:50 - __main__ - INFO - Train: loss 2.2392 acc1 40.47%
2026-03-26 03:00:50 - __main__ - INFO - Val:   loss 2.5982 acc1 35.52%
2026-03-26 03:00:50 - __main__ - INFO - saved best: 35.52%
2026-03-26 03:00:50 - __main__ - INFO - 
Epoch 38/100 | lr 0.007455
2026-03-26 03:00:58 - __main__ - INFO - Train: loss 2.2067 acc1 41.13%
2026-03-26 03:00:58 - __main__ - INFO - Val:   loss 2.6012 acc1 34.53%
2026-03-26 03:00:58 - __main__ - INFO - 
Epoch 39/100 | lr 0.007309
2026-03-26 03:01:06 - __main__ - INFO - Train: loss 2.1877 acc1 41.41%
2026-03-26 03:01:06 - __main__ - INFO - Val:   loss 2.5574 acc1 36.30%
2026-03-26 03:01:06 - __main__ - INFO - saved best: 36.30%
2026-03-26 03:01:06 - __main__ - INFO - 
Epoch 40/100 | lr 0.007162
2026-03-26 03:01:15 - __main__ - INFO - Train: loss 2.1586 acc1 42.43%
2026-03-26 03:01:15 - __main__ - INFO - Val:   loss 2.4998 acc1 36.60%
2026-03-26 03:01:15 - __main__ - INFO - saved best: 36.60%
2026-03-26 03:01:15 - __main__ - INFO - 
Epoch 41/100 | lr 0.007011
2026-03-26 03:01:23 - __main__ - INFO - Train: loss 2.1370 acc1 42.70%
2026-03-26 03:01:23 - __main__ - INFO - Val:   loss 2.6293 acc1 34.71%
2026-03-26 03:01:23 - __main__ - INFO - 
Epoch 42/100 | lr 0.006859
2026-03-26 03:01:32 - __main__ - INFO - Train: loss 2.1117 acc1 43.27%
2026-03-26 03:01:32 - __main__ - INFO - Val:   loss 2.4928 acc1 37.46%
2026-03-26 03:01:32 - __main__ - INFO - saved best: 37.46%
2026-03-26 03:01:32 - __main__ - INFO - 
Epoch 43/100 | lr 0.006705
2026-03-26 03:01:39 - __main__ - INFO - Train: loss 2.0904 acc1 43.54%
2026-03-26 03:01:39 - __main__ - INFO - Val:   loss 2.5317 acc1 36.97%
2026-03-26 03:01:39 - __main__ - INFO - 
Epoch 44/100 | lr 0.006549
2026-03-26 03:01:48 - __main__ - INFO - Train: loss 2.0650 acc1 43.90%
2026-03-26 03:01:48 - __main__ - INFO - Val:   loss 2.5006 acc1 36.92%
2026-03-26 03:01:48 - __main__ - INFO - 
Epoch 45/100 | lr 0.006391
2026-03-26 03:01:56 - __main__ - INFO - Train: loss 2.0418 acc1 44.62%
2026-03-26 03:01:56 - __main__ - INFO - Val:   loss 2.5425 acc1 36.56%
2026-03-26 03:01:56 - __main__ - INFO - 
Epoch 46/100 | lr 0.006231
2026-03-26 03:02:05 - __main__ - INFO - Train: loss 2.0118 acc1 45.50%
2026-03-26 03:02:05 - __main__ - INFO - Val:   loss 2.4811 acc1 37.94%
2026-03-26 03:02:05 - __main__ - INFO - saved best: 37.94%
2026-03-26 03:02:05 - __main__ - INFO - 
Epoch 47/100 | lr 0.006070
2026-03-26 03:02:13 - __main__ - INFO - Train: loss 2.0000 acc1 45.73%
2026-03-26 03:02:13 - __main__ - INFO - Val:   loss 2.4888 acc1 37.87%
2026-03-26 03:02:13 - __main__ - INFO - 
Epoch 48/100 | lr 0.005908
2026-03-26 03:02:22 - __main__ - INFO - Train: loss 1.9672 acc1 46.27%
2026-03-26 03:02:22 - __main__ - INFO - Val:   loss 2.4860 acc1 37.43%
2026-03-26 03:02:22 - __main__ - INFO - 
Epoch 49/100 | lr 0.005746
2026-03-26 03:02:29 - __main__ - INFO - Train: loss 1.9584 acc1 46.65%
2026-03-26 03:02:29 - __main__ - INFO - Val:   loss 2.4637 acc1 38.23%
2026-03-26 03:02:29 - __main__ - INFO - saved best: 38.23%
2026-03-26 03:02:29 - __main__ - INFO - 
Epoch 50/100 | lr 0.005582
2026-03-26 03:02:38 - __main__ - INFO - Train: loss 1.9291 acc1 47.11%
2026-03-26 03:02:38 - __main__ - INFO - Val:   loss 2.4623 acc1 38.02%
2026-03-26 03:02:38 - __main__ - INFO - 
Epoch 51/100 | lr 0.005417
2026-03-26 03:02:46 - __main__ - INFO - Train: loss 1.9026 acc1 47.68%
2026-03-26 03:02:46 - __main__ - INFO - Val:   loss 2.4657 acc1 38.91%
2026-03-26 03:02:46 - __main__ - INFO - saved best: 38.91%
2026-03-26 03:02:46 - __main__ - INFO - 
Epoch 52/100 | lr 0.005253
2026-03-26 03:02:54 - __main__ - INFO - Train: loss 1.8770 acc1 48.39%
2026-03-26 03:02:54 - __main__ - INFO - Val:   loss 2.4629 acc1 38.78%
2026-03-26 03:02:54 - __main__ - INFO - 
Epoch 53/100 | lr 0.005088
2026-03-26 03:03:03 - __main__ - INFO - Train: loss 1.8608 acc1 48.70%
2026-03-26 03:03:03 - __main__ - INFO - Val:   loss 2.4631 acc1 38.73%
2026-03-26 03:03:03 - __main__ - INFO - 
Epoch 54/100 | lr 0.004922
2026-03-26 03:03:11 - __main__ - INFO - Train: loss 1.8370 acc1 49.49%
2026-03-26 03:03:11 - __main__ - INFO - Val:   loss 2.4800 acc1 39.24%
2026-03-26 03:03:11 - __main__ - INFO - saved best: 39.24%
2026-03-26 03:03:11 - __main__ - INFO - 
Epoch 55/100 | lr 0.004757
2026-03-26 03:03:19 - __main__ - INFO - Train: loss 1.8163 acc1 49.96%
2026-03-26 03:03:19 - __main__ - INFO - Val:   loss 2.4596 acc1 39.25%
2026-03-26 03:03:19 - __main__ - INFO - saved best: 39.25%
2026-03-26 03:03:19 - __main__ - INFO - 
Epoch 56/100 | lr 0.004593
2026-03-26 03:03:27 - __main__ - INFO - Train: loss 1.7930 acc1 50.17%
2026-03-26 03:03:27 - __main__ - INFO - Val:   loss 2.4593 acc1 39.28%
2026-03-26 03:03:27 - __main__ - INFO - saved best: 39.28%
2026-03-26 03:03:27 - __main__ - INFO - 
Epoch 57/100 | lr 0.004428
2026-03-26 03:03:35 - __main__ - INFO - Train: loss 1.7722 acc1 51.00%
2026-03-26 03:03:35 - __main__ - INFO - Val:   loss 2.4958 acc1 39.41%
2026-03-26 03:03:35 - __main__ - INFO - saved best: 39.41%
2026-03-26 03:03:35 - __main__ - INFO - 
Epoch 58/100 | lr 0.004264
2026-03-26 03:03:43 - __main__ - INFO - Train: loss 1.7486 acc1 51.50%
2026-03-26 03:03:43 - __main__ - INFO - Val:   loss 2.4404 acc1 40.07%
2026-03-26 03:03:43 - __main__ - INFO - saved best: 40.07%
2026-03-26 03:03:43 - __main__ - INFO - 
Epoch 59/100 | lr 0.004102
2026-03-26 03:03:52 - __main__ - INFO - Train: loss 1.7411 acc1 51.48%
2026-03-26 03:03:52 - __main__ - INFO - Val:   loss 2.4260 acc1 39.29%
2026-03-26 03:03:52 - __main__ - INFO - 
Epoch 60/100 | lr 0.003940
2026-03-26 03:04:00 - __main__ - INFO - Train: loss 1.7080 acc1 52.40%
2026-03-26 03:04:00 - __main__ - INFO - Val:   loss 2.4816 acc1 39.59%
2026-03-26 03:04:00 - __main__ - INFO - 
Epoch 61/100 | lr 0.003779
2026-03-26 03:04:08 - __main__ - INFO - Train: loss 1.6901 acc1 52.72%
2026-03-26 03:04:08 - __main__ - INFO - Val:   loss 2.4587 acc1 39.53%
2026-03-26 03:04:08 - __main__ - INFO - 
Epoch 62/100 | lr 0.003619
2026-03-26 03:04:16 - __main__ - INFO - Train: loss 1.6722 acc1 53.21%
2026-03-26 03:04:16 - __main__ - INFO - Val:   loss 2.4638 acc1 39.16%
2026-03-26 03:04:16 - __main__ - INFO - 
Epoch 63/100 | lr 0.003461
2026-03-26 03:04:24 - __main__ - INFO - Train: loss 1.6544 acc1 53.69%
2026-03-26 03:04:24 - __main__ - INFO - Val:   loss 2.4827 acc1 39.17%
2026-03-26 03:04:24 - __main__ - INFO - 
Epoch 64/100 | lr 0.003305
2026-03-26 03:04:32 - __main__ - INFO - Train: loss 1.6321 acc1 54.18%
2026-03-26 03:04:32 - __main__ - INFO - Val:   loss 2.4789 acc1 39.26%
2026-03-26 03:04:32 - __main__ - INFO - 
Epoch 65/100 | lr 0.003151
2026-03-26 03:04:41 - __main__ - INFO - Train: loss 1.6099 acc1 54.26%
2026-03-26 03:04:41 - __main__ - INFO - Val:   loss 2.4725 acc1 39.77%
2026-03-26 03:04:41 - __main__ - INFO - 
Epoch 66/100 | lr 0.002999
2026-03-26 03:04:49 - __main__ - INFO - Train: loss 1.5903 acc1 54.74%
2026-03-26 03:04:49 - __main__ - INFO - Val:   loss 2.4988 acc1 39.54%
2026-03-26 03:04:49 - __main__ - INFO - 
Epoch 67/100 | lr 0.002848
2026-03-26 03:04:57 - __main__ - INFO - Train: loss 1.5681 acc1 55.59%
2026-03-26 03:04:57 - __main__ - INFO - Val:   loss 2.4937 acc1 39.53%
2026-03-26 03:04:57 - __main__ - INFO - 
Epoch 68/100 | lr 0.002701
2026-03-26 03:05:06 - __main__ - INFO - Train: loss 1.5544 acc1 55.92%
2026-03-26 03:05:06 - __main__ - INFO - Val:   loss 2.4814 acc1 40.24%
2026-03-26 03:05:06 - __main__ - INFO - saved best: 40.24%
2026-03-26 03:05:06 - __main__ - INFO - 
Epoch 69/100 | lr 0.002555
2026-03-26 03:05:14 - __main__ - INFO - Train: loss 1.5353 acc1 56.49%
2026-03-26 03:05:14 - __main__ - INFO - Val:   loss 2.5370 acc1 39.46%
2026-03-26 03:05:14 - __main__ - INFO - 
Epoch 70/100 | lr 0.002413
2026-03-26 03:05:22 - __main__ - INFO - Train: loss 1.5191 acc1 56.96%
2026-03-26 03:05:22 - __main__ - INFO - Val:   loss 2.5076 acc1 40.05%
2026-03-26 03:05:22 - __main__ - INFO - 
Epoch 71/100 | lr 0.002273
2026-03-26 03:05:31 - __main__ - INFO - Train: loss 1.4986 acc1 57.42%
2026-03-26 03:05:31 - __main__ - INFO - Val:   loss 2.5093 acc1 39.77%
2026-03-26 03:05:31 - __main__ - INFO - 
Epoch 72/100 | lr 0.002136
2026-03-26 03:05:39 - __main__ - INFO - Train: loss 1.4745 acc1 57.92%
2026-03-26 03:05:39 - __main__ - INFO - Val:   loss 2.5255 acc1 39.94%
2026-03-26 03:05:39 - __main__ - INFO - 
Epoch 73/100 | lr 0.002003
2026-03-26 03:05:47 - __main__ - INFO - Train: loss 1.4708 acc1 57.88%
2026-03-26 03:05:47 - __main__ - INFO - Val:   loss 2.5033 acc1 40.14%
2026-03-26 03:05:47 - __main__ - INFO - 
Epoch 74/100 | lr 0.001872
2026-03-26 03:05:56 - __main__ - INFO - Train: loss 1.4430 acc1 58.61%
2026-03-26 03:05:56 - __main__ - INFO - Val:   loss 2.5209 acc1 40.04%
2026-03-26 03:05:56 - __main__ - INFO - 
Epoch 75/100 | lr 0.001745
2026-03-26 03:06:04 - __main__ - INFO - Train: loss 1.4317 acc1 59.05%
2026-03-26 03:06:04 - __main__ - INFO - Val:   loss 2.5318 acc1 40.48%
2026-03-26 03:06:04 - __main__ - INFO - saved best: 40.48%
2026-03-26 03:06:04 - __main__ - INFO - 
Epoch 76/100 | lr 0.001622
2026-03-26 03:06:12 - __main__ - INFO - Train: loss 1.4116 acc1 59.39%
2026-03-26 03:06:12 - __main__ - INFO - Val:   loss 2.5096 acc1 40.20%
2026-03-26 03:06:12 - __main__ - INFO - 
Epoch 77/100 | lr 0.001502
2026-03-26 03:06:20 - __main__ - INFO - Train: loss 1.4043 acc1 59.58%
2026-03-26 03:06:20 - __main__ - INFO - Val:   loss 2.5255 acc1 39.97%
2026-03-26 03:06:20 - __main__ - INFO - 
Epoch 78/100 | lr 0.001386
2026-03-26 03:06:28 - __main__ - INFO - Train: loss 1.3757 acc1 60.49%
2026-03-26 03:06:28 - __main__ - INFO - Val:   loss 2.5210 acc1 40.27%
2026-03-26 03:06:28 - __main__ - INFO - 
Epoch 79/100 | lr 0.001275
2026-03-26 03:06:37 - __main__ - INFO - Train: loss 1.3738 acc1 60.58%
2026-03-26 03:06:37 - __main__ - INFO - Val:   loss 2.5259 acc1 40.39%
2026-03-26 03:06:37 - __main__ - INFO - 
Epoch 80/100 | lr 0.001167
2026-03-26 03:06:45 - __main__ - INFO - Train: loss 1.3601 acc1 60.93%
2026-03-26 03:06:45 - __main__ - INFO - Val:   loss 2.5399 acc1 40.59%
2026-03-26 03:06:45 - __main__ - INFO - saved best: 40.59%
2026-03-26 03:06:45 - __main__ - INFO - 
Epoch 81/100 | lr 0.001063
2026-03-26 03:06:54 - __main__ - INFO - Train: loss 1.3379 acc1 61.55%
2026-03-26 03:06:54 - __main__ - INFO - Val:   loss 2.5390 acc1 40.38%
2026-03-26 03:06:54 - __main__ - INFO - 
Epoch 82/100 | lr 0.000964
2026-03-26 03:07:02 - __main__ - INFO - Train: loss 1.3380 acc1 61.59%
2026-03-26 03:07:02 - __main__ - INFO - Val:   loss 2.5427 acc1 40.81%
2026-03-26 03:07:02 - __main__ - INFO - saved best: 40.81%
2026-03-26 03:07:02 - __main__ - INFO - 
Epoch 83/100 | lr 0.000869
2026-03-26 03:07:10 - __main__ - INFO - Train: loss 1.3185 acc1 61.96%
2026-03-26 03:07:10 - __main__ - INFO - Val:   loss 2.5454 acc1 40.91%
2026-03-26 03:07:10 - __main__ - INFO - saved best: 40.91%
2026-03-26 03:07:10 - __main__ - INFO - 
Epoch 84/100 | lr 0.000779
2026-03-26 03:07:18 - __main__ - INFO - Train: loss 1.3086 acc1 62.10%
2026-03-26 03:07:18 - __main__ - INFO - Val:   loss 2.5588 acc1 40.19%
2026-03-26 03:07:18 - __main__ - INFO - 
Epoch 85/100 | lr 0.000693
2026-03-26 03:07:26 - __main__ - INFO - Train: loss 1.2997 acc1 62.51%
2026-03-26 03:07:26 - __main__ - INFO - Val:   loss 2.5551 acc1 40.64%
2026-03-26 03:07:26 - __main__ - INFO - 
Epoch 86/100 | lr 0.000612
2026-03-26 03:07:35 - __main__ - INFO - Train: loss 1.2902 acc1 62.75%
2026-03-26 03:07:35 - __main__ - INFO - Val:   loss 2.5463 acc1 40.58%
2026-03-26 03:07:35 - __main__ - INFO - 
Epoch 87/100 | lr 0.000536
2026-03-26 03:07:43 - __main__ - INFO - Train: loss 1.2784 acc1 62.81%
2026-03-26 03:07:43 - __main__ - INFO - Val:   loss 2.5420 acc1 40.53%
2026-03-26 03:07:43 - __main__ - INFO - 
Epoch 88/100 | lr 0.000465
2026-03-26 03:07:51 - __main__ - INFO - Train: loss 1.2711 acc1 63.17%
2026-03-26 03:07:51 - __main__ - INFO - Val:   loss 2.5609 acc1 40.77%
2026-03-26 03:07:51 - __main__ - INFO - 
Epoch 89/100 | lr 0.000398
2026-03-26 03:08:00 - __main__ - INFO - Train: loss 1.2606 acc1 63.59%
2026-03-26 03:08:00 - __main__ - INFO - Val:   loss 2.5636 acc1 40.91%
2026-03-26 03:08:00 - __main__ - INFO - 
Epoch 90/100 | lr 0.000337
2026-03-26 03:08:08 - __main__ - INFO - Train: loss 1.2518 acc1 63.68%
2026-03-26 03:08:08 - __main__ - INFO - Val:   loss 2.5657 acc1 40.91%
2026-03-26 03:08:08 - __main__ - INFO - saved best: 40.91%
2026-03-26 03:08:08 - __main__ - INFO - 
Epoch 91/100 | lr 0.000281
2026-03-26 03:08:16 - __main__ - INFO - Train: loss 1.2490 acc1 63.50%
2026-03-26 03:08:16 - __main__ - INFO - Val:   loss 2.5639 acc1 40.71%
2026-03-26 03:08:16 - __main__ - INFO - 
Epoch 92/100 | lr 0.000230
2026-03-26 03:08:25 - __main__ - INFO - Train: loss 1.2424 acc1 63.97%
2026-03-26 03:08:25 - __main__ - INFO - Val:   loss 2.5624 acc1 40.76%
2026-03-26 03:08:25 - __main__ - INFO - 
Epoch 93/100 | lr 0.000184
2026-03-26 03:08:33 - __main__ - INFO - Train: loss 1.2387 acc1 64.02%
2026-03-26 03:08:33 - __main__ - INFO - Val:   loss 2.5674 acc1 40.65%
2026-03-26 03:08:33 - __main__ - INFO - 
Epoch 94/100 | lr 0.000143
2026-03-26 03:08:42 - __main__ - INFO - Train: loss 1.2328 acc1 64.28%
2026-03-26 03:08:42 - __main__ - INFO - Val:   loss 2.5657 acc1 40.72%
2026-03-26 03:08:42 - __main__ - INFO - 
Epoch 95/100 | lr 0.000108
2026-03-26 03:08:50 - __main__ - INFO - Train: loss 1.2352 acc1 64.02%
2026-03-26 03:08:50 - __main__ - INFO - Val:   loss 2.5648 acc1 40.91%
2026-03-26 03:08:50 - __main__ - INFO - 
Epoch 96/100 | lr 0.000078
2026-03-26 03:08:58 - __main__ - INFO - Train: loss 1.2257 acc1 64.48%
2026-03-26 03:08:58 - __main__ - INFO - Val:   loss 2.5636 acc1 40.85%
2026-03-26 03:08:58 - __main__ - INFO - 
Epoch 97/100 | lr 0.000054
2026-03-26 03:09:07 - __main__ - INFO - Train: loss 1.2206 acc1 64.67%
2026-03-26 03:09:07 - __main__ - INFO - Val:   loss 2.5650 acc1 40.73%
2026-03-26 03:09:07 - __main__ - INFO - 
Epoch 98/100 | lr 0.000035
2026-03-26 03:09:15 - __main__ - INFO - Train: loss 1.2262 acc1 64.57%
2026-03-26 03:09:15 - __main__ - INFO - Val:   loss 2.5687 acc1 40.91%
2026-03-26 03:09:15 - __main__ - INFO - 
Epoch 99/100 | lr 0.000021
2026-03-26 03:09:23 - __main__ - INFO - Train: loss 1.2260 acc1 64.36%
2026-03-26 03:09:23 - __main__ - INFO - Val:   loss 2.5684 acc1 40.76%
2026-03-26 03:09:23 - __main__ - INFO - 
Epoch 100/100 | lr 0.000013
2026-03-26 03:09:31 - __main__ - INFO - Train: loss 1.2163 acc1 64.57%
2026-03-26 03:09:31 - __main__ - INFO - Val:   loss 2.5683 acc1 40.91%
2026-03-26 03:09:31 - __main__ - INFO - Loaded best checkpoint weights for final test evaluation.
2026-03-26 03:09:33 - __main__ - INFO - 
Best tracked (val): 40.91%
2026-03-26 03:09:33 - __main__ - INFO - Final test: loss 2.6036 acc1 40.34%
2026-03-26 03:09:36 - __main__ - INFO - Variant [low_saliency] done — test acc 40.34%, test loss 2.6036
2026-03-26 03:09:36 - __main__ - INFO - 
============================================================
2026-03-26 03:09:36 - __main__ - INFO - Training output model: mobilenet_v3_small [random_sparsity]
2026-03-26 03:09:36 - __main__ - INFO -   Resolved config → opt=sgd, lr=0.01, wd=1e-05, bs=128, epochs=100, scheduler=cosine, warmup=5
2026-03-26 03:09:36 - __main__ - INFO - ============================================================
2026-03-26 03:09:36 - __main__ - INFO -   Validation during training uses variant split with val_split=0.1
2026-03-26 03:09:36 - __main__ - INFO -   Final test uses random_sparsity variant test split
2026-03-26 03:09:37 - __main__ - INFO - device: cuda | cuda: True | gpu: NVIDIA L4
2026-03-26 03:09:37 - __main__ - INFO - Model: mobilenet_v3_small | Dataset: cifar100 | Classes: 100 | Optimizer: sgd
2026-03-26 03:09:37 - __main__ - INFO - 
Epoch 1/100 | lr 0.000010
2026-03-26 03:09:45 - __main__ - INFO - Train: loss 4.6065 acc1 1.04%
2026-03-26 03:09:45 - __main__ - INFO - Val:   loss 4.6054 acc1 1.17%
2026-03-26 03:09:45 - __main__ - INFO - saved best: 1.17%
2026-03-26 03:09:45 - __main__ - INFO - 
Epoch 2/100 | lr 0.002008
2026-03-26 03:09:54 - __main__ - INFO - Train: loss 4.5792 acc1 1.79%
2026-03-26 03:09:54 - __main__ - INFO - Val:   loss 4.5719 acc1 1.84%
2026-03-26 03:09:54 - __main__ - INFO - saved best: 1.84%
2026-03-26 03:09:54 - __main__ - INFO - 
Epoch 3/100 | lr 0.004006
2026-03-26 03:10:02 - __main__ - INFO - Train: loss 4.4380 acc1 2.94%
2026-03-26 03:10:02 - __main__ - INFO - Val:   loss 4.3593 acc1 3.41%
2026-03-26 03:10:02 - __main__ - INFO - saved best: 3.41%
2026-03-26 03:10:02 - __main__ - INFO - 
Epoch 4/100 | lr 0.006004
2026-03-26 03:10:11 - __main__ - INFO - Train: loss 4.1944 acc1 5.09%
2026-03-26 03:10:11 - __main__ - INFO - Val:   loss 4.3661 acc1 5.09%
2026-03-26 03:10:11 - __main__ - INFO - saved best: 5.09%
2026-03-26 03:10:11 - __main__ - INFO - 
Epoch 5/100 | lr 0.008002
2026-03-26 03:10:20 - __main__ - INFO - Train: loss 3.9489 acc1 8.07%
2026-03-26 03:10:20 - __main__ - INFO - Val:   loss 4.2546 acc1 7.22%
2026-03-26 03:10:20 - __main__ - INFO - saved best: 7.22%
2026-03-26 03:10:20 - __main__ - INFO - 
Epoch 6/100 | lr 0.010000
2026-03-26 03:10:28 - __main__ - INFO - Train: loss 3.7918 acc1 10.53%
2026-03-26 03:10:28 - __main__ - INFO - Val:   loss 3.9182 acc1 10.07%
2026-03-26 03:10:28 - __main__ - INFO - saved best: 10.07%
2026-03-26 03:10:28 - __main__ - INFO - 
Epoch 7/100 | lr 0.009997
2026-03-26 03:10:36 - __main__ - INFO - Train: loss 3.6449 acc1 12.61%
2026-03-26 03:10:36 - __main__ - INFO - Val:   loss 3.7284 acc1 13.38%
2026-03-26 03:10:36 - __main__ - INFO - saved best: 13.38%
2026-03-26 03:10:36 - __main__ - INFO - 
Epoch 8/100 | lr 0.009989
2026-03-26 03:10:45 - __main__ - INFO - Train: loss 3.5415 acc1 14.40%
2026-03-26 03:10:45 - __main__ - INFO - Val:   loss 3.6372 acc1 14.40%
2026-03-26 03:10:45 - __main__ - INFO - saved best: 14.40%
2026-03-26 03:10:45 - __main__ - INFO - 
Epoch 9/100 | lr 0.009975
2026-03-26 03:10:54 - __main__ - INFO - Train: loss 3.4459 acc1 16.24%
2026-03-26 03:10:54 - __main__ - INFO - Val:   loss 3.4569 acc1 17.47%
2026-03-26 03:10:54 - __main__ - INFO - saved best: 17.47%
2026-03-26 03:10:54 - __main__ - INFO - 
Epoch 10/100 | lr 0.009956
2026-03-26 03:11:02 - __main__ - INFO - Train: loss 3.3773 acc1 17.44%
2026-03-26 03:11:02 - __main__ - INFO - Val:   loss 3.4078 acc1 18.06%
2026-03-26 03:11:02 - __main__ - INFO - saved best: 18.06%
2026-03-26 03:11:02 - __main__ - INFO - 
Epoch 11/100 | lr 0.009932
2026-03-26 03:11:09 - __main__ - INFO - Train: loss 3.3170 acc1 18.41%
2026-03-26 03:11:09 - __main__ - INFO - Val:   loss 3.3547 acc1 19.02%
2026-03-26 03:11:10 - __main__ - INFO - saved best: 19.02%
2026-03-26 03:11:10 - __main__ - INFO - 
Epoch 12/100 | lr 0.009902
2026-03-26 03:11:18 - __main__ - INFO - Train: loss 3.2588 acc1 19.62%
2026-03-26 03:11:18 - __main__ - INFO - Val:   loss 3.2530 acc1 21.27%
2026-03-26 03:11:18 - __main__ - INFO - saved best: 21.27%
2026-03-26 03:11:18 - __main__ - INFO - 
Epoch 13/100 | lr 0.009867
2026-03-26 03:11:26 - __main__ - INFO - Train: loss 3.2042 acc1 20.43%
2026-03-26 03:11:26 - __main__ - INFO - Val:   loss 3.2761 acc1 20.33%
2026-03-26 03:11:26 - __main__ - INFO - 
Epoch 14/100 | lr 0.009826
2026-03-26 03:11:35 - __main__ - INFO - Train: loss 3.1511 acc1 21.46%
2026-03-26 03:11:35 - __main__ - INFO - Val:   loss 3.1704 acc1 21.70%
2026-03-26 03:11:35 - __main__ - INFO - saved best: 21.70%
2026-03-26 03:11:35 - __main__ - INFO - 
Epoch 15/100 | lr 0.009780
2026-03-26 03:11:43 - __main__ - INFO - Train: loss 3.1145 acc1 22.40%
2026-03-26 03:11:43 - __main__ - INFO - Val:   loss 3.1708 acc1 22.59%
2026-03-26 03:11:43 - __main__ - INFO - saved best: 22.59%
2026-03-26 03:11:43 - __main__ - INFO - 
Epoch 16/100 | lr 0.009729
2026-03-26 03:11:52 - __main__ - INFO - Train: loss 3.0685 acc1 23.28%
2026-03-26 03:11:52 - __main__ - INFO - Val:   loss 3.1545 acc1 23.14%
2026-03-26 03:11:52 - __main__ - INFO - saved best: 23.14%
2026-03-26 03:11:52 - __main__ - INFO - 
Epoch 17/100 | lr 0.009673
2026-03-26 03:12:00 - __main__ - INFO - Train: loss 3.0339 acc1 23.92%
2026-03-26 03:12:00 - __main__ - INFO - Val:   loss 3.1016 acc1 23.49%
2026-03-26 03:12:00 - __main__ - INFO - saved best: 23.49%
2026-03-26 03:12:00 - __main__ - INFO - 
Epoch 18/100 | lr 0.009612
2026-03-26 03:12:09 - __main__ - INFO - Train: loss 2.9948 acc1 24.97%
2026-03-26 03:12:09 - __main__ - INFO - Val:   loss 3.0888 acc1 24.42%
2026-03-26 03:12:09 - __main__ - INFO - saved best: 24.42%
2026-03-26 03:12:09 - __main__ - INFO - 
Epoch 19/100 | lr 0.009545
2026-03-26 03:12:17 - __main__ - INFO - Train: loss 2.9624 acc1 25.27%
2026-03-26 03:12:17 - __main__ - INFO - Val:   loss 3.0368 acc1 25.37%
2026-03-26 03:12:17 - __main__ - INFO - saved best: 25.37%
2026-03-26 03:12:17 - __main__ - INFO - 
Epoch 20/100 | lr 0.009474
2026-03-26 03:12:24 - __main__ - INFO - Train: loss 2.9311 acc1 26.01%
2026-03-26 03:12:24 - __main__ - INFO - Val:   loss 2.9990 acc1 26.05%
2026-03-26 03:12:24 - __main__ - INFO - saved best: 26.05%
2026-03-26 03:12:24 - __main__ - INFO - 
Epoch 21/100 | lr 0.009398
2026-03-26 03:12:33 - __main__ - INFO - Train: loss 2.9022 acc1 26.56%
2026-03-26 03:12:33 - __main__ - INFO - Val:   loss 3.0231 acc1 26.06%
2026-03-26 03:12:33 - __main__ - INFO - saved best: 26.06%
2026-03-26 03:12:33 - __main__ - INFO - 
Epoch 22/100 | lr 0.009317
2026-03-26 03:12:42 - __main__ - INFO - Train: loss 2.8601 acc1 27.31%
2026-03-26 03:12:42 - __main__ - INFO - Val:   loss 2.9725 acc1 25.86%
2026-03-26 03:12:42 - __main__ - INFO - 
Epoch 23/100 | lr 0.009231
2026-03-26 03:12:50 - __main__ - INFO - Train: loss 2.8374 acc1 27.85%
2026-03-26 03:12:50 - __main__ - INFO - Val:   loss 2.9856 acc1 26.72%
2026-03-26 03:12:50 - __main__ - INFO - saved best: 26.72%
2026-03-26 03:12:50 - __main__ - INFO - 
Epoch 24/100 | lr 0.009141
2026-03-26 03:12:58 - __main__ - INFO - Train: loss 2.8028 acc1 28.65%
2026-03-26 03:12:58 - __main__ - INFO - Val:   loss 2.9003 acc1 27.40%
2026-03-26 03:12:58 - __main__ - INFO - saved best: 27.40%
2026-03-26 03:12:58 - __main__ - INFO - 
Epoch 25/100 | lr 0.009046
2026-03-26 03:13:06 - __main__ - INFO - Train: loss 2.7729 acc1 29.13%
2026-03-26 03:13:06 - __main__ - INFO - Val:   loss 2.9283 acc1 26.87%
2026-03-26 03:13:06 - __main__ - INFO - 
Epoch 26/100 | lr 0.008947
2026-03-26 03:13:14 - __main__ - INFO - Train: loss 2.7533 acc1 29.59%
2026-03-26 03:13:14 - __main__ - INFO - Val:   loss 2.8899 acc1 28.11%
2026-03-26 03:13:14 - __main__ - INFO - saved best: 28.11%
2026-03-26 03:13:14 - __main__ - INFO - 
Epoch 27/100 | lr 0.008843
2026-03-26 03:13:22 - __main__ - INFO - Train: loss 2.7206 acc1 30.40%
2026-03-26 03:13:22 - __main__ - INFO - Val:   loss 2.9061 acc1 28.09%
2026-03-26 03:13:22 - __main__ - INFO - 
Epoch 28/100 | lr 0.008735
2026-03-26 03:13:31 - __main__ - INFO - Train: loss 2.6979 acc1 30.62%
2026-03-26 03:13:31 - __main__ - INFO - Val:   loss 2.8952 acc1 29.02%
2026-03-26 03:13:31 - __main__ - INFO - saved best: 29.02%
2026-03-26 03:13:31 - __main__ - INFO - 
Epoch 29/100 | lr 0.008624
2026-03-26 03:13:39 - __main__ - INFO - Train: loss 2.6766 acc1 30.97%
2026-03-26 03:13:39 - __main__ - INFO - Val:   loss 2.8521 acc1 29.20%
2026-03-26 03:13:39 - __main__ - INFO - saved best: 29.20%
2026-03-26 03:13:39 - __main__ - INFO - 
Epoch 30/100 | lr 0.008508
2026-03-26 03:13:48 - __main__ - INFO - Train: loss 2.6494 acc1 31.77%
2026-03-26 03:13:48 - __main__ - INFO - Val:   loss 2.8704 acc1 28.58%
2026-03-26 03:13:48 - __main__ - INFO - 
Epoch 31/100 | lr 0.008388
2026-03-26 03:13:56 - __main__ - INFO - Train: loss 2.6278 acc1 32.20%
2026-03-26 03:13:56 - __main__ - INFO - Val:   loss 2.8534 acc1 29.69%
2026-03-26 03:13:56 - __main__ - INFO - saved best: 29.69%
2026-03-26 03:13:56 - __main__ - INFO - 
Epoch 32/100 | lr 0.008265
2026-03-26 03:14:05 - __main__ - INFO - Train: loss 2.5988 acc1 32.74%
2026-03-26 03:14:05 - __main__ - INFO - Val:   loss 2.8187 acc1 30.13%
2026-03-26 03:14:05 - __main__ - INFO - saved best: 30.13%
2026-03-26 03:14:05 - __main__ - INFO - 
Epoch 33/100 | lr 0.008138
2026-03-26 03:14:13 - __main__ - INFO - Train: loss 2.5820 acc1 33.09%
2026-03-26 03:14:13 - __main__ - INFO - Val:   loss 2.8257 acc1 29.10%
2026-03-26 03:14:13 - __main__ - INFO - 
Epoch 34/100 | lr 0.008007
2026-03-26 03:14:22 - __main__ - INFO - Train: loss 2.5553 acc1 33.71%
2026-03-26 03:14:22 - __main__ - INFO - Val:   loss 2.8341 acc1 29.81%
2026-03-26 03:14:22 - __main__ - INFO - 
Epoch 35/100 | lr 0.007874
2026-03-26 03:14:30 - __main__ - INFO - Train: loss 2.5324 acc1 34.11%
2026-03-26 03:14:30 - __main__ - INFO - Val:   loss 2.8085 acc1 30.07%
2026-03-26 03:14:30 - __main__ - INFO - 
Epoch 36/100 | lr 0.007737
2026-03-26 03:14:39 - __main__ - INFO - Train: loss 2.5137 acc1 34.37%
2026-03-26 03:14:39 - __main__ - INFO - Val:   loss 2.8227 acc1 30.12%
2026-03-26 03:14:39 - __main__ - INFO - 
Epoch 37/100 | lr 0.007597
2026-03-26 03:14:48 - __main__ - INFO - Train: loss 2.4958 acc1 34.68%
2026-03-26 03:14:48 - __main__ - INFO - Val:   loss 2.7713 acc1 30.70%
2026-03-26 03:14:48 - __main__ - INFO - saved best: 30.70%
2026-03-26 03:14:48 - __main__ - INFO - 
Epoch 38/100 | lr 0.007455
2026-03-26 03:14:57 - __main__ - INFO - Train: loss 2.4656 acc1 35.36%
2026-03-26 03:14:57 - __main__ - INFO - Val:   loss 2.8122 acc1 31.04%
2026-03-26 03:14:57 - __main__ - INFO - saved best: 31.04%
2026-03-26 03:14:57 - __main__ - INFO - 
Epoch 39/100 | lr 0.007309
2026-03-26 03:15:06 - __main__ - INFO - Train: loss 2.4517 acc1 35.61%
2026-03-26 03:15:06 - __main__ - INFO - Val:   loss 2.7654 acc1 31.48%
2026-03-26 03:15:06 - __main__ - INFO - saved best: 31.48%
2026-03-26 03:15:06 - __main__ - INFO - 
Epoch 40/100 | lr 0.007162
2026-03-26 03:15:14 - __main__ - INFO - Train: loss 2.4301 acc1 36.31%
2026-03-26 03:15:14 - __main__ - INFO - Val:   loss 2.7952 acc1 31.12%
2026-03-26 03:15:14 - __main__ - INFO - 
Epoch 41/100 | lr 0.007011
2026-03-26 03:15:23 - __main__ - INFO - Train: loss 2.4093 acc1 36.37%
2026-03-26 03:15:23 - __main__ - INFO - Val:   loss 2.8297 acc1 30.71%
2026-03-26 03:15:23 - __main__ - INFO - 
Epoch 42/100 | lr 0.006859
2026-03-26 03:15:31 - __main__ - INFO - Train: loss 2.3919 acc1 37.09%
2026-03-26 03:15:31 - __main__ - INFO - Val:   loss 2.7758 acc1 31.68%
2026-03-26 03:15:31 - __main__ - INFO - saved best: 31.68%
2026-03-26 03:15:31 - __main__ - INFO - 
Epoch 43/100 | lr 0.006705
2026-03-26 03:15:39 - __main__ - INFO - Train: loss 2.3705 acc1 37.14%
2026-03-26 03:15:39 - __main__ - INFO - Val:   loss 2.7649 acc1 31.94%
2026-03-26 03:15:39 - __main__ - INFO - saved best: 31.94%
2026-03-26 03:15:39 - __main__ - INFO - 
Epoch 44/100 | lr 0.006549
2026-03-26 03:15:48 - __main__ - INFO - Train: loss 2.3467 acc1 37.80%
2026-03-26 03:15:48 - __main__ - INFO - Val:   loss 2.7692 acc1 32.46%
2026-03-26 03:15:48 - __main__ - INFO - saved best: 32.46%
2026-03-26 03:15:48 - __main__ - INFO - 
Epoch 45/100 | lr 0.006391
2026-03-26 03:15:56 - __main__ - INFO - Train: loss 2.3228 acc1 38.36%
2026-03-26 03:15:56 - __main__ - INFO - Val:   loss 2.7753 acc1 31.75%
2026-03-26 03:15:56 - __main__ - INFO - 
Epoch 46/100 | lr 0.006231
2026-03-26 03:16:04 - __main__ - INFO - Train: loss 2.2984 acc1 39.02%
2026-03-26 03:16:04 - __main__ - INFO - Val:   loss 2.7328 acc1 32.69%
2026-03-26 03:16:04 - __main__ - INFO - saved best: 32.69%
2026-03-26 03:16:04 - __main__ - INFO - 
Epoch 47/100 | lr 0.006070
2026-03-26 03:16:13 - __main__ - INFO - Train: loss 2.2918 acc1 38.99%
2026-03-26 03:16:13 - __main__ - INFO - Val:   loss 2.7314 acc1 33.11%
2026-03-26 03:16:13 - __main__ - INFO - saved best: 33.11%
2026-03-26 03:16:13 - __main__ - INFO - 
Epoch 48/100 | lr 0.005908
2026-03-26 03:16:21 - __main__ - INFO - Train: loss 2.2705 acc1 39.45%
2026-03-26 03:16:21 - __main__ - INFO - Val:   loss 2.7543 acc1 32.74%
2026-03-26 03:16:21 - __main__ - INFO - 
Epoch 49/100 | lr 0.005746
2026-03-26 03:16:29 - __main__ - INFO - Train: loss 2.2422 acc1 40.40%
2026-03-26 03:16:29 - __main__ - INFO - Val:   loss 2.7614 acc1 32.55%
2026-03-26 03:16:29 - __main__ - INFO - 
Epoch 50/100 | lr 0.005582
2026-03-26 03:16:38 - __main__ - INFO - Train: loss 2.2290 acc1 40.59%
2026-03-26 03:16:38 - __main__ - INFO - Val:   loss 2.7619 acc1 32.95%
2026-03-26 03:16:38 - __main__ - INFO - 
Epoch 51/100 | lr 0.005417
2026-03-26 03:16:47 - __main__ - INFO - Train: loss 2.2145 acc1 41.03%
2026-03-26 03:16:47 - __main__ - INFO - Val:   loss 2.7671 acc1 33.23%
2026-03-26 03:16:47 - __main__ - INFO - saved best: 33.23%
2026-03-26 03:16:47 - __main__ - INFO - 
Epoch 52/100 | lr 0.005253
2026-03-26 03:16:55 - __main__ - INFO - Train: loss 2.1860 acc1 41.27%
2026-03-26 03:16:55 - __main__ - INFO - Val:   loss 2.7786 acc1 32.92%
2026-03-26 03:16:55 - __main__ - INFO - 
Epoch 53/100 | lr 0.005088
2026-03-26 03:17:03 - __main__ - INFO - Train: loss 2.1740 acc1 41.67%
2026-03-26 03:17:03 - __main__ - INFO - Val:   loss 2.7680 acc1 32.81%
2026-03-26 03:17:03 - __main__ - INFO - 
Epoch 54/100 | lr 0.004922
2026-03-26 03:17:12 - __main__ - INFO - Train: loss 2.1458 acc1 42.02%
2026-03-26 03:17:12 - __main__ - INFO - Val:   loss 2.8114 acc1 32.52%
2026-03-26 03:17:12 - __main__ - INFO - 
Epoch 55/100 | lr 0.004757
2026-03-26 03:17:20 - __main__ - INFO - Train: loss 2.1274 acc1 42.98%
2026-03-26 03:17:20 - __main__ - INFO - Val:   loss 2.7751 acc1 34.17%
2026-03-26 03:17:20 - __main__ - INFO - saved best: 34.17%
2026-03-26 03:17:20 - __main__ - INFO - 
Epoch 56/100 | lr 0.004593
2026-03-26 03:17:28 - __main__ - INFO - Train: loss 2.1100 acc1 43.03%
2026-03-26 03:17:28 - __main__ - INFO - Val:   loss 2.7821 acc1 33.04%
2026-03-26 03:17:28 - __main__ - INFO - 
Epoch 57/100 | lr 0.004428
2026-03-26 03:17:37 - __main__ - INFO - Train: loss 2.0918 acc1 43.32%
2026-03-26 03:17:37 - __main__ - INFO - Val:   loss 2.8268 acc1 33.23%
2026-03-26 03:17:37 - __main__ - INFO - 
Epoch 58/100 | lr 0.004264
2026-03-26 03:17:44 - __main__ - INFO - Train: loss 2.0649 acc1 44.12%
2026-03-26 03:17:44 - __main__ - INFO - Val:   loss 2.7679 acc1 33.69%
2026-03-26 03:17:44 - __main__ - INFO - 
Epoch 59/100 | lr 0.004102
2026-03-26 03:17:53 - __main__ - INFO - Train: loss 2.0534 acc1 44.60%
2026-03-26 03:17:53 - __main__ - INFO - Val:   loss 2.7899 acc1 33.30%
2026-03-26 03:17:53 - __main__ - INFO - 
Epoch 60/100 | lr 0.003940
2026-03-26 03:18:02 - __main__ - INFO - Train: loss 2.0304 acc1 45.01%
2026-03-26 03:18:02 - __main__ - INFO - Val:   loss 2.8027 acc1 33.25%
2026-03-26 03:18:02 - __main__ - INFO - 
Epoch 61/100 | lr 0.003779
2026-03-26 03:18:10 - __main__ - INFO - Train: loss 2.0140 acc1 45.29%
2026-03-26 03:18:10 - __main__ - INFO - Val:   loss 2.7944 acc1 34.16%
2026-03-26 03:18:10 - __main__ - INFO - 
Epoch 62/100 | lr 0.003619
2026-03-26 03:18:18 - __main__ - INFO - Train: loss 1.9928 acc1 45.94%
2026-03-26 03:18:18 - __main__ - INFO - Val:   loss 2.8119 acc1 33.57%
2026-03-26 03:18:18 - __main__ - INFO - 
Epoch 63/100 | lr 0.003461
2026-03-26 03:18:27 - __main__ - INFO - Train: loss 1.9797 acc1 46.20%
2026-03-26 03:18:27 - __main__ - INFO - Val:   loss 2.8318 acc1 33.95%
2026-03-26 03:18:27 - __main__ - INFO - 
Epoch 64/100 | lr 0.003305
2026-03-26 03:18:34 - __main__ - INFO - Train: loss 1.9600 acc1 46.47%
2026-03-26 03:18:34 - __main__ - INFO - Val:   loss 2.8288 acc1 33.94%
2026-03-26 03:18:34 - __main__ - INFO - 
Epoch 65/100 | lr 0.003151
2026-03-26 03:18:43 - __main__ - INFO - Train: loss 1.9431 acc1 46.72%
2026-03-26 03:18:43 - __main__ - INFO - Val:   loss 2.8291 acc1 33.81%
2026-03-26 03:18:43 - __main__ - INFO - 
Epoch 66/100 | lr 0.002999
2026-03-26 03:18:52 - __main__ - INFO - Train: loss 1.9209 acc1 47.46%
2026-03-26 03:18:52 - __main__ - INFO - Val:   loss 2.8369 acc1 33.80%
2026-03-26 03:18:52 - __main__ - INFO - 
Epoch 67/100 | lr 0.002848
2026-03-26 03:19:01 - __main__ - INFO - Train: loss 1.9030 acc1 47.64%
2026-03-26 03:19:01 - __main__ - INFO - Val:   loss 2.8177 acc1 34.49%
2026-03-26 03:19:01 - __main__ - INFO - saved best: 34.49%
2026-03-26 03:19:01 - __main__ - INFO - 
Epoch 68/100 | lr 0.002701
2026-03-26 03:19:10 - __main__ - INFO - Train: loss 1.8822 acc1 48.11%
2026-03-26 03:19:10 - __main__ - INFO - Val:   loss 2.8562 acc1 33.67%
2026-03-26 03:19:10 - __main__ - INFO - 
Epoch 69/100 | lr 0.002555
2026-03-26 03:19:18 - __main__ - INFO - Train: loss 1.8613 acc1 48.45%
2026-03-26 03:19:18 - __main__ - INFO - Val:   loss 2.8255 acc1 33.77%
2026-03-26 03:19:18 - __main__ - INFO - 
Epoch 70/100 | lr 0.002413
2026-03-26 03:19:27 - __main__ - INFO - Train: loss 1.8559 acc1 48.82%
2026-03-26 03:19:27 - __main__ - INFO - Val:   loss 2.8465 acc1 33.92%
2026-03-26 03:19:27 - __main__ - INFO - 
Epoch 71/100 | lr 0.002273
2026-03-26 03:19:35 - __main__ - INFO - Train: loss 1.8351 acc1 49.56%
2026-03-26 03:19:35 - __main__ - INFO - Val:   loss 2.8494 acc1 34.20%
2026-03-26 03:19:35 - __main__ - INFO - 
Epoch 72/100 | lr 0.002136
2026-03-26 03:19:43 - __main__ - INFO - Train: loss 1.8200 acc1 49.66%
2026-03-26 03:19:43 - __main__ - INFO - Val:   loss 2.8393 acc1 34.58%
2026-03-26 03:19:43 - __main__ - INFO - saved best: 34.58%
2026-03-26 03:19:43 - __main__ - INFO - 
Epoch 73/100 | lr 0.002003
2026-03-26 03:19:51 - __main__ - INFO - Train: loss 1.7931 acc1 50.15%
2026-03-26 03:19:51 - __main__ - INFO - Val:   loss 2.8534 acc1 34.10%
2026-03-26 03:19:51 - __main__ - INFO - 
Epoch 74/100 | lr 0.001872
2026-03-26 03:19:59 - __main__ - INFO - Train: loss 1.7754 acc1 50.72%
2026-03-26 03:19:59 - __main__ - INFO - Val:   loss 2.8760 acc1 33.65%
2026-03-26 03:19:59 - __main__ - INFO - 
Epoch 75/100 | lr 0.001745
2026-03-26 03:20:08 - __main__ - INFO - Train: loss 1.7594 acc1 51.33%
2026-03-26 03:20:08 - __main__ - INFO - Val:   loss 2.8786 acc1 33.92%
2026-03-26 03:20:08 - __main__ - INFO - 
Epoch 76/100 | lr 0.001622
2026-03-26 03:20:16 - __main__ - INFO - Train: loss 1.7454 acc1 51.46%
2026-03-26 03:20:16 - __main__ - INFO - Val:   loss 2.8831 acc1 33.96%
2026-03-26 03:20:16 - __main__ - INFO - 
Epoch 77/100 | lr 0.001502
2026-03-26 03:20:25 - __main__ - INFO - Train: loss 1.7300 acc1 51.47%
2026-03-26 03:20:25 - __main__ - INFO - Val:   loss 2.8983 acc1 33.72%
2026-03-26 03:20:25 - __main__ - INFO - 
Epoch 78/100 | lr 0.001386
2026-03-26 03:20:34 - __main__ - INFO - Train: loss 1.7290 acc1 51.90%
2026-03-26 03:20:34 - __main__ - INFO - Val:   loss 2.8795 acc1 33.99%
2026-03-26 03:20:34 - __main__ - INFO - 
Epoch 79/100 | lr 0.001275
2026-03-26 03:20:43 - __main__ - INFO - Train: loss 1.7062 acc1 52.41%
2026-03-26 03:20:43 - __main__ - INFO - Val:   loss 2.9084 acc1 33.90%
2026-03-26 03:20:43 - __main__ - INFO - 
Epoch 80/100 | lr 0.001167
2026-03-26 03:20:50 - __main__ - INFO - Train: loss 1.6895 acc1 52.93%
2026-03-26 03:20:50 - __main__ - INFO - Val:   loss 2.9016 acc1 33.96%
2026-03-26 03:20:50 - __main__ - INFO - 
Epoch 81/100 | lr 0.001063
2026-03-26 03:20:59 - __main__ - INFO - Train: loss 1.6776 acc1 53.13%
2026-03-26 03:20:59 - __main__ - INFO - Val:   loss 2.9144 acc1 34.15%
2026-03-26 03:20:59 - __main__ - INFO - 
Epoch 82/100 | lr 0.000964
2026-03-26 03:21:07 - __main__ - INFO - Train: loss 1.6779 acc1 53.03%
2026-03-26 03:21:07 - __main__ - INFO - Val:   loss 2.9303 acc1 33.71%
2026-03-26 03:21:07 - __main__ - INFO - 
Epoch 83/100 | lr 0.000869
2026-03-26 03:21:15 - __main__ - INFO - Train: loss 1.6578 acc1 53.48%
2026-03-26 03:21:15 - __main__ - INFO - Val:   loss 2.9207 acc1 34.05%
2026-03-26 03:21:15 - __main__ - INFO - 
Epoch 84/100 | lr 0.000779
2026-03-26 03:21:23 - __main__ - INFO - Train: loss 1.6404 acc1 54.13%
2026-03-26 03:21:23 - __main__ - INFO - Val:   loss 2.9268 acc1 33.99%
2026-03-26 03:21:23 - __main__ - INFO - 
Epoch 85/100 | lr 0.000693
2026-03-26 03:21:31 - __main__ - INFO - Train: loss 1.6275 acc1 54.34%
2026-03-26 03:21:31 - __main__ - INFO - Val:   loss 2.9301 acc1 33.97%
2026-03-26 03:21:31 - __main__ - INFO - 
Epoch 86/100 | lr 0.000612
2026-03-26 03:21:39 - __main__ - INFO - Train: loss 1.6256 acc1 54.25%
2026-03-26 03:21:39 - __main__ - INFO - Val:   loss 2.9304 acc1 33.96%
2026-03-26 03:21:39 - __main__ - INFO - 
Epoch 87/100 | lr 0.000536
2026-03-26 03:21:47 - __main__ - INFO - Train: loss 1.6168 acc1 54.41%
2026-03-26 03:21:47 - __main__ - INFO - Val:   loss 2.9338 acc1 33.79%
2026-03-26 03:21:47 - __main__ - INFO - 
Epoch 88/100 | lr 0.000465
2026-03-26 03:21:56 - __main__ - INFO - Train: loss 1.6014 acc1 55.00%
2026-03-26 03:21:56 - __main__ - INFO - Val:   loss 2.9351 acc1 33.63%
2026-03-26 03:21:56 - __main__ - INFO - 
Epoch 89/100 | lr 0.000398
2026-03-26 03:22:05 - __main__ - INFO - Train: loss 1.5902 acc1 55.37%
2026-03-26 03:22:05 - __main__ - INFO - Val:   loss 2.9404 acc1 33.96%
2026-03-26 03:22:05 - __main__ - INFO - 
Epoch 90/100 | lr 0.000337
2026-03-26 03:22:14 - __main__ - INFO - Train: loss 1.5823 acc1 55.10%
2026-03-26 03:22:14 - __main__ - INFO - Val:   loss 2.9488 acc1 33.67%
2026-03-26 03:22:14 - __main__ - INFO - 
Epoch 91/100 | lr 0.000281
2026-03-26 03:22:22 - __main__ - INFO - Train: loss 1.5649 acc1 55.98%
2026-03-26 03:22:22 - __main__ - INFO - Val:   loss 2.9510 acc1 33.54%
2026-03-26 03:22:22 - __main__ - INFO - 
Epoch 92/100 | lr 0.000230
2026-03-26 03:22:30 - __main__ - INFO - Train: loss 1.5797 acc1 55.87%
2026-03-26 03:22:30 - __main__ - INFO - Val:   loss 2.9531 acc1 33.90%
2026-03-26 03:22:30 - __main__ - INFO - 
Epoch 93/100 | lr 0.000184
2026-03-26 03:22:38 - __main__ - INFO - Train: loss 1.5757 acc1 55.43%
2026-03-26 03:22:38 - __main__ - INFO - Val:   loss 2.9557 acc1 33.84%
2026-03-26 03:22:38 - __main__ - INFO - 
Epoch 94/100 | lr 0.000143
2026-03-26 03:22:47 - __main__ - INFO - Train: loss 1.5627 acc1 55.80%
2026-03-26 03:22:47 - __main__ - INFO - Val:   loss 2.9527 acc1 33.97%
2026-03-26 03:22:47 - __main__ - INFO - 
Epoch 95/100 | lr 0.000108
2026-03-26 03:22:55 - __main__ - INFO - Train: loss 1.5611 acc1 56.00%
2026-03-26 03:22:55 - __main__ - INFO - Val:   loss 2.9549 acc1 34.12%
2026-03-26 03:22:55 - __main__ - INFO - 
Epoch 96/100 | lr 0.000078
2026-03-26 03:23:04 - __main__ - INFO - Train: loss 1.5578 acc1 56.17%
2026-03-26 03:23:04 - __main__ - INFO - Val:   loss 2.9536 acc1 33.93%
2026-03-26 03:23:04 - __main__ - INFO - 
Epoch 97/100 | lr 0.000054
2026-03-26 03:23:12 - __main__ - INFO - Train: loss 1.5658 acc1 55.82%
2026-03-26 03:23:12 - __main__ - INFO - Val:   loss 2.9560 acc1 33.97%
2026-03-26 03:23:12 - __main__ - INFO - 
Epoch 98/100 | lr 0.000035
2026-03-26 03:23:20 - __main__ - INFO - Train: loss 1.5531 acc1 56.04%
2026-03-26 03:23:20 - __main__ - INFO - Val:   loss 2.9584 acc1 33.87%
2026-03-26 03:23:20 - __main__ - INFO - 
Epoch 99/100 | lr 0.000021
2026-03-26 03:23:29 - __main__ - INFO - Train: loss 1.5592 acc1 55.84%
2026-03-26 03:23:29 - __main__ - INFO - Val:   loss 2.9587 acc1 33.99%
2026-03-26 03:23:29 - __main__ - INFO - 
Epoch 100/100 | lr 0.000013
2026-03-26 03:23:37 - __main__ - INFO - Train: loss 1.5537 acc1 56.56%
2026-03-26 03:23:37 - __main__ - INFO - Val:   loss 2.9575 acc1 33.91%
2026-03-26 03:23:37 - __main__ - INFO - Loaded best checkpoint weights for final test evaluation.
2026-03-26 03:23:38 - __main__ - INFO - 
Best tracked (val): 34.58%
2026-03-26 03:23:38 - __main__ - INFO - Final test: loss 2.7672 acc1 34.03%
2026-03-26 03:23:43 - __main__ - INFO - Variant [random_sparsity] done — test acc 34.03%, test loss 2.7672
2026-03-26 03:23:43 - __main__ - INFO - 
============================================================
2026-03-26 03:23:43 - __main__ - INFO - Training output model: mobilenet_v3_small [shuffled_cam_low_saliency]
2026-03-26 03:23:43 - __main__ - INFO -   Resolved config → opt=sgd, lr=0.01, wd=1e-05, bs=128, epochs=100, scheduler=cosine, warmup=5
2026-03-26 03:23:43 - __main__ - INFO - ============================================================
2026-03-26 03:23:43 - __main__ - INFO -   Validation during training uses variant split with val_split=0.1
2026-03-26 03:23:43 - __main__ - INFO -   Final test uses shuffled_cam_low_saliency variant test split
2026-03-26 03:23:43 - __main__ - INFO - device: cuda | cuda: True | gpu: NVIDIA L4
2026-03-26 03:23:44 - __main__ - INFO - Model: mobilenet_v3_small | Dataset: cifar100 | Classes: 100 | Optimizer: sgd
2026-03-26 03:23:44 - __main__ - INFO - 
Epoch 1/100 | lr 0.000010
2026-03-26 03:23:52 - __main__ - INFO - Train: loss 4.6064 acc1 1.11%
2026-03-26 03:23:52 - __main__ - INFO - Val:   loss 4.6054 acc1 1.17%
2026-03-26 03:23:52 - __main__ - INFO - saved best: 1.17%
2026-03-26 03:23:52 - __main__ - INFO - 
Epoch 2/100 | lr 0.002008
2026-03-26 03:24:00 - __main__ - INFO - Train: loss 4.5680 acc1 1.93%
2026-03-26 03:24:00 - __main__ - INFO - Val:   loss 4.5452 acc1 2.41%
2026-03-26 03:24:00 - __main__ - INFO - saved best: 2.41%
2026-03-26 03:24:00 - __main__ - INFO - 
Epoch 3/100 | lr 0.004006
2026-03-26 03:24:09 - __main__ - INFO - Train: loss 4.4246 acc1 2.95%
2026-03-26 03:24:09 - __main__ - INFO - Val:   loss 4.3613 acc1 3.80%
2026-03-26 03:24:09 - __main__ - INFO - saved best: 3.80%
2026-03-26 03:24:09 - __main__ - INFO - 
Epoch 4/100 | lr 0.006004
2026-03-26 03:24:17 - __main__ - INFO - Train: loss 4.2034 acc1 4.97%
2026-03-26 03:24:17 - __main__ - INFO - Val:   loss 4.3109 acc1 4.96%
2026-03-26 03:24:17 - __main__ - INFO - saved best: 4.96%
2026-03-26 03:24:17 - __main__ - INFO - 
Epoch 5/100 | lr 0.008002
2026-03-26 03:24:26 - __main__ - INFO - Train: loss 3.9687 acc1 8.05%
2026-03-26 03:24:26 - __main__ - INFO - Val:   loss 4.0707 acc1 8.11%
2026-03-26 03:24:26 - __main__ - INFO - saved best: 8.11%
2026-03-26 03:24:26 - __main__ - INFO - 
Epoch 6/100 | lr 0.010000
2026-03-26 03:24:34 - __main__ - INFO - Train: loss 3.7946 acc1 10.52%
2026-03-26 03:24:34 - __main__ - INFO - Val:   loss 3.9699 acc1 8.85%
2026-03-26 03:24:34 - __main__ - INFO - saved best: 8.85%
2026-03-26 03:24:34 - __main__ - INFO - 
Epoch 7/100 | lr 0.009997
2026-03-26 03:24:42 - __main__ - INFO - Train: loss 3.6512 acc1 12.56%
2026-03-26 03:24:42 - __main__ - INFO - Val:   loss 3.6712 acc1 12.86%
2026-03-26 03:24:42 - __main__ - INFO - saved best: 12.86%
2026-03-26 03:24:42 - __main__ - INFO - 
Epoch 8/100 | lr 0.009989
2026-03-26 03:24:51 - __main__ - INFO - Train: loss 3.5516 acc1 14.38%
2026-03-26 03:24:51 - __main__ - INFO - Val:   loss 3.6768 acc1 12.73%
2026-03-26 03:24:51 - __main__ - INFO - 
Epoch 9/100 | lr 0.009975
2026-03-26 03:24:59 - __main__ - INFO - Train: loss 3.4507 acc1 16.21%
2026-03-26 03:24:59 - __main__ - INFO - Val:   loss 3.4940 acc1 16.47%
2026-03-26 03:24:59 - __main__ - INFO - saved best: 16.47%
2026-03-26 03:24:59 - __main__ - INFO - 
Epoch 10/100 | lr 0.009956
2026-03-26 03:25:07 - __main__ - INFO - Train: loss 3.3603 acc1 17.95%
2026-03-26 03:25:07 - __main__ - INFO - Val:   loss 3.5125 acc1 16.86%
2026-03-26 03:25:07 - __main__ - INFO - saved best: 16.86%
2026-03-26 03:25:07 - __main__ - INFO - 
Epoch 11/100 | lr 0.009932
2026-03-26 03:25:15 - __main__ - INFO - Train: loss 3.2828 acc1 19.39%
2026-03-26 03:25:15 - __main__ - INFO - Val:   loss 3.3820 acc1 19.57%
2026-03-26 03:25:15 - __main__ - INFO - saved best: 19.57%
2026-03-26 03:25:15 - __main__ - INFO - 
Epoch 12/100 | lr 0.009902
2026-03-26 03:25:23 - __main__ - INFO - Train: loss 3.2155 acc1 20.59%
2026-03-26 03:25:23 - __main__ - INFO - Val:   loss 3.3098 acc1 19.76%
2026-03-26 03:25:23 - __main__ - INFO - saved best: 19.76%
2026-03-26 03:25:23 - __main__ - INFO - 
Epoch 13/100 | lr 0.009867
2026-03-26 03:25:32 - __main__ - INFO - Train: loss 3.1500 acc1 21.73%
2026-03-26 03:25:32 - __main__ - INFO - Val:   loss 3.1750 acc1 21.86%
2026-03-26 03:25:32 - __main__ - INFO - saved best: 21.86%
2026-03-26 03:25:32 - __main__ - INFO - 
Epoch 14/100 | lr 0.009826
2026-03-26 03:25:40 - __main__ - INFO - Train: loss 3.0868 acc1 23.26%
2026-03-26 03:25:40 - __main__ - INFO - Val:   loss 3.1210 acc1 22.89%
2026-03-26 03:25:40 - __main__ - INFO - saved best: 22.89%
2026-03-26 03:25:40 - __main__ - INFO - 
Epoch 15/100 | lr 0.009780
2026-03-26 03:25:48 - __main__ - INFO - Train: loss 3.0345 acc1 24.30%
2026-03-26 03:25:48 - __main__ - INFO - Val:   loss 3.1500 acc1 22.74%
2026-03-26 03:25:48 - __main__ - INFO - 
Epoch 16/100 | lr 0.009729
2026-03-26 03:25:56 - __main__ - INFO - Train: loss 2.9808 acc1 25.34%
2026-03-26 03:25:56 - __main__ - INFO - Val:   loss 3.0507 acc1 25.45%
2026-03-26 03:25:56 - __main__ - INFO - saved best: 25.45%
2026-03-26 03:25:56 - __main__ - INFO - 
Epoch 17/100 | lr 0.009673
2026-03-26 03:26:04 - __main__ - INFO - Train: loss 2.9353 acc1 26.19%
2026-03-26 03:26:04 - __main__ - INFO - Val:   loss 3.0011 acc1 25.92%
2026-03-26 03:26:04 - __main__ - INFO - saved best: 25.92%
2026-03-26 03:26:04 - __main__ - INFO - 
Epoch 18/100 | lr 0.009612
2026-03-26 03:26:12 - __main__ - INFO - Train: loss 2.8890 acc1 26.95%
2026-03-26 03:26:12 - __main__ - INFO - Val:   loss 2.9551 acc1 27.18%
2026-03-26 03:26:12 - __main__ - INFO - saved best: 27.18%
2026-03-26 03:26:12 - __main__ - INFO - 
Epoch 19/100 | lr 0.009545
2026-03-26 03:26:21 - __main__ - INFO - Train: loss 2.8426 acc1 28.09%
2026-03-26 03:26:21 - __main__ - INFO - Val:   loss 2.9446 acc1 27.65%
2026-03-26 03:26:21 - __main__ - INFO - saved best: 27.65%
2026-03-26 03:26:21 - __main__ - INFO - 
Epoch 20/100 | lr 0.009474
2026-03-26 03:26:29 - __main__ - INFO - Train: loss 2.8093 acc1 28.32%
2026-03-26 03:26:29 - __main__ - INFO - Val:   loss 2.8889 acc1 27.03%
2026-03-26 03:26:29 - __main__ - INFO - 
Epoch 21/100 | lr 0.009398
2026-03-26 03:26:37 - __main__ - INFO - Train: loss 2.7700 acc1 29.36%
2026-03-26 03:26:37 - __main__ - INFO - Val:   loss 2.9169 acc1 27.83%
2026-03-26 03:26:37 - __main__ - INFO - saved best: 27.83%
2026-03-26 03:26:37 - __main__ - INFO - 
Epoch 22/100 | lr 0.009317
2026-03-26 03:26:45 - __main__ - INFO - Train: loss 2.7406 acc1 29.83%
2026-03-26 03:26:45 - __main__ - INFO - Val:   loss 2.9133 acc1 27.69%
2026-03-26 03:26:45 - __main__ - INFO - 
Epoch 23/100 | lr 0.009231
2026-03-26 03:26:53 - __main__ - INFO - Train: loss 2.7060 acc1 30.42%
2026-03-26 03:26:53 - __main__ - INFO - Val:   loss 2.8217 acc1 29.23%
2026-03-26 03:26:53 - __main__ - INFO - saved best: 29.23%
2026-03-26 03:26:53 - __main__ - INFO - 
Epoch 24/100 | lr 0.009141
2026-03-26 03:27:02 - __main__ - INFO - Train: loss 2.6690 acc1 30.96%
2026-03-26 03:27:02 - __main__ - INFO - Val:   loss 2.8193 acc1 29.26%
2026-03-26 03:27:02 - __main__ - INFO - saved best: 29.26%
2026-03-26 03:27:02 - __main__ - INFO - 
Epoch 25/100 | lr 0.009046
2026-03-26 03:27:10 - __main__ - INFO - Train: loss 2.6418 acc1 31.90%
2026-03-26 03:27:10 - __main__ - INFO - Val:   loss 2.9366 acc1 27.90%
2026-03-26 03:27:10 - __main__ - INFO - 
Epoch 26/100 | lr 0.008947
2026-03-26 03:27:18 - __main__ - INFO - Train: loss 2.6082 acc1 32.41%
2026-03-26 03:27:18 - __main__ - INFO - Val:   loss 2.8161 acc1 29.57%
2026-03-26 03:27:18 - __main__ - INFO - saved best: 29.57%
2026-03-26 03:27:18 - __main__ - INFO - 
Epoch 27/100 | lr 0.008843
2026-03-26 03:27:27 - __main__ - INFO - Train: loss 2.5773 acc1 33.15%
2026-03-26 03:27:27 - __main__ - INFO - Val:   loss 2.8364 acc1 29.28%
2026-03-26 03:27:27 - __main__ - INFO - 
Epoch 28/100 | lr 0.008735
2026-03-26 03:27:35 - __main__ - INFO - Train: loss 2.5494 acc1 33.57%
2026-03-26 03:27:35 - __main__ - INFO - Val:   loss 2.8150 acc1 30.55%
2026-03-26 03:27:35 - __main__ - INFO - saved best: 30.55%
2026-03-26 03:27:35 - __main__ - INFO - 
Epoch 29/100 | lr 0.008624
2026-03-26 03:27:43 - __main__ - INFO - Train: loss 2.5202 acc1 34.17%
2026-03-26 03:27:43 - __main__ - INFO - Val:   loss 2.7336 acc1 31.57%
2026-03-26 03:27:43 - __main__ - INFO - saved best: 31.57%
2026-03-26 03:27:43 - __main__ - INFO - 
Epoch 30/100 | lr 0.008508
2026-03-26 03:27:52 - __main__ - INFO - Train: loss 2.4937 acc1 34.96%
2026-03-26 03:27:52 - __main__ - INFO - Val:   loss 2.7155 acc1 30.98%
2026-03-26 03:27:52 - __main__ - INFO - 
Epoch 31/100 | lr 0.008388
2026-03-26 03:28:01 - __main__ - INFO - Train: loss 2.4579 acc1 35.52%
2026-03-26 03:28:01 - __main__ - INFO - Val:   loss 2.7705 acc1 30.49%
2026-03-26 03:28:01 - __main__ - INFO - 
Epoch 32/100 | lr 0.008265
2026-03-26 03:28:09 - __main__ - INFO - Train: loss 2.4340 acc1 35.82%
2026-03-26 03:28:09 - __main__ - INFO - Val:   loss 2.6477 acc1 32.81%
2026-03-26 03:28:09 - __main__ - INFO - saved best: 32.81%
2026-03-26 03:28:09 - __main__ - INFO - 
Epoch 33/100 | lr 0.008138
2026-03-26 03:28:19 - __main__ - INFO - Train: loss 2.4088 acc1 36.50%
2026-03-26 03:28:19 - __main__ - INFO - Val:   loss 2.7468 acc1 30.32%
2026-03-26 03:28:19 - __main__ - INFO - 
Epoch 34/100 | lr 0.008007
2026-03-26 03:28:28 - __main__ - INFO - Train: loss 2.3845 acc1 37.13%
2026-03-26 03:28:28 - __main__ - INFO - Val:   loss 2.6705 acc1 32.66%
2026-03-26 03:28:28 - __main__ - INFO - 
Epoch 35/100 | lr 0.007874
2026-03-26 03:28:36 - __main__ - INFO - Train: loss 2.3621 acc1 37.51%
2026-03-26 03:28:36 - __main__ - INFO - Val:   loss 2.6473 acc1 32.90%
2026-03-26 03:28:36 - __main__ - INFO - saved best: 32.90%
2026-03-26 03:28:36 - __main__ - INFO - 
Epoch 36/100 | lr 0.007737
2026-03-26 03:28:44 - __main__ - INFO - Train: loss 2.3441 acc1 37.88%
2026-03-26 03:28:44 - __main__ - INFO - Val:   loss 2.6370 acc1 33.07%
2026-03-26 03:28:44 - __main__ - INFO - saved best: 33.07%
2026-03-26 03:28:44 - __main__ - INFO - 
Epoch 37/100 | lr 0.007597
2026-03-26 03:28:52 - __main__ - INFO - Train: loss 2.3220 acc1 38.38%
2026-03-26 03:28:52 - __main__ - INFO - Val:   loss 2.6662 acc1 32.87%
2026-03-26 03:28:52 - __main__ - INFO - 
Epoch 38/100 | lr 0.007455
2026-03-26 03:29:01 - __main__ - INFO - Train: loss 2.2906 acc1 38.88%
2026-03-26 03:29:01 - __main__ - INFO - Val:   loss 2.6342 acc1 34.01%
2026-03-26 03:29:01 - __main__ - INFO - saved best: 34.01%
2026-03-26 03:29:01 - __main__ - INFO - 
Epoch 39/100 | lr 0.007309
2026-03-26 03:29:09 - __main__ - INFO - Train: loss 2.2752 acc1 39.32%
2026-03-26 03:29:09 - __main__ - INFO - Val:   loss 2.5995 acc1 33.94%
2026-03-26 03:29:09 - __main__ - INFO - 
Epoch 40/100 | lr 0.007162
2026-03-26 03:29:17 - __main__ - INFO - Train: loss 2.2499 acc1 40.05%
2026-03-26 03:29:17 - __main__ - INFO - Val:   loss 2.5821 acc1 34.71%
2026-03-26 03:29:17 - __main__ - INFO - saved best: 34.71%
2026-03-26 03:29:17 - __main__ - INFO - 
Epoch 41/100 | lr 0.007011
2026-03-26 03:29:26 - __main__ - INFO - Train: loss 2.2374 acc1 40.05%
2026-03-26 03:29:26 - __main__ - INFO - Val:   loss 2.6326 acc1 33.66%
2026-03-26 03:29:26 - __main__ - INFO - 
Epoch 42/100 | lr 0.006859
2026-03-26 03:29:34 - __main__ - INFO - Train: loss 2.2175 acc1 40.54%
2026-03-26 03:29:34 - __main__ - INFO - Val:   loss 2.6037 acc1 34.14%
2026-03-26 03:29:34 - __main__ - INFO - 
Epoch 43/100 | lr 0.006705
2026-03-26 03:29:43 - __main__ - INFO - Train: loss 2.1906 acc1 41.16%
2026-03-26 03:29:43 - __main__ - INFO - Val:   loss 2.5897 acc1 34.46%
2026-03-26 03:29:43 - __main__ - INFO - 
Epoch 44/100 | lr 0.006549
2026-03-26 03:29:51 - __main__ - INFO - Train: loss 2.1663 acc1 41.40%
2026-03-26 03:29:51 - __main__ - INFO - Val:   loss 2.5977 acc1 35.20%
2026-03-26 03:29:51 - __main__ - INFO - saved best: 35.20%
2026-03-26 03:29:51 - __main__ - INFO - 
Epoch 45/100 | lr 0.006391
2026-03-26 03:29:59 - __main__ - INFO - Train: loss 2.1426 acc1 42.25%
2026-03-26 03:29:59 - __main__ - INFO - Val:   loss 2.5733 acc1 35.04%
2026-03-26 03:29:59 - __main__ - INFO - 
Epoch 46/100 | lr 0.006231
2026-03-26 03:30:07 - __main__ - INFO - Train: loss 2.1285 acc1 42.41%
2026-03-26 03:30:07 - __main__ - INFO - Val:   loss 2.5755 acc1 35.71%
2026-03-26 03:30:07 - __main__ - INFO - saved best: 35.71%
2026-03-26 03:30:07 - __main__ - INFO - 
Epoch 47/100 | lr 0.006070
2026-03-26 03:30:15 - __main__ - INFO - Train: loss 2.1202 acc1 42.70%
2026-03-26 03:30:15 - __main__ - INFO - Val:   loss 2.5924 acc1 34.47%
2026-03-26 03:30:15 - __main__ - INFO - 
Epoch 48/100 | lr 0.005908
2026-03-26 03:30:23 - __main__ - INFO - Train: loss 2.0877 acc1 43.24%
2026-03-26 03:30:23 - __main__ - INFO - Val:   loss 2.5566 acc1 35.75%
2026-03-26 03:30:23 - __main__ - INFO - saved best: 35.75%
2026-03-26 03:30:23 - __main__ - INFO - 
Epoch 49/100 | lr 0.005746
2026-03-26 03:30:32 - __main__ - INFO - Train: loss 2.0713 acc1 43.78%
2026-03-26 03:30:32 - __main__ - INFO - Val:   loss 2.5503 acc1 36.77%
2026-03-26 03:30:32 - __main__ - INFO - saved best: 36.77%
2026-03-26 03:30:32 - __main__ - INFO - 
Epoch 50/100 | lr 0.005582
2026-03-26 03:30:40 - __main__ - INFO - Train: loss 2.0545 acc1 43.88%
2026-03-26 03:30:40 - __main__ - INFO - Val:   loss 2.5852 acc1 35.37%
2026-03-26 03:30:40 - __main__ - INFO - 
Epoch 51/100 | lr 0.005417
2026-03-26 03:30:48 - __main__ - INFO - Train: loss 2.0346 acc1 44.39%
2026-03-26 03:30:48 - __main__ - INFO - Val:   loss 2.5566 acc1 36.59%
2026-03-26 03:30:48 - __main__ - INFO - 
Epoch 52/100 | lr 0.005253
2026-03-26 03:30:57 - __main__ - INFO - Train: loss 2.0168 acc1 44.70%
2026-03-26 03:30:57 - __main__ - INFO - Val:   loss 2.5644 acc1 36.26%
2026-03-26 03:30:57 - __main__ - INFO - 
Epoch 53/100 | lr 0.005088
2026-03-26 03:31:05 - __main__ - INFO - Train: loss 1.9931 acc1 45.38%
2026-03-26 03:31:05 - __main__ - INFO - Val:   loss 2.5879 acc1 36.67%
2026-03-26 03:31:05 - __main__ - INFO - 
Epoch 54/100 | lr 0.004922
2026-03-26 03:31:13 - __main__ - INFO - Train: loss 1.9734 acc1 45.76%
2026-03-26 03:31:13 - __main__ - INFO - Val:   loss 2.5884 acc1 36.25%
2026-03-26 03:31:13 - __main__ - INFO - 
Epoch 55/100 | lr 0.004757
2026-03-26 03:31:22 - __main__ - INFO - Train: loss 1.9586 acc1 46.24%
2026-03-26 03:31:22 - __main__ - INFO - Val:   loss 2.5771 acc1 37.39%
2026-03-26 03:31:22 - __main__ - INFO - saved best: 37.39%
2026-03-26 03:31:22 - __main__ - INFO - 
Epoch 56/100 | lr 0.004593
2026-03-26 03:31:29 - __main__ - INFO - Train: loss 1.9452 acc1 46.21%
2026-03-26 03:31:29 - __main__ - INFO - Val:   loss 2.5630 acc1 37.06%
2026-03-26 03:31:29 - __main__ - INFO - 
Epoch 57/100 | lr 0.004428
2026-03-26 03:31:38 - __main__ - INFO - Train: loss 1.9195 acc1 47.00%
2026-03-26 03:31:38 - __main__ - INFO - Val:   loss 2.5629 acc1 36.82%
2026-03-26 03:31:38 - __main__ - INFO - 
Epoch 58/100 | lr 0.004264
2026-03-26 03:31:47 - __main__ - INFO - Train: loss 1.9022 acc1 47.52%
2026-03-26 03:31:47 - __main__ - INFO - Val:   loss 2.5687 acc1 36.79%
2026-03-26 03:31:47 - __main__ - INFO - 
Epoch 59/100 | lr 0.004102
2026-03-26 03:31:55 - __main__ - INFO - Train: loss 1.8875 acc1 47.90%
2026-03-26 03:31:55 - __main__ - INFO - Val:   loss 2.5407 acc1 36.61%
2026-03-26 03:31:55 - __main__ - INFO - 
Epoch 60/100 | lr 0.003940
2026-03-26 03:32:03 - __main__ - INFO - Train: loss 1.8636 acc1 48.24%
2026-03-26 03:32:03 - __main__ - INFO - Val:   loss 2.5791 acc1 37.37%
2026-03-26 03:32:03 - __main__ - INFO - 
Epoch 61/100 | lr 0.003779
2026-03-26 03:32:11 - __main__ - INFO - Train: loss 1.8468 acc1 48.61%
2026-03-26 03:32:11 - __main__ - INFO - Val:   loss 2.5879 acc1 36.87%
2026-03-26 03:32:11 - __main__ - INFO - 
Epoch 62/100 | lr 0.003619
2026-03-26 03:32:19 - __main__ - INFO - Train: loss 1.8242 acc1 49.13%
2026-03-26 03:32:19 - __main__ - INFO - Val:   loss 2.6026 acc1 36.65%
2026-03-26 03:32:19 - __main__ - INFO - 
Epoch 63/100 | lr 0.003461
2026-03-26 03:32:28 - __main__ - INFO - Train: loss 1.8161 acc1 49.56%
2026-03-26 03:32:28 - __main__ - INFO - Val:   loss 2.5626 acc1 37.41%
2026-03-26 03:32:28 - __main__ - INFO - saved best: 37.41%
2026-03-26 03:32:28 - __main__ - INFO - 
Epoch 64/100 | lr 0.003305
2026-03-26 03:32:36 - __main__ - INFO - Train: loss 1.7970 acc1 49.61%
2026-03-26 03:32:36 - __main__ - INFO - Val:   loss 2.5547 acc1 37.59%
2026-03-26 03:32:36 - __main__ - INFO - saved best: 37.59%
2026-03-26 03:32:36 - __main__ - INFO - 
Epoch 65/100 | lr 0.003151
2026-03-26 03:32:44 - __main__ - INFO - Train: loss 1.7746 acc1 50.35%
2026-03-26 03:32:44 - __main__ - INFO - Val:   loss 2.5743 acc1 37.88%
2026-03-26 03:32:44 - __main__ - INFO - saved best: 37.88%
2026-03-26 03:32:44 - __main__ - INFO - 
Epoch 66/100 | lr 0.002999
2026-03-26 03:32:53 - __main__ - INFO - Train: loss 1.7644 acc1 50.57%
2026-03-26 03:32:53 - __main__ - INFO - Val:   loss 2.5781 acc1 37.27%
2026-03-26 03:32:53 - __main__ - INFO - 
Epoch 67/100 | lr 0.002848
2026-03-26 03:33:01 - __main__ - INFO - Train: loss 1.7476 acc1 51.12%
2026-03-26 03:33:01 - __main__ - INFO - Val:   loss 2.5533 acc1 38.29%
2026-03-26 03:33:01 - __main__ - INFO - saved best: 38.29%
2026-03-26 03:33:01 - __main__ - INFO - 
Epoch 68/100 | lr 0.002701
2026-03-26 03:33:10 - __main__ - INFO - Train: loss 1.7267 acc1 51.41%
2026-03-26 03:33:10 - __main__ - INFO - Val:   loss 2.6020 acc1 37.48%
2026-03-26 03:33:10 - __main__ - INFO - 
Epoch 69/100 | lr 0.002555
2026-03-26 03:33:18 - __main__ - INFO - Train: loss 1.7008 acc1 52.50%
2026-03-26 03:33:18 - __main__ - INFO - Val:   loss 2.5845 acc1 38.01%
2026-03-26 03:33:18 - __main__ - INFO - 
Epoch 70/100 | lr 0.002413
2026-03-26 03:33:26 - __main__ - INFO - Train: loss 1.6887 acc1 52.45%
2026-03-26 03:33:26 - __main__ - INFO - Val:   loss 2.5757 acc1 37.88%
2026-03-26 03:33:26 - __main__ - INFO - 
Epoch 71/100 | lr 0.002273
2026-03-26 03:33:34 - __main__ - INFO - Train: loss 1.6855 acc1 52.51%
2026-03-26 03:33:34 - __main__ - INFO - Val:   loss 2.6063 acc1 37.73%
2026-03-26 03:33:34 - __main__ - INFO - 
Epoch 72/100 | lr 0.002136
2026-03-26 03:33:42 - __main__ - INFO - Train: loss 1.6671 acc1 53.13%
2026-03-26 03:33:42 - __main__ - INFO - Val:   loss 2.5913 acc1 37.73%
2026-03-26 03:33:42 - __main__ - INFO - 
Epoch 73/100 | lr 0.002003
2026-03-26 03:33:50 - __main__ - INFO - Train: loss 1.6402 acc1 53.71%
2026-03-26 03:33:50 - __main__ - INFO - Val:   loss 2.6003 acc1 37.99%
2026-03-26 03:33:50 - __main__ - INFO - 
Epoch 74/100 | lr 0.001872
2026-03-26 03:33:58 - __main__ - INFO - Train: loss 1.6304 acc1 53.85%
2026-03-26 03:33:58 - __main__ - INFO - Val:   loss 2.6046 acc1 38.14%
2026-03-26 03:33:58 - __main__ - INFO - 
Epoch 75/100 | lr 0.001745
2026-03-26 03:34:06 - __main__ - INFO - Train: loss 1.6118 acc1 54.36%
2026-03-26 03:34:06 - __main__ - INFO - Val:   loss 2.6208 acc1 37.73%
2026-03-26 03:34:06 - __main__ - INFO - 
Epoch 76/100 | lr 0.001622
2026-03-26 03:34:15 - __main__ - INFO - Train: loss 1.5880 acc1 54.69%
2026-03-26 03:34:15 - __main__ - INFO - Val:   loss 2.6181 acc1 37.62%
2026-03-26 03:34:15 - __main__ - INFO - 
Epoch 77/100 | lr 0.001502
2026-03-26 03:34:23 - __main__ - INFO - Train: loss 1.5858 acc1 54.93%
2026-03-26 03:34:23 - __main__ - INFO - Val:   loss 2.6176 acc1 38.05%
2026-03-26 03:34:23 - __main__ - INFO - 
Epoch 78/100 | lr 0.001386
2026-03-26 03:34:31 - __main__ - INFO - Train: loss 1.5723 acc1 55.49%
2026-03-26 03:34:31 - __main__ - INFO - Val:   loss 2.6220 acc1 38.00%
2026-03-26 03:34:31 - __main__ - INFO - 
Epoch 79/100 | lr 0.001275
2026-03-26 03:34:40 - __main__ - INFO - Train: loss 1.5612 acc1 55.78%
2026-03-26 03:34:40 - __main__ - INFO - Val:   loss 2.6260 acc1 38.60%
2026-03-26 03:34:40 - __main__ - INFO - saved best: 38.60%
2026-03-26 03:34:40 - __main__ - INFO - 
Epoch 80/100 | lr 0.001167
2026-03-26 03:34:48 - __main__ - INFO - Train: loss 1.5411 acc1 55.97%
2026-03-26 03:34:48 - __main__ - INFO - Val:   loss 2.6254 acc1 38.39%
2026-03-26 03:34:48 - __main__ - INFO - 
Epoch 81/100 | lr 0.001063
2026-03-26 03:34:56 - __main__ - INFO - Train: loss 1.5338 acc1 56.28%
2026-03-26 03:34:56 - __main__ - INFO - Val:   loss 2.6317 acc1 38.29%
2026-03-26 03:34:56 - __main__ - INFO - 
Epoch 82/100 | lr 0.000964
2026-03-26 03:35:04 - __main__ - INFO - Train: loss 1.5177 acc1 56.57%
2026-03-26 03:35:04 - __main__ - INFO - Val:   loss 2.6538 acc1 38.32%
2026-03-26 03:35:04 - __main__ - INFO - 
Epoch 83/100 | lr 0.000869
2026-03-26 03:35:13 - __main__ - INFO - Train: loss 1.5125 acc1 56.88%
2026-03-26 03:35:13 - __main__ - INFO - Val:   loss 2.6415 acc1 38.38%
2026-03-26 03:35:13 - __main__ - INFO - 
Epoch 84/100 | lr 0.000779
2026-03-26 03:35:21 - __main__ - INFO - Train: loss 1.4966 acc1 57.33%
2026-03-26 03:35:21 - __main__ - INFO - Val:   loss 2.6404 acc1 38.45%
2026-03-26 03:35:21 - __main__ - INFO - 
Epoch 85/100 | lr 0.000693
2026-03-26 03:35:29 - __main__ - INFO - Train: loss 1.4821 acc1 57.44%
2026-03-26 03:35:29 - __main__ - INFO - Val:   loss 2.6361 acc1 38.89%
2026-03-26 03:35:29 - __main__ - INFO - saved best: 38.89%
2026-03-26 03:35:29 - __main__ - INFO - 
Epoch 86/100 | lr 0.000612
2026-03-26 03:35:37 - __main__ - INFO - Train: loss 1.4746 acc1 57.75%
2026-03-26 03:35:37 - __main__ - INFO - Val:   loss 2.6449 acc1 38.30%
2026-03-26 03:35:37 - __main__ - INFO - 
Epoch 87/100 | lr 0.000536
2026-03-26 03:35:45 - __main__ - INFO - Train: loss 1.4698 acc1 58.07%
2026-03-26 03:35:45 - __main__ - INFO - Val:   loss 2.6421 acc1 38.39%
2026-03-26 03:35:45 - __main__ - INFO - 
Epoch 88/100 | lr 0.000465
2026-03-26 03:35:54 - __main__ - INFO - Train: loss 1.4666 acc1 57.91%
2026-03-26 03:35:54 - __main__ - INFO - Val:   loss 2.6576 acc1 38.24%
2026-03-26 03:35:54 - __main__ - INFO - 
Epoch 89/100 | lr 0.000398
2026-03-26 03:36:02 - __main__ - INFO - Train: loss 1.4607 acc1 58.29%
2026-03-26 03:36:02 - __main__ - INFO - Val:   loss 2.6529 acc1 38.67%
2026-03-26 03:36:02 - __main__ - INFO - 
Epoch 90/100 | lr 0.000337
2026-03-26 03:36:11 - __main__ - INFO - Train: loss 1.4428 acc1 58.60%
2026-03-26 03:36:11 - __main__ - INFO - Val:   loss 2.6551 acc1 38.56%
2026-03-26 03:36:11 - __main__ - INFO - 
Epoch 91/100 | lr 0.000281
2026-03-26 03:36:19 - __main__ - INFO - Train: loss 1.4360 acc1 58.85%
2026-03-26 03:36:19 - __main__ - INFO - Val:   loss 2.6485 acc1 38.71%
2026-03-26 03:36:19 - __main__ - INFO - 
Epoch 92/100 | lr 0.000230
2026-03-26 03:36:27 - __main__ - INFO - Train: loss 1.4330 acc1 59.02%
2026-03-26 03:36:27 - __main__ - INFO - Val:   loss 2.6504 acc1 38.87%
2026-03-26 03:36:27 - __main__ - INFO - 
Epoch 93/100 | lr 0.000184
2026-03-26 03:36:36 - __main__ - INFO - Train: loss 1.4373 acc1 58.44%
2026-03-26 03:36:36 - __main__ - INFO - Val:   loss 2.6595 acc1 38.74%
2026-03-26 03:36:36 - __main__ - INFO - 
Epoch 94/100 | lr 0.000143
2026-03-26 03:36:43 - __main__ - INFO - Train: loss 1.4173 acc1 59.17%
2026-03-26 03:36:43 - __main__ - INFO - Val:   loss 2.6577 acc1 38.92%
2026-03-26 03:36:43 - __main__ - INFO - saved best: 38.92%
2026-03-26 03:36:43 - __main__ - INFO - 
Epoch 95/100 | lr 0.000108
2026-03-26 03:36:52 - __main__ - INFO - Train: loss 1.4265 acc1 58.96%
2026-03-26 03:36:52 - __main__ - INFO - Val:   loss 2.6568 acc1 38.71%
2026-03-26 03:36:52 - __main__ - INFO - 
Epoch 96/100 | lr 0.000078
2026-03-26 03:37:00 - __main__ - INFO - Train: loss 1.4057 acc1 59.39%
2026-03-26 03:37:00 - __main__ - INFO - Val:   loss 2.6565 acc1 38.41%
2026-03-26 03:37:00 - __main__ - INFO - 
Epoch 97/100 | lr 0.000054
2026-03-26 03:37:08 - __main__ - INFO - Train: loss 1.4172 acc1 59.37%
2026-03-26 03:37:08 - __main__ - INFO - Val:   loss 2.6588 acc1 38.64%
2026-03-26 03:37:08 - __main__ - INFO - 
Epoch 98/100 | lr 0.000035
2026-03-26 03:37:16 - __main__ - INFO - Train: loss 1.4162 acc1 59.38%
2026-03-26 03:37:16 - __main__ - INFO - Val:   loss 2.6582 acc1 38.75%
2026-03-26 03:37:16 - __main__ - INFO - 
Epoch 99/100 | lr 0.000021
2026-03-26 03:37:24 - __main__ - INFO - Train: loss 1.4116 acc1 59.58%
2026-03-26 03:37:24 - __main__ - INFO - Val:   loss 2.6585 acc1 38.68%
2026-03-26 03:37:24 - __main__ - INFO - 
Epoch 100/100 | lr 0.000013
2026-03-26 03:37:33 - __main__ - INFO - Train: loss 1.4097 acc1 59.80%
2026-03-26 03:37:33 - __main__ - INFO - Val:   loss 2.6587 acc1 38.70%
2026-03-26 03:37:33 - __main__ - INFO - Loaded best checkpoint weights for final test evaluation.
2026-03-26 03:37:34 - __main__ - INFO - 
Best tracked (val): 38.92%
2026-03-26 03:37:34 - __main__ - INFO - Final test: loss 2.5842 acc1 39.08%
2026-03-26 03:37:39 - __main__ - INFO - Variant [shuffled_cam_low_saliency] done — test acc 39.08%, test loss 2.5842
2026-03-26 03:37:40 - __main__ - INFO - Saved validation comparison plot: runs/cifar100_2026_03/25/mobilenet_v3_small/validation_comparison_plot.png
2026-03-26 03:37:40 - __main__ - INFO - 
Starting output model sweep: convnext_tiny
2026-03-26 03:37:40 - __main__ - INFO - 
============================================================
2026-03-26 03:37:40 - __main__ - INFO - Training output model: convnext_tiny [original]
2026-03-26 03:37:40 - __main__ - INFO -   Resolved config → opt=adamw, lr=0.001, wd=0.05, bs=128, epochs=100, scheduler=cosine, warmup=10
2026-03-26 03:37:40 - __main__ - INFO - ============================================================
2026-03-26 03:37:40 - __main__ - INFO -   Validation during training uses variant split with val_split=0.1
2026-03-26 03:37:40 - __main__ - INFO -   Final test uses original test split
2026-03-26 03:37:40 - __main__ - INFO - device: cuda | cuda: True | gpu: NVIDIA L4
2026-03-26 03:37:41 - __main__ - INFO - Model: convnext_tiny | Dataset: cifar100 | Classes: 100 | Optimizer: adamw
2026-03-26 03:37:41 - __main__ - INFO - 
Epoch 1/100 | lr 0.000001
2026-03-26 03:38:05 - __main__ - INFO - Train: loss 4.7056 acc1 1.56%
2026-03-26 03:38:05 - __main__ - INFO - Val:   loss 4.6330 acc1 2.14%
2026-03-26 03:38:06 - __main__ - INFO - saved best: 2.14%
2026-03-26 03:38:06 - __main__ - INFO - 
Epoch 2/100 | lr 0.000101
2026-03-26 03:38:19 - __main__ - INFO - Train: loss 4.1525 acc1 9.10%
2026-03-26 03:38:19 - __main__ - INFO - Val:   loss 3.9977 acc1 12.95%
2026-03-26 03:38:19 - __main__ - INFO - saved best: 12.95%
2026-03-26 03:38:19 - __main__ - INFO - 
Epoch 3/100 | lr 0.000201
2026-03-26 03:38:31 - __main__ - INFO - Train: loss 3.9236 acc1 13.29%
2026-03-26 03:38:31 - __main__ - INFO - Val:   loss 3.7627 acc1 16.34%
2026-03-26 03:38:31 - __main__ - INFO - saved best: 16.34%
2026-03-26 03:38:31 - __main__ - INFO - 
Epoch 4/100 | lr 0.000301
2026-03-26 03:38:44 - __main__ - INFO - Train: loss 3.7254 acc1 16.70%
2026-03-26 03:38:44 - __main__ - INFO - Val:   loss 3.5961 acc1 19.53%
2026-03-26 03:38:44 - __main__ - INFO - saved best: 19.53%
2026-03-26 03:38:44 - __main__ - INFO - 
Epoch 5/100 | lr 0.000401
2026-03-26 03:38:56 - __main__ - INFO - Train: loss 3.5717 acc1 19.86%
2026-03-26 03:38:56 - __main__ - INFO - Val:   loss 3.4616 acc1 22.56%
2026-03-26 03:38:56 - __main__ - INFO - saved best: 22.56%
2026-03-26 03:38:56 - __main__ - INFO - 
Epoch 6/100 | lr 0.000501
2026-03-26 03:39:09 - __main__ - INFO - Train: loss 3.4547 acc1 22.52%
2026-03-26 03:39:09 - __main__ - INFO - Val:   loss 3.4167 acc1 24.52%
2026-03-26 03:39:09 - __main__ - INFO - saved best: 24.52%
2026-03-26 03:39:09 - __main__ - INFO - 
Epoch 7/100 | lr 0.000600
2026-03-26 03:39:22 - __main__ - INFO - Train: loss 3.3627 acc1 24.55%
2026-03-26 03:39:22 - __main__ - INFO - Val:   loss 3.3388 acc1 26.40%
2026-03-26 03:39:22 - __main__ - INFO - saved best: 26.40%
2026-03-26 03:39:22 - __main__ - INFO - 
Epoch 8/100 | lr 0.000700
2026-03-26 03:39:34 - __main__ - INFO - Train: loss 3.2804 acc1 26.41%
2026-03-26 03:39:34 - __main__ - INFO - Val:   loss 3.2358 acc1 27.45%
2026-03-26 03:39:34 - __main__ - INFO - saved best: 27.45%
2026-03-26 03:39:34 - __main__ - INFO - 
Epoch 9/100 | lr 0.000800
2026-03-26 03:39:47 - __main__ - INFO - Train: loss 3.2085 acc1 28.23%
2026-03-26 03:39:47 - __main__ - INFO - Val:   loss 3.2140 acc1 29.15%
2026-03-26 03:39:47 - __main__ - INFO - saved best: 29.15%
2026-03-26 03:39:47 - __main__ - INFO - 
Epoch 10/100 | lr 0.000900
2026-03-26 03:39:59 - __main__ - INFO - Train: loss 3.1359 acc1 29.63%
2026-03-26 03:39:59 - __main__ - INFO - Val:   loss 3.1484 acc1 31.00%
2026-03-26 03:39:59 - __main__ - INFO - saved best: 31.00%
2026-03-26 03:39:59 - __main__ - INFO - 
Epoch 11/100 | lr 0.001000
2026-03-26 03:40:12 - __main__ - INFO - Train: loss 3.0689 acc1 31.37%
2026-03-26 03:40:12 - __main__ - INFO - Val:   loss 3.1426 acc1 29.61%
2026-03-26 03:40:12 - __main__ - INFO - 
Epoch 12/100 | lr 0.001000
2026-03-26 03:40:24 - __main__ - INFO - Train: loss 2.9744 acc1 33.60%
2026-03-26 03:40:24 - __main__ - INFO - Val:   loss 3.0449 acc1 33.58%
2026-03-26 03:40:24 - __main__ - INFO - saved best: 33.58%
2026-03-26 03:40:24 - __main__ - INFO - 
Epoch 13/100 | lr 0.000999
2026-03-26 03:40:37 - __main__ - INFO - Train: loss 2.8928 acc1 35.77%
2026-03-26 03:40:37 - __main__ - INFO - Val:   loss 3.0413 acc1 32.98%
2026-03-26 03:40:37 - __main__ - INFO - 
Epoch 14/100 | lr 0.000997
2026-03-26 03:40:50 - __main__ - INFO - Train: loss 2.8069 acc1 37.95%
2026-03-26 03:40:50 - __main__ - INFO - Val:   loss 3.0071 acc1 34.65%
2026-03-26 03:40:50 - __main__ - INFO - saved best: 34.65%
2026-03-26 03:40:50 - __main__ - INFO - 
Epoch 15/100 | lr 0.000995
2026-03-26 03:41:02 - __main__ - INFO - Train: loss 2.7116 acc1 40.80%
2026-03-26 03:41:02 - __main__ - INFO - Val:   loss 2.9769 acc1 35.60%
2026-03-26 03:41:02 - __main__ - INFO - saved best: 35.60%
2026-03-26 03:41:02 - __main__ - INFO - 
Epoch 16/100 | lr 0.000992
2026-03-26 03:41:15 - __main__ - INFO - Train: loss 2.6235 acc1 42.75%
2026-03-26 03:41:15 - __main__ - INFO - Val:   loss 2.9518 acc1 35.72%
2026-03-26 03:41:15 - __main__ - INFO - saved best: 35.72%
2026-03-26 03:41:15 - __main__ - INFO - 
Epoch 17/100 | lr 0.000989
2026-03-26 03:41:27 - __main__ - INFO - Train: loss 2.5222 acc1 45.67%
2026-03-26 03:41:27 - __main__ - INFO - Val:   loss 2.9444 acc1 36.27%
2026-03-26 03:41:27 - __main__ - INFO - saved best: 36.27%
2026-03-26 03:41:27 - __main__ - INFO - 
Epoch 18/100 | lr 0.000985
2026-03-26 03:41:40 - __main__ - INFO - Train: loss 2.4081 acc1 48.50%
2026-03-26 03:41:40 - __main__ - INFO - Val:   loss 2.9766 acc1 37.36%
2026-03-26 03:41:40 - __main__ - INFO - saved best: 37.36%
2026-03-26 03:41:40 - __main__ - INFO - 
Epoch 19/100 | lr 0.000981
2026-03-26 03:41:53 - __main__ - INFO - Train: loss 2.3163 acc1 51.58%
2026-03-26 03:41:53 - __main__ - INFO - Val:   loss 2.9793 acc1 37.27%
2026-03-26 03:41:53 - __main__ - INFO - 
Epoch 20/100 | lr 0.000976
2026-03-26 03:42:06 - __main__ - INFO - Train: loss 2.1858 acc1 55.10%
2026-03-26 03:42:06 - __main__ - INFO - Val:   loss 3.0720 acc1 36.25%
2026-03-26 03:42:06 - __main__ - INFO - 
Epoch 21/100 | lr 0.000970
2026-03-26 03:42:19 - __main__ - INFO - Train: loss 2.0581 acc1 59.19%
2026-03-26 03:42:19 - __main__ - INFO - Val:   loss 3.0264 acc1 38.31%
2026-03-26 03:42:19 - __main__ - INFO - saved best: 38.31%
2026-03-26 03:42:19 - __main__ - INFO - 
Epoch 22/100 | lr 0.000964
2026-03-26 03:42:32 - __main__ - INFO - Train: loss 1.9155 acc1 63.48%
2026-03-26 03:42:32 - __main__ - INFO - Val:   loss 3.0827 acc1 37.74%
2026-03-26 03:42:32 - __main__ - INFO - 
Epoch 23/100 | lr 0.000957
2026-03-26 03:42:46 - __main__ - INFO - Train: loss 1.7881 acc1 67.97%
2026-03-26 03:42:46 - __main__ - INFO - Val:   loss 3.1512 acc1 38.23%
2026-03-26 03:42:46 - __main__ - INFO - 
Epoch 24/100 | lr 0.000949
2026-03-26 03:42:59 - __main__ - INFO - Train: loss 1.6430 acc1 73.05%
2026-03-26 03:42:59 - __main__ - INFO - Val:   loss 3.2089 acc1 36.88%
2026-03-26 03:42:59 - __main__ - INFO - 
Epoch 25/100 | lr 0.000942
2026-03-26 03:43:12 - __main__ - INFO - Train: loss 1.5246 acc1 77.11%
2026-03-26 03:43:12 - __main__ - INFO - Val:   loss 3.2102 acc1 38.16%
2026-03-26 03:43:12 - __main__ - INFO - 
Epoch 26/100 | lr 0.000933
2026-03-26 03:43:25 - __main__ - INFO - Train: loss 1.4261 acc1 80.66%
2026-03-26 03:43:25 - __main__ - INFO - Val:   loss 3.2895 acc1 37.87%
2026-03-26 03:43:25 - __main__ - INFO - 
Epoch 27/100 | lr 0.000924
2026-03-26 03:43:39 - __main__ - INFO - Train: loss 1.3305 acc1 84.26%
2026-03-26 03:43:39 - __main__ - INFO - Val:   loss 3.3314 acc1 36.93%
2026-03-26 03:43:39 - __main__ - INFO - 
Epoch 28/100 | lr 0.000915
2026-03-26 03:43:51 - __main__ - INFO - Train: loss 1.2775 acc1 86.02%
2026-03-26 03:43:51 - __main__ - INFO - Val:   loss 3.2905 acc1 38.35%
2026-03-26 03:43:51 - __main__ - INFO - saved best: 38.35%
2026-03-26 03:43:51 - __main__ - INFO - 
Epoch 29/100 | lr 0.000905
2026-03-26 03:44:04 - __main__ - INFO - Train: loss 1.2161 acc1 88.14%
2026-03-26 03:44:04 - __main__ - INFO - Val:   loss 3.3449 acc1 37.55%
2026-03-26 03:44:04 - __main__ - INFO - 
Epoch 30/100 | lr 0.000894
2026-03-26 03:44:17 - __main__ - INFO - Train: loss 1.1721 acc1 89.67%
2026-03-26 03:44:17 - __main__ - INFO - Val:   loss 3.3467 acc1 37.64%
2026-03-26 03:44:17 - __main__ - INFO - 
Epoch 31/100 | lr 0.000883
2026-03-26 03:44:30 - __main__ - INFO - Train: loss 1.1484 acc1 90.36%
2026-03-26 03:44:30 - __main__ - INFO - Val:   loss 3.3554 acc1 37.21%
2026-03-26 03:44:30 - __main__ - INFO - 
Epoch 32/100 | lr 0.000872
2026-03-26 03:44:43 - __main__ - INFO - Train: loss 1.1200 acc1 91.23%
2026-03-26 03:44:43 - __main__ - INFO - Val:   loss 3.3746 acc1 37.33%
2026-03-26 03:44:43 - __main__ - INFO - 
Epoch 33/100 | lr 0.000860
2026-03-26 03:44:56 - __main__ - INFO - Train: loss 1.0880 acc1 92.05%
2026-03-26 03:44:56 - __main__ - INFO - Val:   loss 3.4377 acc1 36.71%
2026-03-26 03:44:56 - __main__ - INFO - 
Epoch 34/100 | lr 0.000847
2026-03-26 03:45:09 - __main__ - INFO - Train: loss 1.0765 acc1 92.35%
2026-03-26 03:45:09 - __main__ - INFO - Val:   loss 3.3837 acc1 37.48%
2026-03-26 03:45:09 - __main__ - INFO - 
Epoch 35/100 | lr 0.000835
2026-03-26 03:45:21 - __main__ - INFO - Train: loss 1.0683 acc1 92.31%
2026-03-26 03:45:21 - __main__ - INFO - Val:   loss 3.4041 acc1 36.99%
2026-03-26 03:45:21 - __main__ - INFO - 
Epoch 36/100 | lr 0.000822
2026-03-26 03:45:34 - __main__ - INFO - Train: loss 1.0451 acc1 92.75%
2026-03-26 03:45:34 - __main__ - INFO - Val:   loss 3.4903 acc1 36.88%
2026-03-26 03:45:34 - __main__ - INFO - 
Epoch 37/100 | lr 0.000808
2026-03-26 03:45:47 - __main__ - INFO - Train: loss 1.0376 acc1 92.78%
2026-03-26 03:45:47 - __main__ - INFO - Val:   loss 3.4871 acc1 37.17%
2026-03-26 03:45:47 - __main__ - INFO - 
Epoch 38/100 | lr 0.000794
2026-03-26 03:45:59 - __main__ - INFO - Train: loss 1.0208 acc1 93.31%
2026-03-26 03:45:59 - __main__ - INFO - Val:   loss 3.4635 acc1 37.74%
2026-03-26 03:45:59 - __main__ - INFO - 
Epoch 39/100 | lr 0.000780
2026-03-26 03:46:12 - __main__ - INFO - Train: loss 1.0171 acc1 93.10%
2026-03-26 03:46:12 - __main__ - INFO - Val:   loss 3.5141 acc1 37.39%
2026-03-26 03:46:12 - __main__ - INFO - 
Epoch 40/100 | lr 0.000765
2026-03-26 03:46:25 - __main__ - INFO - Train: loss 1.0038 acc1 93.50%
2026-03-26 03:46:25 - __main__ - INFO - Val:   loss 3.4939 acc1 36.61%
2026-03-26 03:46:25 - __main__ - INFO - 
Epoch 41/100 | lr 0.000750
2026-03-26 03:46:38 - __main__ - INFO - Train: loss 0.9853 acc1 94.02%
2026-03-26 03:46:38 - __main__ - INFO - Val:   loss 3.5155 acc1 36.86%
2026-03-26 03:46:38 - __main__ - INFO - 
Epoch 42/100 | lr 0.000735
2026-03-26 03:46:50 - __main__ - INFO - Train: loss 0.9922 acc1 93.61%
2026-03-26 03:46:50 - __main__ - INFO - Val:   loss 3.5173 acc1 37.12%
2026-03-26 03:46:50 - __main__ - INFO - 
Epoch 43/100 | lr 0.000719
2026-03-26 03:47:03 - __main__ - INFO - Train: loss 0.9701 acc1 94.35%
2026-03-26 03:47:03 - __main__ - INFO - Val:   loss 3.5216 acc1 37.15%
2026-03-26 03:47:03 - __main__ - INFO - 
Epoch 44/100 | lr 0.000704
2026-03-26 03:47:16 - __main__ - INFO - Train: loss 0.9529 acc1 94.79%
2026-03-26 03:47:16 - __main__ - INFO - Val:   loss 3.5776 acc1 37.74%
2026-03-26 03:47:16 - __main__ - INFO - 
Epoch 45/100 | lr 0.000688
2026-03-26 03:47:29 - __main__ - INFO - Train: loss 0.9548 acc1 94.77%
2026-03-26 03:47:29 - __main__ - INFO - Val:   loss 3.5369 acc1 37.67%
2026-03-26 03:47:29 - __main__ - INFO - 
Epoch 46/100 | lr 0.000671
2026-03-26 03:47:41 - __main__ - INFO - Train: loss 0.9430 acc1 95.10%
2026-03-26 03:47:41 - __main__ - INFO - Val:   loss 3.5601 acc1 38.27%
2026-03-26 03:47:41 - __main__ - INFO - 
Epoch 47/100 | lr 0.000655
2026-03-26 03:47:54 - __main__ - INFO - Train: loss 0.9336 acc1 95.47%
2026-03-26 03:47:54 - __main__ - INFO - Val:   loss 3.5483 acc1 37.89%
2026-03-26 03:47:54 - __main__ - INFO - 
Epoch 48/100 | lr 0.000638
2026-03-26 03:48:07 - __main__ - INFO - Train: loss 0.9201 acc1 96.00%
2026-03-26 03:48:07 - __main__ - INFO - Val:   loss 3.5547 acc1 36.82%
2026-03-26 03:48:07 - __main__ - INFO - 
Epoch 49/100 | lr 0.000621
2026-03-26 03:48:19 - __main__ - INFO - Train: loss 0.9158 acc1 95.97%
2026-03-26 03:48:19 - __main__ - INFO - Val:   loss 3.5972 acc1 37.00%
2026-03-26 03:48:19 - __main__ - INFO - 
Epoch 50/100 | lr 0.000604
2026-03-26 03:48:32 - __main__ - INFO - Train: loss 0.9173 acc1 95.85%
2026-03-26 03:48:32 - __main__ - INFO - Val:   loss 3.5865 acc1 37.57%
2026-03-26 03:48:32 - __main__ - INFO - 
Epoch 51/100 | lr 0.000587
2026-03-26 03:48:45 - __main__ - INFO - Train: loss 0.8964 acc1 96.59%
2026-03-26 03:48:45 - __main__ - INFO - Val:   loss 3.5607 acc1 38.32%
2026-03-26 03:48:45 - __main__ - INFO - 
Epoch 52/100 | lr 0.000570
2026-03-26 03:48:57 - __main__ - INFO - Train: loss 0.9013 acc1 96.47%
2026-03-26 03:48:57 - __main__ - INFO - Val:   loss 3.5928 acc1 38.24%
2026-03-26 03:48:57 - __main__ - INFO - 
Epoch 53/100 | lr 0.000553
2026-03-26 03:49:11 - __main__ - INFO - Train: loss 0.8926 acc1 96.62%
2026-03-26 03:49:11 - __main__ - INFO - Val:   loss 3.6112 acc1 36.77%
2026-03-26 03:49:11 - __main__ - INFO - 
Epoch 54/100 | lr 0.000535
2026-03-26 03:49:24 - __main__ - INFO - Train: loss 0.8947 acc1 96.58%
2026-03-26 03:49:24 - __main__ - INFO - Val:   loss 3.6701 acc1 36.92%
2026-03-26 03:49:24 - __main__ - INFO - 
Epoch 55/100 | lr 0.000518
2026-03-26 03:49:37 - __main__ - INFO - Train: loss 0.8793 acc1 97.16%
2026-03-26 03:49:37 - __main__ - INFO - Val:   loss 3.5968 acc1 37.39%
2026-03-26 03:49:37 - __main__ - INFO - 
Epoch 56/100 | lr 0.000500
2026-03-26 03:49:49 - __main__ - INFO - Train: loss 0.8733 acc1 97.36%
2026-03-26 03:49:49 - __main__ - INFO - Val:   loss 3.6173 acc1 37.94%
2026-03-26 03:49:49 - __main__ - INFO - 
Epoch 57/100 | lr 0.000483
2026-03-26 03:50:02 - __main__ - INFO - Train: loss 0.8684 acc1 97.41%
2026-03-26 03:50:02 - __main__ - INFO - Val:   loss 3.6548 acc1 37.35%
2026-03-26 03:50:02 - __main__ - INFO - 
Epoch 58/100 | lr 0.000466
2026-03-26 03:50:15 - __main__ - INFO - Train: loss 0.8571 acc1 97.77%
2026-03-26 03:50:15 - __main__ - INFO - Val:   loss 3.6537 acc1 37.78%
2026-03-26 03:50:15 - __main__ - INFO - 
Epoch 59/100 | lr 0.000448
2026-03-26 03:50:28 - __main__ - INFO - Train: loss 0.8571 acc1 97.77%
2026-03-26 03:50:28 - __main__ - INFO - Val:   loss 3.6521 acc1 38.21%
2026-03-26 03:50:28 - __main__ - INFO - 
Epoch 60/100 | lr 0.000431
2026-03-26 03:50:41 - __main__ - INFO - Train: loss 0.8542 acc1 97.87%
2026-03-26 03:50:41 - __main__ - INFO - Val:   loss 3.6488 acc1 37.86%
2026-03-26 03:50:41 - __main__ - INFO - 
Epoch 61/100 | lr 0.000414
2026-03-26 03:50:54 - __main__ - INFO - Train: loss 0.8552 acc1 97.86%
2026-03-26 03:50:54 - __main__ - INFO - Val:   loss 3.6790 acc1 37.81%
2026-03-26 03:50:54 - __main__ - INFO - 
Epoch 62/100 | lr 0.000397
2026-03-26 03:51:07 - __main__ - INFO - Train: loss 0.8498 acc1 98.01%
2026-03-26 03:51:07 - __main__ - INFO - Val:   loss 3.6633 acc1 38.17%
2026-03-26 03:51:07 - __main__ - INFO - 
Epoch 63/100 | lr 0.000380
2026-03-26 03:51:20 - __main__ - INFO - Train: loss 0.8386 acc1 98.34%
2026-03-26 03:51:20 - __main__ - INFO - Val:   loss 3.6507 acc1 38.29%
2026-03-26 03:51:20 - __main__ - INFO - 
Epoch 64/100 | lr 0.000363
2026-03-26 03:51:32 - __main__ - INFO - Train: loss 0.8392 acc1 98.42%
2026-03-26 03:51:32 - __main__ - INFO - Val:   loss 3.6366 acc1 38.98%
2026-03-26 03:51:32 - __main__ - INFO - saved best: 38.98%
2026-03-26 03:51:32 - __main__ - INFO - 
Epoch 65/100 | lr 0.000346
2026-03-26 03:51:45 - __main__ - INFO - Train: loss 0.8339 acc1 98.48%
2026-03-26 03:51:45 - __main__ - INFO - Val:   loss 3.6653 acc1 38.53%
2026-03-26 03:51:45 - __main__ - INFO - 
Epoch 66/100 | lr 0.000330
2026-03-26 03:51:57 - __main__ - INFO - Train: loss 0.8297 acc1 98.67%
2026-03-26 03:51:57 - __main__ - INFO - Val:   loss 3.6478 acc1 38.36%
2026-03-26 03:51:57 - __main__ - INFO - 
Epoch 67/100 | lr 0.000313
2026-03-26 03:52:10 - __main__ - INFO - Train: loss 0.8244 acc1 98.78%
2026-03-26 03:52:10 - __main__ - INFO - Val:   loss 3.6285 acc1 38.35%
2026-03-26 03:52:10 - __main__ - INFO - 
Epoch 68/100 | lr 0.000297
2026-03-26 03:52:23 - __main__ - INFO - Train: loss 0.8250 acc1 98.76%
2026-03-26 03:52:23 - __main__ - INFO - Val:   loss 3.6749 acc1 38.39%
2026-03-26 03:52:23 - __main__ - INFO - 
Epoch 69/100 | lr 0.000282
2026-03-26 03:52:36 - __main__ - INFO - Train: loss 0.8242 acc1 98.81%
2026-03-26 03:52:36 - __main__ - INFO - Val:   loss 3.6530 acc1 39.04%
2026-03-26 03:52:36 - __main__ - INFO - saved best: 39.04%
2026-03-26 03:52:36 - __main__ - INFO - 
Epoch 70/100 | lr 0.000266
2026-03-26 03:52:49 - __main__ - INFO - Train: loss 0.8151 acc1 99.12%
2026-03-26 03:52:49 - __main__ - INFO - Val:   loss 3.6732 acc1 39.09%
2026-03-26 03:52:49 - __main__ - INFO - saved best: 39.09%
2026-03-26 03:52:49 - __main__ - INFO - 
Epoch 71/100 | lr 0.000251
2026-03-26 03:53:02 - __main__ - INFO - Train: loss 0.8178 acc1 98.89%
2026-03-26 03:53:02 - __main__ - INFO - Val:   loss 3.6802 acc1 38.37%
2026-03-26 03:53:02 - __main__ - INFO - 
Epoch 72/100 | lr 0.000236
2026-03-26 03:53:15 - __main__ - INFO - Train: loss 0.8111 acc1 99.16%
2026-03-26 03:53:15 - __main__ - INFO - Val:   loss 3.6612 acc1 39.10%
2026-03-26 03:53:15 - __main__ - INFO - saved best: 39.10%
2026-03-26 03:53:15 - __main__ - INFO - 
Epoch 73/100 | lr 0.000221
2026-03-26 03:53:28 - __main__ - INFO - Train: loss 0.8097 acc1 99.19%
2026-03-26 03:53:28 - __main__ - INFO - Val:   loss 3.6972 acc1 38.89%
2026-03-26 03:53:28 - __main__ - INFO - 
Epoch 74/100 | lr 0.000207
2026-03-26 03:53:40 - __main__ - INFO - Train: loss 0.8095 acc1 99.26%
2026-03-26 03:53:40 - __main__ - INFO - Val:   loss 3.7032 acc1 38.77%
2026-03-26 03:53:40 - __main__ - INFO - 
Epoch 75/100 | lr 0.000193
2026-03-26 03:53:53 - __main__ - INFO - Train: loss 0.8033 acc1 99.44%
2026-03-26 03:53:53 - __main__ - INFO - Val:   loss 3.6663 acc1 39.27%
2026-03-26 03:53:53 - __main__ - INFO - saved best: 39.27%
2026-03-26 03:53:53 - __main__ - INFO - 
Epoch 76/100 | lr 0.000179
2026-03-26 03:54:06 - __main__ - INFO - Train: loss 0.8048 acc1 99.37%
2026-03-26 03:54:06 - __main__ - INFO - Val:   loss 3.7193 acc1 38.49%
2026-03-26 03:54:06 - __main__ - INFO - 
Epoch 77/100 | lr 0.000166
2026-03-26 03:54:18 - __main__ - INFO - Train: loss 0.8018 acc1 99.48%
2026-03-26 03:54:18 - __main__ - INFO - Val:   loss 3.6830 acc1 39.14%
2026-03-26 03:54:18 - __main__ - INFO - 
Epoch 78/100 | lr 0.000154
2026-03-26 03:54:31 - __main__ - INFO - Train: loss 0.7999 acc1 99.48%
2026-03-26 03:54:31 - __main__ - INFO - Val:   loss 3.6844 acc1 39.14%
2026-03-26 03:54:31 - __main__ - INFO - 
Epoch 79/100 | lr 0.000141
2026-03-26 03:54:44 - __main__ - INFO - Train: loss 0.7997 acc1 99.49%
2026-03-26 03:54:44 - __main__ - INFO - Val:   loss 3.6670 acc1 39.21%
2026-03-26 03:54:44 - __main__ - INFO - 
Epoch 80/100 | lr 0.000129
2026-03-26 03:54:57 - __main__ - INFO - Train: loss 0.7966 acc1 99.62%
2026-03-26 03:54:57 - __main__ - INFO - Val:   loss 3.6524 acc1 40.04%
2026-03-26 03:54:57 - __main__ - INFO - saved best: 40.04%
2026-03-26 03:54:57 - __main__ - INFO - 
Epoch 81/100 | lr 0.000118
2026-03-26 03:55:10 - __main__ - INFO - Train: loss 0.7952 acc1 99.60%
2026-03-26 03:55:10 - __main__ - INFO - Val:   loss 3.6688 acc1 39.74%
2026-03-26 03:55:10 - __main__ - INFO - 
Epoch 82/100 | lr 0.000107
2026-03-26 03:55:23 - __main__ - INFO - Train: loss 0.7932 acc1 99.70%
2026-03-26 03:55:23 - __main__ - INFO - Val:   loss 3.6486 acc1 39.85%
2026-03-26 03:55:23 - __main__ - INFO - 
Epoch 83/100 | lr 0.000096
2026-03-26 03:55:36 - __main__ - INFO - Train: loss 0.7942 acc1 99.65%
2026-03-26 03:55:36 - __main__ - INFO - Val:   loss 3.6625 acc1 40.07%
2026-03-26 03:55:36 - __main__ - INFO - saved best: 40.07%
2026-03-26 03:55:36 - __main__ - INFO - 
Epoch 84/100 | lr 0.000086
2026-03-26 03:55:48 - __main__ - INFO - Train: loss 0.7914 acc1 99.74%
2026-03-26 03:55:48 - __main__ - INFO - Val:   loss 3.6660 acc1 40.19%
2026-03-26 03:55:48 - __main__ - INFO - saved best: 40.19%
2026-03-26 03:55:48 - __main__ - INFO - 
Epoch 85/100 | lr 0.000077
2026-03-26 03:56:01 - __main__ - INFO - Train: loss 0.7923 acc1 99.71%
2026-03-26 03:56:01 - __main__ - INFO - Val:   loss 3.6569 acc1 40.18%
2026-03-26 03:56:01 - __main__ - INFO - 
Epoch 86/100 | lr 0.000068
2026-03-26 03:56:14 - __main__ - INFO - Train: loss 0.7895 acc1 99.80%
2026-03-26 03:56:14 - __main__ - INFO - Val:   loss 3.6606 acc1 40.50%
2026-03-26 03:56:14 - __main__ - INFO - saved best: 40.50%
2026-03-26 03:56:14 - __main__ - INFO - 
Epoch 87/100 | lr 0.000059
2026-03-26 03:56:27 - __main__ - INFO - Train: loss 0.7896 acc1 99.79%
2026-03-26 03:56:27 - __main__ - INFO - Val:   loss 3.6634 acc1 40.58%
2026-03-26 03:56:27 - __main__ - INFO - saved best: 40.58%
2026-03-26 03:56:27 - __main__ - INFO - 
Epoch 88/100 | lr 0.000052
2026-03-26 03:56:39 - __main__ - INFO - Train: loss 0.7899 acc1 99.76%
2026-03-26 03:56:39 - __main__ - INFO - Val:   loss 3.6638 acc1 40.32%
2026-03-26 03:56:39 - __main__ - INFO - 
Epoch 89/100 | lr 0.000044
2026-03-26 03:56:52 - __main__ - INFO - Train: loss 0.7884 acc1 99.81%
2026-03-26 03:56:52 - __main__ - INFO - Val:   loss 3.6741 acc1 40.18%
2026-03-26 03:56:52 - __main__ - INFO - 
Epoch 90/100 | lr 0.000037
2026-03-26 03:57:05 - __main__ - INFO - Train: loss 0.7880 acc1 99.83%
2026-03-26 03:57:05 - __main__ - INFO - Val:   loss 3.6795 acc1 40.29%
2026-03-26 03:57:05 - __main__ - INFO - 
Epoch 91/100 | lr 0.000031
2026-03-26 03:57:17 - __main__ - INFO - Train: loss 0.7887 acc1 99.80%
2026-03-26 03:57:17 - __main__ - INFO - Val:   loss 3.6655 acc1 40.51%
2026-03-26 03:57:17 - __main__ - INFO - 
Epoch 92/100 | lr 0.000025
2026-03-26 03:57:30 - __main__ - INFO - Train: loss 0.7872 acc1 99.83%
2026-03-26 03:57:30 - __main__ - INFO - Val:   loss 3.6547 acc1 40.78%
2026-03-26 03:57:30 - __main__ - INFO - saved best: 40.78%
2026-03-26 03:57:30 - __main__ - INFO - 
Epoch 93/100 | lr 0.000020
2026-03-26 03:57:43 - __main__ - INFO - Train: loss 0.7862 acc1 99.86%
2026-03-26 03:57:43 - __main__ - INFO - Val:   loss 3.6544 acc1 40.78%
2026-03-26 03:57:43 - __main__ - INFO - saved best: 40.78%
2026-03-26 03:57:43 - __main__ - INFO - 
Epoch 94/100 | lr 0.000016
2026-03-26 03:57:56 - __main__ - INFO - Train: loss 0.7872 acc1 99.85%
2026-03-26 03:57:56 - __main__ - INFO - Val:   loss 3.6573 acc1 40.81%
2026-03-26 03:57:56 - __main__ - INFO - saved best: 40.81%
2026-03-26 03:57:56 - __main__ - INFO - 
Epoch 95/100 | lr 0.000012
2026-03-26 03:58:08 - __main__ - INFO - Train: loss 0.7861 acc1 99.86%
2026-03-26 03:58:08 - __main__ - INFO - Val:   loss 3.6551 acc1 40.78%
2026-03-26 03:58:08 - __main__ - INFO - 
Epoch 96/100 | lr 0.000009
2026-03-26 03:58:21 - __main__ - INFO - Train: loss 0.7864 acc1 99.87%
2026-03-26 03:58:21 - __main__ - INFO - Val:   loss 3.6554 acc1 40.81%
2026-03-26 03:58:21 - __main__ - INFO - 
Epoch 97/100 | lr 0.000006
2026-03-26 03:58:33 - __main__ - INFO - Train: loss 0.7863 acc1 99.85%
2026-03-26 03:58:33 - __main__ - INFO - Val:   loss 3.6532 acc1 40.98%
2026-03-26 03:58:33 - __main__ - INFO - saved best: 40.98%
2026-03-26 03:58:33 - __main__ - INFO - 
Epoch 98/100 | lr 0.000004
2026-03-26 03:58:46 - __main__ - INFO - Train: loss 0.7864 acc1 99.85%
2026-03-26 03:58:46 - __main__ - INFO - Val:   loss 3.6530 acc1 40.91%
2026-03-26 03:58:46 - __main__ - INFO - 
Epoch 99/100 | lr 0.000002
2026-03-26 03:58:59 - __main__ - INFO - Train: loss 0.7855 acc1 99.88%
2026-03-26 03:58:59 - __main__ - INFO - Val:   loss 3.6518 acc1 40.66%
2026-03-26 03:58:59 - __main__ - INFO - 
Epoch 100/100 | lr 0.000001
2026-03-26 03:59:12 - __main__ - INFO - Train: loss 0.7857 acc1 99.89%
2026-03-26 03:59:12 - __main__ - INFO - Val:   loss 3.6515 acc1 40.68%
2026-03-26 03:59:12 - __main__ - INFO - Loaded best checkpoint weights for final test evaluation.
2026-03-26 03:59:16 - __main__ - INFO - 
Best tracked (val): 40.98%
2026-03-26 03:59:16 - __main__ - INFO - Final test: loss 3.6282 acc1 40.90%
2026-03-26 03:59:20 - __main__ - INFO - Variant [original] done — test acc 40.90%, test loss 3.6282
2026-03-26 03:59:20 - __main__ - INFO - 
============================================================
2026-03-26 03:59:20 - __main__ - INFO - Training output model: convnext_tiny [low_saliency]
2026-03-26 03:59:20 - __main__ - INFO -   Resolved config → opt=adamw, lr=0.001, wd=0.05, bs=128, epochs=100, scheduler=cosine, warmup=10
2026-03-26 03:59:20 - __main__ - INFO - ============================================================
2026-03-26 03:59:20 - __main__ - INFO -   Validation during training uses variant split with val_split=0.1
2026-03-26 03:59:20 - __main__ - INFO -   Final test uses low_saliency variant test split
2026-03-26 03:59:20 - __main__ - INFO - device: cuda | cuda: True | gpu: NVIDIA L4
2026-03-26 03:59:21 - __main__ - INFO - Model: convnext_tiny | Dataset: cifar100 | Classes: 100 | Optimizer: adamw
2026-03-26 03:59:21 - __main__ - INFO - 
Epoch 1/100 | lr 0.000001
2026-03-26 03:59:33 - __main__ - INFO - Train: loss 4.7114 acc1 1.48%
2026-03-26 03:59:33 - __main__ - INFO - Val:   loss 4.6492 acc1 1.95%
2026-03-26 03:59:33 - __main__ - INFO - saved best: 1.95%
2026-03-26 03:59:33 - __main__ - INFO - 
Epoch 2/100 | lr 0.000101
2026-03-26 03:59:46 - __main__ - INFO - Train: loss 4.1770 acc1 9.04%
2026-03-26 03:59:46 - __main__ - INFO - Val:   loss 4.0032 acc1 12.24%
2026-03-26 03:59:46 - __main__ - INFO - saved best: 12.24%
2026-03-26 03:59:46 - __main__ - INFO - 
Epoch 3/100 | lr 0.000201
2026-03-26 03:59:59 - __main__ - INFO - Train: loss 3.9369 acc1 12.96%
2026-03-26 03:59:59 - __main__ - INFO - Val:   loss 3.7632 acc1 17.01%
2026-03-26 03:59:59 - __main__ - INFO - saved best: 17.01%
2026-03-26 03:59:59 - __main__ - INFO - 
Epoch 4/100 | lr 0.000301
2026-03-26 04:00:11 - __main__ - INFO - Train: loss 3.7290 acc1 17.06%
2026-03-26 04:00:11 - __main__ - INFO - Val:   loss 3.5928 acc1 19.51%
2026-03-26 04:00:11 - __main__ - INFO - saved best: 19.51%
2026-03-26 04:00:11 - __main__ - INFO - 
Epoch 5/100 | lr 0.000401
2026-03-26 04:00:24 - __main__ - INFO - Train: loss 3.5595 acc1 20.16%
2026-03-26 04:00:24 - __main__ - INFO - Val:   loss 3.4551 acc1 22.82%
2026-03-26 04:00:24 - __main__ - INFO - saved best: 22.82%
2026-03-26 04:00:24 - __main__ - INFO - 
Epoch 6/100 | lr 0.000501
2026-03-26 04:00:37 - __main__ - INFO - Train: loss 3.4350 acc1 23.39%
2026-03-26 04:00:37 - __main__ - INFO - Val:   loss 3.3888 acc1 24.61%
2026-03-26 04:00:37 - __main__ - INFO - saved best: 24.61%
2026-03-26 04:00:37 - __main__ - INFO - 
Epoch 7/100 | lr 0.000600
2026-03-26 04:00:49 - __main__ - INFO - Train: loss 3.3337 acc1 25.27%
2026-03-26 04:00:49 - __main__ - INFO - Val:   loss 3.2814 acc1 27.06%
2026-03-26 04:00:49 - __main__ - INFO - saved best: 27.06%
2026-03-26 04:00:49 - __main__ - INFO - 
Epoch 8/100 | lr 0.000700
2026-03-26 04:01:02 - __main__ - INFO - Train: loss 3.2408 acc1 27.66%
2026-03-26 04:01:02 - __main__ - INFO - Val:   loss 3.2053 acc1 28.62%
2026-03-26 04:01:02 - __main__ - INFO - saved best: 28.62%
2026-03-26 04:01:02 - __main__ - INFO - 
Epoch 9/100 | lr 0.000800
2026-03-26 04:01:15 - __main__ - INFO - Train: loss 3.1653 acc1 29.46%
2026-03-26 04:01:15 - __main__ - INFO - Val:   loss 3.1999 acc1 28.93%
2026-03-26 04:01:15 - __main__ - INFO - saved best: 28.93%
2026-03-26 04:01:15 - __main__ - INFO - 
Epoch 10/100 | lr 0.000900
2026-03-26 04:01:28 - __main__ - INFO - Train: loss 3.0914 acc1 31.33%
2026-03-26 04:01:28 - __main__ - INFO - Val:   loss 3.1207 acc1 31.08%
2026-03-26 04:01:28 - __main__ - INFO - saved best: 31.08%
2026-03-26 04:01:28 - __main__ - INFO - 
Epoch 11/100 | lr 0.001000
2026-03-26 04:01:41 - __main__ - INFO - Train: loss 3.0306 acc1 32.36%
2026-03-26 04:01:41 - __main__ - INFO - Val:   loss 3.0972 acc1 30.96%
2026-03-26 04:01:41 - __main__ - INFO - 
Epoch 12/100 | lr 0.001000
2026-03-26 04:01:54 - __main__ - INFO - Train: loss 2.9365 acc1 35.01%
2026-03-26 04:01:54 - __main__ - INFO - Val:   loss 3.0102 acc1 33.97%
2026-03-26 04:01:54 - __main__ - INFO - saved best: 33.97%
2026-03-26 04:01:54 - __main__ - INFO - 
Epoch 13/100 | lr 0.000999
2026-03-26 04:02:07 - __main__ - INFO - Train: loss 2.8402 acc1 37.55%
2026-03-26 04:02:07 - __main__ - INFO - Val:   loss 3.0034 acc1 33.38%
2026-03-26 04:02:07 - __main__ - INFO - 
Epoch 14/100 | lr 0.000997
2026-03-26 04:02:19 - __main__ - INFO - Train: loss 2.7595 acc1 39.20%
2026-03-26 04:02:19 - __main__ - INFO - Val:   loss 2.9086 acc1 36.54%
2026-03-26 04:02:19 - __main__ - INFO - saved best: 36.54%
2026-03-26 04:02:19 - __main__ - INFO - 
Epoch 15/100 | lr 0.000995
2026-03-26 04:02:32 - __main__ - INFO - Train: loss 2.6591 acc1 42.23%
2026-03-26 04:02:32 - __main__ - INFO - Val:   loss 2.9034 acc1 37.34%
2026-03-26 04:02:32 - __main__ - INFO - saved best: 37.34%
2026-03-26 04:02:32 - __main__ - INFO - 
Epoch 16/100 | lr 0.000992
2026-03-26 04:02:44 - __main__ - INFO - Train: loss 2.5808 acc1 44.45%
2026-03-26 04:02:44 - __main__ - INFO - Val:   loss 2.8932 acc1 38.01%
2026-03-26 04:02:44 - __main__ - INFO - saved best: 38.01%
2026-03-26 04:02:44 - __main__ - INFO - 
Epoch 17/100 | lr 0.000989
2026-03-26 04:02:57 - __main__ - INFO - Train: loss 2.4733 acc1 47.08%
2026-03-26 04:02:57 - __main__ - INFO - Val:   loss 2.8692 acc1 38.69%
2026-03-26 04:02:57 - __main__ - INFO - saved best: 38.69%
2026-03-26 04:02:57 - __main__ - INFO - 
Epoch 18/100 | lr 0.000985
2026-03-26 04:03:10 - __main__ - INFO - Train: loss 2.3725 acc1 49.87%
2026-03-26 04:03:10 - __main__ - INFO - Val:   loss 2.8677 acc1 39.19%
2026-03-26 04:03:10 - __main__ - INFO - saved best: 39.19%
2026-03-26 04:03:10 - __main__ - INFO - 
Epoch 19/100 | lr 0.000981
2026-03-26 04:03:22 - __main__ - INFO - Train: loss 2.2805 acc1 52.55%
2026-03-26 04:03:22 - __main__ - INFO - Val:   loss 2.8646 acc1 38.71%
2026-03-26 04:03:22 - __main__ - INFO - 
Epoch 20/100 | lr 0.000976
2026-03-26 04:03:35 - __main__ - INFO - Train: loss 2.1730 acc1 55.87%
2026-03-26 04:03:35 - __main__ - INFO - Val:   loss 2.8935 acc1 40.08%
2026-03-26 04:03:35 - __main__ - INFO - saved best: 40.08%
2026-03-26 04:03:35 - __main__ - INFO - 
Epoch 21/100 | lr 0.000970
2026-03-26 04:03:48 - __main__ - INFO - Train: loss 2.0586 acc1 59.19%
2026-03-26 04:03:48 - __main__ - INFO - Val:   loss 2.9362 acc1 38.88%
2026-03-26 04:03:48 - __main__ - INFO - 
Epoch 22/100 | lr 0.000964
2026-03-26 04:04:01 - __main__ - INFO - Train: loss 1.9386 acc1 62.90%
2026-03-26 04:04:01 - __main__ - INFO - Val:   loss 2.9770 acc1 39.23%
2026-03-26 04:04:01 - __main__ - INFO - 
Epoch 23/100 | lr 0.000957
2026-03-26 04:04:14 - __main__ - INFO - Train: loss 1.8154 acc1 66.77%
2026-03-26 04:04:14 - __main__ - INFO - Val:   loss 2.9755 acc1 40.24%
2026-03-26 04:04:14 - __main__ - INFO - saved best: 40.24%
2026-03-26 04:04:14 - __main__ - INFO - 
Epoch 24/100 | lr 0.000949
2026-03-26 04:04:27 - __main__ - INFO - Train: loss 1.6965 acc1 71.07%
2026-03-26 04:04:27 - __main__ - INFO - Val:   loss 3.0355 acc1 39.83%
2026-03-26 04:04:27 - __main__ - INFO - 
Epoch 25/100 | lr 0.000942
2026-03-26 04:04:39 - __main__ - INFO - Train: loss 1.5916 acc1 74.67%
2026-03-26 04:04:39 - __main__ - INFO - Val:   loss 3.0348 acc1 40.85%
2026-03-26 04:04:39 - __main__ - INFO - saved best: 40.85%
2026-03-26 04:04:39 - __main__ - INFO - 
Epoch 26/100 | lr 0.000933
2026-03-26 04:04:52 - __main__ - INFO - Train: loss 1.4947 acc1 78.30%
2026-03-26 04:04:52 - __main__ - INFO - Val:   loss 3.1614 acc1 39.91%
2026-03-26 04:04:52 - __main__ - INFO - 
Epoch 27/100 | lr 0.000924
2026-03-26 04:05:05 - __main__ - INFO - Train: loss 1.4015 acc1 81.61%
2026-03-26 04:05:05 - __main__ - INFO - Val:   loss 3.1089 acc1 40.26%
2026-03-26 04:05:05 - __main__ - INFO - 
Epoch 28/100 | lr 0.000915
2026-03-26 04:05:17 - __main__ - INFO - Train: loss 1.3236 acc1 84.52%
2026-03-26 04:05:17 - __main__ - INFO - Val:   loss 3.1186 acc1 40.88%
2026-03-26 04:05:17 - __main__ - INFO - saved best: 40.88%
2026-03-26 04:05:17 - __main__ - INFO - 
Epoch 29/100 | lr 0.000905
2026-03-26 04:05:30 - __main__ - INFO - Train: loss 1.2642 acc1 87.01%
2026-03-26 04:05:30 - __main__ - INFO - Val:   loss 3.1910 acc1 40.32%
2026-03-26 04:05:30 - __main__ - INFO - 
Epoch 30/100 | lr 0.000894
2026-03-26 04:05:42 - __main__ - INFO - Train: loss 1.2211 acc1 88.55%
2026-03-26 04:05:42 - __main__ - INFO - Val:   loss 3.1273 acc1 41.49%
2026-03-26 04:05:42 - __main__ - INFO - saved best: 41.49%
2026-03-26 04:05:42 - __main__ - INFO - 
Epoch 31/100 | lr 0.000883
2026-03-26 04:05:55 - __main__ - INFO - Train: loss 1.1731 acc1 90.10%
2026-03-26 04:05:55 - __main__ - INFO - Val:   loss 3.1595 acc1 40.41%
2026-03-26 04:05:55 - __main__ - INFO - 
Epoch 32/100 | lr 0.000872
2026-03-26 04:06:08 - __main__ - INFO - Train: loss 1.1422 acc1 91.25%
2026-03-26 04:06:08 - __main__ - INFO - Val:   loss 3.1457 acc1 40.03%
2026-03-26 04:06:08 - __main__ - INFO - 
Epoch 33/100 | lr 0.000860
2026-03-26 04:06:20 - __main__ - INFO - Train: loss 1.1142 acc1 91.99%
2026-03-26 04:06:20 - __main__ - INFO - Val:   loss 3.1784 acc1 40.50%
2026-03-26 04:06:20 - __main__ - INFO - 
Epoch 34/100 | lr 0.000847
2026-03-26 04:06:33 - __main__ - INFO - Train: loss 1.1027 acc1 92.28%
2026-03-26 04:06:33 - __main__ - INFO - Val:   loss 3.1307 acc1 40.75%
2026-03-26 04:06:33 - __main__ - INFO - 
Epoch 35/100 | lr 0.000835
2026-03-26 04:06:46 - __main__ - INFO - Train: loss 1.0883 acc1 92.64%
2026-03-26 04:06:46 - __main__ - INFO - Val:   loss 3.1437 acc1 41.04%
2026-03-26 04:06:46 - __main__ - INFO - 
Epoch 36/100 | lr 0.000822
2026-03-26 04:06:58 - __main__ - INFO - Train: loss 1.0592 acc1 93.47%
2026-03-26 04:06:58 - __main__ - INFO - Val:   loss 3.1721 acc1 41.56%
2026-03-26 04:06:58 - __main__ - INFO - saved best: 41.56%
2026-03-26 04:06:58 - __main__ - INFO - 
Epoch 37/100 | lr 0.000808
2026-03-26 04:07:11 - __main__ - INFO - Train: loss 1.0551 acc1 93.45%
2026-03-26 04:07:11 - __main__ - INFO - Val:   loss 3.1656 acc1 40.62%
2026-03-26 04:07:11 - __main__ - INFO - 
Epoch 38/100 | lr 0.000794
2026-03-26 04:07:24 - __main__ - INFO - Train: loss 1.0333 acc1 93.85%
2026-03-26 04:07:24 - __main__ - INFO - Val:   loss 3.1976 acc1 40.70%
2026-03-26 04:07:24 - __main__ - INFO - 
Epoch 39/100 | lr 0.000780
2026-03-26 04:07:36 - __main__ - INFO - Train: loss 1.0156 acc1 94.24%
2026-03-26 04:07:36 - __main__ - INFO - Val:   loss 3.2347 acc1 40.55%
2026-03-26 04:07:36 - __main__ - INFO - 
Epoch 40/100 | lr 0.000765
2026-03-26 04:07:49 - __main__ - INFO - Train: loss 1.0182 acc1 94.05%
2026-03-26 04:07:49 - __main__ - INFO - Val:   loss 3.2030 acc1 40.98%
2026-03-26 04:07:49 - __main__ - INFO - 
Epoch 41/100 | lr 0.000750
2026-03-26 04:08:03 - __main__ - INFO - Train: loss 1.0036 acc1 94.12%
2026-03-26 04:08:03 - __main__ - INFO - Val:   loss 3.2772 acc1 40.61%
2026-03-26 04:08:03 - __main__ - INFO - 
Epoch 42/100 | lr 0.000735
2026-03-26 04:08:16 - __main__ - INFO - Train: loss 0.9908 acc1 94.38%
2026-03-26 04:08:16 - __main__ - INFO - Val:   loss 3.3025 acc1 40.82%
2026-03-26 04:08:16 - __main__ - INFO - 
Epoch 43/100 | lr 0.000719
2026-03-26 04:08:29 - __main__ - INFO - Train: loss 0.9783 acc1 94.74%
2026-03-26 04:08:29 - __main__ - INFO - Val:   loss 3.3701 acc1 39.41%
2026-03-26 04:08:29 - __main__ - INFO - 
Epoch 44/100 | lr 0.000704
2026-03-26 04:08:42 - __main__ - INFO - Train: loss 0.9742 acc1 94.71%
2026-03-26 04:08:42 - __main__ - INFO - Val:   loss 3.3146 acc1 41.19%
2026-03-26 04:08:42 - __main__ - INFO - 
Epoch 45/100 | lr 0.000688
2026-03-26 04:08:55 - __main__ - INFO - Train: loss 0.9587 acc1 95.08%
2026-03-26 04:08:55 - __main__ - INFO - Val:   loss 3.3062 acc1 40.93%
2026-03-26 04:08:55 - __main__ - INFO - 
Epoch 46/100 | lr 0.000671
2026-03-26 04:09:08 - __main__ - INFO - Train: loss 0.9536 acc1 95.23%
2026-03-26 04:09:08 - __main__ - INFO - Val:   loss 3.3171 acc1 40.29%
2026-03-26 04:09:08 - __main__ - INFO - 
Epoch 47/100 | lr 0.000655
2026-03-26 04:09:20 - __main__ - INFO - Train: loss 0.9331 acc1 95.79%
2026-03-26 04:09:20 - __main__ - INFO - Val:   loss 3.3173 acc1 40.76%
2026-03-26 04:09:20 - __main__ - INFO - 
Epoch 48/100 | lr 0.000638
2026-03-26 04:09:33 - __main__ - INFO - Train: loss 0.9244 acc1 96.10%
2026-03-26 04:09:33 - __main__ - INFO - Val:   loss 3.3473 acc1 41.14%
2026-03-26 04:09:33 - __main__ - INFO - 
Epoch 49/100 | lr 0.000621
2026-03-26 04:09:46 - __main__ - INFO - Train: loss 0.9215 acc1 96.13%
2026-03-26 04:09:46 - __main__ - INFO - Val:   loss 3.3435 acc1 40.85%
2026-03-26 04:09:46 - __main__ - INFO - 
Epoch 50/100 | lr 0.000604
2026-03-26 04:09:59 - __main__ - INFO - Train: loss 0.9164 acc1 96.16%
2026-03-26 04:09:59 - __main__ - INFO - Val:   loss 3.3409 acc1 41.21%
2026-03-26 04:09:59 - __main__ - INFO - 
Epoch 51/100 | lr 0.000587
2026-03-26 04:10:12 - __main__ - INFO - Train: loss 0.9170 acc1 96.15%
2026-03-26 04:10:12 - __main__ - INFO - Val:   loss 3.3661 acc1 41.26%
2026-03-26 04:10:12 - __main__ - INFO - 
Epoch 52/100 | lr 0.000570
2026-03-26 04:10:25 - __main__ - INFO - Train: loss 0.9071 acc1 96.51%
2026-03-26 04:10:25 - __main__ - INFO - Val:   loss 3.3633 acc1 41.36%
2026-03-26 04:10:25 - __main__ - INFO - 
Epoch 53/100 | lr 0.000553
2026-03-26 04:10:38 - __main__ - INFO - Train: loss 0.8943 acc1 96.83%
2026-03-26 04:10:38 - __main__ - INFO - Val:   loss 3.4074 acc1 41.00%
2026-03-26 04:10:38 - __main__ - INFO - 
Epoch 54/100 | lr 0.000535
2026-03-26 04:10:51 - __main__ - INFO - Train: loss 0.8974 acc1 96.69%
2026-03-26 04:10:51 - __main__ - INFO - Val:   loss 3.3947 acc1 40.14%
2026-03-26 04:10:51 - __main__ - INFO - 
Epoch 55/100 | lr 0.000518
2026-03-26 04:11:03 - __main__ - INFO - Train: loss 0.8802 acc1 97.41%
2026-03-26 04:11:03 - __main__ - INFO - Val:   loss 3.3873 acc1 40.76%
2026-03-26 04:11:03 - __main__ - INFO - 
Epoch 56/100 | lr 0.000500
2026-03-26 04:11:16 - __main__ - INFO - Train: loss 0.8783 acc1 97.41%
2026-03-26 04:11:16 - __main__ - INFO - Val:   loss 3.4026 acc1 40.31%
2026-03-26 04:11:16 - __main__ - INFO - 
Epoch 57/100 | lr 0.000483
2026-03-26 04:11:29 - __main__ - INFO - Train: loss 0.8718 acc1 97.55%
2026-03-26 04:11:29 - __main__ - INFO - Val:   loss 3.4259 acc1 40.93%
2026-03-26 04:11:29 - __main__ - INFO - 
Epoch 58/100 | lr 0.000466
2026-03-26 04:11:42 - __main__ - INFO - Train: loss 0.8667 acc1 97.70%
2026-03-26 04:11:42 - __main__ - INFO - Val:   loss 3.4063 acc1 41.15%
2026-03-26 04:11:42 - __main__ - INFO - 
Epoch 59/100 | lr 0.000448
2026-03-26 04:11:55 - __main__ - INFO - Train: loss 0.8657 acc1 97.68%
2026-03-26 04:11:55 - __main__ - INFO - Val:   loss 3.3991 acc1 41.48%
2026-03-26 04:11:55 - __main__ - INFO - 
Epoch 60/100 | lr 0.000431
2026-03-26 04:12:08 - __main__ - INFO - Train: loss 0.8592 acc1 97.95%
2026-03-26 04:12:08 - __main__ - INFO - Val:   loss 3.4360 acc1 40.65%
2026-03-26 04:12:08 - __main__ - INFO - 
Epoch 61/100 | lr 0.000414
2026-03-26 04:12:21 - __main__ - INFO - Train: loss 0.8551 acc1 98.05%
2026-03-26 04:12:21 - __main__ - INFO - Val:   loss 3.4687 acc1 40.48%
2026-03-26 04:12:21 - __main__ - INFO - 
Epoch 62/100 | lr 0.000397
2026-03-26 04:12:34 - __main__ - INFO - Train: loss 0.8448 acc1 98.45%
2026-03-26 04:12:34 - __main__ - INFO - Val:   loss 3.4109 acc1 41.68%
2026-03-26 04:12:34 - __main__ - INFO - saved best: 41.68%
2026-03-26 04:12:34 - __main__ - INFO - 
Epoch 63/100 | lr 0.000380
2026-03-26 04:12:47 - __main__ - INFO - Train: loss 0.8370 acc1 98.69%
2026-03-26 04:12:47 - __main__ - INFO - Val:   loss 3.4556 acc1 40.57%
2026-03-26 04:12:47 - __main__ - INFO - 
Epoch 64/100 | lr 0.000363
2026-03-26 04:13:00 - __main__ - INFO - Train: loss 0.8403 acc1 98.56%
2026-03-26 04:13:00 - __main__ - INFO - Val:   loss 3.4154 acc1 41.47%
2026-03-26 04:13:00 - __main__ - INFO - 
Epoch 65/100 | lr 0.000346
2026-03-26 04:13:13 - __main__ - INFO - Train: loss 0.8374 acc1 98.63%
2026-03-26 04:13:13 - __main__ - INFO - Val:   loss 3.4653 acc1 41.69%
2026-03-26 04:13:13 - __main__ - INFO - saved best: 41.69%
2026-03-26 04:13:13 - __main__ - INFO - 
Epoch 66/100 | lr 0.000330
2026-03-26 04:13:26 - __main__ - INFO - Train: loss 0.8327 acc1 98.75%
2026-03-26 04:13:26 - __main__ - INFO - Val:   loss 3.4991 acc1 40.61%
2026-03-26 04:13:26 - __main__ - INFO - 
Epoch 67/100 | lr 0.000313
2026-03-26 04:13:38 - __main__ - INFO - Train: loss 0.8292 acc1 98.88%
2026-03-26 04:13:38 - __main__ - INFO - Val:   loss 3.4615 acc1 41.04%
2026-03-26 04:13:38 - __main__ - INFO - 
Epoch 68/100 | lr 0.000297
2026-03-26 04:13:51 - __main__ - INFO - Train: loss 0.8281 acc1 98.80%
2026-03-26 04:13:51 - __main__ - INFO - Val:   loss 3.4350 acc1 42.23%
2026-03-26 04:13:51 - __main__ - INFO - saved best: 42.23%
2026-03-26 04:13:51 - __main__ - INFO - 
Epoch 69/100 | lr 0.000282
2026-03-26 04:14:03 - __main__ - INFO - Train: loss 0.8252 acc1 98.96%
2026-03-26 04:14:03 - __main__ - INFO - Val:   loss 3.4394 acc1 41.37%
2026-03-26 04:14:03 - __main__ - INFO - 
Epoch 70/100 | lr 0.000266
2026-03-26 04:14:16 - __main__ - INFO - Train: loss 0.8181 acc1 99.19%
2026-03-26 04:14:16 - __main__ - INFO - Val:   loss 3.4365 acc1 41.99%
2026-03-26 04:14:16 - __main__ - INFO - 
Epoch 71/100 | lr 0.000251
2026-03-26 04:14:29 - __main__ - INFO - Train: loss 0.8153 acc1 99.22%
2026-03-26 04:14:29 - __main__ - INFO - Val:   loss 3.4623 acc1 41.52%
2026-03-26 04:14:29 - __main__ - INFO - 
Epoch 72/100 | lr 0.000236
2026-03-26 04:14:42 - __main__ - INFO - Train: loss 0.8149 acc1 99.25%
2026-03-26 04:14:42 - __main__ - INFO - Val:   loss 3.4332 acc1 42.02%
2026-03-26 04:14:42 - __main__ - INFO - 
Epoch 73/100 | lr 0.000221
2026-03-26 04:14:55 - __main__ - INFO - Train: loss 0.8115 acc1 99.32%
2026-03-26 04:14:55 - __main__ - INFO - Val:   loss 3.4516 acc1 41.67%
2026-03-26 04:14:55 - __main__ - INFO - 
Epoch 74/100 | lr 0.000207
2026-03-26 04:15:08 - __main__ - INFO - Train: loss 0.8102 acc1 99.39%
2026-03-26 04:15:08 - __main__ - INFO - Val:   loss 3.4438 acc1 41.43%
2026-03-26 04:15:08 - __main__ - INFO - 
Epoch 75/100 | lr 0.000193
2026-03-26 04:15:21 - __main__ - INFO - Train: loss 0.8082 acc1 99.42%
2026-03-26 04:15:21 - __main__ - INFO - Val:   loss 3.4263 acc1 42.28%
2026-03-26 04:15:21 - __main__ - INFO - saved best: 42.28%
2026-03-26 04:15:21 - __main__ - INFO - 
Epoch 76/100 | lr 0.000179
2026-03-26 04:15:33 - __main__ - INFO - Train: loss 0.8047 acc1 99.52%
2026-03-26 04:15:33 - __main__ - INFO - Val:   loss 3.4267 acc1 41.76%
2026-03-26 04:15:33 - __main__ - INFO - 
Epoch 77/100 | lr 0.000166
2026-03-26 04:15:46 - __main__ - INFO - Train: loss 0.8060 acc1 99.44%
2026-03-26 04:15:46 - __main__ - INFO - Val:   loss 3.4362 acc1 42.09%
2026-03-26 04:15:46 - __main__ - INFO - 
Epoch 78/100 | lr 0.000154
2026-03-26 04:15:59 - __main__ - INFO - Train: loss 0.8010 acc1 99.60%
2026-03-26 04:15:59 - __main__ - INFO - Val:   loss 3.4412 acc1 42.01%
2026-03-26 04:15:59 - __main__ - INFO - 
Epoch 79/100 | lr 0.000141
2026-03-26 04:16:12 - __main__ - INFO - Train: loss 0.7997 acc1 99.67%
2026-03-26 04:16:12 - __main__ - INFO - Val:   loss 3.4243 acc1 42.56%
2026-03-26 04:16:12 - __main__ - INFO - saved best: 42.56%
2026-03-26 04:16:12 - __main__ - INFO - 
Epoch 80/100 | lr 0.000129
2026-03-26 04:16:25 - __main__ - INFO - Train: loss 0.7987 acc1 99.67%
2026-03-26 04:16:25 - __main__ - INFO - Val:   loss 3.4232 acc1 42.55%
2026-03-26 04:16:25 - __main__ - INFO - 
Epoch 81/100 | lr 0.000118
2026-03-26 04:16:38 - __main__ - INFO - Train: loss 0.7984 acc1 99.68%
2026-03-26 04:16:38 - __main__ - INFO - Val:   loss 3.4174 acc1 42.64%
2026-03-26 04:16:38 - __main__ - INFO - saved best: 42.64%
2026-03-26 04:16:38 - __main__ - INFO - 
Epoch 82/100 | lr 0.000107
2026-03-26 04:16:51 - __main__ - INFO - Train: loss 0.7960 acc1 99.73%
2026-03-26 04:16:51 - __main__ - INFO - Val:   loss 3.4401 acc1 42.19%
2026-03-26 04:16:51 - __main__ - INFO - 
Epoch 83/100 | lr 0.000096
2026-03-26 04:17:03 - __main__ - INFO - Train: loss 0.7953 acc1 99.74%
2026-03-26 04:17:03 - __main__ - INFO - Val:   loss 3.4472 acc1 42.48%
2026-03-26 04:17:03 - __main__ - INFO - 
Epoch 84/100 | lr 0.000086
2026-03-26 04:17:16 - __main__ - INFO - Train: loss 0.7949 acc1 99.77%
2026-03-26 04:17:16 - __main__ - INFO - Val:   loss 3.4391 acc1 42.85%
2026-03-26 04:17:16 - __main__ - INFO - saved best: 42.85%
2026-03-26 04:17:16 - __main__ - INFO - 
Epoch 85/100 | lr 0.000077
2026-03-26 04:17:29 - __main__ - INFO - Train: loss 0.7935 acc1 99.81%
2026-03-26 04:17:29 - __main__ - INFO - Val:   loss 3.4357 acc1 42.91%
2026-03-26 04:17:29 - __main__ - INFO - saved best: 42.91%
2026-03-26 04:17:29 - __main__ - INFO - 
Epoch 86/100 | lr 0.000068
2026-03-26 04:17:42 - __main__ - INFO - Train: loss 0.7928 acc1 99.83%
2026-03-26 04:17:42 - __main__ - INFO - Val:   loss 3.4396 acc1 42.52%
2026-03-26 04:17:42 - __main__ - INFO - 
Epoch 87/100 | lr 0.000059
2026-03-26 04:17:55 - __main__ - INFO - Train: loss 0.7922 acc1 99.85%
2026-03-26 04:17:55 - __main__ - INFO - Val:   loss 3.4426 acc1 42.93%
2026-03-26 04:17:55 - __main__ - INFO - saved best: 42.93%
2026-03-26 04:17:55 - __main__ - INFO - 
Epoch 88/100 | lr 0.000052
2026-03-26 04:18:07 - __main__ - INFO - Train: loss 0.7919 acc1 99.84%
2026-03-26 04:18:07 - __main__ - INFO - Val:   loss 3.4534 acc1 42.80%
2026-03-26 04:18:07 - __main__ - INFO - 
Epoch 89/100 | lr 0.000044
2026-03-26 04:18:21 - __main__ - INFO - Train: loss 0.7910 acc1 99.87%
2026-03-26 04:18:21 - __main__ - INFO - Val:   loss 3.4541 acc1 42.71%
2026-03-26 04:18:21 - __main__ - INFO - 
Epoch 90/100 | lr 0.000037
2026-03-26 04:18:33 - __main__ - INFO - Train: loss 0.7903 acc1 99.86%
2026-03-26 04:18:33 - __main__ - INFO - Val:   loss 3.4421 acc1 42.70%
2026-03-26 04:18:33 - __main__ - INFO - 
Epoch 91/100 | lr 0.000031
2026-03-26 04:18:46 - __main__ - INFO - Train: loss 0.7907 acc1 99.86%
2026-03-26 04:18:46 - __main__ - INFO - Val:   loss 3.4386 acc1 43.04%
2026-03-26 04:18:46 - __main__ - INFO - saved best: 43.04%
2026-03-26 04:18:46 - __main__ - INFO - 
Epoch 92/100 | lr 0.000025
2026-03-26 04:18:59 - __main__ - INFO - Train: loss 0.7899 acc1 99.87%
2026-03-26 04:18:59 - __main__ - INFO - Val:   loss 3.4375 acc1 43.11%
2026-03-26 04:18:59 - __main__ - INFO - saved best: 43.11%
2026-03-26 04:18:59 - __main__ - INFO - 
Epoch 93/100 | lr 0.000020
2026-03-26 04:19:12 - __main__ - INFO - Train: loss 0.7882 acc1 99.92%
2026-03-26 04:19:12 - __main__ - INFO - Val:   loss 3.4358 acc1 43.04%
2026-03-26 04:19:12 - __main__ - INFO - 
Epoch 94/100 | lr 0.000016
2026-03-26 04:19:25 - __main__ - INFO - Train: loss 0.7887 acc1 99.92%
2026-03-26 04:19:25 - __main__ - INFO - Val:   loss 3.4366 acc1 42.87%
2026-03-26 04:19:25 - __main__ - INFO - 
Epoch 95/100 | lr 0.000012
2026-03-26 04:19:38 - __main__ - INFO - Train: loss 0.7890 acc1 99.88%
2026-03-26 04:19:38 - __main__ - INFO - Val:   loss 3.4401 acc1 43.02%
2026-03-26 04:19:38 - __main__ - INFO - 
Epoch 96/100 | lr 0.000009
2026-03-26 04:19:50 - __main__ - INFO - Train: loss 0.7891 acc1 99.89%
2026-03-26 04:19:50 - __main__ - INFO - Val:   loss 3.4335 acc1 43.10%
2026-03-26 04:19:50 - __main__ - INFO - 
Epoch 97/100 | lr 0.000006
2026-03-26 04:20:04 - __main__ - INFO - Train: loss 0.7889 acc1 99.89%
2026-03-26 04:20:04 - __main__ - INFO - Val:   loss 3.4315 acc1 42.97%
2026-03-26 04:20:04 - __main__ - INFO - 
Epoch 98/100 | lr 0.000004
2026-03-26 04:20:16 - __main__ - INFO - Train: loss 0.7883 acc1 99.91%
2026-03-26 04:20:16 - __main__ - INFO - Val:   loss 3.4323 acc1 42.99%
2026-03-26 04:20:16 - __main__ - INFO - 
Epoch 99/100 | lr 0.000002
2026-03-26 04:20:29 - __main__ - INFO - Train: loss 0.7880 acc1 99.93%
2026-03-26 04:20:29 - __main__ - INFO - Val:   loss 3.4306 acc1 43.06%
2026-03-26 04:20:29 - __main__ - INFO - 
Epoch 100/100 | lr 0.000001
2026-03-26 04:20:42 - __main__ - INFO - Train: loss 0.7885 acc1 99.91%
2026-03-26 04:20:42 - __main__ - INFO - Val:   loss 3.4325 acc1 43.10%
2026-03-26 04:20:42 - __main__ - INFO - Loaded best checkpoint weights for final test evaluation.
2026-03-26 04:20:43 - __main__ - INFO - 
Best tracked (val): 43.11%
2026-03-26 04:20:43 - __main__ - INFO - Final test: loss 3.4303 acc1 43.61%
2026-03-26 04:20:47 - __main__ - INFO - Variant [low_saliency] done — test acc 43.61%, test loss 3.4303
2026-03-26 04:20:47 - __main__ - INFO - 
============================================================
2026-03-26 04:20:47 - __main__ - INFO - Training output model: convnext_tiny [random_sparsity]
2026-03-26 04:20:47 - __main__ - INFO -   Resolved config → opt=adamw, lr=0.001, wd=0.05, bs=128, epochs=100, scheduler=cosine, warmup=10
2026-03-26 04:20:47 - __main__ - INFO - ============================================================
2026-03-26 04:20:47 - __main__ - INFO -   Validation during training uses variant split with val_split=0.1
2026-03-26 04:20:47 - __main__ - INFO -   Final test uses random_sparsity variant test split
2026-03-26 04:20:47 - __main__ - INFO - device: cuda | cuda: True | gpu: NVIDIA L4
2026-03-26 04:20:48 - __main__ - INFO - Model: convnext_tiny | Dataset: cifar100 | Classes: 100 | Optimizer: adamw
2026-03-26 04:20:48 - __main__ - INFO - 
Epoch 1/100 | lr 0.000001
2026-03-26 04:21:01 - __main__ - INFO - Train: loss 4.7199 acc1 1.38%
2026-03-26 04:21:01 - __main__ - INFO - Val:   loss 4.6697 acc1 1.56%
2026-03-26 04:21:01 - __main__ - INFO - saved best: 1.56%
2026-03-26 04:21:01 - __main__ - INFO - 
Epoch 2/100 | lr 0.000101
2026-03-26 04:21:14 - __main__ - INFO - Train: loss 4.1832 acc1 8.46%
2026-03-26 04:21:14 - __main__ - INFO - Val:   loss 4.0262 acc1 12.12%
2026-03-26 04:21:14 - __main__ - INFO - saved best: 12.12%
2026-03-26 04:21:14 - __main__ - INFO - 
Epoch 3/100 | lr 0.000201
2026-03-26 04:21:27 - __main__ - INFO - Train: loss 3.9754 acc1 12.12%
2026-03-26 04:21:27 - __main__ - INFO - Val:   loss 3.8449 acc1 14.63%
2026-03-26 04:21:27 - __main__ - INFO - saved best: 14.63%
2026-03-26 04:21:27 - __main__ - INFO - 
Epoch 4/100 | lr 0.000301
2026-03-26 04:21:39 - __main__ - INFO - Train: loss 3.8136 acc1 14.83%
2026-03-26 04:21:39 - __main__ - INFO - Val:   loss 3.7069 acc1 17.47%
2026-03-26 04:21:39 - __main__ - INFO - saved best: 17.47%
2026-03-26 04:21:39 - __main__ - INFO - 
Epoch 5/100 | lr 0.000401
2026-03-26 04:21:52 - __main__ - INFO - Train: loss 3.6700 acc1 17.53%
2026-03-26 04:21:52 - __main__ - INFO - Val:   loss 3.5796 acc1 20.61%
2026-03-26 04:21:52 - __main__ - INFO - saved best: 20.61%
2026-03-26 04:21:52 - __main__ - INFO - 
Epoch 6/100 | lr 0.000501
2026-03-26 04:22:04 - __main__ - INFO - Train: loss 3.5548 acc1 20.09%
2026-03-26 04:22:04 - __main__ - INFO - Val:   loss 3.4972 acc1 21.99%
2026-03-26 04:22:04 - __main__ - INFO - saved best: 21.99%
2026-03-26 04:22:04 - __main__ - INFO - 
Epoch 7/100 | lr 0.000600
2026-03-26 04:22:18 - __main__ - INFO - Train: loss 3.4654 acc1 22.28%
2026-03-26 04:22:18 - __main__ - INFO - Val:   loss 3.4347 acc1 22.71%
2026-03-26 04:22:18 - __main__ - INFO - saved best: 22.71%
2026-03-26 04:22:18 - __main__ - INFO - 
Epoch 8/100 | lr 0.000700
2026-03-26 04:22:30 - __main__ - INFO - Train: loss 3.3801 acc1 24.21%
2026-03-26 04:22:30 - __main__ - INFO - Val:   loss 3.3469 acc1 25.81%
2026-03-26 04:22:30 - __main__ - INFO - saved best: 25.81%
2026-03-26 04:22:30 - __main__ - INFO - 
Epoch 9/100 | lr 0.000800
2026-03-26 04:22:43 - __main__ - INFO - Train: loss 3.3104 acc1 25.62%
2026-03-26 04:22:43 - __main__ - INFO - Val:   loss 3.3018 acc1 26.41%
2026-03-26 04:22:43 - __main__ - INFO - saved best: 26.41%
2026-03-26 04:22:43 - __main__ - INFO - 
Epoch 10/100 | lr 0.000900
2026-03-26 04:22:56 - __main__ - INFO - Train: loss 3.2436 acc1 27.12%
2026-03-26 04:22:56 - __main__ - INFO - Val:   loss 3.2608 acc1 27.88%
2026-03-26 04:22:56 - __main__ - INFO - saved best: 27.88%
2026-03-26 04:22:56 - __main__ - INFO - 
Epoch 11/100 | lr 0.001000
2026-03-26 04:23:08 - __main__ - INFO - Train: loss 3.1819 acc1 28.35%
2026-03-26 04:23:08 - __main__ - INFO - Val:   loss 3.2407 acc1 27.83%
2026-03-26 04:23:08 - __main__ - INFO - 
Epoch 12/100 | lr 0.001000
2026-03-26 04:23:21 - __main__ - INFO - Train: loss 3.0970 acc1 30.92%
2026-03-26 04:23:21 - __main__ - INFO - Val:   loss 3.1434 acc1 30.85%
2026-03-26 04:23:21 - __main__ - INFO - saved best: 30.85%
2026-03-26 04:23:21 - __main__ - INFO - 
Epoch 13/100 | lr 0.000999
2026-03-26 04:23:34 - __main__ - INFO - Train: loss 3.0171 acc1 32.63%
2026-03-26 04:23:34 - __main__ - INFO - Val:   loss 3.1516 acc1 29.78%
2026-03-26 04:23:34 - __main__ - INFO - 
Epoch 14/100 | lr 0.000997
2026-03-26 04:23:47 - __main__ - INFO - Train: loss 2.9402 acc1 34.78%
2026-03-26 04:23:47 - __main__ - INFO - Val:   loss 3.0908 acc1 32.35%
2026-03-26 04:23:47 - __main__ - INFO - saved best: 32.35%
2026-03-26 04:23:47 - __main__ - INFO - 
Epoch 15/100 | lr 0.000995
2026-03-26 04:23:59 - __main__ - INFO - Train: loss 2.8540 acc1 36.90%
2026-03-26 04:23:59 - __main__ - INFO - Val:   loss 3.0900 acc1 32.63%
2026-03-26 04:23:59 - __main__ - INFO - saved best: 32.63%
2026-03-26 04:23:59 - __main__ - INFO - 
Epoch 16/100 | lr 0.000992
2026-03-26 04:24:12 - __main__ - INFO - Train: loss 2.7704 acc1 39.00%
2026-03-26 04:24:12 - __main__ - INFO - Val:   loss 3.0929 acc1 32.51%
2026-03-26 04:24:12 - __main__ - INFO - 
Epoch 17/100 | lr 0.000989
2026-03-26 04:24:25 - __main__ - INFO - Train: loss 2.6724 acc1 41.40%
2026-03-26 04:24:25 - __main__ - INFO - Val:   loss 3.0649 acc1 34.15%
2026-03-26 04:24:25 - __main__ - INFO - saved best: 34.15%
2026-03-26 04:24:25 - __main__ - INFO - 
Epoch 18/100 | lr 0.000985
2026-03-26 04:24:38 - __main__ - INFO - Train: loss 2.5637 acc1 44.68%
2026-03-26 04:24:38 - __main__ - INFO - Val:   loss 3.1277 acc1 32.70%
2026-03-26 04:24:38 - __main__ - INFO - 
Epoch 19/100 | lr 0.000981
2026-03-26 04:24:51 - __main__ - INFO - Train: loss 2.4606 acc1 47.16%
2026-03-26 04:24:51 - __main__ - INFO - Val:   loss 3.1432 acc1 33.01%
2026-03-26 04:24:51 - __main__ - INFO - 
Epoch 20/100 | lr 0.000976
2026-03-26 04:25:03 - __main__ - INFO - Train: loss 2.3314 acc1 51.07%
2026-03-26 04:25:03 - __main__ - INFO - Val:   loss 3.1187 acc1 34.03%
2026-03-26 04:25:04 - __main__ - INFO - 
Epoch 21/100 | lr 0.000970
2026-03-26 04:25:16 - __main__ - INFO - Train: loss 2.1992 acc1 55.12%
2026-03-26 04:25:16 - __main__ - INFO - Val:   loss 3.1768 acc1 34.33%
2026-03-26 04:25:16 - __main__ - INFO - saved best: 34.33%
2026-03-26 04:25:16 - __main__ - INFO - 
Epoch 22/100 | lr 0.000964
2026-03-26 04:25:29 - __main__ - INFO - Train: loss 2.0574 acc1 59.09%
2026-03-26 04:25:29 - __main__ - INFO - Val:   loss 3.2777 acc1 33.06%
2026-03-26 04:25:29 - __main__ - INFO - 
Epoch 23/100 | lr 0.000957
2026-03-26 04:25:42 - __main__ - INFO - Train: loss 1.9115 acc1 64.07%
2026-03-26 04:25:42 - __main__ - INFO - Val:   loss 3.2909 acc1 33.70%
2026-03-26 04:25:42 - __main__ - INFO - 
Epoch 24/100 | lr 0.000949
2026-03-26 04:25:54 - __main__ - INFO - Train: loss 1.7585 acc1 69.16%
2026-03-26 04:25:54 - __main__ - INFO - Val:   loss 3.3756 acc1 33.88%
2026-03-26 04:25:54 - __main__ - INFO - 
Epoch 25/100 | lr 0.000942
2026-03-26 04:26:07 - __main__ - INFO - Train: loss 1.6279 acc1 73.66%
2026-03-26 04:26:07 - __main__ - INFO - Val:   loss 3.4252 acc1 33.86%
2026-03-26 04:26:07 - __main__ - INFO - 
Epoch 26/100 | lr 0.000933
2026-03-26 04:26:20 - __main__ - INFO - Train: loss 1.5146 acc1 77.84%
2026-03-26 04:26:20 - __main__ - INFO - Val:   loss 3.4526 acc1 34.23%
2026-03-26 04:26:20 - __main__ - INFO - 
Epoch 27/100 | lr 0.000924
2026-03-26 04:26:32 - __main__ - INFO - Train: loss 1.4088 acc1 81.46%
2026-03-26 04:26:32 - __main__ - INFO - Val:   loss 3.4836 acc1 33.90%
2026-03-26 04:26:32 - __main__ - INFO - 
Epoch 28/100 | lr 0.000915
2026-03-26 04:26:45 - __main__ - INFO - Train: loss 1.3277 acc1 84.77%
2026-03-26 04:26:45 - __main__ - INFO - Val:   loss 3.5179 acc1 34.37%
2026-03-26 04:26:45 - __main__ - INFO - saved best: 34.37%
2026-03-26 04:26:45 - __main__ - INFO - 
Epoch 29/100 | lr 0.000905
2026-03-26 04:26:57 - __main__ - INFO - Train: loss 1.2667 acc1 86.71%
2026-03-26 04:26:57 - __main__ - INFO - Val:   loss 3.5389 acc1 33.85%
2026-03-26 04:26:57 - __main__ - INFO - 
Epoch 30/100 | lr 0.000894
2026-03-26 04:27:10 - __main__ - INFO - Train: loss 1.2259 acc1 88.34%
2026-03-26 04:27:10 - __main__ - INFO - Val:   loss 3.5244 acc1 34.45%
2026-03-26 04:27:10 - __main__ - INFO - saved best: 34.45%
2026-03-26 04:27:10 - __main__ - INFO - 
Epoch 31/100 | lr 0.000883
2026-03-26 04:27:23 - __main__ - INFO - Train: loss 1.1849 acc1 89.62%
2026-03-26 04:27:23 - __main__ - INFO - Val:   loss 3.5026 acc1 35.16%
2026-03-26 04:27:23 - __main__ - INFO - saved best: 35.16%
2026-03-26 04:27:23 - __main__ - INFO - 
Epoch 32/100 | lr 0.000872
2026-03-26 04:27:36 - __main__ - INFO - Train: loss 1.1511 acc1 90.66%
2026-03-26 04:27:36 - __main__ - INFO - Val:   loss 3.5406 acc1 34.29%
2026-03-26 04:27:36 - __main__ - INFO - 
Epoch 33/100 | lr 0.000860
2026-03-26 04:27:48 - __main__ - INFO - Train: loss 1.1220 acc1 91.43%
2026-03-26 04:27:48 - __main__ - INFO - Val:   loss 3.5343 acc1 34.21%
2026-03-26 04:27:48 - __main__ - INFO - 
Epoch 34/100 | lr 0.000847
2026-03-26 04:28:01 - __main__ - INFO - Train: loss 1.1040 acc1 91.87%
2026-03-26 04:28:01 - __main__ - INFO - Val:   loss 3.5266 acc1 34.03%
2026-03-26 04:28:01 - __main__ - INFO - 
Epoch 35/100 | lr 0.000835
2026-03-26 04:28:14 - __main__ - INFO - Train: loss 1.0929 acc1 91.91%
2026-03-26 04:28:14 - __main__ - INFO - Val:   loss 3.5464 acc1 33.58%
2026-03-26 04:28:14 - __main__ - INFO - 
Epoch 36/100 | lr 0.000822
2026-03-26 04:28:27 - __main__ - INFO - Train: loss 1.0798 acc1 92.33%
2026-03-26 04:28:27 - __main__ - INFO - Val:   loss 3.5958 acc1 34.47%
2026-03-26 04:28:27 - __main__ - INFO - 
Epoch 37/100 | lr 0.000808
2026-03-26 04:28:39 - __main__ - INFO - Train: loss 1.0625 acc1 92.47%
2026-03-26 04:28:39 - __main__ - INFO - Val:   loss 3.5618 acc1 34.01%
2026-03-26 04:28:39 - __main__ - INFO - 
Epoch 38/100 | lr 0.000794
2026-03-26 04:28:52 - __main__ - INFO - Train: loss 1.0602 acc1 92.34%
2026-03-26 04:28:52 - __main__ - INFO - Val:   loss 3.5923 acc1 33.82%
2026-03-26 04:28:52 - __main__ - INFO - 
Epoch 39/100 | lr 0.000780
2026-03-26 04:29:04 - __main__ - INFO - Train: loss 1.0416 acc1 92.79%
2026-03-26 04:29:04 - __main__ - INFO - Val:   loss 3.6126 acc1 34.02%
2026-03-26 04:29:04 - __main__ - INFO - 
Epoch 40/100 | lr 0.000765
2026-03-26 04:29:17 - __main__ - INFO - Train: loss 1.0209 acc1 93.28%
2026-03-26 04:29:17 - __main__ - INFO - Val:   loss 3.6705 acc1 33.87%
2026-03-26 04:29:17 - __main__ - INFO - 
Epoch 41/100 | lr 0.000750
2026-03-26 04:29:30 - __main__ - INFO - Train: loss 1.0249 acc1 92.91%
2026-03-26 04:29:30 - __main__ - INFO - Val:   loss 3.6618 acc1 33.61%
2026-03-26 04:29:30 - __main__ - INFO - 
Epoch 42/100 | lr 0.000735
2026-03-26 04:29:42 - __main__ - INFO - Train: loss 1.0087 acc1 93.28%
2026-03-26 04:29:42 - __main__ - INFO - Val:   loss 3.7186 acc1 33.16%
2026-03-26 04:29:42 - __main__ - INFO - 
Epoch 43/100 | lr 0.000719
2026-03-26 04:29:55 - __main__ - INFO - Train: loss 0.9878 acc1 93.89%
2026-03-26 04:29:55 - __main__ - INFO - Val:   loss 3.7081 acc1 33.91%
2026-03-26 04:29:55 - __main__ - INFO - 
Epoch 44/100 | lr 0.000704
2026-03-26 04:30:08 - __main__ - INFO - Train: loss 0.9746 acc1 94.38%
2026-03-26 04:30:08 - __main__ - INFO - Val:   loss 3.7140 acc1 34.21%
2026-03-26 04:30:08 - __main__ - INFO - 
Epoch 45/100 | lr 0.000688
2026-03-26 04:30:21 - __main__ - INFO - Train: loss 0.9724 acc1 94.38%
2026-03-26 04:30:21 - __main__ - INFO - Val:   loss 3.7422 acc1 32.99%
2026-03-26 04:30:21 - __main__ - INFO - 
Epoch 46/100 | lr 0.000671
2026-03-26 04:30:33 - __main__ - INFO - Train: loss 0.9619 acc1 94.66%
2026-03-26 04:30:33 - __main__ - INFO - Val:   loss 3.7324 acc1 33.88%
2026-03-26 04:30:33 - __main__ - INFO - 
Epoch 47/100 | lr 0.000655
2026-03-26 04:30:46 - __main__ - INFO - Train: loss 0.9471 acc1 95.05%
2026-03-26 04:30:46 - __main__ - INFO - Val:   loss 3.7035 acc1 34.78%
2026-03-26 04:30:46 - __main__ - INFO - 
Epoch 48/100 | lr 0.000638
2026-03-26 04:30:59 - __main__ - INFO - Train: loss 0.9368 acc1 95.44%
2026-03-26 04:30:59 - __main__ - INFO - Val:   loss 3.7881 acc1 33.97%
2026-03-26 04:30:59 - __main__ - INFO - 
Epoch 49/100 | lr 0.000621
2026-03-26 04:31:11 - __main__ - INFO - Train: loss 0.9351 acc1 95.42%
2026-03-26 04:31:11 - __main__ - INFO - Val:   loss 3.7643 acc1 34.09%
2026-03-26 04:31:11 - __main__ - INFO - 
Epoch 50/100 | lr 0.000604
2026-03-26 04:31:24 - __main__ - INFO - Train: loss 0.9324 acc1 95.38%
2026-03-26 04:31:24 - __main__ - INFO - Val:   loss 3.7783 acc1 34.28%
2026-03-26 04:31:24 - __main__ - INFO - 
Epoch 51/100 | lr 0.000587
2026-03-26 04:31:37 - __main__ - INFO - Train: loss 0.9131 acc1 96.06%
2026-03-26 04:31:37 - __main__ - INFO - Val:   loss 3.8060 acc1 34.21%
2026-03-26 04:31:37 - __main__ - INFO - 
Epoch 52/100 | lr 0.000570
2026-03-26 04:31:49 - __main__ - INFO - Train: loss 0.9197 acc1 95.77%
2026-03-26 04:31:49 - __main__ - INFO - Val:   loss 3.7578 acc1 34.87%
2026-03-26 04:31:49 - __main__ - INFO - 
Epoch 53/100 | lr 0.000553
2026-03-26 04:32:02 - __main__ - INFO - Train: loss 0.9019 acc1 96.43%
2026-03-26 04:32:02 - __main__ - INFO - Val:   loss 3.8449 acc1 33.57%
2026-03-26 04:32:02 - __main__ - INFO - 
Epoch 54/100 | lr 0.000535
2026-03-26 04:32:15 - __main__ - INFO - Train: loss 0.9062 acc1 96.17%
2026-03-26 04:32:15 - __main__ - INFO - Val:   loss 3.7844 acc1 33.62%
2026-03-26 04:32:15 - __main__ - INFO - 
Epoch 55/100 | lr 0.000518
2026-03-26 04:32:28 - __main__ - INFO - Train: loss 0.8883 acc1 96.84%
2026-03-26 04:32:28 - __main__ - INFO - Val:   loss 3.8281 acc1 33.50%
2026-03-26 04:32:28 - __main__ - INFO - 
Epoch 56/100 | lr 0.000500
2026-03-26 04:32:40 - __main__ - INFO - Train: loss 0.8882 acc1 96.82%
2026-03-26 04:32:40 - __main__ - INFO - Val:   loss 3.8006 acc1 34.64%
2026-03-26 04:32:40 - __main__ - INFO - 
Epoch 57/100 | lr 0.000483
2026-03-26 04:32:53 - __main__ - INFO - Train: loss 0.8850 acc1 96.88%
2026-03-26 04:32:53 - __main__ - INFO - Val:   loss 3.8490 acc1 33.66%
2026-03-26 04:32:53 - __main__ - INFO - 
Epoch 58/100 | lr 0.000466
2026-03-26 04:33:06 - __main__ - INFO - Train: loss 0.8706 acc1 97.42%
2026-03-26 04:33:06 - __main__ - INFO - Val:   loss 3.8159 acc1 34.90%
2026-03-26 04:33:06 - __main__ - INFO - 
Epoch 59/100 | lr 0.000448
2026-03-26 04:33:19 - __main__ - INFO - Train: loss 0.8670 acc1 97.48%
2026-03-26 04:33:19 - __main__ - INFO - Val:   loss 3.8516 acc1 34.13%
2026-03-26 04:33:19 - __main__ - INFO - 
Epoch 60/100 | lr 0.000431
2026-03-26 04:33:32 - __main__ - INFO - Train: loss 0.8633 acc1 97.61%
2026-03-26 04:33:32 - __main__ - INFO - Val:   loss 3.8388 acc1 34.58%
2026-03-26 04:33:32 - __main__ - INFO - 
Epoch 61/100 | lr 0.000414
2026-03-26 04:33:45 - __main__ - INFO - Train: loss 0.8558 acc1 97.80%
2026-03-26 04:33:45 - __main__ - INFO - Val:   loss 3.8642 acc1 34.81%
2026-03-26 04:33:45 - __main__ - INFO - 
Epoch 62/100 | lr 0.000397
2026-03-26 04:33:58 - __main__ - INFO - Train: loss 0.8568 acc1 97.77%
2026-03-26 04:33:58 - __main__ - INFO - Val:   loss 3.8925 acc1 33.53%
2026-03-26 04:33:58 - __main__ - INFO - 
Epoch 63/100 | lr 0.000380
2026-03-26 04:34:11 - __main__ - INFO - Train: loss 0.8520 acc1 97.85%
2026-03-26 04:34:11 - __main__ - INFO - Val:   loss 3.8757 acc1 34.32%
2026-03-26 04:34:11 - __main__ - INFO - 
Epoch 64/100 | lr 0.000363
2026-03-26 04:34:24 - __main__ - INFO - Train: loss 0.8461 acc1 98.09%
2026-03-26 04:34:24 - __main__ - INFO - Val:   loss 3.8919 acc1 34.23%
2026-03-26 04:34:24 - __main__ - INFO - 
Epoch 65/100 | lr 0.000346
2026-03-26 04:34:36 - __main__ - INFO - Train: loss 0.8416 acc1 98.29%
2026-03-26 04:34:36 - __main__ - INFO - Val:   loss 3.8670 acc1 34.34%
2026-03-26 04:34:36 - __main__ - INFO - 
Epoch 66/100 | lr 0.000330
2026-03-26 04:34:49 - __main__ - INFO - Train: loss 0.8362 acc1 98.44%
2026-03-26 04:34:49 - __main__ - INFO - Val:   loss 3.8856 acc1 33.86%
2026-03-26 04:34:49 - __main__ - INFO - 
Epoch 67/100 | lr 0.000313
2026-03-26 04:35:02 - __main__ - INFO - Train: loss 0.8349 acc1 98.44%
2026-03-26 04:35:02 - __main__ - INFO - Val:   loss 3.9081 acc1 33.89%
2026-03-26 04:35:02 - __main__ - INFO - 
Epoch 68/100 | lr 0.000297
2026-03-26 04:35:14 - __main__ - INFO - Train: loss 0.8322 acc1 98.59%
2026-03-26 04:35:14 - __main__ - INFO - Val:   loss 3.8635 acc1 34.39%
2026-03-26 04:35:14 - __main__ - INFO - 
Epoch 69/100 | lr 0.000282
2026-03-26 04:35:27 - __main__ - INFO - Train: loss 0.8260 acc1 98.68%
2026-03-26 04:35:27 - __main__ - INFO - Val:   loss 3.8828 acc1 35.00%
2026-03-26 04:35:27 - __main__ - INFO - 
Epoch 70/100 | lr 0.000266
2026-03-26 04:35:39 - __main__ - INFO - Train: loss 0.8269 acc1 98.68%
2026-03-26 04:35:39 - __main__ - INFO - Val:   loss 3.8779 acc1 34.97%
2026-03-26 04:35:39 - __main__ - INFO - 
Epoch 71/100 | lr 0.000251
2026-03-26 04:35:52 - __main__ - INFO - Train: loss 0.8205 acc1 98.80%
2026-03-26 04:35:52 - __main__ - INFO - Val:   loss 3.9050 acc1 34.65%
2026-03-26 04:35:52 - __main__ - INFO - 
Epoch 72/100 | lr 0.000236
2026-03-26 04:36:05 - __main__ - INFO - Train: loss 0.8163 acc1 99.03%
2026-03-26 04:36:05 - __main__ - INFO - Val:   loss 3.8515 acc1 35.35%
2026-03-26 04:36:05 - __main__ - INFO - saved best: 35.35%
2026-03-26 04:36:05 - __main__ - INFO - 
Epoch 73/100 | lr 0.000221
2026-03-26 04:36:17 - __main__ - INFO - Train: loss 0.8175 acc1 98.95%
2026-03-26 04:36:17 - __main__ - INFO - Val:   loss 3.8566 acc1 35.12%
2026-03-26 04:36:17 - __main__ - INFO - 
Epoch 74/100 | lr 0.000207
2026-03-26 04:36:30 - __main__ - INFO - Train: loss 0.8123 acc1 99.15%
2026-03-26 04:36:30 - __main__ - INFO - Val:   loss 3.8635 acc1 35.19%
2026-03-26 04:36:30 - __main__ - INFO - 
Epoch 75/100 | lr 0.000193
2026-03-26 04:36:42 - __main__ - INFO - Train: loss 0.8071 acc1 99.32%
2026-03-26 04:36:42 - __main__ - INFO - Val:   loss 3.8916 acc1 35.09%
2026-03-26 04:36:42 - __main__ - INFO - 
Epoch 76/100 | lr 0.000179
2026-03-26 04:36:55 - __main__ - INFO - Train: loss 0.8070 acc1 99.28%
2026-03-26 04:36:55 - __main__ - INFO - Val:   loss 3.9280 acc1 34.60%
2026-03-26 04:36:55 - __main__ - INFO - 
Epoch 77/100 | lr 0.000166
2026-03-26 04:37:08 - __main__ - INFO - Train: loss 0.8043 acc1 99.41%
2026-03-26 04:37:08 - __main__ - INFO - Val:   loss 3.9060 acc1 35.19%
2026-03-26 04:37:08 - __main__ - INFO - 
Epoch 78/100 | lr 0.000154
2026-03-26 04:37:20 - __main__ - INFO - Train: loss 0.8028 acc1 99.41%
2026-03-26 04:37:20 - __main__ - INFO - Val:   loss 3.9142 acc1 34.96%
2026-03-26 04:37:20 - __main__ - INFO - 
Epoch 79/100 | lr 0.000141
2026-03-26 04:37:33 - __main__ - INFO - Train: loss 0.8007 acc1 99.48%
2026-03-26 04:37:33 - __main__ - INFO - Val:   loss 3.8977 acc1 35.74%
2026-03-26 04:37:33 - __main__ - INFO - saved best: 35.74%
2026-03-26 04:37:33 - __main__ - INFO - 
Epoch 80/100 | lr 0.000129
2026-03-26 04:37:46 - __main__ - INFO - Train: loss 0.7990 acc1 99.54%
2026-03-26 04:37:46 - __main__ - INFO - Val:   loss 3.9179 acc1 35.42%
2026-03-26 04:37:46 - __main__ - INFO - 
Epoch 81/100 | lr 0.000118
2026-03-26 04:37:59 - __main__ - INFO - Train: loss 0.7968 acc1 99.59%
2026-03-26 04:37:59 - __main__ - INFO - Val:   loss 3.9038 acc1 35.59%
2026-03-26 04:37:59 - __main__ - INFO - 
Epoch 82/100 | lr 0.000107
2026-03-26 04:38:12 - __main__ - INFO - Train: loss 0.7987 acc1 99.53%
2026-03-26 04:38:12 - __main__ - INFO - Val:   loss 3.9031 acc1 35.65%
2026-03-26 04:38:12 - __main__ - INFO - 
Epoch 83/100 | lr 0.000096
2026-03-26 04:38:25 - __main__ - INFO - Train: loss 0.7954 acc1 99.64%
2026-03-26 04:38:25 - __main__ - INFO - Val:   loss 3.8998 acc1 35.50%
2026-03-26 04:38:25 - __main__ - INFO - 
Epoch 84/100 | lr 0.000086
2026-03-26 04:38:38 - __main__ - INFO - Train: loss 0.7950 acc1 99.64%
2026-03-26 04:38:38 - __main__ - INFO - Val:   loss 3.9028 acc1 35.86%
2026-03-26 04:38:38 - __main__ - INFO - saved best: 35.86%
2026-03-26 04:38:38 - __main__ - INFO - 
Epoch 85/100 | lr 0.000077
2026-03-26 04:38:51 - __main__ - INFO - Train: loss 0.7936 acc1 99.67%
2026-03-26 04:38:51 - __main__ - INFO - Val:   loss 3.9011 acc1 35.69%
2026-03-26 04:38:51 - __main__ - INFO - 
Epoch 86/100 | lr 0.000068
2026-03-26 04:39:04 - __main__ - INFO - Train: loss 0.7935 acc1 99.65%
2026-03-26 04:39:04 - __main__ - INFO - Val:   loss 3.9049 acc1 35.45%
2026-03-26 04:39:04 - __main__ - INFO - 
Epoch 87/100 | lr 0.000059
2026-03-26 04:39:17 - __main__ - INFO - Train: loss 0.7909 acc1 99.75%
2026-03-26 04:39:17 - __main__ - INFO - Val:   loss 3.9051 acc1 35.52%
2026-03-26 04:39:17 - __main__ - INFO - 
Epoch 88/100 | lr 0.000052
2026-03-26 04:39:30 - __main__ - INFO - Train: loss 0.7909 acc1 99.74%
2026-03-26 04:39:30 - __main__ - INFO - Val:   loss 3.9027 acc1 35.65%
2026-03-26 04:39:30 - __main__ - INFO - 
Epoch 89/100 | lr 0.000044
2026-03-26 04:39:43 - __main__ - INFO - Train: loss 0.7904 acc1 99.75%
2026-03-26 04:39:43 - __main__ - INFO - Val:   loss 3.9145 acc1 35.66%
2026-03-26 04:39:43 - __main__ - INFO - 
Epoch 90/100 | lr 0.000037
2026-03-26 04:39:56 - __main__ - INFO - Train: loss 0.7895 acc1 99.80%
2026-03-26 04:39:56 - __main__ - INFO - Val:   loss 3.9063 acc1 35.54%
2026-03-26 04:39:56 - __main__ - INFO - 
Epoch 91/100 | lr 0.000031
2026-03-26 04:40:09 - __main__ - INFO - Train: loss 0.7890 acc1 99.83%
2026-03-26 04:40:09 - __main__ - INFO - Val:   loss 3.9042 acc1 35.69%
2026-03-26 04:40:09 - __main__ - INFO - 
Epoch 92/100 | lr 0.000025
2026-03-26 04:40:22 - __main__ - INFO - Train: loss 0.7897 acc1 99.78%
2026-03-26 04:40:22 - __main__ - INFO - Val:   loss 3.9078 acc1 35.74%
2026-03-26 04:40:22 - __main__ - INFO - 
Epoch 93/100 | lr 0.000020
2026-03-26 04:40:34 - __main__ - INFO - Train: loss 0.7887 acc1 99.81%
2026-03-26 04:40:34 - __main__ - INFO - Val:   loss 3.9078 acc1 35.63%
2026-03-26 04:40:34 - __main__ - INFO - 
Epoch 94/100 | lr 0.000016
2026-03-26 04:40:47 - __main__ - INFO - Train: loss 0.7888 acc1 99.80%
2026-03-26 04:40:47 - __main__ - INFO - Val:   loss 3.9115 acc1 35.57%
2026-03-26 04:40:47 - __main__ - INFO - 
Epoch 95/100 | lr 0.000012
2026-03-26 04:41:00 - __main__ - INFO - Train: loss 0.7882 acc1 99.81%
2026-03-26 04:41:00 - __main__ - INFO - Val:   loss 3.9161 acc1 35.70%
2026-03-26 04:41:00 - __main__ - INFO - 
Epoch 96/100 | lr 0.000009
2026-03-26 04:41:13 - __main__ - INFO - Train: loss 0.7868 acc1 99.88%
2026-03-26 04:41:13 - __main__ - INFO - Val:   loss 3.9164 acc1 35.54%
2026-03-26 04:41:13 - __main__ - INFO - 
Epoch 97/100 | lr 0.000006
2026-03-26 04:41:25 - __main__ - INFO - Train: loss 0.7877 acc1 99.84%
2026-03-26 04:41:25 - __main__ - INFO - Val:   loss 3.9106 acc1 35.66%
2026-03-26 04:41:25 - __main__ - INFO - 
Epoch 98/100 | lr 0.000004
2026-03-26 04:41:38 - __main__ - INFO - Train: loss 0.7877 acc1 99.84%
2026-03-26 04:41:38 - __main__ - INFO - Val:   loss 3.9095 acc1 35.69%
2026-03-26 04:41:38 - __main__ - INFO - 
Epoch 99/100 | lr 0.000002
2026-03-26 04:41:50 - __main__ - INFO - Train: loss 0.7873 acc1 99.84%
2026-03-26 04:41:50 - __main__ - INFO - Val:   loss 3.9086 acc1 35.73%
2026-03-26 04:41:50 - __main__ - INFO - 
Epoch 100/100 | lr 0.000001
2026-03-26 04:42:03 - __main__ - INFO - Train: loss 0.7878 acc1 99.83%
2026-03-26 04:42:03 - __main__ - INFO - Val:   loss 3.9079 acc1 35.71%
2026-03-26 04:42:03 - __main__ - INFO - Loaded best checkpoint weights for final test evaluation.
2026-03-26 04:42:05 - __main__ - INFO - 
Best tracked (val): 35.86%
2026-03-26 04:42:05 - __main__ - INFO - Final test: loss 3.8495 acc1 36.30%
2026-03-26 04:42:10 - __main__ - INFO - Variant [random_sparsity] done — test acc 36.30%, test loss 3.8495
2026-03-26 04:42:10 - __main__ - INFO - 
============================================================
2026-03-26 04:42:10 - __main__ - INFO - Training output model: convnext_tiny [shuffled_cam_low_saliency]
2026-03-26 04:42:10 - __main__ - INFO -   Resolved config → opt=adamw, lr=0.001, wd=0.05, bs=128, epochs=100, scheduler=cosine, warmup=10
2026-03-26 04:42:10 - __main__ - INFO - ============================================================
2026-03-26 04:42:10 - __main__ - INFO -   Validation during training uses variant split with val_split=0.1
2026-03-26 04:42:10 - __main__ - INFO -   Final test uses shuffled_cam_low_saliency variant test split
2026-03-26 04:42:10 - __main__ - INFO - device: cuda | cuda: True | gpu: NVIDIA L4
2026-03-26 04:42:11 - __main__ - INFO - Model: convnext_tiny | Dataset: cifar100 | Classes: 100 | Optimizer: adamw
2026-03-26 04:42:11 - __main__ - INFO - 
Epoch 1/100 | lr 0.000001
2026-03-26 04:42:23 - __main__ - INFO - Train: loss 4.7106 acc1 1.54%
2026-03-26 04:42:23 - __main__ - INFO - Val:   loss 4.6530 acc1 2.25%
2026-03-26 04:42:23 - __main__ - INFO - saved best: 2.25%
2026-03-26 04:42:23 - __main__ - INFO - 
Epoch 2/100 | lr 0.000101
2026-03-26 04:42:36 - __main__ - INFO - Train: loss 4.1894 acc1 8.59%
2026-03-26 04:42:36 - __main__ - INFO - Val:   loss 4.0318 acc1 12.24%
2026-03-26 04:42:36 - __main__ - INFO - saved best: 12.24%
2026-03-26 04:42:36 - __main__ - INFO - 
Epoch 3/100 | lr 0.000201
2026-03-26 04:42:49 - __main__ - INFO - Train: loss 3.9688 acc1 12.46%
2026-03-26 04:42:49 - __main__ - INFO - Val:   loss 3.8027 acc1 15.72%
2026-03-26 04:42:49 - __main__ - INFO - saved best: 15.72%
2026-03-26 04:42:49 - __main__ - INFO - 
Epoch 4/100 | lr 0.000301
2026-03-26 04:43:01 - __main__ - INFO - Train: loss 3.7820 acc1 15.52%
2026-03-26 04:43:01 - __main__ - INFO - Val:   loss 3.6403 acc1 19.40%
2026-03-26 04:43:02 - __main__ - INFO - saved best: 19.40%
2026-03-26 04:43:02 - __main__ - INFO - 
Epoch 5/100 | lr 0.000401
2026-03-26 04:43:14 - __main__ - INFO - Train: loss 3.6451 acc1 18.17%
2026-03-26 04:43:14 - __main__ - INFO - Val:   loss 3.5333 acc1 21.08%
2026-03-26 04:43:14 - __main__ - INFO - saved best: 21.08%
2026-03-26 04:43:14 - __main__ - INFO - 
Epoch 6/100 | lr 0.000501
2026-03-26 04:43:27 - __main__ - INFO - Train: loss 3.5333 acc1 20.65%
2026-03-26 04:43:27 - __main__ - INFO - Val:   loss 3.5119 acc1 21.77%
2026-03-26 04:43:27 - __main__ - INFO - saved best: 21.77%
2026-03-26 04:43:27 - __main__ - INFO - 
Epoch 7/100 | lr 0.000600
2026-03-26 04:43:40 - __main__ - INFO - Train: loss 3.4540 acc1 22.29%
2026-03-26 04:43:40 - __main__ - INFO - Val:   loss 3.4246 acc1 23.79%
2026-03-26 04:43:40 - __main__ - INFO - saved best: 23.79%
2026-03-26 04:43:40 - __main__ - INFO - 
Epoch 8/100 | lr 0.000700
2026-03-26 04:43:52 - __main__ - INFO - Train: loss 3.3766 acc1 23.93%
2026-03-26 04:43:52 - __main__ - INFO - Val:   loss 3.3554 acc1 24.84%
2026-03-26 04:43:53 - __main__ - INFO - saved best: 24.84%
2026-03-26 04:43:53 - __main__ - INFO - 
Epoch 9/100 | lr 0.000800
2026-03-26 04:44:06 - __main__ - INFO - Train: loss 3.3100 acc1 25.51%
2026-03-26 04:44:06 - __main__ - INFO - Val:   loss 3.3263 acc1 25.49%
2026-03-26 04:44:06 - __main__ - INFO - saved best: 25.49%
2026-03-26 04:44:06 - __main__ - INFO - 
Epoch 10/100 | lr 0.000900
2026-03-26 04:44:18 - __main__ - INFO - Train: loss 3.2448 acc1 26.88%
2026-03-26 04:44:18 - __main__ - INFO - Val:   loss 3.2530 acc1 27.84%
2026-03-26 04:44:18 - __main__ - INFO - saved best: 27.84%
2026-03-26 04:44:18 - __main__ - INFO - 
Epoch 11/100 | lr 0.001000
2026-03-26 04:44:31 - __main__ - INFO - Train: loss 3.1799 acc1 28.50%
2026-03-26 04:44:31 - __main__ - INFO - Val:   loss 3.2776 acc1 26.98%
2026-03-26 04:44:31 - __main__ - INFO - 
Epoch 12/100 | lr 0.001000
2026-03-26 04:44:43 - __main__ - INFO - Train: loss 3.0997 acc1 30.71%
2026-03-26 04:44:43 - __main__ - INFO - Val:   loss 3.1510 acc1 30.24%
2026-03-26 04:44:43 - __main__ - INFO - saved best: 30.24%
2026-03-26 04:44:43 - __main__ - INFO - 
Epoch 13/100 | lr 0.000999
2026-03-26 04:44:56 - __main__ - INFO - Train: loss 3.0178 acc1 32.33%
2026-03-26 04:44:56 - __main__ - INFO - Val:   loss 3.1447 acc1 29.57%
2026-03-26 04:44:56 - __main__ - INFO - 
Epoch 14/100 | lr 0.000997
2026-03-26 04:45:09 - __main__ - INFO - Train: loss 2.9379 acc1 34.56%
2026-03-26 04:45:09 - __main__ - INFO - Val:   loss 3.0859 acc1 32.20%
2026-03-26 04:45:09 - __main__ - INFO - saved best: 32.20%
2026-03-26 04:45:09 - __main__ - INFO - 
Epoch 15/100 | lr 0.000995
2026-03-26 04:45:21 - __main__ - INFO - Train: loss 2.8513 acc1 36.60%
2026-03-26 04:45:21 - __main__ - INFO - Val:   loss 3.0774 acc1 31.83%
2026-03-26 04:45:21 - __main__ - INFO - 
Epoch 16/100 | lr 0.000992
2026-03-26 04:45:34 - __main__ - INFO - Train: loss 2.7799 acc1 38.52%
2026-03-26 04:45:34 - __main__ - INFO - Val:   loss 3.0792 acc1 31.89%
2026-03-26 04:45:34 - __main__ - INFO - 
Epoch 17/100 | lr 0.000989
2026-03-26 04:45:47 - __main__ - INFO - Train: loss 2.6808 acc1 40.99%
2026-03-26 04:45:47 - __main__ - INFO - Val:   loss 3.0142 acc1 33.73%
2026-03-26 04:45:47 - __main__ - INFO - saved best: 33.73%
2026-03-26 04:45:47 - __main__ - INFO - 
Epoch 18/100 | lr 0.000985
2026-03-26 04:45:59 - __main__ - INFO - Train: loss 2.5922 acc1 43.48%
2026-03-26 04:45:59 - __main__ - INFO - Val:   loss 3.0354 acc1 34.32%
2026-03-26 04:45:59 - __main__ - INFO - saved best: 34.32%
2026-03-26 04:45:59 - __main__ - INFO - 
Epoch 19/100 | lr 0.000981
2026-03-26 04:46:12 - __main__ - INFO - Train: loss 2.5071 acc1 45.82%
2026-03-26 04:46:12 - __main__ - INFO - Val:   loss 3.0146 acc1 35.14%
2026-03-26 04:46:12 - __main__ - INFO - saved best: 35.14%
2026-03-26 04:46:12 - __main__ - INFO - 
Epoch 20/100 | lr 0.000976
2026-03-26 04:46:25 - __main__ - INFO - Train: loss 2.4039 acc1 48.50%
2026-03-26 04:46:25 - __main__ - INFO - Val:   loss 3.0273 acc1 35.97%
2026-03-26 04:46:25 - __main__ - INFO - saved best: 35.97%
2026-03-26 04:46:25 - __main__ - INFO - 
Epoch 21/100 | lr 0.000970
2026-03-26 04:46:38 - __main__ - INFO - Train: loss 2.2991 acc1 51.52%
2026-03-26 04:46:38 - __main__ - INFO - Val:   loss 3.0768 acc1 35.93%
2026-03-26 04:46:38 - __main__ - INFO - 
Epoch 22/100 | lr 0.000964
2026-03-26 04:46:50 - __main__ - INFO - Train: loss 2.1680 acc1 55.61%
2026-03-26 04:46:50 - __main__ - INFO - Val:   loss 3.1282 acc1 35.24%
2026-03-26 04:46:50 - __main__ - INFO - 
Epoch 23/100 | lr 0.000957
2026-03-26 04:47:03 - __main__ - INFO - Train: loss 2.0546 acc1 59.08%
2026-03-26 04:47:03 - __main__ - INFO - Val:   loss 3.1146 acc1 36.52%
2026-03-26 04:47:03 - __main__ - INFO - saved best: 36.52%
2026-03-26 04:47:03 - __main__ - INFO - 
Epoch 24/100 | lr 0.000949
2026-03-26 04:47:16 - __main__ - INFO - Train: loss 1.9256 acc1 63.50%
2026-03-26 04:47:16 - __main__ - INFO - Val:   loss 3.1815 acc1 35.45%
2026-03-26 04:47:16 - __main__ - INFO - 
Epoch 25/100 | lr 0.000942
2026-03-26 04:47:28 - __main__ - INFO - Train: loss 1.7959 acc1 67.71%
2026-03-26 04:47:28 - __main__ - INFO - Val:   loss 3.2005 acc1 35.96%
2026-03-26 04:47:28 - __main__ - INFO - 
Epoch 26/100 | lr 0.000933
2026-03-26 04:47:41 - __main__ - INFO - Train: loss 1.6707 acc1 72.03%
2026-03-26 04:47:41 - __main__ - INFO - Val:   loss 3.2547 acc1 36.87%
2026-03-26 04:47:41 - __main__ - INFO - saved best: 36.87%
2026-03-26 04:47:41 - __main__ - INFO - 
Epoch 27/100 | lr 0.000924
2026-03-26 04:47:54 - __main__ - INFO - Train: loss 1.5557 acc1 76.16%
2026-03-26 04:47:54 - __main__ - INFO - Val:   loss 3.2933 acc1 35.75%
2026-03-26 04:47:54 - __main__ - INFO - 
Epoch 28/100 | lr 0.000915
2026-03-26 04:48:07 - __main__ - INFO - Train: loss 1.4448 acc1 80.40%
2026-03-26 04:48:07 - __main__ - INFO - Val:   loss 3.3108 acc1 35.53%
2026-03-26 04:48:07 - __main__ - INFO - 
Epoch 29/100 | lr 0.000905
2026-03-26 04:48:19 - __main__ - INFO - Train: loss 1.3534 acc1 83.90%
2026-03-26 04:48:19 - __main__ - INFO - Val:   loss 3.3565 acc1 36.36%
2026-03-26 04:48:19 - __main__ - INFO - 
Epoch 30/100 | lr 0.000894
2026-03-26 04:48:32 - __main__ - INFO - Train: loss 1.2870 acc1 86.20%
2026-03-26 04:48:32 - __main__ - INFO - Val:   loss 3.3761 acc1 36.17%
2026-03-26 04:48:32 - __main__ - INFO - 
Epoch 31/100 | lr 0.000883
2026-03-26 04:48:44 - __main__ - INFO - Train: loss 1.2374 acc1 87.92%
2026-03-26 04:48:44 - __main__ - INFO - Val:   loss 3.4228 acc1 35.34%
2026-03-26 04:48:44 - __main__ - INFO - 
Epoch 32/100 | lr 0.000872
2026-03-26 04:48:57 - __main__ - INFO - Train: loss 1.1918 acc1 89.46%
2026-03-26 04:48:57 - __main__ - INFO - Val:   loss 3.3682 acc1 36.48%
2026-03-26 04:48:57 - __main__ - INFO - 
Epoch 33/100 | lr 0.000860
2026-03-26 04:49:10 - __main__ - INFO - Train: loss 1.1484 acc1 91.17%
2026-03-26 04:49:10 - __main__ - INFO - Val:   loss 3.4034 acc1 35.80%
2026-03-26 04:49:10 - __main__ - INFO - 
Epoch 34/100 | lr 0.000847
2026-03-26 04:49:22 - __main__ - INFO - Train: loss 1.1299 acc1 91.56%
2026-03-26 04:49:22 - __main__ - INFO - Val:   loss 3.4019 acc1 35.40%
2026-03-26 04:49:22 - __main__ - INFO - 
Epoch 35/100 | lr 0.000835
2026-03-26 04:49:35 - __main__ - INFO - Train: loss 1.1102 acc1 92.05%
2026-03-26 04:49:35 - __main__ - INFO - Val:   loss 3.4401 acc1 35.70%
2026-03-26 04:49:35 - __main__ - INFO - 
Epoch 36/100 | lr 0.000822
2026-03-26 04:49:48 - __main__ - INFO - Train: loss 1.0882 acc1 92.84%
2026-03-26 04:49:48 - __main__ - INFO - Val:   loss 3.4152 acc1 35.84%
2026-03-26 04:49:48 - __main__ - INFO - 
Epoch 37/100 | lr 0.000808
2026-03-26 04:50:01 - __main__ - INFO - Train: loss 1.0746 acc1 93.00%
2026-03-26 04:50:01 - __main__ - INFO - Val:   loss 3.4159 acc1 36.13%
2026-03-26 04:50:01 - __main__ - INFO - 
Epoch 38/100 | lr 0.000794
2026-03-26 04:50:14 - __main__ - INFO - Train: loss 1.0571 acc1 93.46%
2026-03-26 04:50:14 - __main__ - INFO - Val:   loss 3.4520 acc1 36.99%
2026-03-26 04:50:14 - __main__ - INFO - saved best: 36.99%
2026-03-26 04:50:14 - __main__ - INFO - 
Epoch 39/100 | lr 0.000780
2026-03-26 04:50:26 - __main__ - INFO - Train: loss 1.0521 acc1 93.28%
2026-03-26 04:50:26 - __main__ - INFO - Val:   loss 3.4516 acc1 36.50%
2026-03-26 04:50:26 - __main__ - INFO - 
Epoch 40/100 | lr 0.000765
2026-03-26 04:50:39 - __main__ - INFO - Train: loss 1.0294 acc1 93.78%
2026-03-26 04:50:39 - __main__ - INFO - Val:   loss 3.4202 acc1 36.82%
2026-03-26 04:50:39 - __main__ - INFO - 
Epoch 41/100 | lr 0.000750
2026-03-26 04:50:52 - __main__ - INFO - Train: loss 1.0143 acc1 94.04%
2026-03-26 04:50:52 - __main__ - INFO - Val:   loss 3.4694 acc1 36.96%
2026-03-26 04:50:52 - __main__ - INFO - 
Epoch 42/100 | lr 0.000735
2026-03-26 04:51:04 - __main__ - INFO - Train: loss 1.0012 acc1 94.35%
2026-03-26 04:51:04 - __main__ - INFO - Val:   loss 3.5156 acc1 36.10%
2026-03-26 04:51:04 - __main__ - INFO - 
Epoch 43/100 | lr 0.000719
2026-03-26 04:51:17 - __main__ - INFO - Train: loss 0.9865 acc1 94.58%
2026-03-26 04:51:17 - __main__ - INFO - Val:   loss 3.5755 acc1 35.62%
2026-03-26 04:51:17 - __main__ - INFO - 
Epoch 44/100 | lr 0.000704
2026-03-26 04:51:30 - __main__ - INFO - Train: loss 0.9980 acc1 94.03%
2026-03-26 04:51:30 - __main__ - INFO - Val:   loss 3.5389 acc1 35.81%
2026-03-26 04:51:30 - __main__ - INFO - 
Epoch 45/100 | lr 0.000688
2026-03-26 04:51:43 - __main__ - INFO - Train: loss 0.9653 acc1 95.11%
2026-03-26 04:51:43 - __main__ - INFO - Val:   loss 3.5880 acc1 35.97%
2026-03-26 04:51:43 - __main__ - INFO - 
Epoch 46/100 | lr 0.000671
2026-03-26 04:51:56 - __main__ - INFO - Train: loss 0.9605 acc1 95.09%
2026-03-26 04:51:56 - __main__ - INFO - Val:   loss 3.5657 acc1 36.35%
2026-03-26 04:51:56 - __main__ - INFO - 
Epoch 47/100 | lr 0.000655
2026-03-26 04:52:08 - __main__ - INFO - Train: loss 0.9565 acc1 95.20%
2026-03-26 04:52:08 - __main__ - INFO - Val:   loss 3.5908 acc1 35.98%
2026-03-26 04:52:08 - __main__ - INFO - 
Epoch 48/100 | lr 0.000638
2026-03-26 04:52:21 - __main__ - INFO - Train: loss 0.9391 acc1 95.69%
2026-03-26 04:52:21 - __main__ - INFO - Val:   loss 3.6422 acc1 35.40%
2026-03-26 04:52:21 - __main__ - INFO - 
Epoch 49/100 | lr 0.000621
2026-03-26 04:52:34 - __main__ - INFO - Train: loss 0.9311 acc1 95.83%
2026-03-26 04:52:34 - __main__ - INFO - Val:   loss 3.6605 acc1 35.18%
2026-03-26 04:52:34 - __main__ - INFO - 
Epoch 50/100 | lr 0.000604
2026-03-26 04:52:47 - __main__ - INFO - Train: loss 0.9270 acc1 96.00%
2026-03-26 04:52:47 - __main__ - INFO - Val:   loss 3.6416 acc1 35.68%
2026-03-26 04:52:47 - __main__ - INFO - 
Epoch 51/100 | lr 0.000587
2026-03-26 04:53:00 - __main__ - INFO - Train: loss 0.9128 acc1 96.40%
2026-03-26 04:53:00 - __main__ - INFO - Val:   loss 3.6352 acc1 36.11%
2026-03-26 04:53:00 - __main__ - INFO - 
Epoch 52/100 | lr 0.000570
2026-03-26 04:53:12 - __main__ - INFO - Train: loss 0.9114 acc1 96.46%
2026-03-26 04:53:12 - __main__ - INFO - Val:   loss 3.6538 acc1 36.04%
2026-03-26 04:53:12 - __main__ - INFO - 
Epoch 53/100 | lr 0.000553
2026-03-26 04:53:25 - __main__ - INFO - Train: loss 0.9065 acc1 96.52%
2026-03-26 04:53:25 - __main__ - INFO - Val:   loss 3.6949 acc1 35.30%
2026-03-26 04:53:25 - __main__ - INFO - 
Epoch 54/100 | lr 0.000535
2026-03-26 04:53:38 - __main__ - INFO - Train: loss 0.8964 acc1 96.89%
2026-03-26 04:53:38 - __main__ - INFO - Val:   loss 3.6767 acc1 35.80%
2026-03-26 04:53:38 - __main__ - INFO - 
Epoch 55/100 | lr 0.000518
2026-03-26 04:53:51 - __main__ - INFO - Train: loss 0.8873 acc1 97.14%
2026-03-26 04:53:51 - __main__ - INFO - Val:   loss 3.6673 acc1 35.61%
2026-03-26 04:53:51 - __main__ - INFO - 
Epoch 56/100 | lr 0.000500
2026-03-26 04:54:03 - __main__ - INFO - Train: loss 0.8837 acc1 97.26%
2026-03-26 04:54:03 - __main__ - INFO - Val:   loss 3.6979 acc1 36.09%
2026-03-26 04:54:03 - __main__ - INFO - 
Epoch 57/100 | lr 0.000483
2026-03-26 04:54:16 - __main__ - INFO - Train: loss 0.8820 acc1 97.32%
2026-03-26 04:54:16 - __main__ - INFO - Val:   loss 3.7209 acc1 35.71%
2026-03-26 04:54:16 - __main__ - INFO - 
Epoch 58/100 | lr 0.000466
2026-03-26 04:54:29 - __main__ - INFO - Train: loss 0.8759 acc1 97.43%
2026-03-26 04:54:29 - __main__ - INFO - Val:   loss 3.6861 acc1 36.62%
2026-03-26 04:54:29 - __main__ - INFO - 
Epoch 59/100 | lr 0.000448
2026-03-26 04:54:42 - __main__ - INFO - Train: loss 0.8700 acc1 97.70%
2026-03-26 04:54:42 - __main__ - INFO - Val:   loss 3.6771 acc1 36.58%
2026-03-26 04:54:42 - __main__ - INFO - 
Epoch 60/100 | lr 0.000431
2026-03-26 04:54:55 - __main__ - INFO - Train: loss 0.8634 acc1 97.84%
2026-03-26 04:54:55 - __main__ - INFO - Val:   loss 3.6387 acc1 37.15%
2026-03-26 04:54:55 - __main__ - INFO - saved best: 37.15%
2026-03-26 04:54:55 - __main__ - INFO - 
Epoch 61/100 | lr 0.000414
2026-03-26 04:55:07 - __main__ - INFO - Train: loss 0.8555 acc1 98.12%
2026-03-26 04:55:07 - __main__ - INFO - Val:   loss 3.7118 acc1 36.27%
2026-03-26 04:55:07 - __main__ - INFO - 
Epoch 62/100 | lr 0.000397
2026-03-26 04:55:21 - __main__ - INFO - Train: loss 0.8479 acc1 98.34%
2026-03-26 04:55:21 - __main__ - INFO - Val:   loss 3.7067 acc1 36.52%
2026-03-26 04:55:21 - __main__ - INFO - 
Epoch 63/100 | lr 0.000380
2026-03-26 04:55:33 - __main__ - INFO - Train: loss 0.8530 acc1 98.18%
2026-03-26 04:55:33 - __main__ - INFO - Val:   loss 3.6888 acc1 37.09%
2026-03-26 04:55:33 - __main__ - INFO - 
Epoch 64/100 | lr 0.000363
2026-03-26 04:55:46 - __main__ - INFO - Train: loss 0.8435 acc1 98.48%
2026-03-26 04:55:46 - __main__ - INFO - Val:   loss 3.6935 acc1 36.68%
2026-03-26 04:55:46 - __main__ - INFO - 
Epoch 65/100 | lr 0.000346
2026-03-26 04:55:58 - __main__ - INFO - Train: loss 0.8405 acc1 98.48%
2026-03-26 04:55:58 - __main__ - INFO - Val:   loss 3.7144 acc1 36.61%
2026-03-26 04:55:58 - __main__ - INFO - 
Epoch 66/100 | lr 0.000330
2026-03-26 04:56:11 - __main__ - INFO - Train: loss 0.8366 acc1 98.68%
2026-03-26 04:56:11 - __main__ - INFO - Val:   loss 3.7027 acc1 36.63%
2026-03-26 04:56:11 - __main__ - INFO - 
Epoch 67/100 | lr 0.000313
2026-03-26 04:56:24 - __main__ - INFO - Train: loss 0.8344 acc1 98.69%
2026-03-26 04:56:24 - __main__ - INFO - Val:   loss 3.6821 acc1 37.38%
2026-03-26 04:56:24 - __main__ - INFO - saved best: 37.38%
2026-03-26 04:56:24 - __main__ - INFO - 
Epoch 68/100 | lr 0.000297
2026-03-26 04:56:37 - __main__ - INFO - Train: loss 0.8287 acc1 98.91%
2026-03-26 04:56:37 - __main__ - INFO - Val:   loss 3.6869 acc1 36.89%
2026-03-26 04:56:37 - __main__ - INFO - 
Epoch 69/100 | lr 0.000282
2026-03-26 04:56:50 - __main__ - INFO - Train: loss 0.8250 acc1 98.99%
2026-03-26 04:56:50 - __main__ - INFO - Val:   loss 3.7217 acc1 37.05%
2026-03-26 04:56:50 - __main__ - INFO - 
Epoch 70/100 | lr 0.000266
2026-03-26 04:57:03 - __main__ - INFO - Train: loss 0.8206 acc1 99.13%
2026-03-26 04:57:03 - __main__ - INFO - Val:   loss 3.7257 acc1 36.80%
2026-03-26 04:57:03 - __main__ - INFO - 
Epoch 71/100 | lr 0.000251
2026-03-26 04:57:15 - __main__ - INFO - Train: loss 0.8184 acc1 99.15%
2026-03-26 04:57:15 - __main__ - INFO - Val:   loss 3.7309 acc1 36.95%
2026-03-26 04:57:15 - __main__ - INFO - 
Epoch 72/100 | lr 0.000236
2026-03-26 04:57:28 - __main__ - INFO - Train: loss 0.8196 acc1 99.10%
2026-03-26 04:57:28 - __main__ - INFO - Val:   loss 3.7242 acc1 37.41%
2026-03-26 04:57:28 - __main__ - INFO - saved best: 37.41%
2026-03-26 04:57:28 - __main__ - INFO - 
Epoch 73/100 | lr 0.000221
2026-03-26 04:57:41 - __main__ - INFO - Train: loss 0.8151 acc1 99.30%
2026-03-26 04:57:41 - __main__ - INFO - Val:   loss 3.7029 acc1 37.57%
2026-03-26 04:57:41 - __main__ - INFO - saved best: 37.57%
2026-03-26 04:57:41 - __main__ - INFO - 
Epoch 74/100 | lr 0.000207
2026-03-26 04:57:54 - __main__ - INFO - Train: loss 0.8126 acc1 99.32%
2026-03-26 04:57:54 - __main__ - INFO - Val:   loss 3.7166 acc1 37.41%
2026-03-26 04:57:54 - __main__ - INFO - 
Epoch 75/100 | lr 0.000193
2026-03-26 04:58:07 - __main__ - INFO - Train: loss 0.8095 acc1 99.44%
2026-03-26 04:58:07 - __main__ - INFO - Val:   loss 3.6797 acc1 37.86%
2026-03-26 04:58:07 - __main__ - INFO - saved best: 37.86%
2026-03-26 04:58:07 - __main__ - INFO - 
Epoch 76/100 | lr 0.000179
2026-03-26 04:58:20 - __main__ - INFO - Train: loss 0.8065 acc1 99.51%
2026-03-26 04:58:20 - __main__ - INFO - Val:   loss 3.7158 acc1 37.48%
2026-03-26 04:58:20 - __main__ - INFO - 
Epoch 77/100 | lr 0.000166
2026-03-26 04:58:32 - __main__ - INFO - Train: loss 0.8051 acc1 99.50%
2026-03-26 04:58:32 - __main__ - INFO - Val:   loss 3.7232 acc1 37.40%
2026-03-26 04:58:32 - __main__ - INFO - 
Epoch 78/100 | lr 0.000154
2026-03-26 04:58:45 - __main__ - INFO - Train: loss 0.8043 acc1 99.52%
2026-03-26 04:58:45 - __main__ - INFO - Val:   loss 3.7151 acc1 36.99%
2026-03-26 04:58:45 - __main__ - INFO - 
Epoch 79/100 | lr 0.000141
2026-03-26 04:58:57 - __main__ - INFO - Train: loss 0.8019 acc1 99.61%
2026-03-26 04:58:57 - __main__ - INFO - Val:   loss 3.7073 acc1 37.90%
2026-03-26 04:58:57 - __main__ - INFO - saved best: 37.90%
2026-03-26 04:58:57 - __main__ - INFO - 
Epoch 80/100 | lr 0.000129
2026-03-26 04:59:10 - __main__ - INFO - Train: loss 0.8022 acc1 99.60%
2026-03-26 04:59:10 - __main__ - INFO - Val:   loss 3.7197 acc1 37.37%
2026-03-26 04:59:10 - __main__ - INFO - 
Epoch 81/100 | lr 0.000118
2026-03-26 04:59:23 - __main__ - INFO - Train: loss 0.8003 acc1 99.62%
2026-03-26 04:59:23 - __main__ - INFO - Val:   loss 3.6946 acc1 37.85%
2026-03-26 04:59:23 - __main__ - INFO - 
Epoch 82/100 | lr 0.000107
2026-03-26 04:59:35 - __main__ - INFO - Train: loss 0.7972 acc1 99.75%
2026-03-26 04:59:35 - __main__ - INFO - Val:   loss 3.7149 acc1 38.04%
2026-03-26 04:59:35 - __main__ - INFO - saved best: 38.04%
2026-03-26 04:59:35 - __main__ - INFO - 
Epoch 83/100 | lr 0.000096
2026-03-26 04:59:48 - __main__ - INFO - Train: loss 0.7965 acc1 99.73%
2026-03-26 04:59:48 - __main__ - INFO - Val:   loss 3.7041 acc1 37.82%
2026-03-26 04:59:48 - __main__ - INFO - 
Epoch 84/100 | lr 0.000086
2026-03-26 05:00:01 - __main__ - INFO - Train: loss 0.7954 acc1 99.76%
2026-03-26 05:00:01 - __main__ - INFO - Val:   loss 3.7084 acc1 37.22%
2026-03-26 05:00:01 - __main__ - INFO - 
Epoch 85/100 | lr 0.000077
2026-03-26 05:00:14 - __main__ - INFO - Train: loss 0.7951 acc1 99.76%
2026-03-26 05:00:14 - __main__ - INFO - Val:   loss 3.6947 acc1 37.96%
2026-03-26 05:00:14 - __main__ - INFO - 
Epoch 86/100 | lr 0.000068
2026-03-26 05:00:27 - __main__ - INFO - Train: loss 0.7944 acc1 99.78%
2026-03-26 05:00:27 - __main__ - INFO - Val:   loss 3.6986 acc1 38.01%
2026-03-26 05:00:27 - __main__ - INFO - 
Epoch 87/100 | lr 0.000059
2026-03-26 05:00:40 - __main__ - INFO - Train: loss 0.7931 acc1 99.81%
2026-03-26 05:00:40 - __main__ - INFO - Val:   loss 3.6915 acc1 38.56%
2026-03-26 05:00:40 - __main__ - INFO - saved best: 38.56%
2026-03-26 05:00:40 - __main__ - INFO - 
Epoch 88/100 | lr 0.000052
2026-03-26 05:00:52 - __main__ - INFO - Train: loss 0.7926 acc1 99.82%
2026-03-26 05:00:52 - __main__ - INFO - Val:   loss 3.6889 acc1 38.53%
2026-03-26 05:00:52 - __main__ - INFO - 
Epoch 89/100 | lr 0.000044
2026-03-26 05:01:05 - __main__ - INFO - Train: loss 0.7919 acc1 99.84%
2026-03-26 05:01:05 - __main__ - INFO - Val:   loss 3.6923 acc1 38.49%
2026-03-26 05:01:05 - __main__ - INFO - 
Epoch 90/100 | lr 0.000037
2026-03-26 05:01:18 - __main__ - INFO - Train: loss 0.7922 acc1 99.81%
2026-03-26 05:01:18 - __main__ - INFO - Val:   loss 3.6836 acc1 38.37%
2026-03-26 05:01:18 - __main__ - INFO - 
Epoch 91/100 | lr 0.000031
2026-03-26 05:01:30 - __main__ - INFO - Train: loss 0.7912 acc1 99.84%
2026-03-26 05:01:30 - __main__ - INFO - Val:   loss 3.6684 acc1 38.49%
2026-03-26 05:01:30 - __main__ - INFO - 
Epoch 92/100 | lr 0.000025
2026-03-26 05:01:43 - __main__ - INFO - Train: loss 0.7904 acc1 99.87%
2026-03-26 05:01:43 - __main__ - INFO - Val:   loss 3.6773 acc1 38.60%
2026-03-26 05:01:43 - __main__ - INFO - saved best: 38.60%
2026-03-26 05:01:43 - __main__ - INFO - 
Epoch 93/100 | lr 0.000020
2026-03-26 05:01:56 - __main__ - INFO - Train: loss 0.7898 acc1 99.89%
2026-03-26 05:01:56 - __main__ - INFO - Val:   loss 3.6700 acc1 38.57%
2026-03-26 05:01:56 - __main__ - INFO - 
Epoch 94/100 | lr 0.000016
2026-03-26 05:02:09 - __main__ - INFO - Train: loss 0.7900 acc1 99.86%
2026-03-26 05:02:09 - __main__ - INFO - Val:   loss 3.6671 acc1 38.74%
2026-03-26 05:02:09 - __main__ - INFO - saved best: 38.74%
2026-03-26 05:02:09 - __main__ - INFO - 
Epoch 95/100 | lr 0.000012
2026-03-26 05:02:21 - __main__ - INFO - Train: loss 0.7894 acc1 99.90%
2026-03-26 05:02:21 - __main__ - INFO - Val:   loss 3.6673 acc1 38.66%
2026-03-26 05:02:21 - __main__ - INFO - 
Epoch 96/100 | lr 0.000009
2026-03-26 05:02:34 - __main__ - INFO - Train: loss 0.7898 acc1 99.87%
2026-03-26 05:02:34 - __main__ - INFO - Val:   loss 3.6610 acc1 38.95%
2026-03-26 05:02:34 - __main__ - INFO - saved best: 38.95%
2026-03-26 05:02:34 - __main__ - INFO - 
Epoch 97/100 | lr 0.000006
2026-03-26 05:02:47 - __main__ - INFO - Train: loss 0.7902 acc1 99.85%
2026-03-26 05:02:47 - __main__ - INFO - Val:   loss 3.6636 acc1 38.60%
2026-03-26 05:02:47 - __main__ - INFO - 
Epoch 98/100 | lr 0.000004
2026-03-26 05:03:00 - __main__ - INFO - Train: loss 0.7892 acc1 99.90%
2026-03-26 05:03:00 - __main__ - INFO - Val:   loss 3.6637 acc1 38.77%
2026-03-26 05:03:00 - __main__ - INFO - 
Epoch 99/100 | lr 0.000002
2026-03-26 05:03:13 - __main__ - INFO - Train: loss 0.7896 acc1 99.87%
2026-03-26 05:03:13 - __main__ - INFO - Val:   loss 3.6634 acc1 38.85%
2026-03-26 05:03:13 - __main__ - INFO - 
Epoch 100/100 | lr 0.000001
2026-03-26 05:03:25 - __main__ - INFO - Train: loss 0.7893 acc1 99.88%
2026-03-26 05:03:25 - __main__ - INFO - Val:   loss 3.6640 acc1 38.77%
2026-03-26 05:03:25 - __main__ - INFO - Loaded best checkpoint weights for final test evaluation.
2026-03-26 05:03:27 - __main__ - INFO - 
Best tracked (val): 38.95%
2026-03-26 05:03:27 - __main__ - INFO - Final test: loss 3.6434 acc1 39.54%
2026-03-26 05:03:32 - __main__ - INFO - Variant [shuffled_cam_low_saliency] done — test acc 39.54%, test loss 3.6434
2026-03-26 05:03:32 - __main__ - INFO - Saved validation comparison plot: runs/cifar100_2026_03/25/convnext_tiny/validation_comparison_plot.png
2026-03-26 05:03:32 - __main__ - INFO - 
Results saved to ./runs/cifar100_2026_03/25/comparison_results.json
2026-03-26 05:03:32 - __main__ - INFO - 
========================================================================
2026-03-26 05:03:32 - __main__ - INFO - COMPARISON RESULTS — output model: resnet34
2026-03-26 05:03:32 - __main__ - INFO - ========================================================================
2026-03-26 05:03:32 - __main__ - INFO - Variant              Accuracy       Loss
2026-03-26 05:03:32 - __main__ - INFO - ------------------ ---------- ----------
2026-03-26 05:03:32 - __main__ - INFO - original               77.11%     0.9386
2026-03-26 05:03:32 - __main__ - INFO - low_saliency           75.26%     1.1798
2026-03-26 05:03:32 - __main__ - INFO - random_sparsity        75.41%     1.0026
2026-03-26 05:03:32 - __main__ - INFO - shuffled_cam_low_saliency     75.63%     1.0205
2026-03-26 05:03:32 - __main__ - INFO - ========================================================================
2026-03-26 05:03:32 - __main__ - INFO - CROSS-EVAL MATRIX — output model: resnet34
2026-03-26 05:03:32 - __main__ - INFO - Train / Test               original low_saliency
2026-03-26 05:03:32 - __main__ - INFO - ---------------------- ------------ ------------
2026-03-26 05:03:32 - __main__ - INFO - original                     77.11%       75.52%
2026-03-26 05:03:32 - __main__ - INFO - low_saliency                 72.98%       75.26%
2026-03-26 05:03:32 - __main__ - INFO - Interpretation: train(masked)->test(original) isolates augmentation transfer; train(original)->test(masked) isolates preprocessing effect.
2026-03-26 05:03:32 - __main__ - INFO - ========================================================================
2026-03-26 05:03:32 - __main__ - INFO - 
========================================================================
2026-03-26 05:03:32 - __main__ - INFO - COMPARISON RESULTS — output model: densenet121
2026-03-26 05:03:32 - __main__ - INFO - ========================================================================
2026-03-26 05:03:32 - __main__ - INFO - Variant              Accuracy       Loss
2026-03-26 05:03:32 - __main__ - INFO - ------------------ ---------- ----------
2026-03-26 05:03:32 - __main__ - INFO - original               61.41%     1.9673
2026-03-26 05:03:32 - __main__ - INFO - low_saliency           61.82%     2.0634
2026-03-26 05:03:32 - __main__ - INFO - random_sparsity        51.37%     2.6901
2026-03-26 05:03:32 - __main__ - INFO - shuffled_cam_low_saliency     57.73%     2.2077
2026-03-26 05:03:32 - __main__ - INFO - ========================================================================
2026-03-26 05:03:32 - __main__ - INFO - CROSS-EVAL MATRIX — output model: densenet121
2026-03-26 05:03:32 - __main__ - INFO - Train / Test               original low_saliency
2026-03-26 05:03:32 - __main__ - INFO - ---------------------- ------------ ------------
2026-03-26 05:03:32 - __main__ - INFO - original                     61.41%       55.80%
2026-03-26 05:03:32 - __main__ - INFO - low_saliency                 56.53%       61.82%
2026-03-26 05:03:32 - __main__ - INFO - Interpretation: train(masked)->test(original) isolates augmentation transfer; train(original)->test(masked) isolates preprocessing effect.
2026-03-26 05:03:32 - __main__ - INFO - ========================================================================
2026-03-26 05:03:32 - __main__ - INFO - 
========================================================================
2026-03-26 05:03:32 - __main__ - INFO - COMPARISON RESULTS — output model: efficientnet_b0
2026-03-26 05:03:32 - __main__ - INFO - ========================================================================
2026-03-26 05:03:32 - __main__ - INFO - Variant              Accuracy       Loss
2026-03-26 05:03:32 - __main__ - INFO - ------------------ ---------- ----------
2026-03-26 05:03:32 - __main__ - INFO - original               52.36%     2.7216
2026-03-26 05:03:32 - __main__ - INFO - low_saliency           55.20%     2.6352
2026-03-26 05:03:32 - __main__ - INFO - random_sparsity        50.62%     2.8036
2026-03-26 05:03:32 - __main__ - INFO - shuffled_cam_low_saliency     50.88%     2.7913
2026-03-26 05:03:32 - __main__ - INFO - ========================================================================
2026-03-26 05:03:32 - __main__ - INFO - CROSS-EVAL MATRIX — output model: efficientnet_b0
2026-03-26 05:03:32 - __main__ - INFO - Train / Test               original low_saliency
2026-03-26 05:03:32 - __main__ - INFO - ---------------------- ------------ ------------
2026-03-26 05:03:32 - __main__ - INFO - original                     52.36%       49.99%
2026-03-26 05:03:32 - __main__ - INFO - low_saliency                 48.87%       55.20%
2026-03-26 05:03:32 - __main__ - INFO - Interpretation: train(masked)->test(original) isolates augmentation transfer; train(original)->test(masked) isolates preprocessing effect.
2026-03-26 05:03:32 - __main__ - INFO - ========================================================================
2026-03-26 05:03:32 - __main__ - INFO - 
========================================================================
2026-03-26 05:03:32 - __main__ - INFO - COMPARISON RESULTS — output model: mobilenet_v3_small
2026-03-26 05:03:32 - __main__ - INFO - ========================================================================
2026-03-26 05:03:32 - __main__ - INFO - Variant              Accuracy       Loss
2026-03-26 05:03:32 - __main__ - INFO - ------------------ ---------- ----------
2026-03-26 05:03:32 - __main__ - INFO - original               38.90%     2.6130
2026-03-26 05:03:32 - __main__ - INFO - low_saliency           40.34%     2.6036
2026-03-26 05:03:32 - __main__ - INFO - random_sparsity        34.03%     2.7672
2026-03-26 05:03:32 - __main__ - INFO - shuffled_cam_low_saliency     39.08%     2.5842
2026-03-26 05:03:32 - __main__ - INFO - ========================================================================
2026-03-26 05:03:32 - __main__ - INFO - CROSS-EVAL MATRIX — output model: mobilenet_v3_small
2026-03-26 05:03:32 - __main__ - INFO - Train / Test               original low_saliency
2026-03-26 05:03:32 - __main__ - INFO - ---------------------- ------------ ------------
2026-03-26 05:03:32 - __main__ - INFO - original                     38.90%       35.76%
2026-03-26 05:03:32 - __main__ - INFO - low_saliency                 35.07%       40.34%
2026-03-26 05:03:32 - __main__ - INFO - Interpretation: train(masked)->test(original) isolates augmentation transfer; train(original)->test(masked) isolates preprocessing effect.
2026-03-26 05:03:32 - __main__ - INFO - ========================================================================
2026-03-26 05:03:32 - __main__ - INFO - 
========================================================================
2026-03-26 05:03:32 - __main__ - INFO - COMPARISON RESULTS — output model: convnext_tiny
2026-03-26 05:03:32 - __main__ - INFO - ========================================================================
2026-03-26 05:03:32 - __main__ - INFO - Variant              Accuracy       Loss
2026-03-26 05:03:32 - __main__ - INFO - ------------------ ---------- ----------
2026-03-26 05:03:32 - __main__ - INFO - original               40.90%     3.6282
2026-03-26 05:03:32 - __main__ - INFO - low_saliency           43.61%     3.4303
2026-03-26 05:03:32 - __main__ - INFO - random_sparsity        36.30%     3.8495
2026-03-26 05:03:32 - __main__ - INFO - shuffled_cam_low_saliency     39.54%     3.6434
2026-03-26 05:03:32 - __main__ - INFO - ========================================================================
2026-03-26 05:03:32 - __main__ - INFO - CROSS-EVAL MATRIX — output model: convnext_tiny
2026-03-26 05:03:32 - __main__ - INFO - Train / Test               original low_saliency
2026-03-26 05:03:32 - __main__ - INFO - ---------------------- ------------ ------------
2026-03-26 05:03:32 - __main__ - INFO - original                     40.90%       31.24%
2026-03-26 05:03:32 - __main__ - INFO - low_saliency                 37.77%       43.61%
2026-03-26 05:03:32 - __main__ - INFO - Interpretation: train(masked)->test(original) isolates augmentation transfer; train(original)->test(masked) isolates preprocessing effect.
2026-03-26 05:03:32 - __main__ - INFO - ========================================================================
