dataset,architecture,comparison_key,comparison,condition,mode,M,cutout_area,condition_a,condition_b,M_a,M_b,metric,metric_label,difference_interpretation,n_paired_seeds,seeds_paired,seeds_missing,mean_paired_difference,sample_variance,sample_std,standard_error,ci95_low,ci95_high,min,max,seed_42_difference,seed_43_difference,seed_44_difference,seed_level_differences
CIFAR-100,resnet18,cam_low_minus_random,Low-saliency cutout minus random cutout,Low-saliency cutout,cam_low,4.0,0.05,Low-saliency cutout M4,Random cutout M4,4,4.0,best_to_final_degradation,Best-to-final degradation,positive means Low-saliency cutout M4 is higher than Random cutout M4,3,42;43;44,,0.00217566666666665,9.929885433333286e-05,0.009964881049632899,0.005753226756448155,-0.022578470142763596,0.026929803476096893,-0.008570999999999995,0.011109999999999953,-0.008570999999999995,0.0039879999999999916,0.011109999999999953,42:-0.0085710000;43:0.0039880000;44:0.0111100000
CIFAR-100,resnet18,cam_low_minus_random,Low-saliency cutout minus random cutout,Low-saliency cutout,cam_low,4.0,0.05,Low-saliency cutout M4,Random cutout M4,4,4.0,best_validation_accuracy,Best validation accuracy,positive means Low-saliency cutout M4 is higher than Random cutout M4,3,42;43;44,,0.0012293333333333416,9.661541333333333e-06,0.0031083020016293996,0.0017945789973633866,-0.006492116888713671,0.008950783555380355,-0.0010000000000000009,0.0047800000000000065,-0.0010000000000000009,0.0047800000000000065,-9.199999999998099e-05,42:-0.0010000000;43:0.0047800000;44:-0.0000920000
CIFAR-100,resnet18,cam_low_minus_random,Low-saliency cutout minus random cutout,Low-saliency cutout,cam_low,4.0,0.05,Low-saliency cutout M4,Random cutout M4,4,4.0,final_validation_accuracy,Final validation accuracy,positive means Low-saliency cutout M4 is higher than Random cutout M4,3,42;43;44,,-0.0009463333333333083,9.037273433333263e-05,0.009506457507049228,0.005488555800734611,-0.024561682932634447,0.022669016265967828,-0.011201999999999934,0.007570999999999994,0.007570999999999994,0.0007920000000000149,-0.011201999999999934,42:0.0075710000;43:0.0007920000;44:-0.0112020000
CIFAR-100,resnet18,cam_low_minus_random,Low-saliency cutout minus random cutout,Low-saliency cutout,cam_low,4.0,0.05,Low-saliency cutout M4,Random cutout M4,4,4.0,maximum_validation_drawdown,Maximum validation drawdown,positive means Low-saliency cutout M4 is higher than Random cutout M4,3,42;43;44,,0.024655333333333324,0.0033883878253333287,0.058209860207127526,0.033607478460075564,-0.11994597560834518,0.16925664227501183,-0.03546599999999994,0.08074399999999998,0.028687999999999936,-0.03546599999999994,0.08074399999999998,42:0.0286880000;43:-0.0354660000;44:0.0807440000
CIFAR-100,resnet18,cam_low_minus_random,Low-saliency cutout minus random cutout,Low-saliency cutout,cam_low,4.0,0.05,Low-saliency cutout M4,Random cutout M4,4,4.0,validation_aulc,Normalized validation AULC,positive means Low-saliency cutout M4 is higher than Random cutout M4,3,42;43;44,,0.0011863939393940148,1.7737663747092414e-05,0.004211610588253906,0.0024315745068502707,-0.009275826750487964,0.011648614629275994,-0.00364351010101005,0.004092959595959789,0.003109732323232306,0.004092959595959789,-0.00364351010101005,42:0.0031097323;43:0.0040929596;44:-0.0036435101
CIFAR-100,resnet18,cam_low_minus_random,Low-saliency cutout minus random cutout,Low-saliency cutout,cam_low,4.0,0.1,Low-saliency cutout M4,Random cutout M4,4,4.0,best_to_final_degradation,Best-to-final degradation,positive means Low-saliency cutout M4 is higher than Random cutout M4,3,42;43;44,,0.00461866666666666,4.898905433333385e-05,0.0069992181230001576,0.004041000467431048,-0.012768355026098278,0.022005688359431598,-0.0015730000000000466,0.01221300000000003,0.01221300000000003,-0.0015730000000000466,0.0032159999999999966,42:0.0122130000;43:-0.0015730000;44:0.0032160000
CIFAR-100,resnet18,cam_low_minus_random,Low-saliency cutout minus random cutout,Low-saliency cutout,cam_low,4.0,0.1,Low-saliency cutout M4,Random cutout M4,4,4.0,best_validation_accuracy,Best validation accuracy,positive means Low-saliency cutout M4 is higher than Random cutout M4,3,42;43;44,,0.012469333333333296,4.8771116333333453e-05,0.006983632030207022,0.004032001832561317,-0.004878970358543918,0.02981763702521051,0.007697999999999983,0.020484999999999975,0.020484999999999975,0.007697999999999983,0.009224999999999928,42:0.0204850000;43:0.0076980000;44:0.0092250000
CIFAR-100,resnet18,cam_low_minus_random,Low-saliency cutout minus random cutout,Low-saliency cutout,cam_low,4.0,0.1,Low-saliency cutout M4,Random cutout M4,4,4.0,final_validation_accuracy,Final validation accuracy,positive means Low-saliency cutout M4 is higher than Random cutout M4,3,42;43;44,,0.007850666666666636,2.7933023333334793e-06,0.0016713175441350095,0.000964935634007692,0.0036988837268147733,0.012002449606518499,0.006008999999999931,0.00927100000000003,0.008271999999999946,0.00927100000000003,0.006008999999999931,42:0.0082720000;43:0.0092710000;44:0.0060090000
CIFAR-100,resnet18,cam_low_minus_random,Low-saliency cutout minus random cutout,Low-saliency cutout,cam_low,4.0,0.1,Low-saliency cutout M4,Random cutout M4,4,4.0,maximum_validation_drawdown,Maximum validation drawdown,positive means Low-saliency cutout M4 is higher than Random cutout M4,3,42;43;44,,0.03779133333333327,0.04286397842233334,0.20703617660286652,0.11953239229365589,-0.4765150406817906,0.5520977073484572,-0.17506900000000009,0.23846499999999993,0.04997799999999997,-0.17506900000000009,0.23846499999999993,42:0.0499780000;43:-0.1750690000;44:0.2384650000
CIFAR-100,resnet18,cam_low_minus_random,Low-saliency cutout minus random cutout,Low-saliency cutout,cam_low,4.0,0.1,Low-saliency cutout M4,Random cutout M4,4,4.0,validation_aulc,Normalized validation AULC,positive means Low-saliency cutout M4 is higher than Random cutout M4,3,42;43;44,,0.007580057239057192,1.896952914361735e-05,0.004355402294119035,0.0025145926869387385,-0.003239361850014699,0.018399476328129084,0.002872171717171579,0.011465792929293062,0.011465792929293062,0.008402207070706935,0.002872171717171579,42:0.0114657929;43:0.0084022071;44:0.0028721717
CIFAR-100,resnet18,cam_low_minus_random,Low-saliency cutout minus random cutout,Low-saliency cutout,cam_low,4.0,0.2,Low-saliency cutout M4,Random cutout M4,4,4.0,best_to_final_degradation,Best-to-final degradation,positive means Low-saliency cutout M4 is higher than Random cutout M4,3,42;43;44,,-0.0050703333333333616,8.900290333333363e-06,0.00298333543761565,0.0017224295179903456,-0.012481349400994282,0.00234068273432756,-0.008284000000000069,-0.0023890000000000855,-0.008284000000000069,-0.004537999999999931,-0.0023890000000000855,42:-0.0082840000;43:-0.0045380000;44:-0.0023890000
CIFAR-100,resnet18,cam_low_minus_random,Low-saliency cutout minus random cutout,Low-saliency cutout,cam_low,4.0,0.2,Low-saliency cutout M4,Random cutout M4,4,4.0,best_validation_accuracy,Best validation accuracy,positive means Low-saliency cutout M4 is higher than Random cutout M4,3,42;43;44,,0.03580366666666668,0.00010840748933333451,0.010411891726931015,0.0060113084913168595,0.009939093776163366,0.06166823955716999,0.02525299999999997,0.046071000000000084,0.03608699999999998,0.046071000000000084,0.02525299999999997,42:0.0360870000;43:0.0460710000;44:0.0252530000
CIFAR-100,resnet18,cam_low_minus_random,Low-saliency cutout minus random cutout,Low-saliency cutout,cam_low,4.0,0.2,Low-saliency cutout M4,Random cutout M4,4,4.0,final_validation_accuracy,Final validation accuracy,positive means Low-saliency cutout M4 is higher than Random cutout M4,3,42;43;44,,0.04087400000000004,0.0001410425289999996,0.011876132745974153,0.006856688437819908,0.011372050774863144,0.07037594922513694,0.027642000000000055,0.050609000000000015,0.04437100000000005,0.050609000000000015,0.027642000000000055,42:0.0443710000;43:0.0506090000;44:0.0276420000
CIFAR-100,resnet18,cam_low_minus_random,Low-saliency cutout minus random cutout,Low-saliency cutout,cam_low,4.0,0.2,Low-saliency cutout M4,Random cutout M4,4,4.0,maximum_validation_drawdown,Maximum validation drawdown,positive means Low-saliency cutout M4 is higher than Random cutout M4,3,42;43;44,,-0.05245866666666669,0.014409631480333342,0.12004012445983776,0.06930519817044352,-0.3506548667717674,0.245737533438434,-0.18414500000000006,0.050850000000000006,-0.02408100000000002,0.050850000000000006,-0.18414500000000006,42:-0.0240810000;43:0.0508500000;44:-0.1841450000
CIFAR-100,resnet18,cam_low_minus_random,Low-saliency cutout minus random cutout,Low-saliency cutout,cam_low,4.0,0.2,Low-saliency cutout M4,Random cutout M4,4,4.0,validation_aulc,Normalized validation AULC,positive means Low-saliency cutout M4 is higher than Random cutout M4,3,42;43;44,,0.019794262626262677,1.070343977555907e-05,0.0032716111895454616,0.0018888656009678642,0.011667129891822796,0.02792139536070256,0.01604098484848482,0.022042545454545537,0.022042545454545537,0.02129925757575768,0.01604098484848482,42:0.0220425455;43:0.0212992576;44:0.0160409848
CIFAR-100,resnet18,cam_low_minus_random,Low-saliency cutout minus random cutout,Low-saliency cutout,cam_low,4.0,0.3,Low-saliency cutout M4,Random cutout M4,4,4.0,best_to_final_degradation,Best-to-final degradation,positive means Low-saliency cutout M4 is higher than Random cutout M4,3,42;43;44,,0.0038713333333333746,4.442841733333262e-05,0.006665464524947426,0.0038483077377522977,-0.01268659846004523,0.02042926512671198,-0.0027119999999999367,0.010615999999999959,-0.0027119999999999367,0.010615999999999959,0.003710000000000102,42:-0.0027120000;43:0.0106160000;44:0.0037100000
CIFAR-100,resnet18,cam_low_minus_random,Low-saliency cutout minus random cutout,Low-saliency cutout,cam_low,4.0,0.3,Low-saliency cutout M4,Random cutout M4,4,4.0,best_validation_accuracy,Best validation accuracy,positive means Low-saliency cutout M4 is higher than Random cutout M4,3,42;43;44,,0.05968499999999999,3.868514799999941e-05,0.006219738579715341,0.0035909677432877526,0.04423431283631961,0.07513568716368037,0.05377900000000002,0.06617699999999993,0.05909900000000001,0.06617699999999993,0.05377900000000002,42:0.0590990000;43:0.0661770000;44:0.0537790000
CIFAR-100,resnet18,cam_low_minus_random,Low-saliency cutout minus random cutout,Low-saliency cutout,cam_low,4.0,0.3,Low-saliency cutout M4,Random cutout M4,4,4.0,final_validation_accuracy,Final validation accuracy,positive means Low-saliency cutout M4 is higher than Random cutout M4,3,42;43;44,,0.055813666666666616,3.4516521333333504e-05,0.005875076283192713,0.003391976873610899,0.04121916811162877,0.07040816522170446,0.05006899999999992,0.06181099999999995,0.06181099999999995,0.05556099999999997,0.05006899999999992,42:0.0618110000;43:0.0555610000;44:0.0500690000
CIFAR-100,resnet18,cam_low_minus_random,Low-saliency cutout minus random cutout,Low-saliency cutout,cam_low,4.0,0.3,Low-saliency cutout M4,Random cutout M4,4,4.0,maximum_validation_drawdown,Maximum validation drawdown,positive means Low-saliency cutout M4 is higher than Random cutout M4,3,42;43;44,,0.024363666666666655,0.0011022129013333335,0.033199591885041804,0.0191677933118146,-0.0581086915527875,0.10683602488612082,-0.013971000000000011,0.043760999999999994,0.04330099999999998,-0.013971000000000011,0.043760999999999994,42:0.0433010000;43:-0.0139710000;44:0.0437610000
CIFAR-100,resnet18,cam_low_minus_random,Low-saliency cutout minus random cutout,Low-saliency cutout,cam_low,4.0,0.3,Low-saliency cutout M4,Random cutout M4,4,4.0,validation_aulc,Normalized validation AULC,positive means Low-saliency cutout M4 is higher than Random cutout M4,3,42;43;44,,0.03516620538720542,2.5206134352574468e-05,0.005020571118167182,0.0028986280865594834,0.022694415337572764,0.047637995436838075,0.0296862727272727,0.03954442929292917,0.03626791414141439,0.03954442929292917,0.0296862727272727,42:0.0362679141;43:0.0395444293;44:0.0296862727
CIFAR-100,resnet18,cam_low_minus_random,Low-saliency cutout minus random cutout,Low-saliency cutout,cam_low,8.0,0.05,Low-saliency cutout M8,Random cutout M8,8,8.0,best_to_final_degradation,Best-to-final degradation,positive means Low-saliency cutout M8 is higher than Random cutout M8,3,42;43;44,,0.009037666666666685,2.7811430333333175e-05,0.005273654362331037,0.0030447457657048686,-0.004062817014029161,0.02213815034736253,0.004182000000000019,0.014647999999999994,0.014647999999999994,0.004182000000000019,0.00828300000000004,42:0.0146480000;43:0.0041820000;44:0.0082830000
CIFAR-100,resnet18,cam_low_minus_random,Low-saliency cutout minus random cutout,Low-saliency cutout,cam_low,8.0,0.05,Low-saliency cutout M8,Random cutout M8,8,8.0,best_validation_accuracy,Best validation accuracy,positive means Low-saliency cutout M8 is higher than Random cutout M8,3,42;43;44,,0.008528666666666703,9.219072333333426e-06,0.0030362925309221156,0.0017530043100663336,0.0009860978864135624,0.016071235446919845,0.006480000000000041,0.012017000000000055,0.012017000000000055,0.006480000000000041,0.007089000000000012,42:0.0120170000;43:0.0064800000;44:0.0070890000
CIFAR-100,resnet18,cam_low_minus_random,Low-saliency cutout minus random cutout,Low-saliency cutout,cam_low,8.0,0.05,Low-saliency cutout M8,Random cutout M8,8,8.0,final_validation_accuracy,Final validation accuracy,positive means Low-saliency cutout M8 is higher than Random cutout M8,3,42;43;44,,-0.0005089999999999817,6.425678999999952e-06,0.0025348923054046993,0.0014635207548921144,-0.0068060215713183474,0.005788021571318384,-0.002630999999999939,0.0022980000000000222,-0.002630999999999939,0.0022980000000000222,-0.0011940000000000284,42:-0.0026310000;43:0.0022980000;44:-0.0011940000
CIFAR-100,resnet18,cam_low_minus_random,Low-saliency cutout minus random cutout,Low-saliency cutout,cam_low,8.0,0.05,Low-saliency cutout M8,Random cutout M8,8,8.0,maximum_validation_drawdown,Maximum validation drawdown,positive means Low-saliency cutout M8 is higher than Random cutout M8,3,42;43;44,,-0.022886333333333342,0.005434681217333332,0.07372029040456456,0.04256242950981273,-0.2060176868553853,0.1602450201887186,-0.09514100000000003,0.05221699999999996,-0.09514100000000003,0.05221699999999996,-0.025734999999999952,42:-0.0951410000;43:0.0522170000;44:-0.0257350000
CIFAR-100,resnet18,cam_low_minus_random,Low-saliency cutout minus random cutout,Low-saliency cutout,cam_low,8.0,0.05,Low-saliency cutout M8,Random cutout M8,8,8.0,validation_aulc,Normalized validation AULC,positive means Low-saliency cutout M8 is higher than Random cutout M8,3,42;43;44,,0.005670835016835037,1.902712386040495e-06,0.0013793884101443274,0.0007963902699138774,0.0022442442479153153,0.009097425785754759,0.004715348484848447,0.007252207070707062,0.005044949494949602,0.007252207070707062,0.004715348484848447,42:0.0050449495;43:0.0072522071;44:0.0047153485
CIFAR-100,resnet18,cam_low_minus_random,Low-saliency cutout minus random cutout,Low-saliency cutout,cam_low,8.0,0.1,Low-saliency cutout M8,Random cutout M8,8,8.0,best_to_final_degradation,Best-to-final degradation,positive means Low-saliency cutout M8 is higher than Random cutout M8,3,42;43;44,,-0.0011833333333333511,8.555626333332794e-06,0.002925000227920127,0.001688749668969402,-0.00844943670666131,0.006082770039994608,-0.004525999999999919,0.0009069999999998801,0.0009069999999998801,-0.004525999999999919,6.899999999998574e-05,42:0.0009070000;43:-0.0045260000;44:0.0000690000
CIFAR-100,resnet18,cam_low_minus_random,Low-saliency cutout minus random cutout,Low-saliency cutout,cam_low,8.0,0.1,Low-saliency cutout M8,Random cutout M8,8,8.0,best_validation_accuracy,Best validation accuracy,positive means Low-saliency cutout M8 is higher than Random cutout M8,3,42;43;44,,0.010397333333333333,4.690923633333374e-05,0.006849031780721546,0.0039542903422878865,-0.006616604802773431,0.0274112714694401,0.002561999999999953,0.015244999999999953,0.002561999999999953,0.013385000000000091,0.015244999999999953,42:0.0025620000;43:0.0133850000;44:0.0152450000
CIFAR-100,resnet18,cam_low_minus_random,Low-saliency cutout minus random cutout,Low-saliency cutout,cam_low,8.0,0.1,Low-saliency cutout M8,Random cutout M8,8,8.0,final_validation_accuracy,Final validation accuracy,positive means Low-saliency cutout M8 is higher than Random cutout M8,3,42;43;44,,0.011580666666666684,7.575920033333256e-05,0.008703976122056664,0.00502524295708949,-0.010041208661121816,0.03320254199445519,0.001655000000000073,0.01791100000000001,0.001655000000000073,0.01791100000000001,0.015175999999999967,42:0.0016550000;43:0.0179110000;44:0.0151760000
CIFAR-100,resnet18,cam_low_minus_random,Low-saliency cutout minus random cutout,Low-saliency cutout,cam_low,8.0,0.1,Low-saliency cutout M8,Random cutout M8,8,8.0,maximum_validation_drawdown,Maximum validation drawdown,positive means Low-saliency cutout M8 is higher than Random cutout M8,3,42;43;44,,0.13913900000000004,0.004586828550999999,0.06772612901236863,0.03910169881646235,-0.02910203115682017,0.3073800311568202,0.06111000000000005,0.18267400000000006,0.18267400000000006,0.17363300000000004,0.06111000000000005,42:0.1826740000;43:0.1736330000;44:0.0611100000
CIFAR-100,resnet18,cam_low_minus_random,Low-saliency cutout minus random cutout,Low-saliency cutout,cam_low,8.0,0.1,Low-saliency cutout M8,Random cutout M8,8,8.0,validation_aulc,Normalized validation AULC,positive means Low-saliency cutout M8 is higher than Random cutout M8,3,42;43;44,,0.007562747474747463,1.037827565727983e-05,0.003221533122176432,0.0018599530152918588,-0.0004399844440047601,0.015565479393499684,0.0038825151515151646,0.009872111111111193,0.0038825151515151646,0.008933616161616031,0.009872111111111193,42:0.0038825152;43:0.0089336162;44:0.0098721111
CIFAR-100,resnet18,cam_low_minus_random,Low-saliency cutout minus random cutout,Low-saliency cutout,cam_low,8.0,0.2,Low-saliency cutout M8,Random cutout M8,8,8.0,best_to_final_degradation,Best-to-final degradation,positive means Low-saliency cutout M8 is higher than Random cutout M8,3,42;43;44,,0.00016499999999993373,2.5435525000000223e-05,0.005043364452426596,0.0029117878242298847,-0.01236341183084519,0.01269341183084506,-0.005640000000000089,0.003469999999999973,0.003469999999999973,-0.005640000000000089,0.0026649999999999174,42:0.0034700000;43:-0.0056400000;44:0.0026650000
CIFAR-100,resnet18,cam_low_minus_random,Low-saliency cutout minus random cutout,Low-saliency cutout,cam_low,8.0,0.2,Low-saliency cutout M8,Random cutout M8,8,8.0,best_validation_accuracy,Best validation accuracy,positive means Low-saliency cutout M8 is higher than Random cutout M8,3,42;43;44,,0.036818666666666666,5.904482333333135e-06,0.002429914058836883,0.0014029115359771305,0.030782425516570646,0.04285490781676268,0.03500700000000001,0.03957999999999995,0.03586900000000004,0.03957999999999995,0.03500700000000001,42:0.0358690000;43:0.0395800000;44:0.0350070000
CIFAR-100,resnet18,cam_low_minus_random,Low-saliency cutout minus random cutout,Low-saliency cutout,cam_low,8.0,0.2,Low-saliency cutout M8,Random cutout M8,8,8.0,final_validation_accuracy,Final validation accuracy,positive means Low-saliency cutout M8 is higher than Random cutout M8,3,42;43;44,,0.03665366666666673,5.503736233333297e-05,0.007418717027447062,0.004283198272838222,0.018224551925288098,0.05508278140804536,0.03234200000000009,0.04522000000000004,0.03239900000000007,0.04522000000000004,0.03234200000000009,42:0.0323990000;43:0.0452200000;44:0.0323420000
CIFAR-100,resnet18,cam_low_minus_random,Low-saliency cutout minus random cutout,Low-saliency cutout,cam_low,8.0,0.2,Low-saliency cutout M8,Random cutout M8,8,8.0,maximum_validation_drawdown,Maximum validation drawdown,positive means Low-saliency cutout M8 is higher than Random cutout M8,3,42;43;44,,0.08306866666666668,0.012138640742333335,0.11017549973716177,0.06360985443135189,-0.19062244715164833,0.3567597804849817,0.018359000000000014,0.21028200000000002,0.018359000000000014,0.21028200000000002,0.020565,42:0.0183590000;43:0.2102820000;44:0.0205650000
CIFAR-100,resnet18,cam_low_minus_random,Low-saliency cutout minus random cutout,Low-saliency cutout,cam_low,8.0,0.2,Low-saliency cutout M8,Random cutout M8,8,8.0,validation_aulc,Normalized validation AULC,positive means Low-saliency cutout M8 is higher than Random cutout M8,3,42;43;44,,0.02062046969696966,7.365009709214757e-07,0.000858196347534453,0.0004954798922665701,0.01848859178589276,0.022752347608046564,0.020113398989898834,0.02161133838383844,0.02161133838383844,0.020136671717171706,0.020113398989898834,42:0.0216113384;43:0.0201366717;44:0.0201133990
CIFAR-100,resnet18,cam_low_minus_random,Low-saliency cutout minus random cutout,Low-saliency cutout,cam_low,8.0,0.3,Low-saliency cutout M8,Random cutout M8,8,8.0,best_to_final_degradation,Best-to-final degradation,positive means Low-saliency cutout M8 is higher than Random cutout M8,3,42;43;44,,0.018064666666666656,8.391528233333356e-05,0.009160528496398751,0.005288833593315057,-0.004691347631656833,0.04082068096499014,0.00906499999999999,0.027378000000000013,0.01775099999999996,0.027378000000000013,0.00906499999999999,42:0.0177510000;43:0.0273780000;44:0.0090650000
CIFAR-100,resnet18,cam_low_minus_random,Low-saliency cutout minus random cutout,Low-saliency cutout,cam_low,8.0,0.3,Low-saliency cutout M8,Random cutout M8,8,8.0,best_validation_accuracy,Best validation accuracy,positive means Low-saliency cutout M8 is higher than Random cutout M8,3,42;43;44,,0.07908266666666668,0.00014302098633333401,0.011959138193587949,0.006904611655343938,0.049374520478823875,0.10879081285450948,0.06684299999999999,0.09074000000000004,0.07966499999999999,0.09074000000000004,0.06684299999999999,42:0.0796650000;43:0.0907400000;44:0.0668430000
CIFAR-100,resnet18,cam_low_minus_random,Low-saliency cutout minus random cutout,Low-saliency cutout,cam_low,8.0,0.3,Low-saliency cutout M8,Random cutout M8,8,8.0,final_validation_accuracy,Final validation accuracy,positive means Low-saliency cutout M8 is higher than Random cutout M8,3,42;43;44,,0.06101800000000002,8.397376000000103e-06,0.002897822630873067,0.0016730586759983548,0.053819409520413954,0.06821659047958609,0.057777999999999996,0.06336200000000003,0.061914000000000025,0.06336200000000003,0.057777999999999996,42:0.0619140000;43:0.0633620000;44:0.0577780000
CIFAR-100,resnet18,cam_low_minus_random,Low-saliency cutout minus random cutout,Low-saliency cutout,cam_low,8.0,0.3,Low-saliency cutout M8,Random cutout M8,8,8.0,maximum_validation_drawdown,Maximum validation drawdown,positive means Low-saliency cutout M8 is higher than Random cutout M8,3,42;43;44,,0.008134333333333335,0.0002991965003333333,0.017297297486409062,0.009986599360031309,-0.03483453566563557,0.051103202332302235,-0.008489999999999998,0.026034,0.026034,-0.008489999999999998,0.006859000000000004,42:0.0260340000;43:-0.0084900000;44:0.0068590000
CIFAR-100,resnet18,cam_low_minus_random,Low-saliency cutout minus random cutout,Low-saliency cutout,cam_low,8.0,0.3,Low-saliency cutout M8,Random cutout M8,8,8.0,validation_aulc,Normalized validation AULC,positive means Low-saliency cutout M8 is higher than Random cutout M8,3,42;43;44,,0.04504304882154878,2.4166716633718522e-05,0.004915965483373385,0.0028382339951525328,0.032831113574178755,0.05725498406891881,0.04100195454545463,0.05051596969696959,0.04100195454545463,0.05051596969696959,0.043611222222222135,42:0.0410019545;43:0.0505159697;44:0.0436112222
CIFAR-100,resnet18,cam_high_minus_random,High-saliency cutout minus random cutout,High-saliency cutout,cam_high,4.0,0.05,High-saliency cutout M4,Random cutout M4,4,4.0,best_to_final_degradation,Best-to-final degradation,positive means High-saliency cutout M4 is higher than Random cutout M4,3,42;43;44,,0.0002603333333333069,1.6062409333333216e-05,0.0040077935741918164,0.0023139006989160976,-0.009695577825601646,0.01021624449226826,-0.00436700000000001,0.002630999999999939,-0.00436700000000001,0.0025169999999999915,0.002630999999999939,42:-0.0043670000;43:0.0025170000;44:0.0026310000
CIFAR-100,resnet18,cam_high_minus_random,High-saliency cutout minus random cutout,High-saliency cutout,cam_high,4.0,0.05,High-saliency cutout M4,Random cutout M4,4,4.0,best_validation_accuracy,Best validation accuracy,positive means High-saliency cutout M4 is higher than Random cutout M4,3,42;43;44,,-0.019512333333333354,1.951643233333315e-05,0.00441774063672067,0.002550583745820628,-0.030486609450155803,-0.008538057216510905,-0.023737000000000008,-0.014924000000000048,-0.023737000000000008,-0.014924000000000048,-0.019876000000000005,42:-0.0237370000;43:-0.0149240000;44:-0.0198760000
CIFAR-100,resnet18,cam_high_minus_random,High-saliency cutout minus random cutout,High-saliency cutout,cam_high,4.0,0.05,High-saliency cutout M4,Random cutout M4,4,4.0,final_validation_accuracy,Final validation accuracy,positive means High-saliency cutout M4 is higher than Random cutout M4,3,42;43;44,,-0.01977266666666666,6.537694333333087e-06,0.0025568915372641615,0.0014762220173281397,-0.026124337359478708,-0.013420995973854611,-0.022506999999999944,-0.01744100000000004,-0.01937,-0.01744100000000004,-0.022506999999999944,42:-0.0193700000;43:-0.0174410000;44:-0.0225070000
CIFAR-100,resnet18,cam_high_minus_random,High-saliency cutout minus random cutout,High-saliency cutout,cam_high,4.0,0.05,High-saliency cutout M4,Random cutout M4,4,4.0,maximum_validation_drawdown,Maximum validation drawdown,positive means High-saliency cutout M4 is higher than Random cutout M4,3,42;43;44,,0.016256333333333317,0.01822423284933334,0.13499715867133405,0.07794064589872934,-0.3190951995138825,0.3516078661805491,-0.10193100000000005,0.163373,0.163373,-0.01267299999999999,-0.10193100000000005,42:0.1633730000;43:-0.0126730000;44:-0.1019310000
CIFAR-100,resnet18,cam_high_minus_random,High-saliency cutout minus random cutout,High-saliency cutout,cam_high,4.0,0.05,High-saliency cutout M4,Random cutout M4,4,4.0,validation_aulc,Normalized validation AULC,positive means High-saliency cutout M4 is higher than Random cutout M4,3,42;43;44,,-0.016535356902356857,7.033603492101482e-06,0.0026520941710470015,0.0015311872835702238,-0.02312352404801571,-0.009947189756698005,-0.01956138888888892,-0.014614969696969626,-0.01956138888888892,-0.015429712121212025,-0.014614969696969626,42:-0.0195613889;43:-0.0154297121;44:-0.0146149697
CIFAR-100,resnet18,cam_high_minus_random,High-saliency cutout minus random cutout,High-saliency cutout,cam_high,4.0,0.1,High-saliency cutout M4,Random cutout M4,4,4.0,best_to_final_degradation,Best-to-final degradation,positive means High-saliency cutout M4 is higher than Random cutout M4,3,42;43;44,,0.002006666666666638,2.5986122333333945e-05,0.005097658514782443,0.0029431345157464313,-0.010656619092005843,0.014669952425339118,-0.0038720000000000976,0.005205000000000015,0.005205000000000015,-0.0038720000000000976,0.004686999999999997,42:0.0052050000;43:-0.0038720000;44:0.0046870000
CIFAR-100,resnet18,cam_high_minus_random,High-saliency cutout minus random cutout,High-saliency cutout,cam_high,4.0,0.1,High-saliency cutout M4,Random cutout M4,4,4.0,best_validation_accuracy,Best validation accuracy,positive means High-saliency cutout M4 is higher than Random cutout M4,3,42;43;44,,-0.034145333333333396,5.886318633333337e-05,0.0076722347678713125,0.004429566808516508,-0.05320422105432132,-0.01508644561234547,-0.04229100000000008,-0.02705600000000008,-0.02705600000000008,-0.04229100000000008,-0.033089000000000035,42:-0.0270560000;43:-0.0422910000;44:-0.0330890000
CIFAR-100,resnet18,cam_high_minus_random,High-saliency cutout minus random cutout,High-saliency cutout,cam_high,4.0,0.1,High-saliency cutout M4,Random cutout M4,4,4.0,final_validation_accuracy,Final validation accuracy,positive means High-saliency cutout M4 is higher than Random cutout M4,3,42;43;44,,-0.03615200000000004,1.1458272999999639e-05,0.0033850070900959188,0.0019543347546756708,-0.044560823767365795,-0.02774317623263428,-0.03841899999999998,-0.032261000000000095,-0.032261000000000095,-0.03841899999999998,-0.03777600000000003,42:-0.0322610000;43:-0.0384190000;44:-0.0377760000
CIFAR-100,resnet18,cam_high_minus_random,High-saliency cutout minus random cutout,High-saliency cutout,cam_high,4.0,0.1,High-saliency cutout M4,Random cutout M4,4,4.0,maximum_validation_drawdown,Maximum validation drawdown,positive means High-saliency cutout M4 is higher than Random cutout M4,3,42;43;44,,-0.055553000000000054,0.015360881778999998,0.12393902443943956,0.07155622912321004,-0.3634346045791364,0.25232860457913625,-0.19723100000000005,0.03278999999999993,0.03278999999999993,-0.19723100000000005,-0.0022180000000000533,42:0.0327900000;43:-0.1972310000;44:-0.0022180000
CIFAR-100,resnet18,cam_high_minus_random,High-saliency cutout minus random cutout,High-saliency cutout,cam_high,4.0,0.1,High-saliency cutout M4,Random cutout M4,4,4.0,validation_aulc,Normalized validation AULC,positive means High-saliency cutout M4 is higher than Random cutout M4,3,42;43;44,,-0.028673042087542105,3.982358082908444e-06,0.0019955846468913425,0.001152151333073401,-0.03363034916606129,-0.023715735009022923,-0.030573808080808174,-0.026594530303030273,-0.026594530303030273,-0.030573808080808174,-0.028850787878787865,42:-0.0265945303;43:-0.0305738081;44:-0.0288507879
CIFAR-100,resnet18,cam_high_minus_random,High-saliency cutout minus random cutout,High-saliency cutout,cam_high,4.0,0.2,High-saliency cutout M4,Random cutout M4,4,4.0,best_to_final_degradation,Best-to-final degradation,positive means High-saliency cutout M4 is higher than Random cutout M4,3,42;43;44,,0.005441666666666678,1.534420133333323e-05,0.0039171675140761125,0.0022615777187127008,-0.004289116878659037,0.015172450211992393,0.0030210000000000514,0.009960999999999998,0.009960999999999998,0.0030210000000000514,0.003342999999999985,42:0.0099610000;43:0.0030210000;44:0.0033430000
CIFAR-100,resnet18,cam_high_minus_random,High-saliency cutout minus random cutout,High-saliency cutout,cam_high,4.0,0.2,High-saliency cutout M4,Random cutout M4,4,4.0,best_validation_accuracy,Best validation accuracy,positive means High-saliency cutout M4 is higher than Random cutout M4,3,42;43;44,,-0.0539483333333333,2.0256596333333527e-05,0.004500732866248954,0.0025984993318794295,-0.06512877357731695,-0.04276789308934965,-0.057823999999999987,-0.049011999999999944,-0.057823999999999987,-0.049011999999999944,-0.055008999999999975,42:-0.0578240000;43:-0.0490120000;44:-0.0550090000
CIFAR-100,resnet18,cam_high_minus_random,High-saliency cutout minus random cutout,High-saliency cutout,cam_high,4.0,0.2,High-saliency cutout M4,Random cutout M4,4,4.0,final_validation_accuracy,Final validation accuracy,positive means High-saliency cutout M4 is higher than Random cutout M4,3,42;43;44,,-0.05938999999999998,6.283945899999994e-05,0.007927134349813932,0.004576733150767403,-0.07908209338522477,-0.03969790661477518,-0.06778499999999998,-0.052032999999999996,-0.06778499999999998,-0.052032999999999996,-0.05835199999999996,42:-0.0677850000;43:-0.0520330000;44:-0.0583520000
CIFAR-100,resnet18,cam_high_minus_random,High-saliency cutout minus random cutout,High-saliency cutout,cam_high,4.0,0.2,High-saliency cutout M4,Random cutout M4,4,4.0,maximum_validation_drawdown,Maximum validation drawdown,positive means High-saliency cutout M4 is higher than Random cutout M4,3,42;43;44,,-0.07604166666666667,0.013518184492333336,0.11626772764758644,0.06712720385540014,-0.3648667135864147,0.21278338025308136,-0.21028200000000002,-0.007237999999999967,-0.010605000000000031,-0.007237999999999967,-0.21028200000000002,42:-0.0106050000;43:-0.0072380000;44:-0.2102820000
CIFAR-100,resnet18,cam_high_minus_random,High-saliency cutout minus random cutout,High-saliency cutout,cam_high,4.0,0.2,High-saliency cutout M4,Random cutout M4,4,4.0,validation_aulc,Normalized validation AULC,positive means High-saliency cutout M4 is higher than Random cutout M4,3,42;43;44,,-0.05329440067340069,1.4246130114894869e-05,0.003774404604026292,0.002179153514165143,-0.06267054149001909,-0.043918259856782285,-0.05681922727272726,-0.049312116161616126,-0.05681922727272726,-0.049312116161616126,-0.05375185858585868,42:-0.0568192273;43:-0.0493121162;44:-0.0537518586
CIFAR-100,resnet18,cam_high_minus_random,High-saliency cutout minus random cutout,High-saliency cutout,cam_high,4.0,0.3,High-saliency cutout M4,Random cutout M4,4,4.0,best_to_final_degradation,Best-to-final degradation,positive means High-saliency cutout M4 is higher than Random cutout M4,3,42;43;44,,-0.0015203333333333273,1.2473449333333107e-05,0.0035317770786578682,0.0020390724470808704,-0.010293753964252698,0.0072530872975860436,-0.005330999999999975,0.00164299999999995,-0.005330999999999975,0.00164299999999995,-0.0008729999999999571,42:-0.0053310000;43:0.0016430000;44:-0.0008730000
CIFAR-100,resnet18,cam_high_minus_random,High-saliency cutout minus random cutout,High-saliency cutout,cam_high,4.0,0.3,High-saliency cutout M4,Random cutout M4,4,4.0,best_validation_accuracy,Best validation accuracy,positive means High-saliency cutout M4 is higher than Random cutout M4,3,42;43;44,,-0.06719500000000005,2.264627099999997e-05,0.0047588098301991405,0.0027475001364877113,-0.0790165389626905,-0.0553734610373096,-0.07095600000000002,-0.06184500000000004,-0.06184500000000004,-0.06878400000000007,-0.07095600000000002,42:-0.0618450000;43:-0.0687840000;44:-0.0709560000
CIFAR-100,resnet18,cam_high_minus_random,High-saliency cutout minus random cutout,High-saliency cutout,cam_high,4.0,0.3,High-saliency cutout M4,Random cutout M4,4,4.0,final_validation_accuracy,Final validation accuracy,positive means High-saliency cutout M4 is higher than Random cutout M4,3,42;43;44,,-0.06567466666666671,6.296794433333311e-05,0.007935234359067986,0.0045814096932906695,-0.0853868815903458,-0.04596245174298764,-0.07042700000000002,-0.056514000000000064,-0.056514000000000064,-0.07042700000000002,-0.07008300000000006,42:-0.0565140000;43:-0.0704270000;44:-0.0700830000
CIFAR-100,resnet18,cam_high_minus_random,High-saliency cutout minus random cutout,High-saliency cutout,cam_high,4.0,0.3,High-saliency cutout M4,Random cutout M4,4,4.0,maximum_validation_drawdown,Maximum validation drawdown,positive means High-saliency cutout M4 is higher than Random cutout M4,3,42;43;44,,0.02070666666666665,0.00032704272533333305,0.018084322639605084,0.01044098854408804,-0.024217281195526102,0.0656306145288594,-0.00017200000000000548,0.031467999999999996,0.030823999999999963,0.031467999999999996,-0.00017200000000000548,42:0.0308240000;43:0.0314680000;44:-0.0001720000
CIFAR-100,resnet18,cam_high_minus_random,High-saliency cutout minus random cutout,High-saliency cutout,cam_high,4.0,0.3,High-saliency cutout M4,Random cutout M4,4,4.0,validation_aulc,Normalized validation AULC,positive means High-saliency cutout M4 is higher than Random cutout M4,3,42;43;44,,-0.06614167340067338,2.0364302585077254e-05,0.004512682415712107,0.0026053984074786755,-0.07735179797111799,-0.05493154883022877,-0.0706827575757576,-0.06165793939393921,-0.06165793939393921,-0.06608432323232333,-0.0706827575757576,42:-0.0616579394;43:-0.0660843232;44:-0.0706827576
CIFAR-100,resnet18,cam_high_minus_random,High-saliency cutout minus random cutout,High-saliency cutout,cam_high,8.0,0.05,High-saliency cutout M8,Random cutout M8,8,8.0,best_to_final_degradation,Best-to-final degradation,positive means High-saliency cutout M8 is higher than Random cutout M8,3,42;43;44,,0.003878999999999966,1.2425409000000323e-05,0.0035249693615690227,0.0020351420097870585,-0.00487750932416744,0.012635509324167371,-0.0001380000000000825,0.006456000000000017,-0.0001380000000000825,0.006456000000000017,0.005318999999999963,42:-0.0001380000;43:0.0064560000;44:0.0053190000
CIFAR-100,resnet18,cam_high_minus_random,High-saliency cutout minus random cutout,High-saliency cutout,cam_high,8.0,0.05,High-saliency cutout M8,Random cutout M8,8,8.0,best_validation_accuracy,Best validation accuracy,positive means High-saliency cutout M8 is higher than Random cutout M8,3,42;43;44,,-0.01520366666666669,2.076901233333319e-05,0.004557303186461615,0.002631160221482353,-0.02652463537646169,-0.0038826979568716904,-0.02032400000000001,-0.011592000000000047,-0.011592000000000047,-0.02032400000000001,-0.013695000000000013,42:-0.0115920000;43:-0.0203240000;44:-0.0136950000
CIFAR-100,resnet18,cam_high_minus_random,High-saliency cutout minus random cutout,High-saliency cutout,cam_high,8.0,0.05,High-saliency cutout M8,Random cutout M8,8,8.0,final_validation_accuracy,Final validation accuracy,positive means High-saliency cutout M8 is higher than Random cutout M8,3,42;43;44,,-0.019082666666666654,5.872510533333381e-05,0.007663230737315288,0.004424368329051196,-0.038119187135791766,-4.614619754154253e-05,-0.026780000000000026,-0.011453999999999964,-0.011453999999999964,-0.026780000000000026,-0.019013999999999975,42:-0.0114540000;43:-0.0267800000;44:-0.0190140000
CIFAR-100,resnet18,cam_high_minus_random,High-saliency cutout minus random cutout,High-saliency cutout,cam_high,8.0,0.05,High-saliency cutout M8,Random cutout M8,8,8.0,maximum_validation_drawdown,Maximum validation drawdown,positive means High-saliency cutout M8 is higher than Random cutout M8,3,42;43;44,,-0.05312133333333332,0.0008109985613333369,0.02847803647257544,0.01644180202343341,-0.12386469769411981,0.017622031027453168,-0.071714,-0.02033599999999991,-0.06731400000000004,-0.071714,-0.02033599999999991,42:-0.0673140000;43:-0.0717140000;44:-0.0203360000
CIFAR-100,resnet18,cam_high_minus_random,High-saliency cutout minus random cutout,High-saliency cutout,cam_high,8.0,0.05,High-saliency cutout M8,Random cutout M8,8,8.0,validation_aulc,Normalized validation AULC,positive means High-saliency cutout M8 is higher than Random cutout M8,3,42;43;44,,-0.013441634680134706,6.192280383285897e-06,0.0024884293004395156,0.0014366953264681067,-0.019623235748613476,-0.007260033611655938,-0.016102893939394014,-0.011172626262626273,-0.013049383838383832,-0.011172626262626273,-0.016102893939394014,42:-0.0130493838;43:-0.0111726263;44:-0.0161028939
CIFAR-100,resnet18,cam_high_minus_random,High-saliency cutout minus random cutout,High-saliency cutout,cam_high,8.0,0.1,High-saliency cutout M8,Random cutout M8,8,8.0,best_to_final_degradation,Best-to-final degradation,positive means High-saliency cutout M8 is higher than Random cutout M8,3,42;43;44,,0.0005169999999999897,1.6633330000000289e-06,0.0012897026789148067,0.0007446101888460452,-0.0026867990617581963,0.0037207990617581757,-0.0004710000000001102,0.0019759999999999778,0.0019759999999999778,4.6000000000101515e-05,-0.0004710000000001102,42:0.0019760000;43:0.0000460000;44:-0.0004710000
CIFAR-100,resnet18,cam_high_minus_random,High-saliency cutout minus random cutout,High-saliency cutout,cam_high,8.0,0.1,High-saliency cutout M8,Random cutout M8,8,8.0,best_validation_accuracy,Best validation accuracy,positive means High-saliency cutout M8 is higher than Random cutout M8,3,42;43;44,,-0.04113066666666668,4.528133333335692e-08,0.00021279411019423664,0.00012285673680260942,-0.04165927654065842,-0.040602056792674944,-0.041372000000000075,-0.04096999999999995,-0.04105000000000003,-0.04096999999999995,-0.041372000000000075,42:-0.0410500000;43:-0.0409700000;44:-0.0413720000
CIFAR-100,resnet18,cam_high_minus_random,High-saliency cutout minus random cutout,High-saliency cutout,cam_high,8.0,0.1,High-saliency cutout M8,Random cutout M8,8,8.0,final_validation_accuracy,Final validation accuracy,positive means High-saliency cutout M8 is higher than Random cutout M8,3,42;43;44,,-0.04164766666666667,1.428158333333338e-06,0.0011950557867034233,0.0006899657801498415,-0.04461634981417375,-0.0386789835191596,-0.04302600000000001,-0.040900999999999965,-0.04302600000000001,-0.04101600000000005,-0.040900999999999965,42:-0.0430260000;43:-0.0410160000;44:-0.0409010000
CIFAR-100,resnet18,cam_high_minus_random,High-saliency cutout minus random cutout,High-saliency cutout,cam_high,8.0,0.1,High-saliency cutout M8,Random cutout M8,8,8.0,maximum_validation_drawdown,Maximum validation drawdown,positive means High-saliency cutout M8 is higher than Random cutout M8,3,42;43;44,,0.08416833333333333,0.01713800104233332,0.13091218828792575,0.0755821871482369,-0.24103557053269303,0.4093722371993597,-0.02658499999999997,0.22864199999999996,0.05044799999999999,-0.02658499999999997,0.22864199999999996,42:0.0504480000;43:-0.0265850000;44:0.2286420000
CIFAR-100,resnet18,cam_high_minus_random,High-saliency cutout minus random cutout,High-saliency cutout,cam_high,8.0,0.1,High-saliency cutout M8,Random cutout M8,8,8.0,validation_aulc,Normalized validation AULC,positive means High-saliency cutout M8 is higher than Random cutout M8,3,42;43;44,,-0.03700288383838385,5.99599561863568e-06,0.0024486722154334335,0.0014137415627376501,-0.04308572283268603,-0.030920044844081666,-0.039608121212121206,-0.03474866161616169,-0.03665186868686865,-0.03474866161616169,-0.039608121212121206,42:-0.0366518687;43:-0.0347486616;44:-0.0396081212
CIFAR-100,resnet18,cam_high_minus_random,High-saliency cutout minus random cutout,High-saliency cutout,cam_high,8.0,0.2,High-saliency cutout M8,Random cutout M8,8,8.0,best_to_final_degradation,Best-to-final degradation,positive means High-saliency cutout M8 is higher than Random cutout M8,3,42;43;44,,7.699999999995673e-05,1.8800383000000217e-05,0.004335940843692429,0.002503356613296117,-0.010694074166140023,0.010848074166139938,-0.0033090000000001174,0.0049639999999999684,0.0049639999999999684,-0.0014239999999999808,-0.0033090000000001174,42:0.0049640000;43:-0.0014240000;44:-0.0033090000
CIFAR-100,resnet18,cam_high_minus_random,High-saliency cutout minus random cutout,High-saliency cutout,cam_high,8.0,0.2,High-saliency cutout M8,Random cutout M8,8,8.0,best_validation_accuracy,Best validation accuracy,positive means High-saliency cutout M8 is higher than Random cutout M8,3,42;43;44,,-0.07082533333333334,3.13216323333334e-05,0.005596573267038805,0.0032311830822643176,-0.08472799204308103,-0.05692267462358565,-0.07482699999999998,-0.06442999999999999,-0.07482699999999998,-0.06442999999999999,-0.07321900000000003,42:-0.0748270000;43:-0.0644300000;44:-0.0732190000
CIFAR-100,resnet18,cam_high_minus_random,High-saliency cutout minus random cutout,High-saliency cutout,cam_high,8.0,0.2,High-saliency cutout M8,Random cutout M8,8,8.0,final_validation_accuracy,Final validation accuracy,positive means High-saliency cutout M8 is higher than Random cutout M8,3,42;43;44,,-0.07090233333333329,7.117260033333288e-05,0.008436385501702306,0.0048707494403952825,-0.09185947670976387,-0.04994518995690271,-0.07979099999999995,-0.063006,-0.07979099999999995,-0.063006,-0.06990999999999992,42:-0.0797910000;43:-0.0630060000;44:-0.0699100000
CIFAR-100,resnet18,cam_high_minus_random,High-saliency cutout minus random cutout,High-saliency cutout,cam_high,8.0,0.2,High-saliency cutout M8,Random cutout M8,8,8.0,maximum_validation_drawdown,Maximum validation drawdown,positive means High-saliency cutout M8 is higher than Random cutout M8,3,42;43;44,,0.07691466666666667,0.008647250452333326,0.09299059335402332,0.053688144105048394,-0.15408677313078972,0.30791610646412304,0.020025000000000015,0.18422599999999995,0.020025000000000015,0.026493000000000044,0.18422599999999995,42:0.0200250000;43:0.0264930000;44:0.1842260000
CIFAR-100,resnet18,cam_high_minus_random,High-saliency cutout minus random cutout,High-saliency cutout,cam_high,8.0,0.2,High-saliency cutout M8,Random cutout M8,8,8.0,validation_aulc,Normalized validation AULC,positive means High-saliency cutout M8 is higher than Random cutout M8,3,42;43;44,,-0.06792593265993274,6.956341109512758e-06,0.002637487651063557,0.0015227542053258584,-0.07447781519846192,-0.06137405012140357,-0.07097120202020213,-0.06637025252525258,-0.06637025252525258,-0.06643634343434351,-0.07097120202020213,42:-0.0663702525;43:-0.0664363434;44:-0.0709712020
CIFAR-100,resnet18,cam_high_minus_random,High-saliency cutout minus random cutout,High-saliency cutout,cam_high,8.0,0.3,High-saliency cutout M8,Random cutout M8,8,8.0,best_to_final_degradation,Best-to-final degradation,positive means High-saliency cutout M8 is higher than Random cutout M8,3,42;43;44,,0.006663999999999966,9.107520099999993e-05,0.009543332803585963,0.005509845763116542,-0.017042952914063495,0.030370952914063425,-0.004331000000000029,0.012799999999999978,-0.004331000000000029,0.01152299999999995,0.012799999999999978,42:-0.0043310000;43:0.0115230000;44:0.0128000000
CIFAR-100,resnet18,cam_high_minus_random,High-saliency cutout minus random cutout,High-saliency cutout,cam_high,8.0,0.3,High-saliency cutout M8,Random cutout M8,8,8.0,best_validation_accuracy,Best validation accuracy,positive means High-saliency cutout M8 is higher than Random cutout M8,3,42;43;44,,-0.06064600000000003,3.6798463000000483e-05,0.006066173670445026,0.003502307001582456,-0.07571521078134616,-0.04557678921865391,-0.06752000000000008,-0.05604300000000001,-0.05837500000000001,-0.05604300000000001,-0.06752000000000008,42:-0.0583750000;43:-0.0560430000;44:-0.0675200000
CIFAR-100,resnet18,cam_high_minus_random,High-saliency cutout minus random cutout,High-saliency cutout,cam_high,8.0,0.3,High-saliency cutout M8,Random cutout M8,8,8.0,final_validation_accuracy,Final validation accuracy,positive means High-saliency cutout M8 is higher than Random cutout M8,3,42;43;44,,-0.06731,0.000172656196000001,0.01313987047120332,0.007586307753666053,-0.0999512477662583,-0.03466875223374168,-0.08032000000000006,-0.05404399999999998,-0.05404399999999998,-0.06756599999999996,-0.08032000000000006,42:-0.0540440000;43:-0.0675660000;44:-0.0803200000
CIFAR-100,resnet18,cam_high_minus_random,High-saliency cutout minus random cutout,High-saliency cutout,cam_high,8.0,0.3,High-saliency cutout M8,Random cutout M8,8,8.0,maximum_validation_drawdown,Maximum validation drawdown,positive means High-saliency cutout M8 is higher than Random cutout M8,3,42;43;44,,0.11441466666666666,0.02380924632233334,0.1543024507982078,0.08908656150496427,-0.26889387039107654,0.49772320372440987,-0.053320000000000034,0.250321,-0.053320000000000034,0.146243,0.250321,42:-0.0533200000;43:0.1462430000;44:0.2503210000
CIFAR-100,resnet18,cam_high_minus_random,High-saliency cutout minus random cutout,High-saliency cutout,cam_high,8.0,0.3,High-saliency cutout M8,Random cutout M8,8,8.0,validation_aulc,Normalized validation AULC,positive means High-saliency cutout M8 is higher than Random cutout M8,3,42;43;44,,-0.07743017676767672,2.024830783274649e-05,0.004499811977488225,0.0025979676565055293,-0.08860832939716143,-0.066252024138192,-0.08252914141414136,-0.07401540404040408,-0.07574598484848472,-0.07401540404040408,-0.08252914141414136,42:-0.0757459848;43:-0.0740154040;44:-0.0825291414
CIFAR-100,resnet18,random_minus_no_cutout,Random cutout minus no cutout,Random cutout,random,4.0,0.05,Random cutout M4,No cutout,4,,best_to_final_degradation,Best-to-final degradation,positive means Random cutout M4 is higher than No cutout,3,42;43;44,,0.0009493333333333206,6.025140333333169e-06,0.00245461612748983,0.0014171732819634503,-0.00514827115706404,0.0070469378237306805,-0.0015619999999999523,0.003342999999999985,0.003342999999999985,0.0010669999999999291,-0.0015619999999999523,42:0.0033430000;43:0.0010670000;44:-0.0015620000
CIFAR-100,resnet18,random_minus_no_cutout,Random cutout minus no cutout,Random cutout,random,4.0,0.05,Random cutout M4,No cutout,4,,best_validation_accuracy,Best validation accuracy,positive means Random cutout M4 is higher than No cutout,3,42;43;44,,0.001087666666666635,1.5787624333333235e-05,0.003973364359498539,0.002294022982544946,-0.008782717581659582,0.010958050914992851,-0.0023330000000000295,0.005445999999999951,0.005445999999999951,-0.0023330000000000295,0.00014999999999998348,42:0.0054460000;43:-0.0023330000;44:0.0001500000
CIFAR-100,resnet18,random_minus_no_cutout,Random cutout minus no cutout,Random cutout,random,4.0,0.05,Random cutout M4,No cutout,4,,final_validation_accuracy,Final validation accuracy,positive means Random cutout M4 is higher than No cutout,3,42;43;44,,0.0001383333333333144,9.42807233333302e-06,0.0030705166231976373,0.0017727635989543767,-0.00748925280519507,0.007765919471861699,-0.0033999999999999586,0.002102999999999966,0.002102999999999966,-0.0033999999999999586,0.0017119999999999358,42:0.0021030000;43:-0.0034000000;44:0.0017120000
CIFAR-100,resnet18,random_minus_no_cutout,Random cutout minus no cutout,Random cutout,random,4.0,0.05,Random cutout M4,No cutout,4,,maximum_validation_drawdown,Maximum validation drawdown,positive means Random cutout M4 is higher than No cutout,3,42;43;44,,-0.047220000000000005,0.022478058187,0.14992684278340554,0.08656030303974989,-0.41965892417592704,0.32521892417592707,-0.197967,0.10187299999999999,-0.197967,-0.045565999999999995,0.10187299999999999,42:-0.1979670000;43:-0.0455660000;44:0.1018730000
CIFAR-100,resnet18,random_minus_no_cutout,Random cutout minus no cutout,Random cutout,random,4.0,0.05,Random cutout M4,No cutout,4,,validation_aulc,Normalized validation AULC,positive means Random cutout M4 is higher than No cutout,3,42;43;44,,-0.0031435707070707566,1.2371827296450515e-06,0.0011122871615032925,0.0006421792921100907,-0.005906645191360728,-0.00038049622278078527,-0.0043994242424243435,-0.0022826060606060405,-0.0022826060606060405,-0.002748681818181886,-0.0043994242424243435,42:-0.0022826061;43:-0.0027486818;44:-0.0043994242
CIFAR-100,resnet18,random_minus_no_cutout,Random cutout minus no cutout,Random cutout,random,4.0,0.1,Random cutout M4,No cutout,4,,best_to_final_degradation,Best-to-final degradation,positive means Random cutout M4 is higher than No cutout,3,42;43;44,,0.0009723333333333158,2.5230770333333418e-05,0.005023024022770887,0.0029000442716927287,-0.011505550069128958,0.01345021673579559,-0.0032290000000000374,0.006535999999999986,-0.0032290000000000374,0.006535999999999986,-0.00039000000000000146,42:-0.0032290000;43:0.0065360000;44:-0.0003900000
CIFAR-100,resnet18,random_minus_no_cutout,Random cutout minus no cutout,Random cutout,random,4.0,0.1,Random cutout M4,No cutout,4,,best_validation_accuracy,Best validation accuracy,positive means Random cutout M4 is higher than No cutout,3,42;43;44,,-0.0038373333333333224,1.3445996333333332e-05,0.003666878281772294,0.0021170731630668267,-0.012946363957824702,0.0052716972911580565,-0.008006999999999986,-0.0011149999999999771,-0.0023900000000000032,-0.0011149999999999771,-0.008006999999999986,42:-0.0023900000;43:-0.0011150000;44:-0.0080070000
CIFAR-100,resnet18,random_minus_no_cutout,Random cutout minus no cutout,Random cutout,random,4.0,0.1,Random cutout M4,No cutout,4,,final_validation_accuracy,Final validation accuracy,positive means Random cutout M4 is higher than No cutout,3,42;43;44,,-0.004809666666666638,2.393086533333338e-05,0.004891918369447039,0.0028243503874539233,-0.016961865571471228,0.007342532238137952,-0.007650999999999963,0.0008390000000000342,0.0008390000000000342,-0.007650999999999963,-0.007616999999999985,42:0.0008390000;43:-0.0076510000;44:-0.0076170000
CIFAR-100,resnet18,random_minus_no_cutout,Random cutout minus no cutout,Random cutout,random,4.0,0.1,Random cutout M4,No cutout,4,,maximum_validation_drawdown,Maximum validation drawdown,positive means Random cutout M4 is higher than No cutout,3,42;43;44,,-0.008812666666666635,0.01159640441233334,0.10768660275230778,0.0621728890871612,-0.2763210176240117,0.2586956842906784,-0.131251,0.07119600000000009,-0.131251,0.07119600000000009,0.03361700000000001,42:-0.1312510000;43:0.0711960000;44:0.0336170000
CIFAR-100,resnet18,random_minus_no_cutout,Random cutout minus no cutout,Random cutout,random,4.0,0.1,Random cutout M4,No cutout,4,,validation_aulc,Normalized validation AULC,positive means Random cutout M4 is higher than No cutout,3,42;43;44,,-0.007586858585858576,4.692217406821172e-06,0.0021661526739408677,0.0012506288294055878,-0.01296788013280627,-0.002205837038910882,-0.009830656565656626,-0.005507752525252374,-0.00742216666666673,-0.005507752525252374,-0.009830656565656626,42:-0.0074221667;43:-0.0055077525;44:-0.0098306566
CIFAR-100,resnet18,random_minus_no_cutout,Random cutout minus no cutout,Random cutout,random,4.0,0.2,Random cutout M4,No cutout,4,,best_to_final_degradation,Best-to-final degradation,positive means Random cutout M4 is higher than No cutout,3,42;43;44,,0.0034923333333333195,2.4078844333332575e-05,0.004907019903498719,0.002833069262203837,-0.00869737986171574,0.015682046528382378,-0.0005859999999999754,0.00893799999999989,0.0021250000000000435,0.00893799999999989,-0.0005859999999999754,42:0.0021250000;43:0.0089380000;44:-0.0005860000
CIFAR-100,resnet18,random_minus_no_cutout,Random cutout minus no cutout,Random cutout,random,4.0,0.2,Random cutout M4,No cutout,4,,best_validation_accuracy,Best validation accuracy,positive means Random cutout M4 is higher than No cutout,3,42;43;44,,-0.03178633333333336,6.253408933333396e-05,0.007907849855259896,0.004565599242645445,-0.05143052137838263,-0.012142145288284091,-0.03995900000000008,-0.024173,-0.024173,-0.03995900000000008,-0.031227000000000005,42:-0.0241730000;43:-0.0399590000;44:-0.0312270000
CIFAR-100,resnet18,random_minus_no_cutout,Random cutout minus no cutout,Random cutout,random,4.0,0.2,Random cutout M4,No cutout,4,,final_validation_accuracy,Final validation accuracy,positive means Random cutout M4 is higher than No cutout,3,42;43;44,,-0.03527866666666668,0.00014380966433333236,0.011992066724853243,0.006923622951733974,-0.06506861186082122,-0.0054887214725121425,-0.04889699999999997,-0.026298000000000044,-0.026298000000000044,-0.04889699999999997,-0.03064100000000003,42:-0.0262980000;43:-0.0488970000;44:-0.0306410000
CIFAR-100,resnet18,random_minus_no_cutout,Random cutout minus no cutout,Random cutout,random,4.0,0.2,Random cutout M4,No cutout,4,,maximum_validation_drawdown,Maximum validation drawdown,positive means Random cutout M4 is higher than No cutout,3,42;43;44,,-0.034532666666666635,0.018860390745333327,0.13733313782672166,0.07928932409291373,-0.3756870934278617,0.3066217600945284,-0.12695399999999996,0.123276,-0.09991999999999995,-0.12695399999999996,0.123276,42:-0.0999200000;43:-0.1269540000;44:0.1232760000
CIFAR-100,resnet18,random_minus_no_cutout,Random cutout minus no cutout,Random cutout,random,4.0,0.2,Random cutout M4,No cutout,4,,validation_aulc,Normalized validation AULC,positive means Random cutout M4 is higher than No cutout,3,42;43;44,,-0.02222292255892259,4.034628670348113e-06,0.002008638511616292,0.0011596879853863155,-0.027212657235090327,-0.017233187882754856,-0.024203166666666664,-0.020187045454545527,-0.020187045454545527,-0.024203166666666664,-0.02227855555555558,42:-0.0201870455;43:-0.0242031667;44:-0.0222785556
CIFAR-100,resnet18,random_minus_no_cutout,Random cutout minus no cutout,Random cutout,random,4.0,0.3,Random cutout M4,No cutout,4,,best_to_final_degradation,Best-to-final degradation,positive means Random cutout M4 is higher than No cutout,3,42;43;44,,0.001715333333333291,7.63073033333335e-06,0.0027623776594327847,0.0015948594852769266,-0.005146793184818367,0.00857745985148495,-0.0012290000000000356,0.004249999999999976,0.0021249999999999325,0.004249999999999976,-0.0012290000000000356,42:0.0021250000;43:0.0042500000;44:-0.0012290000
CIFAR-100,resnet18,random_minus_no_cutout,Random cutout minus no cutout,Random cutout,random,4.0,0.3,Random cutout M4,No cutout,4,,best_validation_accuracy,Best validation accuracy,positive means Random cutout M4 is higher than No cutout,3,42;43;44,,-0.08663833333333333,2.6185343333333874e-06,0.0016181885963426474,0.0009342616216980102,-0.09065813665038361,-0.08261853001628305,-0.08850000000000002,-0.085569,-0.08850000000000002,-0.08584599999999998,-0.085569,42:-0.0885000000;43:-0.0858460000;44:-0.0855690000
CIFAR-100,resnet18,random_minus_no_cutout,Random cutout minus no cutout,Random cutout,random,4.0,0.3,Random cutout M4,No cutout,4,,final_validation_accuracy,Final validation accuracy,positive means Random cutout M4 is higher than No cutout,3,42;43;44,,-0.08835366666666662,1.215210033333327e-05,0.0034859862784201072,0.002012635116237191,-0.09701333664385986,-0.07969399668947338,-0.09062499999999996,-0.08433999999999997,-0.09062499999999996,-0.09009599999999995,-0.08433999999999997,42:-0.0906250000;43:-0.0900960000;44:-0.0843400000
CIFAR-100,resnet18,random_minus_no_cutout,Random cutout minus no cutout,Random cutout,random,4.0,0.3,Random cutout M4,No cutout,4,,maximum_validation_drawdown,Maximum validation drawdown,positive means Random cutout M4 is higher than No cutout,3,42;43;44,,-0.14581433333333332,0.003424060072333336,0.05851546865858066,0.03378392158178866,-0.29117481575432475,-0.0004538509123419021,-0.21063900000000002,-0.09689799999999998,-0.21063900000000002,-0.12990599999999997,-0.09689799999999998,42:-0.2106390000;43:-0.1299060000;44:-0.0968980000
CIFAR-100,resnet18,random_minus_no_cutout,Random cutout minus no cutout,Random cutout,random,4.0,0.3,Random cutout M4,No cutout,4,,validation_aulc,Normalized validation AULC,positive means Random cutout M4 is higher than No cutout,3,42;43;44,,-0.06208195791245793,2.641706637698688e-06,0.001625332777525479,0.0009383863166270575,-0.06611950835940472,-0.058044407465511136,-0.06378343434343448,-0.060545333333333395,-0.06378343434343448,-0.06191710606060591,-0.060545333333333395,42:-0.0637834343;43:-0.0619171061;44:-0.0605453333
CIFAR-100,resnet18,random_minus_no_cutout,Random cutout minus no cutout,Random cutout,random,8.0,0.05,Random cutout M8,No cutout,8,,best_to_final_degradation,Best-to-final degradation,positive means Random cutout M8 is higher than No cutout,3,42;43;44,,7.333333333322163e-06,2.7038893333331336e-06,0.0016443507330655262,0.0009493663383775401,-0.004077460334172672,0.004092127000839316,-0.0015399999999999858,0.0017339999999999023,-0.0015399999999999858,0.0017339999999999023,-0.00017199999999994997,42:-0.0015400000;43:0.0017340000;44:-0.0001720000
CIFAR-100,resnet18,random_minus_no_cutout,Random cutout minus no cutout,Random cutout,random,8.0,0.05,Random cutout M8,No cutout,8,,best_validation_accuracy,Best validation accuracy,positive means Random cutout M8 is higher than No cutout,3,42;43;44,,-0.002757666666666695,9.398610333333109e-06,0.003065715305329754,0.0017699915567908895,-0.010373325670412922,0.004857992337079533,-0.006203999999999987,-0.0003340000000000565,-0.001735000000000042,-0.0003340000000000565,-0.006203999999999987,42:-0.0017350000;43:-0.0003340000;44:-0.0062040000
CIFAR-100,resnet18,random_minus_no_cutout,Random cutout minus no cutout,Random cutout,random,8.0,0.05,Random cutout M8,No cutout,8,,final_validation_accuracy,Final validation accuracy,positive means Random cutout M8 is higher than No cutout,3,42;43;44,,-0.0027650000000000174,8.881999000000006e-06,0.0029802682765147177,0.0017206586917030745,-0.010168396817101813,0.004638396817101778,-0.006032000000000037,-0.00019500000000005624,-0.00019500000000005624,-0.0020679999999999588,-0.006032000000000037,42:-0.0001950000;43:-0.0020680000;44:-0.0060320000
CIFAR-100,resnet18,random_minus_no_cutout,Random cutout minus no cutout,Random cutout,random,8.0,0.05,Random cutout M8,No cutout,8,,maximum_validation_drawdown,Maximum validation drawdown,positive means Random cutout M8 is higher than No cutout,3,42;43;44,,-0.05022633333333335,0.0006833148163333327,0.026140291052957555,0.015092104076120211,-0.11516241613655706,0.01470974946989035,-0.079424,-0.028998999999999997,-0.079424,-0.028998999999999997,-0.04225600000000007,42:-0.0794240000;43:-0.0289990000;44:-0.0422560000
CIFAR-100,resnet18,random_minus_no_cutout,Random cutout minus no cutout,Random cutout,random,8.0,0.05,Random cutout M8,No cutout,8,,validation_aulc,Normalized validation AULC,positive means Random cutout M8 is higher than No cutout,3,42;43;44,,-0.004159656565656533,2.2910717211508703e-06,0.0015136286602568248,0.0008738939144524104,-0.007919718602328048,-0.0003995945289850195,-0.005739303030303011,-0.0027220606060606167,-0.005739303030303011,-0.004017606060605972,-0.0027220606060606167,42:-0.0057393030;43:-0.0040176061;44:-0.0027220606
CIFAR-100,resnet18,random_minus_no_cutout,Random cutout minus no cutout,Random cutout,random,8.0,0.1,Random cutout M8,No cutout,8,,best_to_final_degradation,Best-to-final degradation,positive means Random cutout M8 is higher than No cutout,3,42;43;44,,0.0054953333333332965,6.524275633333211e-05,0.008077298826546665,0.004663430651831765,-0.014569789291522563,0.025560455958189156,-0.0033889999999999754,0.012395999999999852,0.007479000000000013,0.012395999999999852,-0.0033889999999999754,42:0.0074790000;43:0.0123960000;44:-0.0033890000
CIFAR-100,resnet18,random_minus_no_cutout,Random cutout minus no cutout,Random cutout,random,8.0,0.1,Random cutout M8,No cutout,8,,best_validation_accuracy,Best validation accuracy,positive means Random cutout M8 is higher than No cutout,3,42;43;44,,-0.003802666666666695,2.073480433333323e-05,0.004553548542986363,0.002628992477061205,-0.015114308325010293,0.007508974991676902,-0.008006999999999986,0.0010339999999999794,0.0010339999999999794,-0.004435000000000078,-0.008006999999999986,42:0.0010340000;43:-0.0044350000;44:-0.0080070000
CIFAR-100,resnet18,random_minus_no_cutout,Random cutout minus no cutout,Random cutout,random,8.0,0.1,Random cutout M8,No cutout,8,,final_validation_accuracy,Final validation accuracy,positive means Random cutout M8 is higher than No cutout,3,42;43;44,,-0.009297999999999992,4.339404899999932e-05,0.0065874159577181185,0.0038032463764525923,-0.0256620484041689,0.007066048404168917,-0.01683099999999993,-0.004618000000000011,-0.006445000000000034,-0.01683099999999993,-0.004618000000000011,42:-0.0064450000;43:-0.0168310000;44:-0.0046180000
CIFAR-100,resnet18,random_minus_no_cutout,Random cutout minus no cutout,Random cutout,random,8.0,0.1,Random cutout M8,No cutout,8,,maximum_validation_drawdown,Maximum validation drawdown,positive means Random cutout M8 is higher than No cutout,3,42;43;44,,-0.138404,0.007366842691000005,0.08583031335722831,0.0495541545214257,-0.3516183182300574,0.0748103182300574,-0.235329,-0.07202499999999995,-0.235329,-0.07202499999999995,-0.10785800000000001,42:-0.2353290000;43:-0.0720250000;44:-0.1078580000
CIFAR-100,resnet18,random_minus_no_cutout,Random cutout minus no cutout,Random cutout,random,8.0,0.1,Random cutout M8,No cutout,8,,validation_aulc,Normalized validation AULC,positive means Random cutout M8 is higher than No cutout,3,42;43;44,,-0.00657353367003366,2.3176124459068023e-06,0.0015223706663972485,0.0008789411140508414,-0.01035531205383577,-0.00279175528623155,-0.008060702020201926,-0.005018247474747439,-0.005018247474747439,-0.008060702020201926,-0.006641651515151614,42:-0.0050182475;43:-0.0080607020;44:-0.0066416515
CIFAR-100,resnet18,random_minus_no_cutout,Random cutout minus no cutout,Random cutout,random,8.0,0.2,Random cutout M8,No cutout,8,,best_to_final_degradation,Best-to-final degradation,positive means Random cutout M8 is higher than No cutout,3,42;43;44,,0.00750566666666667,6.851646233333334e-05,0.008277467144805428,0.004778997884261697,-0.013056701626292126,0.028068034959625468,-0.0004490000000000327,0.016071999999999975,-0.0004490000000000327,0.016071999999999975,0.006894000000000067,42:-0.0004490000;43:0.0160720000;44:0.0068940000
CIFAR-100,resnet18,random_minus_no_cutout,Random cutout minus no cutout,Random cutout,random,8.0,0.2,Random cutout M8,No cutout,8,,best_validation_accuracy,Best validation accuracy,positive means Random cutout M8 is higher than No cutout,3,42;43;44,,-0.03573466666666669,5.550854333333084e-06,0.002356025113052296,0.0013602517332382618,-0.04158735750005084,-0.029881975833282542,-0.03798299999999999,-0.03328400000000009,-0.03328400000000009,-0.03798299999999999,-0.035937,42:-0.0332840000;43:-0.0379830000;44:-0.0359370000
CIFAR-100,resnet18,random_minus_no_cutout,Random cutout minus no cutout,Random cutout,random,8.0,0.2,Random cutout M8,No cutout,8,,final_validation_accuracy,Final validation accuracy,positive means Random cutout M8 is higher than No cutout,3,42;43;44,,-0.04324033333333336,0.00011269776533333232,0.010615920371467202,0.006129104484162221,-0.06961174147402538,-0.016868925192641344,-0.054054999999999964,-0.03283500000000006,-0.03283500000000006,-0.054054999999999964,-0.04283100000000006,42:-0.0328350000;43:-0.0540550000;44:-0.0428310000
CIFAR-100,resnet18,random_minus_no_cutout,Random cutout minus no cutout,Random cutout,random,8.0,0.2,Random cutout M8,No cutout,8,,maximum_validation_drawdown,Maximum validation drawdown,positive means Random cutout M8 is higher than No cutout,3,42;43;44,,-0.1410273333333333,0.0018318508143333359,0.04280012633548336,0.02471066446114131,-0.2473487412349845,-0.03470592543168213,-0.18412300000000004,-0.09852899999999998,-0.18412300000000004,-0.14042999999999994,-0.09852899999999998,42:-0.1841230000;43:-0.1404300000;44:-0.0985290000
CIFAR-100,resnet18,random_minus_no_cutout,Random cutout minus no cutout,Random cutout,random,8.0,0.2,Random cutout M8,No cutout,8,,validation_aulc,Normalized validation AULC,positive means Random cutout M8 is higher than No cutout,3,42;43;44,,-0.025392282828282764,1.0416363821038305e-06,0.0010206058897066148,0.0005892470851586315,-0.027927608407832812,-0.022856957248732716,-0.02644631313131307,-0.024408757575757556,-0.024408757575757556,-0.025321777777777665,-0.02644631313131307,42:-0.0244087576;43:-0.0253217778;44:-0.0264463131
CIFAR-100,resnet18,random_minus_no_cutout,Random cutout minus no cutout,Random cutout,random,8.0,0.3,Random cutout M8,No cutout,8,,best_to_final_degradation,Best-to-final degradation,positive means Random cutout M8 is higher than No cutout,3,42;43;44,,-0.0011343333333333483,1.5981710333333232e-05,0.003997713137949399,0.0023080807563379893,-0.011065203300446677,0.00879653663377998,-0.005745,0.0013659999999999783,0.0013659999999999783,0.0009759999999999769,-0.005745,42:0.0013660000;43:0.0009760000;44:-0.0057450000
CIFAR-100,resnet18,random_minus_no_cutout,Random cutout minus no cutout,Random cutout,random,8.0,0.3,Random cutout M8,No cutout,8,,best_validation_accuracy,Best validation accuracy,positive means Random cutout M8 is higher than No cutout,3,42;43;44,,-0.10966633333333335,1.982492233333358e-05,0.004452518650531806,0.0025706628414563677,-0.12072700282580706,-0.09860566384085964,-0.11448800000000003,-0.10570999999999997,-0.10880100000000004,-0.11448800000000003,-0.10570999999999997,42:-0.1088010000;43:-0.1144880000;44:-0.1057100000
CIFAR-100,resnet18,random_minus_no_cutout,Random cutout minus no cutout,Random cutout,random,8.0,0.3,Random cutout M8,No cutout,8,,final_validation_accuracy,Final validation accuracy,positive means Random cutout M8 is higher than No cutout,3,42;43;44,,-0.108532,6.205966900000036e-05,0.00787779594810632,0.004548247611260128,-0.12810153000090083,-0.08896246999909918,-0.11546400000000001,-0.09996499999999997,-0.11016700000000001,-0.11546400000000001,-0.09996499999999997,42:-0.1101670000;43:-0.1154640000;44:-0.0999650000
CIFAR-100,resnet18,random_minus_no_cutout,Random cutout minus no cutout,Random cutout,random,8.0,0.3,Random cutout M8,No cutout,8,,maximum_validation_drawdown,Maximum validation drawdown,positive means Random cutout M8 is higher than No cutout,3,42;43;44,,-0.138247,0.0005208138520000008,0.022821346410762024,0.013175910493523155,-0.19493836725402403,-0.08155563274597599,-0.16446500000000003,-0.12284099999999998,-0.16446500000000003,-0.12284099999999998,-0.12743500000000002,42:-0.1644650000;43:-0.1228410000;44:-0.1274350000
CIFAR-100,resnet18,random_minus_no_cutout,Random cutout minus no cutout,Random cutout,random,8.0,0.3,Random cutout M8,No cutout,8,,validation_aulc,Normalized validation AULC,positive means Random cutout M8 is higher than No cutout,3,42;43;44,,-0.07571220875420875,1.4613786780591753e-05,0.003822798291904996,0.002207093622888991,-0.08520856615590183,-0.06621585135251568,-0.08006052020202015,-0.07288008080808084,-0.07419602525252528,-0.08006052020202015,-0.07288008080808084,42:-0.0741960253;43:-0.0800605202;44:-0.0728800808
CIFAR-100,resnet18,m8_minus_m4,M8 minus M4,High-saliency cutout,cam_high,,0.05,High-saliency cutout M8,High-saliency cutout M4,8,4.0,best_to_final_degradation,Best-to-final degradation,positive means High-saliency cutout M8 is higher than High-saliency cutout M4,3,42;43;44,,0.0026766666666666605,8.389701333333512e-06,0.002896498115541164,0.0016722939667149347,-0.004518633534433507,0.009871966867766828,-0.0006540000000000434,0.004605999999999999,-0.0006540000000000434,0.004605999999999999,0.004078000000000026,42:-0.0006540000;43:0.0046060000;44:0.0040780000
CIFAR-100,resnet18,m8_minus_m4,M8 minus M4,High-saliency cutout,cam_high,,0.05,High-saliency cutout M8,High-saliency cutout M4,8,4.0,best_validation_accuracy,Best validation accuracy,positive means High-saliency cutout M8 is higher than High-saliency cutout M4,3,42;43;44,,0.0004633333333333341,1.779699633333313e-05,0.0042186486382884665,0.0024356379269322944,-0.010016370842057339,0.010943037508724008,-0.0034009999999999874,0.0049639999999999684,0.0049639999999999684,-0.0034009999999999874,-0.00017299999999997873,42:0.0049640000;43:-0.0034010000;44:-0.0001730000
CIFAR-100,resnet18,m8_minus_m4,M8 minus M4,High-saliency cutout,cam_high,,0.05,High-saliency cutout M8,High-saliency cutout M4,8,4.0,final_validation_accuracy,Final validation accuracy,positive means High-saliency cutout M8 is higher than High-saliency cutout M4,3,42;43;44,,-0.0022133333333333263,4.9524220333333354e-05,0.007037344693372164,0.0040630128530986034,-0.01969506667738263,0.015268400010715976,-0.008006999999999986,0.005618000000000012,0.005618000000000012,-0.008006999999999986,-0.004251000000000005,42:0.0056180000;43:-0.0080070000;44:-0.0042510000
CIFAR-100,resnet18,m8_minus_m4,M8 minus M4,High-saliency cutout,cam_high,,0.05,High-saliency cutout M8,High-saliency cutout M4,8,4.0,maximum_validation_drawdown,Maximum validation drawdown,positive means High-saliency cutout M8 is higher than High-saliency cutout M4,3,42;43;44,,-0.07238399999999999,0.0012862441000000013,0.035864245426329565,0.02070623175117418,-0.16147572457036508,0.01670772457036511,-0.11214400000000002,-0.04247400000000001,-0.11214400000000002,-0.04247400000000001,-0.06253399999999992,42:-0.1121440000;43:-0.0424740000;44:-0.0625340000
CIFAR-100,resnet18,m8_minus_m4,M8 minus M4,High-saliency cutout,cam_high,,0.05,High-saliency cutout M8,High-saliency cutout M4,8,4.0,validation_aulc,Normalized validation AULC,positive means High-saliency cutout M8 is higher than High-saliency cutout M4,3,42;43;44,,0.002077636363636374,2.6750930092084285e-06,0.0016355711568771408,0.000944297447701805,-0.0019853476275660466,0.006140620354838795,0.00018943939393933906,0.0030553080808081168,0.0030553080808081168,0.0029881616161616664,0.00018943939393933906,42:0.0030553081;43:0.0029881616;44:0.0001894394
CIFAR-100,resnet18,m8_minus_m4,M8 minus M4,High-saliency cutout,cam_high,,0.1,High-saliency cutout M8,High-saliency cutout M4,8,4.0,best_to_final_degradation,Best-to-final degradation,positive means High-saliency cutout M8 is higher than High-saliency cutout M4,3,42;43;44,,0.0030333333333333323,9.523902033333473e-05,0.009759048126397099,0.005634389062809878,-0.02120948614914782,0.027276152815814483,-0.00815700000000008,0.009778000000000064,0.007479000000000013,0.009778000000000064,-0.00815700000000008,42:0.0074790000;43:0.0097780000;44:-0.0081570000
CIFAR-100,resnet18,m8_minus_m4,M8 minus M4,High-saliency cutout,cam_high,,0.1,High-saliency cutout M8,High-saliency cutout M4,8,4.0,best_validation_accuracy,Best validation accuracy,positive means High-saliency cutout M8 is higher than High-saliency cutout M4,3,42;43;44,,-0.0069506666666666606,1.9696844333333406e-05,0.0044381126994853795,0.002562345561741781,-0.01797554979287097,0.004074216459537651,-0.010569999999999968,-0.001998999999999973,-0.010569999999999968,-0.001998999999999973,-0.00828300000000004,42:-0.0105700000;43:-0.0019990000;44:-0.0082830000
CIFAR-100,resnet18,m8_minus_m4,M8 minus M4,High-saliency cutout,cam_high,,0.1,High-saliency cutout M8,High-saliency cutout M4,8,4.0,final_validation_accuracy,Final validation accuracy,positive means High-saliency cutout M8 is higher than High-saliency cutout M4,3,42;43;44,,-0.009983999999999993,8.271961900000032e-05,0.009095032655246508,0.005251019551795008,-0.03257731360934826,0.012609313609348277,-0.01804899999999998,-0.00012599999999995948,-0.01804899999999998,-0.011777000000000037,-0.00012599999999995948,42:-0.0180490000;43:-0.0117770000;44:-0.0001260000
CIFAR-100,resnet18,m8_minus_m4,M8 minus M4,High-saliency cutout,cam_high,,0.1,High-saliency cutout M8,High-saliency cutout M4,8,4.0,maximum_validation_drawdown,Maximum validation drawdown,positive means High-saliency cutout M8 is higher than High-saliency cutout M4,3,42;43;44,,0.010130000000000028,0.007951187274999993,0.08916943015966847,0.05148199450617013,-0.21137914420325013,0.23163914420325019,-0.08641999999999994,0.08938499999999999,-0.08641999999999994,0.027425000000000033,0.08938499999999999,42:-0.0864200000;43:0.0274250000;44:0.0893850000
CIFAR-100,resnet18,m8_minus_m4,M8 minus M4,High-saliency cutout,cam_high,,0.1,High-saliency cutout M8,High-saliency cutout M4,8,4.0,validation_aulc,Normalized validation AULC,positive means High-saliency cutout M8 is higher than High-saliency cutout M4,3,42;43;44,,-0.007316516835016829,2.6174807359788495e-07,0.0005116132070205821,0.0002953800227943008,-0.008587434496453982,-0.006045599173579675,-0.007653419191919086,-0.00672780303030307,-0.007653419191919086,-0.00672780303030307,-0.007568328282828329,42:-0.0076534192;43:-0.0067278030;44:-0.0075683283
CIFAR-100,resnet18,m8_minus_m4,M8 minus M4,High-saliency cutout,cam_high,,0.2,High-saliency cutout M8,High-saliency cutout M4,8,4.0,best_to_final_degradation,Best-to-final degradation,positive means High-saliency cutout M8 is higher than High-saliency cutout M4,3,42;43;44,,-0.001351333333333371,2.9879020333334066e-05,0.005466170536429875,0.0031558950306441896,-0.014930053702248019,0.012227387035581277,-0.007571000000000105,0.0026890000000000525,-0.007571000000000105,0.0026890000000000525,0.0008279999999999399,42:-0.0075710000;43:0.0026890000;44:0.0008280000
CIFAR-100,resnet18,m8_minus_m4,M8 minus M4,High-saliency cutout,cam_high,,0.2,High-saliency cutout M8,High-saliency cutout M4,8,4.0,best_validation_accuracy,Best validation accuracy,positive means High-saliency cutout M8 is higher than High-saliency cutout M4,3,42;43;44,,-0.020825333333333362,4.343561733333421e-05,0.006590570334450138,0.0038050675567079494,-0.03719721764369964,-0.004453449022967081,-0.02611400000000008,-0.013441999999999954,-0.02611400000000008,-0.013441999999999954,-0.02292000000000005,42:-0.0261140000;43:-0.0134420000;44:-0.0229200000
CIFAR-100,resnet18,m8_minus_m4,M8 minus M4,High-saliency cutout,cam_high,,0.2,High-saliency cutout M8,High-saliency cutout M4,8,4.0,final_validation_accuracy,Final validation accuracy,positive means High-saliency cutout M8 is higher than High-saliency cutout M4,3,42;43;44,,-0.01947399999999999,1.5154742999999964e-05,0.0038929093233724264,0.0022475722457798745,-0.029144522858977583,-0.0098034771410224,-0.02374799999999999,-0.016131000000000006,-0.018542999999999976,-0.016131000000000006,-0.02374799999999999,42:-0.0185430000;43:-0.0161310000;44:-0.0237480000
CIFAR-100,resnet18,m8_minus_m4,M8 minus M4,High-saliency cutout,cam_high,,0.2,High-saliency cutout M8,High-saliency cutout M4,8,4.0,maximum_validation_drawdown,Maximum validation drawdown,positive means High-saliency cutout M8 is higher than High-saliency cutout M4,3,42;43;44,,0.04646166666666666,0.013315299077333337,0.11539193679513893,0.06662156577098574,-0.24018779516882868,0.333111128502162,-0.05357300000000004,0.172703,-0.05357300000000004,0.020255000000000023,0.172703,42:-0.0535730000;43:0.0202550000;44:0.1727030000
CIFAR-100,resnet18,m8_minus_m4,M8 minus M4,High-saliency cutout,cam_high,,0.2,High-saliency cutout M8,High-saliency cutout M4,8,4.0,validation_aulc,Normalized validation AULC,positive means High-saliency cutout M8 is higher than High-saliency cutout M4,3,42;43;44,,-0.017800892255892226,1.4641120681698976e-05,0.0038263717385663113,0.0022091567532808365,-0.027306126591197945,-0.008295657920586508,-0.02138710101010094,-0.013772737373737354,-0.013772737373737354,-0.01824283838383839,-0.02138710101010094,42:-0.0137727374;43:-0.0182428384;44:-0.0213871010
CIFAR-100,resnet18,m8_minus_m4,M8 minus M4,High-saliency cutout,cam_high,,0.3,High-saliency cutout M8,High-saliency cutout M4,8,4.0,best_to_final_degradation,Best-to-final degradation,positive means High-saliency cutout M8 is higher than High-saliency cutout M4,3,42;43;44,,0.005334666666666654,2.108598033333327e-05,0.00459194733564457,0.0026511620303389777,-0.006072362880608466,0.016741696213941774,0.00024099999999999122,0.00915699999999997,0.00024099999999999122,0.006606000000000001,0.00915699999999997,42:0.0002410000;43:0.0066060000;44:0.0091570000
CIFAR-100,resnet18,m8_minus_m4,M8 minus M4,High-saliency cutout,cam_high,,0.3,High-saliency cutout M8,High-saliency cutout M4,8,4.0,best_validation_accuracy,Best validation accuracy,positive means High-saliency cutout M8 is higher than High-saliency cutout M4,3,42;43;44,,-0.016479000000000004,2.5453200000000126e-07,0.0005045116450588641,0.0002912799340840361,-0.01773227640355506,-0.015225723596444949,-0.016830999999999985,-0.015901,-0.016830999999999985,-0.015901,-0.016705000000000025,42:-0.0168310000;43:-0.0159010000;44:-0.0167050000
CIFAR-100,resnet18,m8_minus_m4,M8 minus M4,High-saliency cutout,cam_high,,0.3,High-saliency cutout M8,High-saliency cutout M4,8,4.0,final_validation_accuracy,Final validation accuracy,positive means High-saliency cutout M8 is higher than High-saliency cutout M4,3,42;43;44,,-0.02181366666666666,1.967655833333343e-05,0.004435826679812167,0.0025610257276680788,-0.03283287100519072,-0.01079446232814259,-0.025861999999999996,-0.017071999999999976,-0.017071999999999976,-0.022507,-0.025861999999999996,42:-0.0170720000;43:-0.0225070000;44:-0.0258620000
CIFAR-100,resnet18,m8_minus_m4,M8 minus M4,High-saliency cutout,cam_high,,0.3,High-saliency cutout M8,High-saliency cutout M4,8,4.0,maximum_validation_drawdown,Maximum validation drawdown,positive means High-saliency cutout M8 is higher than High-saliency cutout M4,3,42;43;44,,0.10127533333333333,0.01694863450533333,0.13018692140661953,0.07516345411908044,-0.22212690772168897,0.4246775743883556,-0.037970000000000004,0.21995599999999998,-0.037970000000000004,0.12184,0.21995599999999998,42:-0.0379700000;43:0.1218400000;44:0.2199560000
CIFAR-100,resnet18,m8_minus_m4,M8 minus M4,High-saliency cutout,cam_high,,0.3,High-saliency cutout M8,High-saliency cutout M4,8,4.0,validation_aulc,Normalized validation AULC,positive means High-saliency cutout M8 is higher than High-saliency cutout M4,3,42;43;44,,-0.024918754208754168,1.0273233641806676e-06,0.001013569614866521,0.0005851846899856112,-0.027436600712623042,-0.022400907704885294,-0.026074494949494986,-0.02418113131313121,-0.024500636363636308,-0.026074494949494986,-0.02418113131313121,42:-0.0245006364;43:-0.0260744949;44:-0.0241811313
CIFAR-100,resnet18,m8_minus_m4,M8 minus M4,Low-saliency cutout,cam_low,,0.05,Low-saliency cutout M8,Low-saliency cutout M4,8,4.0,best_to_final_degradation,Best-to-final degradation,positive means Low-saliency cutout M8 is higher than Low-saliency cutout M4,3,42;43;44,,0.005920000000000036,0.00011693799299999956,0.010813787171939327,0.006243342934678493,-0.020942936521666653,0.03278293652166672,-0.0014369999999999106,0.01833600000000002,0.01833600000000002,0.0008610000000000007,-0.0014369999999999106,42:0.0183360000;43:0.0008610000;44:-0.0014370000
CIFAR-100,resnet18,m8_minus_m4,M8 minus M4,Low-saliency cutout,cam_low,,0.05,Low-saliency cutout M8,Low-saliency cutout M4,8,4.0,best_validation_accuracy,Best validation accuracy,positive means Low-saliency cutout M8 is higher than Low-saliency cutout M4,3,42;43;44,,0.0034540000000000313,6.317539000000095e-06,0.0025134715037175366,0.0014511534492717734,-0.002789809350029327,0.009697809350029389,0.0008270000000000222,0.005836000000000063,0.005836000000000063,0.003699000000000008,0.0008270000000000222,42:0.0058360000;43:0.0036990000;44:0.0008270000
CIFAR-100,resnet18,m8_minus_m4,M8 minus M4,Low-saliency cutout,cam_low,,0.05,Low-saliency cutout M8,Low-saliency cutout M4,8,4.0,final_validation_accuracy,Final validation accuracy,positive means Low-saliency cutout M8 is higher than Low-saliency cutout M4,3,42;43;44,,-0.002466000000000005,7.559323599999928e-05,0.008694437072059311,0.005019735584005705,-0.02406417901395492,0.019132179013954906,-0.012499999999999956,0.002838000000000007,-0.012499999999999956,0.002838000000000007,0.0022639999999999327,42:-0.0125000000;43:0.0028380000;44:0.0022640000
CIFAR-100,resnet18,m8_minus_m4,M8 minus M4,Low-saliency cutout,cam_low,,0.05,Low-saliency cutout M8,Low-saliency cutout M4,8,4.0,maximum_validation_drawdown,Maximum validation drawdown,positive means Low-saliency cutout M8 is higher than Low-saliency cutout M4,3,42;43;44,,-0.050548000000000017,0.03301753652399999,0.1817072825287968,0.10490874848171623,-0.5019339130464316,0.4008379130464316,-0.250608,0.1042499999999999,-0.005285999999999957,0.1042499999999999,-0.250608,42:-0.0052860000;43:0.1042500000;44:-0.2506080000
CIFAR-100,resnet18,m8_minus_m4,M8 minus M4,Low-saliency cutout,cam_low,,0.05,Low-saliency cutout M8,Low-saliency cutout M4,8,4.0,validation_aulc,Normalized validation AULC,positive means Low-saliency cutout M8 is higher than Low-saliency cutout M4,3,42;43;44,,0.0034683552188552458,3.52627577098335e-05,0.0059382453393097105,0.0034284475451645023,-0.011283063970704409,0.0182197744084149,-0.0015214797979796746,0.010036222222222224,-0.0015214797979796746,0.0018903232323231878,0.010036222222222224,42:-0.0015214798;43:0.0018903232;44:0.0100362222
CIFAR-100,resnet18,m8_minus_m4,M8 minus M4,Low-saliency cutout,cam_low,,0.1,Low-saliency cutout M8,Low-saliency cutout M4,8,4.0,best_to_final_degradation,Best-to-final degradation,positive means Low-saliency cutout M8 is higher than Low-saliency cutout M4,3,42;43;44,,-0.0012790000000000301,2.083702299999983e-05,0.004564758810714957,0.0026354647281519967,-0.012618489507168094,0.010060489507168034,-0.006145999999999985,0.002906999999999993,-0.0005980000000000985,0.002906999999999993,-0.006145999999999985,42:-0.0005980000;43:0.0029070000;44:-0.0061460000
CIFAR-100,resnet18,m8_minus_m4,M8 minus M4,Low-saliency cutout,cam_low,,0.1,Low-saliency cutout M8,Low-saliency cutout M4,8,4.0,best_validation_accuracy,Best validation accuracy,positive means Low-saliency cutout M8 is higher than Low-saliency cutout M4,3,42;43;44,,-0.0020373333333333354,0.00011980595433333407,0.010945590634284387,0.006319439699143538,-0.02922768780636296,0.02515302113969629,-0.01449900000000004,0.006020000000000025,-0.01449900000000004,0.002367000000000008,0.006020000000000025,42:-0.0144990000;43:0.0023670000;44:0.0060200000
CIFAR-100,resnet18,m8_minus_m4,M8 minus M4,Low-saliency cutout,cam_low,,0.1,Low-saliency cutout M8,Low-saliency cutout M4,8,4.0,final_validation_accuracy,Final validation accuracy,positive means Low-saliency cutout M8 is higher than Low-saliency cutout M4,3,42;43;44,,-0.0007583333333333053,0.0001699078743333327,0.013034871473602366,0.0075256865541365,-0.03313874912994529,0.03162208246327868,-0.013900999999999941,0.01216600000000001,-0.013900999999999941,-0.0005399999999999849,0.01216600000000001,42:-0.0139010000;43:-0.0005400000;44:0.0121660000
CIFAR-100,resnet18,m8_minus_m4,M8 minus M4,Low-saliency cutout,cam_low,,0.1,Low-saliency cutout M8,Low-saliency cutout M4,8,4.0,maximum_validation_drawdown,Maximum validation drawdown,positive means Low-saliency cutout M8 is higher than Low-saliency cutout M4,3,42;43;44,,-0.028243666666666573,0.07115044303233334,0.26674040382426756,0.15400264395169036,-0.6908635630789611,0.634376229745628,-0.3188299999999999,0.20548100000000008,0.028618000000000088,0.20548100000000008,-0.3188299999999999,42:0.0286180000;43:0.2054810000;44:-0.3188300000
CIFAR-100,resnet18,m8_minus_m4,M8 minus M4,Low-saliency cutout,cam_low,,0.1,Low-saliency cutout M8,Low-saliency cutout M4,8,4.0,validation_aulc,Normalized validation AULC,positive means Low-saliency cutout M8 is higher than Low-saliency cutout M4,3,42;43;44,,0.0009960151515151876,6.587541565595543e-05,0.008116367146448924,0.004685986756844121,-0.01916615856014825,0.021158188863178627,-0.005179358585858607,0.010188944444444625,-0.005179358585858607,-0.002021540404040456,0.010188944444444625,42:-0.0051793586;43:-0.0020215404;44:0.0101889444
CIFAR-100,resnet18,m8_minus_m4,M8 minus M4,Low-saliency cutout,cam_low,,0.2,Low-saliency cutout M8,Low-saliency cutout M4,8,4.0,best_to_final_degradation,Best-to-final degradation,positive means Low-saliency cutout M8 is higher than Low-saliency cutout M4,3,42;43;44,,0.009248666666666646,1.0572537333333721e-05,0.003251543838445627,0.001877279710408452,0.0011713839958706722,0.01732594933746262,0.006031999999999926,0.012534000000000045,0.009179999999999966,0.006031999999999926,0.012534000000000045,42:0.0091800000;43:0.0060320000;44:0.0125340000
CIFAR-100,resnet18,m8_minus_m4,M8 minus M4,Low-saliency cutout,cam_low,,0.2,Low-saliency cutout M8,Low-saliency cutout M4,8,4.0,best_validation_accuracy,Best validation accuracy,positive means Low-saliency cutout M8 is higher than Low-saliency cutout M4,3,42;43;44,,-0.0029333333333333433,5.3522034333333994e-05,0.007315875500125326,0.004223822689355145,-0.02110697555834844,0.015240308891681754,-0.009329000000000032,0.0050440000000000484,-0.009329000000000032,-0.004515000000000047,0.0050440000000000484,42:-0.0093290000;43:-0.0045150000;44:0.0050440000
CIFAR-100,resnet18,m8_minus_m4,M8 minus M4,Low-saliency cutout,cam_low,,0.2,Low-saliency cutout M8,Low-saliency cutout M4,8,4.0,final_validation_accuracy,Final validation accuracy,positive means Low-saliency cutout M8 is higher than Low-saliency cutout M4,3,42;43;44,,-0.01218199999999999,3.2359509000000046e-05,0.005688541904565707,0.0032842811998974775,-0.026313121470535147,0.001949121470535168,-0.018508999999999998,-0.007489999999999997,-0.018508999999999998,-0.010546999999999973,-0.007489999999999997,42:-0.0185090000;43:-0.0105470000;44:-0.0074900000
CIFAR-100,resnet18,m8_minus_m4,M8 minus M4,Low-saliency cutout,cam_low,,0.2,Low-saliency cutout M8,Low-saliency cutout M4,8,4.0,maximum_validation_drawdown,Maximum validation drawdown,positive means Low-saliency cutout M8 is higher than Low-saliency cutout M4,3,42;43;44,,0.02903266666666669,0.010405426964333336,0.10200699468337128,0.058893765839669134,-0.2243667556981411,0.2824320890314745,-0.04176300000000005,0.14595600000000003,-0.04176300000000005,0.14595600000000003,-0.017094999999999916,42:-0.0417630000;43:0.1459560000;44:-0.0170950000
CIFAR-100,resnet18,m8_minus_m4,M8 minus M4,Low-saliency cutout,cam_low,,0.2,Low-saliency cutout M8,Low-saliency cutout M4,8,4.0,validation_aulc,Normalized validation AULC,positive means Low-saliency cutout M8 is higher than Low-saliency cutout M4,3,42;43;44,,-0.0023431531986531917,5.19575312724017e-06,0.002279419471540982,0.0013160234454902605,-0.008005545069019102,0.003319238671712719,-0.004652919191919125,-9.534343434347559e-05,-0.004652919191919125,-0.0022811969696969747,-9.534343434347559e-05,42:-0.0046529192;43:-0.0022811970;44:-0.0000953434
CIFAR-100,resnet18,m8_minus_m4,M8 minus M4,Low-saliency cutout,cam_low,,0.3,Low-saliency cutout M8,Low-saliency cutout M4,8,4.0,best_to_final_degradation,Best-to-final degradation,positive means Low-saliency cutout M8 is higher than Low-saliency cutout M4,3,42;43;44,,0.01134366666666664,9.242068033333379e-05,0.00961356751332895,0.005550395791693111,-0.012537758938549772,0.03522509227188306,0.0008389999999999231,0.019703999999999944,0.019703999999999944,0.013488000000000056,0.0008389999999999231,42:0.0197040000;43:0.0134880000;44:0.0008390000
CIFAR-100,resnet18,m8_minus_m4,M8 minus M4,Low-saliency cutout,cam_low,,0.3,Low-saliency cutout M8,Low-saliency cutout M4,8,4.0,best_validation_accuracy,Best validation accuracy,positive means Low-saliency cutout M8 is higher than Low-saliency cutout M4,3,42;43;44,,-0.003630333333333328,1.362721733333315e-05,0.0036915061063654154,0.00213129204422522,-0.012800542865657152,0.005539876198990497,-0.007077,0.0002649999999999597,0.0002649999999999597,-0.004078999999999944,-0.007077,42:0.0002650000;43:-0.0040790000;44:-0.0070770000
CIFAR-100,resnet18,m8_minus_m4,M8 minus M4,Low-saliency cutout,cam_low,,0.3,Low-saliency cutout M8,Low-saliency cutout M4,8,4.0,final_validation_accuracy,Final validation accuracy,positive means Low-saliency cutout M8 is higher than Low-saliency cutout M4,3,42;43;44,,-0.014973999999999968,3.823761900000047e-05,0.006183657412890891,0.0035701362719089812,-0.030335056576484408,0.0003870565764844715,-0.019438999999999984,-0.007915999999999923,-0.019438999999999984,-0.017567,-0.007915999999999923,42:-0.0194390000;43:-0.0175670000;44:-0.0079160000
CIFAR-100,resnet18,m8_minus_m4,M8 minus M4,Low-saliency cutout,cam_low,,0.3,Low-saliency cutout M8,Low-saliency cutout M4,8,4.0,maximum_validation_drawdown,Maximum validation drawdown,positive means Low-saliency cutout M8 is higher than Low-saliency cutout M4,3,42;43;44,,-0.008662000000000003,0.002657972377000002,0.05155552712367513,0.02976559746306689,-0.13673302918190489,0.11940902918190488,-0.06743900000000003,0.028907000000000016,0.028907000000000016,0.012546000000000002,-0.06743900000000003,42:0.0289070000;43:0.0125460000;44:-0.0674390000
CIFAR-100,resnet18,m8_minus_m4,M8 minus M4,Low-saliency cutout,cam_low,,0.3,Low-saliency cutout M8,Low-saliency cutout M4,8,4.0,validation_aulc,Normalized validation AULC,positive means Low-saliency cutout M8 is higher than Low-saliency cutout M4,3,42;43;44,,-0.0037534074074074644,2.1973124855176593e-05,0.004687549984285671,0.0027063582452671584,-0.01539792709952409,0.007891112284709163,-0.007171873737373824,0.0015902020202019918,-0.005678550505050561,-0.007171873737373824,0.0015902020202019918,42:-0.0056785505;43:-0.0071718737;44:0.0015902020
CIFAR-100,resnet18,m8_minus_m4,M8 minus M4,Random cutout,random,,0.05,Random cutout M8,Random cutout M4,8,4.0,best_to_final_degradation,Best-to-final degradation,positive means Random cutout M8 is higher than Random cutout M4,3,42;43;44,,-0.0009419999999999984,1.1779292999999848e-05,0.003432097463651032,0.001981522394523955,-0.00946780274017882,0.007583802740178823,-0.004882999999999971,0.0013900000000000023,-0.004882999999999971,0.0006669999999999732,0.0013900000000000023,42:-0.0048830000;43:0.0006670000;44:0.0013900000
CIFAR-100,resnet18,m8_minus_m4,M8 minus M4,Random cutout,random,,0.05,Random cutout M8,Random cutout M4,8,4.0,best_validation_accuracy,Best validation accuracy,positive means Random cutout M8 is higher than Random cutout M4,3,42;43;44,,-0.0038453333333333304,2.578815633333308e-05,0.005078204046051427,0.0029319024729876383,-0.01646029151256721,0.008769624845900548,-0.007180999999999993,0.001998999999999973,-0.007180999999999993,0.001998999999999973,-0.006353999999999971,42:-0.0071810000;43:0.0019990000;44:-0.0063540000
CIFAR-100,resnet18,m8_minus_m4,M8 minus M4,Random cutout,random,,0.05,Random cutout M8,Random cutout M4,8,4.0,final_validation_accuracy,Final validation accuracy,positive means Random cutout M8 is higher than Random cutout M4,3,42;43;44,,-0.002903333333333332,2.086826533333319e-05,0.004568179652042287,0.0026374397518131856,-0.01425132068144885,0.008444654014782185,-0.007743999999999973,0.0013319999999999999,-0.0022980000000000222,0.0013319999999999999,-0.007743999999999973,42:-0.0022980000;43:0.0013320000;44:-0.0077440000
CIFAR-100,resnet18,m8_minus_m4,M8 minus M4,Random cutout,random,,0.05,Random cutout M8,Random cutout M4,8,4.0,maximum_validation_drawdown,Maximum validation drawdown,positive means Random cutout M8 is higher than Random cutout M4,3,42;43;44,,-0.0030063333333333517,0.017536481429333343,0.1324253806086029,0.07645582914191554,-0.3319692153084262,0.32595654864175955,-0.14412900000000006,0.11854300000000001,0.11854300000000001,0.016567,-0.14412900000000006,42:0.1185430000;43:0.0165670000;44:-0.1441290000
CIFAR-100,resnet18,m8_minus_m4,M8 minus M4,Random cutout,random,,0.05,Random cutout M8,Random cutout M4,8,4.0,validation_aulc,Normalized validation AULC,positive means Random cutout M8 is higher than Random cutout M4,3,42;43;44,,-0.0010160858585857764,6.63759001293256e-06,0.0025763520747235924,0.001487457563868917,-0.007416099206393546,0.005383927489221994,-0.0034566969696969707,0.0016773636363637268,-0.0034566969696969707,-0.0012689242424240854,0.0016773636363637268,42:-0.0034566970;43:-0.0012689242;44:0.0016773636
CIFAR-100,resnet18,m8_minus_m4,M8 minus M4,Random cutout,random,,0.1,Random cutout M8,Random cutout M4,8,4.0,best_to_final_degradation,Best-to-final degradation,positive means Random cutout M8 is higher than Random cutout M4,3,42;43;44,,0.004522999999999981,4.831113899999994e-05,0.006950621483004231,0.004012943184247689,-0.01274330094668218,0.021789300946682143,-0.002998999999999974,0.01070800000000005,0.01070800000000005,0.005859999999999865,-0.002998999999999974,42:0.0107080000;43:0.0058600000;44:-0.0029990000
CIFAR-100,resnet18,m8_minus_m4,M8 minus M4,Random cutout,random,,0.1,Random cutout M8,Random cutout M4,8,4.0,best_validation_accuracy,Best validation accuracy,positive means Random cutout M8 is higher than Random cutout M4,3,42;43;44,,3.466666666662732e-05,1.1371285333333612e-05,0.003372133647015434,0.0019469022688477554,-0.008342177695261622,0.008411511028594876,-0.0033200000000001006,0.0034239999999999826,0.0034239999999999826,-0.0033200000000001006,0.0,42:0.0034240000;43:-0.0033200000;44:0.0000000000
CIFAR-100,resnet18,m8_minus_m4,M8 minus M4,Random cutout,random,,0.1,Random cutout M8,Random cutout M4,8,4.0,final_validation_accuracy,Final validation accuracy,positive means Random cutout M8 is higher than Random cutout M4,3,42;43;44,,-0.004488333333333354,4.294382433333317e-05,0.006553153770005185,0.003783465093153505,-0.0207672697449143,0.01179060307824759,-0.009179999999999966,0.002998999999999974,-0.007284000000000068,-0.009179999999999966,0.002998999999999974,42:-0.0072840000;43:-0.0091800000;44:0.0029990000
CIFAR-100,resnet18,m8_minus_m4,M8 minus M4,Random cutout,random,,0.1,Random cutout M8,Random cutout M4,8,4.0,maximum_validation_drawdown,Maximum validation drawdown,positive means Random cutout M8 is higher than Random cutout M4,3,42;43;44,,-0.12959133333333336,0.000488959762333334,0.022112434563686875,0.012766620047782604,-0.1845216659336652,-0.07466100073300154,-0.14322100000000004,-0.104078,-0.104078,-0.14322100000000004,-0.14147500000000002,42:-0.1040780000;43:-0.1432210000;44:-0.1414750000
CIFAR-100,resnet18,m8_minus_m4,M8 minus M4,Random cutout,random,,0.1,Random cutout M8,Random cutout M4,8,4.0,validation_aulc,Normalized validation AULC,positive means Random cutout M8 is higher than Random cutout M4,3,42;43;44,,0.0010133249158249165,9.692824831046409e-06,0.003113330183428415,0.0017974820194785824,-0.0067206160022510375,0.00874726583390087,-0.0025529494949495524,0.0031890050505050116,0.0024039191919192904,-0.0025529494949495524,0.0031890050505050116,42:0.0024039192;43:-0.0025529495;44:0.0031890051
CIFAR-100,resnet18,m8_minus_m4,M8 minus M4,Random cutout,random,,0.2,Random cutout M8,Random cutout M4,8,4.0,best_to_final_degradation,Best-to-final degradation,positive means Random cutout M8 is higher than Random cutout M4,3,42;43;44,,0.0040133333333333505,3.257464933333424e-05,0.005707420549892416,0.003295180790858788,-0.010164685292006408,0.018191351958673108,-0.0025740000000000762,0.007480000000000042,-0.0025740000000000762,0.007134000000000085,0.007480000000000042,42:-0.0025740000;43:0.0071340000;44:0.0074800000
CIFAR-100,resnet18,m8_minus_m4,M8 minus M4,Random cutout,random,,0.2,Random cutout M8,Random cutout M4,8,4.0,best_validation_accuracy,Best validation accuracy,positive means Random cutout M8 is higher than Random cutout M4,3,42;43;44,,-0.0039483333333333315,3.116549433333432e-05,0.005582606410390609,0.0032231193138187487,-0.017816296447765327,0.009919629781098662,-0.009111000000000091,0.001976000000000089,-0.009111000000000091,0.001976000000000089,-0.004709999999999992,42:-0.0091110000;43:0.0019760000;44:-0.0047100000
CIFAR-100,resnet18,m8_minus_m4,M8 minus M4,Random cutout,random,,0.2,Random cutout M8,Random cutout M4,8,4.0,final_validation_accuracy,Final validation accuracy,positive means Random cutout M8 is higher than Random cutout M4,3,42;43;44,,-0.007961666666666681,1.3884512333333467e-05,0.0037261927396920126,0.002151318381313613,-0.017218042572934,0.0012947092396006395,-0.012190000000000034,-0.005157999999999996,-0.006537000000000015,-0.005157999999999996,-0.012190000000000034,42:-0.0065370000;43:-0.0051580000;44:-0.0121900000
CIFAR-100,resnet18,m8_minus_m4,M8 minus M4,Random cutout,random,,0.2,Random cutout M8,Random cutout M4,8,4.0,maximum_validation_drawdown,Maximum validation drawdown,positive means Random cutout M8 is higher than Random cutout M4,3,42;43;44,,-0.10649466666666668,0.01122293186233333,0.10593833990738825,0.061163529063032684,-0.36966009196073185,0.1566707586273985,-0.22180499999999997,-0.013475999999999988,-0.08420300000000008,-0.013475999999999988,-0.22180499999999997,42:-0.0842030000;43:-0.0134760000;44:-0.2218050000
CIFAR-100,resnet18,m8_minus_m4,M8 minus M4,Random cutout,random,,0.2,Random cutout M8,Random cutout M4,8,4.0,validation_aulc,Normalized validation AULC,positive means Random cutout M8 is higher than Random cutout M4,3,42;43;44,,-0.003169360269360174,3.15490685578857e-06,0.0017762057470317367,0.0010254928661849335,-0.007581699949555315,0.001242979410834968,-0.004221712121212029,-0.0011186111111110009,-0.004221712121212029,-0.0011186111111110009,-0.004167757575757491,42:-0.0042217121;43:-0.0011186111;44:-0.0041677576
CIFAR-100,resnet18,m8_minus_m4,M8 minus M4,Random cutout,random,,0.3,Random cutout M8,Random cutout M4,8,4.0,best_to_final_degradation,Best-to-final degradation,positive means Random cutout M8 is higher than Random cutout M4,3,42;43;44,,-0.0028496666666666393,3.6638063333333693e-06,0.0019141071896143563,0.0011051103011816468,-0.0076045725208989225,0.001905239187565644,-0.0045159999999999645,-0.0007589999999999542,-0.0007589999999999542,-0.003273999999999999,-0.0045159999999999645,42:-0.0007590000;43:-0.0032740000;44:-0.0045160000
CIFAR-100,resnet18,m8_minus_m4,M8 minus M4,Random cutout,random,,0.3,Random cutout M8,Random cutout M4,8,4.0,best_validation_accuracy,Best validation accuracy,positive means Random cutout M8 is higher than Random cutout M4,3,42;43;44,,-0.02302800000000001,2.364414700000038e-05,0.004862524755721083,0.0028073799766567867,-0.03510718112046059,-0.010948818879539437,-0.028642000000000056,-0.020140999999999964,-0.020301000000000013,-0.028642000000000056,-0.020140999999999964,42:-0.0203010000;43:-0.0286420000;44:-0.0201410000
CIFAR-100,resnet18,m8_minus_m4,M8 minus M4,Random cutout,random,,0.3,Random cutout M8,Random cutout M4,8,4.0,final_validation_accuracy,Final validation accuracy,positive means Random cutout M8 is higher than Random cutout M4,3,42;43;44,,-0.02017833333333337,2.4035202333333593e-05,0.004902570992176818,0.002830500682054537,-0.03235699481999105,-0.007999671846675691,-0.025368000000000057,-0.015625,-0.01954200000000006,-0.025368000000000057,-0.015625,42:-0.0195420000;43:-0.0253680000;44:-0.0156250000
CIFAR-100,resnet18,m8_minus_m4,M8 minus M4,Random cutout,random,,0.3,Random cutout M8,Random cutout M4,8,4.0,maximum_validation_drawdown,Maximum validation drawdown,positive means Random cutout M8 is higher than Random cutout M4,3,42;43;44,,0.007567333333333315,0.0014713336343333346,0.038357967025552,0.022145982587769238,-0.08771913910449955,0.10285380577116618,-0.030537000000000036,0.04617399999999999,0.04617399999999999,0.007064999999999988,-0.030537000000000036,42:0.0461740000;43:0.0070650000;44:-0.0305370000
CIFAR-100,resnet18,m8_minus_m4,M8 minus M4,Random cutout,random,,0.3,Random cutout M8,Random cutout M4,8,4.0,validation_aulc,Normalized validation AULC,positive means Random cutout M8 is higher than Random cutout M4,3,42;43;44,,-0.013630250841750827,1.6200153692795775e-05,0.004024941452095394,0.002323801030839759,-0.02362875969086415,-0.0036317419926375043,-0.018143414141414238,-0.010412590909090802,-0.010412590909090802,-0.018143414141414238,-0.012334747474747443,42:-0.0104125909;43:-0.0181434141;44:-0.0123347475
RawMal-TF,resnet18,cam_low_minus_random,Low-saliency cutout minus random cutout,Low-saliency cutout,cam_low,4.0,0.05,Low-saliency cutout M4,Random cutout M4,4,4.0,best_to_final_degradation,Best-to-final degradation,positive means Low-saliency cutout M4 is higher than Random cutout M4,3,42;43;44,,-0.0002766666666666288,2.736166333333515e-06,0.001654136129021283,0.0009550159393667233,-0.004385768605291641,0.0038324352719583837,-0.0014969999999999706,0.0016060000000001073,0.0016060000000001073,-0.0014969999999999706,-0.0009390000000000231,42:0.0016060000;43:-0.0014970000;44:-0.0009390000
RawMal-TF,resnet18,cam_low_minus_random,Low-saliency cutout minus random cutout,Low-saliency cutout,cam_low,4.0,0.05,Low-saliency cutout M4,Random cutout M4,4,4.0,best_validation_accuracy,Best validation accuracy,positive means Low-saliency cutout M4 is higher than Random cutout M4,3,42;43;44,,0.0007760000000000359,1.1854171000000252e-05,0.0034429886726505873,0.001987810436971649,-0.007776858003182153,0.009328858003182224,-0.00303500000000001,0.003662000000000054,0.0017010000000000636,0.003662000000000054,-0.00303500000000001,42:0.0017010000;43:0.0036620000;44:-0.0030350000
RawMal-TF,resnet18,cam_low_minus_random,Low-saliency cutout minus random cutout,Low-saliency cutout,cam_low,4.0,0.05,Low-saliency cutout M4,Random cutout M4,4,4.0,final_validation_accuracy,Final validation accuracy,positive means Low-saliency cutout M4 is higher than Random cutout M4,3,42;43;44,,0.0010526666666666646,1.3846600333333435e-05,0.0037211020321046605,0.0021483792599176895,-0.008191063220902945,0.010296396554236276,-0.0020959999999999868,0.005159000000000025,9.499999999995623e-05,0.005159000000000025,-0.0020959999999999868,42:0.0000950000;43:0.0051590000;44:-0.0020960000
RawMal-TF,resnet18,cam_low_minus_random,Low-saliency cutout minus random cutout,Low-saliency cutout,cam_low,4.0,0.05,Low-saliency cutout M4,Random cutout M4,4,4.0,maximum_validation_drawdown,Maximum validation drawdown,positive means Low-saliency cutout M4 is higher than Random cutout M4,3,42;43;44,,-0.06031366666666671,0.09612901800433335,0.31004679970019583,0.17900560326829004,-0.8305126142383894,0.709885280905056,-0.4017180000000001,0.20372299999999993,-0.4017180000000001,0.017054000000000014,0.20372299999999993,42:-0.4017180000;43:0.0170540000;44:0.2037230000
RawMal-TF,resnet18,cam_low_minus_random,Low-saliency cutout minus random cutout,Low-saliency cutout,cam_low,4.0,0.05,Low-saliency cutout M4,Random cutout M4,4,4.0,validation_aulc,Normalized validation AULC,positive means Low-saliency cutout M4 is higher than Random cutout M4,3,42;43;44,,0.0008166380471379409,1.1508380478532058e-05,0.0033924004006797397,0.001958603284531442,-0.007610551721864457,0.009243827816140339,-0.002633080808081001,0.004148656565656661,0.004148656565656661,0.0009343383838381625,-0.002633080808081001,42:0.0041486566;43:0.0009343384;44:-0.0026330808
RawMal-TF,resnet18,cam_low_minus_random,Low-saliency cutout minus random cutout,Low-saliency cutout,cam_low,4.0,0.1,Low-saliency cutout M4,Random cutout M4,4,4.0,best_to_final_degradation,Best-to-final degradation,positive means Low-saliency cutout M4 is higher than Random cutout M4,3,42;43;44,,0.004881666666666673,4.820642433333361e-05,0.006943084641089551,0.004008591786539409,-0.012365911726787027,0.022129245060120373,-0.00303500000000001,0.009936000000000056,0.007743999999999973,-0.00303500000000001,0.009936000000000056,42:0.0077440000;43:-0.0030350000;44:0.0099360000
RawMal-TF,resnet18,cam_low_minus_random,Low-saliency cutout minus random cutout,Low-saliency cutout,cam_low,4.0,0.1,Low-saliency cutout M4,Random cutout M4,4,4.0,best_validation_accuracy,Best validation accuracy,positive means Low-saliency cutout M4 is higher than Random cutout M4,3,42;43;44,,0.0013699999999999823,2.8564839999999353e-06,0.0016901136056490212,0.0009757875451825114,-0.002828474945092972,0.0055684749450929365,6.799999999995698e-05,0.0032799999999999496,0.0032799999999999496,6.799999999995698e-05,0.0007620000000000404,42:0.0032800000;43:0.0000680000;44:0.0007620000
RawMal-TF,resnet18,cam_low_minus_random,Low-saliency cutout minus random cutout,Low-saliency cutout,cam_low,4.0,0.1,Low-saliency cutout M4,Random cutout M4,4,4.0,final_validation_accuracy,Final validation accuracy,positive means Low-saliency cutout M4 is higher than Random cutout M4,3,42;43;44,,-0.0035116666666666907,3.8361386333333225e-05,0.006193656943465083,0.00357590950357776,-0.018897563454151212,0.011874230120817831,-0.009174000000000015,0.003102999999999967,-0.0044640000000000235,0.003102999999999967,-0.009174000000000015,42:-0.0044640000;43:0.0031030000;44:-0.0091740000
RawMal-TF,resnet18,cam_low_minus_random,Low-saliency cutout minus random cutout,Low-saliency cutout,cam_low,4.0,0.1,Low-saliency cutout M4,Random cutout M4,4,4.0,maximum_validation_drawdown,Maximum validation drawdown,positive means Low-saliency cutout M4 is higher than Random cutout M4,3,42;43;44,,-0.04536866666666667,0.0018268962463333265,0.04274220684912428,0.024677224630100573,-0.15154619458800264,0.060808861254669305,-0.09419899999999992,-0.014741000000000115,-0.014741000000000115,-0.09419899999999992,-0.027165999999999968,42:-0.0147410000;43:-0.0941990000;44:-0.0271660000
RawMal-TF,resnet18,cam_low_minus_random,Low-saliency cutout minus random cutout,Low-saliency cutout,cam_low,4.0,0.1,Low-saliency cutout M4,Random cutout M4,4,4.0,validation_aulc,Normalized validation AULC,positive means Low-saliency cutout M4 is higher than Random cutout M4,3,42;43;44,,-0.0007789646464647267,8.688297862205486e-07,0.0009321103937949349,0.0005381541867719538,-0.003094455227292256,0.0015365259343628024,-0.0013849999999999696,0.0002943585858583564,-0.0013849999999999696,-0.001246252525252567,0.0002943585858583564,42:-0.0013850000;43:-0.0012462525;44:0.0002943586
RawMal-TF,resnet18,cam_low_minus_random,Low-saliency cutout minus random cutout,Low-saliency cutout,cam_low,4.0,0.2,Low-saliency cutout M4,Random cutout M4,4,4.0,best_to_final_degradation,Best-to-final degradation,positive means Low-saliency cutout M4 is higher than Random cutout M4,3,42;43;44,,0.0037069999999999417,1.826115700000018e-05,0.004273307501221996,0.0024671952361605665,-0.006908484318090413,0.014322484318090295,-0.0006940000000000834,0.007839999999999958,-0.0006940000000000834,0.003974999999999951,0.007839999999999958,42:-0.0006940000;43:0.0039750000;44:0.0078400000
RawMal-TF,resnet18,cam_low_minus_random,Low-saliency cutout minus random cutout,Low-saliency cutout,cam_low,4.0,0.2,Low-saliency cutout M4,Random cutout M4,4,4.0,best_validation_accuracy,Best validation accuracy,positive means Low-saliency cutout M4 is higher than Random cutout M4,3,42;43;44,,0.004577666666666665,4.623840433333312e-05,0.006799882670556391,0.003925914090303604,-0.012314178311375275,0.021469511644708603,-0.0022999999999999687,0.011297000000000001,0.011297000000000001,-0.0022999999999999687,0.0047359999999999625,42:0.0112970000;43:-0.0023000000;44:0.0047360000
RawMal-TF,resnet18,cam_low_minus_random,Low-saliency cutout minus random cutout,Low-saliency cutout,cam_low,4.0,0.2,Low-saliency cutout M4,Random cutout M4,4,4.0,final_validation_accuracy,Final validation accuracy,positive means Low-saliency cutout M4 is higher than Random cutout M4,3,42;43;44,,0.0008706666666667232,9.52601703333337e-05,0.00976013167602434,0.005635014650478847,-0.023374844502306112,0.02511617783563956,-0.0062749999999999195,0.011991000000000085,0.011991000000000085,-0.0062749999999999195,-0.0031039999999999957,42:0.0119910000;43:-0.0062750000;44:-0.0031040000
RawMal-TF,resnet18,cam_low_minus_random,Low-saliency cutout minus random cutout,Low-saliency cutout,cam_low,4.0,0.2,Low-saliency cutout M4,Random cutout M4,4,4.0,maximum_validation_drawdown,Maximum validation drawdown,positive means Low-saliency cutout M4 is higher than Random cutout M4,3,42;43;44,,0.0016506666666666892,0.004061978517333338,0.06373365294201594,0.03679664168251109,-0.15667250412015665,0.15997383745349003,-0.044984000000000024,0.07427200000000006,-0.044984000000000024,0.07427200000000006,-0.02433599999999997,42:-0.0449840000;43:0.0742720000;44:-0.0243360000
RawMal-TF,resnet18,cam_low_minus_random,Low-saliency cutout minus random cutout,Low-saliency cutout,cam_low,4.0,0.2,Low-saliency cutout M4,Random cutout M4,4,4.0,validation_aulc,Normalized validation AULC,positive means Low-saliency cutout M4 is higher than Random cutout M4,3,42;43;44,,0.004034599326599331,5.346523122393883e-06,0.002312254986456702,0.0013349810388658314,-0.0017093604846565285,0.00977855913785519,0.0014932171717171316,0.006014202020201864,0.006014202020201864,0.0014932171717171316,0.004596378787878996,42:0.0060142020;43:0.0014932172;44:0.0045963788
RawMal-TF,resnet18,cam_low_minus_random,Low-saliency cutout minus random cutout,Low-saliency cutout,cam_low,4.0,0.3,Low-saliency cutout M4,Random cutout M4,4,4.0,best_to_final_degradation,Best-to-final degradation,positive means Low-saliency cutout M4 is higher than Random cutout M4,3,42;43;44,,-0.0016973333333333285,2.5478096333333152e-05,0.0050475832170785604,0.0029142235291373443,-0.014236225156547792,0.010841558489881135,-0.007009999999999961,0.00303500000000001,0.00303500000000001,-0.0011170000000000346,-0.007009999999999961,42:0.0030350000;43:-0.0011170000;44:-0.0070100000
RawMal-TF,resnet18,cam_low_minus_random,Low-saliency cutout minus random cutout,Low-saliency cutout,cam_low,4.0,0.3,Low-saliency cutout M4,Random cutout M4,4,4.0,best_validation_accuracy,Best validation accuracy,positive means Low-saliency cutout M4 is higher than Random cutout M4,3,42;43;44,,-0.0011753333333333431,0.00011233832933333382,0.010598977749449888,0.006119322656779747,-0.027504653667734635,0.025153987001067947,-0.010916000000000037,0.01011200000000001,-0.002722000000000002,0.01011200000000001,-0.010916000000000037,42:-0.0027220000;43:0.0101120000;44:-0.0109160000
RawMal-TF,resnet18,cam_low_minus_random,Low-saliency cutout minus random cutout,Low-saliency cutout,cam_low,4.0,0.3,Low-saliency cutout M4,Random cutout M4,4,4.0,final_validation_accuracy,Final validation accuracy,positive means Low-saliency cutout M4 is higher than Random cutout M4,3,42;43;44,,0.0005219999999999855,8.683643700000088e-05,0.009318607031096486,0.0053801002778758955,-0.022626703147799146,0.023670703147799114,-0.005757000000000012,0.011229000000000045,-0.005757000000000012,0.011229000000000045,-0.003906000000000076,42:-0.0057570000;43:0.0112290000;44:-0.0039060000
RawMal-TF,resnet18,cam_low_minus_random,Low-saliency cutout minus random cutout,Low-saliency cutout,cam_low,4.0,0.3,Low-saliency cutout M4,Random cutout M4,4,4.0,maximum_validation_drawdown,Maximum validation drawdown,positive means Low-saliency cutout M4 is higher than Random cutout M4,3,42;43;44,,0.10857133333333324,0.030905680801333324,0.1758001160447095,0.10149824432198049,-0.32814036467983765,0.5452830313465041,-0.03176800000000013,0.30576199999999987,-0.03176800000000013,0.05171999999999999,0.30576199999999987,42:-0.0317680000;43:0.0517200000;44:0.3057620000
RawMal-TF,resnet18,cam_low_minus_random,Low-saliency cutout minus random cutout,Low-saliency cutout,cam_low,4.0,0.3,Low-saliency cutout M4,Random cutout M4,4,4.0,validation_aulc,Normalized validation AULC,positive means Low-saliency cutout M4 is higher than Random cutout M4,3,42;43;44,,-0.00029822053872052834,3.915116686588875e-05,0.006257089328584717,0.0036125322082019213,-0.01584169210623293,0.015245251028791873,-0.007521459595959512,0.003454040404040404,0.003454040404040404,0.0031727575757575233,-0.007521459595959512,42:0.0034540404;43:0.0031727576;44:-0.0075214596
RawMal-TF,resnet18,cam_low_minus_random,Low-saliency cutout minus random cutout,Low-saliency cutout,cam_low,8.0,0.05,Low-saliency cutout M8,Random cutout M8,8,8.0,best_to_final_degradation,Best-to-final degradation,positive means Low-saliency cutout M8 is higher than Random cutout M8,3,42;43;44,,0.0036886666666667103,8.161315033333173e-05,0.009033999686369915,0.0052157821507846655,-0.018753032643029428,0.02613036597636285,-0.004000999999999921,0.013637999999999928,0.013637999999999928,-0.004000999999999921,0.0014290000000001246,42:0.0136380000;43:-0.0040010000;44:0.0014290000
RawMal-TF,resnet18,cam_low_minus_random,Low-saliency cutout minus random cutout,Low-saliency cutout,cam_low,8.0,0.05,Low-saliency cutout M8,Random cutout M8,8,8.0,best_validation_accuracy,Best validation accuracy,positive means Low-saliency cutout M8 is higher than Random cutout M8,3,42;43;44,,-0.005634999999999983,9.776250999999765e-06,0.0031266996977643642,0.0018052009121793772,-0.013402152632826903,0.0021321526328269376,-0.008683999999999914,-0.0024359999999999937,-0.00578500000000004,-0.0024359999999999937,-0.008683999999999914,42:-0.0057850000;43:-0.0024360000;44:-0.0086840000
RawMal-TF,resnet18,cam_low_minus_random,Low-saliency cutout minus random cutout,Low-saliency cutout,cam_low,8.0,0.05,Low-saliency cutout M8,Random cutout M8,8,8.0,final_validation_accuracy,Final validation accuracy,positive means Low-saliency cutout M8 is higher than Random cutout M8,3,42;43;44,,-0.009323666666666694,0.00011059132133333226,0.01051624083659804,0.006071554477872814,-0.03544745711569118,0.016800123782357797,-0.019422999999999968,0.0015649999999999276,-0.019422999999999968,0.0015649999999999276,-0.010113000000000039,42:-0.0194230000;43:0.0015650000;44:-0.0101130000
RawMal-TF,resnet18,cam_low_minus_random,Low-saliency cutout minus random cutout,Low-saliency cutout,cam_low,8.0,0.05,Low-saliency cutout M8,Random cutout M8,8,8.0,maximum_validation_drawdown,Maximum validation drawdown,positive means Low-saliency cutout M8 is higher than Random cutout M8,3,42;43;44,,-0.17033733333333334,0.014054683777333333,0.11855245158719128,0.06844628983695497,-0.46483794915260596,0.12416328248593927,-0.27625600000000006,-0.042274000000000034,-0.27625600000000006,-0.042274000000000034,-0.19248199999999993,42:-0.2762560000;43:-0.0422740000;44:-0.1924820000
RawMal-TF,resnet18,cam_low_minus_random,Low-saliency cutout minus random cutout,Low-saliency cutout,cam_low,8.0,0.05,Low-saliency cutout M8,Random cutout M8,8,8.0,validation_aulc,Normalized validation AULC,positive means Low-saliency cutout M8 is higher than Random cutout M8,3,42;43;44,,-0.002164843434343237,1.6453834191689276e-05,0.004056332603681468,0.002341924720658151,-0.01224133222692973,0.007911645358243258,-0.004769767676767622,0.0025087626262627616,0.0025087626262627616,-0.00423352525252485,-0.004769767676767622,42:0.0025087626;43:-0.0042335253;44:-0.0047697677
RawMal-TF,resnet18,cam_low_minus_random,Low-saliency cutout minus random cutout,Low-saliency cutout,cam_low,8.0,0.1,Low-saliency cutout M8,Random cutout M8,8,8.0,best_to_final_degradation,Best-to-final degradation,positive means Low-saliency cutout M8 is higher than Random cutout M8,3,42;43;44,,0.007590666666666708,4.0850496333333954e-05,0.0063914393006062374,0.003690099200714165,-0.008286548732929506,0.02346788206626292,0.001471,0.014223000000000097,0.014223000000000097,0.001471,0.007078000000000029,42:0.0142230000;43:0.0014710000;44:0.0070780000
RawMal-TF,resnet18,cam_low_minus_random,Low-saliency cutout minus random cutout,Low-saliency cutout,cam_low,8.0,0.1,Low-saliency cutout M8,Random cutout M8,8,8.0,best_validation_accuracy,Best validation accuracy,positive means Low-saliency cutout M8 is higher than Random cutout M8,3,42;43;44,,-0.0034159999999999746,0.0001486762410000005,0.012193286718518536,0.007039797369242966,-0.03370580336879543,0.026873803368795482,-0.014535999999999993,0.009623000000000048,0.009623000000000048,-0.014535999999999993,-0.005334999999999979,42:0.0096230000;43:-0.0145360000;44:-0.0053350000
RawMal-TF,resnet18,cam_low_minus_random,Low-saliency cutout minus random cutout,Low-saliency cutout,cam_low,8.0,0.1,Low-saliency cutout M8,Random cutout M8,8,8.0,final_validation_accuracy,Final validation accuracy,positive means Low-saliency cutout M8 is higher than Random cutout M8,3,42;43;44,,-0.011006666666666684,3.4013242333333e-05,0.005832087305016361,0.003367157175488595,-0.025494374679823024,0.003481041346489657,-0.016006999999999993,-0.0046000000000000485,-0.0046000000000000485,-0.016006999999999993,-0.012413000000000007,42:-0.0046000000;43:-0.0160070000;44:-0.0124130000
RawMal-TF,resnet18,cam_low_minus_random,Low-saliency cutout minus random cutout,Low-saliency cutout,cam_low,8.0,0.1,Low-saliency cutout M8,Random cutout M8,8,8.0,maximum_validation_drawdown,Maximum validation drawdown,positive means Low-saliency cutout M8 is higher than Random cutout M8,3,42;43;44,,0.010335666666666707,0.018902970577333335,0.13748807430949542,0.07937877671295046,-0.33120364365432714,0.3518749769876605,-0.10143899999999989,0.1638590000000001,-0.10143899999999989,-0.03141300000000008,0.1638590000000001,42:-0.1014390000;43:-0.0314130000;44:0.1638590000
RawMal-TF,resnet18,cam_low_minus_random,Low-saliency cutout minus random cutout,Low-saliency cutout,cam_low,8.0,0.1,Low-saliency cutout M8,Random cutout M8,8,8.0,validation_aulc,Normalized validation AULC,positive means Low-saliency cutout M8 is higher than Random cutout M8,3,42;43;44,,-0.003071471380471332,9.901864711925065e-06,0.0031467228527350586,0.0018167612860917333,-0.010888364287671048,0.004745421526728383,-0.0060894191919190765,0.00018988888888882283,0.00018988888888882283,-0.0060894191919190765,-0.003314883838383742,42:0.0001898889;43:-0.0060894192;44:-0.0033148838
RawMal-TF,resnet18,cam_low_minus_random,Low-saliency cutout minus random cutout,Low-saliency cutout,cam_low,8.0,0.2,Low-saliency cutout M8,Random cutout M8,8,8.0,best_to_final_degradation,Best-to-final degradation,positive means Low-saliency cutout M8 is higher than Random cutout M8,3,42;43;44,,0.006646666666666652,1.7478597333333276e-05,0.004180741242092516,0.002413752081534285,-0.0037388703162758606,0.017032203649609164,0.0019879999999999898,0.01007199999999997,0.0019879999999999898,0.01007199999999997,0.007879999999999998,42:0.0019880000;43:0.0100720000;44:0.0078800000
RawMal-TF,resnet18,cam_low_minus_random,Low-saliency cutout minus random cutout,Low-saliency cutout,cam_low,8.0,0.2,Low-saliency cutout M8,Random cutout M8,8,8.0,best_validation_accuracy,Best validation accuracy,positive means Low-saliency cutout M8 is higher than Random cutout M8,3,42;43;44,,-0.0015696666666666914,8.379472633333299e-05,0.009153945943325916,0.005285033154526501,-0.024309328996661734,0.02116999566332835,-0.010670999999999986,0.007635999999999976,-0.0016740000000000643,0.007635999999999976,-0.010670999999999986,42:-0.0016740000;43:0.0076360000;44:-0.0106710000
RawMal-TF,resnet18,cam_low_minus_random,Low-saliency cutout minus random cutout,Low-saliency cutout,cam_low,8.0,0.2,Low-saliency cutout M8,Random cutout M8,8,8.0,final_validation_accuracy,Final validation accuracy,positive means Low-saliency cutout M8 is higher than Random cutout M8,3,42;43;44,,-0.008216333333333345,8.047977033333296e-05,0.008971051796380008,0.005179439169554074,-0.03050166141562457,0.014068994748957878,-0.018550999999999984,-0.0024359999999999937,-0.003662000000000054,-0.0024359999999999937,-0.018550999999999984,42:-0.0036620000;43:-0.0024360000;44:-0.0185510000
RawMal-TF,resnet18,cam_low_minus_random,Low-saliency cutout minus random cutout,Low-saliency cutout,cam_low,8.0,0.2,Low-saliency cutout M8,Random cutout M8,8,8.0,maximum_validation_drawdown,Maximum validation drawdown,positive means Low-saliency cutout M8 is higher than Random cutout M8,3,42;43;44,,0.1170243333333333,0.06879651310233331,0.2622908940514964,0.15143371828661908,-0.5345423680532032,0.7685910347198698,-0.185282,0.284136,0.25221899999999986,0.284136,-0.185282,42:0.2522190000;43:0.2841360000;44:-0.1852820000
RawMal-TF,resnet18,cam_low_minus_random,Low-saliency cutout minus random cutout,Low-saliency cutout,cam_low,8.0,0.2,Low-saliency cutout M8,Random cutout M8,8,8.0,validation_aulc,Normalized validation AULC,positive means Low-saliency cutout M8 is higher than Random cutout M8,3,42;43;44,,-0.005754239057239004,3.050268648021404e-05,0.005522923725728434,0.0031886614997630822,-0.01947394216395761,0.007965464049479603,-0.010181227272727078,0.0004346818181818479,-0.010181227272727078,-0.007516171717171782,0.0004346818181818479,42:-0.0101812273;43:-0.0075161717;44:0.0004346818
RawMal-TF,resnet18,cam_low_minus_random,Low-saliency cutout minus random cutout,Low-saliency cutout,cam_low,8.0,0.3,Low-saliency cutout M8,Random cutout M8,8,8.0,best_to_final_degradation,Best-to-final degradation,positive means Low-saliency cutout M8 is higher than Random cutout M8,3,42;43;44,,-0.0032079999999999518,3.5819538999999775e-05,0.005984942689784069,0.0034554082730313155,-0.018075421838916143,0.01165942183891624,-0.010112999999999928,0.0004900000000001015,-1.0000000000287557e-06,0.0004900000000001015,-0.010112999999999928,42:-0.0000010000;43:0.0004900000;44:-0.0101130000
RawMal-TF,resnet18,cam_low_minus_random,Low-saliency cutout minus random cutout,Low-saliency cutout,cam_low,8.0,0.3,Low-saliency cutout M8,Random cutout M8,8,8.0,best_validation_accuracy,Best validation accuracy,positive means Low-saliency cutout M8 is higher than Random cutout M8,3,42;43;44,,-0.004033666666666676,0.00013712405633333323,0.011709998135496573,0.006760770575738963,-0.033122914640673747,0.025055581307340393,-0.017436000000000007,0.004218999999999973,0.004218999999999973,0.0011160000000000059,-0.017436000000000007,42:0.0042190000;43:0.0011160000;44:-0.0174360000
RawMal-TF,resnet18,cam_low_minus_random,Low-saliency cutout minus random cutout,Low-saliency cutout,cam_low,8.0,0.3,Low-saliency cutout M8,Random cutout M8,8,8.0,final_validation_accuracy,Final validation accuracy,positive means Low-saliency cutout M8 is higher than Random cutout M8,3,42;43;44,,-0.0008256666666667245,3.489071433333372e-05,0.005906836237219864,0.0034103134916179246,-0.01549906132122984,0.01384772798789639,-0.0073230000000000794,0.0042200000000000015,0.0042200000000000015,0.0006259999999999044,-0.0073230000000000794,42:0.0042200000;43:0.0006260000;44:-0.0073230000
RawMal-TF,resnet18,cam_low_minus_random,Low-saliency cutout minus random cutout,Low-saliency cutout,cam_low,8.0,0.3,Low-saliency cutout M8,Random cutout M8,8,8.0,maximum_validation_drawdown,Maximum validation drawdown,positive means Low-saliency cutout M8 is higher than Random cutout M8,3,42;43;44,,0.11769133333333326,0.042206611029333325,0.2054424762052223,0.11861226894006839,-0.3926560694226223,0.6280387360892888,-0.04605800000000004,0.3482139999999999,-0.04605800000000004,0.3482139999999999,0.05091799999999991,42:-0.0460580000;43:0.3482140000;44:0.0509180000
RawMal-TF,resnet18,cam_low_minus_random,Low-saliency cutout minus random cutout,Low-saliency cutout,cam_low,8.0,0.3,Low-saliency cutout M8,Random cutout M8,8,8.0,validation_aulc,Normalized validation AULC,positive means Low-saliency cutout M8 is higher than Random cutout M8,3,42;43;44,,-0.006226804713804805,4.019912533313718e-05,0.006340278017022375,0.0036605612198649354,-0.021976928439464017,0.009523319011854405,-0.010760944444444531,0.0010182474747473247,0.0010182474747473247,-0.008937717171717208,-0.010760944444444531,42:0.0010182475;43:-0.0089377172;44:-0.0107609444
RawMal-TF,resnet18,cam_high_minus_random,High-saliency cutout minus random cutout,High-saliency cutout,cam_high,4.0,0.05,High-saliency cutout M4,Random cutout M4,4,4.0,best_to_final_degradation,Best-to-final degradation,positive means High-saliency cutout M4 is higher than Random cutout M4,3,42;43;44,,-0.001011666666666633,7.684012233333353e-05,0.008765849778163753,0.005060965729098665,-0.02278724467696041,0.020763911343627144,-0.008751999999999982,0.008507000000000042,0.008507000000000042,-0.002789999999999959,-0.008751999999999982,42:0.0085070000;43:-0.0027900000;44:-0.0087520000
RawMal-TF,resnet18,cam_high_minus_random,High-saliency cutout minus random cutout,High-saliency cutout,cam_high,4.0,0.05,High-saliency cutout M4,Random cutout M4,4,4.0,best_validation_accuracy,Best validation accuracy,positive means High-saliency cutout M4 is higher than Random cutout M4,3,42;43;44,,-0.002059666666666645,6.389324633333392e-05,0.007993325111199589,0.004614948404671278,-0.0219161870184252,0.01779685368509191,-0.010494000000000003,0.005404000000000075,-0.0010890000000000066,0.005404000000000075,-0.010494000000000003,42:-0.0010890000;43:0.0054040000;44:-0.0104940000
RawMal-TF,resnet18,cam_high_minus_random,High-saliency cutout minus random cutout,High-saliency cutout,cam_high,4.0,0.05,High-saliency cutout M4,Random cutout M4,4,4.0,final_validation_accuracy,Final validation accuracy,positive means High-saliency cutout M4 is higher than Random cutout M4,3,42;43;44,,-0.0010480000000000118,7.948225200000076e-05,0.008915281936091576,0.00514724042570388,-0.02319478806916448,0.02109878806916446,-0.009596000000000049,0.008194000000000035,-0.009596000000000049,0.008194000000000035,-0.0017420000000000213,42:-0.0095960000;43:0.0081940000;44:-0.0017420000
RawMal-TF,resnet18,cam_high_minus_random,High-saliency cutout minus random cutout,High-saliency cutout,cam_high,4.0,0.05,High-saliency cutout M4,Random cutout M4,4,4.0,maximum_validation_drawdown,Maximum validation drawdown,positive means High-saliency cutout M4 is higher than Random cutout M4,3,42;43;44,,-0.12138933333333331,0.11890843951633334,0.3448310303849312,0.19908828821767605,-0.9779971001264799,0.7352184334598132,-0.51583,0.12295699999999998,-0.51583,0.02870500000000009,0.12295699999999998,42:-0.5158300000;43:0.0287050000;44:0.1229570000
RawMal-TF,resnet18,cam_high_minus_random,High-saliency cutout minus random cutout,High-saliency cutout,cam_high,4.0,0.05,High-saliency cutout M4,Random cutout M4,4,4.0,validation_aulc,Normalized validation AULC,positive means High-saliency cutout M4 is higher than Random cutout M4,3,42;43;44,,0.0006170437710436572,6.227178796391756e-05,0.007891247554342567,0.004556013899741657,-0.018985901872193497,0.020219989414280812,-0.006037686868687109,0.00933492929292934,0.00933492929292934,-0.001446111111111259,-0.006037686868687109,42:0.0093349293;43:-0.0014461111;44:-0.0060376869
RawMal-TF,resnet18,cam_high_minus_random,High-saliency cutout minus random cutout,High-saliency cutout,cam_high,4.0,0.1,High-saliency cutout M4,Random cutout M4,4,4.0,best_to_final_degradation,Best-to-final degradation,positive means High-saliency cutout M4 is higher than Random cutout M4,3,42;43;44,,0.0018236666666667418,7.78075213333337e-05,0.008820857176790342,0.005092724265503147,-0.020088557296985766,0.023735890630319247,-0.00756699999999999,0.009935000000000027,-0.00756699999999999,0.009935000000000027,0.003103000000000189,42:-0.0075670000;43:0.0099350000;44:0.0031030000
RawMal-TF,resnet18,cam_high_minus_random,High-saliency cutout minus random cutout,High-saliency cutout,cam_high,4.0,0.1,High-saliency cutout M4,Random cutout M4,4,4.0,best_validation_accuracy,Best validation accuracy,positive means High-saliency cutout M4 is higher than Random cutout M4,3,42;43;44,,-0.004582333333333318,5.998984333333685e-06,0.0024492824119185775,0.0014140938598426066,-0.01066668813973588,0.0015020214730692453,-0.006738000000000022,-0.001918999999999893,-0.005090000000000039,-0.006738000000000022,-0.001918999999999893,42:-0.0050900000;43:-0.0067380000;44:-0.0019190000
RawMal-TF,resnet18,cam_high_minus_random,High-saliency cutout minus random cutout,High-saliency cutout,cam_high,4.0,0.1,High-saliency cutout M4,Random cutout M4,4,4.0,final_validation_accuracy,Final validation accuracy,positive means High-saliency cutout M4 is higher than Random cutout M4,3,42;43;44,,-0.00640600000000006,9.311721699999997e-05,0.009649726265547639,0.005571272057020131,-0.030377248925216132,0.01756524892521601,-0.01667300000000005,0.0024769999999999515,0.0024769999999999515,-0.01667300000000005,-0.005022000000000082,42:0.0024770000;43:-0.0166730000;44:-0.0050220000
RawMal-TF,resnet18,cam_high_minus_random,High-saliency cutout minus random cutout,High-saliency cutout,cam_high,4.0,0.1,High-saliency cutout M4,Random cutout M4,4,4.0,maximum_validation_drawdown,Maximum validation drawdown,positive means High-saliency cutout M4 is higher than Random cutout M4,3,42;43;44,,0.06954166666666668,0.03895170471433332,0.19736186236031852,0.11394692436149577,-0.42073237850231665,0.55981571183565,-0.15578599999999992,0.21174000000000004,0.15267099999999995,-0.15578599999999992,0.21174000000000004,42:0.1526710000;43:-0.1557860000;44:0.2117400000
RawMal-TF,resnet18,cam_high_minus_random,High-saliency cutout minus random cutout,High-saliency cutout,cam_high,4.0,0.1,High-saliency cutout M4,Random cutout M4,4,4.0,validation_aulc,Normalized validation AULC,positive means High-saliency cutout M4 is higher than Random cutout M4,3,42;43;44,,-0.005020178451178414,8.662433320668534e-07,0.0009307219413266528,0.0005373525633656341,-0.007332219924868381,-0.0027081369774884473,-0.005795005050505231,-0.003987803030302772,-0.003987803030302772,-0.0052777272727272395,-0.005795005050505231,42:-0.0039878030;43:-0.0052777273;44:-0.0057950051
RawMal-TF,resnet18,cam_high_minus_random,High-saliency cutout minus random cutout,High-saliency cutout,cam_high,4.0,0.2,High-saliency cutout M4,Random cutout M4,4,4.0,best_to_final_degradation,Best-to-final degradation,positive means High-saliency cutout M4 is higher than Random cutout M4,3,42;43;44,,0.003171333333333304,2.0803442333333624e-05,0.004561079075540527,0.0026333402320584927,-0.008159015204918359,0.014501681871584966,-0.0012250000000000316,0.007881000000000027,0.002857999999999916,0.007881000000000027,-0.0012250000000000316,42:0.0028580000;43:0.0078810000;44:-0.0012250000
RawMal-TF,resnet18,cam_high_minus_random,High-saliency cutout minus random cutout,High-saliency cutout,cam_high,4.0,0.2,High-saliency cutout M4,Random cutout M4,4,4.0,best_validation_accuracy,Best validation accuracy,positive means High-saliency cutout M4 is higher than Random cutout M4,3,42;43;44,,-0.009464333333333333,1.7586197333333123e-05,0.004193590029239044,0.002421170332252093,-0.019881788472977988,0.0009531218063113227,-0.012970999999999955,-0.004819000000000018,-0.010603000000000029,-0.012970999999999955,-0.004819000000000018,42:-0.0106030000;43:-0.0129710000;44:-0.0048190000
RawMal-TF,resnet18,cam_high_minus_random,High-saliency cutout minus random cutout,High-saliency cutout,cam_high,4.0,0.2,High-saliency cutout M4,Random cutout M4,4,4.0,final_validation_accuracy,Final validation accuracy,positive means High-saliency cutout M4 is higher than Random cutout M4,3,42;43;44,,-0.012635666666666637,7.497052233333327e-05,0.008658551976706803,0.004999017314544039,-0.034144702161963275,0.008873368828630003,-0.02085199999999998,-0.003593999999999986,-0.013460999999999945,-0.02085199999999998,-0.003593999999999986,42:-0.0134610000;43:-0.0208520000;44:-0.0035940000
RawMal-TF,resnet18,cam_high_minus_random,High-saliency cutout minus random cutout,High-saliency cutout,cam_high,4.0,0.2,High-saliency cutout M4,Random cutout M4,4,4.0,maximum_validation_drawdown,Maximum validation drawdown,positive means High-saliency cutout M4 is higher than Random cutout M4,3,42;43;44,,-0.05801733333333333,0.0006091032943333339,0.02468001811857791,0.014249015104365798,-0.11932589707067981,0.0032912304040131554,-0.086455,-0.042192999999999925,-0.042192999999999925,-0.086455,-0.045404000000000055,42:-0.0421930000;43:-0.0864550000;44:-0.0454040000
RawMal-TF,resnet18,cam_high_minus_random,High-saliency cutout minus random cutout,High-saliency cutout,cam_high,4.0,0.2,High-saliency cutout M4,Random cutout M4,4,4.0,validation_aulc,Normalized validation AULC,positive means High-saliency cutout M4 is higher than Random cutout M4,3,42;43;44,,-0.0050255572390571395,1.0387642917875009e-05,0.003222986645624677,0.0018607922074459764,-0.013031899910222196,0.0029807854321079177,-0.007858191919192015,-0.0015188383838381503,-0.007858191919192015,-0.005699641414141254,-0.0015188383838381503,42:-0.0078581919;43:-0.0056996414;44:-0.0015188384
RawMal-TF,resnet18,cam_high_minus_random,High-saliency cutout minus random cutout,High-saliency cutout,cam_high,4.0,0.3,High-saliency cutout M4,Random cutout M4,4,4.0,best_to_final_degradation,Best-to-final degradation,positive means High-saliency cutout M4 is higher than Random cutout M4,3,42;43;44,,-0.0010346666666666653,1.790374533333371e-05,0.004231281760097489,0.002442931663209439,-0.011545753256361448,0.009476419923028119,-0.005580000000000029,0.00279000000000007,0.00279000000000007,-0.00031400000000003647,-0.005580000000000029,42:0.0027900000;43:-0.0003140000;44:-0.0055800000
RawMal-TF,resnet18,cam_high_minus_random,High-saliency cutout minus random cutout,High-saliency cutout,cam_high,4.0,0.3,High-saliency cutout M4,Random cutout M4,4,4.0,best_validation_accuracy,Best validation accuracy,positive means High-saliency cutout M4 is higher than Random cutout M4,3,42;43;44,,-0.020039333333333336,6.33877743333337e-05,0.007961643946656601,0.004596657275794143,-0.039817153309495534,-0.0002615133571711413,-0.02897700000000003,-0.013705999999999996,-0.01743499999999998,-0.013705999999999996,-0.02897700000000003,42:-0.0174350000;43:-0.0137060000;44:-0.0289770000
RawMal-TF,resnet18,cam_high_minus_random,High-saliency cutout minus random cutout,High-saliency cutout,cam_high,4.0,0.3,High-saliency cutout M4,Random cutout M4,4,4.0,final_validation_accuracy,Final validation accuracy,positive means High-saliency cutout M4 is higher than Random cutout M4,3,42;43;44,,-0.01900466666666667,2.6141916333333626e-05,0.005112916617091816,0.0029519437852220712,-0.03170585565269704,-0.0063034776806363026,-0.023397,-0.01339199999999996,-0.02022500000000005,-0.01339199999999996,-0.023397,42:-0.0202250000;43:-0.0133920000;44:-0.0233970000
RawMal-TF,resnet18,cam_high_minus_random,High-saliency cutout minus random cutout,High-saliency cutout,cam_high,4.0,0.3,High-saliency cutout M4,Random cutout M4,4,4.0,maximum_validation_drawdown,Maximum validation drawdown,positive means High-saliency cutout M4 is higher than Random cutout M4,3,42;43;44,,0.17337633333333327,0.008122299761333343,0.09012380241275522,0.052033001583396875,-0.050503602974946965,0.39725626964161354,0.06935899999999989,0.22814100000000004,0.06935899999999989,0.22814100000000004,0.2226289999999999,42:0.0693590000;43:0.2281410000;44:0.2226290000
RawMal-TF,resnet18,cam_high_minus_random,High-saliency cutout minus random cutout,High-saliency cutout,cam_high,4.0,0.3,High-saliency cutout M4,Random cutout M4,4,4.0,validation_aulc,Normalized validation AULC,positive means High-saliency cutout M4 is higher than Random cutout M4,3,42;43;44,,-0.014330175084175,1.6740755824133246e-05,0.004091546874243682,0.002362255689246562,-0.02449414097426016,-0.004166209194089842,-0.01902509090909077,-0.011525464646464534,-0.011525464646464534,-0.0124399696969697,-0.01902509090909077,42:-0.0115254646;43:-0.0124399697;44:-0.0190250909
RawMal-TF,resnet18,cam_high_minus_random,High-saliency cutout minus random cutout,High-saliency cutout,cam_high,8.0,0.05,High-saliency cutout M8,Random cutout M8,8,8.0,best_to_final_degradation,Best-to-final degradation,positive means High-saliency cutout M8 is higher than Random cutout M8,3,42;43;44,,0.00011833333333340541,5.391667633333295e-05,0.0073427975822116295,0.004239366160694817,-0.01812218705107363,0.018358853717740438,-0.007185999999999915,0.007499000000000033,0.007499000000000033,4.2000000000097515e-05,-0.007185999999999915,42:0.0074990000;43:0.0000420000;44:-0.0071860000
RawMal-TF,resnet18,cam_high_minus_random,High-saliency cutout minus random cutout,High-saliency cutout,cam_high,8.0,0.05,High-saliency cutout M8,Random cutout M8,8,8.0,best_validation_accuracy,Best validation accuracy,positive means High-saliency cutout M8 is higher than Random cutout M8,3,42;43;44,,-0.00579799999999997,4.068924999999829e-06,0.002017157653729581,0.0011646065143786878,-0.010808897398363885,-0.0007871026016360548,-0.007457999999999965,-0.0035530000000000284,-0.0035530000000000284,-0.007457999999999965,-0.0063829999999999165,42:-0.0035530000;43:-0.0074580000;44:-0.0063830000
RawMal-TF,resnet18,cam_high_minus_random,High-saliency cutout minus random cutout,High-saliency cutout,cam_high,8.0,0.05,High-saliency cutout M8,Random cutout M8,8,8.0,final_validation_accuracy,Final validation accuracy,positive means High-saliency cutout M8 is higher than Random cutout M8,3,42;43;44,,-0.005916333333333375,3.7016256333333736e-05,0.006084098645923958,0.003512655991000435,-0.02103007222225059,0.009197405555583842,-0.011052000000000062,0.0008029999999999982,-0.011052000000000062,-0.007500000000000062,0.0008029999999999982,42:-0.0110520000;43:-0.0075000000;44:0.0008030000
RawMal-TF,resnet18,cam_high_minus_random,High-saliency cutout minus random cutout,High-saliency cutout,cam_high,8.0,0.05,High-saliency cutout M8,Random cutout M8,8,8.0,maximum_validation_drawdown,Maximum validation drawdown,positive means High-saliency cutout M8 is higher than Random cutout M8,3,42;43;44,,-0.13204566666666664,0.037660869625333326,0.19406408638728942,0.11204295251574034,-0.6141275821758362,0.35003624884250284,-0.25801700000000005,0.09143699999999999,-0.25801700000000005,0.09143699999999999,-0.2295569999999999,42:-0.2580170000;43:0.0914370000;44:-0.2295570000
RawMal-TF,resnet18,cam_high_minus_random,High-saliency cutout minus random cutout,High-saliency cutout,cam_high,8.0,0.05,High-saliency cutout M8,Random cutout M8,8,8.0,validation_aulc,Normalized validation AULC,positive means High-saliency cutout M8 is higher than Random cutout M8,3,42;43;44,,-0.0033872070707069435,4.086264501930823e-05,0.006392389617295572,0.0036906478663105676,-0.019266783187829328,0.01249236904641544,-0.008428136363636152,0.0038027777777778216,0.0038027777777778216,-0.008428136363636152,-0.0055362626262625,42:0.0038027778;43:-0.0084281364;44:-0.0055362626
RawMal-TF,resnet18,cam_high_minus_random,High-saliency cutout minus random cutout,High-saliency cutout,cam_high,8.0,0.1,High-saliency cutout M8,Random cutout M8,8,8.0,best_to_final_degradation,Best-to-final degradation,positive means High-saliency cutout M8 is higher than Random cutout M8,3,42;43;44,,-0.0008846666666666447,4.515006633333317e-05,0.006719379906906081,0.0038794357980395885,-0.017576531693617205,0.015807198360283915,-0.006942000000000004,0.0063429999999999875,-0.006942000000000004,-0.002054999999999918,0.0063429999999999875,42:-0.0069420000;43:-0.0020550000;44:0.0063430000
RawMal-TF,resnet18,cam_high_minus_random,High-saliency cutout minus random cutout,High-saliency cutout,cam_high,8.0,0.1,High-saliency cutout M8,Random cutout M8,8,8.0,best_validation_accuracy,Best validation accuracy,positive means High-saliency cutout M8 is higher than Random cutout M8,3,42;43;44,,-0.011251333333333316,9.837306433333276e-05,0.009918319632545261,0.005726344509758757,-0.035889805170659275,0.01338713850399264,-0.01761199999999996,0.00017699999999998273,0.00017699999999998273,-0.016318999999999972,-0.01761199999999996,42:0.0001770000;43:-0.0163190000;44:-0.0176120000
RawMal-TF,resnet18,cam_high_minus_random,High-saliency cutout minus random cutout,High-saliency cutout,cam_high,8.0,0.1,High-saliency cutout M8,Random cutout M8,8,8.0,final_validation_accuracy,Final validation accuracy,positive means High-saliency cutout M8 is higher than Random cutout M8,3,42;43;44,,-0.010366666666666672,0.0002527902743333326,0.01589937968391637,0.009179511140457184,-0.049862915334405726,0.029129582001072386,-0.02395499999999995,0.0071189999999999864,0.0071189999999999864,-0.014264000000000054,-0.02395499999999995,42:0.0071190000;43:-0.0142640000;44:-0.0239550000
RawMal-TF,resnet18,cam_high_minus_random,High-saliency cutout minus random cutout,High-saliency cutout,cam_high,8.0,0.1,High-saliency cutout M8,Random cutout M8,8,8.0,maximum_validation_drawdown,Maximum validation drawdown,positive means High-saliency cutout M8 is higher than Random cutout M8,3,42;43;44,,0.06799899999999999,0.016222358070999986,0.12736702112791987,0.07353538393408529,-0.24839822042906579,0.38439622042906574,-0.03406699999999996,0.21073399999999992,-0.03406699999999996,0.21073399999999992,0.02733000000000002,42:-0.0340670000;43:0.2107340000;44:0.0273300000
RawMal-TF,resnet18,cam_high_minus_random,High-saliency cutout minus random cutout,High-saliency cutout,cam_high,8.0,0.1,High-saliency cutout M8,Random cutout M8,8,8.0,validation_aulc,Normalized validation AULC,positive means High-saliency cutout M8 is higher than Random cutout M8,3,42;43;44,,-0.011769683501683392,3.2979975300589805e-05,0.005742819455684621,0.003315618358646936,-0.026035637883859573,0.002496270880492788,-0.015748247474747346,-0.00518603030303022,-0.00518603030303022,-0.014374772727272611,-0.015748247474747346,42:-0.0051860303;43:-0.0143747727;44:-0.0157482475
RawMal-TF,resnet18,cam_high_minus_random,High-saliency cutout minus random cutout,High-saliency cutout,cam_high,8.0,0.2,High-saliency cutout M8,Random cutout M8,8,8.0,best_to_final_degradation,Best-to-final degradation,positive means High-saliency cutout M8 is higher than Random cutout M8,3,42;43;44,,0.00358899999999999,1.1259629999999135e-06,0.001061114037226873,0.0006126344750338258,0.0009530466035579392,0.006224953396442041,0.0023680000000000367,0.0042879999999999585,0.004110999999999976,0.0042879999999999585,0.0023680000000000367,42:0.0041110000;43:0.0042880000;44:0.0023680000
RawMal-TF,resnet18,cam_high_minus_random,High-saliency cutout minus random cutout,High-saliency cutout,cam_high,8.0,0.2,High-saliency cutout M8,Random cutout M8,8,8.0,best_validation_accuracy,Best validation accuracy,positive means High-saliency cutout M8 is higher than Random cutout M8,3,42;43;44,,-0.011823000000000028,8.60867499999986e-06,0.0029340543621412096,0.0016939770757992232,-0.019111595089594674,-0.004534404910405382,-0.013638000000000039,-0.008438000000000057,-0.013638000000000039,-0.008438000000000057,-0.013392999999999988,42:-0.0136380000;43:-0.0084380000;44:-0.0133930000
RawMal-TF,resnet18,cam_high_minus_random,High-saliency cutout minus random cutout,High-saliency cutout,cam_high,8.0,0.2,High-saliency cutout M8,Random cutout M8,8,8.0,final_validation_accuracy,Final validation accuracy,positive means High-saliency cutout M8 is higher than Random cutout M8,3,42;43;44,,-0.015412000000000018,6.398983000000003e-06,0.0025296211178751655,0.0014604774333529889,-0.021695927215590067,-0.009128072784409968,-0.017749000000000015,-0.012726000000000015,-0.017749000000000015,-0.012726000000000015,-0.015761000000000025,42:-0.0177490000;43:-0.0127260000;44:-0.0157610000
RawMal-TF,resnet18,cam_high_minus_random,High-saliency cutout minus random cutout,High-saliency cutout,cam_high,8.0,0.2,High-saliency cutout M8,Random cutout M8,8,8.0,maximum_validation_drawdown,Maximum validation drawdown,positive means High-saliency cutout M8 is higher than Random cutout M8,3,42;43;44,,0.1070116666666666,0.06660534659433334,0.2580801166194973,0.1490026248027568,-0.5340948837048604,0.7481182170381936,-0.18887500000000007,0.28567399999999993,0.22423599999999994,0.28567399999999993,-0.18887500000000007,42:0.2242360000;43:0.2856740000;44:-0.1888750000
RawMal-TF,resnet18,cam_high_minus_random,High-saliency cutout minus random cutout,High-saliency cutout,cam_high,8.0,0.2,High-saliency cutout M8,Random cutout M8,8,8.0,validation_aulc,Normalized validation AULC,positive means High-saliency cutout M8 is higher than Random cutout M8,3,42;43;44,,-0.011621430976430905,8.199617027222367e-05,0.009055173674326941,0.0052280069584314725,-0.03411572938812122,0.010872867435259411,-0.01806269191919163,-0.0012678636363636642,-0.01806269191919163,-0.015533737373737422,-0.0012678636363636642,42:-0.0180626919;43:-0.0155337374;44:-0.0012678636
RawMal-TF,resnet18,cam_high_minus_random,High-saliency cutout minus random cutout,High-saliency cutout,cam_high,8.0,0.3,High-saliency cutout M8,Random cutout M8,8,8.0,best_to_final_degradation,Best-to-final degradation,positive means High-saliency cutout M8 is higher than Random cutout M8,3,42;43;44,,-0.003870333333333309,3.654702633333325e-05,0.0060454136610601965,0.003490321204575746,-0.018887973392468352,0.011147306725801732,-0.010847999999999969,-0.00020500000000001073,-0.00020500000000001073,-0.0005579999999999474,-0.010847999999999969,42:-0.0002050000;43:-0.0005580000;44:-0.0108480000
RawMal-TF,resnet18,cam_high_minus_random,High-saliency cutout minus random cutout,High-saliency cutout,cam_high,8.0,0.3,High-saliency cutout M8,Random cutout M8,8,8.0,best_validation_accuracy,Best validation accuracy,positive means High-saliency cutout M8 is higher than Random cutout M8,3,42;43;44,,-0.015598,5.3239250999999664e-05,0.0072965232131474555,0.004212649641259037,-0.033723568479122945,0.002527568479122947,-0.023083999999999993,-0.008507000000000042,-0.008507000000000042,-0.015202999999999967,-0.023083999999999993,42:-0.0085070000;43:-0.0152030000;44:-0.0230840000
RawMal-TF,resnet18,cam_high_minus_random,High-saliency cutout minus random cutout,High-saliency cutout,cam_high,8.0,0.3,High-saliency cutout M8,Random cutout M8,8,8.0,final_validation_accuracy,Final validation accuracy,positive means High-saliency cutout M8 is higher than Random cutout M8,3,42;43;44,,-0.011727666666666692,1.0252214333333294e-05,0.0032019079208080443,0.0018486223999989195,-0.019681646882597173,-0.003773686450736209,-0.014645000000000019,-0.008302000000000032,-0.008302000000000032,-0.014645000000000019,-0.012236000000000025,42:-0.0083020000;43:-0.0146450000;44:-0.0122360000
RawMal-TF,resnet18,cam_high_minus_random,High-saliency cutout minus random cutout,High-saliency cutout,cam_high,8.0,0.3,High-saliency cutout M8,Random cutout M8,8,8.0,maximum_validation_drawdown,Maximum validation drawdown,positive means High-saliency cutout M8 is higher than Random cutout M8,3,42;43;44,,0.14753466666666662,0.01211184859733334,0.11005384408249146,0.06353961650637954,-0.12585423775202279,0.42092357108535605,0.042859999999999954,0.262276,0.042859999999999954,0.262276,0.13746799999999992,42:0.0428600000;43:0.2622760000;44:0.1374680000
RawMal-TF,resnet18,cam_high_minus_random,High-saliency cutout minus random cutout,High-saliency cutout,cam_high,8.0,0.3,High-saliency cutout M8,Random cutout M8,8,8.0,validation_aulc,Normalized validation AULC,positive means High-saliency cutout M8 is higher than Random cutout M8,3,42;43;44,,-0.01604024074074084,2.813225818715672e-05,0.00530398512320281,0.0030622572386589126,-0.029216070208347173,-0.002864411273134509,-0.019315035353535515,-0.009920762626262847,-0.009920762626262847,-0.01888492424242416,-0.019315035353535515,42:-0.0099207626;43:-0.0188849242;44:-0.0193150354
RawMal-TF,resnet18,random_minus_no_cutout,Random cutout minus no cutout,Random cutout,random,4.0,0.05,Random cutout M4,No cutout,4,,best_to_final_degradation,Best-to-final degradation,positive means Random cutout M4 is higher than No cutout,3,42;43;44,,0.00018533333333333366,7.257723333332783e-07,0.0008519227273252418,0.0004918578159499885,-0.0019309600411920819,0.0023016267078587492,-0.0005579999999999474,0.0011149999999999771,0.0011149999999999771,-1.0000000000287557e-06,-0.0005579999999999474,42:0.0011150000;43:-0.0000010000;44:-0.0005580000
RawMal-TF,resnet18,random_minus_no_cutout,Random cutout minus no cutout,Random cutout,random,4.0,0.05,Random cutout M4,No cutout,4,,best_validation_accuracy,Best validation accuracy,positive means Random cutout M4 is higher than No cutout,3,42;43;44,,-0.019586333333333334,1.051112933333329e-05,0.0032420871878056103,0.001871819910615806,-0.02764012438164671,-0.011532542285019959,-0.02290700000000001,-0.016429000000000027,-0.02290700000000001,-0.016429000000000027,-0.019422999999999968,42:-0.0229070000;43:-0.0164290000;44:-0.0194230000
RawMal-TF,resnet18,random_minus_no_cutout,Random cutout minus no cutout,Random cutout,random,4.0,0.05,Random cutout M4,No cutout,4,,final_validation_accuracy,Final validation accuracy,positive means Random cutout M4 is higher than No cutout,3,42;43;44,,-0.01977166666666667,1.5033742333333267e-05,0.0038773370157020484,0.002238581569754478,-0.029403505768899843,-0.010139827564433499,-0.024021999999999988,-0.016427999999999998,-0.024021999999999988,-0.016427999999999998,-0.01886500000000002,42:-0.0240220000;43:-0.0164280000;44:-0.0188650000
RawMal-TF,resnet18,random_minus_no_cutout,Random cutout minus no cutout,Random cutout,random,4.0,0.05,Random cutout M4,No cutout,4,,maximum_validation_drawdown,Maximum validation drawdown,positive means Random cutout M4 is higher than No cutout,3,42;43;44,,0.13215466666666673,0.11041110698133334,0.33228166813914567,0.19184291054691366,-0.6932787561121357,0.9575880894454692,-0.09670400000000001,0.5132840000000001,0.5132840000000001,-0.09670400000000001,-0.02011599999999991,42:0.5132840000;43:-0.0967040000;44:-0.0201160000
RawMal-TF,resnet18,random_minus_no_cutout,Random cutout minus no cutout,Random cutout,random,4.0,0.05,Random cutout M4,No cutout,4,,validation_aulc,Normalized validation AULC,positive means Random cutout M4 is higher than No cutout,3,42;43;44,,-0.005089237373737195,4.0126027607286305e-05,0.006334510841989798,0.003657231539807413,-0.020825034642407175,0.010646559894932787,-0.01166521717171709,0.0009724494949497897,-0.01166521717171709,0.0009724494949497897,-0.004574944444444284,42:-0.0116652172;43:0.0009724495;44:-0.0045749444
RawMal-TF,resnet18,random_minus_no_cutout,Random cutout minus no cutout,Random cutout,random,4.0,0.1,Random cutout M4,No cutout,4,,best_to_final_degradation,Best-to-final degradation,positive means Random cutout M4 is higher than No cutout,3,42;43;44,,-0.0012659999999999894,0.00010551251100000074,0.010271928299983442,0.005930500569091976,-0.026782884463343946,0.024250884463343968,-0.012236000000000025,0.008125000000000049,0.008125000000000049,0.0003130000000000077,-0.012236000000000025,42:0.0081250000;43:0.0003130000;44:-0.0122360000
RawMal-TF,resnet18,random_minus_no_cutout,Random cutout minus no cutout,Random cutout,random,4.0,0.1,Random cutout M4,No cutout,4,,best_validation_accuracy,Best validation accuracy,positive means Random cutout M4 is higher than No cutout,3,42;43;44,,-0.019422666666666626,2.6349054333333366e-05,0.005133132993926162,0.0029636157158294194,-0.03217407591678803,-0.006671257416545218,-0.02413199999999993,-0.013950999999999936,-0.02413199999999993,-0.013950999999999936,-0.02018500000000001,42:-0.0241320000;43:-0.0139510000;44:-0.0201850000
RawMal-TF,resnet18,random_minus_no_cutout,Random cutout minus no cutout,Random cutout,random,4.0,0.1,Random cutout M4,No cutout,4,,final_validation_accuracy,Final validation accuracy,positive means Random cutout M4 is higher than No cutout,3,42;43;44,,-0.018156666666666637,0.00015908435633333343,0.012612864715572486,0.0072820408387881085,-0.04948875956100368,0.013175426227670404,-0.03225699999999998,-0.007948999999999984,-0.03225699999999998,-0.014263999999999943,-0.007948999999999984,42:-0.0322570000;43:-0.0142640000;44:-0.0079490000
RawMal-TF,resnet18,random_minus_no_cutout,Random cutout minus no cutout,Random cutout,random,4.0,0.1,Random cutout M4,No cutout,4,,maximum_validation_drawdown,Maximum validation drawdown,positive means Random cutout M4 is higher than No cutout,3,42;43;44,,0.05565800000000002,0.0039289293069999925,0.06268117187002803,0.03618899145228188,-0.10005066286489642,0.21136666286489644,0.014291000000000054,0.12777599999999995,0.014291000000000054,0.12777599999999995,0.024907000000000068,42:0.0142910000;43:0.1277760000;44:0.0249070000
RawMal-TF,resnet18,random_minus_no_cutout,Random cutout minus no cutout,Random cutout,random,4.0,0.1,Random cutout M4,No cutout,4,,validation_aulc,Normalized validation AULC,positive means Random cutout M4 is higher than No cutout,3,42;43;44,,-0.004591087542087517,2.649423261002382e-06,0.0016277049059956728,0.0009397558656378763,-0.008634530682824458,-0.000547644401350576,-0.006460262626262647,-0.003486025252525282,-0.006460262626262647,-0.003486025252525282,-0.0038269747474746207,42:-0.0064602626;43:-0.0034860253;44:-0.0038269747
RawMal-TF,resnet18,random_minus_no_cutout,Random cutout minus no cutout,Random cutout,random,4.0,0.2,Random cutout M4,No cutout,4,,best_to_final_degradation,Best-to-final degradation,positive means Random cutout M4 is higher than No cutout,3,42;43;44,,-0.005217666666666602,5.759385033333299e-05,0.007589061228724736,0.0043815465433007785,-0.024069939862433005,0.0136346065290998,-0.01230399999999987,0.00279000000000007,0.00279000000000007,-0.0061390000000000056,-0.01230399999999987,42:0.0027900000;43:-0.0061390000;44:-0.0123040000
RawMal-TF,resnet18,random_minus_no_cutout,Random cutout minus no cutout,Random cutout,random,4.0,0.2,Random cutout M4,No cutout,4,,best_validation_accuracy,Best validation accuracy,positive means Random cutout M4 is higher than No cutout,3,42;43;44,,-0.02202666666666664,6.115609733333265e-05,0.007820236398813827,0.004515015589981673,-0.04145321082049325,-0.0026001225128400307,-0.02698999999999996,-0.013012000000000024,-0.02698999999999996,-0.013012000000000024,-0.026077999999999935,42:-0.0269900000;43:-0.0130120000;44:-0.0260780000
RawMal-TF,resnet18,random_minus_no_cutout,Random cutout minus no cutout,Random cutout,random,4.0,0.2,Random cutout M4,No cutout,4,,final_validation_accuracy,Final validation accuracy,positive means Random cutout M4 is higher than No cutout,3,42;43;44,,-0.016809000000000036,0.000138091081,0.011751216149828918,0.006784567807409204,-0.0460006391978174,0.012382639197817326,-0.02978000000000003,-0.006873000000000018,-0.02978000000000003,-0.006873000000000018,-0.013774000000000064,42:-0.0297800000;43:-0.0068730000;44:-0.0137740000
RawMal-TF,resnet18,random_minus_no_cutout,Random cutout minus no cutout,Random cutout,random,4.0,0.2,Random cutout M4,No cutout,4,,maximum_validation_drawdown,Maximum validation drawdown,positive means Random cutout M4 is higher than No cutout,3,42;43;44,,0.05023233333333336,0.000977251977333332,0.031261029690868025,0.01804856390716754,-0.027424369432819153,0.12788903609948588,0.026337,0.08561099999999999,0.08561099999999999,0.026337,0.03874900000000009,42:0.0856110000;43:0.0263370000;44:0.0387490000
RawMal-TF,resnet18,random_minus_no_cutout,Random cutout minus no cutout,Random cutout,random,4.0,0.2,Random cutout M4,No cutout,4,,validation_aulc,Normalized validation AULC,positive means Random cutout M4 is higher than No cutout,3,42;43;44,,-0.010543944444444434,5.235781807697933e-06,0.002288183080021774,0.0013210831172057182,-0.016228106325129315,-0.004859782563759554,-0.012112606060605824,-0.007918348484848514,-0.012112606060605824,-0.007918348484848514,-0.011600878787878965,42:-0.0121126061;43:-0.0079183485;44:-0.0116008788
RawMal-TF,resnet18,random_minus_no_cutout,Random cutout minus no cutout,Random cutout,random,4.0,0.3,Random cutout M4,No cutout,4,,best_to_final_degradation,Best-to-final degradation,positive means Random cutout M4 is higher than No cutout,3,42;43;44,,-0.0016969999999999485,8.883378999999688e-06,0.0029804997903035806,0.0017207923562513954,-0.00910097192923547,0.005706971929235573,-0.0035519999999998886,0.0017409999999999926,0.0017409999999999926,-0.0032799999999999496,-0.0035519999999998886,42:0.0017410000;43:-0.0032800000;44:-0.0035520000
RawMal-TF,resnet18,random_minus_no_cutout,Random cutout minus no cutout,Random cutout,random,4.0,0.3,Random cutout M4,No cutout,4,,best_validation_accuracy,Best validation accuracy,positive means Random cutout M4 is higher than No cutout,3,42;43;44,,-0.012762666666666625,9.18590633333359e-06,0.00303082601502191,0.0017498482156398205,-0.02029165586861967,-0.005233677464713579,-0.016006999999999993,-0.010003999999999902,-0.016006999999999993,-0.012276999999999982,-0.010003999999999902,42:-0.0160070000;43:-0.0122770000;44:-0.0100040000
RawMal-TF,resnet18,random_minus_no_cutout,Random cutout minus no cutout,Random cutout,random,4.0,0.3,Random cutout M4,No cutout,4,,final_validation_accuracy,Final validation accuracy,positive means Random cutout M4 is higher than No cutout,3,42;43;44,,-0.011065666666666677,3.510944033333311e-05,0.005925321960310099,0.0034209862288202366,-0.025784982403088942,0.0036536490697555903,-0.017747999999999986,-0.006452000000000013,-0.017747999999999986,-0.008997000000000033,-0.006452000000000013,42:-0.0177480000;43:-0.0089970000;44:-0.0064520000
RawMal-TF,resnet18,random_minus_no_cutout,Random cutout minus no cutout,Random cutout,random,4.0,0.3,Random cutout M4,No cutout,4,,maximum_validation_drawdown,Maximum validation drawdown,positive means Random cutout M4 is higher than No cutout,3,42;43;44,,-0.020828666666666606,0.004218732133333327,0.0649517677460231,0.03749992059250849,-0.1821778023754793,0.14052046904214607,-0.08550199999999986,0.04439800000000005,0.04439800000000005,-0.021382000000000012,-0.08550199999999986,42:0.0443980000;43:-0.0213820000;44:-0.0855020000
RawMal-TF,resnet18,random_minus_no_cutout,Random cutout minus no cutout,Random cutout,random,4.0,0.3,Random cutout M4,No cutout,4,,validation_aulc,Normalized validation AULC,positive means Random cutout M4 is higher than No cutout,3,42;43;44,,-0.005791272727272719,1.8134567293413257e-05,0.004258470064872273,0.00245862883828997,-0.016369898810179643,0.004787353355634206,-0.008832813131313122,-0.000924409090909184,-0.008832813131313122,-0.007616595959595851,-0.000924409090909184,42:-0.0088328131;43:-0.0076165960;44:-0.0009244091
RawMal-TF,resnet18,random_minus_no_cutout,Random cutout minus no cutout,Random cutout,random,8.0,0.05,Random cutout M8,No cutout,8,,best_to_final_degradation,Best-to-final degradation,positive means Random cutout M8 is higher than No cutout,3,42;43;44,,-0.0017340000000000133,2.128922499999994e-05,0.004614024815711326,0.002663908469398548,-0.013195873048091441,0.009727873048091414,-0.006969000000000003,0.0017409999999999926,0.0017409999999999926,2.599999999997049e-05,-0.006969000000000003,42:0.0017410000;43:0.0000260000;44:-0.0069690000
RawMal-TF,resnet18,random_minus_no_cutout,Random cutout minus no cutout,Random cutout,random,8.0,0.05,Random cutout M8,No cutout,8,,best_validation_accuracy,Best validation accuracy,positive means Random cutout M8 is higher than No cutout,3,42;43;44,,-0.022389999999999983,7.3280590000000226e-06,0.002707038788048672,0.0015629095729866591,-0.029114657140815497,-0.01566534285918447,-0.025492999999999988,-0.020511999999999975,-0.025492999999999988,-0.020511999999999975,-0.02116499999999999,42:-0.0254930000;43:-0.0205120000;44:-0.0211650000
RawMal-TF,resnet18,random_minus_no_cutout,Random cutout minus no cutout,Random cutout,random,8.0,0.05,Random cutout M8,No cutout,8,,final_validation_accuracy,Final validation accuracy,positive means Random cutout M8 is higher than No cutout,3,42;43;44,,-0.02065599999999997,4.2507803999999964e-05,0.006519800917205982,0.003764208814611643,-0.03685208333214484,-0.004459916667855099,-0.02723399999999998,-0.014195999999999986,-0.02723399999999998,-0.020537999999999945,-0.014195999999999986,42:-0.0272340000;43:-0.0205380000;44:-0.0141960000
RawMal-TF,resnet18,random_minus_no_cutout,Random cutout minus no cutout,Random cutout,random,8.0,0.05,Random cutout M8,No cutout,8,,maximum_validation_drawdown,Maximum validation drawdown,positive means Random cutout M8 is higher than No cutout,3,42;43;44,,0.18468233333333336,0.04337690307433334,0.20827122478713506,0.12024544769530549,-0.3326920704522761,0.7020567371189429,-0.0013619999999999743,0.40968000000000004,0.40968000000000004,-0.0013619999999999743,0.145729,42:0.4096800000;43:-0.0013620000;44:0.1457290000
RawMal-TF,resnet18,random_minus_no_cutout,Random cutout minus no cutout,Random cutout,random,8.0,0.05,Random cutout M8,No cutout,8,,validation_aulc,Normalized validation AULC,positive means Random cutout M8 is higher than No cutout,3,42;43;44,,-0.008152909090909191,5.626192122316436e-05,0.007500794706107104,0.0043305858427070566,-0.026785916089147828,0.010480097907329443,-0.016777595959595937,-0.0031528131313133256,-0.016777595959595937,-0.004528318181818314,-0.0031528131313133256,42:-0.0167775960;43:-0.0045283182;44:-0.0031528131
RawMal-TF,resnet18,random_minus_no_cutout,Random cutout minus no cutout,Random cutout,random,8.0,0.1,Random cutout M8,No cutout,8,,best_to_final_degradation,Best-to-final degradation,positive means Random cutout M8 is higher than No cutout,3,42;43;44,,-0.0018243333333333538,0.00010056761633333291,0.010028340657024615,0.00578986517785843,-0.026736112546664158,0.023087445879997448,-0.011677999999999966,0.008369999999999989,0.008369999999999989,-0.0021650000000000835,-0.011677999999999966,42:0.0083700000;43:-0.0021650000;44:-0.0116780000
RawMal-TF,resnet18,random_minus_no_cutout,Random cutout minus no cutout,Random cutout,random,8.0,0.1,Random cutout M8,No cutout,8,,best_validation_accuracy,Best validation accuracy,positive means Random cutout M8 is higher than No cutout,3,42;43;44,,-0.01855166666666667,4.792620133333301e-05,0.006922875221563148,0.003996923872735674,-0.03574904207894036,-0.0013542912543929794,-0.023260999999999976,-0.010603000000000029,-0.023260999999999976,-0.010603000000000029,-0.021791000000000005,42:-0.0232610000;43:-0.0106030000;44:-0.0217910000
RawMal-TF,resnet18,random_minus_no_cutout,Random cutout minus no cutout,Random cutout,random,8.0,0.1,Random cutout M8,No cutout,8,,final_validation_accuracy,Final validation accuracy,positive means Random cutout M8 is higher than No cutout,3,42;43;44,,-0.016727333333333316,0.00016729086633333299,0.012934097043602735,0.007467504409848782,-0.04885741156799366,0.01540274490132703,-0.031630999999999965,-0.008437999999999946,-0.031630999999999965,-0.008437999999999946,-0.010113000000000039,42:-0.0316310000;43:-0.0084380000;44:-0.0101130000
RawMal-TF,resnet18,random_minus_no_cutout,Random cutout minus no cutout,Random cutout,random,8.0,0.1,Random cutout M8,No cutout,8,,maximum_validation_drawdown,Maximum validation drawdown,positive means Random cutout M8 is higher than No cutout,3,42;43;44,,0.11838,0.009031437978999995,0.09503387805935311,0.05486783507970159,-0.11769724038999964,0.35445724038999965,0.037565000000000015,0.22307699999999997,0.22307699999999997,0.09449800000000003,0.037565000000000015,42:0.2230770000;43:0.0944980000;44:0.0375650000
RawMal-TF,resnet18,random_minus_no_cutout,Random cutout minus no cutout,Random cutout,random,8.0,0.1,Random cutout M8,No cutout,8,,validation_aulc,Normalized validation AULC,positive means Random cutout M8 is higher than No cutout,3,42;43;44,,-0.0053146582491582954,2.3104949261766598e-05,0.004806760786825843,0.0027751846342040382,-0.01725531399152412,0.006625997493207531,-0.010724111111111045,-0.00153368181818192,-0.010724111111111045,-0.0036861818181819217,-0.00153368181818192,42:-0.0107241111;43:-0.0036861818;44:-0.0015336818
RawMal-TF,resnet18,random_minus_no_cutout,Random cutout minus no cutout,Random cutout,random,8.0,0.2,Random cutout M8,No cutout,8,,best_to_final_degradation,Best-to-final degradation,positive means Random cutout M8 is higher than No cutout,3,42;43;44,,-0.0034396666666666187,6.713141433333344e-05,0.008193376247514417,0.004730447982074335,-0.023793141590442036,0.0169138082571088,-0.011677999999999966,0.0047080000000000455,0.0047080000000000455,-0.0033489999999999354,-0.011677999999999966,42:0.0047080000;43:-0.0033490000;44:-0.0116780000
RawMal-TF,resnet18,random_minus_no_cutout,Random cutout minus no cutout,Random cutout,random,8.0,0.2,Random cutout M8,No cutout,8,,best_validation_accuracy,Best validation accuracy,positive means Random cutout M8 is higher than No cutout,3,42;43;44,,-0.018969333333333283,3.211584333333348e-06,0.0017920893764914036,0.0010346632839291804,-0.023421130136470136,-0.01451753653019643,-0.02060699999999993,-0.01705499999999993,-0.02060699999999993,-0.01705499999999993,-0.019245999999999985,42:-0.0206070000;43:-0.0170550000;44:-0.0192460000
RawMal-TF,resnet18,random_minus_no_cutout,Random cutout minus no cutout,Random cutout,random,8.0,0.2,Random cutout M8,No cutout,8,,final_validation_accuracy,Final validation accuracy,positive means Random cutout M8 is higher than No cutout,3,42;43;44,,-0.015529666666666664,8.123332233333296e-05,0.009012953030684947,0.005203630858459408,-0.037919083185267585,0.006859749851934258,-0.025314999999999976,-0.007568000000000019,-0.025314999999999976,-0.013705999999999996,-0.007568000000000019,42:-0.0253150000;43:-0.0137060000;44:-0.0075680000
RawMal-TF,resnet18,random_minus_no_cutout,Random cutout minus no cutout,Random cutout,random,8.0,0.2,Random cutout M8,No cutout,8,,maximum_validation_drawdown,Maximum validation drawdown,positive means Random cutout M8 is higher than No cutout,3,42;43;44,,0.029357666666666744,0.014873056704333337,0.1219551421807762,0.07041083416713023,-0.2735957011778662,0.33231103451119964,-0.09313799999999994,0.1507650000000001,0.030446000000000084,-0.09313799999999994,0.1507650000000001,42:0.0304460000;43:-0.0931380000;44:0.1507650000
RawMal-TF,resnet18,random_minus_no_cutout,Random cutout minus no cutout,Random cutout,random,8.0,0.2,Random cutout M8,No cutout,8,,validation_aulc,Normalized validation AULC,positive means Random cutout M8 is higher than No cutout,3,42;43;44,,-0.00589209427609431,2.7796848517125326e-05,0.005272271665717286,0.003043947465442712,-0.0189891431479879,0.00720495459579928,-0.010715131313131399,-0.00026334343434331053,-0.006697808080808221,-0.00026334343434331053,-0.010715131313131399,42:-0.0066978081;43:-0.0002633434;44:-0.0107151313
RawMal-TF,resnet18,random_minus_no_cutout,Random cutout minus no cutout,Random cutout,random,8.0,0.3,Random cutout M8,No cutout,8,,best_to_final_degradation,Best-to-final degradation,positive means Random cutout M8 is higher than No cutout,3,42;43;44,,0.002558666666666672,2.6103004333333856e-05,0.005109109935530244,0.002949745996597778,-0.010133065998139611,0.015250399331472956,-0.0008030000000001092,0.008438000000000057,0.008438000000000057,-0.0008030000000001092,4.100000000006876e-05,42:0.0084380000;43:-0.0008030000;44:0.0000410000
RawMal-TF,resnet18,random_minus_no_cutout,Random cutout minus no cutout,Random cutout,random,8.0,0.3,Random cutout M8,No cutout,8,,best_validation_accuracy,Best validation accuracy,positive means Random cutout M8 is higher than No cutout,3,42;43;44,,-0.015924666666666625,2.128028033333319e-05,0.0046130554227467495,0.002663348790109499,-0.02738413160913715,-0.004465201724196099,-0.02109699999999992,-0.012235999999999914,-0.02109699999999992,-0.014441000000000037,-0.012235999999999914,42:-0.0210970000;43:-0.0144410000;44:-0.0122360000
RawMal-TF,resnet18,random_minus_no_cutout,Random cutout minus no cutout,Random cutout,random,8.0,0.3,Random cutout M8,No cutout,8,,final_validation_accuracy,Final validation accuracy,positive means Random cutout M8 is higher than No cutout,3,42;43;44,,-0.018483333333333296,9.206758233333354e-05,0.009595185372536246,0.005539782857758161,-0.042319095169382134,0.005352428502715539,-0.029534999999999978,-0.012276999999999982,-0.029534999999999978,-0.013637999999999928,-0.012276999999999982,42:-0.0295350000;43:-0.0136380000;44:-0.0122770000
RawMal-TF,resnet18,random_minus_no_cutout,Random cutout minus no cutout,Random cutout,random,8.0,0.3,Random cutout M8,No cutout,8,,maximum_validation_drawdown,Maximum validation drawdown,positive means Random cutout M8 is higher than No cutout,3,42;43;44,,-0.05620333333333327,0.007148425950333329,0.08454836456332748,0.04881402104017974,-0.266233114219809,0.15382644755314248,-0.12268599999999996,0.038953000000000015,0.038953000000000015,-0.12268599999999996,-0.08487699999999987,42:0.0389530000;43:-0.1226860000;44:-0.0848770000
RawMal-TF,resnet18,random_minus_no_cutout,Random cutout minus no cutout,Random cutout,random,8.0,0.3,Random cutout M8,No cutout,8,,validation_aulc,Normalized validation AULC,positive means Random cutout M8 is higher than No cutout,3,42;43;44,,-0.0037840993265991774,1.1175747565511648e-05,0.0033430147420422255,0.0019300904612229663,-0.012088608318555884,0.004520409665357529,-0.007641262626262413,-0.001723358585858481,-0.007641262626262413,-0.001723358585858481,-0.0019876767676766383,42:-0.0076412626;43:-0.0017233586;44:-0.0019876768
RawMal-TF,resnet18,m8_minus_m4,M8 minus M4,High-saliency cutout,cam_high,,0.05,High-saliency cutout M8,High-saliency cutout M4,8,4.0,best_to_final_degradation,Best-to-final degradation,positive means High-saliency cutout M8 is higher than High-saliency cutout M4,3,42;43;44,,-0.0007893333333333086,1.496234433333349e-05,0.0038681189657679207,0.002233259526143606,-0.010398273530095455,0.008819606863428838,-0.004844999999999988,0.002859000000000056,-0.00038199999999999346,0.002859000000000056,-0.004844999999999988,42:-0.0003820000;43:0.0028590000;44:-0.0048450000
RawMal-TF,resnet18,m8_minus_m4,M8 minus M4,High-saliency cutout,cam_high,,0.05,High-saliency cutout M8,High-saliency cutout M4,8,4.0,best_validation_accuracy,Best validation accuracy,positive means High-saliency cutout M8 is higher than High-saliency cutout M4,3,42;43;44,,-0.006541999999999974,9.492719700000045e-05,0.009743058913914072,0.005625157686678673,-0.030745100076769356,0.017661100076769406,-0.016944999999999988,0.0023690000000000655,-0.005049999999999999,-0.016944999999999988,0.0023690000000000655,42:-0.0050500000;43:-0.0169450000;44:0.0023690000
RawMal-TF,resnet18,m8_minus_m4,M8 minus M4,High-saliency cutout,cam_high,,0.05,High-saliency cutout M8,High-saliency cutout M4,8,4.0,final_validation_accuracy,Final validation accuracy,positive means High-saliency cutout M8 is higher than High-saliency cutout M4,3,42;43;44,,-0.0057526666666666655,0.00018337545733333464,0.013541619450174142,0.007818257634821513,-0.03939191422228111,0.02788658088894778,-0.019804000000000044,0.007214000000000054,-0.0046680000000000055,-0.019804000000000044,0.007214000000000054,42:-0.0046680000;43:-0.0198040000;44:0.0072140000
RawMal-TF,resnet18,m8_minus_m4,M8 minus M4,High-saliency cutout,cam_high,,0.05,High-saliency cutout M8,High-saliency cutout M4,8,4.0,maximum_validation_drawdown,Maximum validation drawdown,positive means High-saliency cutout M8 is higher than High-saliency cutout M4,3,42;43;44,,0.041871333333333295,0.039176747526333315,0.19793116865802948,0.11427561350573055,-0.44981694707938397,0.5335596137460505,-0.18666899999999997,0.15807399999999994,0.15420899999999993,0.15807399999999994,-0.18666899999999997,42:0.1542090000;43:0.1580740000;44:-0.1866690000
RawMal-TF,resnet18,m8_minus_m4,M8 minus M4,High-saliency cutout,cam_high,,0.05,High-saliency cutout M8,High-saliency cutout M4,8,4.0,validation_aulc,Normalized validation AULC,positive means High-saliency cutout M8 is higher than High-saliency cutout M4,3,42;43;44,,-0.007067922558922597,6.147981138313334e-05,0.007840906285827764,0.004526949354813289,-0.026545813558580076,0.012409968440734883,-0.012482792929292996,0.0019235555555555672,-0.010644530303030364,-0.012482792929292996,0.0019235555555555672,42:-0.0106445303;43:-0.0124827929;44:0.0019235556
RawMal-TF,resnet18,m8_minus_m4,M8 minus M4,High-saliency cutout,cam_high,,0.1,High-saliency cutout M8,High-saliency cutout M4,8,4.0,best_to_final_degradation,Best-to-final degradation,positive means High-saliency cutout M8 is higher than High-saliency cutout M4,3,42;43;44,,-0.003266666666666751,9.624569733333243e-05,0.009810489148525288,0.005664088550782978,-0.027637272732152326,0.021103939398818824,-0.014468000000000036,0.003797999999999857,0.0008699999999999264,-0.014468000000000036,0.003797999999999857,42:0.0008700000;43:-0.0144680000;44:0.0037980000
RawMal-TF,resnet18,m8_minus_m4,M8 minus M4,High-saliency cutout,cam_high,,0.1,High-saliency cutout M8,High-saliency cutout M4,8,4.0,best_validation_accuracy,Best validation accuracy,positive means High-saliency cutout M8 is higher than High-saliency cutout M4,3,42;43;44,,-0.005798000000000044,0.00013746516100000047,0.011724553765495745,0.006769174272637209,-0.0349234061634077,0.023327406163407612,-0.017299000000000064,0.006137999999999977,0.006137999999999977,-0.006233000000000044,-0.017299000000000064,42:0.0061380000;43:-0.0062330000;44:-0.0172990000
RawMal-TF,resnet18,m8_minus_m4,M8 minus M4,High-saliency cutout,cam_high,,0.1,High-saliency cutout M8,High-saliency cutout M4,8,4.0,final_validation_accuracy,Final validation accuracy,positive means High-saliency cutout M8 is higher than High-saliency cutout M4,3,42;43;44,,-0.002531333333333293,0.0002607137563333322,0.016146632972026464,0.009322262892905567,-0.04264179321844401,0.03757912655177742,-0.02109699999999992,0.008234999999999992,0.00526800000000005,0.008234999999999992,-0.02109699999999992,42:0.0052680000;43:0.0082350000;44:-0.0210970000
RawMal-TF,resnet18,m8_minus_m4,M8 minus M4,High-saliency cutout,cam_high,,0.1,High-saliency cutout M8,High-saliency cutout M4,8,4.0,maximum_validation_drawdown,Maximum validation drawdown,positive means High-saliency cutout M8 is higher than High-saliency cutout M4,3,42;43;44,,0.06117933333333329,0.06490318094533332,0.254761027131964,0.14708634759366498,-0.5716821416732281,0.6940408083398946,-0.17175200000000007,0.3332419999999999,0.022048000000000012,0.3332419999999999,-0.17175200000000007,42:0.0220480000;43:0.3332420000;44:-0.1717520000
RawMal-TF,resnet18,m8_minus_m4,M8 minus M4,High-saliency cutout,cam_high,,0.1,High-saliency cutout M8,High-saliency cutout M4,8,4.0,validation_aulc,Normalized validation AULC,positive means High-saliency cutout M8 is higher than High-saliency cutout M4,3,42;43;44,,-0.007473075757575757,3.703239707861233e-06,0.0019243803438668858,0.001111041509554771,-0.012253501541706336,-0.002692649973445178,-0.009297202020202011,-0.005462075757575846,-0.005462075757575846,-0.009297202020202011,-0.007659949494949414,42:-0.0054620758;43:-0.0092972020;44:-0.0076599495
RawMal-TF,resnet18,m8_minus_m4,M8 minus M4,High-saliency cutout,cam_high,,0.2,High-saliency cutout M8,High-saliency cutout M4,8,4.0,best_to_final_degradation,Best-to-final degradation,positive means High-saliency cutout M8 is higher than High-saliency cutout M4,3,42;43;44,,0.00219566666666667,7.018577333333306e-06,0.0026492597708290717,0.001529550841841411,-0.004385459438520365,0.008776792771853704,-0.0008029999999999982,0.004218999999999973,0.003171000000000035,-0.0008029999999999982,0.004218999999999973,42:0.0031710000;43:-0.0008030000;44:0.0042190000
RawMal-TF,resnet18,m8_minus_m4,M8 minus M4,High-saliency cutout,cam_high,,0.2,High-saliency cutout M8,High-saliency cutout M4,8,4.0,best_validation_accuracy,Best validation accuracy,positive means High-saliency cutout M8 is higher than High-saliency cutout M4,3,42;43;44,,0.0006986666666666622,6.509681333333434e-06,0.002551407716013541,0.001473055931652906,-0.00563938145897171,0.007036714792305035,-0.0017420000000000213,0.0033480000000000176,0.0033480000000000176,0.0004899999999999904,-0.0017420000000000213,42:0.0033480000;43:0.0004900000;44:-0.0017420000
RawMal-TF,resnet18,m8_minus_m4,M8 minus M4,High-saliency cutout,cam_high,,0.2,High-saliency cutout M8,High-saliency cutout M4,8,4.0,final_validation_accuracy,Final validation accuracy,positive means High-saliency cutout M8 is higher than High-saliency cutout M4,3,42;43;44,,-0.0014970000000000077,1.5256835999999913e-05,0.003905999999999989,0.002255130151454672,-0.011200041902461677,0.008206041902461663,-0.005960999999999994,0.0012929999999999886,0.00017699999999998273,0.0012929999999999886,-0.005960999999999994,42:0.0001770000;43:0.0012930000;44:-0.0059610000
RawMal-TF,resnet18,m8_minus_m4,M8 minus M4,High-saliency cutout,cam_high,,0.2,High-saliency cutout M8,High-saliency cutout M4,8,4.0,maximum_validation_drawdown,Maximum validation drawdown,positive means High-saliency cutout M8 is higher than High-saliency cutout M4,3,42;43;44,,0.1441543333333333,0.023557261490333332,0.15348374992269812,0.08861388433410297,-0.23712043800483676,0.5254291046715034,-0.03145500000000001,0.252654,0.21126399999999995,0.252654,-0.03145500000000001,42:0.2112640000;43:0.2526540000;44:-0.0314550000
RawMal-TF,resnet18,m8_minus_m4,M8 minus M4,High-saliency cutout,cam_high,,0.2,High-saliency cutout M8,High-saliency cutout M4,8,4.0,validation_aulc,Normalized validation AULC,positive means High-saliency cutout M8 is higher than High-saliency cutout M4,3,42;43;44,,-0.0019440235690236414,8.822068566072661e-06,0.0029701967217800004,0.0017148438768658273,-0.009322401257192027,0.005434354119144744,-0.0047897020202020135,0.001136722222222053,-0.0047897020202020135,-0.002179090909090964,0.001136722222222053,42:-0.0047897020;43:-0.0021790909;44:0.0011367222
RawMal-TF,resnet18,m8_minus_m4,M8 minus M4,High-saliency cutout,cam_high,,0.3,High-saliency cutout M8,High-saliency cutout M4,8,4.0,best_to_final_degradation,Best-to-final degradation,positive means High-saliency cutout M8 is higher than High-saliency cutout M4,3,42;43;44,,0.0014199999999999768,7.723758999999848e-06,0.002779165162418356,0.001604551754644668,-0.0054838289874058295,0.008323828987405784,-0.001674999999999982,0.003701999999999983,0.003701999999999983,0.0022329999999999295,-0.001674999999999982,42:0.0037020000;43:0.0022330000;44:-0.0016750000
RawMal-TF,resnet18,m8_minus_m4,M8 minus M4,High-saliency cutout,cam_high,,0.3,High-saliency cutout M8,High-saliency cutout M4,8,4.0,best_validation_accuracy,Best validation accuracy,positive means High-saliency cutout M8 is higher than High-saliency cutout M4,3,42;43;44,,0.001279333333333336,1.8313002333333538e-05,0.004279369385006807,0.0024706950663955234,-0.009351209538871681,0.011909876205538352,-0.0036610000000000253,0.003838000000000008,0.003838000000000008,-0.0036610000000000253,0.0036610000000000253,42:0.0038380000;43:-0.0036610000;44:0.0036610000
RawMal-TF,resnet18,m8_minus_m4,M8 minus M4,High-saliency cutout,cam_high,,0.3,High-saliency cutout M8,High-saliency cutout M4,8,4.0,final_validation_accuracy,Final validation accuracy,positive means High-saliency cutout M8 is higher than High-saliency cutout M4,3,42;43;44,,-0.00014066666666664082,3.158563333333312e-05,0.00562010972609371,0.0032447718632354376,-0.014101793181955891,0.013820459848622608,-0.005893999999999955,0.005336000000000007,0.000136000000000025,-0.005893999999999955,0.005336000000000007,42:0.0001360000;43:-0.0058940000;44:0.0053360000
RawMal-TF,resnet18,m8_minus_m4,M8 minus M4,High-saliency cutout,cam_high,,0.3,High-saliency cutout M8,High-saliency cutout M4,8,4.0,maximum_validation_drawdown,Maximum validation drawdown,positive means High-saliency cutout M8 is higher than High-saliency cutout M4,3,42;43;44,,-0.06121633333333332,0.000718055296333334,0.026796553814498872,0.015470997558155218,-0.12778266321138054,0.005349996544713895,-0.084536,-0.03194399999999997,-0.03194399999999997,-0.06716899999999998,-0.084536,42:-0.0319440000;43:-0.0671690000;44:-0.0845360000
RawMal-TF,resnet18,m8_minus_m4,M8 minus M4,High-saliency cutout,cam_high,,0.3,High-saliency cutout M8,High-saliency cutout M4,8,4.0,validation_aulc,Normalized validation AULC,positive means High-saliency cutout M8 is higher than High-saliency cutout M4,3,42;43;44,,0.0002971077441077015,4.844892016358613e-06,0.002201111541098863,0.0012708123407698206,-0.005170756443110504,0.005764971931325907,-0.0013532121212121995,0.002796252525252396,0.002796252525252396,-0.0005517171717170921,-0.0013532121212121995,42:0.0027962525;43:-0.0005517172;44:-0.0013532121
RawMal-TF,resnet18,m8_minus_m4,M8 minus M4,Low-saliency cutout,cam_low,,0.05,Low-saliency cutout M8,Low-saliency cutout M4,8,4.0,best_to_final_degradation,Best-to-final degradation,positive means Low-saliency cutout M8 is higher than Low-saliency cutout M4,3,42;43;44,,0.0020459999999999923,8.507399699999748e-05,0.009223556635051226,0.005325222906132584,-0.020866584874457424,0.024958584874457408,-0.004042999999999908,0.012657999999999836,0.012657999999999836,-0.0024769999999999515,-0.004042999999999908,42:0.0126580000;43:-0.0024770000;44:-0.0040430000
RawMal-TF,resnet18,m8_minus_m4,M8 minus M4,Low-saliency cutout,cam_low,,0.05,Low-saliency cutout M8,Low-saliency cutout M4,8,4.0,best_validation_accuracy,Best validation accuracy,positive means Low-saliency cutout M8 is higher than Low-saliency cutout M4,3,42;43;44,,-0.009214666666666668,2.4972903333335347e-06,0.0015802817259379844,0.0009123760798657417,-0.013140304097406748,-0.005289029235926587,-0.010180999999999996,-0.007390999999999925,-0.010072000000000081,-0.010180999999999996,-0.007390999999999925,42:-0.0100720000;43:-0.0101810000;44:-0.0073910000
RawMal-TF,resnet18,m8_minus_m4,M8 minus M4,Low-saliency cutout,cam_low,,0.05,Low-saliency cutout M8,Low-saliency cutout M4,8,4.0,final_validation_accuracy,Final validation accuracy,positive means Low-saliency cutout M8 is higher than Low-saliency cutout M4,3,42;43;44,,-0.01126066666666666,0.00010340288933333207,0.010168721125752839,0.005870913879267636,-0.036521170296371544,0.013999836963038225,-0.022729999999999917,-0.0033480000000000176,-0.022729999999999917,-0.007704000000000044,-0.0033480000000000176,42:-0.0227300000;43:-0.0077040000;44:-0.0033480000
RawMal-TF,resnet18,m8_minus_m4,M8 minus M4,Low-saliency cutout,cam_low,,0.05,Low-saliency cutout M8,Low-saliency cutout M4,8,4.0,maximum_validation_drawdown,Maximum validation drawdown,positive means Low-saliency cutout M8 is higher than Low-saliency cutout M4,3,42;43;44,,-0.05749599999999999,0.022461569955999988,0.14987184510774526,0.08652855011690262,-0.4297983023757556,0.31480630237575563,-0.23035999999999995,0.03601399999999999,0.02185799999999999,0.03601399999999999,-0.23035999999999995,42:0.0218580000;43:0.0360140000;44:-0.2303600000
RawMal-TF,resnet18,m8_minus_m4,M8 minus M4,Low-saliency cutout,cam_low,,0.05,Low-saliency cutout M8,Low-saliency cutout M4,8,4.0,validation_aulc,Normalized validation AULC,positive means Low-saliency cutout M8 is higher than Low-saliency cutout M4,3,42;43;44,,-0.006045153198653175,2.5145919567704207e-05,0.005014570726164325,0.0028951637586213906,-0.018502037448225688,0.0064117310509193386,-0.010668631313131116,-0.0007145555555556626,-0.006752272727272746,-0.010668631313131116,-0.0007145555555556626,42:-0.0067522727;43:-0.0106686313;44:-0.0007145556
RawMal-TF,resnet18,m8_minus_m4,M8 minus M4,Low-saliency cutout,cam_low,,0.1,Low-saliency cutout M8,Low-saliency cutout M4,8,4.0,best_to_final_degradation,Best-to-final degradation,positive means Low-saliency cutout M8 is higher than Low-saliency cutout M4,3,42;43;44,,0.002150666666666671,2.0369429333333494e-05,0.004513250417751434,0.0026057263436089816,-0.009060868899064238,0.013362202232397579,-0.0022999999999999687,0.006724000000000063,0.006724000000000063,0.0020279999999999188,-0.0022999999999999687,42:0.0067240000;43:0.0020280000;44:-0.0023000000
RawMal-TF,resnet18,m8_minus_m4,M8 minus M4,Low-saliency cutout,cam_low,,0.1,Low-saliency cutout M8,Low-saliency cutout M4,8,4.0,best_validation_accuracy,Best validation accuracy,positive means Low-saliency cutout M8 is higher than Low-saliency cutout M4,3,42;43;44,,-0.003915000000000002,9.604693300000098e-05,0.009800353718106352,0.005658236857302252,-0.02826042826055613,0.020430428260556126,-0.011256000000000044,0.007214000000000054,0.007214000000000054,-0.011256000000000044,-0.007703000000000015,42:0.0072140000;43:-0.0112560000;44:-0.0077030000
RawMal-TF,resnet18,m8_minus_m4,M8 minus M4,Low-saliency cutout,cam_low,,0.1,Low-saliency cutout M8,Low-saliency cutout M4,8,4.0,final_validation_accuracy,Final validation accuracy,positive means Low-saliency cutout M8 is higher than Low-saliency cutout M4,3,42;43;44,,-0.006065666666666673,4.7760114333332966e-05,0.006910869289266942,0.003989992244492587,-0.02323321768975752,0.01110188435642417,-0.013283999999999963,0.0004899999999999904,0.0004899999999999904,-0.013283999999999963,-0.005403000000000047,42:0.0004900000;43:-0.0132840000;44:-0.0054030000
RawMal-TF,resnet18,m8_minus_m4,M8 minus M4,Low-saliency cutout,cam_low,,0.1,Low-saliency cutout M8,Low-saliency cutout M4,8,4.0,maximum_validation_drawdown,Maximum validation drawdown,positive means Low-saliency cutout M8 is higher than Low-saliency cutout M4,3,42;43;44,,0.11842633333333336,0.007594288508333341,0.08714521506275225,0.05031331337506784,-0.09805438181078374,0.33490704847745045,0.029507999999999923,0.203683,0.12208800000000014,0.029507999999999923,0.203683,42:0.1220880000;43:0.0295080000;44:0.2036830000
RawMal-TF,resnet18,m8_minus_m4,M8 minus M4,Low-saliency cutout,cam_low,,0.1,Low-saliency cutout M8,Low-saliency cutout M4,8,4.0,validation_aulc,Normalized validation AULC,positive means Low-saliency cutout M8 is higher than Low-saliency cutout M4,3,42;43;44,,-0.003016077441077384,3.553583307961766e-06,0.0018850950395037822,0.001088360128505537,-0.007698913119118318,0.0016667582369635499,-0.005043323232323149,-0.0013159494949493977,-0.0026889595959596058,-0.005043323232323149,-0.0013159494949493977,42:-0.0026889596;43:-0.0050433232;44:-0.0013159495
RawMal-TF,resnet18,m8_minus_m4,M8 minus M4,Low-saliency cutout,cam_low,,0.2,Low-saliency cutout M8,Low-saliency cutout M4,8,4.0,best_to_final_degradation,Best-to-final degradation,positive means Low-saliency cutout M8 is higher than Low-saliency cutout M4,3,42;43;44,,0.004717666666666694,1.6906594333333925e-05,0.004111762922802569,0.002373927430323986,-0.005496518672028063,0.01493185200536145,0.0006659999999999444,0.00888700000000009,0.0046000000000000485,0.00888700000000009,0.0006659999999999444,42:0.0046000000;43:0.0088870000;44:0.0006660000
RawMal-TF,resnet18,m8_minus_m4,M8 minus M4,Low-saliency cutout,cam_low,,0.2,Low-saliency cutout M8,Low-saliency cutout M4,8,4.0,best_validation_accuracy,Best validation accuracy,positive means Low-saliency cutout M8 is higher than Low-saliency cutout M4,3,42;43;44,,-0.0030900000000000003,6.150775900000047e-05,0.007842688250848714,0.0045279781727978205,-0.022572317646167208,0.01639231764616721,-0.008575,0.005893000000000037,-0.006588000000000038,0.005893000000000037,-0.008575,42:-0.0065880000;43:0.0058930000;44:-0.0085750000
RawMal-TF,resnet18,m8_minus_m4,M8 minus M4,Low-saliency cutout,cam_low,,0.2,Low-saliency cutout M8,Low-saliency cutout M4,8,4.0,final_validation_accuracy,Final validation accuracy,positive means Low-saliency cutout M8 is higher than Low-saliency cutout M4,3,42;43;44,,-0.0078076666666666945,1.8326242333333295e-05,0.004280916062402216,0.0024715880410061124,-0.018442051698517703,0.002826718365184315,-0.011188000000000087,-0.002994000000000052,-0.011188000000000087,-0.002994000000000052,-0.009240999999999944,42:-0.0111880000;43:-0.0029940000;44:-0.0092410000
RawMal-TF,resnet18,m8_minus_m4,M8 minus M4,Low-saliency cutout,cam_low,,0.2,Low-saliency cutout M8,Low-saliency cutout M4,8,4.0,maximum_validation_drawdown,Maximum validation drawdown,positive means Low-saliency cutout M8 is higher than Low-saliency cutout M4,3,42;43;44,,0.09449899999999999,0.021178263331,0.14552753461458762,0.08402036128423475,-0.2670114368477442,0.4560094368477442,-0.04893000000000003,0.24203799999999998,0.24203799999999998,0.090389,-0.04893000000000003,42:0.2420380000;43:0.0903890000;44:-0.0489300000
RawMal-TF,resnet18,m8_minus_m4,M8 minus M4,Low-saliency cutout,cam_low,,0.2,Low-saliency cutout M8,Low-saliency cutout M4,8,4.0,validation_aulc,Normalized validation AULC,positive means Low-saliency cutout M8 is higher than Low-saliency cutout M4,3,42;43;44,,-0.00513698821548821,2.4811134203304553e-05,0.004981077614663774,0.0028758265016805493,-0.017510670963695216,0.007236694532718795,-0.01078063131313134,-0.0013543838383837103,-0.01078063131313134,-0.0013543838383837103,-0.0032759494949495815,42:-0.0107806313;43:-0.0013543838;44:-0.0032759495
RawMal-TF,resnet18,m8_minus_m4,M8 minus M4,Low-saliency cutout,cam_low,,0.3,Low-saliency cutout M8,Low-saliency cutout M4,8,4.0,best_to_final_degradation,Best-to-final degradation,positive means Low-saliency cutout M8 is higher than Low-saliency cutout M4,3,42;43;44,,0.0027449999999999974,3.858501000000013e-06,0.0019643067479393366,0.0011340930296937744,-0.0021346084701852697,0.007624608470185265,0.0004899999999999904,0.0040839999999999765,0.0036610000000000253,0.0040839999999999765,0.0004899999999999904,42:0.0036610000;43:0.0040840000;44:0.0004900000
RawMal-TF,resnet18,m8_minus_m4,M8 minus M4,Low-saliency cutout,cam_low,,0.3,Low-saliency cutout M8,Low-saliency cutout M4,8,4.0,best_validation_accuracy,Best validation accuracy,positive means Low-saliency cutout M8 is higher than Low-saliency cutout M4,3,42;43;44,,-0.0060203333333333315,4.7918032333333965e-05,0.006922285195896942,0.003996583221258461,-0.023216243040598647,0.011175576373931982,-0.011160000000000059,0.001851000000000047,0.001851000000000047,-0.011160000000000059,-0.008751999999999982,42:0.0018510000;43:-0.0111600000;44:-0.0087520000
RawMal-TF,resnet18,m8_minus_m4,M8 minus M4,Low-saliency cutout,cam_low,,0.3,Low-saliency cutout M8,Low-saliency cutout M4,8,4.0,final_validation_accuracy,Final validation accuracy,positive means Low-saliency cutout M8 is higher than Low-saliency cutout M4,3,42;43;44,,-0.008765333333333328,4.52884973333337e-05,0.006729672899430826,0.003885378460044517,-0.025482767571182334,0.007952100904515676,-0.015244000000000035,-0.0018099999999999783,-0.0018099999999999783,-0.015244000000000035,-0.009241999999999972,42:-0.0018100000;43:-0.0152440000;44:-0.0092420000
RawMal-TF,resnet18,m8_minus_m4,M8 minus M4,Low-saliency cutout,cam_low,,0.3,Low-saliency cutout M8,Low-saliency cutout M4,8,4.0,maximum_validation_drawdown,Maximum validation drawdown,positive means Low-saliency cutout M8 is higher than Low-saliency cutout M4,3,42;43;44,,-0.02625466666666665,0.05052399186033332,0.22477542539239764,0.12977415235751344,-0.5846277775796436,0.5321184442463103,-0.254219,0.19518999999999997,-0.019734999999999947,0.19518999999999997,-0.254219,42:-0.0197350000;43:0.1951900000;44:-0.2542190000
RawMal-TF,resnet18,m8_minus_m4,M8 minus M4,Low-saliency cutout,cam_low,,0.3,Low-saliency cutout M8,Low-saliency cutout M4,8,4.0,validation_aulc,Normalized validation AULC,positive means Low-saliency cutout M8 is higher than Low-saliency cutout M4,3,42;43;44,,-0.0039214107744107345,6.291735840126955e-06,0.0025083332793165575,0.0014481868940307112,-0.010152456067433705,0.0023096345186122353,-0.006217237373737361,-0.00124424242424237,-0.00124424242424237,-0.006217237373737361,-0.004302752525252473,42:-0.0012442424;43:-0.0062172374;44:-0.0043027525
RawMal-TF,resnet18,m8_minus_m4,M8 minus M4,Random cutout,random,,0.05,Random cutout M8,Random cutout M4,8,4.0,best_to_final_degradation,Best-to-final degradation,positive means Random cutout M8 is higher than Random cutout M4,3,42;43;44,,-0.0019193333333333469,1.522100233333362e-05,0.0039014103005623004,0.002252480287248823,-0.011610973790335828,0.007772307123669134,-0.0064110000000000555,0.0006260000000000154,0.0006260000000000154,2.6999999999999247e-05,-0.0064110000000000555,42:0.0006260000;43:0.0000270000;44:-0.0064110000
RawMal-TF,resnet18,m8_minus_m4,M8 minus M4,Random cutout,random,,0.05,Random cutout M8,Random cutout M4,8,4.0,best_validation_accuracy,Best validation accuracy,positive means Random cutout M8 is higher than Random cutout M4,3,42;43;44,,-0.0028036666666666488,1.4056043333332487e-06,0.0011855818543370375,0.0006844960027478244,-0.00574881526150293,0.0001414819281696329,-0.004082999999999948,-0.0017420000000000213,-0.002585999999999977,-0.004082999999999948,-0.0017420000000000213,42:-0.0025860000;43:-0.0040830000;44:-0.0017420000
RawMal-TF,resnet18,m8_minus_m4,M8 minus M4,Random cutout,random,,0.05,Random cutout M8,Random cutout M4,8,4.0,final_validation_accuracy,Final validation accuracy,positive means Random cutout M8 is higher than Random cutout M4,3,42;43;44,,-0.0008843333333333018,2.3331234333333337e-05,0.004830241643368718,0.0027887413130498703,-0.012883318756943677,0.011114652090277075,-0.004109999999999947,0.004669000000000034,-0.0032119999999999926,-0.004109999999999947,0.004669000000000034,42:-0.0032120000;43:-0.0041100000;44:0.0046690000
RawMal-TF,resnet18,m8_minus_m4,M8 minus M4,Random cutout,random,,0.05,Random cutout M8,Random cutout M4,8,4.0,maximum_validation_drawdown,Maximum validation drawdown,positive means Random cutout M8 is higher than Random cutout M4,3,42;43;44,,0.05252766666666664,0.019525491254333328,0.13973364395997598,0.08067525695513945,-0.2945899479076577,0.39964528124099097,-0.10360400000000003,0.1658449999999999,-0.10360400000000003,0.09534200000000004,0.1658449999999999,42:-0.1036040000;43:0.0953420000;44:0.1658450000
RawMal-TF,resnet18,m8_minus_m4,M8 minus M4,Random cutout,random,,0.05,Random cutout M8,Random cutout M4,8,4.0,validation_aulc,Normalized validation AULC,positive means Random cutout M8 is higher than Random cutout M4,3,42;43;44,,-0.003063671717171997,1.5129533102259545e-05,0.003889670050564642,0.002245702050752321,-0.012726147776408821,0.006598804342064826,-0.0055007676767681035,0.0014221313131309588,-0.005112378787878846,-0.0055007676767681035,0.0014221313131309588,42:-0.0051123788;43:-0.0055007677;44:0.0014221313
RawMal-TF,resnet18,m8_minus_m4,M8 minus M4,Random cutout,random,,0.1,Random cutout M8,Random cutout M4,8,4.0,best_to_final_degradation,Best-to-final degradation,positive means Random cutout M8 is higher than Random cutout M4,3,42;43;44,,-0.0005583333333333643,2.7883323333335255e-06,0.0016698300312707056,0.0009640768180550632,-0.004706421086382157,0.0035897544197154283,-0.0024780000000000912,0.0005580000000000584,0.0002449999999999397,-0.0024780000000000912,0.0005580000000000584,42:0.0002450000;43:-0.0024780000;44:0.0005580000
RawMal-TF,resnet18,m8_minus_m4,M8 minus M4,Random cutout,random,,0.1,Random cutout M8,Random cutout M4,8,4.0,best_validation_accuracy,Best validation accuracy,positive means Random cutout M8 is higher than Random cutout M4,3,42;43;44,,0.0008709999999999551,6.1355289999997596e-06,0.0024769999999999515,0.0014300966167826751,-0.0052822091122369,0.00702420911223681,-0.0016059999999999963,0.0033479999999999066,0.0008709999999999551,0.0033479999999999066,-0.0016059999999999963,42:0.0008710000;43:0.0033480000;44:-0.0016060000
RawMal-TF,resnet18,m8_minus_m4,M8 minus M4,Random cutout,random,,0.1,Random cutout M8,Random cutout M4,8,4.0,final_validation_accuracy,Final validation accuracy,positive means Random cutout M8 is higher than Random cutout M4,3,42;43;44,,0.0014293333333333196,1.644403333333351e-05,0.004055124330194268,0.002341227123635062,-0.0086441539415174,0.011502820608184038,-0.0021640000000000548,0.005825999999999998,0.0006260000000000154,0.005825999999999998,-0.0021640000000000548,42:0.0006260000;43:0.0058260000;44:-0.0021640000
RawMal-TF,resnet18,m8_minus_m4,M8 minus M4,Random cutout,random,,0.1,Random cutout M8,Random cutout M4,8,4.0,maximum_validation_drawdown,Maximum validation drawdown,positive means Random cutout M8 is higher than Random cutout M4,3,42;43;44,,0.06272199999999999,0.01652854809599998,0.1285634010751115,0.07422611421864944,-0.2566471929735781,0.3820911929735781,-0.03327799999999992,0.20878599999999992,0.20878599999999992,-0.03327799999999992,0.012657999999999947,42:0.2087860000;43:-0.0332780000;44:0.0126580000
RawMal-TF,resnet18,m8_minus_m4,M8 minus M4,Random cutout,random,,0.1,Random cutout M8,Random cutout M4,8,4.0,validation_aulc,Normalized validation AULC,positive means Random cutout M8 is higher than Random cutout M4,3,42;43;44,,-0.000723570707070779,1.0954497653835308e-05,0.0033097579449010025,0.0019108896404410965,-0.008945465235073837,0.007498323820932279,-0.004263848484848398,0.0022932929292927007,-0.004263848484848398,-0.00020015656565663953,0.0022932929292927007,42:-0.0042638485;43:-0.0002001566;44:0.0022932929
RawMal-TF,resnet18,m8_minus_m4,M8 minus M4,Random cutout,random,,0.2,Random cutout M8,Random cutout M4,8,4.0,best_to_final_degradation,Best-to-final degradation,positive means Random cutout M8 is higher than Random cutout M4,3,42;43;44,,0.0017779999999999834,1.1854240000001778e-06,0.001088771785086378,0.0006286026832056897,-0.0009266590509245298,0.004482659050924496,0.0006259999999999044,0.00279000000000007,0.0019179999999999753,0.00279000000000007,0.0006259999999999044,42:0.0019180000;43:0.0027900000;44:0.0006260000
RawMal-TF,resnet18,m8_minus_m4,M8 minus M4,Random cutout,random,,0.2,Random cutout M8,Random cutout M4,8,4.0,best_validation_accuracy,Best validation accuracy,positive means Random cutout M8 is higher than Random cutout M4,3,42;43;44,,0.0030573333333333563,3.786145033333258e-05,0.006153165878905961,0.0035525319765547774,-0.012227978073687152,0.018342644740353867,-0.004042999999999908,0.006831999999999949,0.0063830000000000275,-0.004042999999999908,0.006831999999999949,42:0.0063830000;43:-0.0040430000;44:0.0068320000
RawMal-TF,resnet18,m8_minus_m4,M8 minus M4,Random cutout,random,,0.2,Random cutout M8,Random cutout M4,8,4.0,final_validation_accuracy,Final validation accuracy,positive means Random cutout M8 is higher than Random cutout M4,3,42;43;44,,0.001279333333333373,5.0115234333333544e-05,0.00707921142030195,0.004087184619161604,-0.016306402725953677,0.01886506939262042,-0.006832999999999978,0.006206000000000045,0.004465000000000052,-0.006832999999999978,0.006206000000000045,42:0.0044650000;43:-0.0068330000;44:0.0062060000
RawMal-TF,resnet18,m8_minus_m4,M8 minus M4,Random cutout,random,,0.2,Random cutout M8,Random cutout M4,8,4.0,maximum_validation_drawdown,Maximum validation drawdown,positive means Random cutout M8 is higher than Random cutout M4,3,42;43;44,,-0.020874666666666614,0.014278890990333326,0.11949431363179307,0.0689900741419453,-0.3177149975102888,0.2759656641769556,-0.11947499999999994,0.112016,-0.05516499999999991,-0.11947499999999994,0.112016,42:-0.0551650000;43:-0.1194750000;44:0.1120160000
RawMal-TF,resnet18,m8_minus_m4,M8 minus M4,Random cutout,random,,0.2,Random cutout M8,Random cutout M4,8,4.0,validation_aulc,Normalized validation AULC,positive means Random cutout M8 is higher than Random cutout M4,3,42;43;44,,0.0046518501683501245,1.1892279053982413e-05,0.0034485183853333904,0.0019910030180776066,-0.003914744402643076,0.013218444739343325,0.0008857474747475669,0.007655005050505204,0.005414797979797603,0.007655005050505204,0.0008857474747475669,42:0.0054147980;43:0.0076550051;44:0.0008857475
RawMal-TF,resnet18,m8_minus_m4,M8 minus M4,Random cutout,random,,0.3,Random cutout M8,Random cutout M4,8,4.0,best_to_final_degradation,Best-to-final degradation,positive means Random cutout M8 is higher than Random cutout M4,3,42;43;44,,0.00425566666666662,4.781445333333802e-06,0.0021866516259646395,0.0012624639048746176,-0.001176277100056601,0.00968761043338984,0.0024769999999998404,0.006697000000000064,0.006697000000000064,0.0024769999999998404,0.0035929999999999573,42:0.0066970000;43:0.0024770000;44:0.0035930000
RawMal-TF,resnet18,m8_minus_m4,M8 minus M4,Random cutout,random,,0.3,Random cutout M8,Random cutout M4,8,4.0,best_validation_accuracy,Best validation accuracy,positive means Random cutout M8 is higher than Random cutout M4,3,42;43;44,,-0.003161999999999998,2.7890439999997953e-06,0.001670043113215882,0.0009641998409734701,-0.0073106170779445164,0.0009866170779445202,-0.005089999999999928,-0.0021640000000000548,-0.005089999999999928,-0.0021640000000000548,-0.0022320000000000118,42:-0.0050900000;43:-0.0021640000;44:-0.0022320000
RawMal-TF,resnet18,m8_minus_m4,M8 minus M4,Random cutout,random,,0.3,Random cutout M8,Random cutout M4,8,4.0,final_validation_accuracy,Final validation accuracy,positive means Random cutout M8 is higher than Random cutout M4,3,42;43;44,,-0.0074176666666666185,1.4668769333333637e-05,0.0038299829416504763,0.0022112416823535774,-0.01693187172773884,0.0020965383944056013,-0.011786999999999992,-0.004640999999999895,-0.011786999999999992,-0.004640999999999895,-0.005824999999999969,42:-0.0117870000;43:-0.0046410000;44:-0.0058250000
RawMal-TF,resnet18,m8_minus_m4,M8 minus M4,Random cutout,random,,0.3,Random cutout M8,Random cutout M4,8,4.0,maximum_validation_drawdown,Maximum validation drawdown,positive means Random cutout M8 is higher than Random cutout M4,3,42;43;44,,-0.035374666666666665,0.0032692189703333284,0.05717708431122846,0.033011205018565686,-0.17741041805745908,0.10666108472412575,-0.10130399999999995,0.0006249999999999867,-0.005445000000000033,-0.10130399999999995,0.0006249999999999867,42:-0.0054450000;43:-0.1013040000;44:0.0006250000
RawMal-TF,resnet18,m8_minus_m4,M8 minus M4,Random cutout,random,,0.3,Random cutout M8,Random cutout M4,8,4.0,validation_aulc,Normalized validation AULC,positive means Random cutout M8 is higher than Random cutout M4,3,42;43;44,,0.0020071734006735418,1.2597171160322913e-05,0.0035492493798439852,0.0020491600848740374,-0.006809650832534955,0.010823997633882039,-0.0010632676767674543,0.00589323737373737,0.0011915505050507091,0.00589323737373737,-0.0010632676767674543,42:0.0011915505;43:0.0058932374;44:-0.0010632677
