2026-05-18 20:28:50 - __main__ - INFO - Comparison pipeline | device=cuda | out_dir=./runs/cifar100_2026_05/18 | args={"adamw_betas": [0.9, 0.999], "adamw_eps": 1e-08, "amp": false, "batch_size": 128, "cam_layer": "auto", "config": "/content/CAMRegularization/configs.json", "data_dir": "./data", "dataset": "cifar100", "enable_random_control": false, "enable_shuffled_cam_control": false, "epochs": 100, "gamma": 0.1, "input_models": ["resnet18"], "label_smoothing": 0.0, "log_every": 100, "lr": 0.1, "mask_top_of_threshold": false, "milestones": "60,80", "min_lr": 1e-05, "momentum": 0.9, "nesterov": false, "num_workers": 2, "optimizer": "sgd", "out_dir": "./runs/cifar100_2026_05/18", "output_models": ["resnet34", "densenet121", "efficientnet_b0", "mobilenet_v3_small", "convnext_tiny"], "run_name": "", "scheduler": "cosine", "seed": 41, "threshold": 0.15, "val_split": 0.1, "warmup_epochs": 5, "weight_decay": 0.0005}
2026-05-18 20:28:50 - __main__ - INFO - Enabled variants: ['original', 'low_saliency']
2026-05-18 20:28:50 - __main__ - INFO - 
============================================================
2026-05-18 20:28:50 - __main__ - INFO - Training input model: resnet18
2026-05-18 20:28:50 - __main__ - INFO -   Resolved config → opt=sgd, lr=0.1, wd=0.0005, bs=128, epochs=100, scheduler=cosine, warmup=5
2026-05-18 20:28:50 - __main__ - INFO - ============================================================
2026-05-18 20:28:50 - __main__ - INFO -   Retry policy: training input resnet18 with batch_size=128, amp=False
2026-05-18 20:28:50 - __main__ - INFO - device: cuda | cuda: True | gpu: NVIDIA L4
2026-05-18 20:29:10 - __main__ - INFO - Model: resnet18 | Dataset: cifar100 | Classes: 100 | Optimizer: sgd
2026-05-18 20:29:10 - __main__ - INFO - 
Epoch 1/100 | lr 0.000100
2026-05-18 20:29:28 - __main__ - INFO - Train: loss 4.6240 acc1 1.36%
2026-05-18 20:29:28 - __main__ - INFO - Val:   loss 4.5587 acc1 2.51%
2026-05-18 20:29:28 - __main__ - INFO - saved best: 2.51%
2026-05-18 20:29:28 - __main__ - INFO - 
Epoch 2/100 | lr 0.020080
2026-05-18 20:29:44 - __main__ - INFO - Train: loss 3.7204 acc1 12.98%
2026-05-18 20:29:44 - __main__ - INFO - Val:   loss 3.2332 acc1 20.11%
2026-05-18 20:29:44 - __main__ - INFO - saved best: 20.11%
2026-05-18 20:29:44 - __main__ - INFO - 
Epoch 3/100 | lr 0.040060
2026-05-18 20:30:00 - __main__ - INFO - Train: loss 3.0594 acc1 24.20%
2026-05-18 20:30:00 - __main__ - INFO - Val:   loss 2.8141 acc1 30.07%
2026-05-18 20:30:00 - __main__ - INFO - saved best: 30.07%
2026-05-18 20:30:00 - __main__ - INFO - 
Epoch 4/100 | lr 0.060040
2026-05-18 20:30:16 - __main__ - INFO - Train: loss 2.5430 acc1 33.94%
2026-05-18 20:30:16 - __main__ - INFO - Val:   loss 2.3649 acc1 38.38%
2026-05-18 20:30:16 - __main__ - INFO - saved best: 38.38%
2026-05-18 20:30:16 - __main__ - INFO - 
Epoch 5/100 | lr 0.080020
2026-05-18 20:30:33 - __main__ - INFO - Train: loss 2.1954 acc1 40.93%
2026-05-18 20:30:33 - __main__ - INFO - Val:   loss 2.1829 acc1 41.50%
2026-05-18 20:30:33 - __main__ - INFO - saved best: 41.50%
2026-05-18 20:30:33 - __main__ - INFO - 
Epoch 6/100 | lr 0.100000
2026-05-18 20:30:49 - __main__ - INFO - Train: loss 1.9560 acc1 46.34%
2026-05-18 20:30:49 - __main__ - INFO - Val:   loss 2.2662 acc1 40.17%
2026-05-18 20:30:49 - __main__ - INFO - 
Epoch 7/100 | lr 0.099973
2026-05-18 20:31:06 - __main__ - INFO - Train: loss 1.7406 acc1 51.54%
2026-05-18 20:31:06 - __main__ - INFO - Val:   loss 2.0048 acc1 46.56%
2026-05-18 20:31:06 - __main__ - INFO - saved best: 46.56%
2026-05-18 20:31:06 - __main__ - INFO - 
Epoch 8/100 | lr 0.099891
2026-05-18 20:31:23 - __main__ - INFO - Train: loss 1.6092 acc1 54.57%
2026-05-18 20:31:23 - __main__ - INFO - Val:   loss 2.1030 acc1 45.30%
2026-05-18 20:31:23 - __main__ - INFO - 
Epoch 9/100 | lr 0.099754
2026-05-18 20:31:39 - __main__ - INFO - Train: loss 1.5089 acc1 57.12%
2026-05-18 20:31:39 - __main__ - INFO - Val:   loss 1.8052 acc1 51.48%
2026-05-18 20:31:39 - __main__ - INFO - saved best: 51.48%
2026-05-18 20:31:39 - __main__ - INFO - 
Epoch 10/100 | lr 0.099563
2026-05-18 20:31:56 - __main__ - INFO - Train: loss 1.4374 acc1 58.83%
2026-05-18 20:31:56 - __main__ - INFO - Val:   loss 1.7552 acc1 52.22%
2026-05-18 20:31:56 - __main__ - INFO - saved best: 52.22%
2026-05-18 20:31:56 - __main__ - INFO - 
Epoch 11/100 | lr 0.099318
2026-05-18 20:32:12 - __main__ - INFO - Train: loss 1.3845 acc1 59.86%
2026-05-18 20:32:12 - __main__ - INFO - Val:   loss 1.7910 acc1 51.71%
2026-05-18 20:32:12 - __main__ - INFO - 
Epoch 12/100 | lr 0.099019
2026-05-18 20:32:29 - __main__ - INFO - Train: loss 1.3426 acc1 61.35%
2026-05-18 20:32:29 - __main__ - INFO - Val:   loss 1.7402 acc1 53.59%
2026-05-18 20:32:29 - __main__ - INFO - saved best: 53.59%
2026-05-18 20:32:29 - __main__ - INFO - 
Epoch 13/100 | lr 0.098666
2026-05-18 20:32:46 - __main__ - INFO - Train: loss 1.2903 acc1 62.77%
2026-05-18 20:32:46 - __main__ - INFO - Val:   loss 1.7119 acc1 54.84%
2026-05-18 20:32:46 - __main__ - INFO - saved best: 54.84%
2026-05-18 20:32:46 - __main__ - INFO - 
Epoch 14/100 | lr 0.098261
2026-05-18 20:33:02 - __main__ - INFO - Train: loss 1.2621 acc1 63.19%
2026-05-18 20:33:02 - __main__ - INFO - Val:   loss 1.9352 acc1 49.90%
2026-05-18 20:33:02 - __main__ - INFO - 
Epoch 15/100 | lr 0.097802
2026-05-18 20:33:19 - __main__ - INFO - Train: loss 1.2275 acc1 64.37%
2026-05-18 20:33:19 - __main__ - INFO - Val:   loss 1.7550 acc1 54.34%
2026-05-18 20:33:19 - __main__ - INFO - 
Epoch 16/100 | lr 0.097291
2026-05-18 20:33:35 - __main__ - INFO - Train: loss 1.2032 acc1 65.20%
2026-05-18 20:33:35 - __main__ - INFO - Val:   loss 1.8157 acc1 53.45%
2026-05-18 20:33:35 - __main__ - INFO - 
Epoch 17/100 | lr 0.096729
2026-05-18 20:33:52 - __main__ - INFO - Train: loss 1.1665 acc1 66.05%
2026-05-18 20:33:52 - __main__ - INFO - Val:   loss 1.9661 acc1 52.24%
2026-05-18 20:33:52 - __main__ - INFO - 
Epoch 18/100 | lr 0.096115
2026-05-18 20:34:09 - __main__ - INFO - Train: loss 1.1521 acc1 66.34%
2026-05-18 20:34:09 - __main__ - INFO - Val:   loss 1.6398 acc1 55.89%
2026-05-18 20:34:09 - __main__ - INFO - saved best: 55.89%
2026-05-18 20:34:09 - __main__ - INFO - 
Epoch 19/100 | lr 0.095451
2026-05-18 20:34:25 - __main__ - INFO - Train: loss 1.1236 acc1 66.91%
2026-05-18 20:34:25 - __main__ - INFO - Val:   loss 1.5687 acc1 57.87%
2026-05-18 20:34:25 - __main__ - INFO - saved best: 57.87%
2026-05-18 20:34:25 - __main__ - INFO - 
Epoch 20/100 | lr 0.094737
2026-05-18 20:34:42 - __main__ - INFO - Train: loss 1.0935 acc1 67.86%
2026-05-18 20:34:42 - __main__ - INFO - Val:   loss 1.6830 acc1 57.01%
2026-05-18 20:34:42 - __main__ - INFO - 
Epoch 21/100 | lr 0.093974
2026-05-18 20:34:58 - __main__ - INFO - Train: loss 1.0907 acc1 68.13%
2026-05-18 20:34:58 - __main__ - INFO - Val:   loss 1.6963 acc1 53.76%
2026-05-18 20:34:58 - __main__ - INFO - 
Epoch 22/100 | lr 0.093164
2026-05-18 20:35:15 - __main__ - INFO - Train: loss 1.0652 acc1 68.61%
2026-05-18 20:35:15 - __main__ - INFO - Val:   loss 1.7055 acc1 55.26%
2026-05-18 20:35:15 - __main__ - INFO - 
Epoch 23/100 | lr 0.092306
2026-05-18 20:35:32 - __main__ - INFO - Train: loss 1.0483 acc1 69.10%
2026-05-18 20:35:32 - __main__ - INFO - Val:   loss 1.6356 acc1 57.17%
2026-05-18 20:35:32 - __main__ - INFO - 
Epoch 24/100 | lr 0.091401
2026-05-18 20:35:48 - __main__ - INFO - Train: loss 1.0261 acc1 70.04%
2026-05-18 20:35:48 - __main__ - INFO - Val:   loss 1.5146 acc1 58.30%
2026-05-18 20:35:48 - __main__ - INFO - saved best: 58.30%
2026-05-18 20:35:48 - __main__ - INFO - 
Epoch 25/100 | lr 0.090452
2026-05-18 20:36:05 - __main__ - INFO - Train: loss 1.0153 acc1 70.13%
2026-05-18 20:36:05 - __main__ - INFO - Val:   loss 1.5016 acc1 59.21%
2026-05-18 20:36:05 - __main__ - INFO - saved best: 59.21%
2026-05-18 20:36:05 - __main__ - INFO - 
Epoch 26/100 | lr 0.089458
2026-05-18 20:36:21 - __main__ - INFO - Train: loss 0.9925 acc1 70.66%
2026-05-18 20:36:21 - __main__ - INFO - Val:   loss 1.6866 acc1 57.02%
2026-05-18 20:36:21 - __main__ - INFO - 
Epoch 27/100 | lr 0.088421
2026-05-18 20:36:38 - __main__ - INFO - Train: loss 0.9894 acc1 70.74%
2026-05-18 20:36:38 - __main__ - INFO - Val:   loss 1.6548 acc1 56.95%
2026-05-18 20:36:38 - __main__ - INFO - 
Epoch 28/100 | lr 0.087342
2026-05-18 20:36:54 - __main__ - INFO - Train: loss 0.9607 acc1 71.68%
2026-05-18 20:36:54 - __main__ - INFO - Val:   loss 1.5706 acc1 58.18%
2026-05-18 20:36:54 - __main__ - INFO - 
Epoch 29/100 | lr 0.086223
2026-05-18 20:37:11 - __main__ - INFO - Train: loss 0.9544 acc1 71.58%
2026-05-18 20:37:11 - __main__ - INFO - Val:   loss 1.5495 acc1 60.35%
2026-05-18 20:37:11 - __main__ - INFO - saved best: 60.35%
2026-05-18 20:37:11 - __main__ - INFO - 
Epoch 30/100 | lr 0.085063
2026-05-18 20:37:28 - __main__ - INFO - Train: loss 0.9290 acc1 72.43%
2026-05-18 20:37:28 - __main__ - INFO - Val:   loss 1.7492 acc1 56.87%
2026-05-18 20:37:28 - __main__ - INFO - 
Epoch 31/100 | lr 0.083866
2026-05-18 20:37:44 - __main__ - INFO - Train: loss 0.9058 acc1 73.15%
2026-05-18 20:37:44 - __main__ - INFO - Val:   loss 1.8944 acc1 52.01%
2026-05-18 20:37:44 - __main__ - INFO - 
Epoch 32/100 | lr 0.082631
2026-05-18 20:38:01 - __main__ - INFO - Train: loss 0.9000 acc1 72.92%
2026-05-18 20:38:01 - __main__ - INFO - Val:   loss 1.6109 acc1 58.45%
2026-05-18 20:38:01 - __main__ - INFO - 
Epoch 33/100 | lr 0.081361
2026-05-18 20:38:17 - __main__ - INFO - Train: loss 0.8789 acc1 73.81%
2026-05-18 20:38:17 - __main__ - INFO - Val:   loss 1.4620 acc1 60.60%
2026-05-18 20:38:17 - __main__ - INFO - saved best: 60.60%
2026-05-18 20:38:17 - __main__ - INFO - 
Epoch 34/100 | lr 0.080056
2026-05-18 20:38:34 - __main__ - INFO - Train: loss 0.8724 acc1 73.92%
2026-05-18 20:38:34 - __main__ - INFO - Val:   loss 1.4853 acc1 60.75%
2026-05-18 20:38:34 - __main__ - INFO - saved best: 60.75%
2026-05-18 20:38:34 - __main__ - INFO - 
Epoch 35/100 | lr 0.078719
2026-05-18 20:38:51 - __main__ - INFO - Train: loss 0.8563 acc1 74.30%
2026-05-18 20:38:51 - __main__ - INFO - Val:   loss 1.5672 acc1 59.63%
2026-05-18 20:38:51 - __main__ - INFO - 
Epoch 36/100 | lr 0.077350
2026-05-18 20:39:07 - __main__ - INFO - Train: loss 0.8280 acc1 75.15%
2026-05-18 20:39:07 - __main__ - INFO - Val:   loss 1.5776 acc1 58.55%
2026-05-18 20:39:07 - __main__ - INFO - 
Epoch 37/100 | lr 0.075951
2026-05-18 20:39:24 - __main__ - INFO - Train: loss 0.8145 acc1 75.48%
2026-05-18 20:39:24 - __main__ - INFO - Val:   loss 1.4313 acc1 62.52%
2026-05-18 20:39:24 - __main__ - INFO - saved best: 62.52%
2026-05-18 20:39:24 - __main__ - INFO - 
Epoch 38/100 | lr 0.074524
2026-05-18 20:39:40 - __main__ - INFO - Train: loss 0.7957 acc1 75.86%
2026-05-18 20:39:40 - __main__ - INFO - Val:   loss 1.5578 acc1 60.36%
2026-05-18 20:39:40 - __main__ - INFO - 
Epoch 39/100 | lr 0.073070
2026-05-18 20:39:57 - __main__ - INFO - Train: loss 0.7890 acc1 76.02%
2026-05-18 20:39:57 - __main__ - INFO - Val:   loss 1.8195 acc1 55.59%
2026-05-18 20:39:57 - __main__ - INFO - 
Epoch 40/100 | lr 0.071591
2026-05-18 20:40:13 - __main__ - INFO - Train: loss 0.7662 acc1 76.81%
2026-05-18 20:40:13 - __main__ - INFO - Val:   loss 1.5525 acc1 61.00%
2026-05-18 20:40:13 - __main__ - INFO - 
Epoch 41/100 | lr 0.070088
2026-05-18 20:40:30 - __main__ - INFO - Train: loss 0.7496 acc1 77.14%
2026-05-18 20:40:30 - __main__ - INFO - Val:   loss 1.5981 acc1 59.81%
2026-05-18 20:40:30 - __main__ - INFO - 
Epoch 42/100 | lr 0.068563
2026-05-18 20:40:46 - __main__ - INFO - Train: loss 0.7315 acc1 77.90%
2026-05-18 20:40:46 - __main__ - INFO - Val:   loss 1.5593 acc1 60.59%
2026-05-18 20:40:46 - __main__ - INFO - 
Epoch 43/100 | lr 0.067018
2026-05-18 20:41:03 - __main__ - INFO - Train: loss 0.7242 acc1 77.91%
2026-05-18 20:41:03 - __main__ - INFO - Val:   loss 1.4751 acc1 62.29%
2026-05-18 20:41:03 - __main__ - INFO - 
Epoch 44/100 | lr 0.065454
2026-05-18 20:41:20 - __main__ - INFO - Train: loss 0.6983 acc1 79.03%
2026-05-18 20:41:20 - __main__ - INFO - Val:   loss 1.5607 acc1 59.76%
2026-05-18 20:41:20 - __main__ - INFO - 
Epoch 45/100 | lr 0.063874
2026-05-18 20:41:36 - __main__ - INFO - Train: loss 0.6916 acc1 79.00%
2026-05-18 20:41:36 - __main__ - INFO - Val:   loss 1.4720 acc1 61.30%
2026-05-18 20:41:36 - __main__ - INFO - 
Epoch 46/100 | lr 0.062278
2026-05-18 20:41:53 - __main__ - INFO - Train: loss 0.6557 acc1 79.94%
2026-05-18 20:41:53 - __main__ - INFO - Val:   loss 1.6539 acc1 58.70%
2026-05-18 20:41:53 - __main__ - INFO - 
Epoch 47/100 | lr 0.060669
2026-05-18 20:42:09 - __main__ - INFO - Train: loss 0.6446 acc1 80.33%
2026-05-18 20:42:09 - __main__ - INFO - Val:   loss 1.5005 acc1 61.76%
2026-05-18 20:42:09 - __main__ - INFO - 
Epoch 48/100 | lr 0.059048
2026-05-18 20:42:26 - __main__ - INFO - Train: loss 0.6206 acc1 80.94%
2026-05-18 20:42:26 - __main__ - INFO - Val:   loss 1.4334 acc1 64.12%
2026-05-18 20:42:26 - __main__ - INFO - saved best: 64.12%
2026-05-18 20:42:26 - __main__ - INFO - 
Epoch 49/100 | lr 0.057417
2026-05-18 20:42:42 - __main__ - INFO - Train: loss 0.5955 acc1 81.50%
2026-05-18 20:42:42 - __main__ - INFO - Val:   loss 1.6344 acc1 60.98%
2026-05-18 20:42:42 - __main__ - INFO - 
Epoch 50/100 | lr 0.055779
2026-05-18 20:42:59 - __main__ - INFO - Train: loss 0.5780 acc1 82.22%
2026-05-18 20:42:59 - __main__ - INFO - Val:   loss 1.5684 acc1 62.66%
2026-05-18 20:42:59 - __main__ - INFO - 
Epoch 51/100 | lr 0.054134
2026-05-18 20:43:16 - __main__ - INFO - Train: loss 0.5719 acc1 82.10%
2026-05-18 20:43:16 - __main__ - INFO - Val:   loss 1.7182 acc1 59.31%
2026-05-18 20:43:16 - __main__ - INFO - 
Epoch 52/100 | lr 0.052484
2026-05-18 20:43:32 - __main__ - INFO - Train: loss 0.5402 acc1 83.39%
2026-05-18 20:43:32 - __main__ - INFO - Val:   loss 1.5958 acc1 61.27%
2026-05-18 20:43:32 - __main__ - INFO - 
Epoch 53/100 | lr 0.050832
2026-05-18 20:43:49 - __main__ - INFO - Train: loss 0.5212 acc1 83.88%
2026-05-18 20:43:49 - __main__ - INFO - Val:   loss 1.4628 acc1 63.65%
2026-05-18 20:43:49 - __main__ - INFO - 
Epoch 54/100 | lr 0.049178
2026-05-18 20:44:05 - __main__ - INFO - Train: loss 0.5091 acc1 84.28%
2026-05-18 20:44:05 - __main__ - INFO - Val:   loss 1.4555 acc1 63.95%
2026-05-18 20:44:05 - __main__ - INFO - 
Epoch 55/100 | lr 0.047526
2026-05-18 20:44:22 - __main__ - INFO - Train: loss 0.4794 acc1 85.21%
2026-05-18 20:44:22 - __main__ - INFO - Val:   loss 1.4621 acc1 64.27%
2026-05-18 20:44:22 - __main__ - INFO - saved best: 64.27%
2026-05-18 20:44:22 - __main__ - INFO - 
Epoch 56/100 | lr 0.045876
2026-05-18 20:44:38 - __main__ - INFO - Train: loss 0.4706 acc1 85.43%
2026-05-18 20:44:38 - __main__ - INFO - Val:   loss 1.3934 acc1 64.85%
2026-05-18 20:44:38 - __main__ - INFO - saved best: 64.85%
2026-05-18 20:44:38 - __main__ - INFO - 
Epoch 57/100 | lr 0.044231
2026-05-18 20:44:55 - __main__ - INFO - Train: loss 0.4412 acc1 86.18%
2026-05-18 20:44:55 - __main__ - INFO - Val:   loss 1.4087 acc1 64.63%
2026-05-18 20:44:55 - __main__ - INFO - 
Epoch 58/100 | lr 0.042593
2026-05-18 20:45:12 - __main__ - INFO - Train: loss 0.3998 acc1 87.58%
2026-05-18 20:45:12 - __main__ - INFO - Val:   loss 1.4511 acc1 64.08%
2026-05-18 20:45:12 - __main__ - INFO - 
Epoch 59/100 | lr 0.040962
2026-05-18 20:45:28 - __main__ - INFO - Train: loss 0.3902 acc1 87.74%
2026-05-18 20:45:28 - __main__ - INFO - Val:   loss 1.5134 acc1 64.07%
2026-05-18 20:45:28 - __main__ - INFO - 
Epoch 60/100 | lr 0.039341
2026-05-18 20:45:45 - __main__ - INFO - Train: loss 0.3805 acc1 88.20%
2026-05-18 20:45:45 - __main__ - INFO - Val:   loss 1.4226 acc1 65.73%
2026-05-18 20:45:45 - __main__ - INFO - saved best: 65.73%
2026-05-18 20:45:45 - __main__ - INFO - 
Epoch 61/100 | lr 0.037732
2026-05-18 20:46:01 - __main__ - INFO - Train: loss 0.3448 acc1 89.42%
2026-05-18 20:46:01 - __main__ - INFO - Val:   loss 1.3395 acc1 67.41%
2026-05-18 20:46:01 - __main__ - INFO - saved best: 67.41%
2026-05-18 20:46:01 - __main__ - INFO - 
Epoch 62/100 | lr 0.036136
2026-05-18 20:46:18 - __main__ - INFO - Train: loss 0.3159 acc1 90.25%
2026-05-18 20:46:18 - __main__ - INFO - Val:   loss 1.4392 acc1 65.64%
2026-05-18 20:46:18 - __main__ - INFO - 
Epoch 63/100 | lr 0.034556
2026-05-18 20:46:34 - __main__ - INFO - Train: loss 0.3086 acc1 90.51%
2026-05-18 20:46:34 - __main__ - INFO - Val:   loss 1.3461 acc1 66.63%
2026-05-18 20:46:34 - __main__ - INFO - 
Epoch 64/100 | lr 0.032992
2026-05-18 20:46:51 - __main__ - INFO - Train: loss 0.2745 acc1 91.67%
2026-05-18 20:46:51 - __main__ - INFO - Val:   loss 1.4113 acc1 66.68%
2026-05-18 20:46:51 - __main__ - INFO - 
Epoch 65/100 | lr 0.031447
2026-05-18 20:47:08 - __main__ - INFO - Train: loss 0.2463 acc1 92.55%
2026-05-18 20:47:08 - __main__ - INFO - Val:   loss 1.3341 acc1 68.15%
2026-05-18 20:47:08 - __main__ - INFO - saved best: 68.15%
2026-05-18 20:47:08 - __main__ - INFO - 
Epoch 66/100 | lr 0.029922
2026-05-18 20:47:24 - __main__ - INFO - Train: loss 0.2211 acc1 93.36%
2026-05-18 20:47:24 - __main__ - INFO - Val:   loss 1.3038 acc1 68.79%
2026-05-18 20:47:24 - __main__ - INFO - saved best: 68.79%
2026-05-18 20:47:24 - __main__ - INFO - 
Epoch 67/100 | lr 0.028419
2026-05-18 20:47:41 - __main__ - INFO - Train: loss 0.2073 acc1 93.85%
2026-05-18 20:47:41 - __main__ - INFO - Val:   loss 1.3438 acc1 69.03%
2026-05-18 20:47:41 - __main__ - INFO - saved best: 69.03%
2026-05-18 20:47:41 - __main__ - INFO - 
Epoch 68/100 | lr 0.026940
2026-05-18 20:47:57 - __main__ - INFO - Train: loss 0.1832 acc1 94.65%
2026-05-18 20:47:57 - __main__ - INFO - Val:   loss 1.3946 acc1 67.13%
2026-05-18 20:47:57 - __main__ - INFO - 
Epoch 69/100 | lr 0.025486
2026-05-18 20:48:14 - __main__ - INFO - Train: loss 0.1637 acc1 95.37%
2026-05-18 20:48:14 - __main__ - INFO - Val:   loss 1.3084 acc1 68.97%
2026-05-18 20:48:14 - __main__ - INFO - 
Epoch 70/100 | lr 0.024059
2026-05-18 20:48:30 - __main__ - INFO - Train: loss 0.1409 acc1 96.03%
2026-05-18 20:48:30 - __main__ - INFO - Val:   loss 1.2468 acc1 70.89%
2026-05-18 20:48:30 - __main__ - INFO - saved best: 70.89%
2026-05-18 20:48:30 - __main__ - INFO - 
Epoch 71/100 | lr 0.022660
2026-05-18 20:48:47 - __main__ - INFO - Train: loss 0.1255 acc1 96.58%
2026-05-18 20:48:47 - __main__ - INFO - Val:   loss 1.2783 acc1 70.85%
2026-05-18 20:48:47 - __main__ - INFO - 
Epoch 72/100 | lr 0.021291
2026-05-18 20:49:04 - __main__ - INFO - Train: loss 0.1049 acc1 97.34%
2026-05-18 20:49:04 - __main__ - INFO - Val:   loss 1.2061 acc1 71.80%
2026-05-18 20:49:04 - __main__ - INFO - saved best: 71.80%
2026-05-18 20:49:04 - __main__ - INFO - 
Epoch 73/100 | lr 0.019954
2026-05-18 20:49:20 - __main__ - INFO - Train: loss 0.0938 acc1 97.64%
2026-05-18 20:49:20 - __main__ - INFO - Val:   loss 1.1704 acc1 72.32%
2026-05-18 20:49:20 - __main__ - INFO - saved best: 72.32%
2026-05-18 20:49:20 - __main__ - INFO - 
Epoch 74/100 | lr 0.018649
2026-05-18 20:49:37 - __main__ - INFO - Train: loss 0.0656 acc1 98.55%
2026-05-18 20:49:37 - __main__ - INFO - Val:   loss 1.1199 acc1 73.25%
2026-05-18 20:49:37 - __main__ - INFO - saved best: 73.25%
2026-05-18 20:49:37 - __main__ - INFO - 
Epoch 75/100 | lr 0.017379
2026-05-18 20:49:53 - __main__ - INFO - Train: loss 0.0549 acc1 98.83%
2026-05-18 20:49:53 - __main__ - INFO - Val:   loss 1.1516 acc1 72.63%
2026-05-18 20:49:53 - __main__ - INFO - 
Epoch 76/100 | lr 0.016144
2026-05-18 20:50:10 - __main__ - INFO - Train: loss 0.0433 acc1 99.22%
2026-05-18 20:50:10 - __main__ - INFO - Val:   loss 1.0656 acc1 74.40%
2026-05-18 20:50:10 - __main__ - INFO - saved best: 74.40%
2026-05-18 20:50:10 - __main__ - INFO - 
Epoch 77/100 | lr 0.014947
2026-05-18 20:50:26 - __main__ - INFO - Train: loss 0.0337 acc1 99.45%
2026-05-18 20:50:26 - __main__ - INFO - Val:   loss 1.0606 acc1 74.38%
2026-05-18 20:50:26 - __main__ - INFO - 
Epoch 78/100 | lr 0.013787
2026-05-18 20:50:43 - __main__ - INFO - Train: loss 0.0293 acc1 99.53%
2026-05-18 20:50:43 - __main__ - INFO - Val:   loss 1.0716 acc1 74.33%
2026-05-18 20:50:43 - __main__ - INFO - 
Epoch 79/100 | lr 0.012668
2026-05-18 20:51:00 - __main__ - INFO - Train: loss 0.0241 acc1 99.73%
2026-05-18 20:51:00 - __main__ - INFO - Val:   loss 1.0309 acc1 74.31%
2026-05-18 20:51:00 - __main__ - INFO - 
Epoch 80/100 | lr 0.011589
2026-05-18 20:51:16 - __main__ - INFO - Train: loss 0.0205 acc1 99.79%
2026-05-18 20:51:16 - __main__ - INFO - Val:   loss 1.0219 acc1 75.04%
2026-05-18 20:51:16 - __main__ - INFO - saved best: 75.04%
2026-05-18 20:51:16 - __main__ - INFO - 
Epoch 81/100 | lr 0.010552
2026-05-18 20:51:33 - __main__ - INFO - Train: loss 0.0182 acc1 99.84%
2026-05-18 20:51:33 - __main__ - INFO - Val:   loss 1.0131 acc1 74.71%
2026-05-18 20:51:33 - __main__ - INFO - 
Epoch 82/100 | lr 0.009558
2026-05-18 20:51:49 - __main__ - INFO - Train: loss 0.0149 acc1 99.91%
2026-05-18 20:51:49 - __main__ - INFO - Val:   loss 0.9872 acc1 75.31%
2026-05-18 20:51:49 - __main__ - INFO - saved best: 75.31%
2026-05-18 20:51:49 - __main__ - INFO - 
Epoch 83/100 | lr 0.008609
2026-05-18 20:52:06 - __main__ - INFO - Train: loss 0.0147 acc1 99.89%
2026-05-18 20:52:06 - __main__ - INFO - Val:   loss 0.9864 acc1 75.10%
2026-05-18 20:52:06 - __main__ - INFO - 
Epoch 84/100 | lr 0.007704
2026-05-18 20:52:22 - __main__ - INFO - Train: loss 0.0133 acc1 99.91%
2026-05-18 20:52:22 - __main__ - INFO - Val:   loss 0.9692 acc1 75.84%
2026-05-18 20:52:22 - __main__ - INFO - saved best: 75.84%
2026-05-18 20:52:22 - __main__ - INFO - 
Epoch 85/100 | lr 0.006846
2026-05-18 20:52:39 - __main__ - INFO - Train: loss 0.0119 acc1 99.96%
2026-05-18 20:52:39 - __main__ - INFO - Val:   loss 0.9587 acc1 75.74%
2026-05-18 20:52:39 - __main__ - INFO - 
Epoch 86/100 | lr 0.006036
2026-05-18 20:52:56 - __main__ - INFO - Train: loss 0.0117 acc1 99.95%
2026-05-18 20:52:56 - __main__ - INFO - Val:   loss 0.9600 acc1 75.83%
2026-05-18 20:52:56 - __main__ - INFO - 
Epoch 87/100 | lr 0.005273
2026-05-18 20:53:12 - __main__ - INFO - Train: loss 0.0111 acc1 99.96%
2026-05-18 20:53:12 - __main__ - INFO - Val:   loss 0.9576 acc1 76.17%
2026-05-18 20:53:12 - __main__ - INFO - saved best: 76.17%
2026-05-18 20:53:12 - __main__ - INFO - 
Epoch 88/100 | lr 0.004559
2026-05-18 20:53:29 - __main__ - INFO - Train: loss 0.0110 acc1 99.96%
2026-05-18 20:53:29 - __main__ - INFO - Val:   loss 0.9547 acc1 75.75%
2026-05-18 20:53:29 - __main__ - INFO - 
Epoch 89/100 | lr 0.003895
2026-05-18 20:53:45 - __main__ - INFO - Train: loss 0.0110 acc1 99.95%
2026-05-18 20:53:45 - __main__ - INFO - Val:   loss 0.9553 acc1 75.87%
2026-05-18 20:53:45 - __main__ - INFO - 
Epoch 90/100 | lr 0.003281
2026-05-18 20:54:02 - __main__ - INFO - Train: loss 0.0107 acc1 99.96%
2026-05-18 20:54:02 - __main__ - INFO - Val:   loss 0.9503 acc1 76.11%
2026-05-18 20:54:02 - __main__ - INFO - 
Epoch 91/100 | lr 0.002719
2026-05-18 20:54:18 - __main__ - INFO - Train: loss 0.0104 acc1 99.96%
2026-05-18 20:54:18 - __main__ - INFO - Val:   loss 0.9449 acc1 76.04%
2026-05-18 20:54:18 - __main__ - INFO - 
Epoch 92/100 | lr 0.002208
2026-05-18 20:54:35 - __main__ - INFO - Train: loss 0.0102 acc1 99.97%
2026-05-18 20:54:35 - __main__ - INFO - Val:   loss 0.9434 acc1 75.88%
2026-05-18 20:54:35 - __main__ - INFO - 
Epoch 93/100 | lr 0.001749
2026-05-18 20:54:51 - __main__ - INFO - Train: loss 0.0105 acc1 99.96%
2026-05-18 20:54:51 - __main__ - INFO - Val:   loss 0.9463 acc1 76.11%
2026-05-18 20:54:51 - __main__ - INFO - 
Epoch 94/100 | lr 0.001344
2026-05-18 20:55:08 - __main__ - INFO - Train: loss 0.0100 acc1 99.97%
2026-05-18 20:55:08 - __main__ - INFO - Val:   loss 0.9427 acc1 75.93%
2026-05-18 20:55:08 - __main__ - INFO - 
Epoch 95/100 | lr 0.000991
2026-05-18 20:55:25 - __main__ - INFO - Train: loss 0.0102 acc1 99.98%
2026-05-18 20:55:25 - __main__ - INFO - Val:   loss 0.9440 acc1 76.38%
2026-05-18 20:55:25 - __main__ - INFO - saved best: 76.38%
2026-05-18 20:55:25 - __main__ - INFO - 
Epoch 96/100 | lr 0.000692
2026-05-18 20:55:41 - __main__ - INFO - Train: loss 0.0099 acc1 99.98%
2026-05-18 20:55:41 - __main__ - INFO - Val:   loss 0.9418 acc1 76.17%
2026-05-18 20:55:41 - __main__ - INFO - 
Epoch 97/100 | lr 0.000447
2026-05-18 20:55:58 - __main__ - INFO - Train: loss 0.0099 acc1 99.98%
2026-05-18 20:55:58 - __main__ - INFO - Val:   loss 0.9444 acc1 76.11%
2026-05-18 20:55:58 - __main__ - INFO - 
Epoch 98/100 | lr 0.000256
2026-05-18 20:56:14 - __main__ - INFO - Train: loss 0.0096 acc1 99.98%
2026-05-18 20:56:14 - __main__ - INFO - Val:   loss 0.9425 acc1 76.15%
2026-05-18 20:56:14 - __main__ - INFO - 
Epoch 99/100 | lr 0.000119
2026-05-18 20:56:31 - __main__ - INFO - Train: loss 0.0103 acc1 99.97%
2026-05-18 20:56:31 - __main__ - INFO - Val:   loss 0.9433 acc1 76.22%
2026-05-18 20:56:31 - __main__ - INFO - 
Epoch 100/100 | lr 0.000037
2026-05-18 20:56:47 - __main__ - INFO - Train: loss 0.0098 acc1 99.98%
2026-05-18 20:56:47 - __main__ - INFO - Val:   loss 0.9419 acc1 76.26%
2026-05-18 20:56:47 - __main__ - INFO - Loaded best checkpoint weights for final test evaluation.
2026-05-18 20:56:49 - __main__ - INFO - 
Best tracked (val): 76.38%
2026-05-18 20:56:49 - __main__ - INFO - Final test: loss 0.9389 acc1 76.64%
2026-05-18 20:56:49 - __main__ - INFO -   Final training settings for input resnet18: batch_size=128, amp=False
2026-05-18 20:56:49 - __main__ - INFO - Input model resnet18 done — test acc 76.64%, test loss 0.9389
2026-05-18 20:56:49 - __main__ - INFO - 
Preparing eval dataloaders for HiResCAM computation …
2026-05-18 20:56:52 - __main__ - INFO - 
Saving variant datasets to data/comparison_cifar100_2026_05/18
2026-05-18 20:56:52 - __main__ - INFO - Generating train variants → data/comparison_cifar100_2026_05/18
2026-05-18 20:56:54 - __main__ - INFO -   [train] processed 1280 images …
2026-05-18 20:56:56 - __main__ - INFO -   [train] processed 2560 images …
2026-05-18 20:56:57 - __main__ - INFO -   [train] processed 3840 images …
2026-05-18 20:56:59 - __main__ - INFO -   [train] processed 5120 images …
2026-05-18 20:57:00 - __main__ - INFO -   [train] processed 6400 images …
2026-05-18 20:57:02 - __main__ - INFO -   [train] processed 7680 images …
2026-05-18 20:57:04 - __main__ - INFO -   [train] processed 8960 images …
2026-05-18 20:57:05 - __main__ - INFO -   [train] processed 10240 images …
2026-05-18 20:57:07 - __main__ - INFO -   [train] processed 11520 images …
2026-05-18 20:57:08 - __main__ - INFO -   [train] processed 12800 images …
2026-05-18 20:57:10 - __main__ - INFO -   [train] processed 14080 images …
2026-05-18 20:57:11 - __main__ - INFO -   [train] processed 15360 images …
2026-05-18 20:57:13 - __main__ - INFO -   [train] processed 16640 images …
2026-05-18 20:57:14 - __main__ - INFO -   [train] processed 17920 images …
2026-05-18 20:57:16 - __main__ - INFO -   [train] processed 19200 images …
2026-05-18 20:57:18 - __main__ - INFO -   [train] processed 20480 images …
2026-05-18 20:57:19 - __main__ - INFO -   [train] processed 21760 images …
2026-05-18 20:57:21 - __main__ - INFO -   [train] processed 23040 images …
2026-05-18 20:57:22 - __main__ - INFO -   [train] processed 24320 images …
2026-05-18 20:57:24 - __main__ - INFO -   [train] processed 25600 images …
2026-05-18 20:57:25 - __main__ - INFO -   [train] processed 26880 images …
2026-05-18 20:57:27 - __main__ - INFO -   [train] processed 28160 images …
2026-05-18 20:57:28 - __main__ - INFO -   [train] processed 29440 images …
2026-05-18 20:57:30 - __main__ - INFO -   [train] processed 30720 images …
2026-05-18 20:57:32 - __main__ - INFO -   [train] processed 32000 images …
2026-05-18 20:57:33 - __main__ - INFO -   [train] processed 33280 images …
2026-05-18 20:57:35 - __main__ - INFO -   [train] processed 34560 images …
2026-05-18 20:57:36 - __main__ - INFO -   [train] processed 35840 images …
2026-05-18 20:57:38 - __main__ - INFO -   [train] processed 37120 images …
2026-05-18 20:57:39 - __main__ - INFO -   [train] processed 38400 images …
2026-05-18 20:57:41 - __main__ - INFO -   [train] processed 39680 images …
2026-05-18 20:57:43 - __main__ - INFO -   [train] processed 40960 images …
2026-05-18 20:57:44 - __main__ - INFO -   [train] processed 42240 images …
2026-05-18 20:57:46 - __main__ - INFO -   [train] processed 43520 images …
2026-05-18 20:57:47 - __main__ - INFO -   [train] processed 44800 images …
2026-05-18 20:57:48 - __main__ - INFO -   [train] processed 45000 images …
2026-05-18 20:57:48 - __main__ - INFO -   [train] saved 45000 images for all 2 variants
2026-05-18 20:57:48 - __main__ - INFO - Generating test variants → data/comparison_cifar100_2026_05/18
2026-05-18 20:57:49 - __main__ - INFO -   [test] processed 1280 images …
2026-05-18 20:57:51 - __main__ - INFO -   [test] processed 2560 images …
2026-05-18 20:57:52 - __main__ - INFO -   [test] processed 3840 images …
2026-05-18 20:57:54 - __main__ - INFO -   [test] processed 5120 images …
2026-05-18 20:57:56 - __main__ - INFO -   [test] processed 6400 images …
2026-05-18 20:57:57 - __main__ - INFO -   [test] processed 7680 images …
2026-05-18 20:57:59 - __main__ - INFO -   [test] processed 8960 images …
2026-05-18 20:58:00 - __main__ - INFO -   [test] processed 10000 images …
2026-05-18 20:58:00 - __main__ - INFO -   [test] saved 10000 images for all 2 variants
2026-05-18 20:58:00 - __main__ - INFO - 
Starting output model sweep: resnet34
2026-05-18 20:58:00 - __main__ - INFO - 
============================================================
2026-05-18 20:58:00 - __main__ - INFO - Training output model: resnet34 [original]
2026-05-18 20:58:00 - __main__ - INFO -   Resolved config → opt=sgd, lr=0.1, wd=0.0005, bs=128, epochs=100, scheduler=cosine, warmup=5
2026-05-18 20:58:00 - __main__ - INFO - ============================================================
2026-05-18 20:58:00 - __main__ - INFO -   Validation during training uses variant split with val_split=0.1
2026-05-18 20:58:00 - __main__ - INFO -   Final test uses original test split
2026-05-18 20:58:00 - __main__ - INFO -   Retry policy: training output resnet34 [original] with batch_size=128, amp=False
2026-05-18 20:58:00 - __main__ - INFO - device: cuda | cuda: True | gpu: NVIDIA L4
2026-05-18 20:58:01 - __main__ - INFO - Model: resnet34 | Dataset: cifar100 | Classes: 100 | Optimizer: sgd
2026-05-18 20:58:01 - __main__ - INFO - 
Epoch 1/100 | lr 0.000100
2026-05-18 20:58:27 - __main__ - INFO - Train: loss 4.6344 acc1 1.63%
2026-05-18 20:58:27 - __main__ - INFO - Val:   loss 4.5338 acc1 2.35%
2026-05-18 20:58:27 - __main__ - INFO - saved best: 2.35%
2026-05-18 20:58:27 - __main__ - INFO - 
Epoch 2/100 | lr 0.020080
2026-05-18 20:58:53 - __main__ - INFO - Train: loss 3.8744 acc1 10.58%
2026-05-18 20:58:53 - __main__ - INFO - Val:   loss 3.4439 acc1 16.60%
2026-05-18 20:58:53 - __main__ - INFO - saved best: 16.60%
2026-05-18 20:58:53 - __main__ - INFO - 
Epoch 3/100 | lr 0.040060
2026-05-18 20:59:20 - __main__ - INFO - Train: loss 3.2920 acc1 19.81%
2026-05-18 20:59:20 - __main__ - INFO - Val:   loss 3.1692 acc1 22.20%
2026-05-18 20:59:20 - __main__ - INFO - saved best: 22.20%
2026-05-18 20:59:20 - __main__ - INFO - 
Epoch 4/100 | lr 0.060040
2026-05-18 20:59:46 - __main__ - INFO - Train: loss 2.8135 acc1 28.07%
2026-05-18 20:59:46 - __main__ - INFO - Val:   loss 2.8979 acc1 28.34%
2026-05-18 20:59:46 - __main__ - INFO - saved best: 28.34%
2026-05-18 20:59:46 - __main__ - INFO - 
Epoch 5/100 | lr 0.080020
2026-05-18 21:00:12 - __main__ - INFO - Train: loss 2.4410 acc1 35.77%
2026-05-18 21:00:12 - __main__ - INFO - Val:   loss 2.6984 acc1 33.34%
2026-05-18 21:00:12 - __main__ - INFO - saved best: 33.34%
2026-05-18 21:00:12 - __main__ - INFO - 
Epoch 6/100 | lr 0.100000
2026-05-18 21:00:38 - __main__ - INFO - Train: loss 2.1651 acc1 41.69%
2026-05-18 21:00:38 - __main__ - INFO - Val:   loss 2.2238 acc1 40.66%
2026-05-18 21:00:38 - __main__ - INFO - saved best: 40.66%
2026-05-18 21:00:38 - __main__ - INFO - 
Epoch 7/100 | lr 0.099973
2026-05-18 21:01:04 - __main__ - INFO - Train: loss 1.9146 acc1 46.97%
2026-05-18 21:01:04 - __main__ - INFO - Val:   loss 2.2038 acc1 41.07%
2026-05-18 21:01:04 - __main__ - INFO - saved best: 41.07%
2026-05-18 21:01:04 - __main__ - INFO - 
Epoch 8/100 | lr 0.099891
2026-05-18 21:01:30 - __main__ - INFO - Train: loss 1.7498 acc1 50.74%
2026-05-18 21:01:30 - __main__ - INFO - Val:   loss 2.1461 acc1 43.21%
2026-05-18 21:01:30 - __main__ - INFO - saved best: 43.21%
2026-05-18 21:01:30 - __main__ - INFO - 
Epoch 9/100 | lr 0.099754
2026-05-18 21:01:57 - __main__ - INFO - Train: loss 1.6236 acc1 53.99%
2026-05-18 21:01:57 - __main__ - INFO - Val:   loss 2.0171 acc1 46.56%
2026-05-18 21:01:57 - __main__ - INFO - saved best: 46.56%
2026-05-18 21:01:57 - __main__ - INFO - 
Epoch 10/100 | lr 0.099563
2026-05-18 21:02:23 - __main__ - INFO - Train: loss 1.5303 acc1 56.21%
2026-05-18 21:02:23 - __main__ - INFO - Val:   loss 2.0477 acc1 46.12%
2026-05-18 21:02:23 - __main__ - INFO - 
Epoch 11/100 | lr 0.099318
2026-05-18 21:02:49 - __main__ - INFO - Train: loss 1.4615 acc1 57.91%
2026-05-18 21:02:49 - __main__ - INFO - Val:   loss 2.1193 acc1 46.11%
2026-05-18 21:02:49 - __main__ - INFO - 
Epoch 12/100 | lr 0.099019
2026-05-18 21:03:15 - __main__ - INFO - Train: loss 1.3941 acc1 60.20%
2026-05-18 21:03:15 - __main__ - INFO - Val:   loss 1.8473 acc1 51.13%
2026-05-18 21:03:15 - __main__ - INFO - saved best: 51.13%
2026-05-18 21:03:15 - __main__ - INFO - 
Epoch 13/100 | lr 0.098666
2026-05-18 21:03:41 - __main__ - INFO - Train: loss 1.3538 acc1 60.88%
2026-05-18 21:03:41 - __main__ - INFO - Val:   loss 2.1780 acc1 46.14%
2026-05-18 21:03:41 - __main__ - INFO - 
Epoch 14/100 | lr 0.098261
2026-05-18 21:04:07 - __main__ - INFO - Train: loss 1.3084 acc1 62.27%
2026-05-18 21:04:07 - __main__ - INFO - Val:   loss 1.9594 acc1 48.99%
2026-05-18 21:04:07 - __main__ - INFO - 
Epoch 15/100 | lr 0.097802
2026-05-18 21:04:33 - __main__ - INFO - Train: loss 1.2749 acc1 62.78%
2026-05-18 21:04:33 - __main__ - INFO - Val:   loss 1.9047 acc1 51.13%
2026-05-18 21:04:33 - __main__ - INFO - 
Epoch 16/100 | lr 0.097291
2026-05-18 21:05:00 - __main__ - INFO - Train: loss 1.2307 acc1 64.00%
2026-05-18 21:05:00 - __main__ - INFO - Val:   loss 1.7165 acc1 54.06%
2026-05-18 21:05:00 - __main__ - INFO - saved best: 54.06%
2026-05-18 21:05:00 - __main__ - INFO - 
Epoch 17/100 | lr 0.096729
2026-05-18 21:05:26 - __main__ - INFO - Train: loss 1.1991 acc1 64.98%
2026-05-18 21:05:26 - __main__ - INFO - Val:   loss 1.6954 acc1 55.34%
2026-05-18 21:05:26 - __main__ - INFO - saved best: 55.34%
2026-05-18 21:05:26 - __main__ - INFO - 
Epoch 18/100 | lr 0.096115
2026-05-18 21:05:52 - __main__ - INFO - Train: loss 1.1755 acc1 65.54%
2026-05-18 21:05:52 - __main__ - INFO - Val:   loss 1.8591 acc1 52.81%
2026-05-18 21:05:52 - __main__ - INFO - 
Epoch 19/100 | lr 0.095451
2026-05-18 21:06:18 - __main__ - INFO - Train: loss 1.1475 acc1 66.33%
2026-05-18 21:06:18 - __main__ - INFO - Val:   loss 1.7230 acc1 54.69%
2026-05-18 21:06:18 - __main__ - INFO - 
Epoch 20/100 | lr 0.094737
2026-05-18 21:06:44 - __main__ - INFO - Train: loss 1.1123 acc1 67.26%
2026-05-18 21:06:44 - __main__ - INFO - Val:   loss 1.7752 acc1 54.53%
2026-05-18 21:06:44 - __main__ - INFO - 
Epoch 21/100 | lr 0.093974
2026-05-18 21:07:10 - __main__ - INFO - Train: loss 1.0983 acc1 67.87%
2026-05-18 21:07:10 - __main__ - INFO - Val:   loss 1.6652 acc1 56.46%
2026-05-18 21:07:10 - __main__ - INFO - saved best: 56.46%
2026-05-18 21:07:10 - __main__ - INFO - 
Epoch 22/100 | lr 0.093164
2026-05-18 21:07:37 - __main__ - INFO - Train: loss 1.0591 acc1 68.76%
2026-05-18 21:07:37 - __main__ - INFO - Val:   loss 1.6797 acc1 56.60%
2026-05-18 21:07:37 - __main__ - INFO - saved best: 56.60%
2026-05-18 21:07:37 - __main__ - INFO - 
Epoch 23/100 | lr 0.092306
2026-05-18 21:08:03 - __main__ - INFO - Train: loss 1.0559 acc1 68.65%
2026-05-18 21:08:03 - __main__ - INFO - Val:   loss 1.7393 acc1 54.59%
2026-05-18 21:08:03 - __main__ - INFO - 
Epoch 24/100 | lr 0.091401
2026-05-18 21:08:29 - __main__ - INFO - Train: loss 1.0331 acc1 69.20%
2026-05-18 21:08:29 - __main__ - INFO - Val:   loss 1.6410 acc1 57.61%
2026-05-18 21:08:29 - __main__ - INFO - saved best: 57.61%
2026-05-18 21:08:29 - __main__ - INFO - 
Epoch 25/100 | lr 0.090452
2026-05-18 21:08:55 - __main__ - INFO - Train: loss 1.0078 acc1 70.13%
2026-05-18 21:08:55 - __main__ - INFO - Val:   loss 1.6534 acc1 57.08%
2026-05-18 21:08:55 - __main__ - INFO - 
Epoch 26/100 | lr 0.089458
2026-05-18 21:09:21 - __main__ - INFO - Train: loss 0.9862 acc1 70.61%
2026-05-18 21:09:21 - __main__ - INFO - Val:   loss 1.7254 acc1 55.57%
2026-05-18 21:09:21 - __main__ - INFO - 
Epoch 27/100 | lr 0.088421
2026-05-18 21:09:47 - __main__ - INFO - Train: loss 0.9716 acc1 71.20%
2026-05-18 21:09:47 - __main__ - INFO - Val:   loss 1.6152 acc1 58.16%
2026-05-18 21:09:47 - __main__ - INFO - saved best: 58.16%
2026-05-18 21:09:47 - __main__ - INFO - 
Epoch 28/100 | lr 0.087342
2026-05-18 21:10:13 - __main__ - INFO - Train: loss 0.9484 acc1 71.72%
2026-05-18 21:10:13 - __main__ - INFO - Val:   loss 1.6769 acc1 57.04%
2026-05-18 21:10:13 - __main__ - INFO - 
Epoch 29/100 | lr 0.086223
2026-05-18 21:10:40 - __main__ - INFO - Train: loss 0.9231 acc1 72.35%
2026-05-18 21:10:40 - __main__ - INFO - Val:   loss 1.6107 acc1 58.15%
2026-05-18 21:10:40 - __main__ - INFO - 
Epoch 30/100 | lr 0.085063
2026-05-18 21:11:06 - __main__ - INFO - Train: loss 0.9179 acc1 72.60%
2026-05-18 21:11:06 - __main__ - INFO - Val:   loss 1.8411 acc1 52.63%
2026-05-18 21:11:06 - __main__ - INFO - 
Epoch 31/100 | lr 0.083866
2026-05-18 21:11:32 - __main__ - INFO - Train: loss 0.8980 acc1 73.32%
2026-05-18 21:11:32 - __main__ - INFO - Val:   loss 1.9393 acc1 51.85%
2026-05-18 21:11:32 - __main__ - INFO - 
Epoch 32/100 | lr 0.082631
2026-05-18 21:11:58 - __main__ - INFO - Train: loss 0.8835 acc1 73.57%
2026-05-18 21:11:58 - __main__ - INFO - Val:   loss 1.7161 acc1 56.13%
2026-05-18 21:11:58 - __main__ - INFO - 
Epoch 33/100 | lr 0.081361
2026-05-18 21:12:24 - __main__ - INFO - Train: loss 0.8664 acc1 74.10%
2026-05-18 21:12:24 - __main__ - INFO - Val:   loss 1.6799 acc1 56.76%
2026-05-18 21:12:24 - __main__ - INFO - 
Epoch 34/100 | lr 0.080056
2026-05-18 21:12:50 - __main__ - INFO - Train: loss 0.8390 acc1 74.64%
2026-05-18 21:12:50 - __main__ - INFO - Val:   loss 1.7211 acc1 55.32%
2026-05-18 21:12:50 - __main__ - INFO - 
Epoch 35/100 | lr 0.078719
2026-05-18 21:13:16 - __main__ - INFO - Train: loss 0.8190 acc1 75.37%
2026-05-18 21:13:16 - __main__ - INFO - Val:   loss 1.5107 acc1 62.31%
2026-05-18 21:13:16 - __main__ - INFO - saved best: 62.31%
2026-05-18 21:13:16 - __main__ - INFO - 
Epoch 36/100 | lr 0.077350
2026-05-18 21:13:42 - __main__ - INFO - Train: loss 0.8115 acc1 75.33%
2026-05-18 21:13:42 - __main__ - INFO - Val:   loss 1.5464 acc1 60.87%
2026-05-18 21:13:42 - __main__ - INFO - 
Epoch 37/100 | lr 0.075951
2026-05-18 21:14:08 - __main__ - INFO - Train: loss 0.7875 acc1 75.86%
2026-05-18 21:14:08 - __main__ - INFO - Val:   loss 1.6015 acc1 59.56%
2026-05-18 21:14:08 - __main__ - INFO - 
Epoch 38/100 | lr 0.074524
2026-05-18 21:14:35 - __main__ - INFO - Train: loss 0.7767 acc1 76.47%
2026-05-18 21:14:35 - __main__ - INFO - Val:   loss 1.5620 acc1 61.44%
2026-05-18 21:14:35 - __main__ - INFO - 
Epoch 39/100 | lr 0.073070
2026-05-18 21:15:01 - __main__ - INFO - Train: loss 0.7550 acc1 77.07%
2026-05-18 21:15:01 - __main__ - INFO - Val:   loss 1.5511 acc1 61.50%
2026-05-18 21:15:01 - __main__ - INFO - 
Epoch 40/100 | lr 0.071591
2026-05-18 21:15:27 - __main__ - INFO - Train: loss 0.7376 acc1 77.33%
2026-05-18 21:15:27 - __main__ - INFO - Val:   loss 1.4480 acc1 62.75%
2026-05-18 21:15:27 - __main__ - INFO - saved best: 62.75%
2026-05-18 21:15:27 - __main__ - INFO - 
Epoch 41/100 | lr 0.070088
2026-05-18 21:15:53 - __main__ - INFO - Train: loss 0.7118 acc1 78.17%
2026-05-18 21:15:53 - __main__ - INFO - Val:   loss 1.5365 acc1 61.05%
2026-05-18 21:15:53 - __main__ - INFO - 
Epoch 42/100 | lr 0.068563
2026-05-18 21:16:19 - __main__ - INFO - Train: loss 0.7034 acc1 78.38%
2026-05-18 21:16:19 - __main__ - INFO - Val:   loss 1.4526 acc1 62.30%
2026-05-18 21:16:19 - __main__ - INFO - 
Epoch 43/100 | lr 0.067018
2026-05-18 21:16:45 - __main__ - INFO - Train: loss 0.6818 acc1 78.95%
2026-05-18 21:16:45 - __main__ - INFO - Val:   loss 1.5731 acc1 59.93%
2026-05-18 21:16:45 - __main__ - INFO - 
Epoch 44/100 | lr 0.065454
2026-05-18 21:17:11 - __main__ - INFO - Train: loss 0.6655 acc1 79.71%
2026-05-18 21:17:11 - __main__ - INFO - Val:   loss 1.6737 acc1 58.35%
2026-05-18 21:17:11 - __main__ - INFO - 
Epoch 45/100 | lr 0.063874
2026-05-18 21:17:38 - __main__ - INFO - Train: loss 0.6432 acc1 80.03%
2026-05-18 21:17:38 - __main__ - INFO - Val:   loss 1.4732 acc1 63.33%
2026-05-18 21:17:38 - __main__ - INFO - saved best: 63.33%
2026-05-18 21:17:38 - __main__ - INFO - 
Epoch 46/100 | lr 0.062278
2026-05-18 21:18:04 - __main__ - INFO - Train: loss 0.6211 acc1 80.96%
2026-05-18 21:18:04 - __main__ - INFO - Val:   loss 1.5585 acc1 60.82%
2026-05-18 21:18:04 - __main__ - INFO - 
Epoch 47/100 | lr 0.060669
2026-05-18 21:18:30 - __main__ - INFO - Train: loss 0.6102 acc1 81.15%
2026-05-18 21:18:30 - __main__ - INFO - Val:   loss 1.5762 acc1 60.85%
2026-05-18 21:18:30 - __main__ - INFO - 
Epoch 48/100 | lr 0.059048
2026-05-18 21:18:56 - __main__ - INFO - Train: loss 0.5883 acc1 81.72%
2026-05-18 21:18:56 - __main__ - INFO - Val:   loss 1.5135 acc1 61.79%
2026-05-18 21:18:56 - __main__ - INFO - 
Epoch 49/100 | lr 0.057417
2026-05-18 21:19:22 - __main__ - INFO - Train: loss 0.5688 acc1 82.32%
2026-05-18 21:19:22 - __main__ - INFO - Val:   loss 1.5936 acc1 60.24%
2026-05-18 21:19:22 - __main__ - INFO - 
Epoch 50/100 | lr 0.055779
2026-05-18 21:19:48 - __main__ - INFO - Train: loss 0.5409 acc1 83.24%
2026-05-18 21:19:48 - __main__ - INFO - Val:   loss 1.5313 acc1 63.31%
2026-05-18 21:19:48 - __main__ - INFO - 
Epoch 51/100 | lr 0.054134
2026-05-18 21:20:14 - __main__ - INFO - Train: loss 0.5194 acc1 83.74%
2026-05-18 21:20:14 - __main__ - INFO - Val:   loss 1.6006 acc1 61.37%
2026-05-18 21:20:14 - __main__ - INFO - 
Epoch 52/100 | lr 0.052484
2026-05-18 21:20:40 - __main__ - INFO - Train: loss 0.5084 acc1 84.04%
2026-05-18 21:20:40 - __main__ - INFO - Val:   loss 1.4767 acc1 64.12%
2026-05-18 21:20:40 - __main__ - INFO - saved best: 64.12%
2026-05-18 21:20:40 - __main__ - INFO - 
Epoch 53/100 | lr 0.050832
2026-05-18 21:21:06 - __main__ - INFO - Train: loss 0.4755 acc1 85.18%
2026-05-18 21:21:06 - __main__ - INFO - Val:   loss 1.6299 acc1 61.99%
2026-05-18 21:21:06 - __main__ - INFO - 
Epoch 54/100 | lr 0.049178
2026-05-18 21:21:32 - __main__ - INFO - Train: loss 0.4774 acc1 85.14%
2026-05-18 21:21:32 - __main__ - INFO - Val:   loss 1.4614 acc1 64.86%
2026-05-18 21:21:32 - __main__ - INFO - saved best: 64.86%
2026-05-18 21:21:32 - __main__ - INFO - 
Epoch 55/100 | lr 0.047526
2026-05-18 21:21:59 - __main__ - INFO - Train: loss 0.4273 acc1 86.56%
2026-05-18 21:21:59 - __main__ - INFO - Val:   loss 1.5532 acc1 63.30%
2026-05-18 21:21:59 - __main__ - INFO - 
Epoch 56/100 | lr 0.045876
2026-05-18 21:22:25 - __main__ - INFO - Train: loss 0.4241 acc1 86.62%
2026-05-18 21:22:25 - __main__ - INFO - Val:   loss 1.4544 acc1 64.67%
2026-05-18 21:22:25 - __main__ - INFO - 
Epoch 57/100 | lr 0.044231
2026-05-18 21:22:51 - __main__ - INFO - Train: loss 0.3963 acc1 87.58%
2026-05-18 21:22:51 - __main__ - INFO - Val:   loss 1.4741 acc1 65.31%
2026-05-18 21:22:51 - __main__ - INFO - saved best: 65.31%
2026-05-18 21:22:51 - __main__ - INFO - 
Epoch 58/100 | lr 0.042593
2026-05-18 21:23:17 - __main__ - INFO - Train: loss 0.3643 acc1 88.48%
2026-05-18 21:23:17 - __main__ - INFO - Val:   loss 1.3869 acc1 66.16%
2026-05-18 21:23:17 - __main__ - INFO - saved best: 66.16%
2026-05-18 21:23:17 - __main__ - INFO - 
Epoch 59/100 | lr 0.040962
2026-05-18 21:23:43 - __main__ - INFO - Train: loss 0.3460 acc1 89.27%
2026-05-18 21:23:43 - __main__ - INFO - Val:   loss 1.5181 acc1 64.11%
2026-05-18 21:23:43 - __main__ - INFO - 
Epoch 60/100 | lr 0.039341
2026-05-18 21:24:09 - __main__ - INFO - Train: loss 0.3304 acc1 89.54%
2026-05-18 21:24:09 - __main__ - INFO - Val:   loss 1.3995 acc1 66.50%
2026-05-18 21:24:09 - __main__ - INFO - saved best: 66.50%
2026-05-18 21:24:09 - __main__ - INFO - 
Epoch 61/100 | lr 0.037732
2026-05-18 21:24:35 - __main__ - INFO - Train: loss 0.3118 acc1 90.25%
2026-05-18 21:24:35 - __main__ - INFO - Val:   loss 1.4815 acc1 64.68%
2026-05-18 21:24:35 - __main__ - INFO - 
Epoch 62/100 | lr 0.036136
2026-05-18 21:25:01 - __main__ - INFO - Train: loss 0.2839 acc1 91.04%
2026-05-18 21:25:01 - __main__ - INFO - Val:   loss 1.4240 acc1 65.86%
2026-05-18 21:25:01 - __main__ - INFO - 
Epoch 63/100 | lr 0.034556
2026-05-18 21:25:28 - __main__ - INFO - Train: loss 0.2653 acc1 91.77%
2026-05-18 21:25:28 - __main__ - INFO - Val:   loss 1.5593 acc1 64.79%
2026-05-18 21:25:28 - __main__ - INFO - 
Epoch 64/100 | lr 0.032992
2026-05-18 21:25:54 - __main__ - INFO - Train: loss 0.2430 acc1 92.51%
2026-05-18 21:25:54 - __main__ - INFO - Val:   loss 1.3835 acc1 67.66%
2026-05-18 21:25:54 - __main__ - INFO - saved best: 67.66%
2026-05-18 21:25:54 - __main__ - INFO - 
Epoch 65/100 | lr 0.031447
2026-05-18 21:26:20 - __main__ - INFO - Train: loss 0.2196 acc1 93.28%
2026-05-18 21:26:20 - __main__ - INFO - Val:   loss 1.3933 acc1 67.89%
2026-05-18 21:26:20 - __main__ - INFO - saved best: 67.89%
2026-05-18 21:26:20 - __main__ - INFO - 
Epoch 66/100 | lr 0.029922
2026-05-18 21:26:46 - __main__ - INFO - Train: loss 0.2058 acc1 93.62%
2026-05-18 21:26:46 - __main__ - INFO - Val:   loss 1.3790 acc1 67.89%
2026-05-18 21:26:46 - __main__ - INFO - saved best: 67.89%
2026-05-18 21:26:46 - __main__ - INFO - 
Epoch 67/100 | lr 0.028419
2026-05-18 21:27:12 - __main__ - INFO - Train: loss 0.1800 acc1 94.51%
2026-05-18 21:27:12 - __main__ - INFO - Val:   loss 1.4002 acc1 67.39%
2026-05-18 21:27:12 - __main__ - INFO - 
Epoch 68/100 | lr 0.026940
2026-05-18 21:27:38 - __main__ - INFO - Train: loss 0.1584 acc1 95.23%
2026-05-18 21:27:38 - __main__ - INFO - Val:   loss 1.3878 acc1 67.59%
2026-05-18 21:27:38 - __main__ - INFO - 
Epoch 69/100 | lr 0.025486
2026-05-18 21:28:04 - __main__ - INFO - Train: loss 0.1471 acc1 95.59%
2026-05-18 21:28:04 - __main__ - INFO - Val:   loss 1.3317 acc1 69.78%
2026-05-18 21:28:04 - __main__ - INFO - saved best: 69.78%
2026-05-18 21:28:04 - __main__ - INFO - 
Epoch 70/100 | lr 0.024059
2026-05-18 21:28:30 - __main__ - INFO - Train: loss 0.1299 acc1 96.25%
2026-05-18 21:28:30 - __main__ - INFO - Val:   loss 1.2977 acc1 70.45%
2026-05-18 21:28:30 - __main__ - INFO - saved best: 70.45%
2026-05-18 21:28:30 - __main__ - INFO - 
Epoch 71/100 | lr 0.022660
2026-05-18 21:28:56 - __main__ - INFO - Train: loss 0.1066 acc1 97.00%
2026-05-18 21:28:56 - __main__ - INFO - Val:   loss 1.2385 acc1 71.32%
2026-05-18 21:28:56 - __main__ - INFO - saved best: 71.32%
2026-05-18 21:28:56 - __main__ - INFO - 
Epoch 72/100 | lr 0.021291
2026-05-18 21:29:23 - __main__ - INFO - Train: loss 0.0823 acc1 97.84%
2026-05-18 21:29:23 - __main__ - INFO - Val:   loss 1.2116 acc1 72.47%
2026-05-18 21:29:23 - __main__ - INFO - saved best: 72.47%
2026-05-18 21:29:23 - __main__ - INFO - 
Epoch 73/100 | lr 0.019954
2026-05-18 21:29:49 - __main__ - INFO - Train: loss 0.0628 acc1 98.45%
2026-05-18 21:29:49 - __main__ - INFO - Val:   loss 1.1757 acc1 72.73%
2026-05-18 21:29:49 - __main__ - INFO - saved best: 72.73%
2026-05-18 21:29:49 - __main__ - INFO - 
Epoch 74/100 | lr 0.018649
2026-05-18 21:30:15 - __main__ - INFO - Train: loss 0.0548 acc1 98.65%
2026-05-18 21:30:15 - __main__ - INFO - Val:   loss 1.1735 acc1 73.13%
2026-05-18 21:30:15 - __main__ - INFO - saved best: 73.13%
2026-05-18 21:30:15 - __main__ - INFO - 
Epoch 75/100 | lr 0.017379
2026-05-18 21:30:41 - __main__ - INFO - Train: loss 0.0457 acc1 98.93%
2026-05-18 21:30:41 - __main__ - INFO - Val:   loss 1.1216 acc1 73.95%
2026-05-18 21:30:41 - __main__ - INFO - saved best: 73.95%
2026-05-18 21:30:41 - __main__ - INFO - 
Epoch 76/100 | lr 0.016144
2026-05-18 21:31:07 - __main__ - INFO - Train: loss 0.0371 acc1 99.26%
2026-05-18 21:31:07 - __main__ - INFO - Val:   loss 1.1143 acc1 74.31%
2026-05-18 21:31:07 - __main__ - INFO - saved best: 74.31%
2026-05-18 21:31:07 - __main__ - INFO - 
Epoch 77/100 | lr 0.014947
2026-05-18 21:31:33 - __main__ - INFO - Train: loss 0.0275 acc1 99.49%
2026-05-18 21:31:33 - __main__ - INFO - Val:   loss 1.0631 acc1 75.31%
2026-05-18 21:31:33 - __main__ - INFO - saved best: 75.31%
2026-05-18 21:31:33 - __main__ - INFO - 
Epoch 78/100 | lr 0.013787
2026-05-18 21:31:59 - __main__ - INFO - Train: loss 0.0208 acc1 99.66%
2026-05-18 21:31:59 - __main__ - INFO - Val:   loss 1.0480 acc1 75.03%
2026-05-18 21:31:59 - __main__ - INFO - 
Epoch 79/100 | lr 0.012668
2026-05-18 21:32:25 - __main__ - INFO - Train: loss 0.0166 acc1 99.80%
2026-05-18 21:32:25 - __main__ - INFO - Val:   loss 1.0134 acc1 75.93%
2026-05-18 21:32:25 - __main__ - INFO - saved best: 75.93%
2026-05-18 21:32:25 - __main__ - INFO - 
Epoch 80/100 | lr 0.011589
2026-05-18 21:32:51 - __main__ - INFO - Train: loss 0.0138 acc1 99.83%
2026-05-18 21:32:51 - __main__ - INFO - Val:   loss 0.9891 acc1 76.40%
2026-05-18 21:32:51 - __main__ - INFO - saved best: 76.40%
2026-05-18 21:32:51 - __main__ - INFO - 
Epoch 81/100 | lr 0.010552
2026-05-18 21:33:17 - __main__ - INFO - Train: loss 0.0117 acc1 99.89%
2026-05-18 21:33:17 - __main__ - INFO - Val:   loss 0.9819 acc1 76.77%
2026-05-18 21:33:17 - __main__ - INFO - saved best: 76.77%
2026-05-18 21:33:17 - __main__ - INFO - 
Epoch 82/100 | lr 0.009558
2026-05-18 21:33:43 - __main__ - INFO - Train: loss 0.0109 acc1 99.89%
2026-05-18 21:33:43 - __main__ - INFO - Val:   loss 0.9803 acc1 76.61%
2026-05-18 21:33:43 - __main__ - INFO - 
Epoch 83/100 | lr 0.008609
2026-05-18 21:34:09 - __main__ - INFO - Train: loss 0.0096 acc1 99.93%
2026-05-18 21:34:09 - __main__ - INFO - Val:   loss 0.9671 acc1 76.80%
2026-05-18 21:34:09 - __main__ - INFO - saved best: 76.80%
2026-05-18 21:34:09 - __main__ - INFO - 
Epoch 84/100 | lr 0.007704
2026-05-18 21:34:36 - __main__ - INFO - Train: loss 0.0087 acc1 99.95%
2026-05-18 21:34:36 - __main__ - INFO - Val:   loss 0.9567 acc1 77.24%
2026-05-18 21:34:36 - __main__ - INFO - saved best: 77.24%
2026-05-18 21:34:36 - __main__ - INFO - 
Epoch 85/100 | lr 0.006846
2026-05-18 21:35:02 - __main__ - INFO - Train: loss 0.0082 acc1 99.95%
2026-05-18 21:35:02 - __main__ - INFO - Val:   loss 0.9497 acc1 77.41%
2026-05-18 21:35:02 - __main__ - INFO - saved best: 77.41%
2026-05-18 21:35:02 - __main__ - INFO - 
Epoch 86/100 | lr 0.006036
2026-05-18 21:35:28 - __main__ - INFO - Train: loss 0.0081 acc1 99.95%
2026-05-18 21:35:28 - __main__ - INFO - Val:   loss 0.9551 acc1 77.24%
2026-05-18 21:35:28 - __main__ - INFO - 
Epoch 87/100 | lr 0.005273
2026-05-18 21:35:54 - __main__ - INFO - Train: loss 0.0079 acc1 99.96%
2026-05-18 21:35:54 - __main__ - INFO - Val:   loss 0.9550 acc1 76.84%
2026-05-18 21:35:54 - __main__ - INFO - 
Epoch 88/100 | lr 0.004559
2026-05-18 21:36:20 - __main__ - INFO - Train: loss 0.0079 acc1 99.96%
2026-05-18 21:36:20 - __main__ - INFO - Val:   loss 0.9490 acc1 77.16%
2026-05-18 21:36:20 - __main__ - INFO - 
Epoch 89/100 | lr 0.003895
2026-05-18 21:36:46 - __main__ - INFO - Train: loss 0.0077 acc1 99.96%
2026-05-18 21:36:46 - __main__ - INFO - Val:   loss 0.9454 acc1 77.26%
2026-05-18 21:36:46 - __main__ - INFO - 
Epoch 90/100 | lr 0.003281
2026-05-18 21:37:12 - __main__ - INFO - Train: loss 0.0072 acc1 99.97%
2026-05-18 21:37:12 - __main__ - INFO - Val:   loss 0.9445 acc1 77.32%
2026-05-18 21:37:12 - __main__ - INFO - 
Epoch 91/100 | lr 0.002719
2026-05-18 21:37:38 - __main__ - INFO - Train: loss 0.0071 acc1 99.95%
2026-05-18 21:37:38 - __main__ - INFO - Val:   loss 0.9364 acc1 77.28%
2026-05-18 21:37:38 - __main__ - INFO - 
Epoch 92/100 | lr 0.002208
2026-05-18 21:38:04 - __main__ - INFO - Train: loss 0.0072 acc1 99.98%
2026-05-18 21:38:04 - __main__ - INFO - Val:   loss 0.9407 acc1 77.58%
2026-05-18 21:38:04 - __main__ - INFO - saved best: 77.58%
2026-05-18 21:38:04 - __main__ - INFO - 
Epoch 93/100 | lr 0.001749
2026-05-18 21:38:30 - __main__ - INFO - Train: loss 0.0070 acc1 99.96%
2026-05-18 21:38:30 - __main__ - INFO - Val:   loss 0.9369 acc1 77.50%
2026-05-18 21:38:30 - __main__ - INFO - 
Epoch 94/100 | lr 0.001344
2026-05-18 21:38:56 - __main__ - INFO - Train: loss 0.0070 acc1 99.97%
2026-05-18 21:38:56 - __main__ - INFO - Val:   loss 0.9399 acc1 77.34%
2026-05-18 21:38:56 - __main__ - INFO - 
Epoch 95/100 | lr 0.000991
2026-05-18 21:39:23 - __main__ - INFO - Train: loss 0.0069 acc1 99.97%
2026-05-18 21:39:23 - __main__ - INFO - Val:   loss 0.9373 acc1 77.34%
2026-05-18 21:39:23 - __main__ - INFO - 
Epoch 96/100 | lr 0.000692
2026-05-18 21:39:49 - __main__ - INFO - Train: loss 0.0070 acc1 99.98%
2026-05-18 21:39:49 - __main__ - INFO - Val:   loss 0.9384 acc1 77.52%
2026-05-18 21:39:49 - __main__ - INFO - 
Epoch 97/100 | lr 0.000447
2026-05-18 21:40:15 - __main__ - INFO - Train: loss 0.0071 acc1 99.96%
2026-05-18 21:40:15 - __main__ - INFO - Val:   loss 0.9363 acc1 77.60%
2026-05-18 21:40:15 - __main__ - INFO - saved best: 77.60%
2026-05-18 21:40:15 - __main__ - INFO - 
Epoch 98/100 | lr 0.000256
2026-05-18 21:40:41 - __main__ - INFO - Train: loss 0.0069 acc1 99.97%
2026-05-18 21:40:41 - __main__ - INFO - Val:   loss 0.9397 acc1 77.50%
2026-05-18 21:40:41 - __main__ - INFO - 
Epoch 99/100 | lr 0.000119
2026-05-18 21:41:07 - __main__ - INFO - Train: loss 0.0068 acc1 99.97%
2026-05-18 21:41:07 - __main__ - INFO - Val:   loss 0.9388 acc1 77.32%
2026-05-18 21:41:07 - __main__ - INFO - 
Epoch 100/100 | lr 0.000037
2026-05-18 21:41:33 - __main__ - INFO - Train: loss 0.0072 acc1 99.96%
2026-05-18 21:41:33 - __main__ - INFO - Val:   loss 0.9368 acc1 77.30%
2026-05-18 21:41:33 - __main__ - INFO - Loaded best checkpoint weights for final test evaluation.
2026-05-18 21:41:35 - __main__ - INFO - 
Best tracked (val): 77.60%
2026-05-18 21:41:35 - __main__ - INFO - Final test: loss 0.9515 acc1 76.54%
2026-05-18 21:41:35 - __main__ - INFO -   Final training settings for output resnet34 [original]: batch_size=128, amp=False
2026-05-18 21:41:39 - __main__ - INFO - Variant [original] done — test acc 76.54%, test loss 0.9515
2026-05-18 21:41:39 - __main__ - INFO - 
============================================================
2026-05-18 21:41:39 - __main__ - INFO - Training output model: resnet34 [low_saliency]
2026-05-18 21:41:39 - __main__ - INFO -   Resolved config → opt=sgd, lr=0.1, wd=0.0005, bs=128, epochs=100, scheduler=cosine, warmup=5
2026-05-18 21:41:39 - __main__ - INFO - ============================================================
2026-05-18 21:41:39 - __main__ - INFO -   Validation during training uses variant split with val_split=0.1
2026-05-18 21:41:39 - __main__ - INFO -   Final test uses low_saliency variant test split
2026-05-18 21:41:39 - __main__ - INFO -   Retry policy: training output resnet34 [low_saliency] with batch_size=128, amp=False
2026-05-18 21:41:39 - __main__ - INFO - device: cuda | cuda: True | gpu: NVIDIA L4
2026-05-18 21:41:40 - __main__ - INFO - Model: resnet34 | Dataset: cifar100 | Classes: 100 | Optimizer: sgd
2026-05-18 21:41:40 - __main__ - INFO - 
Epoch 1/100 | lr 0.000100
2026-05-18 21:42:06 - __main__ - INFO - Train: loss 4.6351 acc1 1.56%
2026-05-18 21:42:06 - __main__ - INFO - Val:   loss 4.5318 acc1 2.30%
2026-05-18 21:42:06 - __main__ - INFO - saved best: 2.30%
2026-05-18 21:42:06 - __main__ - INFO - 
Epoch 2/100 | lr 0.020080
2026-05-18 21:42:32 - __main__ - INFO - Train: loss 3.9478 acc1 9.43%
2026-05-18 21:42:32 - __main__ - INFO - Val:   loss 3.5928 acc1 14.38%
2026-05-18 21:42:32 - __main__ - INFO - saved best: 14.38%
2026-05-18 21:42:32 - __main__ - INFO - 
Epoch 3/100 | lr 0.040060
2026-05-18 21:42:58 - __main__ - INFO - Train: loss 3.3370 acc1 18.62%
2026-05-18 21:42:58 - __main__ - INFO - Val:   loss 3.1672 acc1 21.45%
2026-05-18 21:42:58 - __main__ - INFO - saved best: 21.45%
2026-05-18 21:42:58 - __main__ - INFO - 
Epoch 4/100 | lr 0.060040
2026-05-18 21:43:25 - __main__ - INFO - Train: loss 2.8720 acc1 27.34%
2026-05-18 21:43:25 - __main__ - INFO - Val:   loss 2.9726 acc1 27.45%
2026-05-18 21:43:25 - __main__ - INFO - saved best: 27.45%
2026-05-18 21:43:25 - __main__ - INFO - 
Epoch 5/100 | lr 0.080020
2026-05-18 21:43:51 - __main__ - INFO - Train: loss 2.4522 acc1 35.55%
2026-05-18 21:43:51 - __main__ - INFO - Val:   loss 2.5785 acc1 34.43%
2026-05-18 21:43:51 - __main__ - INFO - saved best: 34.43%
2026-05-18 21:43:51 - __main__ - INFO - 
Epoch 6/100 | lr 0.100000
2026-05-18 21:44:17 - __main__ - INFO - Train: loss 2.1322 acc1 42.25%
2026-05-18 21:44:17 - __main__ - INFO - Val:   loss 2.2254 acc1 41.02%
2026-05-18 21:44:17 - __main__ - INFO - saved best: 41.02%
2026-05-18 21:44:17 - __main__ - INFO - 
Epoch 7/100 | lr 0.099973
2026-05-18 21:44:43 - __main__ - INFO - Train: loss 1.8561 acc1 48.77%
2026-05-18 21:44:43 - __main__ - INFO - Val:   loss 2.2675 acc1 40.80%
2026-05-18 21:44:43 - __main__ - INFO - 
Epoch 8/100 | lr 0.099891
2026-05-18 21:45:09 - __main__ - INFO - Train: loss 1.6792 acc1 52.87%
2026-05-18 21:45:09 - __main__ - INFO - Val:   loss 1.9883 acc1 47.55%
2026-05-18 21:45:09 - __main__ - INFO - saved best: 47.55%
2026-05-18 21:45:09 - __main__ - INFO - 
Epoch 9/100 | lr 0.099754
2026-05-18 21:45:35 - __main__ - INFO - Train: loss 1.5405 acc1 56.26%
2026-05-18 21:45:35 - __main__ - INFO - Val:   loss 1.9654 acc1 47.46%
2026-05-18 21:45:35 - __main__ - INFO - 
Epoch 10/100 | lr 0.099563
2026-05-18 21:46:02 - __main__ - INFO - Train: loss 1.4554 acc1 58.15%
2026-05-18 21:46:02 - __main__ - INFO - Val:   loss 1.8674 acc1 50.29%
2026-05-18 21:46:02 - __main__ - INFO - saved best: 50.29%
2026-05-18 21:46:02 - __main__ - INFO - 
Epoch 11/100 | lr 0.099318
2026-05-18 21:46:28 - __main__ - INFO - Train: loss 1.3749 acc1 60.37%
2026-05-18 21:46:28 - __main__ - INFO - Val:   loss 1.7967 acc1 51.38%
2026-05-18 21:46:28 - __main__ - INFO - saved best: 51.38%
2026-05-18 21:46:28 - __main__ - INFO - 
Epoch 12/100 | lr 0.099019
2026-05-18 21:46:54 - __main__ - INFO - Train: loss 1.3053 acc1 62.25%
2026-05-18 21:46:54 - __main__ - INFO - Val:   loss 1.6216 acc1 55.78%
2026-05-18 21:46:54 - __main__ - INFO - saved best: 55.78%
2026-05-18 21:46:54 - __main__ - INFO - 
Epoch 13/100 | lr 0.098666
2026-05-18 21:47:20 - __main__ - INFO - Train: loss 1.2636 acc1 63.07%
2026-05-18 21:47:20 - __main__ - INFO - Val:   loss 1.8215 acc1 50.66%
2026-05-18 21:47:20 - __main__ - INFO - 
Epoch 14/100 | lr 0.098261
2026-05-18 21:47:46 - __main__ - INFO - Train: loss 1.2225 acc1 64.47%
2026-05-18 21:47:46 - __main__ - INFO - Val:   loss 1.7050 acc1 54.62%
2026-05-18 21:47:46 - __main__ - INFO - 
Epoch 15/100 | lr 0.097802
2026-05-18 21:48:12 - __main__ - INFO - Train: loss 1.1784 acc1 65.70%
2026-05-18 21:48:12 - __main__ - INFO - Val:   loss 1.7165 acc1 53.41%
2026-05-18 21:48:12 - __main__ - INFO - 
Epoch 16/100 | lr 0.097291
2026-05-18 21:48:39 - __main__ - INFO - Train: loss 1.1504 acc1 66.40%
2026-05-18 21:48:39 - __main__ - INFO - Val:   loss 1.5943 acc1 56.68%
2026-05-18 21:48:39 - __main__ - INFO - saved best: 56.68%
2026-05-18 21:48:39 - __main__ - INFO - 
Epoch 17/100 | lr 0.096729
2026-05-18 21:49:05 - __main__ - INFO - Train: loss 1.1084 acc1 67.57%
2026-05-18 21:49:05 - __main__ - INFO - Val:   loss 1.5601 acc1 57.24%
2026-05-18 21:49:05 - __main__ - INFO - saved best: 57.24%
2026-05-18 21:49:05 - __main__ - INFO - 
Epoch 18/100 | lr 0.096115
2026-05-18 21:49:31 - __main__ - INFO - Train: loss 1.0914 acc1 67.90%
2026-05-18 21:49:31 - __main__ - INFO - Val:   loss 1.6379 acc1 56.36%
2026-05-18 21:49:31 - __main__ - INFO - 
Epoch 19/100 | lr 0.095451
2026-05-18 21:49:57 - __main__ - INFO - Train: loss 1.0549 acc1 68.67%
2026-05-18 21:49:57 - __main__ - INFO - Val:   loss 1.5735 acc1 57.86%
2026-05-18 21:49:57 - __main__ - INFO - saved best: 57.86%
2026-05-18 21:49:57 - __main__ - INFO - 
Epoch 20/100 | lr 0.094737
2026-05-18 21:50:23 - __main__ - INFO - Train: loss 1.0189 acc1 69.88%
2026-05-18 21:50:23 - __main__ - INFO - Val:   loss 1.5331 acc1 58.62%
2026-05-18 21:50:23 - __main__ - INFO - saved best: 58.62%
2026-05-18 21:50:23 - __main__ - INFO - 
Epoch 21/100 | lr 0.093974
2026-05-18 21:50:49 - __main__ - INFO - Train: loss 0.9955 acc1 70.50%
2026-05-18 21:50:49 - __main__ - INFO - Val:   loss 1.6066 acc1 58.23%
2026-05-18 21:50:49 - __main__ - INFO - 
Epoch 22/100 | lr 0.093164
2026-05-18 21:51:15 - __main__ - INFO - Train: loss 0.9810 acc1 70.78%
2026-05-18 21:51:15 - __main__ - INFO - Val:   loss 1.5572 acc1 57.73%
2026-05-18 21:51:15 - __main__ - INFO - 
Epoch 23/100 | lr 0.092306
2026-05-18 21:51:41 - __main__ - INFO - Train: loss 0.9666 acc1 71.37%
2026-05-18 21:51:41 - __main__ - INFO - Val:   loss 1.9056 acc1 53.99%
2026-05-18 21:51:41 - __main__ - INFO - 
Epoch 24/100 | lr 0.091401
2026-05-18 21:52:07 - __main__ - INFO - Train: loss 0.9380 acc1 72.10%
2026-05-18 21:52:07 - __main__ - INFO - Val:   loss 1.5858 acc1 58.65%
2026-05-18 21:52:07 - __main__ - INFO - saved best: 58.65%
2026-05-18 21:52:07 - __main__ - INFO - 
Epoch 25/100 | lr 0.090452
2026-05-18 21:52:33 - __main__ - INFO - Train: loss 0.9151 acc1 72.47%
2026-05-18 21:52:33 - __main__ - INFO - Val:   loss 1.4074 acc1 62.30%
2026-05-18 21:52:34 - __main__ - INFO - saved best: 62.30%
2026-05-18 21:52:34 - __main__ - INFO - 
Epoch 26/100 | lr 0.089458
2026-05-18 21:53:00 - __main__ - INFO - Train: loss 0.9012 acc1 73.07%
2026-05-18 21:53:00 - __main__ - INFO - Val:   loss 1.4914 acc1 60.37%
2026-05-18 21:53:00 - __main__ - INFO - 
Epoch 27/100 | lr 0.088421
2026-05-18 21:53:26 - __main__ - INFO - Train: loss 0.8853 acc1 73.52%
2026-05-18 21:53:26 - __main__ - INFO - Val:   loss 1.3829 acc1 62.37%
2026-05-18 21:53:26 - __main__ - INFO - saved best: 62.37%
2026-05-18 21:53:26 - __main__ - INFO - 
Epoch 28/100 | lr 0.087342
2026-05-18 21:53:52 - __main__ - INFO - Train: loss 0.8546 acc1 74.23%
2026-05-18 21:53:52 - __main__ - INFO - Val:   loss 1.5300 acc1 59.77%
2026-05-18 21:53:52 - __main__ - INFO - 
Epoch 29/100 | lr 0.086223
2026-05-18 21:54:18 - __main__ - INFO - Train: loss 0.8528 acc1 74.28%
2026-05-18 21:54:18 - __main__ - INFO - Val:   loss 1.7508 acc1 56.16%
2026-05-18 21:54:18 - __main__ - INFO - 
Epoch 30/100 | lr 0.085063
2026-05-18 21:54:44 - __main__ - INFO - Train: loss 0.8208 acc1 75.24%
2026-05-18 21:54:44 - __main__ - INFO - Val:   loss 1.9278 acc1 52.39%
2026-05-18 21:54:44 - __main__ - INFO - 
Epoch 31/100 | lr 0.083866
2026-05-18 21:55:10 - __main__ - INFO - Train: loss 0.8179 acc1 75.43%
2026-05-18 21:55:10 - __main__ - INFO - Val:   loss 1.6597 acc1 58.24%
2026-05-18 21:55:10 - __main__ - INFO - 
Epoch 32/100 | lr 0.082631
2026-05-18 21:55:36 - __main__ - INFO - Train: loss 0.7994 acc1 75.76%
2026-05-18 21:55:36 - __main__ - INFO - Val:   loss 1.6040 acc1 57.80%
2026-05-18 21:55:36 - __main__ - INFO - 
Epoch 33/100 | lr 0.081361
2026-05-18 21:56:02 - __main__ - INFO - Train: loss 0.7796 acc1 76.21%
2026-05-18 21:56:02 - __main__ - INFO - Val:   loss 1.4550 acc1 61.26%
2026-05-18 21:56:02 - __main__ - INFO - 
Epoch 34/100 | lr 0.080056
2026-05-18 21:56:28 - __main__ - INFO - Train: loss 0.7583 acc1 76.95%
2026-05-18 21:56:28 - __main__ - INFO - Val:   loss 1.6241 acc1 57.41%
2026-05-18 21:56:28 - __main__ - INFO - 
Epoch 35/100 | lr 0.078719
2026-05-18 21:56:54 - __main__ - INFO - Train: loss 0.7412 acc1 77.51%
2026-05-18 21:56:54 - __main__ - INFO - Val:   loss 1.5106 acc1 60.47%
2026-05-18 21:56:54 - __main__ - INFO - 
Epoch 36/100 | lr 0.077350
2026-05-18 21:57:20 - __main__ - INFO - Train: loss 0.7272 acc1 77.90%
2026-05-18 21:57:20 - __main__ - INFO - Val:   loss 1.5678 acc1 59.12%
2026-05-18 21:57:20 - __main__ - INFO - 
Epoch 37/100 | lr 0.075951
2026-05-18 21:57:46 - __main__ - INFO - Train: loss 0.7132 acc1 78.17%
2026-05-18 21:57:46 - __main__ - INFO - Val:   loss 1.5935 acc1 59.36%
2026-05-18 21:57:46 - __main__ - INFO - 
Epoch 38/100 | lr 0.074524
2026-05-18 21:58:12 - __main__ - INFO - Train: loss 0.6992 acc1 78.76%
2026-05-18 21:58:12 - __main__ - INFO - Val:   loss 1.4936 acc1 61.09%
2026-05-18 21:58:12 - __main__ - INFO - 
Epoch 39/100 | lr 0.073070
2026-05-18 21:58:38 - __main__ - INFO - Train: loss 0.6765 acc1 79.41%
2026-05-18 21:58:38 - __main__ - INFO - Val:   loss 1.4969 acc1 61.70%
2026-05-18 21:58:38 - __main__ - INFO - 
Epoch 40/100 | lr 0.071591
2026-05-18 21:59:04 - __main__ - INFO - Train: loss 0.6533 acc1 79.80%
2026-05-18 21:59:04 - __main__ - INFO - Val:   loss 1.4175 acc1 63.85%
2026-05-18 21:59:04 - __main__ - INFO - saved best: 63.85%
2026-05-18 21:59:04 - __main__ - INFO - 
Epoch 41/100 | lr 0.070088
2026-05-18 21:59:30 - __main__ - INFO - Train: loss 0.6341 acc1 80.51%
2026-05-18 21:59:30 - __main__ - INFO - Val:   loss 1.3661 acc1 63.95%
2026-05-18 21:59:30 - __main__ - INFO - saved best: 63.95%
2026-05-18 21:59:30 - __main__ - INFO - 
Epoch 42/100 | lr 0.068563
2026-05-18 21:59:56 - __main__ - INFO - Train: loss 0.6343 acc1 80.53%
2026-05-18 21:59:56 - __main__ - INFO - Val:   loss 1.3885 acc1 63.30%
2026-05-18 21:59:56 - __main__ - INFO - 
Epoch 43/100 | lr 0.067018
2026-05-18 22:00:22 - __main__ - INFO - Train: loss 0.6051 acc1 81.39%
2026-05-18 22:00:22 - __main__ - INFO - Val:   loss 1.3907 acc1 64.38%
2026-05-18 22:00:22 - __main__ - INFO - saved best: 64.38%
2026-05-18 22:00:22 - __main__ - INFO - 
Epoch 44/100 | lr 0.065454
2026-05-18 22:00:48 - __main__ - INFO - Train: loss 0.5915 acc1 81.66%
2026-05-18 22:00:48 - __main__ - INFO - Val:   loss 1.6616 acc1 59.01%
2026-05-18 22:00:48 - __main__ - INFO - 
Epoch 45/100 | lr 0.063874
2026-05-18 22:01:14 - __main__ - INFO - Train: loss 0.5697 acc1 82.39%
2026-05-18 22:01:14 - __main__ - INFO - Val:   loss 1.3275 acc1 65.01%
2026-05-18 22:01:14 - __main__ - INFO - saved best: 65.01%
2026-05-18 22:01:14 - __main__ - INFO - 
Epoch 46/100 | lr 0.062278
2026-05-18 22:01:41 - __main__ - INFO - Train: loss 0.5589 acc1 82.68%
2026-05-18 22:01:41 - __main__ - INFO - Val:   loss 1.5373 acc1 62.25%
2026-05-18 22:01:41 - __main__ - INFO - 
Epoch 47/100 | lr 0.060669
2026-05-18 22:02:07 - __main__ - INFO - Train: loss 0.5316 acc1 83.38%
2026-05-18 22:02:07 - __main__ - INFO - Val:   loss 1.4241 acc1 64.47%
2026-05-18 22:02:07 - __main__ - INFO - 
Epoch 48/100 | lr 0.059048
2026-05-18 22:02:33 - __main__ - INFO - Train: loss 0.5149 acc1 84.03%
2026-05-18 22:02:33 - __main__ - INFO - Val:   loss 1.4385 acc1 63.89%
2026-05-18 22:02:33 - __main__ - INFO - 
Epoch 49/100 | lr 0.057417
2026-05-18 22:02:59 - __main__ - INFO - Train: loss 0.5117 acc1 84.04%
2026-05-18 22:02:59 - __main__ - INFO - Val:   loss 1.3126 acc1 66.11%
2026-05-18 22:02:59 - __main__ - INFO - saved best: 66.11%
2026-05-18 22:02:59 - __main__ - INFO - 
Epoch 50/100 | lr 0.055779
2026-05-18 22:03:25 - __main__ - INFO - Train: loss 0.4781 acc1 85.17%
2026-05-18 22:03:25 - __main__ - INFO - Val:   loss 1.5519 acc1 62.81%
2026-05-18 22:03:25 - __main__ - INFO - 
Epoch 51/100 | lr 0.054134
2026-05-18 22:03:51 - __main__ - INFO - Train: loss 0.4673 acc1 85.27%
2026-05-18 22:03:51 - __main__ - INFO - Val:   loss 1.5091 acc1 62.38%
2026-05-18 22:03:51 - __main__ - INFO - 
Epoch 52/100 | lr 0.052484
2026-05-18 22:04:17 - __main__ - INFO - Train: loss 0.4402 acc1 86.26%
2026-05-18 22:04:17 - __main__ - INFO - Val:   loss 1.3858 acc1 65.86%
2026-05-18 22:04:17 - __main__ - INFO - 
Epoch 53/100 | lr 0.050832
2026-05-18 22:04:43 - __main__ - INFO - Train: loss 0.4344 acc1 86.40%
2026-05-18 22:04:43 - __main__ - INFO - Val:   loss 1.4316 acc1 65.58%
2026-05-18 22:04:43 - __main__ - INFO - 
Epoch 54/100 | lr 0.049178
2026-05-18 22:05:10 - __main__ - INFO - Train: loss 0.4055 acc1 87.14%
2026-05-18 22:05:10 - __main__ - INFO - Val:   loss 1.3812 acc1 65.16%
2026-05-18 22:05:10 - __main__ - INFO - 
Epoch 55/100 | lr 0.047526
2026-05-18 22:05:36 - __main__ - INFO - Train: loss 0.3660 acc1 88.55%
2026-05-18 22:05:36 - __main__ - INFO - Val:   loss 1.3683 acc1 66.99%
2026-05-18 22:05:36 - __main__ - INFO - saved best: 66.99%
2026-05-18 22:05:36 - __main__ - INFO - 
Epoch 56/100 | lr 0.045876
2026-05-18 22:06:02 - __main__ - INFO - Train: loss 0.3688 acc1 88.55%
2026-05-18 22:06:02 - __main__ - INFO - Val:   loss 1.3152 acc1 67.35%
2026-05-18 22:06:02 - __main__ - INFO - saved best: 67.35%
2026-05-18 22:06:02 - __main__ - INFO - 
Epoch 57/100 | lr 0.044231
2026-05-18 22:06:28 - __main__ - INFO - Train: loss 0.3373 acc1 89.44%
2026-05-18 22:06:28 - __main__ - INFO - Val:   loss 1.3522 acc1 66.57%
2026-05-18 22:06:28 - __main__ - INFO - 
Epoch 58/100 | lr 0.042593
2026-05-18 22:06:54 - __main__ - INFO - Train: loss 0.3312 acc1 89.68%
2026-05-18 22:06:54 - __main__ - INFO - Val:   loss 1.2984 acc1 67.22%
2026-05-18 22:06:54 - __main__ - INFO - 
Epoch 59/100 | lr 0.040962
2026-05-18 22:07:19 - __main__ - INFO - Train: loss 0.3021 acc1 90.62%
2026-05-18 22:07:19 - __main__ - INFO - Val:   loss 1.3263 acc1 67.62%
2026-05-18 22:07:19 - __main__ - INFO - saved best: 67.62%
2026-05-18 22:07:19 - __main__ - INFO - 
Epoch 60/100 | lr 0.039341
2026-05-18 22:07:46 - __main__ - INFO - Train: loss 0.2802 acc1 91.30%
2026-05-18 22:07:46 - __main__ - INFO - Val:   loss 1.3257 acc1 67.39%
2026-05-18 22:07:46 - __main__ - INFO - 
Epoch 61/100 | lr 0.037732
2026-05-18 22:08:12 - __main__ - INFO - Train: loss 0.2665 acc1 91.66%
2026-05-18 22:08:12 - __main__ - INFO - Val:   loss 1.2839 acc1 68.19%
2026-05-18 22:08:12 - __main__ - INFO - saved best: 68.19%
2026-05-18 22:08:12 - __main__ - INFO - 
Epoch 62/100 | lr 0.036136
2026-05-18 22:08:38 - __main__ - INFO - Train: loss 0.2524 acc1 92.21%
2026-05-18 22:08:38 - __main__ - INFO - Val:   loss 1.3379 acc1 67.60%
2026-05-18 22:08:38 - __main__ - INFO - 
Epoch 63/100 | lr 0.034556
2026-05-18 22:09:04 - __main__ - INFO - Train: loss 0.2290 acc1 92.89%
2026-05-18 22:09:04 - __main__ - INFO - Val:   loss 1.2680 acc1 69.50%
2026-05-18 22:09:04 - __main__ - INFO - saved best: 69.50%
2026-05-18 22:09:04 - __main__ - INFO - 
Epoch 64/100 | lr 0.032992
2026-05-18 22:09:30 - __main__ - INFO - Train: loss 0.2037 acc1 93.88%
2026-05-18 22:09:30 - __main__ - INFO - Val:   loss 1.2998 acc1 69.18%
2026-05-18 22:09:30 - __main__ - INFO - 
Epoch 65/100 | lr 0.031447
2026-05-18 22:09:56 - __main__ - INFO - Train: loss 0.1981 acc1 93.98%
2026-05-18 22:09:56 - __main__ - INFO - Val:   loss 1.1824 acc1 71.26%
2026-05-18 22:09:56 - __main__ - INFO - saved best: 71.26%
2026-05-18 22:09:56 - __main__ - INFO - 
Epoch 66/100 | lr 0.029922
2026-05-18 22:10:22 - __main__ - INFO - Train: loss 0.1579 acc1 95.41%
2026-05-18 22:10:22 - __main__ - INFO - Val:   loss 1.3141 acc1 69.51%
2026-05-18 22:10:22 - __main__ - INFO - 
Epoch 67/100 | lr 0.028419
2026-05-18 22:10:48 - __main__ - INFO - Train: loss 0.1428 acc1 95.90%
2026-05-18 22:10:48 - __main__ - INFO - Val:   loss 1.2223 acc1 71.08%
2026-05-18 22:10:48 - __main__ - INFO - 
Epoch 68/100 | lr 0.026940
2026-05-18 22:11:14 - __main__ - INFO - Train: loss 0.1274 acc1 96.31%
2026-05-18 22:11:14 - __main__ - INFO - Val:   loss 1.2044 acc1 71.38%
2026-05-18 22:11:15 - __main__ - INFO - saved best: 71.38%
2026-05-18 22:11:15 - __main__ - INFO - 
Epoch 69/100 | lr 0.025486
2026-05-18 22:11:41 - __main__ - INFO - Train: loss 0.1141 acc1 96.80%
2026-05-18 22:11:41 - __main__ - INFO - Val:   loss 1.2607 acc1 70.91%
2026-05-18 22:11:41 - __main__ - INFO - 
Epoch 70/100 | lr 0.024059
2026-05-18 22:12:07 - __main__ - INFO - Train: loss 0.1035 acc1 97.12%
2026-05-18 22:12:07 - __main__ - INFO - Val:   loss 1.1944 acc1 71.89%
2026-05-18 22:12:07 - __main__ - INFO - saved best: 71.89%
2026-05-18 22:12:07 - __main__ - INFO - 
Epoch 71/100 | lr 0.022660
2026-05-18 22:12:33 - __main__ - INFO - Train: loss 0.0919 acc1 97.48%
2026-05-18 22:12:33 - __main__ - INFO - Val:   loss 1.1705 acc1 73.52%
2026-05-18 22:12:33 - __main__ - INFO - saved best: 73.52%
2026-05-18 22:12:33 - __main__ - INFO - 
Epoch 72/100 | lr 0.021291
2026-05-18 22:12:59 - __main__ - INFO - Train: loss 0.0681 acc1 98.24%
2026-05-18 22:12:59 - __main__ - INFO - Val:   loss 1.0727 acc1 74.60%
2026-05-18 22:12:59 - __main__ - INFO - saved best: 74.60%
2026-05-18 22:12:59 - __main__ - INFO - 
Epoch 73/100 | lr 0.019954
2026-05-18 22:13:25 - __main__ - INFO - Train: loss 0.0532 acc1 98.77%
2026-05-18 22:13:25 - __main__ - INFO - Val:   loss 1.0479 acc1 75.25%
2026-05-18 22:13:25 - __main__ - INFO - saved best: 75.25%
2026-05-18 22:13:25 - __main__ - INFO - 
Epoch 74/100 | lr 0.018649
2026-05-18 22:13:51 - __main__ - INFO - Train: loss 0.0457 acc1 99.02%
2026-05-18 22:13:51 - __main__ - INFO - Val:   loss 1.0634 acc1 73.82%
2026-05-18 22:13:51 - __main__ - INFO - 
Epoch 75/100 | lr 0.017379
2026-05-18 22:14:17 - __main__ - INFO - Train: loss 0.0395 acc1 99.22%
2026-05-18 22:14:17 - __main__ - INFO - Val:   loss 0.9913 acc1 76.79%
2026-05-18 22:14:17 - __main__ - INFO - saved best: 76.79%
2026-05-18 22:14:17 - __main__ - INFO - 
Epoch 76/100 | lr 0.016144
2026-05-18 22:14:43 - __main__ - INFO - Train: loss 0.0267 acc1 99.57%
2026-05-18 22:14:43 - __main__ - INFO - Val:   loss 0.9497 acc1 76.80%
2026-05-18 22:14:43 - __main__ - INFO - saved best: 76.80%
2026-05-18 22:14:43 - __main__ - INFO - 
Epoch 77/100 | lr 0.014947
2026-05-18 22:15:09 - __main__ - INFO - Train: loss 0.0215 acc1 99.64%
2026-05-18 22:15:09 - __main__ - INFO - Val:   loss 0.9380 acc1 77.16%
2026-05-18 22:15:09 - __main__ - INFO - saved best: 77.16%
2026-05-18 22:15:09 - __main__ - INFO - 
Epoch 78/100 | lr 0.013787
2026-05-18 22:15:35 - __main__ - INFO - Train: loss 0.0175 acc1 99.78%
2026-05-18 22:15:35 - __main__ - INFO - Val:   loss 0.9095 acc1 77.90%
2026-05-18 22:15:35 - __main__ - INFO - saved best: 77.90%
2026-05-18 22:15:35 - __main__ - INFO - 
Epoch 79/100 | lr 0.012668
2026-05-18 22:16:01 - __main__ - INFO - Train: loss 0.0146 acc1 99.82%
2026-05-18 22:16:01 - __main__ - INFO - Val:   loss 0.9076 acc1 77.89%
2026-05-18 22:16:01 - __main__ - INFO - 
Epoch 80/100 | lr 0.011589
2026-05-18 22:16:27 - __main__ - INFO - Train: loss 0.0125 acc1 99.87%
2026-05-18 22:16:27 - __main__ - INFO - Val:   loss 0.8690 acc1 78.32%
2026-05-18 22:16:27 - __main__ - INFO - saved best: 78.32%
2026-05-18 22:16:27 - __main__ - INFO - 
Epoch 81/100 | lr 0.010552
2026-05-18 22:16:53 - __main__ - INFO - Train: loss 0.0109 acc1 99.93%
2026-05-18 22:16:53 - __main__ - INFO - Val:   loss 0.8607 acc1 78.65%
2026-05-18 22:16:53 - __main__ - INFO - saved best: 78.65%
2026-05-18 22:16:54 - __main__ - INFO - 
Epoch 82/100 | lr 0.009558
2026-05-18 22:17:20 - __main__ - INFO - Train: loss 0.0093 acc1 99.93%
2026-05-18 22:17:20 - __main__ - INFO - Val:   loss 0.8551 acc1 78.98%
2026-05-18 22:17:20 - __main__ - INFO - saved best: 78.98%
2026-05-18 22:17:20 - __main__ - INFO - 
Epoch 83/100 | lr 0.008609
2026-05-18 22:17:46 - __main__ - INFO - Train: loss 0.0092 acc1 99.93%
2026-05-18 22:17:46 - __main__ - INFO - Val:   loss 0.8490 acc1 79.17%
2026-05-18 22:17:46 - __main__ - INFO - saved best: 79.17%
2026-05-18 22:17:46 - __main__ - INFO - 
Epoch 84/100 | lr 0.007704
2026-05-18 22:18:12 - __main__ - INFO - Train: loss 0.0086 acc1 99.95%
2026-05-18 22:18:12 - __main__ - INFO - Val:   loss 0.8468 acc1 79.33%
2026-05-18 22:18:12 - __main__ - INFO - saved best: 79.33%
2026-05-18 22:18:12 - __main__ - INFO - 
Epoch 85/100 | lr 0.006846
2026-05-18 22:18:38 - __main__ - INFO - Train: loss 0.0079 acc1 99.96%
2026-05-18 22:18:38 - __main__ - INFO - Val:   loss 0.8262 acc1 79.46%
2026-05-18 22:18:38 - __main__ - INFO - saved best: 79.46%
2026-05-18 22:18:38 - __main__ - INFO - 
Epoch 86/100 | lr 0.006036
2026-05-18 22:19:04 - __main__ - INFO - Train: loss 0.0078 acc1 99.95%
2026-05-18 22:19:04 - __main__ - INFO - Val:   loss 0.8308 acc1 79.62%
2026-05-18 22:19:04 - __main__ - INFO - saved best: 79.62%
2026-05-18 22:19:04 - __main__ - INFO - 
Epoch 87/100 | lr 0.005273
2026-05-18 22:19:30 - __main__ - INFO - Train: loss 0.0075 acc1 99.96%
2026-05-18 22:19:30 - __main__ - INFO - Val:   loss 0.8373 acc1 79.06%
2026-05-18 22:19:30 - __main__ - INFO - 
Epoch 88/100 | lr 0.004559
2026-05-18 22:19:56 - __main__ - INFO - Train: loss 0.0075 acc1 99.97%
2026-05-18 22:19:56 - __main__ - INFO - Val:   loss 0.8303 acc1 79.13%
2026-05-18 22:19:56 - __main__ - INFO - 
Epoch 89/100 | lr 0.003895
2026-05-18 22:20:22 - __main__ - INFO - Train: loss 0.0070 acc1 99.97%
2026-05-18 22:20:22 - __main__ - INFO - Val:   loss 0.8215 acc1 79.33%
2026-05-18 22:20:22 - __main__ - INFO - 
Epoch 90/100 | lr 0.003281
2026-05-18 22:20:48 - __main__ - INFO - Train: loss 0.0068 acc1 99.98%
2026-05-18 22:20:48 - __main__ - INFO - Val:   loss 0.8232 acc1 79.41%
2026-05-18 22:20:48 - __main__ - INFO - 
Epoch 91/100 | lr 0.002719
2026-05-18 22:21:14 - __main__ - INFO - Train: loss 0.0067 acc1 99.98%
2026-05-18 22:21:14 - __main__ - INFO - Val:   loss 0.8138 acc1 79.44%
2026-05-18 22:21:14 - __main__ - INFO - 
Epoch 92/100 | lr 0.002208
2026-05-18 22:21:40 - __main__ - INFO - Train: loss 0.0068 acc1 99.98%
2026-05-18 22:21:40 - __main__ - INFO - Val:   loss 0.8234 acc1 79.33%
2026-05-18 22:21:40 - __main__ - INFO - 
Epoch 93/100 | lr 0.001749
2026-05-18 22:22:06 - __main__ - INFO - Train: loss 0.0069 acc1 99.97%
2026-05-18 22:22:06 - __main__ - INFO - Val:   loss 0.8188 acc1 79.44%
2026-05-18 22:22:06 - __main__ - INFO - 
Epoch 94/100 | lr 0.001344
2026-05-18 22:22:32 - __main__ - INFO - Train: loss 0.0065 acc1 99.98%
2026-05-18 22:22:32 - __main__ - INFO - Val:   loss 0.8198 acc1 79.59%
2026-05-18 22:22:32 - __main__ - INFO - 
Epoch 95/100 | lr 0.000991
2026-05-18 22:22:58 - __main__ - INFO - Train: loss 0.0068 acc1 99.97%
2026-05-18 22:22:58 - __main__ - INFO - Val:   loss 0.8193 acc1 79.46%
2026-05-18 22:22:58 - __main__ - INFO - 
Epoch 96/100 | lr 0.000692
2026-05-18 22:23:24 - __main__ - INFO - Train: loss 0.0065 acc1 99.98%
2026-05-18 22:23:24 - __main__ - INFO - Val:   loss 0.8192 acc1 79.35%
2026-05-18 22:23:24 - __main__ - INFO - 
Epoch 97/100 | lr 0.000447
2026-05-18 22:23:50 - __main__ - INFO - Train: loss 0.0069 acc1 99.98%
2026-05-18 22:23:50 - __main__ - INFO - Val:   loss 0.8198 acc1 79.41%
2026-05-18 22:23:50 - __main__ - INFO - 
Epoch 98/100 | lr 0.000256
2026-05-18 22:24:16 - __main__ - INFO - Train: loss 0.0065 acc1 99.99%
2026-05-18 22:24:16 - __main__ - INFO - Val:   loss 0.8211 acc1 79.44%
2026-05-18 22:24:16 - __main__ - INFO - 
Epoch 99/100 | lr 0.000119
2026-05-18 22:24:42 - __main__ - INFO - Train: loss 0.0066 acc1 99.98%
2026-05-18 22:24:42 - __main__ - INFO - Val:   loss 0.8221 acc1 79.44%
2026-05-18 22:24:42 - __main__ - INFO - 
Epoch 100/100 | lr 0.000037
2026-05-18 22:25:08 - __main__ - INFO - Train: loss 0.0066 acc1 99.97%
2026-05-18 22:25:08 - __main__ - INFO - Val:   loss 0.8179 acc1 79.52%
2026-05-18 22:25:08 - __main__ - INFO - Loaded best checkpoint weights for final test evaluation.
2026-05-18 22:25:10 - __main__ - INFO - 
Best tracked (val): 79.62%
2026-05-18 22:25:10 - __main__ - INFO - Final test: loss 1.1330 acc1 75.06%
2026-05-18 22:25:10 - __main__ - INFO -   Final training settings for output resnet34 [low_saliency]: batch_size=128, amp=False
2026-05-18 22:25:14 - __main__ - INFO - Variant [low_saliency] done — test acc 75.06%, test loss 1.1330
2026-05-18 22:25:15 - __main__ - INFO - Saved validation comparison plot: runs/cifar100_2026_05/18/output_models/resnet34/validation_comparison_plot.png
2026-05-18 22:25:15 - __main__ - INFO - 
Starting output model sweep: densenet121
2026-05-18 22:25:15 - __main__ - INFO - 
============================================================
2026-05-18 22:25:15 - __main__ - INFO - Training output model: densenet121 [original]
2026-05-18 22:25:15 - __main__ - INFO -   Resolved config → opt=sgd, lr=0.1, wd=0.0001, bs=128, epochs=100, scheduler=cosine, warmup=5
2026-05-18 22:25:15 - __main__ - INFO - ============================================================
2026-05-18 22:25:15 - __main__ - INFO -   Validation during training uses variant split with val_split=0.1
2026-05-18 22:25:15 - __main__ - INFO -   Final test uses original test split
2026-05-18 22:25:15 - __main__ - INFO -   Retry policy: training output densenet121 [original] with batch_size=128, amp=False
2026-05-18 22:25:15 - __main__ - INFO - device: cuda | cuda: True | gpu: NVIDIA L4
2026-05-18 22:25:15 - __main__ - INFO - Model: densenet121 | Dataset: cifar100 | Classes: 100 | Optimizer: sgd
2026-05-18 22:25:15 - __main__ - INFO - 
Epoch 1/100 | lr 0.000100
2026-05-18 22:25:36 - __main__ - INFO - Train: loss 4.6401 acc1 1.40%
2026-05-18 22:25:36 - __main__ - INFO - Val:   loss 4.5870 acc1 1.94%
2026-05-18 22:25:36 - __main__ - INFO - saved best: 1.94%
2026-05-18 22:25:36 - __main__ - INFO - 
Epoch 2/100 | lr 0.020080
2026-05-18 22:25:56 - __main__ - INFO - Train: loss 3.8528 acc1 11.05%
2026-05-18 22:25:56 - __main__ - INFO - Val:   loss 3.5628 acc1 15.94%
2026-05-18 22:25:56 - __main__ - INFO - saved best: 15.94%
2026-05-18 22:25:56 - __main__ - INFO - 
Epoch 3/100 | lr 0.040060
2026-05-18 22:26:16 - __main__ - INFO - Train: loss 3.4020 acc1 18.25%
2026-05-18 22:26:16 - __main__ - INFO - Val:   loss 3.2739 acc1 20.60%
2026-05-18 22:26:16 - __main__ - INFO - saved best: 20.60%
2026-05-18 22:26:16 - __main__ - INFO - 
Epoch 4/100 | lr 0.060040
2026-05-18 22:26:36 - __main__ - INFO - Train: loss 3.0511 acc1 24.31%
2026-05-18 22:26:36 - __main__ - INFO - Val:   loss 2.8677 acc1 27.80%
2026-05-18 22:26:36 - __main__ - INFO - saved best: 27.80%
2026-05-18 22:26:36 - __main__ - INFO - 
Epoch 5/100 | lr 0.080020
2026-05-18 22:26:56 - __main__ - INFO - Train: loss 2.7550 acc1 29.58%
2026-05-18 22:26:56 - __main__ - INFO - Val:   loss 2.7279 acc1 31.63%
2026-05-18 22:26:56 - __main__ - INFO - saved best: 31.63%
2026-05-18 22:26:56 - __main__ - INFO - 
Epoch 6/100 | lr 0.100000
2026-05-18 22:27:15 - __main__ - INFO - Train: loss 2.5172 acc1 34.61%
2026-05-18 22:27:15 - __main__ - INFO - Val:   loss 2.5061 acc1 35.54%
2026-05-18 22:27:16 - __main__ - INFO - saved best: 35.54%
2026-05-18 22:27:16 - __main__ - INFO - 
Epoch 7/100 | lr 0.099973
2026-05-18 22:27:35 - __main__ - INFO - Train: loss 2.2771 acc1 39.38%
2026-05-18 22:27:35 - __main__ - INFO - Val:   loss 2.4230 acc1 37.23%
2026-05-18 22:27:35 - __main__ - INFO - saved best: 37.23%
2026-05-18 22:27:35 - __main__ - INFO - 
Epoch 8/100 | lr 0.099891
2026-05-18 22:27:55 - __main__ - INFO - Train: loss 2.1042 acc1 43.11%
2026-05-18 22:27:55 - __main__ - INFO - Val:   loss 2.2458 acc1 41.33%
2026-05-18 22:27:55 - __main__ - INFO - saved best: 41.33%
2026-05-18 22:27:55 - __main__ - INFO - 
Epoch 9/100 | lr 0.099754
2026-05-18 22:28:15 - __main__ - INFO - Train: loss 1.9536 acc1 46.76%
2026-05-18 22:28:15 - __main__ - INFO - Val:   loss 2.2369 acc1 42.42%
2026-05-18 22:28:15 - __main__ - INFO - saved best: 42.42%
2026-05-18 22:28:15 - __main__ - INFO - 
Epoch 10/100 | lr 0.099563
2026-05-18 22:28:35 - __main__ - INFO - Train: loss 1.8419 acc1 48.94%
2026-05-18 22:28:35 - __main__ - INFO - Val:   loss 2.1207 acc1 44.41%
2026-05-18 22:28:35 - __main__ - INFO - saved best: 44.41%
2026-05-18 22:28:35 - __main__ - INFO - 
Epoch 11/100 | lr 0.099318
2026-05-18 22:28:55 - __main__ - INFO - Train: loss 1.7381 acc1 51.35%
2026-05-18 22:28:55 - __main__ - INFO - Val:   loss 2.0990 acc1 46.02%
2026-05-18 22:28:55 - __main__ - INFO - saved best: 46.02%
2026-05-18 22:28:55 - __main__ - INFO - 
Epoch 12/100 | lr 0.099019
2026-05-18 22:29:14 - __main__ - INFO - Train: loss 1.6408 acc1 53.73%
2026-05-18 22:29:14 - __main__ - INFO - Val:   loss 2.0857 acc1 46.01%
2026-05-18 22:29:14 - __main__ - INFO - 
Epoch 13/100 | lr 0.098666
2026-05-18 22:29:34 - __main__ - INFO - Train: loss 1.5630 acc1 55.74%
2026-05-18 22:29:34 - __main__ - INFO - Val:   loss 1.9991 acc1 46.95%
2026-05-18 22:29:34 - __main__ - INFO - saved best: 46.95%
2026-05-18 22:29:34 - __main__ - INFO - 
Epoch 14/100 | lr 0.098261
2026-05-18 22:29:54 - __main__ - INFO - Train: loss 1.4865 acc1 57.27%
2026-05-18 22:29:54 - __main__ - INFO - Val:   loss 1.9767 acc1 48.88%
2026-05-18 22:29:54 - __main__ - INFO - saved best: 48.88%
2026-05-18 22:29:54 - __main__ - INFO - 
Epoch 15/100 | lr 0.097802
2026-05-18 22:30:14 - __main__ - INFO - Train: loss 1.4174 acc1 59.04%
2026-05-18 22:30:14 - __main__ - INFO - Val:   loss 1.9916 acc1 48.71%
2026-05-18 22:30:14 - __main__ - INFO - 
Epoch 16/100 | lr 0.097291
2026-05-18 22:30:33 - __main__ - INFO - Train: loss 1.3370 acc1 60.79%
2026-05-18 22:30:33 - __main__ - INFO - Val:   loss 1.9528 acc1 49.89%
2026-05-18 22:30:33 - __main__ - INFO - saved best: 49.89%
2026-05-18 22:30:33 - __main__ - INFO - 
Epoch 17/100 | lr 0.096729
2026-05-18 22:30:53 - __main__ - INFO - Train: loss 1.2896 acc1 62.21%
2026-05-18 22:30:53 - __main__ - INFO - Val:   loss 1.9739 acc1 50.64%
2026-05-18 22:30:53 - __main__ - INFO - saved best: 50.64%
2026-05-18 22:30:53 - __main__ - INFO - 
Epoch 18/100 | lr 0.096115
2026-05-18 22:31:13 - __main__ - INFO - Train: loss 1.2150 acc1 64.19%
2026-05-18 22:31:13 - __main__ - INFO - Val:   loss 1.9402 acc1 50.99%
2026-05-18 22:31:13 - __main__ - INFO - saved best: 50.99%
2026-05-18 22:31:13 - __main__ - INFO - 
Epoch 19/100 | lr 0.095451
2026-05-18 22:31:33 - __main__ - INFO - Train: loss 1.1643 acc1 65.38%
2026-05-18 22:31:33 - __main__ - INFO - Val:   loss 2.0443 acc1 50.20%
2026-05-18 22:31:33 - __main__ - INFO - 
Epoch 20/100 | lr 0.094737
2026-05-18 22:31:52 - __main__ - INFO - Train: loss 1.1174 acc1 66.46%
2026-05-18 22:31:52 - __main__ - INFO - Val:   loss 1.9321 acc1 51.32%
2026-05-18 22:31:52 - __main__ - INFO - saved best: 51.32%
2026-05-18 22:31:52 - __main__ - INFO - 
Epoch 21/100 | lr 0.093974
2026-05-18 22:32:12 - __main__ - INFO - Train: loss 1.0546 acc1 68.19%
2026-05-18 22:32:12 - __main__ - INFO - Val:   loss 2.0054 acc1 49.82%
2026-05-18 22:32:12 - __main__ - INFO - 
Epoch 22/100 | lr 0.093164
2026-05-18 22:32:33 - __main__ - INFO - Train: loss 1.0074 acc1 69.57%
2026-05-18 22:32:33 - __main__ - INFO - Val:   loss 2.0266 acc1 49.96%
2026-05-18 22:32:33 - __main__ - INFO - 
Epoch 23/100 | lr 0.092306
2026-05-18 22:32:52 - __main__ - INFO - Train: loss 0.9598 acc1 70.48%
2026-05-18 22:32:52 - __main__ - INFO - Val:   loss 2.1068 acc1 49.97%
2026-05-18 22:32:52 - __main__ - INFO - 
Epoch 24/100 | lr 0.091401
2026-05-18 22:33:12 - __main__ - INFO - Train: loss 0.9216 acc1 71.57%
2026-05-18 22:33:12 - __main__ - INFO - Val:   loss 2.0311 acc1 50.79%
2026-05-18 22:33:12 - __main__ - INFO - 
Epoch 25/100 | lr 0.090452
2026-05-18 22:33:31 - __main__ - INFO - Train: loss 0.8625 acc1 73.16%
2026-05-18 22:33:31 - __main__ - INFO - Val:   loss 1.9880 acc1 52.33%
2026-05-18 22:33:31 - __main__ - INFO - saved best: 52.33%
2026-05-18 22:33:31 - __main__ - INFO - 
Epoch 26/100 | lr 0.089458
2026-05-18 22:33:51 - __main__ - INFO - Train: loss 0.8129 acc1 74.57%
2026-05-18 22:33:51 - __main__ - INFO - Val:   loss 2.0184 acc1 53.16%
2026-05-18 22:33:51 - __main__ - INFO - saved best: 53.16%
2026-05-18 22:33:51 - __main__ - INFO - 
Epoch 27/100 | lr 0.088421
2026-05-18 22:34:11 - __main__ - INFO - Train: loss 0.7847 acc1 75.37%
2026-05-18 22:34:11 - __main__ - INFO - Val:   loss 2.2109 acc1 50.36%
2026-05-18 22:34:11 - __main__ - INFO - 
Epoch 28/100 | lr 0.087342
2026-05-18 22:34:31 - __main__ - INFO - Train: loss 0.7447 acc1 76.57%
2026-05-18 22:34:31 - __main__ - INFO - Val:   loss 2.0868 acc1 51.86%
2026-05-18 22:34:31 - __main__ - INFO - 
Epoch 29/100 | lr 0.086223
2026-05-18 22:34:51 - __main__ - INFO - Train: loss 0.6936 acc1 78.09%
2026-05-18 22:34:51 - __main__ - INFO - Val:   loss 2.1400 acc1 51.71%
2026-05-18 22:34:51 - __main__ - INFO - 
Epoch 30/100 | lr 0.085063
2026-05-18 22:35:11 - __main__ - INFO - Train: loss 0.6623 acc1 78.83%
2026-05-18 22:35:11 - __main__ - INFO - Val:   loss 2.2098 acc1 52.12%
2026-05-18 22:35:11 - __main__ - INFO - 
Epoch 31/100 | lr 0.083866
2026-05-18 22:35:31 - __main__ - INFO - Train: loss 0.6299 acc1 80.04%
2026-05-18 22:35:31 - __main__ - INFO - Val:   loss 2.1931 acc1 52.30%
2026-05-18 22:35:31 - __main__ - INFO - 
Epoch 32/100 | lr 0.082631
2026-05-18 22:35:51 - __main__ - INFO - Train: loss 0.6004 acc1 80.63%
2026-05-18 22:35:51 - __main__ - INFO - Val:   loss 2.2034 acc1 52.20%
2026-05-18 22:35:51 - __main__ - INFO - 
Epoch 33/100 | lr 0.081361
2026-05-18 22:36:10 - __main__ - INFO - Train: loss 0.5532 acc1 82.22%
2026-05-18 22:36:10 - __main__ - INFO - Val:   loss 2.2158 acc1 52.34%
2026-05-18 22:36:10 - __main__ - INFO - 
Epoch 34/100 | lr 0.080056
2026-05-18 22:36:30 - __main__ - INFO - Train: loss 0.5293 acc1 83.07%
2026-05-18 22:36:30 - __main__ - INFO - Val:   loss 2.2987 acc1 51.55%
2026-05-18 22:36:30 - __main__ - INFO - 
Epoch 35/100 | lr 0.078719
2026-05-18 22:36:50 - __main__ - INFO - Train: loss 0.4981 acc1 84.00%
2026-05-18 22:36:50 - __main__ - INFO - Val:   loss 2.3011 acc1 52.21%
2026-05-18 22:36:50 - __main__ - INFO - 
Epoch 36/100 | lr 0.077350
2026-05-18 22:37:10 - __main__ - INFO - Train: loss 0.4756 acc1 84.56%
2026-05-18 22:37:10 - __main__ - INFO - Val:   loss 2.2627 acc1 52.40%
2026-05-18 22:37:10 - __main__ - INFO - 
Epoch 37/100 | lr 0.075951
2026-05-18 22:37:30 - __main__ - INFO - Train: loss 0.4394 acc1 85.95%
2026-05-18 22:37:30 - __main__ - INFO - Val:   loss 2.3153 acc1 52.70%
2026-05-18 22:37:30 - __main__ - INFO - 
Epoch 38/100 | lr 0.074524
2026-05-18 22:37:50 - __main__ - INFO - Train: loss 0.3976 acc1 87.18%
2026-05-18 22:37:50 - __main__ - INFO - Val:   loss 2.2694 acc1 53.18%
2026-05-18 22:37:50 - __main__ - INFO - saved best: 53.18%
2026-05-18 22:37:50 - __main__ - INFO - 
Epoch 39/100 | lr 0.073070
2026-05-18 22:38:10 - __main__ - INFO - Train: loss 0.3930 acc1 87.26%
2026-05-18 22:38:10 - __main__ - INFO - Val:   loss 2.4034 acc1 51.85%
2026-05-18 22:38:10 - __main__ - INFO - 
Epoch 40/100 | lr 0.071591
2026-05-18 22:38:29 - __main__ - INFO - Train: loss 0.3719 acc1 88.07%
2026-05-18 22:38:29 - __main__ - INFO - Val:   loss 2.3374 acc1 53.84%
2026-05-18 22:38:29 - __main__ - INFO - saved best: 53.84%
2026-05-18 22:38:29 - __main__ - INFO - 
Epoch 41/100 | lr 0.070088
2026-05-18 22:38:49 - __main__ - INFO - Train: loss 0.3538 acc1 88.52%
2026-05-18 22:38:49 - __main__ - INFO - Val:   loss 2.4001 acc1 52.75%
2026-05-18 22:38:49 - __main__ - INFO - 
Epoch 42/100 | lr 0.068563
2026-05-18 22:39:09 - __main__ - INFO - Train: loss 0.3189 acc1 89.80%
2026-05-18 22:39:09 - __main__ - INFO - Val:   loss 2.4189 acc1 53.03%
2026-05-18 22:39:09 - __main__ - INFO - 
Epoch 43/100 | lr 0.067018
2026-05-18 22:39:29 - __main__ - INFO - Train: loss 0.2923 acc1 90.59%
2026-05-18 22:39:29 - __main__ - INFO - Val:   loss 2.3805 acc1 53.31%
2026-05-18 22:39:29 - __main__ - INFO - 
Epoch 44/100 | lr 0.065454
2026-05-18 22:39:48 - __main__ - INFO - Train: loss 0.2667 acc1 91.37%
2026-05-18 22:39:48 - __main__ - INFO - Val:   loss 2.3881 acc1 54.73%
2026-05-18 22:39:49 - __main__ - INFO - saved best: 54.73%
2026-05-18 22:39:49 - __main__ - INFO - 
Epoch 45/100 | lr 0.063874
2026-05-18 22:40:09 - __main__ - INFO - Train: loss 0.2582 acc1 91.87%
2026-05-18 22:40:09 - __main__ - INFO - Val:   loss 2.3619 acc1 54.34%
2026-05-18 22:40:09 - __main__ - INFO - 
Epoch 46/100 | lr 0.062278
2026-05-18 22:40:29 - __main__ - INFO - Train: loss 0.2426 acc1 92.24%
2026-05-18 22:40:29 - __main__ - INFO - Val:   loss 2.4064 acc1 54.34%
2026-05-18 22:40:29 - __main__ - INFO - 
Epoch 47/100 | lr 0.060669
2026-05-18 22:40:49 - __main__ - INFO - Train: loss 0.2222 acc1 92.90%
2026-05-18 22:40:49 - __main__ - INFO - Val:   loss 2.3201 acc1 55.76%
2026-05-18 22:40:49 - __main__ - INFO - saved best: 55.76%
2026-05-18 22:40:49 - __main__ - INFO - 
Epoch 48/100 | lr 0.059048
2026-05-18 22:41:09 - __main__ - INFO - Train: loss 0.2147 acc1 93.18%
2026-05-18 22:41:09 - __main__ - INFO - Val:   loss 2.3667 acc1 54.95%
2026-05-18 22:41:09 - __main__ - INFO - 
Epoch 49/100 | lr 0.057417
2026-05-18 22:41:29 - __main__ - INFO - Train: loss 0.1877 acc1 94.12%
2026-05-18 22:41:29 - __main__ - INFO - Val:   loss 2.4515 acc1 54.75%
2026-05-18 22:41:29 - __main__ - INFO - 
Epoch 50/100 | lr 0.055779
2026-05-18 22:41:49 - __main__ - INFO - Train: loss 0.1653 acc1 94.88%
2026-05-18 22:41:49 - __main__ - INFO - Val:   loss 2.4191 acc1 55.12%
2026-05-18 22:41:49 - __main__ - INFO - 
Epoch 51/100 | lr 0.054134
2026-05-18 22:42:09 - __main__ - INFO - Train: loss 0.1530 acc1 95.16%
2026-05-18 22:42:09 - __main__ - INFO - Val:   loss 2.3776 acc1 55.64%
2026-05-18 22:42:09 - __main__ - INFO - 
Epoch 52/100 | lr 0.052484
2026-05-18 22:42:29 - __main__ - INFO - Train: loss 0.1476 acc1 95.33%
2026-05-18 22:42:29 - __main__ - INFO - Val:   loss 2.3580 acc1 55.93%
2026-05-18 22:42:29 - __main__ - INFO - saved best: 55.93%
2026-05-18 22:42:29 - __main__ - INFO - 
Epoch 53/100 | lr 0.050832
2026-05-18 22:42:49 - __main__ - INFO - Train: loss 0.1223 acc1 96.34%
2026-05-18 22:42:49 - __main__ - INFO - Val:   loss 2.3928 acc1 56.26%
2026-05-18 22:42:49 - __main__ - INFO - saved best: 56.26%
2026-05-18 22:42:49 - __main__ - INFO - 
Epoch 54/100 | lr 0.049178
2026-05-18 22:43:09 - __main__ - INFO - Train: loss 0.1093 acc1 96.67%
2026-05-18 22:43:09 - __main__ - INFO - Val:   loss 2.3759 acc1 55.55%
2026-05-18 22:43:09 - __main__ - INFO - 
Epoch 55/100 | lr 0.047526
2026-05-18 22:43:29 - __main__ - INFO - Train: loss 0.0974 acc1 97.19%
2026-05-18 22:43:29 - __main__ - INFO - Val:   loss 2.4036 acc1 55.82%
2026-05-18 22:43:29 - __main__ - INFO - 
Epoch 56/100 | lr 0.045876
2026-05-18 22:43:49 - __main__ - INFO - Train: loss 0.0802 acc1 97.87%
2026-05-18 22:43:49 - __main__ - INFO - Val:   loss 2.3993 acc1 55.80%
2026-05-18 22:43:49 - __main__ - INFO - 
Epoch 57/100 | lr 0.044231
2026-05-18 22:44:09 - __main__ - INFO - Train: loss 0.0669 acc1 98.23%
2026-05-18 22:44:09 - __main__ - INFO - Val:   loss 2.4249 acc1 55.92%
2026-05-18 22:44:09 - __main__ - INFO - 
Epoch 58/100 | lr 0.042593
2026-05-18 22:44:28 - __main__ - INFO - Train: loss 0.0947 acc1 97.15%
2026-05-18 22:44:28 - __main__ - INFO - Val:   loss 2.3727 acc1 56.49%
2026-05-18 22:44:29 - __main__ - INFO - saved best: 56.49%
2026-05-18 22:44:29 - __main__ - INFO - 
Epoch 59/100 | lr 0.040962
2026-05-18 22:44:48 - __main__ - INFO - Train: loss 0.0673 acc1 98.15%
2026-05-18 22:44:48 - __main__ - INFO - Val:   loss 2.3613 acc1 56.94%
2026-05-18 22:44:48 - __main__ - INFO - saved best: 56.94%
2026-05-18 22:44:48 - __main__ - INFO - 
Epoch 60/100 | lr 0.039341
2026-05-18 22:45:08 - __main__ - INFO - Train: loss 0.0539 acc1 98.65%
2026-05-18 22:45:08 - __main__ - INFO - Val:   loss 2.3563 acc1 56.59%
2026-05-18 22:45:08 - __main__ - INFO - 
Epoch 61/100 | lr 0.037732
2026-05-18 22:45:28 - __main__ - INFO - Train: loss 0.0427 acc1 99.00%
2026-05-18 22:45:28 - __main__ - INFO - Val:   loss 2.3296 acc1 56.95%
2026-05-18 22:45:28 - __main__ - INFO - saved best: 56.95%
2026-05-18 22:45:28 - __main__ - INFO - 
Epoch 62/100 | lr 0.036136
2026-05-18 22:45:48 - __main__ - INFO - Train: loss 0.0346 acc1 99.22%
2026-05-18 22:45:48 - __main__ - INFO - Val:   loss 2.2836 acc1 57.89%
2026-05-18 22:45:48 - __main__ - INFO - saved best: 57.89%
2026-05-18 22:45:48 - __main__ - INFO - 
Epoch 63/100 | lr 0.034556
2026-05-18 22:46:08 - __main__ - INFO - Train: loss 0.0305 acc1 99.40%
2026-05-18 22:46:08 - __main__ - INFO - Val:   loss 2.3274 acc1 58.46%
2026-05-18 22:46:08 - __main__ - INFO - saved best: 58.46%
2026-05-18 22:46:08 - __main__ - INFO - 
Epoch 64/100 | lr 0.032992
2026-05-18 22:46:28 - __main__ - INFO - Train: loss 0.0251 acc1 99.49%
2026-05-18 22:46:28 - __main__ - INFO - Val:   loss 2.3059 acc1 57.78%
2026-05-18 22:46:28 - __main__ - INFO - 
Epoch 65/100 | lr 0.031447
2026-05-18 22:46:48 - __main__ - INFO - Train: loss 0.0202 acc1 99.66%
2026-05-18 22:46:48 - __main__ - INFO - Val:   loss 2.2849 acc1 58.33%
2026-05-18 22:46:48 - __main__ - INFO - 
Epoch 66/100 | lr 0.029922
2026-05-18 22:47:08 - __main__ - INFO - Train: loss 0.0174 acc1 99.70%
2026-05-18 22:47:08 - __main__ - INFO - Val:   loss 2.2564 acc1 58.75%
2026-05-18 22:47:08 - __main__ - INFO - saved best: 58.75%
2026-05-18 22:47:08 - __main__ - INFO - 
Epoch 67/100 | lr 0.028419
2026-05-18 22:47:28 - __main__ - INFO - Train: loss 0.0164 acc1 99.74%
2026-05-18 22:47:28 - __main__ - INFO - Val:   loss 2.2210 acc1 58.55%
2026-05-18 22:47:28 - __main__ - INFO - 
Epoch 68/100 | lr 0.026940
2026-05-18 22:47:47 - __main__ - INFO - Train: loss 0.0116 acc1 99.85%
2026-05-18 22:47:47 - __main__ - INFO - Val:   loss 2.2238 acc1 58.79%
2026-05-18 22:47:48 - __main__ - INFO - saved best: 58.79%
2026-05-18 22:47:48 - __main__ - INFO - 
Epoch 69/100 | lr 0.025486
2026-05-18 22:48:07 - __main__ - INFO - Train: loss 0.0117 acc1 99.83%
2026-05-18 22:48:07 - __main__ - INFO - Val:   loss 2.2310 acc1 58.61%
2026-05-18 22:48:07 - __main__ - INFO - 
Epoch 70/100 | lr 0.024059
2026-05-18 22:48:27 - __main__ - INFO - Train: loss 0.0107 acc1 99.86%
2026-05-18 22:48:27 - __main__ - INFO - Val:   loss 2.2174 acc1 58.46%
2026-05-18 22:48:27 - __main__ - INFO - 
Epoch 71/100 | lr 0.022660
2026-05-18 22:48:47 - __main__ - INFO - Train: loss 0.0101 acc1 99.86%
2026-05-18 22:48:47 - __main__ - INFO - Val:   loss 2.1961 acc1 58.68%
2026-05-18 22:48:47 - __main__ - INFO - 
Epoch 72/100 | lr 0.021291
2026-05-18 22:49:07 - __main__ - INFO - Train: loss 0.0095 acc1 99.88%
2026-05-18 22:49:07 - __main__ - INFO - Val:   loss 2.1806 acc1 58.39%
2026-05-18 22:49:07 - __main__ - INFO - 
Epoch 73/100 | lr 0.019954
2026-05-18 22:49:27 - __main__ - INFO - Train: loss 0.0088 acc1 99.90%
2026-05-18 22:49:27 - __main__ - INFO - Val:   loss 2.1638 acc1 58.67%
2026-05-18 22:49:27 - __main__ - INFO - 
Epoch 74/100 | lr 0.018649
2026-05-18 22:49:47 - __main__ - INFO - Train: loss 0.0086 acc1 99.88%
2026-05-18 22:49:47 - __main__ - INFO - Val:   loss 2.1549 acc1 58.61%
2026-05-18 22:49:47 - __main__ - INFO - 
Epoch 75/100 | lr 0.017379
2026-05-18 22:50:06 - __main__ - INFO - Train: loss 0.0080 acc1 99.90%
2026-05-18 22:50:06 - __main__ - INFO - Val:   loss 2.1363 acc1 59.01%
2026-05-18 22:50:06 - __main__ - INFO - saved best: 59.01%
2026-05-18 22:50:06 - __main__ - INFO - 
Epoch 76/100 | lr 0.016144
2026-05-18 22:50:26 - __main__ - INFO - Train: loss 0.0073 acc1 99.92%
2026-05-18 22:50:26 - __main__ - INFO - Val:   loss 2.1353 acc1 58.82%
2026-05-18 22:50:26 - __main__ - INFO - 
Epoch 77/100 | lr 0.014947
2026-05-18 22:50:46 - __main__ - INFO - Train: loss 0.0071 acc1 99.93%
2026-05-18 22:50:46 - __main__ - INFO - Val:   loss 2.1254 acc1 59.00%
2026-05-18 22:50:46 - __main__ - INFO - 
Epoch 78/100 | lr 0.013787
2026-05-18 22:51:05 - __main__ - INFO - Train: loss 0.0064 acc1 99.94%
2026-05-18 22:51:05 - __main__ - INFO - Val:   loss 2.1332 acc1 59.02%
2026-05-18 22:51:05 - __main__ - INFO - saved best: 59.02%
2026-05-18 22:51:05 - __main__ - INFO - 
Epoch 79/100 | lr 0.012668
2026-05-18 22:51:25 - __main__ - INFO - Train: loss 0.0067 acc1 99.92%
2026-05-18 22:51:25 - __main__ - INFO - Val:   loss 2.1024 acc1 59.54%
2026-05-18 22:51:26 - __main__ - INFO - saved best: 59.54%
2026-05-18 22:51:26 - __main__ - INFO - 
Epoch 80/100 | lr 0.011589
2026-05-18 22:51:46 - __main__ - INFO - Train: loss 0.0066 acc1 99.92%
2026-05-18 22:51:46 - __main__ - INFO - Val:   loss 2.1027 acc1 59.29%
2026-05-18 22:51:46 - __main__ - INFO - 
Epoch 81/100 | lr 0.010552
2026-05-18 22:52:05 - __main__ - INFO - Train: loss 0.0057 acc1 99.94%
2026-05-18 22:52:05 - __main__ - INFO - Val:   loss 2.0917 acc1 59.14%
2026-05-18 22:52:05 - __main__ - INFO - 
Epoch 82/100 | lr 0.009558
2026-05-18 22:52:25 - __main__ - INFO - Train: loss 0.0057 acc1 99.95%
2026-05-18 22:52:25 - __main__ - INFO - Val:   loss 2.1010 acc1 59.50%
2026-05-18 22:52:25 - __main__ - INFO - 
Epoch 83/100 | lr 0.008609
2026-05-18 22:52:45 - __main__ - INFO - Train: loss 0.0055 acc1 99.93%
2026-05-18 22:52:45 - __main__ - INFO - Val:   loss 2.0884 acc1 59.70%
2026-05-18 22:52:45 - __main__ - INFO - saved best: 59.70%
2026-05-18 22:52:45 - __main__ - INFO - 
Epoch 84/100 | lr 0.007704
2026-05-18 22:53:05 - __main__ - INFO - Train: loss 0.0054 acc1 99.94%
2026-05-18 22:53:05 - __main__ - INFO - Val:   loss 2.0894 acc1 59.40%
2026-05-18 22:53:05 - __main__ - INFO - 
Epoch 85/100 | lr 0.006846
2026-05-18 22:53:25 - __main__ - INFO - Train: loss 0.0053 acc1 99.96%
2026-05-18 22:53:25 - __main__ - INFO - Val:   loss 2.0884 acc1 59.37%
2026-05-18 22:53:25 - __main__ - INFO - 
Epoch 86/100 | lr 0.006036
2026-05-18 22:53:45 - __main__ - INFO - Train: loss 0.0052 acc1 99.95%
2026-05-18 22:53:45 - __main__ - INFO - Val:   loss 2.0870 acc1 59.47%
2026-05-18 22:53:45 - __main__ - INFO - 
Epoch 87/100 | lr 0.005273
2026-05-18 22:54:05 - __main__ - INFO - Train: loss 0.0050 acc1 99.95%
2026-05-18 22:54:05 - __main__ - INFO - Val:   loss 2.0928 acc1 59.21%
2026-05-18 22:54:05 - __main__ - INFO - 
Epoch 88/100 | lr 0.004559
2026-05-18 22:54:25 - __main__ - INFO - Train: loss 0.0052 acc1 99.95%
2026-05-18 22:54:25 - __main__ - INFO - Val:   loss 2.0855 acc1 59.16%
2026-05-18 22:54:25 - __main__ - INFO - 
Epoch 89/100 | lr 0.003895
2026-05-18 22:54:45 - __main__ - INFO - Train: loss 0.0048 acc1 99.96%
2026-05-18 22:54:45 - __main__ - INFO - Val:   loss 2.0832 acc1 59.36%
2026-05-18 22:54:45 - __main__ - INFO - 
Epoch 90/100 | lr 0.003281
2026-05-18 22:55:05 - __main__ - INFO - Train: loss 0.0049 acc1 99.96%
2026-05-18 22:55:05 - __main__ - INFO - Val:   loss 2.0815 acc1 59.53%
2026-05-18 22:55:05 - __main__ - INFO - 
Epoch 91/100 | lr 0.002719
2026-05-18 22:55:24 - __main__ - INFO - Train: loss 0.0051 acc1 99.95%
2026-05-18 22:55:24 - __main__ - INFO - Val:   loss 2.0820 acc1 59.13%
2026-05-18 22:55:24 - __main__ - INFO - 
Epoch 92/100 | lr 0.002208
2026-05-18 22:55:44 - __main__ - INFO - Train: loss 0.0048 acc1 99.95%
2026-05-18 22:55:44 - __main__ - INFO - Val:   loss 2.0880 acc1 59.09%
2026-05-18 22:55:44 - __main__ - INFO - 
Epoch 93/100 | lr 0.001749
2026-05-18 22:56:04 - __main__ - INFO - Train: loss 0.0048 acc1 99.97%
2026-05-18 22:56:04 - __main__ - INFO - Val:   loss 2.0811 acc1 59.47%
2026-05-18 22:56:04 - __main__ - INFO - 
Epoch 94/100 | lr 0.001344
2026-05-18 22:56:24 - __main__ - INFO - Train: loss 0.0048 acc1 99.96%
2026-05-18 22:56:24 - __main__ - INFO - Val:   loss 2.0831 acc1 59.53%
2026-05-18 22:56:24 - __main__ - INFO - 
Epoch 95/100 | lr 0.000991
2026-05-18 22:56:45 - __main__ - INFO - Train: loss 0.0048 acc1 99.96%
2026-05-18 22:56:45 - __main__ - INFO - Val:   loss 2.0793 acc1 59.28%
2026-05-18 22:56:45 - __main__ - INFO - 
Epoch 96/100 | lr 0.000692
2026-05-18 22:57:04 - __main__ - INFO - Train: loss 0.0045 acc1 99.96%
2026-05-18 22:57:04 - __main__ - INFO - Val:   loss 2.0729 acc1 59.21%
2026-05-18 22:57:04 - __main__ - INFO - 
Epoch 97/100 | lr 0.000447
2026-05-18 22:57:24 - __main__ - INFO - Train: loss 0.0047 acc1 99.97%
2026-05-18 22:57:24 - __main__ - INFO - Val:   loss 2.0850 acc1 59.06%
2026-05-18 22:57:24 - __main__ - INFO - 
Epoch 98/100 | lr 0.000256
2026-05-18 22:57:44 - __main__ - INFO - Train: loss 0.0049 acc1 99.93%
2026-05-18 22:57:44 - __main__ - INFO - Val:   loss 2.0880 acc1 59.00%
2026-05-18 22:57:44 - __main__ - INFO - 
Epoch 99/100 | lr 0.000119
2026-05-18 22:58:04 - __main__ - INFO - Train: loss 0.0049 acc1 99.95%
2026-05-18 22:58:04 - __main__ - INFO - Val:   loss 2.0776 acc1 59.04%
2026-05-18 22:58:04 - __main__ - INFO - 
Epoch 100/100 | lr 0.000037
2026-05-18 22:58:24 - __main__ - INFO - Train: loss 0.0047 acc1 99.97%
2026-05-18 22:58:24 - __main__ - INFO - Val:   loss 2.0783 acc1 59.27%
2026-05-18 22:58:24 - __main__ - INFO - Loaded best checkpoint weights for final test evaluation.
2026-05-18 22:58:26 - __main__ - INFO - 
Best tracked (val): 59.70%
2026-05-18 22:58:26 - __main__ - INFO - Final test: loss 2.0632 acc1 59.81%
2026-05-18 22:58:26 - __main__ - INFO -   Final training settings for output densenet121 [original]: batch_size=128, amp=False
2026-05-18 22:58:30 - __main__ - INFO - Variant [original] done — test acc 59.81%, test loss 2.0632
2026-05-18 22:58:30 - __main__ - INFO - 
============================================================
2026-05-18 22:58:30 - __main__ - INFO - Training output model: densenet121 [low_saliency]
2026-05-18 22:58:30 - __main__ - INFO -   Resolved config → opt=sgd, lr=0.1, wd=0.0001, bs=128, epochs=100, scheduler=cosine, warmup=5
2026-05-18 22:58:30 - __main__ - INFO - ============================================================
2026-05-18 22:58:30 - __main__ - INFO -   Validation during training uses variant split with val_split=0.1
2026-05-18 22:58:30 - __main__ - INFO -   Final test uses low_saliency variant test split
2026-05-18 22:58:30 - __main__ - INFO -   Retry policy: training output densenet121 [low_saliency] with batch_size=128, amp=False
2026-05-18 22:58:30 - __main__ - INFO - device: cuda | cuda: True | gpu: NVIDIA L4
2026-05-18 22:58:31 - __main__ - INFO - Model: densenet121 | Dataset: cifar100 | Classes: 100 | Optimizer: sgd
2026-05-18 22:58:31 - __main__ - INFO - 
Epoch 1/100 | lr 0.000100
2026-05-18 22:58:51 - __main__ - INFO - Train: loss 4.6401 acc1 1.39%
2026-05-18 22:58:51 - __main__ - INFO - Val:   loss 4.5868 acc1 1.82%
2026-05-18 22:58:51 - __main__ - INFO - saved best: 1.82%
2026-05-18 22:58:51 - __main__ - INFO - 
Epoch 2/100 | lr 0.020080
2026-05-18 22:59:11 - __main__ - INFO - Train: loss 3.8515 acc1 11.08%
2026-05-18 22:59:11 - __main__ - INFO - Val:   loss 3.5864 acc1 15.66%
2026-05-18 22:59:11 - __main__ - INFO - saved best: 15.66%
2026-05-18 22:59:11 - __main__ - INFO - 
Epoch 3/100 | lr 0.040060
2026-05-18 22:59:31 - __main__ - INFO - Train: loss 3.3737 acc1 18.90%
2026-05-18 22:59:31 - __main__ - INFO - Val:   loss 3.1718 acc1 24.07%
2026-05-18 22:59:31 - __main__ - INFO - saved best: 24.07%
2026-05-18 22:59:31 - __main__ - INFO - 
Epoch 4/100 | lr 0.060040
2026-05-18 22:59:51 - __main__ - INFO - Train: loss 3.0005 acc1 25.30%
2026-05-18 22:59:51 - __main__ - INFO - Val:   loss 2.9008 acc1 27.72%
2026-05-18 22:59:51 - __main__ - INFO - saved best: 27.72%
2026-05-18 22:59:51 - __main__ - INFO - 
Epoch 5/100 | lr 0.080020
2026-05-18 23:00:11 - __main__ - INFO - Train: loss 2.7074 acc1 30.83%
2026-05-18 23:00:11 - __main__ - INFO - Val:   loss 2.8635 acc1 31.53%
2026-05-18 23:00:11 - __main__ - INFO - saved best: 31.53%
2026-05-18 23:00:11 - __main__ - INFO - 
Epoch 6/100 | lr 0.100000
2026-05-18 23:00:30 - __main__ - INFO - Train: loss 2.4612 acc1 35.90%
2026-05-18 23:00:30 - __main__ - INFO - Val:   loss 2.5969 acc1 34.14%
2026-05-18 23:00:30 - __main__ - INFO - saved best: 34.14%
2026-05-18 23:00:30 - __main__ - INFO - 
Epoch 7/100 | lr 0.099973
2026-05-18 23:00:51 - __main__ - INFO - Train: loss 2.2047 acc1 41.08%
2026-05-18 23:00:51 - __main__ - INFO - Val:   loss 2.3107 acc1 39.67%
2026-05-18 23:00:51 - __main__ - INFO - saved best: 39.67%
2026-05-18 23:00:51 - __main__ - INFO - 
Epoch 8/100 | lr 0.099891
2026-05-18 23:01:10 - __main__ - INFO - Train: loss 2.0185 acc1 45.38%
2026-05-18 23:01:10 - __main__ - INFO - Val:   loss 2.2344 acc1 41.91%
2026-05-18 23:01:10 - __main__ - INFO - saved best: 41.91%
2026-05-18 23:01:10 - __main__ - INFO - 
Epoch 9/100 | lr 0.099754
2026-05-18 23:01:30 - __main__ - INFO - Train: loss 1.8772 acc1 48.29%
2026-05-18 23:01:30 - __main__ - INFO - Val:   loss 2.1448 acc1 44.55%
2026-05-18 23:01:30 - __main__ - INFO - saved best: 44.55%
2026-05-18 23:01:30 - __main__ - INFO - 
Epoch 10/100 | lr 0.099563
2026-05-18 23:01:50 - __main__ - INFO - Train: loss 1.7476 acc1 51.29%
2026-05-18 23:01:50 - __main__ - INFO - Val:   loss 1.9656 acc1 47.11%
2026-05-18 23:01:50 - __main__ - INFO - saved best: 47.11%
2026-05-18 23:01:50 - __main__ - INFO - 
Epoch 11/100 | lr 0.099318
2026-05-18 23:02:10 - __main__ - INFO - Train: loss 1.6406 acc1 53.77%
2026-05-18 23:02:10 - __main__ - INFO - Val:   loss 1.9652 acc1 48.59%
2026-05-18 23:02:10 - __main__ - INFO - saved best: 48.59%
2026-05-18 23:02:10 - __main__ - INFO - 
Epoch 12/100 | lr 0.099019
2026-05-18 23:02:30 - __main__ - INFO - Train: loss 1.5476 acc1 56.25%
2026-05-18 23:02:30 - __main__ - INFO - Val:   loss 1.9847 acc1 48.64%
2026-05-18 23:02:30 - __main__ - INFO - saved best: 48.64%
2026-05-18 23:02:30 - __main__ - INFO - 
Epoch 13/100 | lr 0.098666
2026-05-18 23:02:50 - __main__ - INFO - Train: loss 1.4669 acc1 58.18%
2026-05-18 23:02:50 - __main__ - INFO - Val:   loss 1.8868 acc1 50.00%
2026-05-18 23:02:50 - __main__ - INFO - saved best: 50.00%
2026-05-18 23:02:50 - __main__ - INFO - 
Epoch 14/100 | lr 0.098261
2026-05-18 23:03:10 - __main__ - INFO - Train: loss 1.3949 acc1 59.65%
2026-05-18 23:03:10 - __main__ - INFO - Val:   loss 1.9003 acc1 50.54%
2026-05-18 23:03:10 - __main__ - INFO - saved best: 50.54%
2026-05-18 23:03:10 - __main__ - INFO - 
Epoch 15/100 | lr 0.097802
2026-05-18 23:03:30 - __main__ - INFO - Train: loss 1.3245 acc1 61.53%
2026-05-18 23:03:30 - __main__ - INFO - Val:   loss 1.9413 acc1 49.87%
2026-05-18 23:03:30 - __main__ - INFO - 
Epoch 16/100 | lr 0.097291
2026-05-18 23:03:50 - __main__ - INFO - Train: loss 1.2531 acc1 63.30%
2026-05-18 23:03:50 - __main__ - INFO - Val:   loss 1.8918 acc1 51.71%
2026-05-18 23:03:50 - __main__ - INFO - saved best: 51.71%
2026-05-18 23:03:50 - __main__ - INFO - 
Epoch 17/100 | lr 0.096729
2026-05-18 23:04:10 - __main__ - INFO - Train: loss 1.2021 acc1 64.50%
2026-05-18 23:04:10 - __main__ - INFO - Val:   loss 1.8498 acc1 52.74%
2026-05-18 23:04:10 - __main__ - INFO - saved best: 52.74%
2026-05-18 23:04:10 - __main__ - INFO - 
Epoch 18/100 | lr 0.096115
2026-05-18 23:04:30 - __main__ - INFO - Train: loss 1.1383 acc1 66.20%
2026-05-18 23:04:30 - __main__ - INFO - Val:   loss 1.8142 acc1 53.11%
2026-05-18 23:04:30 - __main__ - INFO - saved best: 53.11%
2026-05-18 23:04:30 - __main__ - INFO - 
Epoch 19/100 | lr 0.095451
2026-05-18 23:04:50 - __main__ - INFO - Train: loss 1.0871 acc1 67.29%
2026-05-18 23:04:50 - __main__ - INFO - Val:   loss 1.8543 acc1 53.74%
2026-05-18 23:04:50 - __main__ - INFO - saved best: 53.74%
2026-05-18 23:04:50 - __main__ - INFO - 
Epoch 20/100 | lr 0.094737
2026-05-18 23:05:10 - __main__ - INFO - Train: loss 1.0336 acc1 68.95%
2026-05-18 23:05:10 - __main__ - INFO - Val:   loss 1.8394 acc1 53.77%
2026-05-18 23:05:10 - __main__ - INFO - saved best: 53.77%
2026-05-18 23:05:10 - __main__ - INFO - 
Epoch 21/100 | lr 0.093974
2026-05-18 23:05:29 - __main__ - INFO - Train: loss 0.9874 acc1 69.90%
2026-05-18 23:05:29 - __main__ - INFO - Val:   loss 1.7542 acc1 56.64%
2026-05-18 23:05:30 - __main__ - INFO - saved best: 56.64%
2026-05-18 23:05:30 - __main__ - INFO - 
Epoch 22/100 | lr 0.093164
2026-05-18 23:05:50 - __main__ - INFO - Train: loss 0.9349 acc1 71.51%
2026-05-18 23:05:50 - __main__ - INFO - Val:   loss 1.9173 acc1 52.92%
2026-05-18 23:05:50 - __main__ - INFO - 
Epoch 23/100 | lr 0.092306
2026-05-18 23:06:10 - __main__ - INFO - Train: loss 0.8916 acc1 72.63%
2026-05-18 23:06:10 - __main__ - INFO - Val:   loss 1.7994 acc1 55.53%
2026-05-18 23:06:10 - __main__ - INFO - 
Epoch 24/100 | lr 0.091401
2026-05-18 23:06:30 - __main__ - INFO - Train: loss 0.8564 acc1 73.73%
2026-05-18 23:06:30 - __main__ - INFO - Val:   loss 1.8608 acc1 54.32%
2026-05-18 23:06:30 - __main__ - INFO - 
Epoch 25/100 | lr 0.090452
2026-05-18 23:06:50 - __main__ - INFO - Train: loss 0.8033 acc1 75.17%
2026-05-18 23:06:50 - __main__ - INFO - Val:   loss 1.8913 acc1 54.61%
2026-05-18 23:06:50 - __main__ - INFO - 
Epoch 26/100 | lr 0.089458
2026-05-18 23:07:11 - __main__ - INFO - Train: loss 0.7694 acc1 76.02%
2026-05-18 23:07:11 - __main__ - INFO - Val:   loss 1.9700 acc1 54.17%
2026-05-18 23:07:11 - __main__ - INFO - 
Epoch 27/100 | lr 0.088421
2026-05-18 23:07:31 - __main__ - INFO - Train: loss 0.7488 acc1 76.41%
2026-05-18 23:07:31 - __main__ - INFO - Val:   loss 1.9233 acc1 53.72%
2026-05-18 23:07:31 - __main__ - INFO - 
Epoch 28/100 | lr 0.087342
2026-05-18 23:07:51 - __main__ - INFO - Train: loss 0.6952 acc1 77.97%
2026-05-18 23:07:51 - __main__ - INFO - Val:   loss 1.9446 acc1 54.62%
2026-05-18 23:07:51 - __main__ - INFO - 
Epoch 29/100 | lr 0.086223
2026-05-18 23:08:12 - __main__ - INFO - Train: loss 0.6582 acc1 79.15%
2026-05-18 23:08:12 - __main__ - INFO - Val:   loss 1.9765 acc1 55.17%
2026-05-18 23:08:12 - __main__ - INFO - 
Epoch 30/100 | lr 0.085063
2026-05-18 23:08:32 - __main__ - INFO - Train: loss 0.6367 acc1 79.69%
2026-05-18 23:08:32 - __main__ - INFO - Val:   loss 1.9598 acc1 56.08%
2026-05-18 23:08:32 - __main__ - INFO - 
Epoch 31/100 | lr 0.083866
2026-05-18 23:08:52 - __main__ - INFO - Train: loss 0.5894 acc1 81.13%
2026-05-18 23:08:52 - __main__ - INFO - Val:   loss 1.9821 acc1 54.73%
2026-05-18 23:08:52 - __main__ - INFO - 
Epoch 32/100 | lr 0.082631
2026-05-18 23:09:12 - __main__ - INFO - Train: loss 0.5677 acc1 81.92%
2026-05-18 23:09:12 - __main__ - INFO - Val:   loss 1.9138 acc1 56.55%
2026-05-18 23:09:12 - __main__ - INFO - 
Epoch 33/100 | lr 0.081361
2026-05-18 23:09:32 - __main__ - INFO - Train: loss 0.5310 acc1 83.10%
2026-05-18 23:09:32 - __main__ - INFO - Val:   loss 2.0398 acc1 55.53%
2026-05-18 23:09:32 - __main__ - INFO - 
Epoch 34/100 | lr 0.080056
2026-05-18 23:09:52 - __main__ - INFO - Train: loss 0.4950 acc1 84.25%
2026-05-18 23:09:52 - __main__ - INFO - Val:   loss 2.0426 acc1 55.66%
2026-05-18 23:09:52 - __main__ - INFO - 
Epoch 35/100 | lr 0.078719
2026-05-18 23:10:12 - __main__ - INFO - Train: loss 0.4819 acc1 84.54%
2026-05-18 23:10:12 - __main__ - INFO - Val:   loss 1.9978 acc1 55.86%
2026-05-18 23:10:12 - __main__ - INFO - 
Epoch 36/100 | lr 0.077350
2026-05-18 23:10:33 - __main__ - INFO - Train: loss 0.4577 acc1 85.25%
2026-05-18 23:10:33 - __main__ - INFO - Val:   loss 2.0598 acc1 56.28%
2026-05-18 23:10:33 - __main__ - INFO - 
Epoch 37/100 | lr 0.075951
2026-05-18 23:10:53 - __main__ - INFO - Train: loss 0.4185 acc1 86.31%
2026-05-18 23:10:53 - __main__ - INFO - Val:   loss 2.0424 acc1 56.43%
2026-05-18 23:10:53 - __main__ - INFO - 
Epoch 38/100 | lr 0.074524
2026-05-18 23:11:13 - __main__ - INFO - Train: loss 0.4094 acc1 86.81%
2026-05-18 23:11:13 - __main__ - INFO - Val:   loss 2.0190 acc1 58.15%
2026-05-18 23:11:13 - __main__ - INFO - saved best: 58.15%
2026-05-18 23:11:13 - __main__ - INFO - 
Epoch 39/100 | lr 0.073070
2026-05-18 23:11:33 - __main__ - INFO - Train: loss 0.3667 acc1 88.22%
2026-05-18 23:11:33 - __main__ - INFO - Val:   loss 2.0521 acc1 56.81%
2026-05-18 23:11:33 - __main__ - INFO - 
Epoch 40/100 | lr 0.071591
2026-05-18 23:11:53 - __main__ - INFO - Train: loss 0.3586 acc1 88.37%
2026-05-18 23:11:53 - __main__ - INFO - Val:   loss 2.0914 acc1 57.31%
2026-05-18 23:11:53 - __main__ - INFO - 
Epoch 41/100 | lr 0.070088
2026-05-18 23:12:13 - __main__ - INFO - Train: loss 0.3260 acc1 89.45%
2026-05-18 23:12:13 - __main__ - INFO - Val:   loss 2.1083 acc1 56.80%
2026-05-18 23:12:13 - __main__ - INFO - 
Epoch 42/100 | lr 0.068563
2026-05-18 23:12:33 - __main__ - INFO - Train: loss 0.2871 acc1 90.85%
2026-05-18 23:12:33 - __main__ - INFO - Val:   loss 2.1539 acc1 56.66%
2026-05-18 23:12:33 - __main__ - INFO - 
Epoch 43/100 | lr 0.067018
2026-05-18 23:12:53 - __main__ - INFO - Train: loss 0.2932 acc1 90.51%
2026-05-18 23:12:53 - __main__ - INFO - Val:   loss 2.1134 acc1 56.60%
2026-05-18 23:12:53 - __main__ - INFO - 
Epoch 44/100 | lr 0.065454
2026-05-18 23:13:13 - __main__ - INFO - Train: loss 0.2629 acc1 91.64%
2026-05-18 23:13:13 - __main__ - INFO - Val:   loss 2.1587 acc1 56.20%
2026-05-18 23:13:13 - __main__ - INFO - 
Epoch 45/100 | lr 0.063874
2026-05-18 23:13:33 - __main__ - INFO - Train: loss 0.2490 acc1 92.10%
2026-05-18 23:13:33 - __main__ - INFO - Val:   loss 2.1449 acc1 56.97%
2026-05-18 23:13:33 - __main__ - INFO - 
Epoch 46/100 | lr 0.062278
2026-05-18 23:13:53 - __main__ - INFO - Train: loss 0.2348 acc1 92.35%
2026-05-18 23:13:53 - __main__ - INFO - Val:   loss 2.1525 acc1 56.40%
2026-05-18 23:13:53 - __main__ - INFO - 
Epoch 47/100 | lr 0.060669
2026-05-18 23:14:13 - __main__ - INFO - Train: loss 0.2187 acc1 93.10%
2026-05-18 23:14:13 - __main__ - INFO - Val:   loss 2.2008 acc1 56.76%
2026-05-18 23:14:13 - __main__ - INFO - 
Epoch 48/100 | lr 0.059048
2026-05-18 23:14:33 - __main__ - INFO - Train: loss 0.1990 acc1 93.90%
2026-05-18 23:14:33 - __main__ - INFO - Val:   loss 2.0864 acc1 59.66%
2026-05-18 23:14:33 - __main__ - INFO - saved best: 59.66%
2026-05-18 23:14:33 - __main__ - INFO - 
Epoch 49/100 | lr 0.057417
2026-05-18 23:14:53 - __main__ - INFO - Train: loss 0.1812 acc1 94.32%
2026-05-18 23:14:53 - __main__ - INFO - Val:   loss 2.1098 acc1 58.82%
2026-05-18 23:14:53 - __main__ - INFO - 
Epoch 50/100 | lr 0.055779
2026-05-18 23:15:13 - __main__ - INFO - Train: loss 0.1713 acc1 94.67%
2026-05-18 23:15:13 - __main__ - INFO - Val:   loss 2.1262 acc1 57.48%
2026-05-18 23:15:13 - __main__ - INFO - 
Epoch 51/100 | lr 0.054134
2026-05-18 23:15:33 - __main__ - INFO - Train: loss 0.1642 acc1 94.90%
2026-05-18 23:15:33 - __main__ - INFO - Val:   loss 2.0716 acc1 59.61%
2026-05-18 23:15:33 - __main__ - INFO - 
Epoch 52/100 | lr 0.052484
2026-05-18 23:15:53 - __main__ - INFO - Train: loss 0.1521 acc1 95.42%
2026-05-18 23:15:53 - __main__ - INFO - Val:   loss 2.1128 acc1 59.04%
2026-05-18 23:15:53 - __main__ - INFO - 
Epoch 53/100 | lr 0.050832
2026-05-18 23:16:13 - __main__ - INFO - Train: loss 0.1184 acc1 96.47%
2026-05-18 23:16:13 - __main__ - INFO - Val:   loss 2.1540 acc1 58.27%
2026-05-18 23:16:13 - __main__ - INFO - 
Epoch 54/100 | lr 0.049178
2026-05-18 23:16:33 - __main__ - INFO - Train: loss 0.1048 acc1 96.82%
2026-05-18 23:16:33 - __main__ - INFO - Val:   loss 2.1042 acc1 59.46%
2026-05-18 23:16:33 - __main__ - INFO - 
Epoch 55/100 | lr 0.047526
2026-05-18 23:16:53 - __main__ - INFO - Train: loss 0.0919 acc1 97.38%
2026-05-18 23:16:53 - __main__ - INFO - Val:   loss 2.1202 acc1 59.26%
2026-05-18 23:16:53 - __main__ - INFO - 
Epoch 56/100 | lr 0.045876
2026-05-18 23:17:13 - __main__ - INFO - Train: loss 0.0933 acc1 97.44%
2026-05-18 23:17:13 - __main__ - INFO - Val:   loss 2.0822 acc1 60.19%
2026-05-18 23:17:13 - __main__ - INFO - saved best: 60.19%
2026-05-18 23:17:13 - __main__ - INFO - 
Epoch 57/100 | lr 0.044231
2026-05-18 23:17:33 - __main__ - INFO - Train: loss 0.0734 acc1 97.99%
2026-05-18 23:17:33 - __main__ - INFO - Val:   loss 2.0451 acc1 59.86%
2026-05-18 23:17:33 - __main__ - INFO - 
Epoch 58/100 | lr 0.042593
2026-05-18 23:17:53 - __main__ - INFO - Train: loss 0.0622 acc1 98.37%
2026-05-18 23:17:53 - __main__ - INFO - Val:   loss 2.0057 acc1 60.88%
2026-05-18 23:17:53 - __main__ - INFO - saved best: 60.88%
2026-05-18 23:17:53 - __main__ - INFO - 
Epoch 59/100 | lr 0.040962
2026-05-18 23:18:12 - __main__ - INFO - Train: loss 0.0591 acc1 98.47%
2026-05-18 23:18:12 - __main__ - INFO - Val:   loss 2.0185 acc1 61.16%
2026-05-18 23:18:12 - __main__ - INFO - saved best: 61.16%
2026-05-18 23:18:12 - __main__ - INFO - 
Epoch 60/100 | lr 0.039341
2026-05-18 23:18:32 - __main__ - INFO - Train: loss 0.0447 acc1 98.97%
2026-05-18 23:18:32 - __main__ - INFO - Val:   loss 2.0130 acc1 61.84%
2026-05-18 23:18:32 - __main__ - INFO - saved best: 61.84%
2026-05-18 23:18:32 - __main__ - INFO - 
Epoch 61/100 | lr 0.037732
2026-05-18 23:18:52 - __main__ - INFO - Train: loss 0.0341 acc1 99.26%
2026-05-18 23:18:52 - __main__ - INFO - Val:   loss 2.0085 acc1 61.52%
2026-05-18 23:18:52 - __main__ - INFO - 
Epoch 62/100 | lr 0.036136
2026-05-18 23:19:12 - __main__ - INFO - Train: loss 0.0326 acc1 99.31%
2026-05-18 23:19:12 - __main__ - INFO - Val:   loss 2.0310 acc1 60.72%
2026-05-18 23:19:12 - __main__ - INFO - 
Epoch 63/100 | lr 0.034556
2026-05-18 23:19:31 - __main__ - INFO - Train: loss 0.0291 acc1 99.39%
2026-05-18 23:19:31 - __main__ - INFO - Val:   loss 1.9878 acc1 62.08%
2026-05-18 23:19:32 - __main__ - INFO - saved best: 62.08%
2026-05-18 23:19:32 - __main__ - INFO - 
Epoch 64/100 | lr 0.032992
2026-05-18 23:19:51 - __main__ - INFO - Train: loss 0.0235 acc1 99.56%
2026-05-18 23:19:51 - __main__ - INFO - Val:   loss 1.9692 acc1 62.16%
2026-05-18 23:19:51 - __main__ - INFO - saved best: 62.16%
2026-05-18 23:19:51 - __main__ - INFO - 
Epoch 65/100 | lr 0.031447
2026-05-18 23:20:11 - __main__ - INFO - Train: loss 0.0192 acc1 99.68%
2026-05-18 23:20:11 - __main__ - INFO - Val:   loss 1.9439 acc1 62.30%
2026-05-18 23:20:11 - __main__ - INFO - saved best: 62.30%
2026-05-18 23:20:11 - __main__ - INFO - 
Epoch 66/100 | lr 0.029922
2026-05-18 23:20:31 - __main__ - INFO - Train: loss 0.0166 acc1 99.73%
2026-05-18 23:20:31 - __main__ - INFO - Val:   loss 1.9275 acc1 62.58%
2026-05-18 23:20:31 - __main__ - INFO - saved best: 62.58%
2026-05-18 23:20:31 - __main__ - INFO - 
Epoch 67/100 | lr 0.028419
2026-05-18 23:20:51 - __main__ - INFO - Train: loss 0.0151 acc1 99.78%
2026-05-18 23:20:51 - __main__ - INFO - Val:   loss 1.9154 acc1 62.53%
2026-05-18 23:20:51 - __main__ - INFO - 
Epoch 68/100 | lr 0.026940
2026-05-18 23:21:11 - __main__ - INFO - Train: loss 0.0137 acc1 99.79%
2026-05-18 23:21:11 - __main__ - INFO - Val:   loss 1.9194 acc1 62.63%
2026-05-18 23:21:11 - __main__ - INFO - saved best: 62.63%
2026-05-18 23:21:11 - __main__ - INFO - 
Epoch 69/100 | lr 0.025486
2026-05-18 23:21:31 - __main__ - INFO - Train: loss 0.0120 acc1 99.84%
2026-05-18 23:21:31 - __main__ - INFO - Val:   loss 1.9084 acc1 62.54%
2026-05-18 23:21:31 - __main__ - INFO - 
Epoch 70/100 | lr 0.024059
2026-05-18 23:21:51 - __main__ - INFO - Train: loss 0.0110 acc1 99.85%
2026-05-18 23:21:51 - __main__ - INFO - Val:   loss 1.8752 acc1 62.88%
2026-05-18 23:21:51 - __main__ - INFO - saved best: 62.88%
2026-05-18 23:21:51 - __main__ - INFO - 
Epoch 71/100 | lr 0.022660
2026-05-18 23:22:11 - __main__ - INFO - Train: loss 0.0097 acc1 99.88%
2026-05-18 23:22:11 - __main__ - INFO - Val:   loss 1.8634 acc1 62.82%
2026-05-18 23:22:11 - __main__ - INFO - 
Epoch 72/100 | lr 0.021291
2026-05-18 23:22:31 - __main__ - INFO - Train: loss 0.0093 acc1 99.89%
2026-05-18 23:22:31 - __main__ - INFO - Val:   loss 1.8702 acc1 62.20%
2026-05-18 23:22:31 - __main__ - INFO - 
Epoch 73/100 | lr 0.019954
2026-05-18 23:22:51 - __main__ - INFO - Train: loss 0.0088 acc1 99.93%
2026-05-18 23:22:51 - __main__ - INFO - Val:   loss 1.8647 acc1 62.85%
2026-05-18 23:22:51 - __main__ - INFO - 
Epoch 74/100 | lr 0.018649
2026-05-18 23:23:11 - __main__ - INFO - Train: loss 0.0085 acc1 99.91%
2026-05-18 23:23:11 - __main__ - INFO - Val:   loss 1.8527 acc1 62.76%
2026-05-18 23:23:11 - __main__ - INFO - 
Epoch 75/100 | lr 0.017379
2026-05-18 23:23:31 - __main__ - INFO - Train: loss 0.0075 acc1 99.92%
2026-05-18 23:23:31 - __main__ - INFO - Val:   loss 1.8345 acc1 63.41%
2026-05-18 23:23:31 - __main__ - INFO - saved best: 63.41%
2026-05-18 23:23:31 - __main__ - INFO - 
Epoch 76/100 | lr 0.016144
2026-05-18 23:23:51 - __main__ - INFO - Train: loss 0.0072 acc1 99.94%
2026-05-18 23:23:51 - __main__ - INFO - Val:   loss 1.8323 acc1 63.33%
2026-05-18 23:23:51 - __main__ - INFO - 
Epoch 77/100 | lr 0.014947
2026-05-18 23:24:11 - __main__ - INFO - Train: loss 0.0069 acc1 99.94%
2026-05-18 23:24:11 - __main__ - INFO - Val:   loss 1.8256 acc1 63.05%
2026-05-18 23:24:11 - __main__ - INFO - 
Epoch 78/100 | lr 0.013787
2026-05-18 23:24:31 - __main__ - INFO - Train: loss 0.0066 acc1 99.93%
2026-05-18 23:24:31 - __main__ - INFO - Val:   loss 1.8203 acc1 62.99%
2026-05-18 23:24:31 - __main__ - INFO - 
Epoch 79/100 | lr 0.012668
2026-05-18 23:24:50 - __main__ - INFO - Train: loss 0.0064 acc1 99.95%
2026-05-18 23:24:50 - __main__ - INFO - Val:   loss 1.8053 acc1 63.57%
2026-05-18 23:24:50 - __main__ - INFO - saved best: 63.57%
2026-05-18 23:24:50 - __main__ - INFO - 
Epoch 80/100 | lr 0.011589
2026-05-18 23:25:11 - __main__ - INFO - Train: loss 0.0059 acc1 99.96%
2026-05-18 23:25:11 - __main__ - INFO - Val:   loss 1.8068 acc1 63.28%
2026-05-18 23:25:11 - __main__ - INFO - 
Epoch 81/100 | lr 0.010552
2026-05-18 23:25:30 - __main__ - INFO - Train: loss 0.0057 acc1 99.96%
2026-05-18 23:25:30 - __main__ - INFO - Val:   loss 1.8006 acc1 62.95%
2026-05-18 23:25:30 - __main__ - INFO - 
Epoch 82/100 | lr 0.009558
2026-05-18 23:25:50 - __main__ - INFO - Train: loss 0.0058 acc1 99.97%
2026-05-18 23:25:50 - __main__ - INFO - Val:   loss 1.7996 acc1 63.18%
2026-05-18 23:25:50 - __main__ - INFO - 
Epoch 83/100 | lr 0.008609
2026-05-18 23:26:10 - __main__ - INFO - Train: loss 0.0056 acc1 99.97%
2026-05-18 23:26:10 - __main__ - INFO - Val:   loss 1.7913 acc1 63.57%
2026-05-18 23:26:10 - __main__ - INFO - 
Epoch 84/100 | lr 0.007704
2026-05-18 23:26:30 - __main__ - INFO - Train: loss 0.0057 acc1 99.94%
2026-05-18 23:26:30 - __main__ - INFO - Val:   loss 1.7746 acc1 63.45%
2026-05-18 23:26:30 - __main__ - INFO - 
Epoch 85/100 | lr 0.006846
2026-05-18 23:26:50 - __main__ - INFO - Train: loss 0.0053 acc1 99.95%
2026-05-18 23:26:50 - __main__ - INFO - Val:   loss 1.7836 acc1 63.37%
2026-05-18 23:26:50 - __main__ - INFO - 
Epoch 86/100 | lr 0.006036
2026-05-18 23:27:10 - __main__ - INFO - Train: loss 0.0052 acc1 99.97%
2026-05-18 23:27:10 - __main__ - INFO - Val:   loss 1.7812 acc1 63.20%
2026-05-18 23:27:10 - __main__ - INFO - 
Epoch 87/100 | lr 0.005273
2026-05-18 23:27:30 - __main__ - INFO - Train: loss 0.0051 acc1 99.96%
2026-05-18 23:27:30 - __main__ - INFO - Val:   loss 1.7810 acc1 63.34%
2026-05-18 23:27:30 - __main__ - INFO - 
Epoch 88/100 | lr 0.004559
2026-05-18 23:27:50 - __main__ - INFO - Train: loss 0.0051 acc1 99.97%
2026-05-18 23:27:50 - __main__ - INFO - Val:   loss 1.7777 acc1 63.37%
2026-05-18 23:27:50 - __main__ - INFO - 
Epoch 89/100 | lr 0.003895
2026-05-18 23:28:10 - __main__ - INFO - Train: loss 0.0051 acc1 99.96%
2026-05-18 23:28:10 - __main__ - INFO - Val:   loss 1.7796 acc1 63.29%
2026-05-18 23:28:10 - __main__ - INFO - 
Epoch 90/100 | lr 0.003281
2026-05-18 23:28:29 - __main__ - INFO - Train: loss 0.0050 acc1 99.96%
2026-05-18 23:28:29 - __main__ - INFO - Val:   loss 1.7733 acc1 63.41%
2026-05-18 23:28:29 - __main__ - INFO - 
Epoch 91/100 | lr 0.002719
2026-05-18 23:28:49 - __main__ - INFO - Train: loss 0.0053 acc1 99.95%
2026-05-18 23:28:49 - __main__ - INFO - Val:   loss 1.7761 acc1 63.42%
2026-05-18 23:28:49 - __main__ - INFO - 
Epoch 92/100 | lr 0.002208
2026-05-18 23:29:09 - __main__ - INFO - Train: loss 0.0052 acc1 99.96%
2026-05-18 23:29:09 - __main__ - INFO - Val:   loss 1.7726 acc1 63.39%
2026-05-18 23:29:09 - __main__ - INFO - 
Epoch 93/100 | lr 0.001749
2026-05-18 23:29:29 - __main__ - INFO - Train: loss 0.0050 acc1 99.96%
2026-05-18 23:29:29 - __main__ - INFO - Val:   loss 1.7697 acc1 63.34%
2026-05-18 23:29:29 - __main__ - INFO - 
Epoch 94/100 | lr 0.001344
2026-05-18 23:29:49 - __main__ - INFO - Train: loss 0.0050 acc1 99.95%
2026-05-18 23:29:49 - __main__ - INFO - Val:   loss 1.7714 acc1 63.52%
2026-05-18 23:29:49 - __main__ - INFO - 
Epoch 95/100 | lr 0.000991
2026-05-18 23:30:08 - __main__ - INFO - Train: loss 0.0049 acc1 99.97%
2026-05-18 23:30:08 - __main__ - INFO - Val:   loss 1.7722 acc1 63.61%
2026-05-18 23:30:09 - __main__ - INFO - saved best: 63.61%
2026-05-18 23:30:09 - __main__ - INFO - 
Epoch 96/100 | lr 0.000692
2026-05-18 23:30:29 - __main__ - INFO - Train: loss 0.0046 acc1 99.97%
2026-05-18 23:30:29 - __main__ - INFO - Val:   loss 1.7601 acc1 63.50%
2026-05-18 23:30:29 - __main__ - INFO - 
Epoch 97/100 | lr 0.000447
2026-05-18 23:30:48 - __main__ - INFO - Train: loss 0.0050 acc1 99.96%
2026-05-18 23:30:48 - __main__ - INFO - Val:   loss 1.7695 acc1 63.07%
2026-05-18 23:30:48 - __main__ - INFO - 
Epoch 98/100 | lr 0.000256
2026-05-18 23:31:08 - __main__ - INFO - Train: loss 0.0048 acc1 99.98%
2026-05-18 23:31:08 - __main__ - INFO - Val:   loss 1.7732 acc1 63.68%
2026-05-18 23:31:08 - __main__ - INFO - saved best: 63.68%
2026-05-18 23:31:08 - __main__ - INFO - 
Epoch 99/100 | lr 0.000119
2026-05-18 23:31:28 - __main__ - INFO - Train: loss 0.0045 acc1 99.98%
2026-05-18 23:31:28 - __main__ - INFO - Val:   loss 1.7651 acc1 63.55%
2026-05-18 23:31:28 - __main__ - INFO - 
Epoch 100/100 | lr 0.000037
2026-05-18 23:31:48 - __main__ - INFO - Train: loss 0.0047 acc1 99.97%
2026-05-18 23:31:48 - __main__ - INFO - Val:   loss 1.7707 acc1 63.44%
2026-05-18 23:31:48 - __main__ - INFO - Loaded best checkpoint weights for final test evaluation.
2026-05-18 23:31:50 - __main__ - INFO - 
Best tracked (val): 63.68%
2026-05-18 23:31:50 - __main__ - INFO - Final test: loss 2.0996 acc1 60.91%
2026-05-18 23:31:50 - __main__ - INFO -   Final training settings for output densenet121 [low_saliency]: batch_size=128, amp=False
2026-05-18 23:31:54 - __main__ - INFO - Variant [low_saliency] done — test acc 60.91%, test loss 2.0996
2026-05-18 23:31:55 - __main__ - INFO - Saved validation comparison plot: runs/cifar100_2026_05/18/output_models/densenet121/validation_comparison_plot.png
2026-05-18 23:31:55 - __main__ - INFO - 
Starting output model sweep: efficientnet_b0
2026-05-18 23:31:55 - __main__ - INFO - 
============================================================
2026-05-18 23:31:55 - __main__ - INFO - Training output model: efficientnet_b0 [original]
2026-05-18 23:31:55 - __main__ - INFO -   Resolved config → opt=sgd, lr=0.05, wd=0.0001, bs=128, epochs=100, scheduler=cosine, warmup=5
2026-05-18 23:31:55 - __main__ - INFO - ============================================================
2026-05-18 23:31:55 - __main__ - INFO -   Validation during training uses variant split with val_split=0.1
2026-05-18 23:31:55 - __main__ - INFO -   Final test uses original test split
2026-05-18 23:31:55 - __main__ - INFO -   Retry policy: training output efficientnet_b0 [original] with batch_size=128, amp=False
2026-05-18 23:31:55 - __main__ - INFO - device: cuda | cuda: True | gpu: NVIDIA L4
2026-05-18 23:31:55 - __main__ - INFO - Model: efficientnet_b0 | Dataset: cifar100 | Classes: 100 | Optimizer: sgd
2026-05-18 23:31:55 - __main__ - INFO - 
Epoch 1/100 | lr 0.000050
2026-05-18 23:32:07 - __main__ - INFO - Train: loss 4.6678 acc1 1.16%
2026-05-18 23:32:07 - __main__ - INFO - Val:   loss 4.6143 acc1 0.98%
2026-05-18 23:32:07 - __main__ - INFO - saved best: 0.98%
2026-05-18 23:32:07 - __main__ - INFO - 
Epoch 2/100 | lr 0.010040
2026-05-18 23:32:19 - __main__ - INFO - Train: loss 4.4628 acc1 3.10%
2026-05-18 23:32:19 - __main__ - INFO - Val:   loss 4.1009 acc1 6.09%
2026-05-18 23:32:19 - __main__ - INFO - saved best: 6.09%
2026-05-18 23:32:19 - __main__ - INFO - 
Epoch 3/100 | lr 0.020030
2026-05-18 23:32:30 - __main__ - INFO - Train: loss 3.9800 acc1 7.98%
2026-05-18 23:32:30 - __main__ - INFO - Val:   loss 3.7571 acc1 11.14%
2026-05-18 23:32:30 - __main__ - INFO - saved best: 11.14%
2026-05-18 23:32:30 - __main__ - INFO - 
Epoch 4/100 | lr 0.030020
2026-05-18 23:32:42 - __main__ - INFO - Train: loss 3.7116 acc1 11.84%
2026-05-18 23:32:42 - __main__ - INFO - Val:   loss 3.6839 acc1 12.93%
2026-05-18 23:32:42 - __main__ - INFO - saved best: 12.93%
2026-05-18 23:32:42 - __main__ - INFO - 
Epoch 5/100 | lr 0.040010
2026-05-18 23:32:53 - __main__ - INFO - Train: loss 3.5111 acc1 15.07%
2026-05-18 23:32:53 - __main__ - INFO - Val:   loss 3.3287 acc1 19.31%
2026-05-18 23:32:53 - __main__ - INFO - saved best: 19.31%
2026-05-18 23:32:53 - __main__ - INFO - 
Epoch 6/100 | lr 0.050000
2026-05-18 23:33:05 - __main__ - INFO - Train: loss 3.3711 acc1 17.62%
2026-05-18 23:33:05 - __main__ - INFO - Val:   loss 3.1889 acc1 20.45%
2026-05-18 23:33:05 - __main__ - INFO - saved best: 20.45%
2026-05-18 23:33:05 - __main__ - INFO - 
Epoch 7/100 | lr 0.049986
2026-05-18 23:33:17 - __main__ - INFO - Train: loss 3.2263 acc1 20.44%
2026-05-18 23:33:17 - __main__ - INFO - Val:   loss 3.1432 acc1 22.51%
2026-05-18 23:33:17 - __main__ - INFO - saved best: 22.51%
2026-05-18 23:33:17 - __main__ - INFO - 
Epoch 8/100 | lr 0.049945
2026-05-18 23:33:28 - __main__ - INFO - Train: loss 3.0742 acc1 23.19%
2026-05-18 23:33:28 - __main__ - INFO - Val:   loss 2.9478 acc1 26.49%
2026-05-18 23:33:28 - __main__ - INFO - saved best: 26.49%
2026-05-18 23:33:28 - __main__ - INFO - 
Epoch 9/100 | lr 0.049877
2026-05-18 23:33:39 - __main__ - INFO - Train: loss 2.9573 acc1 25.34%
2026-05-18 23:33:39 - __main__ - INFO - Val:   loss 2.9539 acc1 26.33%
2026-05-18 23:33:39 - __main__ - INFO - 
Epoch 10/100 | lr 0.049782
2026-05-18 23:33:51 - __main__ - INFO - Train: loss 2.9403 acc1 25.97%
2026-05-18 23:33:51 - __main__ - INFO - Val:   loss 2.9347 acc1 25.98%
2026-05-18 23:33:51 - __main__ - INFO - 
Epoch 11/100 | lr 0.049659
2026-05-18 23:34:03 - __main__ - INFO - Train: loss 2.8301 acc1 27.90%
2026-05-18 23:34:03 - __main__ - INFO - Val:   loss 2.8411 acc1 28.16%
2026-05-18 23:34:03 - __main__ - INFO - saved best: 28.16%
2026-05-18 23:34:03 - __main__ - INFO - 
Epoch 12/100 | lr 0.049510
2026-05-18 23:34:15 - __main__ - INFO - Train: loss 2.6815 acc1 30.64%
2026-05-18 23:34:15 - __main__ - INFO - Val:   loss 2.6334 acc1 32.68%
2026-05-18 23:34:15 - __main__ - INFO - saved best: 32.68%
2026-05-18 23:34:15 - __main__ - INFO - 
Epoch 13/100 | lr 0.049333
2026-05-18 23:34:27 - __main__ - INFO - Train: loss 2.6064 acc1 32.27%
2026-05-18 23:34:27 - __main__ - INFO - Val:   loss 4.4018 acc1 20.28%
2026-05-18 23:34:27 - __main__ - INFO - 
Epoch 14/100 | lr 0.049130
2026-05-18 23:34:39 - __main__ - INFO - Train: loss 2.6416 acc1 31.49%
2026-05-18 23:34:39 - __main__ - INFO - Val:   loss 2.6943 acc1 32.11%
2026-05-18 23:34:39 - __main__ - INFO - 
Epoch 15/100 | lr 0.048901
2026-05-18 23:34:51 - __main__ - INFO - Train: loss 2.5887 acc1 32.86%
2026-05-18 23:34:51 - __main__ - INFO - Val:   loss 2.7266 acc1 33.42%
2026-05-18 23:34:51 - __main__ - INFO - saved best: 33.42%
2026-05-18 23:34:51 - __main__ - INFO - 
Epoch 16/100 | lr 0.048646
2026-05-18 23:35:03 - __main__ - INFO - Train: loss 2.4962 acc1 34.62%
2026-05-18 23:35:03 - __main__ - INFO - Val:   loss 2.4241 acc1 37.18%
2026-05-18 23:35:03 - __main__ - INFO - saved best: 37.18%
2026-05-18 23:35:03 - __main__ - INFO - 
Epoch 17/100 | lr 0.048364
2026-05-18 23:35:15 - __main__ - INFO - Train: loss 2.3374 acc1 37.84%
2026-05-18 23:35:15 - __main__ - INFO - Val:   loss 2.3132 acc1 39.72%
2026-05-18 23:35:15 - __main__ - INFO - saved best: 39.72%
2026-05-18 23:35:15 - __main__ - INFO - 
Epoch 18/100 | lr 0.048058
2026-05-18 23:35:26 - __main__ - INFO - Train: loss 2.2872 acc1 39.22%
2026-05-18 23:35:26 - __main__ - INFO - Val:   loss 2.2802 acc1 39.80%
2026-05-18 23:35:26 - __main__ - INFO - saved best: 39.80%
2026-05-18 23:35:26 - __main__ - INFO - 
Epoch 19/100 | lr 0.047726
2026-05-18 23:35:38 - __main__ - INFO - Train: loss 2.2258 acc1 40.28%
2026-05-18 23:35:38 - __main__ - INFO - Val:   loss 2.2902 acc1 40.30%
2026-05-18 23:35:38 - __main__ - INFO - saved best: 40.30%
2026-05-18 23:35:38 - __main__ - INFO - 
Epoch 20/100 | lr 0.047369
2026-05-18 23:35:50 - __main__ - INFO - Train: loss 2.1636 acc1 41.77%
2026-05-18 23:35:50 - __main__ - INFO - Val:   loss 2.3016 acc1 39.53%
2026-05-18 23:35:50 - __main__ - INFO - 
Epoch 21/100 | lr 0.046987
2026-05-18 23:36:02 - __main__ - INFO - Train: loss 2.0995 acc1 43.03%
2026-05-18 23:36:02 - __main__ - INFO - Val:   loss 2.8906 acc1 38.21%
2026-05-18 23:36:02 - __main__ - INFO - 
Epoch 22/100 | lr 0.046582
2026-05-18 23:36:14 - __main__ - INFO - Train: loss 2.1020 acc1 42.84%
2026-05-18 23:36:14 - __main__ - INFO - Val:   loss 2.1439 acc1 43.54%
2026-05-18 23:36:14 - __main__ - INFO - saved best: 43.54%
2026-05-18 23:36:14 - __main__ - INFO - 
Epoch 23/100 | lr 0.046153
2026-05-18 23:36:26 - __main__ - INFO - Train: loss 2.0740 acc1 43.65%
2026-05-18 23:36:26 - __main__ - INFO - Val:   loss 2.3687 acc1 39.79%
2026-05-18 23:36:26 - __main__ - INFO - 
Epoch 24/100 | lr 0.045701
2026-05-18 23:36:37 - __main__ - INFO - Train: loss 2.0564 acc1 44.18%
2026-05-18 23:36:37 - __main__ - INFO - Val:   loss 2.1772 acc1 42.70%
2026-05-18 23:36:37 - __main__ - INFO - 
Epoch 25/100 | lr 0.045226
2026-05-18 23:36:49 - __main__ - INFO - Train: loss 2.1678 acc1 42.09%
2026-05-18 23:36:49 - __main__ - INFO - Val:   loss 2.2669 acc1 41.31%
2026-05-18 23:36:49 - __main__ - INFO - 
Epoch 26/100 | lr 0.044730
2026-05-18 23:37:01 - __main__ - INFO - Train: loss 2.1572 acc1 41.93%
2026-05-18 23:37:01 - __main__ - INFO - Val:   loss 2.2913 acc1 39.93%
2026-05-18 23:37:01 - __main__ - INFO - 
Epoch 27/100 | lr 0.044211
2026-05-18 23:37:12 - __main__ - INFO - Train: loss 2.1521 acc1 42.05%
2026-05-18 23:37:12 - __main__ - INFO - Val:   loss 2.4572 acc1 37.11%
2026-05-18 23:37:12 - __main__ - INFO - 
Epoch 28/100 | lr 0.043672
2026-05-18 23:37:24 - __main__ - INFO - Train: loss 2.0205 acc1 45.18%
2026-05-18 23:37:24 - __main__ - INFO - Val:   loss 2.0974 acc1 45.16%
2026-05-18 23:37:24 - __main__ - INFO - saved best: 45.16%
2026-05-18 23:37:24 - __main__ - INFO - 
Epoch 29/100 | lr 0.043112
2026-05-18 23:37:35 - __main__ - INFO - Train: loss 2.0494 acc1 44.22%
2026-05-18 23:37:35 - __main__ - INFO - Val:   loss 2.1991 acc1 43.18%
2026-05-18 23:37:35 - __main__ - INFO - 
Epoch 30/100 | lr 0.042532
2026-05-18 23:37:47 - __main__ - INFO - Train: loss 1.9229 acc1 47.32%
2026-05-18 23:37:47 - __main__ - INFO - Val:   loss 2.0863 acc1 44.76%
2026-05-18 23:37:47 - __main__ - INFO - 
Epoch 31/100 | lr 0.041934
2026-05-18 23:38:00 - __main__ - INFO - Train: loss 1.8451 acc1 48.70%
2026-05-18 23:38:00 - __main__ - INFO - Val:   loss 2.0893 acc1 44.83%
2026-05-18 23:38:00 - __main__ - INFO - 
Epoch 32/100 | lr 0.041316
2026-05-18 23:38:11 - __main__ - INFO - Train: loss 1.8327 acc1 48.97%
2026-05-18 23:38:11 - __main__ - INFO - Val:   loss 2.1223 acc1 44.93%
2026-05-18 23:38:11 - __main__ - INFO - 
Epoch 33/100 | lr 0.040681
2026-05-18 23:38:24 - __main__ - INFO - Train: loss 1.7551 acc1 50.49%
2026-05-18 23:38:24 - __main__ - INFO - Val:   loss 2.1442 acc1 45.21%
2026-05-18 23:38:24 - __main__ - INFO - saved best: 45.21%
2026-05-18 23:38:24 - __main__ - INFO - 
Epoch 34/100 | lr 0.040029
2026-05-18 23:38:36 - __main__ - INFO - Train: loss 1.7072 acc1 52.14%
2026-05-18 23:38:36 - __main__ - INFO - Val:   loss 2.0488 acc1 46.61%
2026-05-18 23:38:36 - __main__ - INFO - saved best: 46.61%
2026-05-18 23:38:36 - __main__ - INFO - 
Epoch 35/100 | lr 0.039360
2026-05-18 23:38:48 - __main__ - INFO - Train: loss 1.6823 acc1 52.52%
2026-05-18 23:38:48 - __main__ - INFO - Val:   loss 1.9956 acc1 47.78%
2026-05-18 23:38:48 - __main__ - INFO - saved best: 47.78%
2026-05-18 23:38:48 - __main__ - INFO - 
Epoch 36/100 | lr 0.038676
2026-05-18 23:38:59 - __main__ - INFO - Train: loss 1.8271 acc1 49.36%
2026-05-18 23:38:59 - __main__ - INFO - Val:   loss 2.1393 acc1 44.49%
2026-05-18 23:38:59 - __main__ - INFO - 
Epoch 37/100 | lr 0.037977
2026-05-18 23:39:11 - __main__ - INFO - Train: loss 1.6402 acc1 53.35%
2026-05-18 23:39:11 - __main__ - INFO - Val:   loss 2.1514 acc1 45.66%
2026-05-18 23:39:11 - __main__ - INFO - 
Epoch 38/100 | lr 0.037263
2026-05-18 23:39:22 - __main__ - INFO - Train: loss 1.5965 acc1 54.35%
2026-05-18 23:39:22 - __main__ - INFO - Val:   loss 1.9578 acc1 48.50%
2026-05-18 23:39:22 - __main__ - INFO - saved best: 48.50%
2026-05-18 23:39:22 - __main__ - INFO - 
Epoch 39/100 | lr 0.036536
2026-05-18 23:39:34 - __main__ - INFO - Train: loss 1.5136 acc1 56.70%
2026-05-18 23:39:34 - __main__ - INFO - Val:   loss 2.0593 acc1 47.66%
2026-05-18 23:39:34 - __main__ - INFO - 
Epoch 40/100 | lr 0.035797
2026-05-18 23:39:45 - __main__ - INFO - Train: loss 1.4537 acc1 57.89%
2026-05-18 23:39:45 - __main__ - INFO - Val:   loss 2.1942 acc1 46.19%
2026-05-18 23:39:45 - __main__ - INFO - 
Epoch 41/100 | lr 0.035045
2026-05-18 23:39:57 - __main__ - INFO - Train: loss 1.4127 acc1 58.94%
2026-05-18 23:39:57 - __main__ - INFO - Val:   loss 1.9701 acc1 49.16%
2026-05-18 23:39:57 - __main__ - INFO - saved best: 49.16%
2026-05-18 23:39:57 - __main__ - INFO - 
Epoch 42/100 | lr 0.034283
2026-05-18 23:40:09 - __main__ - INFO - Train: loss 1.3607 acc1 60.27%
2026-05-18 23:40:09 - __main__ - INFO - Val:   loss 1.9928 acc1 48.99%
2026-05-18 23:40:09 - __main__ - INFO - 
Epoch 43/100 | lr 0.033511
2026-05-18 23:40:20 - __main__ - INFO - Train: loss 1.3280 acc1 61.08%
2026-05-18 23:40:20 - __main__ - INFO - Val:   loss 2.0074 acc1 49.25%
2026-05-18 23:40:20 - __main__ - INFO - saved best: 49.25%
2026-05-18 23:40:20 - __main__ - INFO - 
Epoch 44/100 | lr 0.032729
2026-05-18 23:40:32 - __main__ - INFO - Train: loss 1.2893 acc1 62.05%
2026-05-18 23:40:32 - __main__ - INFO - Val:   loss 1.9982 acc1 49.30%
2026-05-18 23:40:32 - __main__ - INFO - saved best: 49.30%
2026-05-18 23:40:32 - __main__ - INFO - 
Epoch 45/100 | lr 0.031939
2026-05-18 23:40:44 - __main__ - INFO - Train: loss 1.3115 acc1 61.75%
2026-05-18 23:40:44 - __main__ - INFO - Val:   loss 2.1410 acc1 46.38%
2026-05-18 23:40:44 - __main__ - INFO - 
Epoch 46/100 | lr 0.031141
2026-05-18 23:40:56 - __main__ - INFO - Train: loss 1.2852 acc1 61.92%
2026-05-18 23:40:56 - __main__ - INFO - Val:   loss 2.0518 acc1 48.33%
2026-05-18 23:40:56 - __main__ - INFO - 
Epoch 47/100 | lr 0.030336
2026-05-18 23:41:08 - __main__ - INFO - Train: loss 1.1970 acc1 64.29%
2026-05-18 23:41:08 - __main__ - INFO - Val:   loss 2.0682 acc1 48.42%
2026-05-18 23:41:08 - __main__ - INFO - 
Epoch 48/100 | lr 0.029526
2026-05-18 23:41:20 - __main__ - INFO - Train: loss 1.1301 acc1 66.07%
2026-05-18 23:41:20 - __main__ - INFO - Val:   loss 2.0398 acc1 48.56%
2026-05-18 23:41:20 - __main__ - INFO - 
Epoch 49/100 | lr 0.028711
2026-05-18 23:41:32 - __main__ - INFO - Train: loss 1.0896 acc1 66.81%
2026-05-18 23:41:32 - __main__ - INFO - Val:   loss 2.1274 acc1 49.04%
2026-05-18 23:41:32 - __main__ - INFO - 
Epoch 50/100 | lr 0.027892
2026-05-18 23:41:44 - __main__ - INFO - Train: loss 1.0536 acc1 67.79%
2026-05-18 23:41:44 - __main__ - INFO - Val:   loss 2.0883 acc1 49.61%
2026-05-18 23:41:44 - __main__ - INFO - saved best: 49.61%
2026-05-18 23:41:44 - __main__ - INFO - 
Epoch 51/100 | lr 0.027069
2026-05-18 23:41:55 - __main__ - INFO - Train: loss 1.0061 acc1 69.06%
2026-05-18 23:41:55 - __main__ - INFO - Val:   loss 2.1305 acc1 49.41%
2026-05-18 23:41:55 - __main__ - INFO - 
Epoch 52/100 | lr 0.026244
2026-05-18 23:42:07 - __main__ - INFO - Train: loss 0.9838 acc1 69.84%
2026-05-18 23:42:07 - __main__ - INFO - Val:   loss 2.1265 acc1 49.69%
2026-05-18 23:42:07 - __main__ - INFO - saved best: 49.69%
2026-05-18 23:42:07 - __main__ - INFO - 
Epoch 53/100 | lr 0.025418
2026-05-18 23:42:19 - __main__ - INFO - Train: loss 0.9503 acc1 70.49%
2026-05-18 23:42:19 - __main__ - INFO - Val:   loss 2.1127 acc1 50.49%
2026-05-18 23:42:19 - __main__ - INFO - saved best: 50.49%
2026-05-18 23:42:19 - __main__ - INFO - 
Epoch 54/100 | lr 0.024592
2026-05-18 23:42:30 - __main__ - INFO - Train: loss 0.9012 acc1 72.03%
2026-05-18 23:42:30 - __main__ - INFO - Val:   loss 2.1630 acc1 50.46%
2026-05-18 23:42:30 - __main__ - INFO - 
Epoch 55/100 | lr 0.023766
2026-05-18 23:42:42 - __main__ - INFO - Train: loss 0.8742 acc1 72.86%
2026-05-18 23:42:42 - __main__ - INFO - Val:   loss 2.2974 acc1 49.58%
2026-05-18 23:42:42 - __main__ - INFO - 
Epoch 56/100 | lr 0.022941
2026-05-18 23:42:54 - __main__ - INFO - Train: loss 0.8140 acc1 74.71%
2026-05-18 23:42:54 - __main__ - INFO - Val:   loss 2.2301 acc1 50.13%
2026-05-18 23:42:54 - __main__ - INFO - 
Epoch 57/100 | lr 0.022118
2026-05-18 23:43:06 - __main__ - INFO - Train: loss 0.7826 acc1 75.22%
2026-05-18 23:43:06 - __main__ - INFO - Val:   loss 2.2713 acc1 49.95%
2026-05-18 23:43:06 - __main__ - INFO - 
Epoch 58/100 | lr 0.021299
2026-05-18 23:43:17 - __main__ - INFO - Train: loss 0.7441 acc1 76.39%
2026-05-18 23:43:17 - __main__ - INFO - Val:   loss 2.3199 acc1 50.24%
2026-05-18 23:43:17 - __main__ - INFO - 
Epoch 59/100 | lr 0.020484
2026-05-18 23:43:29 - __main__ - INFO - Train: loss 0.7121 acc1 77.48%
2026-05-18 23:43:29 - __main__ - INFO - Val:   loss 2.2593 acc1 50.04%
2026-05-18 23:43:29 - __main__ - INFO - 
Epoch 60/100 | lr 0.019674
2026-05-18 23:43:41 - __main__ - INFO - Train: loss 0.6641 acc1 79.01%
2026-05-18 23:43:41 - __main__ - INFO - Val:   loss 2.3699 acc1 48.67%
2026-05-18 23:43:41 - __main__ - INFO - 
Epoch 61/100 | lr 0.018869
2026-05-18 23:43:52 - __main__ - INFO - Train: loss 0.6508 acc1 79.32%
2026-05-18 23:43:52 - __main__ - INFO - Val:   loss 2.3643 acc1 49.34%
2026-05-18 23:43:52 - __main__ - INFO - 
Epoch 62/100 | lr 0.018071
2026-05-18 23:44:05 - __main__ - INFO - Train: loss 0.6005 acc1 80.90%
2026-05-18 23:44:05 - __main__ - INFO - Val:   loss 2.3739 acc1 49.14%
2026-05-18 23:44:05 - __main__ - INFO - 
Epoch 63/100 | lr 0.017281
2026-05-18 23:44:17 - __main__ - INFO - Train: loss 0.5549 acc1 82.14%
2026-05-18 23:44:17 - __main__ - INFO - Val:   loss 2.3827 acc1 50.28%
2026-05-18 23:44:17 - __main__ - INFO - 
Epoch 64/100 | lr 0.016499
2026-05-18 23:44:28 - __main__ - INFO - Train: loss 0.5228 acc1 83.39%
2026-05-18 23:44:28 - __main__ - INFO - Val:   loss 2.3816 acc1 50.38%
2026-05-18 23:44:28 - __main__ - INFO - 
Epoch 65/100 | lr 0.015727
2026-05-18 23:44:40 - __main__ - INFO - Train: loss 0.4950 acc1 84.00%
2026-05-18 23:44:40 - __main__ - INFO - Val:   loss 2.4455 acc1 49.80%
2026-05-18 23:44:40 - __main__ - INFO - 
Epoch 66/100 | lr 0.014965
2026-05-18 23:44:51 - __main__ - INFO - Train: loss 0.4589 acc1 85.30%
2026-05-18 23:44:51 - __main__ - INFO - Val:   loss 2.4617 acc1 49.67%
2026-05-18 23:44:51 - __main__ - INFO - 
Epoch 67/100 | lr 0.014213
2026-05-18 23:45:03 - __main__ - INFO - Train: loss 0.4155 acc1 86.82%
2026-05-18 23:45:03 - __main__ - INFO - Val:   loss 2.4783 acc1 50.34%
2026-05-18 23:45:03 - __main__ - INFO - 
Epoch 68/100 | lr 0.013474
2026-05-18 23:45:14 - __main__ - INFO - Train: loss 0.3976 acc1 87.23%
2026-05-18 23:45:14 - __main__ - INFO - Val:   loss 2.4883 acc1 50.26%
2026-05-18 23:45:14 - __main__ - INFO - 
Epoch 69/100 | lr 0.012747
2026-05-18 23:45:25 - __main__ - INFO - Train: loss 0.3673 acc1 88.29%
2026-05-18 23:45:25 - __main__ - INFO - Val:   loss 2.5405 acc1 48.91%
2026-05-18 23:45:25 - __main__ - INFO - 
Epoch 70/100 | lr 0.012033
2026-05-18 23:45:37 - __main__ - INFO - Train: loss 0.3520 acc1 88.89%
2026-05-18 23:45:37 - __main__ - INFO - Val:   loss 2.5962 acc1 49.03%
2026-05-18 23:45:37 - __main__ - INFO - 
Epoch 71/100 | lr 0.011334
2026-05-18 23:45:49 - __main__ - INFO - Train: loss 0.3261 acc1 89.50%
2026-05-18 23:45:49 - __main__ - INFO - Val:   loss 2.5845 acc1 50.66%
2026-05-18 23:45:49 - __main__ - INFO - saved best: 50.66%
2026-05-18 23:45:49 - __main__ - INFO - 
Epoch 72/100 | lr 0.010650
2026-05-18 23:46:01 - __main__ - INFO - Train: loss 0.2916 acc1 90.67%
2026-05-18 23:46:01 - __main__ - INFO - Val:   loss 2.5686 acc1 50.22%
2026-05-18 23:46:01 - __main__ - INFO - 
Epoch 73/100 | lr 0.009981
2026-05-18 23:46:13 - __main__ - INFO - Train: loss 0.2693 acc1 91.58%
2026-05-18 23:46:13 - __main__ - INFO - Val:   loss 2.5726 acc1 50.68%
2026-05-18 23:46:13 - __main__ - INFO - saved best: 50.68%
2026-05-18 23:46:13 - __main__ - INFO - 
Epoch 74/100 | lr 0.009329
2026-05-18 23:46:25 - __main__ - INFO - Train: loss 0.2460 acc1 92.43%
2026-05-18 23:46:25 - __main__ - INFO - Val:   loss 2.5897 acc1 50.75%
2026-05-18 23:46:25 - __main__ - INFO - saved best: 50.75%
2026-05-18 23:46:25 - __main__ - INFO - 
Epoch 75/100 | lr 0.008694
2026-05-18 23:46:37 - __main__ - INFO - Train: loss 0.2324 acc1 92.69%
2026-05-18 23:46:37 - __main__ - INFO - Val:   loss 2.6383 acc1 50.82%
2026-05-18 23:46:37 - __main__ - INFO - saved best: 50.82%
2026-05-18 23:46:37 - __main__ - INFO - 
Epoch 76/100 | lr 0.008076
2026-05-18 23:46:49 - __main__ - INFO - Train: loss 0.2137 acc1 93.43%
2026-05-18 23:46:49 - __main__ - INFO - Val:   loss 2.6583 acc1 50.16%
2026-05-18 23:46:49 - __main__ - INFO - 
Epoch 77/100 | lr 0.007478
2026-05-18 23:47:01 - __main__ - INFO - Train: loss 0.1963 acc1 93.99%
2026-05-18 23:47:01 - __main__ - INFO - Val:   loss 2.6754 acc1 50.70%
2026-05-18 23:47:01 - __main__ - INFO - 
Epoch 78/100 | lr 0.006898
2026-05-18 23:47:12 - __main__ - INFO - Train: loss 0.1862 acc1 94.21%
2026-05-18 23:47:12 - __main__ - INFO - Val:   loss 2.6455 acc1 50.95%
2026-05-18 23:47:12 - __main__ - INFO - saved best: 50.95%
2026-05-18 23:47:12 - __main__ - INFO - 
Epoch 79/100 | lr 0.006338
2026-05-18 23:47:25 - __main__ - INFO - Train: loss 0.1658 acc1 95.02%
2026-05-18 23:47:25 - __main__ - INFO - Val:   loss 2.6634 acc1 50.49%
2026-05-18 23:47:25 - __main__ - INFO - 
Epoch 80/100 | lr 0.005799
2026-05-18 23:47:37 - __main__ - INFO - Train: loss 0.1599 acc1 95.34%
2026-05-18 23:47:37 - __main__ - INFO - Val:   loss 2.6846 acc1 50.83%
2026-05-18 23:47:37 - __main__ - INFO - 
Epoch 81/100 | lr 0.005280
2026-05-18 23:47:49 - __main__ - INFO - Train: loss 0.1472 acc1 95.65%
2026-05-18 23:47:49 - __main__ - INFO - Val:   loss 2.6577 acc1 51.10%
2026-05-18 23:47:49 - __main__ - INFO - saved best: 51.10%
2026-05-18 23:47:49 - __main__ - INFO - 
Epoch 82/100 | lr 0.004784
2026-05-18 23:48:01 - __main__ - INFO - Train: loss 0.1418 acc1 95.93%
2026-05-18 23:48:01 - __main__ - INFO - Val:   loss 2.6958 acc1 50.82%
2026-05-18 23:48:01 - __main__ - INFO - 
Epoch 83/100 | lr 0.004309
2026-05-18 23:48:13 - __main__ - INFO - Train: loss 0.1272 acc1 96.35%
2026-05-18 23:48:13 - __main__ - INFO - Val:   loss 2.6736 acc1 50.80%
2026-05-18 23:48:13 - __main__ - INFO - 
Epoch 84/100 | lr 0.003857
2026-05-18 23:48:24 - __main__ - INFO - Train: loss 0.1199 acc1 96.61%
2026-05-18 23:48:24 - __main__ - INFO - Val:   loss 2.6600 acc1 51.52%
2026-05-18 23:48:24 - __main__ - INFO - saved best: 51.52%
2026-05-18 23:48:24 - __main__ - INFO - 
Epoch 85/100 | lr 0.003428
2026-05-18 23:48:36 - __main__ - INFO - Train: loss 0.1118 acc1 96.92%
2026-05-18 23:48:36 - __main__ - INFO - Val:   loss 2.6629 acc1 51.21%
2026-05-18 23:48:36 - __main__ - INFO - 
Epoch 86/100 | lr 0.003023
2026-05-18 23:48:48 - __main__ - INFO - Train: loss 0.1082 acc1 96.98%
2026-05-18 23:48:48 - __main__ - INFO - Val:   loss 2.6929 acc1 51.53%
2026-05-18 23:48:48 - __main__ - INFO - saved best: 51.53%
2026-05-18 23:48:48 - __main__ - INFO - 
Epoch 87/100 | lr 0.002641
2026-05-18 23:49:00 - __main__ - INFO - Train: loss 0.1015 acc1 97.26%
2026-05-18 23:49:00 - __main__ - INFO - Val:   loss 2.6827 acc1 51.81%
2026-05-18 23:49:00 - __main__ - INFO - saved best: 51.81%
2026-05-18 23:49:00 - __main__ - INFO - 
Epoch 88/100 | lr 0.002284
2026-05-18 23:49:11 - __main__ - INFO - Train: loss 0.0991 acc1 97.30%
2026-05-18 23:49:11 - __main__ - INFO - Val:   loss 2.6919 acc1 51.28%
2026-05-18 23:49:11 - __main__ - INFO - 
Epoch 89/100 | lr 0.001952
2026-05-18 23:49:23 - __main__ - INFO - Train: loss 0.0942 acc1 97.46%
2026-05-18 23:49:23 - __main__ - INFO - Val:   loss 2.6607 acc1 51.68%
2026-05-18 23:49:23 - __main__ - INFO - 
Epoch 90/100 | lr 0.001646
2026-05-18 23:49:35 - __main__ - INFO - Train: loss 0.0916 acc1 97.57%
2026-05-18 23:49:35 - __main__ - INFO - Val:   loss 2.6721 acc1 51.44%
2026-05-18 23:49:35 - __main__ - INFO - 
Epoch 91/100 | lr 0.001364
2026-05-18 23:49:46 - __main__ - INFO - Train: loss 0.0895 acc1 97.65%
2026-05-18 23:49:46 - __main__ - INFO - Val:   loss 2.6741 acc1 51.52%
2026-05-18 23:49:46 - __main__ - INFO - 
Epoch 92/100 | lr 0.001109
2026-05-18 23:49:58 - __main__ - INFO - Train: loss 0.0858 acc1 97.82%
2026-05-18 23:49:58 - __main__ - INFO - Val:   loss 2.6822 acc1 51.68%
2026-05-18 23:49:58 - __main__ - INFO - 
Epoch 93/100 | lr 0.000880
2026-05-18 23:50:09 - __main__ - INFO - Train: loss 0.0859 acc1 97.76%
2026-05-18 23:50:09 - __main__ - INFO - Val:   loss 2.6819 acc1 51.72%
2026-05-18 23:50:09 - __main__ - INFO - 
Epoch 94/100 | lr 0.000677
2026-05-18 23:50:21 - __main__ - INFO - Train: loss 0.0808 acc1 97.83%
2026-05-18 23:50:21 - __main__ - INFO - Val:   loss 2.6792 acc1 51.46%
2026-05-18 23:50:21 - __main__ - INFO - 
Epoch 95/100 | lr 0.000500
2026-05-18 23:50:32 - __main__ - INFO - Train: loss 0.0813 acc1 97.94%
2026-05-18 23:50:32 - __main__ - INFO - Val:   loss 2.6831 acc1 51.78%
2026-05-18 23:50:32 - __main__ - INFO - 
Epoch 96/100 | lr 0.000351
2026-05-18 23:50:44 - __main__ - INFO - Train: loss 0.0811 acc1 97.94%
2026-05-18 23:50:44 - __main__ - INFO - Val:   loss 2.6851 acc1 51.49%
2026-05-18 23:50:44 - __main__ - INFO - 
Epoch 97/100 | lr 0.000228
2026-05-18 23:50:56 - __main__ - INFO - Train: loss 0.0780 acc1 98.16%
2026-05-18 23:50:56 - __main__ - INFO - Val:   loss 2.6951 acc1 51.28%
2026-05-18 23:50:56 - __main__ - INFO - 
Epoch 98/100 | lr 0.000133
2026-05-18 23:51:08 - __main__ - INFO - Train: loss 0.0802 acc1 98.09%
2026-05-18 23:51:08 - __main__ - INFO - Val:   loss 2.6931 acc1 51.41%
2026-05-18 23:51:08 - __main__ - INFO - 
Epoch 99/100 | lr 0.000065
2026-05-18 23:51:19 - __main__ - INFO - Train: loss 0.0768 acc1 98.11%
2026-05-18 23:51:19 - __main__ - INFO - Val:   loss 2.6732 acc1 51.39%
2026-05-18 23:51:19 - __main__ - INFO - 
Epoch 100/100 | lr 0.000024
2026-05-18 23:51:31 - __main__ - INFO - Train: loss 0.0790 acc1 98.00%
2026-05-18 23:51:31 - __main__ - INFO - Val:   loss 2.6858 acc1 51.44%
2026-05-18 23:51:31 - __main__ - INFO - Loaded best checkpoint weights for final test evaluation.
2026-05-18 23:51:32 - __main__ - INFO - 
Best tracked (val): 51.81%
2026-05-18 23:51:32 - __main__ - INFO - Final test: loss 2.6404 acc1 53.13%
2026-05-18 23:51:33 - __main__ - INFO -   Final training settings for output efficientnet_b0 [original]: batch_size=128, amp=False
2026-05-18 23:51:36 - __main__ - INFO - Variant [original] done — test acc 53.13%, test loss 2.6404
2026-05-18 23:51:36 - __main__ - INFO - 
============================================================
2026-05-18 23:51:36 - __main__ - INFO - Training output model: efficientnet_b0 [low_saliency]
2026-05-18 23:51:36 - __main__ - INFO -   Resolved config → opt=sgd, lr=0.05, wd=0.0001, bs=128, epochs=100, scheduler=cosine, warmup=5
2026-05-18 23:51:36 - __main__ - INFO - ============================================================
2026-05-18 23:51:36 - __main__ - INFO -   Validation during training uses variant split with val_split=0.1
2026-05-18 23:51:36 - __main__ - INFO -   Final test uses low_saliency variant test split
2026-05-18 23:51:36 - __main__ - INFO -   Retry policy: training output efficientnet_b0 [low_saliency] with batch_size=128, amp=False
2026-05-18 23:51:36 - __main__ - INFO - device: cuda | cuda: True | gpu: NVIDIA L4
2026-05-18 23:51:37 - __main__ - INFO - Model: efficientnet_b0 | Dataset: cifar100 | Classes: 100 | Optimizer: sgd
2026-05-18 23:51:37 - __main__ - INFO - 
Epoch 1/100 | lr 0.000050
2026-05-18 23:51:48 - __main__ - INFO - Train: loss 4.6650 acc1 1.11%
2026-05-18 23:51:48 - __main__ - INFO - Val:   loss 4.6556 acc1 1.30%
2026-05-18 23:51:48 - __main__ - INFO - saved best: 1.30%
2026-05-18 23:51:48 - __main__ - INFO - 
Epoch 2/100 | lr 0.010040
2026-05-18 23:52:00 - __main__ - INFO - Train: loss 4.4845 acc1 2.80%
2026-05-18 23:52:00 - __main__ - INFO - Val:   loss 4.1963 acc1 6.25%
2026-05-18 23:52:01 - __main__ - INFO - saved best: 6.25%
2026-05-18 23:52:01 - __main__ - INFO - 
Epoch 3/100 | lr 0.020030
2026-05-18 23:52:13 - __main__ - INFO - Train: loss 4.0294 acc1 7.08%
2026-05-18 23:52:13 - __main__ - INFO - Val:   loss 3.7697 acc1 10.47%
2026-05-18 23:52:13 - __main__ - INFO - saved best: 10.47%
2026-05-18 23:52:13 - __main__ - INFO - 
Epoch 4/100 | lr 0.030020
2026-05-18 23:52:24 - __main__ - INFO - Train: loss 3.7563 acc1 11.12%
2026-05-18 23:52:24 - __main__ - INFO - Val:   loss 3.5887 acc1 13.82%
2026-05-18 23:52:24 - __main__ - INFO - saved best: 13.82%
2026-05-18 23:52:24 - __main__ - INFO - 
Epoch 5/100 | lr 0.040010
2026-05-18 23:52:36 - __main__ - INFO - Train: loss 3.5522 acc1 14.35%
2026-05-18 23:52:36 - __main__ - INFO - Val:   loss 3.4143 acc1 17.70%
2026-05-18 23:52:36 - __main__ - INFO - saved best: 17.70%
2026-05-18 23:52:36 - __main__ - INFO - 
Epoch 6/100 | lr 0.050000
2026-05-18 23:52:48 - __main__ - INFO - Train: loss 3.3807 acc1 17.52%
2026-05-18 23:52:48 - __main__ - INFO - Val:   loss 3.1991 acc1 21.93%
2026-05-18 23:52:48 - __main__ - INFO - saved best: 21.93%
2026-05-18 23:52:48 - __main__ - INFO - 
Epoch 7/100 | lr 0.049986
2026-05-18 23:53:00 - __main__ - INFO - Train: loss 3.1803 acc1 21.15%
2026-05-18 23:53:00 - __main__ - INFO - Val:   loss 3.0454 acc1 23.96%
2026-05-18 23:53:00 - __main__ - INFO - saved best: 23.96%
2026-05-18 23:53:00 - __main__ - INFO - 
Epoch 8/100 | lr 0.049945
2026-05-18 23:53:12 - __main__ - INFO - Train: loss 2.9819 acc1 24.57%
2026-05-18 23:53:12 - __main__ - INFO - Val:   loss 2.8488 acc1 28.16%
2026-05-18 23:53:12 - __main__ - INFO - saved best: 28.16%
2026-05-18 23:53:12 - __main__ - INFO - 
Epoch 9/100 | lr 0.049877
2026-05-18 23:53:24 - __main__ - INFO - Train: loss 2.8355 acc1 27.54%
2026-05-18 23:53:24 - __main__ - INFO - Val:   loss 2.8113 acc1 28.75%
2026-05-18 23:53:24 - __main__ - INFO - saved best: 28.75%
2026-05-18 23:53:24 - __main__ - INFO - 
Epoch 10/100 | lr 0.049782
2026-05-18 23:53:35 - __main__ - INFO - Train: loss 2.7355 acc1 29.53%
2026-05-18 23:53:35 - __main__ - INFO - Val:   loss 2.7352 acc1 28.84%
2026-05-18 23:53:35 - __main__ - INFO - saved best: 28.84%
2026-05-18 23:53:35 - __main__ - INFO - 
Epoch 11/100 | lr 0.049659
2026-05-18 23:53:47 - __main__ - INFO - Train: loss 2.6337 acc1 31.51%
2026-05-18 23:53:47 - __main__ - INFO - Val:   loss 2.5751 acc1 33.22%
2026-05-18 23:53:47 - __main__ - INFO - saved best: 33.22%
2026-05-18 23:53:47 - __main__ - INFO - 
Epoch 12/100 | lr 0.049510
2026-05-18 23:53:58 - __main__ - INFO - Train: loss 2.5416 acc1 33.52%
2026-05-18 23:53:58 - __main__ - INFO - Val:   loss 2.5242 acc1 34.62%
2026-05-18 23:53:58 - __main__ - INFO - saved best: 34.62%
2026-05-18 23:53:58 - __main__ - INFO - 
Epoch 13/100 | lr 0.049333
2026-05-18 23:54:10 - __main__ - INFO - Train: loss 2.4601 acc1 35.31%
2026-05-18 23:54:10 - __main__ - INFO - Val:   loss 2.4829 acc1 35.75%
2026-05-18 23:54:10 - __main__ - INFO - saved best: 35.75%
2026-05-18 23:54:10 - __main__ - INFO - 
Epoch 14/100 | lr 0.049130
2026-05-18 23:54:22 - __main__ - INFO - Train: loss 2.4242 acc1 35.91%
2026-05-18 23:54:22 - __main__ - INFO - Val:   loss 2.4003 acc1 36.89%
2026-05-18 23:54:22 - __main__ - INFO - saved best: 36.89%
2026-05-18 23:54:22 - __main__ - INFO - 
Epoch 15/100 | lr 0.048901
2026-05-18 23:54:34 - __main__ - INFO - Train: loss 2.3138 acc1 38.34%
2026-05-18 23:54:34 - __main__ - INFO - Val:   loss 2.3390 acc1 37.84%
2026-05-18 23:54:34 - __main__ - INFO - saved best: 37.84%
2026-05-18 23:54:34 - __main__ - INFO - 
Epoch 16/100 | lr 0.048646
2026-05-18 23:54:46 - __main__ - INFO - Train: loss 2.2495 acc1 39.83%
2026-05-18 23:54:46 - __main__ - INFO - Val:   loss 2.2963 acc1 39.71%
2026-05-18 23:54:46 - __main__ - INFO - saved best: 39.71%
2026-05-18 23:54:46 - __main__ - INFO - 
Epoch 17/100 | lr 0.048364
2026-05-18 23:54:57 - __main__ - INFO - Train: loss 2.1863 acc1 41.01%
2026-05-18 23:54:57 - __main__ - INFO - Val:   loss 2.3928 acc1 38.67%
2026-05-18 23:54:57 - __main__ - INFO - 
Epoch 18/100 | lr 0.048058
2026-05-18 23:55:09 - __main__ - INFO - Train: loss 2.1630 acc1 41.88%
2026-05-18 23:55:09 - __main__ - INFO - Val:   loss 2.5239 acc1 37.07%
2026-05-18 23:55:09 - __main__ - INFO - 
Epoch 19/100 | lr 0.047726
2026-05-18 23:55:21 - __main__ - INFO - Train: loss 2.1207 acc1 42.63%
2026-05-18 23:55:21 - __main__ - INFO - Val:   loss 2.1687 acc1 42.09%
2026-05-18 23:55:21 - __main__ - INFO - saved best: 42.09%
2026-05-18 23:55:21 - __main__ - INFO - 
Epoch 20/100 | lr 0.047369
2026-05-18 23:55:33 - __main__ - INFO - Train: loss 2.0680 acc1 43.81%
2026-05-18 23:55:33 - __main__ - INFO - Val:   loss 2.1536 acc1 43.14%
2026-05-18 23:55:33 - __main__ - INFO - saved best: 43.14%
2026-05-18 23:55:33 - __main__ - INFO - 
Epoch 21/100 | lr 0.046987
2026-05-18 23:55:45 - __main__ - INFO - Train: loss 2.0004 acc1 45.35%
2026-05-18 23:55:45 - __main__ - INFO - Val:   loss 2.0544 acc1 45.04%
2026-05-18 23:55:45 - __main__ - INFO - saved best: 45.04%
2026-05-18 23:55:45 - __main__ - INFO - 
Epoch 22/100 | lr 0.046582
2026-05-18 23:55:57 - __main__ - INFO - Train: loss 1.9351 acc1 46.72%
2026-05-18 23:55:57 - __main__ - INFO - Val:   loss 2.0611 acc1 44.53%
2026-05-18 23:55:57 - __main__ - INFO - 
Epoch 23/100 | lr 0.046153
2026-05-18 23:56:09 - __main__ - INFO - Train: loss 1.8934 acc1 47.85%
2026-05-18 23:56:09 - __main__ - INFO - Val:   loss 2.0113 acc1 46.73%
2026-05-18 23:56:09 - __main__ - INFO - saved best: 46.73%
2026-05-18 23:56:09 - __main__ - INFO - 
Epoch 24/100 | lr 0.045701
2026-05-18 23:56:20 - __main__ - INFO - Train: loss 2.0378 acc1 44.73%
2026-05-18 23:56:20 - __main__ - INFO - Val:   loss 2.4769 acc1 36.91%
2026-05-18 23:56:20 - __main__ - INFO - 
Epoch 25/100 | lr 0.045226
2026-05-18 23:56:32 - __main__ - INFO - Train: loss 2.1353 acc1 42.80%
2026-05-18 23:56:32 - __main__ - INFO - Val:   loss 2.1190 acc1 43.88%
2026-05-18 23:56:32 - __main__ - INFO - 
Epoch 26/100 | lr 0.044730
2026-05-18 23:56:43 - __main__ - INFO - Train: loss 2.5281 acc1 35.12%
2026-05-18 23:56:43 - __main__ - INFO - Val:   loss 2.8466 acc1 28.26%
2026-05-18 23:56:43 - __main__ - INFO - 
Epoch 27/100 | lr 0.044211
2026-05-18 23:56:55 - __main__ - INFO - Train: loss 2.5117 acc1 34.78%
2026-05-18 23:56:55 - __main__ - INFO - Val:   loss 2.4962 acc1 36.51%
2026-05-18 23:56:55 - __main__ - INFO - 
Epoch 28/100 | lr 0.043672
2026-05-18 23:57:07 - __main__ - INFO - Train: loss 2.1736 acc1 41.75%
2026-05-18 23:57:07 - __main__ - INFO - Val:   loss 2.1966 acc1 42.93%
2026-05-18 23:57:07 - __main__ - INFO - 
Epoch 29/100 | lr 0.043112
2026-05-18 23:57:19 - __main__ - INFO - Train: loss 2.1414 acc1 42.54%
2026-05-18 23:57:19 - __main__ - INFO - Val:   loss 2.2031 acc1 42.64%
2026-05-18 23:57:19 - __main__ - INFO - 
Epoch 30/100 | lr 0.042532
2026-05-18 23:57:31 - __main__ - INFO - Train: loss 1.9999 acc1 45.57%
2026-05-18 23:57:31 - __main__ - INFO - Val:   loss 2.1147 acc1 43.78%
2026-05-18 23:57:31 - __main__ - INFO - 
Epoch 31/100 | lr 0.041934
2026-05-18 23:57:43 - __main__ - INFO - Train: loss 1.9248 acc1 47.01%
2026-05-18 23:57:43 - __main__ - INFO - Val:   loss 2.1187 acc1 44.40%
2026-05-18 23:57:43 - __main__ - INFO - 
Epoch 32/100 | lr 0.041316
2026-05-18 23:57:55 - __main__ - INFO - Train: loss 1.8490 acc1 49.12%
2026-05-18 23:57:55 - __main__ - INFO - Val:   loss 2.0571 acc1 45.92%
2026-05-18 23:57:55 - __main__ - INFO - 
Epoch 33/100 | lr 0.040681
2026-05-18 23:58:07 - __main__ - INFO - Train: loss 1.7797 acc1 50.22%
2026-05-18 23:58:07 - __main__ - INFO - Val:   loss 2.0598 acc1 46.16%
2026-05-18 23:58:07 - __main__ - INFO - 
Epoch 34/100 | lr 0.040029
2026-05-18 23:58:19 - __main__ - INFO - Train: loss 1.7644 acc1 50.98%
2026-05-18 23:58:19 - __main__ - INFO - Val:   loss 2.0043 acc1 46.65%
2026-05-18 23:58:19 - __main__ - INFO - 
Epoch 35/100 | lr 0.039360
2026-05-18 23:58:30 - __main__ - INFO - Train: loss 1.7581 acc1 50.95%
2026-05-18 23:58:30 - __main__ - INFO - Val:   loss 2.2203 acc1 44.66%
2026-05-18 23:58:30 - __main__ - INFO - 
Epoch 36/100 | lr 0.038676
2026-05-18 23:58:42 - __main__ - INFO - Train: loss 1.7116 acc1 52.33%
2026-05-18 23:58:42 - __main__ - INFO - Val:   loss 2.0332 acc1 47.00%
2026-05-18 23:58:42 - __main__ - INFO - saved best: 47.00%
2026-05-18 23:58:42 - __main__ - INFO - 
Epoch 37/100 | lr 0.037977
2026-05-18 23:58:54 - __main__ - INFO - Train: loss 1.6183 acc1 53.96%
2026-05-18 23:58:54 - __main__ - INFO - Val:   loss 1.9160 acc1 49.36%
2026-05-18 23:58:54 - __main__ - INFO - saved best: 49.36%
2026-05-18 23:58:54 - __main__ - INFO - 
Epoch 38/100 | lr 0.037263
2026-05-18 23:59:06 - __main__ - INFO - Train: loss 1.5732 acc1 55.28%
2026-05-18 23:59:06 - __main__ - INFO - Val:   loss 1.9753 acc1 49.48%
2026-05-18 23:59:06 - __main__ - INFO - saved best: 49.48%
2026-05-18 23:59:06 - __main__ - INFO - 
Epoch 39/100 | lr 0.036536
2026-05-18 23:59:17 - __main__ - INFO - Train: loss 1.5307 acc1 56.46%
2026-05-18 23:59:17 - __main__ - INFO - Val:   loss 1.9623 acc1 48.75%
2026-05-18 23:59:17 - __main__ - INFO - 
Epoch 40/100 | lr 0.035797
2026-05-18 23:59:29 - __main__ - INFO - Train: loss 1.4741 acc1 57.69%
2026-05-18 23:59:29 - __main__ - INFO - Val:   loss 1.9143 acc1 50.19%
2026-05-18 23:59:29 - __main__ - INFO - saved best: 50.19%
2026-05-18 23:59:29 - __main__ - INFO - 
Epoch 41/100 | lr 0.035045
2026-05-18 23:59:41 - __main__ - INFO - Train: loss 1.4276 acc1 58.59%
2026-05-18 23:59:41 - __main__ - INFO - Val:   loss 1.9271 acc1 50.33%
2026-05-18 23:59:41 - __main__ - INFO - saved best: 50.33%
2026-05-18 23:59:41 - __main__ - INFO - 
Epoch 42/100 | lr 0.034283
2026-05-18 23:59:52 - __main__ - INFO - Train: loss 1.4099 acc1 59.19%
2026-05-18 23:59:52 - __main__ - INFO - Val:   loss 1.9229 acc1 49.57%
2026-05-18 23:59:52 - __main__ - INFO - 
Epoch 43/100 | lr 0.033511
2026-05-19 00:00:04 - __main__ - INFO - Train: loss 1.3510 acc1 60.85%
2026-05-19 00:00:04 - __main__ - INFO - Val:   loss 1.8793 acc1 50.76%
2026-05-19 00:00:04 - __main__ - INFO - saved best: 50.76%
2026-05-19 00:00:04 - __main__ - INFO - 
Epoch 44/100 | lr 0.032729
2026-05-19 00:00:16 - __main__ - INFO - Train: loss 1.3089 acc1 61.73%
2026-05-19 00:00:16 - __main__ - INFO - Val:   loss 1.8862 acc1 50.89%
2026-05-19 00:00:16 - __main__ - INFO - saved best: 50.89%
2026-05-19 00:00:16 - __main__ - INFO - 
Epoch 45/100 | lr 0.031939
2026-05-19 00:00:27 - __main__ - INFO - Train: loss 1.2719 acc1 62.59%
2026-05-19 00:00:27 - __main__ - INFO - Val:   loss 1.9546 acc1 50.23%
2026-05-19 00:00:27 - __main__ - INFO - 
Epoch 46/100 | lr 0.031141
2026-05-19 00:00:39 - __main__ - INFO - Train: loss 1.2441 acc1 63.45%
2026-05-19 00:00:39 - __main__ - INFO - Val:   loss 1.8871 acc1 51.20%
2026-05-19 00:00:39 - __main__ - INFO - saved best: 51.20%
2026-05-19 00:00:39 - __main__ - INFO - 
Epoch 47/100 | lr 0.030336
2026-05-19 00:00:51 - __main__ - INFO - Train: loss 1.1928 acc1 64.75%
2026-05-19 00:00:51 - __main__ - INFO - Val:   loss 1.9506 acc1 50.97%
2026-05-19 00:00:51 - __main__ - INFO - 
Epoch 48/100 | lr 0.029526
2026-05-19 00:01:03 - __main__ - INFO - Train: loss 1.1519 acc1 65.48%
2026-05-19 00:01:03 - __main__ - INFO - Val:   loss 1.9478 acc1 51.07%
2026-05-19 00:01:03 - __main__ - INFO - 
Epoch 49/100 | lr 0.028711
2026-05-19 00:01:15 - __main__ - INFO - Train: loss 1.1186 acc1 66.40%
2026-05-19 00:01:15 - __main__ - INFO - Val:   loss 1.9213 acc1 52.29%
2026-05-19 00:01:15 - __main__ - INFO - saved best: 52.29%
2026-05-19 00:01:15 - __main__ - INFO - 
Epoch 50/100 | lr 0.027892
2026-05-19 00:01:26 - __main__ - INFO - Train: loss 1.0752 acc1 67.73%
2026-05-19 00:01:26 - __main__ - INFO - Val:   loss 1.9557 acc1 51.71%
2026-05-19 00:01:26 - __main__ - INFO - 
Epoch 51/100 | lr 0.027069
2026-05-19 00:01:38 - __main__ - INFO - Train: loss 1.0567 acc1 67.99%
2026-05-19 00:01:38 - __main__ - INFO - Val:   loss 2.0123 acc1 50.99%
2026-05-19 00:01:38 - __main__ - INFO - 
Epoch 52/100 | lr 0.026244
2026-05-19 00:01:50 - __main__ - INFO - Train: loss 1.0156 acc1 69.20%
2026-05-19 00:01:50 - __main__ - INFO - Val:   loss 1.9384 acc1 52.25%
2026-05-19 00:01:50 - __main__ - INFO - 
Epoch 53/100 | lr 0.025418
2026-05-19 00:02:02 - __main__ - INFO - Train: loss 0.9823 acc1 70.17%
2026-05-19 00:02:02 - __main__ - INFO - Val:   loss 1.9485 acc1 51.63%
2026-05-19 00:02:02 - __main__ - INFO - 
Epoch 54/100 | lr 0.024592
2026-05-19 00:02:14 - __main__ - INFO - Train: loss 0.9379 acc1 71.12%
2026-05-19 00:02:14 - __main__ - INFO - Val:   loss 2.0143 acc1 50.93%
2026-05-19 00:02:14 - __main__ - INFO - 
Epoch 55/100 | lr 0.023766
2026-05-19 00:02:25 - __main__ - INFO - Train: loss 0.9025 acc1 72.27%
2026-05-19 00:02:25 - __main__ - INFO - Val:   loss 1.9840 acc1 51.64%
2026-05-19 00:02:25 - __main__ - INFO - 
Epoch 56/100 | lr 0.022941
2026-05-19 00:02:37 - __main__ - INFO - Train: loss 0.8690 acc1 73.40%
2026-05-19 00:02:37 - __main__ - INFO - Val:   loss 2.0150 acc1 52.00%
2026-05-19 00:02:37 - __main__ - INFO - 
Epoch 57/100 | lr 0.022118
2026-05-19 00:02:48 - __main__ - INFO - Train: loss 0.8407 acc1 74.13%
2026-05-19 00:02:48 - __main__ - INFO - Val:   loss 2.0682 acc1 51.87%
2026-05-19 00:02:48 - __main__ - INFO - 
Epoch 58/100 | lr 0.021299
2026-05-19 00:03:01 - __main__ - INFO - Train: loss 0.7960 acc1 75.19%
2026-05-19 00:03:01 - __main__ - INFO - Val:   loss 2.1206 acc1 51.50%
2026-05-19 00:03:01 - __main__ - INFO - 
Epoch 59/100 | lr 0.020484
2026-05-19 00:03:12 - __main__ - INFO - Train: loss 0.7512 acc1 76.37%
2026-05-19 00:03:12 - __main__ - INFO - Val:   loss 2.0392 acc1 51.95%
2026-05-19 00:03:12 - __main__ - INFO - 
Epoch 60/100 | lr 0.019674
2026-05-19 00:03:25 - __main__ - INFO - Train: loss 0.7227 acc1 77.18%
2026-05-19 00:03:25 - __main__ - INFO - Val:   loss 2.0939 acc1 52.16%
2026-05-19 00:03:25 - __main__ - INFO - 
Epoch 61/100 | lr 0.018869
2026-05-19 00:03:36 - __main__ - INFO - Train: loss 0.6829 acc1 78.66%
2026-05-19 00:03:36 - __main__ - INFO - Val:   loss 2.0918 acc1 52.39%
2026-05-19 00:03:36 - __main__ - INFO - saved best: 52.39%
2026-05-19 00:03:36 - __main__ - INFO - 
Epoch 62/100 | lr 0.018071
2026-05-19 00:03:48 - __main__ - INFO - Train: loss 0.6451 acc1 79.56%
2026-05-19 00:03:48 - __main__ - INFO - Val:   loss 2.1502 acc1 52.35%
2026-05-19 00:03:48 - __main__ - INFO - 
Epoch 63/100 | lr 0.017281
2026-05-19 00:04:00 - __main__ - INFO - Train: loss 0.6157 acc1 80.75%
2026-05-19 00:04:00 - __main__ - INFO - Val:   loss 2.1642 acc1 52.17%
2026-05-19 00:04:00 - __main__ - INFO - 
Epoch 64/100 | lr 0.016499
2026-05-19 00:04:12 - __main__ - INFO - Train: loss 0.5745 acc1 81.61%
2026-05-19 00:04:12 - __main__ - INFO - Val:   loss 2.1308 acc1 52.63%
2026-05-19 00:04:12 - __main__ - INFO - saved best: 52.63%
2026-05-19 00:04:12 - __main__ - INFO - 
Epoch 65/100 | lr 0.015727
2026-05-19 00:04:23 - __main__ - INFO - Train: loss 0.5482 acc1 82.62%
2026-05-19 00:04:23 - __main__ - INFO - Val:   loss 2.1455 acc1 53.50%
2026-05-19 00:04:23 - __main__ - INFO - saved best: 53.50%
2026-05-19 00:04:23 - __main__ - INFO - 
Epoch 66/100 | lr 0.014965
2026-05-19 00:04:35 - __main__ - INFO - Train: loss 0.5101 acc1 83.81%
2026-05-19 00:04:35 - __main__ - INFO - Val:   loss 2.1548 acc1 52.93%
2026-05-19 00:04:35 - __main__ - INFO - 
Epoch 67/100 | lr 0.014213
2026-05-19 00:04:47 - __main__ - INFO - Train: loss 0.4800 acc1 84.57%
2026-05-19 00:04:47 - __main__ - INFO - Val:   loss 2.2065 acc1 52.95%
2026-05-19 00:04:47 - __main__ - INFO - 
Epoch 68/100 | lr 0.013474
2026-05-19 00:04:59 - __main__ - INFO - Train: loss 0.4458 acc1 85.68%
2026-05-19 00:04:59 - __main__ - INFO - Val:   loss 2.2533 acc1 52.38%
2026-05-19 00:04:59 - __main__ - INFO - 
Epoch 69/100 | lr 0.012747
2026-05-19 00:05:11 - __main__ - INFO - Train: loss 0.4244 acc1 86.40%
2026-05-19 00:05:11 - __main__ - INFO - Val:   loss 2.2885 acc1 52.26%
2026-05-19 00:05:11 - __main__ - INFO - 
Epoch 70/100 | lr 0.012033
2026-05-19 00:05:23 - __main__ - INFO - Train: loss 0.3931 acc1 87.42%
2026-05-19 00:05:23 - __main__ - INFO - Val:   loss 2.2548 acc1 52.94%
2026-05-19 00:05:23 - __main__ - INFO - 
Epoch 71/100 | lr 0.011334
2026-05-19 00:05:34 - __main__ - INFO - Train: loss 0.3697 acc1 88.18%
2026-05-19 00:05:34 - __main__ - INFO - Val:   loss 2.2606 acc1 53.20%
2026-05-19 00:05:34 - __main__ - INFO - 
Epoch 72/100 | lr 0.010650
2026-05-19 00:05:45 - __main__ - INFO - Train: loss 0.3400 acc1 89.12%
2026-05-19 00:05:45 - __main__ - INFO - Val:   loss 2.3026 acc1 53.87%
2026-05-19 00:05:45 - __main__ - INFO - saved best: 53.87%
2026-05-19 00:05:45 - __main__ - INFO - 
Epoch 73/100 | lr 0.009981
2026-05-19 00:05:57 - __main__ - INFO - Train: loss 0.3114 acc1 90.21%
2026-05-19 00:05:57 - __main__ - INFO - Val:   loss 2.2911 acc1 53.33%
2026-05-19 00:05:57 - __main__ - INFO - 
Epoch 74/100 | lr 0.009329
2026-05-19 00:06:09 - __main__ - INFO - Train: loss 0.2894 acc1 90.91%
2026-05-19 00:06:09 - __main__ - INFO - Val:   loss 2.3603 acc1 53.04%
2026-05-19 00:06:09 - __main__ - INFO - 
Epoch 75/100 | lr 0.008694
2026-05-19 00:06:20 - __main__ - INFO - Train: loss 0.2623 acc1 91.84%
2026-05-19 00:06:20 - __main__ - INFO - Val:   loss 2.3545 acc1 53.59%
2026-05-19 00:06:20 - __main__ - INFO - 
Epoch 76/100 | lr 0.008076
2026-05-19 00:06:32 - __main__ - INFO - Train: loss 0.2484 acc1 92.32%
2026-05-19 00:06:32 - __main__ - INFO - Val:   loss 2.3710 acc1 53.93%
2026-05-19 00:06:32 - __main__ - INFO - saved best: 53.93%
2026-05-19 00:06:32 - __main__ - INFO - 
Epoch 77/100 | lr 0.007478
2026-05-19 00:06:45 - __main__ - INFO - Train: loss 0.2372 acc1 92.56%
2026-05-19 00:06:45 - __main__ - INFO - Val:   loss 2.3723 acc1 53.97%
2026-05-19 00:06:45 - __main__ - INFO - saved best: 53.97%
2026-05-19 00:06:45 - __main__ - INFO - 
Epoch 78/100 | lr 0.006898
2026-05-19 00:06:56 - __main__ - INFO - Train: loss 0.2126 acc1 93.64%
2026-05-19 00:06:56 - __main__ - INFO - Val:   loss 2.3676 acc1 53.95%
2026-05-19 00:06:56 - __main__ - INFO - 
Epoch 79/100 | lr 0.006338
2026-05-19 00:07:09 - __main__ - INFO - Train: loss 0.1969 acc1 94.02%
2026-05-19 00:07:09 - __main__ - INFO - Val:   loss 2.3716 acc1 54.30%
2026-05-19 00:07:09 - __main__ - INFO - saved best: 54.30%
2026-05-19 00:07:09 - __main__ - INFO - 
Epoch 80/100 | lr 0.005799
2026-05-19 00:07:21 - __main__ - INFO - Train: loss 0.1855 acc1 94.40%
2026-05-19 00:07:21 - __main__ - INFO - Val:   loss 2.3668 acc1 54.27%
2026-05-19 00:07:21 - __main__ - INFO - 
Epoch 81/100 | lr 0.005280
2026-05-19 00:07:33 - __main__ - INFO - Train: loss 0.1712 acc1 94.96%
2026-05-19 00:07:33 - __main__ - INFO - Val:   loss 2.4018 acc1 54.17%
2026-05-19 00:07:33 - __main__ - INFO - 
Epoch 82/100 | lr 0.004784
2026-05-19 00:07:45 - __main__ - INFO - Train: loss 0.1589 acc1 95.39%
2026-05-19 00:07:45 - __main__ - INFO - Val:   loss 2.4062 acc1 54.12%
2026-05-19 00:07:45 - __main__ - INFO - 
Epoch 83/100 | lr 0.004309
2026-05-19 00:07:57 - __main__ - INFO - Train: loss 0.1518 acc1 95.44%
2026-05-19 00:07:57 - __main__ - INFO - Val:   loss 2.3931 acc1 54.40%
2026-05-19 00:07:57 - __main__ - INFO - saved best: 54.40%
2026-05-19 00:07:57 - __main__ - INFO - 
Epoch 84/100 | lr 0.003857
2026-05-19 00:08:09 - __main__ - INFO - Train: loss 0.1448 acc1 95.91%
2026-05-19 00:08:09 - __main__ - INFO - Val:   loss 2.4095 acc1 54.47%
2026-05-19 00:08:09 - __main__ - INFO - saved best: 54.47%
2026-05-19 00:08:09 - __main__ - INFO - 
Epoch 85/100 | lr 0.003428
2026-05-19 00:08:21 - __main__ - INFO - Train: loss 0.1345 acc1 96.19%
2026-05-19 00:08:21 - __main__ - INFO - Val:   loss 2.4225 acc1 54.11%
2026-05-19 00:08:21 - __main__ - INFO - 
Epoch 86/100 | lr 0.003023
2026-05-19 00:08:33 - __main__ - INFO - Train: loss 0.1286 acc1 96.49%
2026-05-19 00:08:33 - __main__ - INFO - Val:   loss 2.4362 acc1 54.34%
2026-05-19 00:08:33 - __main__ - INFO - 
Epoch 87/100 | lr 0.002641
2026-05-19 00:08:46 - __main__ - INFO - Train: loss 0.1180 acc1 96.77%
2026-05-19 00:08:46 - __main__ - INFO - Val:   loss 2.4025 acc1 54.32%
2026-05-19 00:08:46 - __main__ - INFO - 
Epoch 88/100 | lr 0.002284
2026-05-19 00:08:59 - __main__ - INFO - Train: loss 0.1128 acc1 96.88%
2026-05-19 00:08:59 - __main__ - INFO - Val:   loss 2.4077 acc1 54.61%
2026-05-19 00:08:59 - __main__ - INFO - saved best: 54.61%
2026-05-19 00:08:59 - __main__ - INFO - 
Epoch 89/100 | lr 0.001952
2026-05-19 00:09:11 - __main__ - INFO - Train: loss 0.1121 acc1 96.96%
2026-05-19 00:09:11 - __main__ - INFO - Val:   loss 2.4154 acc1 54.50%
2026-05-19 00:09:11 - __main__ - INFO - 
Epoch 90/100 | lr 0.001646
2026-05-19 00:09:23 - __main__ - INFO - Train: loss 0.1055 acc1 97.15%
2026-05-19 00:09:23 - __main__ - INFO - Val:   loss 2.4126 acc1 54.68%
2026-05-19 00:09:23 - __main__ - INFO - saved best: 54.68%
2026-05-19 00:09:23 - __main__ - INFO - 
Epoch 91/100 | lr 0.001364
2026-05-19 00:09:35 - __main__ - INFO - Train: loss 0.1036 acc1 97.24%
2026-05-19 00:09:35 - __main__ - INFO - Val:   loss 2.4227 acc1 54.94%
2026-05-19 00:09:35 - __main__ - INFO - saved best: 54.94%
2026-05-19 00:09:35 - __main__ - INFO - 
Epoch 92/100 | lr 0.001109
2026-05-19 00:09:47 - __main__ - INFO - Train: loss 0.0988 acc1 97.45%
2026-05-19 00:09:47 - __main__ - INFO - Val:   loss 2.4132 acc1 55.32%
2026-05-19 00:09:47 - __main__ - INFO - saved best: 55.32%
2026-05-19 00:09:47 - __main__ - INFO - 
Epoch 93/100 | lr 0.000880
2026-05-19 00:09:59 - __main__ - INFO - Train: loss 0.0991 acc1 97.40%
2026-05-19 00:09:59 - __main__ - INFO - Val:   loss 2.4236 acc1 54.47%
2026-05-19 00:09:59 - __main__ - INFO - 
Epoch 94/100 | lr 0.000677
2026-05-19 00:10:11 - __main__ - INFO - Train: loss 0.0964 acc1 97.45%
2026-05-19 00:10:11 - __main__ - INFO - Val:   loss 2.4219 acc1 54.63%
2026-05-19 00:10:11 - __main__ - INFO - 
Epoch 95/100 | lr 0.000500
2026-05-19 00:10:23 - __main__ - INFO - Train: loss 0.0941 acc1 97.62%
2026-05-19 00:10:23 - __main__ - INFO - Val:   loss 2.4124 acc1 54.62%
2026-05-19 00:10:23 - __main__ - INFO - 
Epoch 96/100 | lr 0.000351
2026-05-19 00:10:34 - __main__ - INFO - Train: loss 0.0926 acc1 97.63%
2026-05-19 00:10:34 - __main__ - INFO - Val:   loss 2.4201 acc1 54.57%
2026-05-19 00:10:34 - __main__ - INFO - 
Epoch 97/100 | lr 0.000228
2026-05-19 00:10:46 - __main__ - INFO - Train: loss 0.0955 acc1 97.57%
2026-05-19 00:10:46 - __main__ - INFO - Val:   loss 2.4096 acc1 54.79%
2026-05-19 00:10:46 - __main__ - INFO - 
Epoch 98/100 | lr 0.000133
2026-05-19 00:10:58 - __main__ - INFO - Train: loss 0.0902 acc1 97.71%
2026-05-19 00:10:58 - __main__ - INFO - Val:   loss 2.4268 acc1 54.48%
2026-05-19 00:10:58 - __main__ - INFO - 
Epoch 99/100 | lr 0.000065
2026-05-19 00:11:09 - __main__ - INFO - Train: loss 0.0934 acc1 97.69%
2026-05-19 00:11:09 - __main__ - INFO - Val:   loss 2.4273 acc1 54.95%
2026-05-19 00:11:09 - __main__ - INFO - 
Epoch 100/100 | lr 0.000024
2026-05-19 00:11:22 - __main__ - INFO - Train: loss 0.0908 acc1 97.79%
2026-05-19 00:11:22 - __main__ - INFO - Val:   loss 2.4247 acc1 54.74%
2026-05-19 00:11:22 - __main__ - INFO - Loaded best checkpoint weights for final test evaluation.
2026-05-19 00:11:23 - __main__ - INFO - 
Best tracked (val): 55.32%
2026-05-19 00:11:23 - __main__ - INFO - Final test: loss 2.6149 acc1 54.54%
2026-05-19 00:11:24 - __main__ - INFO -   Final training settings for output efficientnet_b0 [low_saliency]: batch_size=128, amp=False
2026-05-19 00:11:27 - __main__ - INFO - Variant [low_saliency] done — test acc 54.54%, test loss 2.6149
2026-05-19 00:11:28 - __main__ - INFO - Saved validation comparison plot: runs/cifar100_2026_05/18/output_models/efficientnet_b0/validation_comparison_plot.png
2026-05-19 00:11:28 - __main__ - INFO - 
Starting output model sweep: mobilenet_v3_small
2026-05-19 00:11:28 - __main__ - INFO - 
============================================================
2026-05-19 00:11:28 - __main__ - INFO - Training output model: mobilenet_v3_small [original]
2026-05-19 00:11:28 - __main__ - INFO -   Resolved config → opt=sgd, lr=0.01, wd=1e-05, bs=128, epochs=100, scheduler=cosine, warmup=5
2026-05-19 00:11:28 - __main__ - INFO - ============================================================
2026-05-19 00:11:28 - __main__ - INFO -   Validation during training uses variant split with val_split=0.1
2026-05-19 00:11:28 - __main__ - INFO -   Final test uses original test split
2026-05-19 00:11:28 - __main__ - INFO -   Retry policy: training output mobilenet_v3_small [original] with batch_size=128, amp=False
2026-05-19 00:11:28 - __main__ - INFO - device: cuda | cuda: True | gpu: NVIDIA L4
2026-05-19 00:11:28 - __main__ - INFO - Model: mobilenet_v3_small | Dataset: cifar100 | Classes: 100 | Optimizer: sgd
2026-05-19 00:11:28 - __main__ - INFO - 
Epoch 1/100 | lr 0.000010
2026-05-19 00:11:37 - __main__ - INFO - Train: loss 4.6061 acc1 1.11%
2026-05-19 00:11:37 - __main__ - INFO - Val:   loss 4.6059 acc1 1.11%
2026-05-19 00:11:37 - __main__ - INFO - saved best: 1.11%
2026-05-19 00:11:37 - __main__ - INFO - 
Epoch 2/100 | lr 0.002008
2026-05-19 00:11:45 - __main__ - INFO - Train: loss 4.5790 acc1 1.61%
2026-05-19 00:11:45 - __main__ - INFO - Val:   loss 4.5872 acc1 1.77%
2026-05-19 00:11:45 - __main__ - INFO - saved best: 1.77%
2026-05-19 00:11:45 - __main__ - INFO - 
Epoch 3/100 | lr 0.004006
2026-05-19 00:11:53 - __main__ - INFO - Train: loss 4.5469 acc1 1.99%
2026-05-19 00:11:53 - __main__ - INFO - Val:   loss 4.6341 acc1 1.93%
2026-05-19 00:11:53 - __main__ - INFO - saved best: 1.93%
2026-05-19 00:11:53 - __main__ - INFO - 
Epoch 4/100 | lr 0.006004
2026-05-19 00:12:01 - __main__ - INFO - Train: loss 4.4105 acc1 2.93%
2026-05-19 00:12:01 - __main__ - INFO - Val:   loss 4.3445 acc1 3.87%
2026-05-19 00:12:01 - __main__ - INFO - saved best: 3.87%
2026-05-19 00:12:01 - __main__ - INFO - 
Epoch 5/100 | lr 0.008002
2026-05-19 00:12:10 - __main__ - INFO - Train: loss 4.0979 acc1 6.47%
2026-05-19 00:12:10 - __main__ - INFO - Val:   loss 4.3453 acc1 7.08%
2026-05-19 00:12:10 - __main__ - INFO - saved best: 7.08%
2026-05-19 00:12:10 - __main__ - INFO - 
Epoch 6/100 | lr 0.010000
2026-05-19 00:12:18 - __main__ - INFO - Train: loss 3.8341 acc1 9.96%
2026-05-19 00:12:18 - __main__ - INFO - Val:   loss 4.0767 acc1 9.12%
2026-05-19 00:12:18 - __main__ - INFO - saved best: 9.12%
2026-05-19 00:12:18 - __main__ - INFO - 
Epoch 7/100 | lr 0.009997
2026-05-19 00:12:26 - __main__ - INFO - Train: loss 3.6714 acc1 12.23%
2026-05-19 00:12:26 - __main__ - INFO - Val:   loss 3.6015 acc1 14.70%
2026-05-19 00:12:26 - __main__ - INFO - saved best: 14.70%
2026-05-19 00:12:26 - __main__ - INFO - 
Epoch 8/100 | lr 0.009989
2026-05-19 00:12:34 - __main__ - INFO - Train: loss 3.5500 acc1 14.51%
2026-05-19 00:12:34 - __main__ - INFO - Val:   loss 3.4813 acc1 16.29%
2026-05-19 00:12:34 - __main__ - INFO - saved best: 16.29%
2026-05-19 00:12:34 - __main__ - INFO - 
Epoch 9/100 | lr 0.009975
2026-05-19 00:12:42 - __main__ - INFO - Train: loss 3.4407 acc1 16.34%
2026-05-19 00:12:42 - __main__ - INFO - Val:   loss 3.5117 acc1 17.24%
2026-05-19 00:12:42 - __main__ - INFO - saved best: 17.24%
2026-05-19 00:12:42 - __main__ - INFO - 
Epoch 10/100 | lr 0.009956
2026-05-19 00:12:50 - __main__ - INFO - Train: loss 3.3475 acc1 17.93%
2026-05-19 00:12:50 - __main__ - INFO - Val:   loss 3.3222 acc1 19.20%
2026-05-19 00:12:50 - __main__ - INFO - saved best: 19.20%
2026-05-19 00:12:50 - __main__ - INFO - 
Epoch 11/100 | lr 0.009932
2026-05-19 00:12:58 - __main__ - INFO - Train: loss 3.2707 acc1 19.62%
2026-05-19 00:12:58 - __main__ - INFO - Val:   loss 3.2162 acc1 21.51%
2026-05-19 00:12:58 - __main__ - INFO - saved best: 21.51%
2026-05-19 00:12:58 - __main__ - INFO - 
Epoch 12/100 | lr 0.009902
2026-05-19 00:13:06 - __main__ - INFO - Train: loss 3.2080 acc1 20.96%
2026-05-19 00:13:06 - __main__ - INFO - Val:   loss 3.2436 acc1 21.31%
2026-05-19 00:13:06 - __main__ - INFO - 
Epoch 13/100 | lr 0.009867
2026-05-19 00:13:14 - __main__ - INFO - Train: loss 3.1508 acc1 22.02%
2026-05-19 00:13:14 - __main__ - INFO - Val:   loss 3.1514 acc1 22.64%
2026-05-19 00:13:14 - __main__ - INFO - saved best: 22.64%
2026-05-19 00:13:14 - __main__ - INFO - 
Epoch 14/100 | lr 0.009826
2026-05-19 00:13:22 - __main__ - INFO - Train: loss 3.0908 acc1 23.04%
2026-05-19 00:13:22 - __main__ - INFO - Val:   loss 3.1244 acc1 23.02%
2026-05-19 00:13:22 - __main__ - INFO - saved best: 23.02%
2026-05-19 00:13:22 - __main__ - INFO - 
Epoch 15/100 | lr 0.009780
2026-05-19 00:13:30 - __main__ - INFO - Train: loss 3.0372 acc1 24.04%
2026-05-19 00:13:30 - __main__ - INFO - Val:   loss 3.0379 acc1 23.85%
2026-05-19 00:13:30 - __main__ - INFO - saved best: 23.85%
2026-05-19 00:13:30 - __main__ - INFO - 
Epoch 16/100 | lr 0.009729
2026-05-19 00:13:38 - __main__ - INFO - Train: loss 2.9808 acc1 25.12%
2026-05-19 00:13:38 - __main__ - INFO - Val:   loss 2.9947 acc1 24.97%
2026-05-19 00:13:38 - __main__ - INFO - saved best: 24.97%
2026-05-19 00:13:38 - __main__ - INFO - 
Epoch 17/100 | lr 0.009673
2026-05-19 00:13:48 - __main__ - INFO - Train: loss 2.9387 acc1 25.79%
2026-05-19 00:13:48 - __main__ - INFO - Val:   loss 2.9641 acc1 26.72%
2026-05-19 00:13:48 - __main__ - INFO - saved best: 26.72%
2026-05-19 00:13:48 - __main__ - INFO - 
Epoch 18/100 | lr 0.009612
2026-05-19 00:13:56 - __main__ - INFO - Train: loss 2.8921 acc1 26.88%
2026-05-19 00:13:56 - __main__ - INFO - Val:   loss 2.9260 acc1 26.65%
2026-05-19 00:13:56 - __main__ - INFO - 
Epoch 19/100 | lr 0.009545
2026-05-19 00:14:04 - __main__ - INFO - Train: loss 2.8413 acc1 27.71%
2026-05-19 00:14:04 - __main__ - INFO - Val:   loss 2.9231 acc1 27.51%
2026-05-19 00:14:04 - __main__ - INFO - saved best: 27.51%
2026-05-19 00:14:04 - __main__ - INFO - 
Epoch 20/100 | lr 0.009474
2026-05-19 00:14:12 - __main__ - INFO - Train: loss 2.8070 acc1 28.59%
2026-05-19 00:14:12 - __main__ - INFO - Val:   loss 2.8254 acc1 29.54%
2026-05-19 00:14:12 - __main__ - INFO - saved best: 29.54%
2026-05-19 00:14:12 - __main__ - INFO - 
Epoch 21/100 | lr 0.009398
2026-05-19 00:14:21 - __main__ - INFO - Train: loss 2.7647 acc1 29.23%
2026-05-19 00:14:21 - __main__ - INFO - Val:   loss 2.7879 acc1 30.08%
2026-05-19 00:14:21 - __main__ - INFO - saved best: 30.08%
2026-05-19 00:14:21 - __main__ - INFO - 
Epoch 22/100 | lr 0.009317
2026-05-19 00:14:30 - __main__ - INFO - Train: loss 2.7317 acc1 30.32%
2026-05-19 00:14:30 - __main__ - INFO - Val:   loss 2.8295 acc1 30.06%
2026-05-19 00:14:30 - __main__ - INFO - 
Epoch 23/100 | lr 0.009231
2026-05-19 00:14:37 - __main__ - INFO - Train: loss 2.6903 acc1 30.82%
2026-05-19 00:14:37 - __main__ - INFO - Val:   loss 2.7785 acc1 29.90%
2026-05-19 00:14:37 - __main__ - INFO - 
Epoch 24/100 | lr 0.009141
2026-05-19 00:14:46 - __main__ - INFO - Train: loss 2.6701 acc1 31.12%
2026-05-19 00:14:46 - __main__ - INFO - Val:   loss 2.8201 acc1 29.74%
2026-05-19 00:14:46 - __main__ - INFO - 
Epoch 25/100 | lr 0.009046
2026-05-19 00:14:53 - __main__ - INFO - Train: loss 2.6321 acc1 32.23%
2026-05-19 00:14:53 - __main__ - INFO - Val:   loss 2.8141 acc1 29.53%
2026-05-19 00:14:53 - __main__ - INFO - 
Epoch 26/100 | lr 0.008947
2026-05-19 00:15:01 - __main__ - INFO - Train: loss 2.5902 acc1 33.12%
2026-05-19 00:15:01 - __main__ - INFO - Val:   loss 2.7389 acc1 31.26%
2026-05-19 00:15:01 - __main__ - INFO - saved best: 31.26%
2026-05-19 00:15:01 - __main__ - INFO - 
Epoch 27/100 | lr 0.008843
2026-05-19 00:15:09 - __main__ - INFO - Train: loss 2.5578 acc1 33.70%
2026-05-19 00:15:09 - __main__ - INFO - Val:   loss 2.7593 acc1 30.69%
2026-05-19 00:15:09 - __main__ - INFO - 
Epoch 28/100 | lr 0.008735
2026-05-19 00:15:18 - __main__ - INFO - Train: loss 2.5349 acc1 34.18%
2026-05-19 00:15:18 - __main__ - INFO - Val:   loss 2.7024 acc1 31.76%
2026-05-19 00:15:18 - __main__ - INFO - saved best: 31.76%
2026-05-19 00:15:18 - __main__ - INFO - 
Epoch 29/100 | lr 0.008624
2026-05-19 00:15:26 - __main__ - INFO - Train: loss 2.4986 acc1 34.92%
2026-05-19 00:15:26 - __main__ - INFO - Val:   loss 2.6799 acc1 32.34%
2026-05-19 00:15:26 - __main__ - INFO - saved best: 32.34%
2026-05-19 00:15:26 - __main__ - INFO - 
Epoch 30/100 | lr 0.008508
2026-05-19 00:15:35 - __main__ - INFO - Train: loss 2.4691 acc1 35.59%
2026-05-19 00:15:35 - __main__ - INFO - Val:   loss 2.6843 acc1 32.69%
2026-05-19 00:15:35 - __main__ - INFO - saved best: 32.69%
2026-05-19 00:15:35 - __main__ - INFO - 
Epoch 31/100 | lr 0.008388
2026-05-19 00:15:43 - __main__ - INFO - Train: loss 2.4438 acc1 35.99%
2026-05-19 00:15:43 - __main__ - INFO - Val:   loss 2.6309 acc1 34.18%
2026-05-19 00:15:43 - __main__ - INFO - saved best: 34.18%
2026-05-19 00:15:43 - __main__ - INFO - 
Epoch 32/100 | lr 0.008265
2026-05-19 00:15:51 - __main__ - INFO - Train: loss 2.4166 acc1 36.75%
2026-05-19 00:15:51 - __main__ - INFO - Val:   loss 2.6310 acc1 33.21%
2026-05-19 00:15:51 - __main__ - INFO - 
Epoch 33/100 | lr 0.008138
2026-05-19 00:15:59 - __main__ - INFO - Train: loss 2.3859 acc1 37.10%
2026-05-19 00:15:59 - __main__ - INFO - Val:   loss 2.6271 acc1 34.26%
2026-05-19 00:15:59 - __main__ - INFO - saved best: 34.26%
2026-05-19 00:15:59 - __main__ - INFO - 
Epoch 34/100 | lr 0.008007
2026-05-19 00:16:08 - __main__ - INFO - Train: loss 2.3561 acc1 37.92%
2026-05-19 00:16:08 - __main__ - INFO - Val:   loss 2.6405 acc1 34.38%
2026-05-19 00:16:08 - __main__ - INFO - saved best: 34.38%
2026-05-19 00:16:08 - __main__ - INFO - 
Epoch 35/100 | lr 0.007874
2026-05-19 00:16:16 - __main__ - INFO - Train: loss 2.3314 acc1 38.54%
2026-05-19 00:16:16 - __main__ - INFO - Val:   loss 2.6613 acc1 33.28%
2026-05-19 00:16:16 - __main__ - INFO - 
Epoch 36/100 | lr 0.007737
2026-05-19 00:16:24 - __main__ - INFO - Train: loss 2.3116 acc1 38.62%
2026-05-19 00:16:24 - __main__ - INFO - Val:   loss 2.6047 acc1 35.25%
2026-05-19 00:16:24 - __main__ - INFO - saved best: 35.25%
2026-05-19 00:16:24 - __main__ - INFO - 
Epoch 37/100 | lr 0.007597
2026-05-19 00:16:32 - __main__ - INFO - Train: loss 2.2910 acc1 39.39%
2026-05-19 00:16:32 - __main__ - INFO - Val:   loss 2.5898 acc1 35.39%
2026-05-19 00:16:32 - __main__ - INFO - saved best: 35.39%
2026-05-19 00:16:32 - __main__ - INFO - 
Epoch 38/100 | lr 0.007455
2026-05-19 00:16:40 - __main__ - INFO - Train: loss 2.2594 acc1 39.82%
2026-05-19 00:16:40 - __main__ - INFO - Val:   loss 2.6163 acc1 34.23%
2026-05-19 00:16:40 - __main__ - INFO - 
Epoch 39/100 | lr 0.007309
2026-05-19 00:16:49 - __main__ - INFO - Train: loss 2.2404 acc1 40.27%
2026-05-19 00:16:49 - __main__ - INFO - Val:   loss 2.5898 acc1 36.05%
2026-05-19 00:16:49 - __main__ - INFO - saved best: 36.05%
2026-05-19 00:16:49 - __main__ - INFO - 
Epoch 40/100 | lr 0.007162
2026-05-19 00:16:56 - __main__ - INFO - Train: loss 2.2146 acc1 40.92%
2026-05-19 00:16:56 - __main__ - INFO - Val:   loss 2.6306 acc1 34.61%
2026-05-19 00:16:56 - __main__ - INFO - 
Epoch 41/100 | lr 0.007011
2026-05-19 00:17:05 - __main__ - INFO - Train: loss 2.1841 acc1 41.49%
2026-05-19 00:17:05 - __main__ - INFO - Val:   loss 2.5667 acc1 35.89%
2026-05-19 00:17:05 - __main__ - INFO - 
Epoch 42/100 | lr 0.006859
2026-05-19 00:17:13 - __main__ - INFO - Train: loss 2.1742 acc1 41.75%
2026-05-19 00:17:13 - __main__ - INFO - Val:   loss 2.5490 acc1 36.16%
2026-05-19 00:17:13 - __main__ - INFO - saved best: 36.16%
2026-05-19 00:17:13 - __main__ - INFO - 
Epoch 43/100 | lr 0.006705
2026-05-19 00:17:21 - __main__ - INFO - Train: loss 2.1448 acc1 42.12%
2026-05-19 00:17:21 - __main__ - INFO - Val:   loss 2.5606 acc1 36.45%
2026-05-19 00:17:21 - __main__ - INFO - saved best: 36.45%
2026-05-19 00:17:21 - __main__ - INFO - 
Epoch 44/100 | lr 0.006549
2026-05-19 00:17:30 - __main__ - INFO - Train: loss 2.1215 acc1 42.95%
2026-05-19 00:17:30 - __main__ - INFO - Val:   loss 2.5726 acc1 36.01%
2026-05-19 00:17:30 - __main__ - INFO - 
Epoch 45/100 | lr 0.006391
2026-05-19 00:17:38 - __main__ - INFO - Train: loss 2.0975 acc1 43.40%
2026-05-19 00:17:38 - __main__ - INFO - Val:   loss 2.5489 acc1 37.00%
2026-05-19 00:17:38 - __main__ - INFO - saved best: 37.00%
2026-05-19 00:17:38 - __main__ - INFO - 
Epoch 46/100 | lr 0.006231
2026-05-19 00:17:46 - __main__ - INFO - Train: loss 2.0818 acc1 43.97%
2026-05-19 00:17:46 - __main__ - INFO - Val:   loss 2.5426 acc1 36.48%
2026-05-19 00:17:46 - __main__ - INFO - 
Epoch 47/100 | lr 0.006070
2026-05-19 00:17:54 - __main__ - INFO - Train: loss 2.0521 acc1 44.25%
2026-05-19 00:17:54 - __main__ - INFO - Val:   loss 2.5390 acc1 36.95%
2026-05-19 00:17:54 - __main__ - INFO - 
Epoch 48/100 | lr 0.005908
2026-05-19 00:18:02 - __main__ - INFO - Train: loss 2.0310 acc1 44.88%
2026-05-19 00:18:02 - __main__ - INFO - Val:   loss 2.5564 acc1 36.88%
2026-05-19 00:18:02 - __main__ - INFO - 
Epoch 49/100 | lr 0.005746
2026-05-19 00:18:10 - __main__ - INFO - Train: loss 2.0197 acc1 45.15%
2026-05-19 00:18:10 - __main__ - INFO - Val:   loss 2.5405 acc1 36.94%
2026-05-19 00:18:10 - __main__ - INFO - 
Epoch 50/100 | lr 0.005582
2026-05-19 00:18:18 - __main__ - INFO - Train: loss 1.9912 acc1 45.75%
2026-05-19 00:18:18 - __main__ - INFO - Val:   loss 2.5299 acc1 37.30%
2026-05-19 00:18:18 - __main__ - INFO - saved best: 37.30%
2026-05-19 00:18:18 - __main__ - INFO - 
Epoch 51/100 | lr 0.005417
2026-05-19 00:18:27 - __main__ - INFO - Train: loss 1.9742 acc1 46.17%
2026-05-19 00:18:27 - __main__ - INFO - Val:   loss 2.5406 acc1 37.64%
2026-05-19 00:18:27 - __main__ - INFO - saved best: 37.64%
2026-05-19 00:18:27 - __main__ - INFO - 
Epoch 52/100 | lr 0.005253
2026-05-19 00:18:35 - __main__ - INFO - Train: loss 1.9469 acc1 46.79%
2026-05-19 00:18:35 - __main__ - INFO - Val:   loss 2.5370 acc1 37.19%
2026-05-19 00:18:35 - __main__ - INFO - 
Epoch 53/100 | lr 0.005088
2026-05-19 00:18:43 - __main__ - INFO - Train: loss 1.9193 acc1 47.28%
2026-05-19 00:18:43 - __main__ - INFO - Val:   loss 2.5403 acc1 37.50%
2026-05-19 00:18:43 - __main__ - INFO - 
Epoch 54/100 | lr 0.004922
2026-05-19 00:18:51 - __main__ - INFO - Train: loss 1.8951 acc1 48.02%
2026-05-19 00:18:51 - __main__ - INFO - Val:   loss 2.5378 acc1 38.28%
2026-05-19 00:18:51 - __main__ - INFO - saved best: 38.28%
2026-05-19 00:18:51 - __main__ - INFO - 
Epoch 55/100 | lr 0.004757
2026-05-19 00:19:00 - __main__ - INFO - Train: loss 1.8872 acc1 47.87%
2026-05-19 00:19:00 - __main__ - INFO - Val:   loss 2.5485 acc1 37.78%
2026-05-19 00:19:00 - __main__ - INFO - 
Epoch 56/100 | lr 0.004593
2026-05-19 00:19:08 - __main__ - INFO - Train: loss 1.8632 acc1 48.56%
2026-05-19 00:19:08 - __main__ - INFO - Val:   loss 2.5691 acc1 38.94%
2026-05-19 00:19:08 - __main__ - INFO - saved best: 38.94%
2026-05-19 00:19:08 - __main__ - INFO - 
Epoch 57/100 | lr 0.004428
2026-05-19 00:19:16 - __main__ - INFO - Train: loss 1.8364 acc1 49.11%
2026-05-19 00:19:16 - __main__ - INFO - Val:   loss 2.5706 acc1 37.92%
2026-05-19 00:19:16 - __main__ - INFO - 
Epoch 58/100 | lr 0.004264
2026-05-19 00:19:24 - __main__ - INFO - Train: loss 1.8128 acc1 49.81%
2026-05-19 00:19:24 - __main__ - INFO - Val:   loss 2.5704 acc1 37.49%
2026-05-19 00:19:24 - __main__ - INFO - 
Epoch 59/100 | lr 0.004102
2026-05-19 00:19:33 - __main__ - INFO - Train: loss 1.8011 acc1 49.72%
2026-05-19 00:19:33 - __main__ - INFO - Val:   loss 2.5554 acc1 37.52%
2026-05-19 00:19:33 - __main__ - INFO - 
Epoch 60/100 | lr 0.003940
2026-05-19 00:19:41 - __main__ - INFO - Train: loss 1.7723 acc1 50.69%
2026-05-19 00:19:41 - __main__ - INFO - Val:   loss 2.5679 acc1 37.44%
2026-05-19 00:19:41 - __main__ - INFO - 
Epoch 61/100 | lr 0.003779
2026-05-19 00:19:50 - __main__ - INFO - Train: loss 1.7606 acc1 50.98%
2026-05-19 00:19:50 - __main__ - INFO - Val:   loss 2.5678 acc1 38.10%
2026-05-19 00:19:50 - __main__ - INFO - 
Epoch 62/100 | lr 0.003619
2026-05-19 00:19:59 - __main__ - INFO - Train: loss 1.7349 acc1 51.68%
2026-05-19 00:19:59 - __main__ - INFO - Val:   loss 2.5711 acc1 38.51%
2026-05-19 00:19:59 - __main__ - INFO - 
Epoch 63/100 | lr 0.003461
2026-05-19 00:20:07 - __main__ - INFO - Train: loss 1.7118 acc1 52.12%
2026-05-19 00:20:07 - __main__ - INFO - Val:   loss 2.5793 acc1 38.32%
2026-05-19 00:20:07 - __main__ - INFO - 
Epoch 64/100 | lr 0.003305
2026-05-19 00:20:15 - __main__ - INFO - Train: loss 1.6935 acc1 52.81%
2026-05-19 00:20:15 - __main__ - INFO - Val:   loss 2.5776 acc1 38.16%
2026-05-19 00:20:15 - __main__ - INFO - 
Epoch 65/100 | lr 0.003151
2026-05-19 00:20:23 - __main__ - INFO - Train: loss 1.6741 acc1 52.96%
2026-05-19 00:20:23 - __main__ - INFO - Val:   loss 2.5791 acc1 38.39%
2026-05-19 00:20:23 - __main__ - INFO - 
Epoch 66/100 | lr 0.002999
2026-05-19 00:20:31 - __main__ - INFO - Train: loss 1.6504 acc1 53.56%
2026-05-19 00:20:31 - __main__ - INFO - Val:   loss 2.6126 acc1 38.13%
2026-05-19 00:20:31 - __main__ - INFO - 
Epoch 67/100 | lr 0.002848
2026-05-19 00:20:39 - __main__ - INFO - Train: loss 1.6370 acc1 54.02%
2026-05-19 00:20:39 - __main__ - INFO - Val:   loss 2.5813 acc1 38.57%
2026-05-19 00:20:39 - __main__ - INFO - 
Epoch 68/100 | lr 0.002701
2026-05-19 00:20:47 - __main__ - INFO - Train: loss 1.6188 acc1 54.31%
2026-05-19 00:20:47 - __main__ - INFO - Val:   loss 2.6132 acc1 37.87%
2026-05-19 00:20:47 - __main__ - INFO - 
Epoch 69/100 | lr 0.002555
2026-05-19 00:20:56 - __main__ - INFO - Train: loss 1.5889 acc1 55.13%
2026-05-19 00:20:56 - __main__ - INFO - Val:   loss 2.5955 acc1 38.21%
2026-05-19 00:20:56 - __main__ - INFO - 
Epoch 70/100 | lr 0.002413
2026-05-19 00:21:04 - __main__ - INFO - Train: loss 1.5777 acc1 55.33%
2026-05-19 00:21:04 - __main__ - INFO - Val:   loss 2.6735 acc1 37.73%
2026-05-19 00:21:04 - __main__ - INFO - 
Epoch 71/100 | lr 0.002273
2026-05-19 00:21:12 - __main__ - INFO - Train: loss 1.5573 acc1 56.01%
2026-05-19 00:21:12 - __main__ - INFO - Val:   loss 2.6351 acc1 37.99%
2026-05-19 00:21:12 - __main__ - INFO - 
Epoch 72/100 | lr 0.002136
2026-05-19 00:21:20 - __main__ - INFO - Train: loss 1.5426 acc1 56.28%
2026-05-19 00:21:20 - __main__ - INFO - Val:   loss 2.6281 acc1 38.04%
2026-05-19 00:21:20 - __main__ - INFO - 
Epoch 73/100 | lr 0.002003
2026-05-19 00:21:27 - __main__ - INFO - Train: loss 1.5154 acc1 56.77%
2026-05-19 00:21:27 - __main__ - INFO - Val:   loss 2.6515 acc1 38.70%
2026-05-19 00:21:27 - __main__ - INFO - 
Epoch 74/100 | lr 0.001872
2026-05-19 00:21:36 - __main__ - INFO - Train: loss 1.5088 acc1 57.34%
2026-05-19 00:21:36 - __main__ - INFO - Val:   loss 2.6414 acc1 38.58%
2026-05-19 00:21:36 - __main__ - INFO - 
Epoch 75/100 | lr 0.001745
2026-05-19 00:21:44 - __main__ - INFO - Train: loss 1.4871 acc1 57.84%
2026-05-19 00:21:44 - __main__ - INFO - Val:   loss 2.6543 acc1 37.97%
2026-05-19 00:21:44 - __main__ - INFO - 
Epoch 76/100 | lr 0.001622
2026-05-19 00:21:53 - __main__ - INFO - Train: loss 1.4684 acc1 58.35%
2026-05-19 00:21:53 - __main__ - INFO - Val:   loss 2.6575 acc1 38.68%
2026-05-19 00:21:53 - __main__ - INFO - 
Epoch 77/100 | lr 0.001502
2026-05-19 00:22:01 - __main__ - INFO - Train: loss 1.4605 acc1 58.43%
2026-05-19 00:22:01 - __main__ - INFO - Val:   loss 2.6792 acc1 38.26%
2026-05-19 00:22:01 - __main__ - INFO - 
Epoch 78/100 | lr 0.001386
2026-05-19 00:22:09 - __main__ - INFO - Train: loss 1.4423 acc1 58.73%
2026-05-19 00:22:09 - __main__ - INFO - Val:   loss 2.6794 acc1 38.32%
2026-05-19 00:22:09 - __main__ - INFO - 
Epoch 79/100 | lr 0.001275
2026-05-19 00:22:17 - __main__ - INFO - Train: loss 1.4288 acc1 59.09%
2026-05-19 00:22:17 - __main__ - INFO - Val:   loss 2.6838 acc1 37.85%
2026-05-19 00:22:17 - __main__ - INFO - 
Epoch 80/100 | lr 0.001167
2026-05-19 00:22:26 - __main__ - INFO - Train: loss 1.4093 acc1 59.57%
2026-05-19 00:22:26 - __main__ - INFO - Val:   loss 2.6724 acc1 37.86%
2026-05-19 00:22:26 - __main__ - INFO - 
Epoch 81/100 | lr 0.001063
2026-05-19 00:22:34 - __main__ - INFO - Train: loss 1.3915 acc1 59.89%
2026-05-19 00:22:34 - __main__ - INFO - Val:   loss 2.6799 acc1 38.65%
2026-05-19 00:22:34 - __main__ - INFO - 
Epoch 82/100 | lr 0.000964
2026-05-19 00:22:42 - __main__ - INFO - Train: loss 1.3878 acc1 60.43%
2026-05-19 00:22:42 - __main__ - INFO - Val:   loss 2.6843 acc1 38.75%
2026-05-19 00:22:42 - __main__ - INFO - 
Epoch 83/100 | lr 0.000869
2026-05-19 00:22:50 - __main__ - INFO - Train: loss 1.3656 acc1 60.89%
2026-05-19 00:22:50 - __main__ - INFO - Val:   loss 2.6988 acc1 37.85%
2026-05-19 00:22:50 - __main__ - INFO - 
Epoch 84/100 | lr 0.000779
2026-05-19 00:22:59 - __main__ - INFO - Train: loss 1.3541 acc1 61.07%
2026-05-19 00:22:59 - __main__ - INFO - Val:   loss 2.7114 acc1 38.07%
2026-05-19 00:22:59 - __main__ - INFO - 
Epoch 85/100 | lr 0.000693
2026-05-19 00:23:07 - __main__ - INFO - Train: loss 1.3468 acc1 61.42%
2026-05-19 00:23:07 - __main__ - INFO - Val:   loss 2.7093 acc1 38.41%
2026-05-19 00:23:07 - __main__ - INFO - 
Epoch 86/100 | lr 0.000612
2026-05-19 00:23:16 - __main__ - INFO - Train: loss 1.3275 acc1 61.73%
2026-05-19 00:23:16 - __main__ - INFO - Val:   loss 2.7202 acc1 38.62%
2026-05-19 00:23:16 - __main__ - INFO - 
Epoch 87/100 | lr 0.000536
2026-05-19 00:23:25 - __main__ - INFO - Train: loss 1.3299 acc1 61.57%
2026-05-19 00:23:25 - __main__ - INFO - Val:   loss 2.7030 acc1 38.68%
2026-05-19 00:23:25 - __main__ - INFO - 
Epoch 88/100 | lr 0.000465
2026-05-19 00:23:33 - __main__ - INFO - Train: loss 1.3117 acc1 62.16%
2026-05-19 00:23:33 - __main__ - INFO - Val:   loss 2.7085 acc1 38.13%
2026-05-19 00:23:33 - __main__ - INFO - 
Epoch 89/100 | lr 0.000398
2026-05-19 00:23:41 - __main__ - INFO - Train: loss 1.3110 acc1 62.24%
2026-05-19 00:23:41 - __main__ - INFO - Val:   loss 2.7233 acc1 38.37%
2026-05-19 00:23:41 - __main__ - INFO - 
Epoch 90/100 | lr 0.000337
2026-05-19 00:23:50 - __main__ - INFO - Train: loss 1.2994 acc1 62.40%
2026-05-19 00:23:50 - __main__ - INFO - Val:   loss 2.7180 acc1 38.45%
2026-05-19 00:23:50 - __main__ - INFO - 
Epoch 91/100 | lr 0.000281
2026-05-19 00:23:58 - __main__ - INFO - Train: loss 1.2941 acc1 62.56%
2026-05-19 00:23:58 - __main__ - INFO - Val:   loss 2.7199 acc1 38.35%
2026-05-19 00:23:58 - __main__ - INFO - 
Epoch 92/100 | lr 0.000230
2026-05-19 00:24:07 - __main__ - INFO - Train: loss 1.2841 acc1 62.94%
2026-05-19 00:24:07 - __main__ - INFO - Val:   loss 2.7162 acc1 38.29%
2026-05-19 00:24:07 - __main__ - INFO - 
Epoch 93/100 | lr 0.000184
2026-05-19 00:24:16 - __main__ - INFO - Train: loss 1.2871 acc1 62.67%
2026-05-19 00:24:16 - __main__ - INFO - Val:   loss 2.7202 acc1 38.55%
2026-05-19 00:24:16 - __main__ - INFO - 
Epoch 94/100 | lr 0.000143
2026-05-19 00:24:24 - __main__ - INFO - Train: loss 1.2710 acc1 63.46%
2026-05-19 00:24:24 - __main__ - INFO - Val:   loss 2.7231 acc1 38.46%
2026-05-19 00:24:24 - __main__ - INFO - 
Epoch 95/100 | lr 0.000108
2026-05-19 00:24:32 - __main__ - INFO - Train: loss 1.2705 acc1 63.12%
2026-05-19 00:24:32 - __main__ - INFO - Val:   loss 2.7313 acc1 38.33%
2026-05-19 00:24:32 - __main__ - INFO - 
Epoch 96/100 | lr 0.000078
2026-05-19 00:24:41 - __main__ - INFO - Train: loss 1.2724 acc1 63.12%
2026-05-19 00:24:41 - __main__ - INFO - Val:   loss 2.7290 acc1 38.57%
2026-05-19 00:24:41 - __main__ - INFO - 
Epoch 97/100 | lr 0.000054
2026-05-19 00:24:49 - __main__ - INFO - Train: loss 1.2644 acc1 63.61%
2026-05-19 00:24:49 - __main__ - INFO - Val:   loss 2.7289 acc1 38.59%
2026-05-19 00:24:49 - __main__ - INFO - 
Epoch 98/100 | lr 0.000035
2026-05-19 00:24:58 - __main__ - INFO - Train: loss 1.2631 acc1 63.60%
2026-05-19 00:24:58 - __main__ - INFO - Val:   loss 2.7307 acc1 38.59%
2026-05-19 00:24:58 - __main__ - INFO - 
Epoch 99/100 | lr 0.000021
2026-05-19 00:25:06 - __main__ - INFO - Train: loss 1.2698 acc1 63.61%
2026-05-19 00:25:06 - __main__ - INFO - Val:   loss 2.7292 acc1 38.68%
2026-05-19 00:25:06 - __main__ - INFO - 
Epoch 100/100 | lr 0.000013
2026-05-19 00:25:15 - __main__ - INFO - Train: loss 1.2673 acc1 63.15%
2026-05-19 00:25:15 - __main__ - INFO - Val:   loss 2.7313 acc1 38.59%
2026-05-19 00:25:15 - __main__ - INFO - Loaded best checkpoint weights for final test evaluation.
2026-05-19 00:25:16 - __main__ - INFO - 
Best tracked (val): 38.94%
2026-05-19 00:25:16 - __main__ - INFO - Final test: loss 2.5500 acc1 37.39%
2026-05-19 00:25:17 - __main__ - INFO -   Final training settings for output mobilenet_v3_small [original]: batch_size=128, amp=False
2026-05-19 00:25:20 - __main__ - INFO - Variant [original] done — test acc 37.39%, test loss 2.5500
2026-05-19 00:25:20 - __main__ - INFO - 
============================================================
2026-05-19 00:25:20 - __main__ - INFO - Training output model: mobilenet_v3_small [low_saliency]
2026-05-19 00:25:20 - __main__ - INFO -   Resolved config → opt=sgd, lr=0.01, wd=1e-05, bs=128, epochs=100, scheduler=cosine, warmup=5
2026-05-19 00:25:20 - __main__ - INFO - ============================================================
2026-05-19 00:25:20 - __main__ - INFO -   Validation during training uses variant split with val_split=0.1
2026-05-19 00:25:20 - __main__ - INFO -   Final test uses low_saliency variant test split
2026-05-19 00:25:20 - __main__ - INFO -   Retry policy: training output mobilenet_v3_small [low_saliency] with batch_size=128, amp=False
2026-05-19 00:25:20 - __main__ - INFO - device: cuda | cuda: True | gpu: NVIDIA L4
2026-05-19 00:25:21 - __main__ - INFO - Model: mobilenet_v3_small | Dataset: cifar100 | Classes: 100 | Optimizer: sgd
2026-05-19 00:25:21 - __main__ - INFO - 
Epoch 1/100 | lr 0.000010
2026-05-19 00:25:29 - __main__ - INFO - Train: loss 4.6061 acc1 1.13%
2026-05-19 00:25:29 - __main__ - INFO - Val:   loss 4.6059 acc1 1.11%
2026-05-19 00:25:29 - __main__ - INFO - saved best: 1.11%
2026-05-19 00:25:29 - __main__ - INFO - 
Epoch 2/100 | lr 0.002008
2026-05-19 00:25:38 - __main__ - INFO - Train: loss 4.5782 acc1 1.73%
2026-05-19 00:25:38 - __main__ - INFO - Val:   loss 4.6022 acc1 1.48%
2026-05-19 00:25:38 - __main__ - INFO - saved best: 1.48%
2026-05-19 00:25:38 - __main__ - INFO - 
Epoch 3/100 | lr 0.004006
2026-05-19 00:25:46 - __main__ - INFO - Train: loss 4.5438 acc1 2.07%
2026-05-19 00:25:46 - __main__ - INFO - Val:   loss 4.5868 acc1 2.30%
2026-05-19 00:25:46 - __main__ - INFO - saved best: 2.30%
2026-05-19 00:25:46 - __main__ - INFO - 
Epoch 4/100 | lr 0.006004
2026-05-19 00:25:56 - __main__ - INFO - Train: loss 4.4029 acc1 3.38%
2026-05-19 00:25:56 - __main__ - INFO - Val:   loss 4.3803 acc1 4.44%
2026-05-19 00:25:56 - __main__ - INFO - saved best: 4.44%
2026-05-19 00:25:56 - __main__ - INFO - 
Epoch 5/100 | lr 0.008002
2026-05-19 00:26:04 - __main__ - INFO - Train: loss 4.0109 acc1 7.53%
2026-05-19 00:26:04 - __main__ - INFO - Val:   loss 4.1173 acc1 7.79%
2026-05-19 00:26:04 - __main__ - INFO - saved best: 7.79%
2026-05-19 00:26:04 - __main__ - INFO - 
Epoch 6/100 | lr 0.010000
2026-05-19 00:26:13 - __main__ - INFO - Train: loss 3.7645 acc1 10.96%
2026-05-19 00:26:13 - __main__ - INFO - Val:   loss 3.9827 acc1 10.17%
2026-05-19 00:26:13 - __main__ - INFO - saved best: 10.17%
2026-05-19 00:26:13 - __main__ - INFO - 
Epoch 7/100 | lr 0.009997
2026-05-19 00:26:20 - __main__ - INFO - Train: loss 3.5999 acc1 13.47%
2026-05-19 00:26:20 - __main__ - INFO - Val:   loss 3.6414 acc1 14.05%
2026-05-19 00:26:20 - __main__ - INFO - saved best: 14.05%
2026-05-19 00:26:20 - __main__ - INFO - 
Epoch 8/100 | lr 0.009989
2026-05-19 00:26:28 - __main__ - INFO - Train: loss 3.4799 acc1 15.94%
2026-05-19 00:26:28 - __main__ - INFO - Val:   loss 3.4712 acc1 17.37%
2026-05-19 00:26:28 - __main__ - INFO - saved best: 17.37%
2026-05-19 00:26:28 - __main__ - INFO - 
Epoch 9/100 | lr 0.009975
2026-05-19 00:26:36 - __main__ - INFO - Train: loss 3.3736 acc1 17.80%
2026-05-19 00:26:36 - __main__ - INFO - Val:   loss 3.3576 acc1 18.54%
2026-05-19 00:26:36 - __main__ - INFO - saved best: 18.54%
2026-05-19 00:26:36 - __main__ - INFO - 
Epoch 10/100 | lr 0.009956
2026-05-19 00:26:43 - __main__ - INFO - Train: loss 3.2731 acc1 19.63%
2026-05-19 00:26:43 - __main__ - INFO - Val:   loss 3.2843 acc1 20.41%
2026-05-19 00:26:43 - __main__ - INFO - saved best: 20.41%
2026-05-19 00:26:43 - __main__ - INFO - 
Epoch 11/100 | lr 0.009932
2026-05-19 00:26:52 - __main__ - INFO - Train: loss 3.1885 acc1 21.20%
2026-05-19 00:26:52 - __main__ - INFO - Val:   loss 3.2484 acc1 21.11%
2026-05-19 00:26:52 - __main__ - INFO - saved best: 21.11%
2026-05-19 00:26:52 - __main__ - INFO - 
Epoch 12/100 | lr 0.009902
2026-05-19 00:27:00 - __main__ - INFO - Train: loss 3.1158 acc1 22.26%
2026-05-19 00:27:00 - __main__ - INFO - Val:   loss 3.2525 acc1 21.82%
2026-05-19 00:27:00 - __main__ - INFO - saved best: 21.82%
2026-05-19 00:27:00 - __main__ - INFO - 
Epoch 13/100 | lr 0.009867
2026-05-19 00:27:08 - __main__ - INFO - Train: loss 3.0530 acc1 23.68%
2026-05-19 00:27:08 - __main__ - INFO - Val:   loss 2.9849 acc1 25.18%
2026-05-19 00:27:08 - __main__ - INFO - saved best: 25.18%
2026-05-19 00:27:08 - __main__ - INFO - 
Epoch 14/100 | lr 0.009826
2026-05-19 00:27:16 - __main__ - INFO - Train: loss 2.9986 acc1 24.81%
2026-05-19 00:27:16 - __main__ - INFO - Val:   loss 3.0249 acc1 24.95%
2026-05-19 00:27:16 - __main__ - INFO - 
Epoch 15/100 | lr 0.009780
2026-05-19 00:27:24 - __main__ - INFO - Train: loss 2.9425 acc1 25.82%
2026-05-19 00:27:24 - __main__ - INFO - Val:   loss 2.9784 acc1 25.67%
2026-05-19 00:27:24 - __main__ - INFO - saved best: 25.67%
2026-05-19 00:27:24 - __main__ - INFO - 
Epoch 16/100 | lr 0.009729
2026-05-19 00:27:33 - __main__ - INFO - Train: loss 2.8845 acc1 27.01%
2026-05-19 00:27:33 - __main__ - INFO - Val:   loss 2.9189 acc1 26.82%
2026-05-19 00:27:33 - __main__ - INFO - saved best: 26.82%
2026-05-19 00:27:33 - __main__ - INFO - 
Epoch 17/100 | lr 0.009673
2026-05-19 00:27:41 - __main__ - INFO - Train: loss 2.8356 acc1 27.96%
2026-05-19 00:27:41 - __main__ - INFO - Val:   loss 2.8399 acc1 28.30%
2026-05-19 00:27:41 - __main__ - INFO - saved best: 28.30%
2026-05-19 00:27:41 - __main__ - INFO - 
Epoch 18/100 | lr 0.009612
2026-05-19 00:27:49 - __main__ - INFO - Train: loss 2.7859 acc1 29.26%
2026-05-19 00:27:49 - __main__ - INFO - Val:   loss 2.8443 acc1 29.12%
2026-05-19 00:27:49 - __main__ - INFO - saved best: 29.12%
2026-05-19 00:27:49 - __main__ - INFO - 
Epoch 19/100 | lr 0.009545
2026-05-19 00:27:58 - __main__ - INFO - Train: loss 2.7454 acc1 30.13%
2026-05-19 00:27:58 - __main__ - INFO - Val:   loss 2.8096 acc1 28.64%
2026-05-19 00:27:58 - __main__ - INFO - 
Epoch 20/100 | lr 0.009474
2026-05-19 00:28:06 - __main__ - INFO - Train: loss 2.7025 acc1 30.62%
2026-05-19 00:28:06 - __main__ - INFO - Val:   loss 2.7623 acc1 30.44%
2026-05-19 00:28:06 - __main__ - INFO - saved best: 30.44%
2026-05-19 00:28:06 - __main__ - INFO - 
Epoch 21/100 | lr 0.009398
2026-05-19 00:28:14 - __main__ - INFO - Train: loss 2.6651 acc1 31.31%
2026-05-19 00:28:14 - __main__ - INFO - Val:   loss 2.7126 acc1 30.89%
2026-05-19 00:28:14 - __main__ - INFO - saved best: 30.89%
2026-05-19 00:28:14 - __main__ - INFO - 
Epoch 22/100 | lr 0.009317
2026-05-19 00:28:22 - __main__ - INFO - Train: loss 2.6236 acc1 32.12%
2026-05-19 00:28:22 - __main__ - INFO - Val:   loss 2.7287 acc1 30.59%
2026-05-19 00:28:22 - __main__ - INFO - 
Epoch 23/100 | lr 0.009231
2026-05-19 00:28:31 - __main__ - INFO - Train: loss 2.5885 acc1 32.88%
2026-05-19 00:28:31 - __main__ - INFO - Val:   loss 2.6793 acc1 31.83%
2026-05-19 00:28:31 - __main__ - INFO - saved best: 31.83%
2026-05-19 00:28:31 - __main__ - INFO - 
Epoch 24/100 | lr 0.009141
2026-05-19 00:28:40 - __main__ - INFO - Train: loss 2.5568 acc1 33.56%
2026-05-19 00:28:40 - __main__ - INFO - Val:   loss 2.6657 acc1 32.54%
2026-05-19 00:28:40 - __main__ - INFO - saved best: 32.54%
2026-05-19 00:28:40 - __main__ - INFO - 
Epoch 25/100 | lr 0.009046
2026-05-19 00:28:49 - __main__ - INFO - Train: loss 2.5186 acc1 34.34%
2026-05-19 00:28:49 - __main__ - INFO - Val:   loss 2.8415 acc1 29.95%
2026-05-19 00:28:49 - __main__ - INFO - 
Epoch 26/100 | lr 0.008947
2026-05-19 00:28:56 - __main__ - INFO - Train: loss 2.4827 acc1 35.25%
2026-05-19 00:28:56 - __main__ - INFO - Val:   loss 2.5967 acc1 34.24%
2026-05-19 00:28:56 - __main__ - INFO - saved best: 34.24%
2026-05-19 00:28:56 - __main__ - INFO - 
Epoch 27/100 | lr 0.008843
2026-05-19 00:29:04 - __main__ - INFO - Train: loss 2.4482 acc1 35.70%
2026-05-19 00:29:04 - __main__ - INFO - Val:   loss 2.5613 acc1 34.84%
2026-05-19 00:29:04 - __main__ - INFO - saved best: 34.84%
2026-05-19 00:29:04 - __main__ - INFO - 
Epoch 28/100 | lr 0.008735
2026-05-19 00:29:13 - __main__ - INFO - Train: loss 2.4245 acc1 36.16%
2026-05-19 00:29:13 - __main__ - INFO - Val:   loss 2.5706 acc1 35.19%
2026-05-19 00:29:13 - __main__ - INFO - saved best: 35.19%
2026-05-19 00:29:13 - __main__ - INFO - 
Epoch 29/100 | lr 0.008624
2026-05-19 00:29:21 - __main__ - INFO - Train: loss 2.3851 acc1 37.16%
2026-05-19 00:29:21 - __main__ - INFO - Val:   loss 2.5283 acc1 35.07%
2026-05-19 00:29:21 - __main__ - INFO - 
Epoch 30/100 | lr 0.008508
2026-05-19 00:29:29 - __main__ - INFO - Train: loss 2.3530 acc1 37.89%
2026-05-19 00:29:29 - __main__ - INFO - Val:   loss 2.5154 acc1 35.56%
2026-05-19 00:29:29 - __main__ - INFO - saved best: 35.56%
2026-05-19 00:29:29 - __main__ - INFO - 
Epoch 31/100 | lr 0.008388
2026-05-19 00:29:37 - __main__ - INFO - Train: loss 2.3311 acc1 38.32%
2026-05-19 00:29:37 - __main__ - INFO - Val:   loss 2.4968 acc1 36.29%
2026-05-19 00:29:37 - __main__ - INFO - saved best: 36.29%
2026-05-19 00:29:37 - __main__ - INFO - 
Epoch 32/100 | lr 0.008265
2026-05-19 00:29:45 - __main__ - INFO - Train: loss 2.3051 acc1 38.67%
2026-05-19 00:29:45 - __main__ - INFO - Val:   loss 2.5442 acc1 35.52%
2026-05-19 00:29:45 - __main__ - INFO - 
Epoch 33/100 | lr 0.008138
2026-05-19 00:29:54 - __main__ - INFO - Train: loss 2.2763 acc1 39.42%
2026-05-19 00:29:54 - __main__ - INFO - Val:   loss 2.4910 acc1 36.25%
2026-05-19 00:29:54 - __main__ - INFO - 
Epoch 34/100 | lr 0.008007
2026-05-19 00:30:02 - __main__ - INFO - Train: loss 2.2542 acc1 39.99%
2026-05-19 00:30:02 - __main__ - INFO - Val:   loss 2.6626 acc1 33.36%
2026-05-19 00:30:02 - __main__ - INFO - 
Epoch 35/100 | lr 0.007874
2026-05-19 00:30:10 - __main__ - INFO - Train: loss 2.2142 acc1 40.78%
2026-05-19 00:30:10 - __main__ - INFO - Val:   loss 2.4481 acc1 37.65%
2026-05-19 00:30:10 - __main__ - INFO - saved best: 37.65%
2026-05-19 00:30:10 - __main__ - INFO - 
Epoch 36/100 | lr 0.007737
2026-05-19 00:30:18 - __main__ - INFO - Train: loss 2.2051 acc1 40.91%
2026-05-19 00:30:18 - __main__ - INFO - Val:   loss 2.4608 acc1 37.76%
2026-05-19 00:30:18 - __main__ - INFO - saved best: 37.76%
2026-05-19 00:30:18 - __main__ - INFO - 
Epoch 37/100 | lr 0.007597
2026-05-19 00:30:27 - __main__ - INFO - Train: loss 2.1781 acc1 41.49%
2026-05-19 00:30:27 - __main__ - INFO - Val:   loss 2.4080 acc1 38.33%
2026-05-19 00:30:27 - __main__ - INFO - saved best: 38.33%
2026-05-19 00:30:27 - __main__ - INFO - 
Epoch 38/100 | lr 0.007455
2026-05-19 00:30:34 - __main__ - INFO - Train: loss 2.1506 acc1 42.14%
2026-05-19 00:30:34 - __main__ - INFO - Val:   loss 2.4330 acc1 37.89%
2026-05-19 00:30:34 - __main__ - INFO - 
Epoch 39/100 | lr 0.007309
2026-05-19 00:30:43 - __main__ - INFO - Train: loss 2.1228 acc1 42.50%
2026-05-19 00:30:43 - __main__ - INFO - Val:   loss 2.4592 acc1 36.83%
2026-05-19 00:30:43 - __main__ - INFO - 
Epoch 40/100 | lr 0.007162
2026-05-19 00:30:50 - __main__ - INFO - Train: loss 2.1084 acc1 42.82%
2026-05-19 00:30:50 - __main__ - INFO - Val:   loss 2.4453 acc1 38.27%
2026-05-19 00:30:50 - __main__ - INFO - 
Epoch 41/100 | lr 0.007011
2026-05-19 00:30:58 - __main__ - INFO - Train: loss 2.0862 acc1 43.45%
2026-05-19 00:30:58 - __main__ - INFO - Val:   loss 2.4234 acc1 38.46%
2026-05-19 00:30:58 - __main__ - INFO - saved best: 38.46%
2026-05-19 00:30:58 - __main__ - INFO - 
Epoch 42/100 | lr 0.006859
2026-05-19 00:31:07 - __main__ - INFO - Train: loss 2.0639 acc1 44.05%
2026-05-19 00:31:07 - __main__ - INFO - Val:   loss 2.4007 acc1 38.97%
2026-05-19 00:31:07 - __main__ - INFO - saved best: 38.97%
2026-05-19 00:31:07 - __main__ - INFO - 
Epoch 43/100 | lr 0.006705
2026-05-19 00:31:15 - __main__ - INFO - Train: loss 2.0441 acc1 44.41%
2026-05-19 00:31:15 - __main__ - INFO - Val:   loss 2.3603 acc1 39.79%
2026-05-19 00:31:15 - __main__ - INFO - saved best: 39.79%
2026-05-19 00:31:15 - __main__ - INFO - 
Epoch 44/100 | lr 0.006549
2026-05-19 00:31:23 - __main__ - INFO - Train: loss 2.0105 acc1 45.18%
2026-05-19 00:31:23 - __main__ - INFO - Val:   loss 2.4558 acc1 37.72%
2026-05-19 00:31:23 - __main__ - INFO - 
Epoch 45/100 | lr 0.006391
2026-05-19 00:31:31 - __main__ - INFO - Train: loss 1.9931 acc1 45.55%
2026-05-19 00:31:31 - __main__ - INFO - Val:   loss 2.3787 acc1 40.69%
2026-05-19 00:31:31 - __main__ - INFO - saved best: 40.69%
2026-05-19 00:31:31 - __main__ - INFO - 
Epoch 46/100 | lr 0.006231
2026-05-19 00:31:40 - __main__ - INFO - Train: loss 1.9774 acc1 45.83%
2026-05-19 00:31:40 - __main__ - INFO - Val:   loss 2.4896 acc1 37.40%
2026-05-19 00:31:40 - __main__ - INFO - 
Epoch 47/100 | lr 0.006070
2026-05-19 00:31:48 - __main__ - INFO - Train: loss 1.9474 acc1 46.85%
2026-05-19 00:31:48 - __main__ - INFO - Val:   loss 2.4019 acc1 39.28%
2026-05-19 00:31:48 - __main__ - INFO - 
Epoch 48/100 | lr 0.005908
2026-05-19 00:31:56 - __main__ - INFO - Train: loss 1.9381 acc1 46.89%
2026-05-19 00:31:56 - __main__ - INFO - Val:   loss 2.4418 acc1 38.27%
2026-05-19 00:31:56 - __main__ - INFO - 
Epoch 49/100 | lr 0.005746
2026-05-19 00:32:04 - __main__ - INFO - Train: loss 1.9201 acc1 47.38%
2026-05-19 00:32:04 - __main__ - INFO - Val:   loss 2.6782 acc1 34.70%
2026-05-19 00:32:04 - __main__ - INFO - 
Epoch 50/100 | lr 0.005582
2026-05-19 00:32:12 - __main__ - INFO - Train: loss 1.8872 acc1 48.29%
2026-05-19 00:32:12 - __main__ - INFO - Val:   loss 2.4382 acc1 38.52%
2026-05-19 00:32:12 - __main__ - INFO - 
Epoch 51/100 | lr 0.005417
2026-05-19 00:32:20 - __main__ - INFO - Train: loss 1.8745 acc1 48.00%
2026-05-19 00:32:20 - __main__ - INFO - Val:   loss 2.4036 acc1 40.33%
2026-05-19 00:32:20 - __main__ - INFO - 
Epoch 52/100 | lr 0.005253
2026-05-19 00:32:28 - __main__ - INFO - Train: loss 1.8505 acc1 48.76%
2026-05-19 00:32:28 - __main__ - INFO - Val:   loss 2.3777 acc1 39.87%
2026-05-19 00:32:28 - __main__ - INFO - 
Epoch 53/100 | lr 0.005088
2026-05-19 00:32:36 - __main__ - INFO - Train: loss 1.8290 acc1 49.36%
2026-05-19 00:32:36 - __main__ - INFO - Val:   loss 2.3806 acc1 39.83%
2026-05-19 00:32:36 - __main__ - INFO - 
Epoch 54/100 | lr 0.004922
2026-05-19 00:32:45 - __main__ - INFO - Train: loss 1.8192 acc1 49.59%
2026-05-19 00:32:45 - __main__ - INFO - Val:   loss 2.4086 acc1 40.16%
2026-05-19 00:32:45 - __main__ - INFO - 
Epoch 55/100 | lr 0.004757
2026-05-19 00:32:52 - __main__ - INFO - Train: loss 1.7923 acc1 50.56%
2026-05-19 00:32:52 - __main__ - INFO - Val:   loss 2.3599 acc1 41.02%
2026-05-19 00:32:52 - __main__ - INFO - saved best: 41.02%
2026-05-19 00:32:52 - __main__ - INFO - 
Epoch 56/100 | lr 0.004593
2026-05-19 00:33:01 - __main__ - INFO - Train: loss 1.7740 acc1 50.59%
2026-05-19 00:33:01 - __main__ - INFO - Val:   loss 2.4080 acc1 40.35%
2026-05-19 00:33:01 - __main__ - INFO - 
Epoch 57/100 | lr 0.004428
2026-05-19 00:33:09 - __main__ - INFO - Train: loss 1.7549 acc1 51.03%
2026-05-19 00:33:09 - __main__ - INFO - Val:   loss 2.3843 acc1 40.83%
2026-05-19 00:33:09 - __main__ - INFO - 
Epoch 58/100 | lr 0.004264
2026-05-19 00:33:18 - __main__ - INFO - Train: loss 1.7353 acc1 51.52%
2026-05-19 00:33:18 - __main__ - INFO - Val:   loss 2.4388 acc1 40.09%
2026-05-19 00:33:18 - __main__ - INFO - 
Epoch 59/100 | lr 0.004102
2026-05-19 00:33:26 - __main__ - INFO - Train: loss 1.7217 acc1 51.93%
2026-05-19 00:33:26 - __main__ - INFO - Val:   loss 2.3133 acc1 41.40%
2026-05-19 00:33:26 - __main__ - INFO - saved best: 41.40%
2026-05-19 00:33:26 - __main__ - INFO - 
Epoch 60/100 | lr 0.003940
2026-05-19 00:33:34 - __main__ - INFO - Train: loss 1.6960 acc1 52.35%
2026-05-19 00:33:34 - __main__ - INFO - Val:   loss 2.3650 acc1 41.61%
2026-05-19 00:33:34 - __main__ - INFO - saved best: 41.61%
2026-05-19 00:33:34 - __main__ - INFO - 
Epoch 61/100 | lr 0.003779
2026-05-19 00:33:42 - __main__ - INFO - Train: loss 1.6689 acc1 53.23%
2026-05-19 00:33:42 - __main__ - INFO - Val:   loss 2.4484 acc1 40.59%
2026-05-19 00:33:42 - __main__ - INFO - 
Epoch 62/100 | lr 0.003619
2026-05-19 00:33:51 - __main__ - INFO - Train: loss 1.6574 acc1 53.59%
2026-05-19 00:33:51 - __main__ - INFO - Val:   loss 2.4292 acc1 40.73%
2026-05-19 00:33:51 - __main__ - INFO - 
Epoch 63/100 | lr 0.003461
2026-05-19 00:33:59 - __main__ - INFO - Train: loss 1.6409 acc1 53.59%
2026-05-19 00:33:59 - __main__ - INFO - Val:   loss 2.3850 acc1 41.18%
2026-05-19 00:33:59 - __main__ - INFO - 
Epoch 64/100 | lr 0.003305
2026-05-19 00:34:08 - __main__ - INFO - Train: loss 1.6165 acc1 54.63%
2026-05-19 00:34:08 - __main__ - INFO - Val:   loss 2.3593 acc1 41.94%
2026-05-19 00:34:08 - __main__ - INFO - saved best: 41.94%
2026-05-19 00:34:08 - __main__ - INFO - 
Epoch 65/100 | lr 0.003151
2026-05-19 00:34:16 - __main__ - INFO - Train: loss 1.6011 acc1 54.85%
2026-05-19 00:34:16 - __main__ - INFO - Val:   loss 2.3677 acc1 41.92%
2026-05-19 00:34:16 - __main__ - INFO - 
Epoch 66/100 | lr 0.002999
2026-05-19 00:34:25 - __main__ - INFO - Train: loss 1.5895 acc1 55.00%
2026-05-19 00:34:25 - __main__ - INFO - Val:   loss 2.3963 acc1 41.06%
2026-05-19 00:34:25 - __main__ - INFO - 
Epoch 67/100 | lr 0.002848
2026-05-19 00:34:34 - __main__ - INFO - Train: loss 1.5605 acc1 55.49%
2026-05-19 00:34:34 - __main__ - INFO - Val:   loss 2.4451 acc1 40.31%
2026-05-19 00:34:34 - __main__ - INFO - 
Epoch 68/100 | lr 0.002701
2026-05-19 00:34:42 - __main__ - INFO - Train: loss 1.5530 acc1 56.08%
2026-05-19 00:34:42 - __main__ - INFO - Val:   loss 2.4012 acc1 41.33%
2026-05-19 00:34:42 - __main__ - INFO - 
Epoch 69/100 | lr 0.002555
2026-05-19 00:34:51 - __main__ - INFO - Train: loss 1.5237 acc1 56.80%
2026-05-19 00:34:51 - __main__ - INFO - Val:   loss 2.3880 acc1 41.29%
2026-05-19 00:34:51 - __main__ - INFO - 
Epoch 70/100 | lr 0.002413
2026-05-19 00:34:59 - __main__ - INFO - Train: loss 1.5143 acc1 57.06%
2026-05-19 00:34:59 - __main__ - INFO - Val:   loss 2.4018 acc1 41.39%
2026-05-19 00:34:59 - __main__ - INFO - 
Epoch 71/100 | lr 0.002273
2026-05-19 00:35:08 - __main__ - INFO - Train: loss 1.5011 acc1 57.14%
2026-05-19 00:35:08 - __main__ - INFO - Val:   loss 2.4258 acc1 41.33%
2026-05-19 00:35:08 - __main__ - INFO - 
Epoch 72/100 | lr 0.002136
2026-05-19 00:35:16 - __main__ - INFO - Train: loss 1.4844 acc1 57.78%
2026-05-19 00:35:16 - __main__ - INFO - Val:   loss 2.4242 acc1 41.68%
2026-05-19 00:35:16 - __main__ - INFO - 
Epoch 73/100 | lr 0.002003
2026-05-19 00:35:25 - __main__ - INFO - Train: loss 1.4556 acc1 58.37%
2026-05-19 00:35:25 - __main__ - INFO - Val:   loss 2.4320 acc1 41.55%
2026-05-19 00:35:25 - __main__ - INFO - 
Epoch 74/100 | lr 0.001872
2026-05-19 00:35:33 - __main__ - INFO - Train: loss 1.4445 acc1 58.71%
2026-05-19 00:35:33 - __main__ - INFO - Val:   loss 2.4389 acc1 42.06%
2026-05-19 00:35:33 - __main__ - INFO - saved best: 42.06%
2026-05-19 00:35:33 - __main__ - INFO - 
Epoch 75/100 | lr 0.001745
2026-05-19 00:35:41 - __main__ - INFO - Train: loss 1.4307 acc1 58.78%
2026-05-19 00:35:41 - __main__ - INFO - Val:   loss 2.4186 acc1 42.78%
2026-05-19 00:35:41 - __main__ - INFO - saved best: 42.78%
2026-05-19 00:35:41 - __main__ - INFO - 
Epoch 76/100 | lr 0.001622
2026-05-19 00:35:49 - __main__ - INFO - Train: loss 1.4138 acc1 59.43%
2026-05-19 00:35:49 - __main__ - INFO - Val:   loss 2.4353 acc1 41.76%
2026-05-19 00:35:49 - __main__ - INFO - 
Epoch 77/100 | lr 0.001502
2026-05-19 00:35:57 - __main__ - INFO - Train: loss 1.4123 acc1 59.46%
2026-05-19 00:35:57 - __main__ - INFO - Val:   loss 2.4753 acc1 41.63%
2026-05-19 00:35:57 - __main__ - INFO - 
Epoch 78/100 | lr 0.001386
2026-05-19 00:36:06 - __main__ - INFO - Train: loss 1.4014 acc1 59.60%
2026-05-19 00:36:06 - __main__ - INFO - Val:   loss 2.4345 acc1 42.07%
2026-05-19 00:36:06 - __main__ - INFO - 
Epoch 79/100 | lr 0.001275
2026-05-19 00:36:14 - __main__ - INFO - Train: loss 1.3790 acc1 60.44%
2026-05-19 00:36:14 - __main__ - INFO - Val:   loss 2.4367 acc1 42.26%
2026-05-19 00:36:14 - __main__ - INFO - 
Epoch 80/100 | lr 0.001167
2026-05-19 00:36:22 - __main__ - INFO - Train: loss 1.3729 acc1 60.46%
2026-05-19 00:36:22 - __main__ - INFO - Val:   loss 2.4652 acc1 41.66%
2026-05-19 00:36:22 - __main__ - INFO - 
Epoch 81/100 | lr 0.001063
2026-05-19 00:36:31 - __main__ - INFO - Train: loss 1.3573 acc1 61.15%
2026-05-19 00:36:31 - __main__ - INFO - Val:   loss 2.4591 acc1 42.37%
2026-05-19 00:36:31 - __main__ - INFO - 
Epoch 82/100 | lr 0.000964
2026-05-19 00:36:39 - __main__ - INFO - Train: loss 1.3472 acc1 60.97%
2026-05-19 00:36:39 - __main__ - INFO - Val:   loss 2.4431 acc1 42.37%
2026-05-19 00:36:39 - __main__ - INFO - 
Epoch 83/100 | lr 0.000869
2026-05-19 00:36:47 - __main__ - INFO - Train: loss 1.3268 acc1 61.69%
2026-05-19 00:36:47 - __main__ - INFO - Val:   loss 2.4428 acc1 42.08%
2026-05-19 00:36:47 - __main__ - INFO - 
Epoch 84/100 | lr 0.000779
2026-05-19 00:36:56 - __main__ - INFO - Train: loss 1.3172 acc1 62.01%
2026-05-19 00:36:56 - __main__ - INFO - Val:   loss 2.4454 acc1 42.22%
2026-05-19 00:36:56 - __main__ - INFO - 
Epoch 85/100 | lr 0.000693
2026-05-19 00:37:05 - __main__ - INFO - Train: loss 1.3137 acc1 62.16%
2026-05-19 00:37:05 - __main__ - INFO - Val:   loss 2.4576 acc1 42.37%
2026-05-19 00:37:05 - __main__ - INFO - 
Epoch 86/100 | lr 0.000612
2026-05-19 00:37:12 - __main__ - INFO - Train: loss 1.3003 acc1 62.37%
2026-05-19 00:37:12 - __main__ - INFO - Val:   loss 2.4449 acc1 42.74%
2026-05-19 00:37:12 - __main__ - INFO - 
Epoch 87/100 | lr 0.000536
2026-05-19 00:37:21 - __main__ - INFO - Train: loss 1.2981 acc1 62.49%
2026-05-19 00:37:21 - __main__ - INFO - Val:   loss 2.4502 acc1 42.24%
2026-05-19 00:37:21 - __main__ - INFO - 
Epoch 88/100 | lr 0.000465
2026-05-19 00:37:29 - __main__ - INFO - Train: loss 1.2835 acc1 62.76%
2026-05-19 00:37:29 - __main__ - INFO - Val:   loss 2.4631 acc1 42.57%
2026-05-19 00:37:29 - __main__ - INFO - 
Epoch 89/100 | lr 0.000398
2026-05-19 00:37:37 - __main__ - INFO - Train: loss 1.2805 acc1 63.06%
2026-05-19 00:37:37 - __main__ - INFO - Val:   loss 2.4669 acc1 42.69%
2026-05-19 00:37:37 - __main__ - INFO - 
Epoch 90/100 | lr 0.000337
2026-05-19 00:37:45 - __main__ - INFO - Train: loss 1.2693 acc1 63.10%
2026-05-19 00:37:45 - __main__ - INFO - Val:   loss 2.4614 acc1 42.24%
2026-05-19 00:37:45 - __main__ - INFO - 
Epoch 91/100 | lr 0.000281
2026-05-19 00:37:54 - __main__ - INFO - Train: loss 1.2716 acc1 63.12%
2026-05-19 00:37:54 - __main__ - INFO - Val:   loss 2.4677 acc1 42.63%
2026-05-19 00:37:54 - __main__ - INFO - 
Epoch 92/100 | lr 0.000230
2026-05-19 00:38:02 - __main__ - INFO - Train: loss 1.2608 acc1 63.74%
2026-05-19 00:38:02 - __main__ - INFO - Val:   loss 2.4643 acc1 42.31%
2026-05-19 00:38:02 - __main__ - INFO - 
Epoch 93/100 | lr 0.000184
2026-05-19 00:38:11 - __main__ - INFO - Train: loss 1.2585 acc1 63.65%
2026-05-19 00:38:11 - __main__ - INFO - Val:   loss 2.4651 acc1 42.48%
2026-05-19 00:38:11 - __main__ - INFO - 
Epoch 94/100 | lr 0.000143
2026-05-19 00:38:18 - __main__ - INFO - Train: loss 1.2420 acc1 64.08%
2026-05-19 00:38:18 - __main__ - INFO - Val:   loss 2.4678 acc1 42.37%
2026-05-19 00:38:18 - __main__ - INFO - 
Epoch 95/100 | lr 0.000108
2026-05-19 00:38:26 - __main__ - INFO - Train: loss 1.2430 acc1 63.99%
2026-05-19 00:38:26 - __main__ - INFO - Val:   loss 2.4710 acc1 42.44%
2026-05-19 00:38:26 - __main__ - INFO - 
Epoch 96/100 | lr 0.000078
2026-05-19 00:38:35 - __main__ - INFO - Train: loss 1.2574 acc1 63.59%
2026-05-19 00:38:35 - __main__ - INFO - Val:   loss 2.4669 acc1 42.54%
2026-05-19 00:38:35 - __main__ - INFO - 
Epoch 97/100 | lr 0.000054
2026-05-19 00:38:43 - __main__ - INFO - Train: loss 1.2419 acc1 63.87%
2026-05-19 00:38:43 - __main__ - INFO - Val:   loss 2.4666 acc1 42.53%
2026-05-19 00:38:43 - __main__ - INFO - 
Epoch 98/100 | lr 0.000035
2026-05-19 00:38:52 - __main__ - INFO - Train: loss 1.2493 acc1 63.55%
2026-05-19 00:38:52 - __main__ - INFO - Val:   loss 2.4706 acc1 42.57%
2026-05-19 00:38:52 - __main__ - INFO - 
Epoch 99/100 | lr 0.000021
2026-05-19 00:39:01 - __main__ - INFO - Train: loss 1.2443 acc1 64.01%
2026-05-19 00:39:01 - __main__ - INFO - Val:   loss 2.4692 acc1 42.30%
2026-05-19 00:39:01 - __main__ - INFO - 
Epoch 100/100 | lr 0.000013
2026-05-19 00:39:09 - __main__ - INFO - Train: loss 1.2303 acc1 64.45%
2026-05-19 00:39:09 - __main__ - INFO - Val:   loss 2.4693 acc1 42.50%
2026-05-19 00:39:09 - __main__ - INFO - Loaded best checkpoint weights for final test evaluation.
2026-05-19 00:39:11 - __main__ - INFO - 
Best tracked (val): 42.78%
2026-05-19 00:39:11 - __main__ - INFO - Final test: loss 2.4848 acc1 41.93%
2026-05-19 00:39:11 - __main__ - INFO -   Final training settings for output mobilenet_v3_small [low_saliency]: batch_size=128, amp=False
2026-05-19 00:39:14 - __main__ - INFO - Variant [low_saliency] done — test acc 41.93%, test loss 2.4848
2026-05-19 00:39:15 - __main__ - INFO - Saved validation comparison plot: runs/cifar100_2026_05/18/output_models/mobilenet_v3_small/validation_comparison_plot.png
2026-05-19 00:39:15 - __main__ - INFO - 
Starting output model sweep: convnext_tiny
2026-05-19 00:39:15 - __main__ - INFO - 
============================================================
2026-05-19 00:39:15 - __main__ - INFO - Training output model: convnext_tiny [original]
2026-05-19 00:39:15 - __main__ - INFO -   Resolved config → opt=adamw, lr=0.001, wd=0.05, bs=128, epochs=100, scheduler=cosine, warmup=10
2026-05-19 00:39:15 - __main__ - INFO - ============================================================
2026-05-19 00:39:15 - __main__ - INFO -   Validation during training uses variant split with val_split=0.1
2026-05-19 00:39:15 - __main__ - INFO -   Final test uses original test split
2026-05-19 00:39:15 - __main__ - INFO -   Retry policy: training output convnext_tiny [original] with batch_size=128, amp=False
2026-05-19 00:39:15 - __main__ - INFO - device: cuda | cuda: True | gpu: NVIDIA L4
2026-05-19 00:39:16 - __main__ - INFO - Model: convnext_tiny | Dataset: cifar100 | Classes: 100 | Optimizer: adamw
2026-05-19 00:39:16 - __main__ - INFO - 
Epoch 1/100 | lr 0.000001
2026-05-19 00:39:38 - __main__ - INFO - Train: loss 4.6960 acc1 1.37%
2026-05-19 00:39:38 - __main__ - INFO - Val:   loss 4.6168 acc1 1.94%
2026-05-19 00:39:38 - __main__ - INFO - saved best: 1.94%
2026-05-19 00:39:38 - __main__ - INFO - 
Epoch 2/100 | lr 0.000101
2026-05-19 00:39:51 - __main__ - INFO - Train: loss 4.1501 acc1 9.43%
2026-05-19 00:39:51 - __main__ - INFO - Val:   loss 3.9560 acc1 13.15%
2026-05-19 00:39:51 - __main__ - INFO - saved best: 13.15%
2026-05-19 00:39:51 - __main__ - INFO - 
Epoch 3/100 | lr 0.000201
2026-05-19 00:40:03 - __main__ - INFO - Train: loss 3.9124 acc1 13.41%
2026-05-19 00:40:03 - __main__ - INFO - Val:   loss 3.7073 acc1 17.41%
2026-05-19 00:40:03 - __main__ - INFO - saved best: 17.41%
2026-05-19 00:40:03 - __main__ - INFO - 
Epoch 4/100 | lr 0.000301
2026-05-19 00:40:16 - __main__ - INFO - Train: loss 3.7170 acc1 16.91%
2026-05-19 00:40:16 - __main__ - INFO - Val:   loss 3.5581 acc1 20.00%
2026-05-19 00:40:16 - __main__ - INFO - saved best: 20.00%
2026-05-19 00:40:16 - __main__ - INFO - 
Epoch 5/100 | lr 0.000401
2026-05-19 00:40:29 - __main__ - INFO - Train: loss 3.5783 acc1 19.79%
2026-05-19 00:40:29 - __main__ - INFO - Val:   loss 3.4450 acc1 23.02%
2026-05-19 00:40:29 - __main__ - INFO - saved best: 23.02%
2026-05-19 00:40:29 - __main__ - INFO - 
Epoch 6/100 | lr 0.000501
2026-05-19 00:40:41 - __main__ - INFO - Train: loss 3.4690 acc1 22.24%
2026-05-19 00:40:41 - __main__ - INFO - Val:   loss 3.3608 acc1 25.23%
2026-05-19 00:40:41 - __main__ - INFO - saved best: 25.23%
2026-05-19 00:40:41 - __main__ - INFO - 
Epoch 7/100 | lr 0.000600
2026-05-19 00:40:53 - __main__ - INFO - Train: loss 3.3678 acc1 24.10%
2026-05-19 00:40:53 - __main__ - INFO - Val:   loss 3.2913 acc1 27.06%
2026-05-19 00:40:53 - __main__ - INFO - saved best: 27.06%
2026-05-19 00:40:53 - __main__ - INFO - 
Epoch 8/100 | lr 0.000700
2026-05-19 00:41:06 - __main__ - INFO - Train: loss 3.2914 acc1 26.28%
2026-05-19 00:41:06 - __main__ - INFO - Val:   loss 3.2571 acc1 28.09%
2026-05-19 00:41:06 - __main__ - INFO - saved best: 28.09%
2026-05-19 00:41:06 - __main__ - INFO - 
Epoch 9/100 | lr 0.000800
2026-05-19 00:41:18 - __main__ - INFO - Train: loss 3.2157 acc1 27.87%
2026-05-19 00:41:18 - __main__ - INFO - Val:   loss 3.1648 acc1 30.27%
2026-05-19 00:41:18 - __main__ - INFO - saved best: 30.27%
2026-05-19 00:41:18 - __main__ - INFO - 
Epoch 10/100 | lr 0.000900
2026-05-19 00:41:31 - __main__ - INFO - Train: loss 3.1469 acc1 29.31%
2026-05-19 00:41:31 - __main__ - INFO - Val:   loss 3.1279 acc1 31.29%
2026-05-19 00:41:31 - __main__ - INFO - saved best: 31.29%
2026-05-19 00:41:31 - __main__ - INFO - 
Epoch 11/100 | lr 0.001000
2026-05-19 00:41:44 - __main__ - INFO - Train: loss 3.0839 acc1 30.83%
2026-05-19 00:41:44 - __main__ - INFO - Val:   loss 3.0917 acc1 32.07%
2026-05-19 00:41:44 - __main__ - INFO - saved best: 32.07%
2026-05-19 00:41:44 - __main__ - INFO - 
Epoch 12/100 | lr 0.001000
2026-05-19 00:41:57 - __main__ - INFO - Train: loss 2.9887 acc1 33.51%
2026-05-19 00:41:57 - __main__ - INFO - Val:   loss 3.0332 acc1 33.85%
2026-05-19 00:41:57 - __main__ - INFO - saved best: 33.85%
2026-05-19 00:41:57 - __main__ - INFO - 
Epoch 13/100 | lr 0.000999
2026-05-19 00:42:09 - __main__ - INFO - Train: loss 2.9019 acc1 35.58%
2026-05-19 00:42:09 - __main__ - INFO - Val:   loss 3.0216 acc1 34.53%
2026-05-19 00:42:09 - __main__ - INFO - saved best: 34.53%
2026-05-19 00:42:09 - __main__ - INFO - 
Epoch 14/100 | lr 0.000997
2026-05-19 00:42:22 - __main__ - INFO - Train: loss 2.8093 acc1 37.64%
2026-05-19 00:42:22 - __main__ - INFO - Val:   loss 2.9747 acc1 35.88%
2026-05-19 00:42:22 - __main__ - INFO - saved best: 35.88%
2026-05-19 00:42:22 - __main__ - INFO - 
Epoch 15/100 | lr 0.000995
2026-05-19 00:42:35 - __main__ - INFO - Train: loss 2.7216 acc1 40.07%
2026-05-19 00:42:35 - __main__ - INFO - Val:   loss 2.9181 acc1 36.72%
2026-05-19 00:42:35 - __main__ - INFO - saved best: 36.72%
2026-05-19 00:42:35 - __main__ - INFO - 
Epoch 16/100 | lr 0.000992
2026-05-19 00:42:48 - __main__ - INFO - Train: loss 2.6222 acc1 42.65%
2026-05-19 00:42:48 - __main__ - INFO - Val:   loss 2.9053 acc1 37.11%
2026-05-19 00:42:48 - __main__ - INFO - saved best: 37.11%
2026-05-19 00:42:48 - __main__ - INFO - 
Epoch 17/100 | lr 0.000989
2026-05-19 00:43:00 - __main__ - INFO - Train: loss 2.5140 acc1 45.69%
2026-05-19 00:43:00 - __main__ - INFO - Val:   loss 2.8932 acc1 37.59%
2026-05-19 00:43:00 - __main__ - INFO - saved best: 37.59%
2026-05-19 00:43:00 - __main__ - INFO - 
Epoch 18/100 | lr 0.000985
2026-05-19 00:43:13 - __main__ - INFO - Train: loss 2.4163 acc1 48.35%
2026-05-19 00:43:13 - __main__ - INFO - Val:   loss 2.8799 acc1 38.96%
2026-05-19 00:43:13 - __main__ - INFO - saved best: 38.96%
2026-05-19 00:43:13 - __main__ - INFO - 
Epoch 19/100 | lr 0.000981
2026-05-19 00:43:26 - __main__ - INFO - Train: loss 2.2984 acc1 51.73%
2026-05-19 00:43:26 - __main__ - INFO - Val:   loss 2.9063 acc1 39.23%
2026-05-19 00:43:26 - __main__ - INFO - saved best: 39.23%
2026-05-19 00:43:26 - __main__ - INFO - 
Epoch 20/100 | lr 0.000976
2026-05-19 00:43:38 - __main__ - INFO - Train: loss 2.1804 acc1 55.00%
2026-05-19 00:43:38 - __main__ - INFO - Val:   loss 2.9061 acc1 39.57%
2026-05-19 00:43:38 - __main__ - INFO - saved best: 39.57%
2026-05-19 00:43:38 - __main__ - INFO - 
Epoch 21/100 | lr 0.000970
2026-05-19 00:43:51 - __main__ - INFO - Train: loss 2.0494 acc1 59.21%
2026-05-19 00:43:51 - __main__ - INFO - Val:   loss 2.9385 acc1 40.32%
2026-05-19 00:43:51 - __main__ - INFO - saved best: 40.32%
2026-05-19 00:43:51 - __main__ - INFO - 
Epoch 22/100 | lr 0.000964
2026-05-19 00:44:03 - __main__ - INFO - Train: loss 1.9169 acc1 63.66%
2026-05-19 00:44:03 - __main__ - INFO - Val:   loss 2.9680 acc1 40.03%
2026-05-19 00:44:03 - __main__ - INFO - 
Epoch 23/100 | lr 0.000957
2026-05-19 00:44:15 - __main__ - INFO - Train: loss 1.8015 acc1 67.24%
2026-05-19 00:44:15 - __main__ - INFO - Val:   loss 3.0189 acc1 40.04%
2026-05-19 00:44:15 - __main__ - INFO - 
Epoch 24/100 | lr 0.000949
2026-05-19 00:44:27 - __main__ - INFO - Train: loss 1.6611 acc1 72.25%
2026-05-19 00:44:27 - __main__ - INFO - Val:   loss 3.1269 acc1 39.70%
2026-05-19 00:44:27 - __main__ - INFO - 
Epoch 25/100 | lr 0.000942
2026-05-19 00:44:40 - __main__ - INFO - Train: loss 1.5388 acc1 76.62%
2026-05-19 00:44:40 - __main__ - INFO - Val:   loss 3.1410 acc1 40.09%
2026-05-19 00:44:40 - __main__ - INFO - 
Epoch 26/100 | lr 0.000933
2026-05-19 00:44:53 - __main__ - INFO - Train: loss 1.4385 acc1 80.34%
2026-05-19 00:44:53 - __main__ - INFO - Val:   loss 3.1602 acc1 39.75%
2026-05-19 00:44:53 - __main__ - INFO - 
Epoch 27/100 | lr 0.000924
2026-05-19 00:45:05 - __main__ - INFO - Train: loss 1.3523 acc1 83.59%
2026-05-19 00:45:05 - __main__ - INFO - Val:   loss 3.1675 acc1 39.55%
2026-05-19 00:45:05 - __main__ - INFO - 
Epoch 28/100 | lr 0.000915
2026-05-19 00:45:18 - __main__ - INFO - Train: loss 1.2827 acc1 86.21%
2026-05-19 00:45:18 - __main__ - INFO - Val:   loss 3.1728 acc1 40.66%
2026-05-19 00:45:18 - __main__ - INFO - saved best: 40.66%
2026-05-19 00:45:18 - __main__ - INFO - 
Epoch 29/100 | lr 0.000905
2026-05-19 00:45:30 - __main__ - INFO - Train: loss 1.2383 acc1 87.32%
2026-05-19 00:45:30 - __main__ - INFO - Val:   loss 3.2234 acc1 39.66%
2026-05-19 00:45:30 - __main__ - INFO - 
Epoch 30/100 | lr 0.000894
2026-05-19 00:45:43 - __main__ - INFO - Train: loss 1.1861 acc1 89.51%
2026-05-19 00:45:43 - __main__ - INFO - Val:   loss 3.2345 acc1 39.44%
2026-05-19 00:45:43 - __main__ - INFO - 
Epoch 31/100 | lr 0.000883
2026-05-19 00:45:55 - __main__ - INFO - Train: loss 1.1525 acc1 90.42%
2026-05-19 00:45:55 - __main__ - INFO - Val:   loss 3.2486 acc1 39.52%
2026-05-19 00:45:55 - __main__ - INFO - 
Epoch 32/100 | lr 0.000872
2026-05-19 00:46:07 - __main__ - INFO - Train: loss 1.1294 acc1 91.19%
2026-05-19 00:46:07 - __main__ - INFO - Val:   loss 3.2433 acc1 40.09%
2026-05-19 00:46:07 - __main__ - INFO - 
Epoch 33/100 | lr 0.000860
2026-05-19 00:46:20 - __main__ - INFO - Train: loss 1.1082 acc1 91.78%
2026-05-19 00:46:20 - __main__ - INFO - Val:   loss 3.2687 acc1 39.73%
2026-05-19 00:46:20 - __main__ - INFO - 
Epoch 34/100 | lr 0.000847
2026-05-19 00:46:32 - __main__ - INFO - Train: loss 1.0879 acc1 92.20%
2026-05-19 00:46:32 - __main__ - INFO - Val:   loss 3.3026 acc1 39.15%
2026-05-19 00:46:32 - __main__ - INFO - 
Epoch 35/100 | lr 0.000835
2026-05-19 00:46:45 - __main__ - INFO - Train: loss 1.0685 acc1 92.71%
2026-05-19 00:46:45 - __main__ - INFO - Val:   loss 3.2329 acc1 40.75%
2026-05-19 00:46:45 - __main__ - INFO - saved best: 40.75%
2026-05-19 00:46:45 - __main__ - INFO - 
Epoch 36/100 | lr 0.000822
2026-05-19 00:46:58 - __main__ - INFO - Train: loss 1.0529 acc1 93.06%
2026-05-19 00:46:58 - __main__ - INFO - Val:   loss 3.2819 acc1 39.89%
2026-05-19 00:46:58 - __main__ - INFO - 
Epoch 37/100 | lr 0.000808
2026-05-19 00:47:10 - __main__ - INFO - Train: loss 1.0465 acc1 93.02%
2026-05-19 00:47:10 - __main__ - INFO - Val:   loss 3.3010 acc1 39.84%
2026-05-19 00:47:10 - __main__ - INFO - 
Epoch 38/100 | lr 0.000794
2026-05-19 00:47:22 - __main__ - INFO - Train: loss 1.0356 acc1 93.12%
2026-05-19 00:47:22 - __main__ - INFO - Val:   loss 3.3425 acc1 39.73%
2026-05-19 00:47:22 - __main__ - INFO - 
Epoch 39/100 | lr 0.000780
2026-05-19 00:47:34 - __main__ - INFO - Train: loss 1.0139 acc1 93.67%
2026-05-19 00:47:34 - __main__ - INFO - Val:   loss 3.3136 acc1 40.35%
2026-05-19 00:47:34 - __main__ - INFO - 
Epoch 40/100 | lr 0.000765
2026-05-19 00:47:47 - __main__ - INFO - Train: loss 1.0104 acc1 93.64%
2026-05-19 00:47:47 - __main__ - INFO - Val:   loss 3.3531 acc1 39.96%
2026-05-19 00:47:47 - __main__ - INFO - 
Epoch 41/100 | lr 0.000750
2026-05-19 00:47:59 - __main__ - INFO - Train: loss 0.9972 acc1 93.90%
2026-05-19 00:47:59 - __main__ - INFO - Val:   loss 3.3403 acc1 40.71%
2026-05-19 00:47:59 - __main__ - INFO - 
Epoch 42/100 | lr 0.000735
2026-05-19 00:48:11 - __main__ - INFO - Train: loss 0.9834 acc1 94.36%
2026-05-19 00:48:11 - __main__ - INFO - Val:   loss 3.3701 acc1 39.69%
2026-05-19 00:48:11 - __main__ - INFO - 
Epoch 43/100 | lr 0.000719
2026-05-19 00:48:24 - __main__ - INFO - Train: loss 0.9726 acc1 94.58%
2026-05-19 00:48:24 - __main__ - INFO - Val:   loss 3.4063 acc1 40.51%
2026-05-19 00:48:24 - __main__ - INFO - 
Epoch 44/100 | lr 0.000704
2026-05-19 00:48:37 - __main__ - INFO - Train: loss 0.9613 acc1 94.92%
2026-05-19 00:48:37 - __main__ - INFO - Val:   loss 3.4041 acc1 39.99%
2026-05-19 00:48:37 - __main__ - INFO - 
Epoch 45/100 | lr 0.000688
2026-05-19 00:48:49 - __main__ - INFO - Train: loss 0.9544 acc1 95.04%
2026-05-19 00:48:49 - __main__ - INFO - Val:   loss 3.3936 acc1 40.43%
2026-05-19 00:48:49 - __main__ - INFO - 
Epoch 46/100 | lr 0.000671
2026-05-19 00:49:01 - __main__ - INFO - Train: loss 0.9498 acc1 95.16%
2026-05-19 00:49:01 - __main__ - INFO - Val:   loss 3.4168 acc1 39.81%
2026-05-19 00:49:01 - __main__ - INFO - 
Epoch 47/100 | lr 0.000655
2026-05-19 00:49:14 - __main__ - INFO - Train: loss 0.9411 acc1 95.43%
2026-05-19 00:49:14 - __main__ - INFO - Val:   loss 3.3954 acc1 40.18%
2026-05-19 00:49:14 - __main__ - INFO - 
Epoch 48/100 | lr 0.000638
2026-05-19 00:49:26 - __main__ - INFO - Train: loss 0.9244 acc1 95.96%
2026-05-19 00:49:26 - __main__ - INFO - Val:   loss 3.4637 acc1 39.19%
2026-05-19 00:49:26 - __main__ - INFO - 
Epoch 49/100 | lr 0.000621
2026-05-19 00:49:39 - __main__ - INFO - Train: loss 0.9208 acc1 96.16%
2026-05-19 00:49:39 - __main__ - INFO - Val:   loss 3.4675 acc1 39.57%
2026-05-19 00:49:39 - __main__ - INFO - 
Epoch 50/100 | lr 0.000604
2026-05-19 00:49:51 - __main__ - INFO - Train: loss 0.9113 acc1 96.30%
2026-05-19 00:49:51 - __main__ - INFO - Val:   loss 3.4497 acc1 40.46%
2026-05-19 00:49:51 - __main__ - INFO - 
Epoch 51/100 | lr 0.000587
2026-05-19 00:50:03 - __main__ - INFO - Train: loss 0.9050 acc1 96.58%
2026-05-19 00:50:03 - __main__ - INFO - Val:   loss 3.3876 acc1 41.27%
2026-05-19 00:50:03 - __main__ - INFO - saved best: 41.27%
2026-05-19 00:50:03 - __main__ - INFO - 
Epoch 52/100 | lr 0.000570
2026-05-19 00:50:16 - __main__ - INFO - Train: loss 0.8965 acc1 96.69%
2026-05-19 00:50:16 - __main__ - INFO - Val:   loss 3.4462 acc1 41.21%
2026-05-19 00:50:16 - __main__ - INFO - 
Epoch 53/100 | lr 0.000553
2026-05-19 00:50:28 - __main__ - INFO - Train: loss 0.8981 acc1 96.67%
2026-05-19 00:50:28 - __main__ - INFO - Val:   loss 3.4626 acc1 40.29%
2026-05-19 00:50:28 - __main__ - INFO - 
Epoch 54/100 | lr 0.000535
2026-05-19 00:50:40 - __main__ - INFO - Train: loss 0.8865 acc1 97.11%
2026-05-19 00:50:40 - __main__ - INFO - Val:   loss 3.4328 acc1 40.99%
2026-05-19 00:50:40 - __main__ - INFO - 
Epoch 55/100 | lr 0.000518
2026-05-19 00:50:53 - __main__ - INFO - Train: loss 0.8819 acc1 97.25%
2026-05-19 00:50:53 - __main__ - INFO - Val:   loss 3.4946 acc1 39.79%
2026-05-19 00:50:53 - __main__ - INFO - 
Epoch 56/100 | lr 0.000500
2026-05-19 00:51:06 - __main__ - INFO - Train: loss 0.8861 acc1 97.06%
2026-05-19 00:51:06 - __main__ - INFO - Val:   loss 3.4384 acc1 40.42%
2026-05-19 00:51:06 - __main__ - INFO - 
Epoch 57/100 | lr 0.000483
2026-05-19 00:51:18 - __main__ - INFO - Train: loss 0.8750 acc1 97.35%
2026-05-19 00:51:18 - __main__ - INFO - Val:   loss 3.4595 acc1 40.10%
2026-05-19 00:51:18 - __main__ - INFO - 
Epoch 58/100 | lr 0.000466
2026-05-19 00:51:31 - __main__ - INFO - Train: loss 0.8678 acc1 97.70%
2026-05-19 00:51:31 - __main__ - INFO - Val:   loss 3.4439 acc1 41.48%
2026-05-19 00:51:31 - __main__ - INFO - saved best: 41.48%
2026-05-19 00:51:31 - __main__ - INFO - 
Epoch 59/100 | lr 0.000448
2026-05-19 00:51:44 - __main__ - INFO - Train: loss 0.8519 acc1 98.10%
2026-05-19 00:51:44 - __main__ - INFO - Val:   loss 3.4668 acc1 41.41%
2026-05-19 00:51:44 - __main__ - INFO - 
Epoch 60/100 | lr 0.000431
2026-05-19 00:51:57 - __main__ - INFO - Train: loss 0.8508 acc1 98.22%
2026-05-19 00:51:57 - __main__ - INFO - Val:   loss 3.4448 acc1 40.73%
2026-05-19 00:51:57 - __main__ - INFO - 
Epoch 61/100 | lr 0.000414
2026-05-19 00:52:09 - __main__ - INFO - Train: loss 0.8503 acc1 98.25%
2026-05-19 00:52:09 - __main__ - INFO - Val:   loss 3.4788 acc1 41.18%
2026-05-19 00:52:09 - __main__ - INFO - 
Epoch 62/100 | lr 0.000397
2026-05-19 00:52:22 - __main__ - INFO - Train: loss 0.8481 acc1 98.27%
2026-05-19 00:52:22 - __main__ - INFO - Val:   loss 3.5038 acc1 40.89%
2026-05-19 00:52:22 - __main__ - INFO - 
Epoch 63/100 | lr 0.000380
2026-05-19 00:52:34 - __main__ - INFO - Train: loss 0.8461 acc1 98.26%
2026-05-19 00:52:34 - __main__ - INFO - Val:   loss 3.4952 acc1 40.93%
2026-05-19 00:52:34 - __main__ - INFO - 
Epoch 64/100 | lr 0.000363
2026-05-19 00:52:47 - __main__ - INFO - Train: loss 0.8401 acc1 98.48%
2026-05-19 00:52:47 - __main__ - INFO - Val:   loss 3.4666 acc1 41.88%
2026-05-19 00:52:47 - __main__ - INFO - saved best: 41.88%
2026-05-19 00:52:47 - __main__ - INFO - 
Epoch 65/100 | lr 0.000346
2026-05-19 00:53:00 - __main__ - INFO - Train: loss 0.8373 acc1 98.58%
2026-05-19 00:53:00 - __main__ - INFO - Val:   loss 3.4748 acc1 41.25%
2026-05-19 00:53:00 - __main__ - INFO - 
Epoch 66/100 | lr 0.000330
2026-05-19 00:53:12 - __main__ - INFO - Train: loss 0.8365 acc1 98.61%
2026-05-19 00:53:12 - __main__ - INFO - Val:   loss 3.4846 acc1 41.02%
2026-05-19 00:53:12 - __main__ - INFO - 
Epoch 67/100 | lr 0.000313
2026-05-19 00:53:24 - __main__ - INFO - Train: loss 0.8296 acc1 98.86%
2026-05-19 00:53:24 - __main__ - INFO - Val:   loss 3.4899 acc1 41.38%
2026-05-19 00:53:24 - __main__ - INFO - 
Epoch 68/100 | lr 0.000297
2026-05-19 00:53:37 - __main__ - INFO - Train: loss 0.8263 acc1 98.89%
2026-05-19 00:53:37 - __main__ - INFO - Val:   loss 3.4969 acc1 41.00%
2026-05-19 00:53:37 - __main__ - INFO - 
Epoch 69/100 | lr 0.000282
2026-05-19 00:53:49 - __main__ - INFO - Train: loss 0.8207 acc1 99.06%
2026-05-19 00:53:49 - __main__ - INFO - Val:   loss 3.5149 acc1 41.05%
2026-05-19 00:53:49 - __main__ - INFO - 
Epoch 70/100 | lr 0.000266
2026-05-19 00:54:02 - __main__ - INFO - Train: loss 0.8216 acc1 99.02%
2026-05-19 00:54:02 - __main__ - INFO - Val:   loss 3.5136 acc1 41.48%
2026-05-19 00:54:02 - __main__ - INFO - 
Epoch 71/100 | lr 0.000251
2026-05-19 00:54:14 - __main__ - INFO - Train: loss 0.8181 acc1 99.13%
2026-05-19 00:54:14 - __main__ - INFO - Val:   loss 3.4780 acc1 41.79%
2026-05-19 00:54:14 - __main__ - INFO - 
Epoch 72/100 | lr 0.000236
2026-05-19 00:54:27 - __main__ - INFO - Train: loss 0.8129 acc1 99.27%
2026-05-19 00:54:27 - __main__ - INFO - Val:   loss 3.5072 acc1 41.68%
2026-05-19 00:54:27 - __main__ - INFO - 
Epoch 73/100 | lr 0.000221
2026-05-19 00:54:40 - __main__ - INFO - Train: loss 0.8131 acc1 99.21%
2026-05-19 00:54:40 - __main__ - INFO - Val:   loss 3.4799 acc1 41.80%
2026-05-19 00:54:40 - __main__ - INFO - 
Epoch 74/100 | lr 0.000207
2026-05-19 00:54:52 - __main__ - INFO - Train: loss 0.8101 acc1 99.36%
2026-05-19 00:54:52 - __main__ - INFO - Val:   loss 3.5078 acc1 41.00%
2026-05-19 00:54:52 - __main__ - INFO - 
Epoch 75/100 | lr 0.000193
2026-05-19 00:55:05 - __main__ - INFO - Train: loss 0.8081 acc1 99.39%
2026-05-19 00:55:05 - __main__ - INFO - Val:   loss 3.4792 acc1 41.91%
2026-05-19 00:55:05 - __main__ - INFO - saved best: 41.91%
2026-05-19 00:55:05 - __main__ - INFO - 
Epoch 76/100 | lr 0.000179
2026-05-19 00:55:17 - __main__ - INFO - Train: loss 0.8058 acc1 99.47%
2026-05-19 00:55:17 - __main__ - INFO - Val:   loss 3.4992 acc1 41.76%
2026-05-19 00:55:17 - __main__ - INFO - 
Epoch 77/100 | lr 0.000166
2026-05-19 00:55:30 - __main__ - INFO - Train: loss 0.8046 acc1 99.51%
2026-05-19 00:55:30 - __main__ - INFO - Val:   loss 3.4866 acc1 42.24%
2026-05-19 00:55:30 - __main__ - INFO - saved best: 42.24%
2026-05-19 00:55:30 - __main__ - INFO - 
Epoch 78/100 | lr 0.000154
2026-05-19 00:55:43 - __main__ - INFO - Train: loss 0.8005 acc1 99.59%
2026-05-19 00:55:43 - __main__ - INFO - Val:   loss 3.4923 acc1 41.93%
2026-05-19 00:55:43 - __main__ - INFO - 
Epoch 79/100 | lr 0.000141
2026-05-19 00:55:56 - __main__ - INFO - Train: loss 0.7996 acc1 99.63%
2026-05-19 00:55:56 - __main__ - INFO - Val:   loss 3.4814 acc1 42.18%
2026-05-19 00:55:56 - __main__ - INFO - 
Epoch 80/100 | lr 0.000129
2026-05-19 00:56:09 - __main__ - INFO - Train: loss 0.7988 acc1 99.63%
2026-05-19 00:56:09 - __main__ - INFO - Val:   loss 3.4925 acc1 41.78%
2026-05-19 00:56:09 - __main__ - INFO - 
Epoch 81/100 | lr 0.000118
2026-05-19 00:56:21 - __main__ - INFO - Train: loss 0.7984 acc1 99.65%
2026-05-19 00:56:21 - __main__ - INFO - Val:   loss 3.4931 acc1 41.47%
2026-05-19 00:56:21 - __main__ - INFO - 
Epoch 82/100 | lr 0.000107
2026-05-19 00:56:34 - __main__ - INFO - Train: loss 0.7969 acc1 99.70%
2026-05-19 00:56:34 - __main__ - INFO - Val:   loss 3.5198 acc1 41.50%
2026-05-19 00:56:34 - __main__ - INFO - 
Epoch 83/100 | lr 0.000096
2026-05-19 00:56:47 - __main__ - INFO - Train: loss 0.7977 acc1 99.63%
2026-05-19 00:56:47 - __main__ - INFO - Val:   loss 3.5071 acc1 41.53%
2026-05-19 00:56:47 - __main__ - INFO - 
Epoch 84/100 | lr 0.000086
2026-05-19 00:56:59 - __main__ - INFO - Train: loss 0.7964 acc1 99.71%
2026-05-19 00:56:59 - __main__ - INFO - Val:   loss 3.5089 acc1 41.40%
2026-05-19 00:56:59 - __main__ - INFO - 
Epoch 85/100 | lr 0.000077
2026-05-19 00:57:12 - __main__ - INFO - Train: loss 0.7932 acc1 99.79%
2026-05-19 00:57:12 - __main__ - INFO - Val:   loss 3.4943 acc1 41.72%
2026-05-19 00:57:12 - __main__ - INFO - 
Epoch 86/100 | lr 0.000068
2026-05-19 00:57:24 - __main__ - INFO - Train: loss 0.7942 acc1 99.73%
2026-05-19 00:57:24 - __main__ - INFO - Val:   loss 3.4925 acc1 41.74%
2026-05-19 00:57:24 - __main__ - INFO - 
Epoch 87/100 | lr 0.000059
2026-05-19 00:57:36 - __main__ - INFO - Train: loss 0.7932 acc1 99.77%
2026-05-19 00:57:36 - __main__ - INFO - Val:   loss 3.4858 acc1 41.96%
2026-05-19 00:57:36 - __main__ - INFO - 
Epoch 88/100 | lr 0.000052
2026-05-19 00:57:49 - __main__ - INFO - Train: loss 0.7924 acc1 99.80%
2026-05-19 00:57:49 - __main__ - INFO - Val:   loss 3.5000 acc1 42.01%
2026-05-19 00:57:49 - __main__ - INFO - 
Epoch 89/100 | lr 0.000044
2026-05-19 00:58:01 - __main__ - INFO - Train: loss 0.7923 acc1 99.79%
2026-05-19 00:58:01 - __main__ - INFO - Val:   loss 3.5001 acc1 41.67%
2026-05-19 00:58:01 - __main__ - INFO - 
Epoch 90/100 | lr 0.000037
2026-05-19 00:58:14 - __main__ - INFO - Train: loss 0.7917 acc1 99.82%
2026-05-19 00:58:14 - __main__ - INFO - Val:   loss 3.4825 acc1 42.24%
2026-05-19 00:58:14 - __main__ - INFO - 
Epoch 91/100 | lr 0.000031
2026-05-19 00:58:27 - __main__ - INFO - Train: loss 0.7901 acc1 99.85%
2026-05-19 00:58:27 - __main__ - INFO - Val:   loss 3.4710 acc1 42.19%
2026-05-19 00:58:27 - __main__ - INFO - 
Epoch 92/100 | lr 0.000025
2026-05-19 00:58:39 - __main__ - INFO - Train: loss 0.7897 acc1 99.87%
2026-05-19 00:58:39 - __main__ - INFO - Val:   loss 3.4822 acc1 42.13%
2026-05-19 00:58:39 - __main__ - INFO - 
Epoch 93/100 | lr 0.000020
2026-05-19 00:58:52 - __main__ - INFO - Train: loss 0.7904 acc1 99.84%
2026-05-19 00:58:52 - __main__ - INFO - Val:   loss 3.4874 acc1 41.89%
2026-05-19 00:58:52 - __main__ - INFO - 
Epoch 94/100 | lr 0.000016
2026-05-19 00:59:04 - __main__ - INFO - Train: loss 0.7901 acc1 99.83%
2026-05-19 00:59:04 - __main__ - INFO - Val:   loss 3.4776 acc1 42.17%
2026-05-19 00:59:04 - __main__ - INFO - 
Epoch 95/100 | lr 0.000012
2026-05-19 00:59:16 - __main__ - INFO - Train: loss 0.7898 acc1 99.84%
2026-05-19 00:59:16 - __main__ - INFO - Val:   loss 3.4775 acc1 42.00%
2026-05-19 00:59:16 - __main__ - INFO - 
Epoch 96/100 | lr 0.000009
2026-05-19 00:59:28 - __main__ - INFO - Train: loss 0.7894 acc1 99.85%
2026-05-19 00:59:28 - __main__ - INFO - Val:   loss 3.4762 acc1 42.21%
2026-05-19 00:59:28 - __main__ - INFO - 
Epoch 97/100 | lr 0.000006
2026-05-19 00:59:41 - __main__ - INFO - Train: loss 0.7888 acc1 99.88%
2026-05-19 00:59:41 - __main__ - INFO - Val:   loss 3.4792 acc1 42.18%
2026-05-19 00:59:41 - __main__ - INFO - 
Epoch 98/100 | lr 0.000004
2026-05-19 00:59:53 - __main__ - INFO - Train: loss 0.7886 acc1 99.87%
2026-05-19 00:59:53 - __main__ - INFO - Val:   loss 3.4788 acc1 41.94%
2026-05-19 00:59:53 - __main__ - INFO - 
Epoch 99/100 | lr 0.000002
2026-05-19 01:00:06 - __main__ - INFO - Train: loss 0.7897 acc1 99.85%
2026-05-19 01:00:06 - __main__ - INFO - Val:   loss 3.4797 acc1 41.78%
2026-05-19 01:00:06 - __main__ - INFO - 
Epoch 100/100 | lr 0.000001
2026-05-19 01:00:18 - __main__ - INFO - Train: loss 0.7890 acc1 99.87%
2026-05-19 01:00:18 - __main__ - INFO - Val:   loss 3.4797 acc1 41.76%
2026-05-19 01:00:18 - __main__ - INFO - Loaded best checkpoint weights for final test evaluation.
2026-05-19 01:00:22 - __main__ - INFO - 
Best tracked (val): 42.24%
2026-05-19 01:00:22 - __main__ - INFO - Final test: loss 3.4906 acc1 41.49%
2026-05-19 01:00:22 - __main__ - INFO -   Final training settings for output convnext_tiny [original]: batch_size=128, amp=False
2026-05-19 01:00:26 - __main__ - INFO - Variant [original] done — test acc 41.49%, test loss 3.4906
2026-05-19 01:00:26 - __main__ - INFO - 
============================================================
2026-05-19 01:00:26 - __main__ - INFO - Training output model: convnext_tiny [low_saliency]
2026-05-19 01:00:26 - __main__ - INFO -   Resolved config → opt=adamw, lr=0.001, wd=0.05, bs=128, epochs=100, scheduler=cosine, warmup=10
2026-05-19 01:00:26 - __main__ - INFO - ============================================================
2026-05-19 01:00:26 - __main__ - INFO -   Validation during training uses variant split with val_split=0.1
2026-05-19 01:00:26 - __main__ - INFO -   Final test uses low_saliency variant test split
2026-05-19 01:00:26 - __main__ - INFO -   Retry policy: training output convnext_tiny [low_saliency] with batch_size=128, amp=False
2026-05-19 01:00:26 - __main__ - INFO - device: cuda | cuda: True | gpu: NVIDIA L4
2026-05-19 01:00:27 - __main__ - INFO - Model: convnext_tiny | Dataset: cifar100 | Classes: 100 | Optimizer: adamw
2026-05-19 01:00:27 - __main__ - INFO - 
Epoch 1/100 | lr 0.000001
2026-05-19 01:00:40 - __main__ - INFO - Train: loss 4.7060 acc1 1.23%
2026-05-19 01:00:40 - __main__ - INFO - Val:   loss 4.6471 acc1 1.56%
2026-05-19 01:00:40 - __main__ - INFO - saved best: 1.56%
2026-05-19 01:00:40 - __main__ - INFO - 
Epoch 2/100 | lr 0.000101
2026-05-19 01:00:53 - __main__ - INFO - Train: loss 4.1781 acc1 8.96%
2026-05-19 01:00:53 - __main__ - INFO - Val:   loss 3.9720 acc1 13.43%
2026-05-19 01:00:53 - __main__ - INFO - saved best: 13.43%
2026-05-19 01:00:53 - __main__ - INFO - 
Epoch 3/100 | lr 0.000201
2026-05-19 01:01:06 - __main__ - INFO - Train: loss 3.9319 acc1 13.04%
2026-05-19 01:01:06 - __main__ - INFO - Val:   loss 3.6844 acc1 18.51%
2026-05-19 01:01:06 - __main__ - INFO - saved best: 18.51%
2026-05-19 01:01:06 - __main__ - INFO - 
Epoch 4/100 | lr 0.000301
2026-05-19 01:01:19 - __main__ - INFO - Train: loss 3.7181 acc1 17.03%
2026-05-19 01:01:19 - __main__ - INFO - Val:   loss 3.5339 acc1 20.42%
2026-05-19 01:01:19 - __main__ - INFO - saved best: 20.42%
2026-05-19 01:01:19 - __main__ - INFO - 
Epoch 5/100 | lr 0.000401
2026-05-19 01:01:31 - __main__ - INFO - Train: loss 3.5611 acc1 20.33%
2026-05-19 01:01:31 - __main__ - INFO - Val:   loss 3.4014 acc1 24.31%
2026-05-19 01:01:31 - __main__ - INFO - saved best: 24.31%
2026-05-19 01:01:31 - __main__ - INFO - 
Epoch 6/100 | lr 0.000501
2026-05-19 01:01:44 - __main__ - INFO - Train: loss 3.4452 acc1 22.98%
2026-05-19 01:01:44 - __main__ - INFO - Val:   loss 3.3237 acc1 26.74%
2026-05-19 01:01:44 - __main__ - INFO - saved best: 26.74%
2026-05-19 01:01:44 - __main__ - INFO - 
Epoch 7/100 | lr 0.000600
2026-05-19 01:01:57 - __main__ - INFO - Train: loss 3.3414 acc1 24.98%
2026-05-19 01:01:57 - __main__ - INFO - Val:   loss 3.2525 acc1 27.52%
2026-05-19 01:01:57 - __main__ - INFO - saved best: 27.52%
2026-05-19 01:01:57 - __main__ - INFO - 
Epoch 8/100 | lr 0.000700
2026-05-19 01:02:09 - __main__ - INFO - Train: loss 3.2556 acc1 27.13%
2026-05-19 01:02:09 - __main__ - INFO - Val:   loss 3.1980 acc1 28.95%
2026-05-19 01:02:09 - __main__ - INFO - saved best: 28.95%
2026-05-19 01:02:09 - __main__ - INFO - 
Epoch 9/100 | lr 0.000800
2026-05-19 01:02:21 - __main__ - INFO - Train: loss 3.1845 acc1 28.78%
2026-05-19 01:02:21 - __main__ - INFO - Val:   loss 3.1221 acc1 30.81%
2026-05-19 01:02:21 - __main__ - INFO - saved best: 30.81%
2026-05-19 01:02:21 - __main__ - INFO - 
Epoch 10/100 | lr 0.000900
2026-05-19 01:02:34 - __main__ - INFO - Train: loss 3.1151 acc1 30.62%
2026-05-19 01:02:34 - __main__ - INFO - Val:   loss 3.1140 acc1 30.92%
2026-05-19 01:02:34 - __main__ - INFO - saved best: 30.92%
2026-05-19 01:02:34 - __main__ - INFO - 
Epoch 11/100 | lr 0.001000
2026-05-19 01:02:46 - __main__ - INFO - Train: loss 3.0452 acc1 32.14%
2026-05-19 01:02:46 - __main__ - INFO - Val:   loss 3.0595 acc1 33.13%
2026-05-19 01:02:46 - __main__ - INFO - saved best: 33.13%
2026-05-19 01:02:46 - __main__ - INFO - 
Epoch 12/100 | lr 0.001000
2026-05-19 01:02:59 - __main__ - INFO - Train: loss 2.9531 acc1 34.45%
2026-05-19 01:02:59 - __main__ - INFO - Val:   loss 3.0221 acc1 33.37%
2026-05-19 01:02:59 - __main__ - INFO - saved best: 33.37%
2026-05-19 01:02:59 - __main__ - INFO - 
Epoch 13/100 | lr 0.000999
2026-05-19 01:03:12 - __main__ - INFO - Train: loss 2.8615 acc1 36.88%
2026-05-19 01:03:12 - __main__ - INFO - Val:   loss 2.9709 acc1 34.97%
2026-05-19 01:03:12 - __main__ - INFO - saved best: 34.97%
2026-05-19 01:03:12 - __main__ - INFO - 
Epoch 14/100 | lr 0.000997
2026-05-19 01:03:24 - __main__ - INFO - Train: loss 2.7752 acc1 38.75%
2026-05-19 01:03:24 - __main__ - INFO - Val:   loss 2.9156 acc1 37.38%
2026-05-19 01:03:24 - __main__ - INFO - saved best: 37.38%
2026-05-19 01:03:24 - __main__ - INFO - 
Epoch 15/100 | lr 0.000995
2026-05-19 01:03:36 - __main__ - INFO - Train: loss 2.6794 acc1 41.45%
2026-05-19 01:03:36 - __main__ - INFO - Val:   loss 2.8955 acc1 37.30%
2026-05-19 01:03:36 - __main__ - INFO - 
Epoch 16/100 | lr 0.000992
2026-05-19 01:03:49 - __main__ - INFO - Train: loss 2.5882 acc1 43.88%
2026-05-19 01:03:49 - __main__ - INFO - Val:   loss 2.8670 acc1 38.48%
2026-05-19 01:03:49 - __main__ - INFO - saved best: 38.48%
2026-05-19 01:03:49 - __main__ - INFO - 
Epoch 17/100 | lr 0.000989
2026-05-19 01:04:01 - __main__ - INFO - Train: loss 2.4934 acc1 46.22%
2026-05-19 01:04:01 - __main__ - INFO - Val:   loss 2.8741 acc1 37.41%
2026-05-19 01:04:01 - __main__ - INFO - 
Epoch 18/100 | lr 0.000985
2026-05-19 01:04:13 - __main__ - INFO - Train: loss 2.4072 acc1 49.08%
2026-05-19 01:04:13 - __main__ - INFO - Val:   loss 2.8493 acc1 40.20%
2026-05-19 01:04:13 - __main__ - INFO - saved best: 40.20%
2026-05-19 01:04:13 - __main__ - INFO - 
Epoch 19/100 | lr 0.000981
2026-05-19 01:04:26 - __main__ - INFO - Train: loss 2.2997 acc1 52.02%
2026-05-19 01:04:26 - __main__ - INFO - Val:   loss 2.8411 acc1 39.99%
2026-05-19 01:04:26 - __main__ - INFO - 
Epoch 20/100 | lr 0.000976
2026-05-19 01:04:39 - __main__ - INFO - Train: loss 2.1952 acc1 54.75%
2026-05-19 01:04:39 - __main__ - INFO - Val:   loss 2.8714 acc1 40.78%
2026-05-19 01:04:39 - __main__ - INFO - saved best: 40.78%
2026-05-19 01:04:39 - __main__ - INFO - 
Epoch 21/100 | lr 0.000970
2026-05-19 01:04:51 - __main__ - INFO - Train: loss 2.0862 acc1 58.31%
2026-05-19 01:04:51 - __main__ - INFO - Val:   loss 2.8540 acc1 40.59%
2026-05-19 01:04:51 - __main__ - INFO - 
Epoch 22/100 | lr 0.000964
2026-05-19 01:05:04 - __main__ - INFO - Train: loss 1.9746 acc1 61.82%
2026-05-19 01:05:04 - __main__ - INFO - Val:   loss 2.9001 acc1 40.86%
2026-05-19 01:05:04 - __main__ - INFO - saved best: 40.86%
2026-05-19 01:05:04 - __main__ - INFO - 
Epoch 23/100 | lr 0.000957
2026-05-19 01:05:17 - __main__ - INFO - Train: loss 1.8682 acc1 65.12%
2026-05-19 01:05:17 - __main__ - INFO - Val:   loss 2.9527 acc1 40.91%
2026-05-19 01:05:17 - __main__ - INFO - saved best: 40.91%
2026-05-19 01:05:17 - __main__ - INFO - 
Epoch 24/100 | lr 0.000949
2026-05-19 01:05:29 - __main__ - INFO - Train: loss 1.7482 acc1 69.09%
2026-05-19 01:05:29 - __main__ - INFO - Val:   loss 2.9692 acc1 40.96%
2026-05-19 01:05:29 - __main__ - INFO - saved best: 40.96%
2026-05-19 01:05:29 - __main__ - INFO - 
Epoch 25/100 | lr 0.000942
2026-05-19 01:05:41 - __main__ - INFO - Train: loss 1.6397 acc1 73.14%
2026-05-19 01:05:41 - __main__ - INFO - Val:   loss 3.0373 acc1 40.37%
2026-05-19 01:05:41 - __main__ - INFO - 
Epoch 26/100 | lr 0.000933
2026-05-19 01:05:53 - __main__ - INFO - Train: loss 1.5446 acc1 76.50%
2026-05-19 01:05:53 - __main__ - INFO - Val:   loss 3.0333 acc1 40.59%
2026-05-19 01:05:53 - __main__ - INFO - 
Epoch 27/100 | lr 0.000924
2026-05-19 01:06:06 - __main__ - INFO - Train: loss 1.4548 acc1 80.16%
2026-05-19 01:06:06 - __main__ - INFO - Val:   loss 3.0574 acc1 41.08%
2026-05-19 01:06:06 - __main__ - INFO - saved best: 41.08%
2026-05-19 01:06:06 - __main__ - INFO - 
Epoch 28/100 | lr 0.000915
2026-05-19 01:06:18 - __main__ - INFO - Train: loss 1.3757 acc1 82.80%
2026-05-19 01:06:18 - __main__ - INFO - Val:   loss 3.0579 acc1 41.26%
2026-05-19 01:06:18 - __main__ - INFO - saved best: 41.26%
2026-05-19 01:06:18 - __main__ - INFO - 
Epoch 29/100 | lr 0.000905
2026-05-19 01:06:30 - __main__ - INFO - Train: loss 1.3082 acc1 85.46%
2026-05-19 01:06:30 - __main__ - INFO - Val:   loss 3.1189 acc1 41.27%
2026-05-19 01:06:30 - __main__ - INFO - saved best: 41.27%
2026-05-19 01:06:30 - __main__ - INFO - 
Epoch 30/100 | lr 0.000894
2026-05-19 01:06:43 - __main__ - INFO - Train: loss 1.2519 acc1 87.68%
2026-05-19 01:06:43 - __main__ - INFO - Val:   loss 3.1571 acc1 40.04%
2026-05-19 01:06:43 - __main__ - INFO - 
Epoch 31/100 | lr 0.000883
2026-05-19 01:06:55 - __main__ - INFO - Train: loss 1.2060 acc1 89.32%
2026-05-19 01:06:55 - __main__ - INFO - Val:   loss 3.1279 acc1 41.93%
2026-05-19 01:06:55 - __main__ - INFO - saved best: 41.93%
2026-05-19 01:06:55 - __main__ - INFO - 
Epoch 32/100 | lr 0.000872
2026-05-19 01:07:08 - __main__ - INFO - Train: loss 1.1703 acc1 90.62%
2026-05-19 01:07:08 - __main__ - INFO - Val:   loss 3.0968 acc1 41.96%
2026-05-19 01:07:08 - __main__ - INFO - saved best: 41.96%
2026-05-19 01:07:08 - __main__ - INFO - 
Epoch 33/100 | lr 0.000860
2026-05-19 01:07:20 - __main__ - INFO - Train: loss 1.1471 acc1 91.30%
2026-05-19 01:07:20 - __main__ - INFO - Val:   loss 3.1098 acc1 41.84%
2026-05-19 01:07:20 - __main__ - INFO - 
Epoch 34/100 | lr 0.000847
2026-05-19 01:07:33 - __main__ - INFO - Train: loss 1.1221 acc1 92.07%
2026-05-19 01:07:33 - __main__ - INFO - Val:   loss 3.0966 acc1 42.32%
2026-05-19 01:07:33 - __main__ - INFO - saved best: 42.32%
2026-05-19 01:07:33 - __main__ - INFO - 
Epoch 35/100 | lr 0.000835
2026-05-19 01:07:46 - __main__ - INFO - Train: loss 1.0973 acc1 92.94%
2026-05-19 01:07:46 - __main__ - INFO - Val:   loss 3.1025 acc1 42.70%
2026-05-19 01:07:46 - __main__ - INFO - saved best: 42.70%
2026-05-19 01:07:46 - __main__ - INFO - 
Epoch 36/100 | lr 0.000822
2026-05-19 01:07:58 - __main__ - INFO - Train: loss 1.0774 acc1 93.46%
2026-05-19 01:07:58 - __main__ - INFO - Val:   loss 3.0880 acc1 42.52%
2026-05-19 01:07:58 - __main__ - INFO - 
Epoch 37/100 | lr 0.000808
2026-05-19 01:08:10 - __main__ - INFO - Train: loss 1.0599 acc1 93.91%
2026-05-19 01:08:10 - __main__ - INFO - Val:   loss 3.1221 acc1 42.20%
2026-05-19 01:08:10 - __main__ - INFO - 
Epoch 38/100 | lr 0.000794
2026-05-19 01:08:23 - __main__ - INFO - Train: loss 1.0529 acc1 93.86%
2026-05-19 01:08:23 - __main__ - INFO - Val:   loss 3.1326 acc1 41.15%
2026-05-19 01:08:23 - __main__ - INFO - 
Epoch 39/100 | lr 0.000780
2026-05-19 01:08:35 - __main__ - INFO - Train: loss 1.0297 acc1 94.53%
2026-05-19 01:08:35 - __main__ - INFO - Val:   loss 3.1552 acc1 41.96%
2026-05-19 01:08:35 - __main__ - INFO - 
Epoch 40/100 | lr 0.000765
2026-05-19 01:08:48 - __main__ - INFO - Train: loss 1.0244 acc1 94.32%
2026-05-19 01:08:48 - __main__ - INFO - Val:   loss 3.1599 acc1 42.29%
2026-05-19 01:08:48 - __main__ - INFO - 
Epoch 41/100 | lr 0.000750
2026-05-19 01:09:00 - __main__ - INFO - Train: loss 1.0227 acc1 94.08%
2026-05-19 01:09:00 - __main__ - INFO - Val:   loss 3.2052 acc1 41.55%
2026-05-19 01:09:00 - __main__ - INFO - 
Epoch 42/100 | lr 0.000735
2026-05-19 01:09:12 - __main__ - INFO - Train: loss 1.0023 acc1 94.67%
2026-05-19 01:09:12 - __main__ - INFO - Val:   loss 3.2168 acc1 41.26%
2026-05-19 01:09:12 - __main__ - INFO - 
Epoch 43/100 | lr 0.000719
2026-05-19 01:09:25 - __main__ - INFO - Train: loss 0.9888 acc1 94.97%
2026-05-19 01:09:25 - __main__ - INFO - Val:   loss 3.2343 acc1 42.24%
2026-05-19 01:09:25 - __main__ - INFO - 
Epoch 44/100 | lr 0.000704
2026-05-19 01:09:37 - __main__ - INFO - Train: loss 0.9802 acc1 95.05%
2026-05-19 01:09:37 - __main__ - INFO - Val:   loss 3.2527 acc1 41.86%
2026-05-19 01:09:37 - __main__ - INFO - 
Epoch 45/100 | lr 0.000688
2026-05-19 01:09:49 - __main__ - INFO - Train: loss 0.9683 acc1 95.28%
2026-05-19 01:09:49 - __main__ - INFO - Val:   loss 3.2402 acc1 42.38%
2026-05-19 01:09:49 - __main__ - INFO - 
Epoch 46/100 | lr 0.000671
2026-05-19 01:10:02 - __main__ - INFO - Train: loss 0.9560 acc1 95.56%
2026-05-19 01:10:02 - __main__ - INFO - Val:   loss 3.2873 acc1 41.21%
2026-05-19 01:10:02 - __main__ - INFO - 
Epoch 47/100 | lr 0.000655
2026-05-19 01:10:14 - __main__ - INFO - Train: loss 0.9606 acc1 95.38%
2026-05-19 01:10:14 - __main__ - INFO - Val:   loss 3.2824 acc1 41.69%
2026-05-19 01:10:14 - __main__ - INFO - 
Epoch 48/100 | lr 0.000638
2026-05-19 01:10:27 - __main__ - INFO - Train: loss 0.9332 acc1 96.22%
2026-05-19 01:10:27 - __main__ - INFO - Val:   loss 3.2871 acc1 41.65%
2026-05-19 01:10:27 - __main__ - INFO - 
Epoch 49/100 | lr 0.000621
2026-05-19 01:10:39 - __main__ - INFO - Train: loss 0.9227 acc1 96.54%
2026-05-19 01:10:39 - __main__ - INFO - Val:   loss 3.3335 acc1 41.14%
2026-05-19 01:10:39 - __main__ - INFO - 
Epoch 50/100 | lr 0.000604
2026-05-19 01:10:52 - __main__ - INFO - Train: loss 0.9193 acc1 96.53%
2026-05-19 01:10:52 - __main__ - INFO - Val:   loss 3.3311 acc1 41.42%
2026-05-19 01:10:52 - __main__ - INFO - 
Epoch 51/100 | lr 0.000587
2026-05-19 01:11:04 - __main__ - INFO - Train: loss 0.9194 acc1 96.35%
2026-05-19 01:11:04 - __main__ - INFO - Val:   loss 3.3138 acc1 42.20%
2026-05-19 01:11:04 - __main__ - INFO - 
Epoch 52/100 | lr 0.000570
2026-05-19 01:11:16 - __main__ - INFO - Train: loss 0.9152 acc1 96.54%
2026-05-19 01:11:16 - __main__ - INFO - Val:   loss 3.3824 acc1 41.17%
2026-05-19 01:11:16 - __main__ - INFO - 
Epoch 53/100 | lr 0.000553
2026-05-19 01:11:29 - __main__ - INFO - Train: loss 0.9000 acc1 96.99%
2026-05-19 01:11:29 - __main__ - INFO - Val:   loss 3.3684 acc1 41.41%
2026-05-19 01:11:29 - __main__ - INFO - 
Epoch 54/100 | lr 0.000535
2026-05-19 01:11:41 - __main__ - INFO - Train: loss 0.8952 acc1 97.08%
2026-05-19 01:11:41 - __main__ - INFO - Val:   loss 3.3123 acc1 42.17%
2026-05-19 01:11:41 - __main__ - INFO - 
Epoch 55/100 | lr 0.000518
2026-05-19 01:11:54 - __main__ - INFO - Train: loss 0.8894 acc1 97.29%
2026-05-19 01:11:54 - __main__ - INFO - Val:   loss 3.3350 acc1 42.34%
2026-05-19 01:11:54 - __main__ - INFO - 
Epoch 56/100 | lr 0.000500
2026-05-19 01:12:06 - __main__ - INFO - Train: loss 0.8849 acc1 97.36%
2026-05-19 01:12:06 - __main__ - INFO - Val:   loss 3.3356 acc1 42.56%
2026-05-19 01:12:06 - __main__ - INFO - 
Epoch 57/100 | lr 0.000483
2026-05-19 01:12:18 - __main__ - INFO - Train: loss 0.8754 acc1 97.64%
2026-05-19 01:12:18 - __main__ - INFO - Val:   loss 3.3541 acc1 41.55%
2026-05-19 01:12:18 - __main__ - INFO - 
Epoch 58/100 | lr 0.000466
2026-05-19 01:12:31 - __main__ - INFO - Train: loss 0.8618 acc1 98.19%
2026-05-19 01:12:31 - __main__ - INFO - Val:   loss 3.3742 acc1 42.35%
2026-05-19 01:12:31 - __main__ - INFO - 
Epoch 59/100 | lr 0.000448
2026-05-19 01:12:43 - __main__ - INFO - Train: loss 0.8608 acc1 98.10%
2026-05-19 01:12:43 - __main__ - INFO - Val:   loss 3.4108 acc1 41.01%
2026-05-19 01:12:43 - __main__ - INFO - 
Epoch 60/100 | lr 0.000431
2026-05-19 01:12:56 - __main__ - INFO - Train: loss 0.8638 acc1 98.01%
2026-05-19 01:12:56 - __main__ - INFO - Val:   loss 3.3774 acc1 42.04%
2026-05-19 01:12:56 - __main__ - INFO - 
Epoch 61/100 | lr 0.000414
2026-05-19 01:13:08 - __main__ - INFO - Train: loss 0.8588 acc1 98.18%
2026-05-19 01:13:08 - __main__ - INFO - Val:   loss 3.3635 acc1 42.07%
2026-05-19 01:13:08 - __main__ - INFO - 
Epoch 62/100 | lr 0.000397
2026-05-19 01:13:20 - __main__ - INFO - Train: loss 0.8509 acc1 98.40%
2026-05-19 01:13:20 - __main__ - INFO - Val:   loss 3.3564 acc1 43.11%
2026-05-19 01:13:20 - __main__ - INFO - saved best: 43.11%
2026-05-19 01:13:20 - __main__ - INFO - 
Epoch 63/100 | lr 0.000380
2026-05-19 01:13:33 - __main__ - INFO - Train: loss 0.8467 acc1 98.48%
2026-05-19 01:13:33 - __main__ - INFO - Val:   loss 3.3734 acc1 42.82%
2026-05-19 01:13:33 - __main__ - INFO - 
Epoch 64/100 | lr 0.000363
2026-05-19 01:13:46 - __main__ - INFO - Train: loss 0.8440 acc1 98.60%
2026-05-19 01:13:46 - __main__ - INFO - Val:   loss 3.3373 acc1 42.62%
2026-05-19 01:13:46 - __main__ - INFO - 
Epoch 65/100 | lr 0.000346
2026-05-19 01:13:58 - __main__ - INFO - Train: loss 0.8449 acc1 98.53%
2026-05-19 01:13:58 - __main__ - INFO - Val:   loss 3.3656 acc1 42.69%
2026-05-19 01:13:58 - __main__ - INFO - 
Epoch 66/100 | lr 0.000330
2026-05-19 01:14:10 - __main__ - INFO - Train: loss 0.8351 acc1 98.83%
2026-05-19 01:14:10 - __main__ - INFO - Val:   loss 3.3497 acc1 43.04%
2026-05-19 01:14:10 - __main__ - INFO - 
Epoch 67/100 | lr 0.000313
2026-05-19 01:14:23 - __main__ - INFO - Train: loss 0.8300 acc1 99.00%
2026-05-19 01:14:23 - __main__ - INFO - Val:   loss 3.3330 acc1 43.91%
2026-05-19 01:14:23 - __main__ - INFO - saved best: 43.91%
2026-05-19 01:14:23 - __main__ - INFO - 
Epoch 68/100 | lr 0.000297
2026-05-19 01:14:35 - __main__ - INFO - Train: loss 0.8278 acc1 99.00%
2026-05-19 01:14:35 - __main__ - INFO - Val:   loss 3.3598 acc1 43.24%
2026-05-19 01:14:35 - __main__ - INFO - 
Epoch 69/100 | lr 0.000282
2026-05-19 01:14:47 - __main__ - INFO - Train: loss 0.8244 acc1 99.12%
2026-05-19 01:14:47 - __main__ - INFO - Val:   loss 3.4006 acc1 42.58%
2026-05-19 01:14:47 - __main__ - INFO - 
Epoch 70/100 | lr 0.000266
2026-05-19 01:15:00 - __main__ - INFO - Train: loss 0.8241 acc1 99.12%
2026-05-19 01:15:00 - __main__ - INFO - Val:   loss 3.3532 acc1 43.72%
2026-05-19 01:15:00 - __main__ - INFO - 
Epoch 71/100 | lr 0.000251
2026-05-19 01:15:12 - __main__ - INFO - Train: loss 0.8164 acc1 99.39%
2026-05-19 01:15:12 - __main__ - INFO - Val:   loss 3.3600 acc1 43.22%
2026-05-19 01:15:12 - __main__ - INFO - 
Epoch 72/100 | lr 0.000236
2026-05-19 01:15:25 - __main__ - INFO - Train: loss 0.8209 acc1 99.19%
2026-05-19 01:15:25 - __main__ - INFO - Val:   loss 3.3603 acc1 43.24%
2026-05-19 01:15:25 - __main__ - INFO - 
Epoch 73/100 | lr 0.000221
2026-05-19 01:15:37 - __main__ - INFO - Train: loss 0.8150 acc1 99.39%
2026-05-19 01:15:37 - __main__ - INFO - Val:   loss 3.3728 acc1 43.44%
2026-05-19 01:15:37 - __main__ - INFO - 
Epoch 74/100 | lr 0.000207
2026-05-19 01:15:50 - __main__ - INFO - Train: loss 0.8113 acc1 99.51%
2026-05-19 01:15:50 - __main__ - INFO - Val:   loss 3.3634 acc1 43.48%
2026-05-19 01:15:50 - __main__ - INFO - 
Epoch 75/100 | lr 0.000193
2026-05-19 01:16:02 - __main__ - INFO - Train: loss 0.8109 acc1 99.45%
2026-05-19 01:16:02 - __main__ - INFO - Val:   loss 3.3538 acc1 43.90%
2026-05-19 01:16:02 - __main__ - INFO - 
Epoch 76/100 | lr 0.000179
2026-05-19 01:16:15 - __main__ - INFO - Train: loss 0.8083 acc1 99.53%
2026-05-19 01:16:15 - __main__ - INFO - Val:   loss 3.3454 acc1 43.55%
2026-05-19 01:16:15 - __main__ - INFO - 
Epoch 77/100 | lr 0.000166
2026-05-19 01:16:27 - __main__ - INFO - Train: loss 0.8071 acc1 99.55%
2026-05-19 01:16:27 - __main__ - INFO - Val:   loss 3.3371 acc1 43.75%
2026-05-19 01:16:27 - __main__ - INFO - 
Epoch 78/100 | lr 0.000154
2026-05-19 01:16:40 - __main__ - INFO - Train: loss 0.8028 acc1 99.67%
2026-05-19 01:16:40 - __main__ - INFO - Val:   loss 3.3354 acc1 43.58%
2026-05-19 01:16:40 - __main__ - INFO - 
Epoch 79/100 | lr 0.000141
2026-05-19 01:16:52 - __main__ - INFO - Train: loss 0.8031 acc1 99.66%
2026-05-19 01:16:52 - __main__ - INFO - Val:   loss 3.3379 acc1 44.01%
2026-05-19 01:16:52 - __main__ - INFO - saved best: 44.01%
2026-05-19 01:16:52 - __main__ - INFO - 
Epoch 80/100 | lr 0.000129
2026-05-19 01:17:04 - __main__ - INFO - Train: loss 0.8010 acc1 99.67%
2026-05-19 01:17:04 - __main__ - INFO - Val:   loss 3.3470 acc1 44.14%
2026-05-19 01:17:04 - __main__ - INFO - saved best: 44.14%
2026-05-19 01:17:04 - __main__ - INFO - 
Epoch 81/100 | lr 0.000118
2026-05-19 01:17:17 - __main__ - INFO - Train: loss 0.7998 acc1 99.72%
2026-05-19 01:17:17 - __main__ - INFO - Val:   loss 3.3357 acc1 44.20%
2026-05-19 01:17:17 - __main__ - INFO - saved best: 44.20%
2026-05-19 01:17:17 - __main__ - INFO - 
Epoch 82/100 | lr 0.000107
2026-05-19 01:17:29 - __main__ - INFO - Train: loss 0.7982 acc1 99.74%
2026-05-19 01:17:29 - __main__ - INFO - Val:   loss 3.3467 acc1 43.60%
2026-05-19 01:17:29 - __main__ - INFO - 
Epoch 83/100 | lr 0.000096
2026-05-19 01:17:42 - __main__ - INFO - Train: loss 0.7981 acc1 99.75%
2026-05-19 01:17:42 - __main__ - INFO - Val:   loss 3.3574 acc1 43.88%
2026-05-19 01:17:42 - __main__ - INFO - 
Epoch 84/100 | lr 0.000086
2026-05-19 01:17:55 - __main__ - INFO - Train: loss 0.7970 acc1 99.79%
2026-05-19 01:17:55 - __main__ - INFO - Val:   loss 3.3251 acc1 43.98%
2026-05-19 01:17:55 - __main__ - INFO - 
Epoch 85/100 | lr 0.000077
2026-05-19 01:18:07 - __main__ - INFO - Train: loss 0.7950 acc1 99.83%
2026-05-19 01:18:07 - __main__ - INFO - Val:   loss 3.3423 acc1 44.36%
2026-05-19 01:18:07 - __main__ - INFO - saved best: 44.36%
2026-05-19 01:18:07 - __main__ - INFO - 
Epoch 86/100 | lr 0.000068
2026-05-19 01:18:19 - __main__ - INFO - Train: loss 0.7957 acc1 99.81%
2026-05-19 01:18:19 - __main__ - INFO - Val:   loss 3.3246 acc1 44.65%
2026-05-19 01:18:19 - __main__ - INFO - saved best: 44.65%
2026-05-19 01:18:19 - __main__ - INFO - 
Epoch 87/100 | lr 0.000059
2026-05-19 01:18:32 - __main__ - INFO - Train: loss 0.7946 acc1 99.83%
2026-05-19 01:18:32 - __main__ - INFO - Val:   loss 3.3314 acc1 44.26%
2026-05-19 01:18:32 - __main__ - INFO - 
Epoch 88/100 | lr 0.000052
2026-05-19 01:18:44 - __main__ - INFO - Train: loss 0.7932 acc1 99.87%
2026-05-19 01:18:44 - __main__ - INFO - Val:   loss 3.3389 acc1 44.15%
2026-05-19 01:18:44 - __main__ - INFO - 
Epoch 89/100 | lr 0.000044
2026-05-19 01:18:56 - __main__ - INFO - Train: loss 0.7930 acc1 99.86%
2026-05-19 01:18:56 - __main__ - INFO - Val:   loss 3.3355 acc1 44.63%
2026-05-19 01:18:56 - __main__ - INFO - 
Epoch 90/100 | lr 0.000037
2026-05-19 01:19:09 - __main__ - INFO - Train: loss 0.7920 acc1 99.89%
2026-05-19 01:19:09 - __main__ - INFO - Val:   loss 3.3277 acc1 44.38%
2026-05-19 01:19:09 - __main__ - INFO - 
Epoch 91/100 | lr 0.000031
2026-05-19 01:19:22 - __main__ - INFO - Train: loss 0.7922 acc1 99.86%
2026-05-19 01:19:22 - __main__ - INFO - Val:   loss 3.3302 acc1 44.44%
2026-05-19 01:19:22 - __main__ - INFO - 
Epoch 92/100 | lr 0.000025
2026-05-19 01:19:34 - __main__ - INFO - Train: loss 0.7918 acc1 99.89%
2026-05-19 01:19:34 - __main__ - INFO - Val:   loss 3.3316 acc1 44.44%
2026-05-19 01:19:34 - __main__ - INFO - 
Epoch 93/100 | lr 0.000020
2026-05-19 01:19:46 - __main__ - INFO - Train: loss 0.7914 acc1 99.89%
2026-05-19 01:19:46 - __main__ - INFO - Val:   loss 3.3310 acc1 44.20%
2026-05-19 01:19:46 - __main__ - INFO - 
Epoch 94/100 | lr 0.000016
2026-05-19 01:19:59 - __main__ - INFO - Train: loss 0.7914 acc1 99.89%
2026-05-19 01:19:59 - __main__ - INFO - Val:   loss 3.3262 acc1 44.37%
2026-05-19 01:19:59 - __main__ - INFO - 
Epoch 95/100 | lr 0.000012
2026-05-19 01:20:11 - __main__ - INFO - Train: loss 0.7910 acc1 99.90%
2026-05-19 01:20:11 - __main__ - INFO - Val:   loss 3.3246 acc1 44.55%
2026-05-19 01:20:11 - __main__ - INFO - 
Epoch 96/100 | lr 0.000009
2026-05-19 01:20:24 - __main__ - INFO - Train: loss 0.7907 acc1 99.90%
2026-05-19 01:20:24 - __main__ - INFO - Val:   loss 3.3273 acc1 44.33%
2026-05-19 01:20:24 - __main__ - INFO - 
Epoch 97/100 | lr 0.000006
2026-05-19 01:20:37 - __main__ - INFO - Train: loss 0.7912 acc1 99.89%
2026-05-19 01:20:37 - __main__ - INFO - Val:   loss 3.3245 acc1 44.39%
2026-05-19 01:20:37 - __main__ - INFO - 
Epoch 98/100 | lr 0.000004
2026-05-19 01:20:49 - __main__ - INFO - Train: loss 0.7902 acc1 99.90%
2026-05-19 01:20:49 - __main__ - INFO - Val:   loss 3.3258 acc1 44.46%
2026-05-19 01:20:49 - __main__ - INFO - 
Epoch 99/100 | lr 0.000002
2026-05-19 01:21:02 - __main__ - INFO - Train: loss 0.7902 acc1 99.92%
2026-05-19 01:21:02 - __main__ - INFO - Val:   loss 3.3266 acc1 44.41%
2026-05-19 01:21:02 - __main__ - INFO - 
Epoch 100/100 | lr 0.000001
2026-05-19 01:21:15 - __main__ - INFO - Train: loss 0.7906 acc1 99.91%
2026-05-19 01:21:15 - __main__ - INFO - Val:   loss 3.3261 acc1 44.41%
2026-05-19 01:21:15 - __main__ - INFO - Loaded best checkpoint weights for final test evaluation.
2026-05-19 01:21:16 - __main__ - INFO - 
Best tracked (val): 44.65%
2026-05-19 01:21:16 - __main__ - INFO - Final test: loss 3.4231 acc1 43.16%
2026-05-19 01:21:17 - __main__ - INFO -   Final training settings for output convnext_tiny [low_saliency]: batch_size=128, amp=False
2026-05-19 01:21:20 - __main__ - INFO - Variant [low_saliency] done — test acc 43.16%, test loss 3.4231
2026-05-19 01:21:20 - __main__ - INFO - Saved validation comparison plot: runs/cifar100_2026_05/18/output_models/convnext_tiny/validation_comparison_plot.png
2026-05-19 01:21:20 - __main__ - INFO - 
Results saved to ./runs/cifar100_2026_05/18/comparison_results.json
2026-05-19 01:21:20 - __main__ - INFO - 
================================================================================================
2026-05-19 01:21:20 - __main__ - INFO - COMPARISON RESULTS — output model: resnet34
2026-05-19 01:21:20 - __main__ - INFO - ================================================================================================
2026-05-19 01:21:20 - __main__ - INFO - Variant            PrimaryAcc PrimaryLoss  OrigTestAcc OrigTestLoss
2026-05-19 01:21:20 - __main__ - INFO - ------------------ ---------- ---------- ------------ ------------
2026-05-19 01:21:20 - __main__ - INFO - original               76.54%     0.9515       76.54%       0.9515
2026-05-19 01:21:20 - __main__ - INFO - low_saliency           75.06%     1.1330       73.30%       1.1167
2026-05-19 01:21:20 - __main__ - INFO - Primary metrics use each variant's own test split; OrigTest* compares all variants on the same original test split.
2026-05-19 01:21:20 - __main__ - INFO - ================================================================================================
2026-05-19 01:21:20 - __main__ - INFO - CROSS-EVAL MATRIX — output model: resnet34
2026-05-19 01:21:20 - __main__ - INFO - Train / Test               original low_saliency
2026-05-19 01:21:20 - __main__ - INFO - ---------------------- ------------ ------------
2026-05-19 01:21:20 - __main__ - INFO - original                     76.54%       75.48%
2026-05-19 01:21:20 - __main__ - INFO - low_saliency                 73.30%       75.06%
2026-05-19 01:21:20 - __main__ - INFO - Interpretation: train(masked)->test(original) isolates augmentation transfer; train(original)->test(masked) isolates preprocessing effect.
2026-05-19 01:21:20 - __main__ - INFO - ================================================================================================
2026-05-19 01:21:20 - __main__ - INFO - 
================================================================================================
2026-05-19 01:21:20 - __main__ - INFO - COMPARISON RESULTS — output model: densenet121
2026-05-19 01:21:20 - __main__ - INFO - ================================================================================================
2026-05-19 01:21:20 - __main__ - INFO - Variant            PrimaryAcc PrimaryLoss  OrigTestAcc OrigTestLoss
2026-05-19 01:21:20 - __main__ - INFO - ------------------ ---------- ---------- ------------ ------------
2026-05-19 01:21:20 - __main__ - INFO - original               59.81%     2.0632       59.81%       2.0632
2026-05-19 01:21:20 - __main__ - INFO - low_saliency           60.91%     2.0996       55.90%       2.3045
2026-05-19 01:21:20 - __main__ - INFO - Primary metrics use each variant's own test split; OrigTest* compares all variants on the same original test split.
2026-05-19 01:21:20 - __main__ - INFO - ================================================================================================
2026-05-19 01:21:20 - __main__ - INFO - CROSS-EVAL MATRIX — output model: densenet121
2026-05-19 01:21:20 - __main__ - INFO - Train / Test               original low_saliency
2026-05-19 01:21:20 - __main__ - INFO - ---------------------- ------------ ------------
2026-05-19 01:21:20 - __main__ - INFO - original                     59.81%       54.47%
2026-05-19 01:21:20 - __main__ - INFO - low_saliency                 55.90%       60.91%
2026-05-19 01:21:20 - __main__ - INFO - Interpretation: train(masked)->test(original) isolates augmentation transfer; train(original)->test(masked) isolates preprocessing effect.
2026-05-19 01:21:20 - __main__ - INFO - ================================================================================================
2026-05-19 01:21:20 - __main__ - INFO - 
================================================================================================
2026-05-19 01:21:20 - __main__ - INFO - COMPARISON RESULTS — output model: efficientnet_b0
2026-05-19 01:21:20 - __main__ - INFO - ================================================================================================
2026-05-19 01:21:20 - __main__ - INFO - Variant            PrimaryAcc PrimaryLoss  OrigTestAcc OrigTestLoss
2026-05-19 01:21:20 - __main__ - INFO - ------------------ ---------- ---------- ------------ ------------
2026-05-19 01:21:20 - __main__ - INFO - original               53.13%     2.6404       53.13%       2.6404
2026-05-19 01:21:20 - __main__ - INFO - low_saliency           54.54%     2.6149       48.51%       2.8739
2026-05-19 01:21:20 - __main__ - INFO - Primary metrics use each variant's own test split; OrigTest* compares all variants on the same original test split.
2026-05-19 01:21:20 - __main__ - INFO - ================================================================================================
2026-05-19 01:21:20 - __main__ - INFO - CROSS-EVAL MATRIX — output model: efficientnet_b0
2026-05-19 01:21:20 - __main__ - INFO - Train / Test               original low_saliency
2026-05-19 01:21:20 - __main__ - INFO - ---------------------- ------------ ------------
2026-05-19 01:21:20 - __main__ - INFO - original                     53.13%       50.52%
2026-05-19 01:21:20 - __main__ - INFO - low_saliency                 48.51%       54.54%
2026-05-19 01:21:20 - __main__ - INFO - Interpretation: train(masked)->test(original) isolates augmentation transfer; train(original)->test(masked) isolates preprocessing effect.
2026-05-19 01:21:20 - __main__ - INFO - ================================================================================================
2026-05-19 01:21:20 - __main__ - INFO - 
================================================================================================
2026-05-19 01:21:20 - __main__ - INFO - COMPARISON RESULTS — output model: mobilenet_v3_small
2026-05-19 01:21:20 - __main__ - INFO - ================================================================================================
2026-05-19 01:21:20 - __main__ - INFO - Variant            PrimaryAcc PrimaryLoss  OrigTestAcc OrigTestLoss
2026-05-19 01:21:20 - __main__ - INFO - ------------------ ---------- ---------- ------------ ------------
2026-05-19 01:21:20 - __main__ - INFO - original               37.39%     2.5500       37.39%       2.5500
2026-05-19 01:21:20 - __main__ - INFO - low_saliency           41.93%     2.4848       36.46%       2.7807
2026-05-19 01:21:20 - __main__ - INFO - Primary metrics use each variant's own test split; OrigTest* compares all variants on the same original test split.
2026-05-19 01:21:20 - __main__ - INFO - ================================================================================================
2026-05-19 01:21:20 - __main__ - INFO - CROSS-EVAL MATRIX — output model: mobilenet_v3_small
2026-05-19 01:21:20 - __main__ - INFO - Train / Test               original low_saliency
2026-05-19 01:21:20 - __main__ - INFO - ---------------------- ------------ ------------
2026-05-19 01:21:20 - __main__ - INFO - original                     37.39%       34.64%
2026-05-19 01:21:20 - __main__ - INFO - low_saliency                 36.46%       41.93%
2026-05-19 01:21:20 - __main__ - INFO - Interpretation: train(masked)->test(original) isolates augmentation transfer; train(original)->test(masked) isolates preprocessing effect.
2026-05-19 01:21:20 - __main__ - INFO - ================================================================================================
2026-05-19 01:21:20 - __main__ - INFO - 
================================================================================================
2026-05-19 01:21:20 - __main__ - INFO - COMPARISON RESULTS — output model: convnext_tiny
2026-05-19 01:21:20 - __main__ - INFO - ================================================================================================
2026-05-19 01:21:20 - __main__ - INFO - Variant            PrimaryAcc PrimaryLoss  OrigTestAcc OrigTestLoss
2026-05-19 01:21:20 - __main__ - INFO - ------------------ ---------- ---------- ------------ ------------
2026-05-19 01:21:20 - __main__ - INFO - original               41.49%     3.4906       41.49%       3.1469
2026-05-19 01:21:20 - __main__ - INFO - low_saliency           43.16%     3.4231       37.55%       3.3662
2026-05-19 01:21:20 - __main__ - INFO - Primary metrics use each variant's own test split; OrigTest* compares all variants on the same original test split.
2026-05-19 01:21:20 - __main__ - INFO - ================================================================================================
2026-05-19 01:21:20 - __main__ - INFO - CROSS-EVAL MATRIX — output model: convnext_tiny
2026-05-19 01:21:20 - __main__ - INFO - Train / Test               original low_saliency
2026-05-19 01:21:20 - __main__ - INFO - ---------------------- ------------ ------------
2026-05-19 01:21:20 - __main__ - INFO - original                     41.49%       33.11%
2026-05-19 01:21:20 - __main__ - INFO - low_saliency                 37.55%       43.16%
2026-05-19 01:21:20 - __main__ - INFO - Interpretation: train(masked)->test(original) isolates augmentation transfer; train(original)->test(masked) isolates preprocessing effect.
2026-05-19 01:21:20 - __main__ - INFO - ================================================================================================
