2026-04-11 05:33:24 - __main__ - INFO - Comparison pipeline | device=cuda | out_dir=./runs/tiny_imagenet_2026_04/11 | args={"adamw_betas": [0.9, 0.999], "adamw_eps": 1e-08, "amp": false, "batch_size": 128, "cam_layer": "auto", "config": "/content/CAMRegularization/configs.json", "data_dir": "./data", "dataset": "tiny_imagenet", "enable_random_control": false, "enable_shuffled_cam_control": false, "epochs": 100, "gamma": 0.1, "input_models": ["resnet18"], "label_smoothing": 0.0, "log_every": 100, "lr": 0.1, "milestones": "60,80", "min_lr": 1e-05, "momentum": 0.9, "nesterov": false, "num_workers": 2, "optimizer": "sgd", "out_dir": "./runs/tiny_imagenet_2026_04/11", "output_models": ["resnet34", "densenet121", "vit_b_16"], "run_name": "", "scheduler": "cosine", "seed": 42, "threshold": 0.04, "val_split": 0.1, "warmup_epochs": 5, "weight_decay": 0.0005}
2026-04-11 05:33:24 - __main__ - INFO - Enabled variants: ['original', 'low_saliency']
2026-04-11 05:33:24 - __main__ - INFO - 
============================================================
2026-04-11 05:33:24 - __main__ - INFO - Training input model: resnet18
2026-04-11 05:33:24 - __main__ - INFO -   Resolved config → opt=sgd, lr=0.1, wd=0.0005, bs=128, epochs=100, scheduler=cosine, warmup=5
2026-04-11 05:33:24 - __main__ - INFO - ============================================================
2026-04-11 05:33:24 - __main__ - INFO - device: cuda | cuda: True | gpu: NVIDIA L4
2026-04-11 05:33:56 - __main__ - INFO - Model: resnet18 | Dataset: tiny_imagenet | Classes: 200 | Optimizer: sgd
2026-04-11 05:33:56 - __main__ - INFO - 
Epoch 1/100 | lr 0.000100
2026-04-11 05:35:14 - __main__ - INFO - Train: loss 5.3345 acc1 0.89%
2026-04-11 05:35:14 - __main__ - INFO - Val:   loss 5.2760 acc1 1.27%
2026-04-11 05:35:14 - __main__ - INFO - saved best: 1.27%
2026-04-11 05:35:14 - __main__ - INFO - 
Epoch 2/100 | lr 0.020080
2026-04-11 05:36:32 - __main__ - INFO - Train: loss 4.3604 acc1 9.37%
2026-04-11 05:36:32 - __main__ - INFO - Val:   loss 4.5303 acc1 9.68%
2026-04-11 05:36:32 - __main__ - INFO - saved best: 9.68%
2026-04-11 05:36:32 - __main__ - INFO - 
Epoch 3/100 | lr 0.040060
2026-04-11 05:37:50 - __main__ - INFO - Train: loss 3.5969 acc1 19.38%
2026-04-11 05:37:50 - __main__ - INFO - Val:   loss 3.8460 acc1 17.67%
2026-04-11 05:37:50 - __main__ - INFO - saved best: 17.67%
2026-04-11 05:37:50 - __main__ - INFO - 
Epoch 4/100 | lr 0.060040
2026-04-11 05:39:07 - __main__ - INFO - Train: loss 3.1649 acc1 26.61%
2026-04-11 05:39:07 - __main__ - INFO - Val:   loss 3.8204 acc1 19.18%
2026-04-11 05:39:07 - __main__ - INFO - saved best: 19.18%
2026-04-11 05:39:07 - __main__ - INFO - 
Epoch 5/100 | lr 0.080020
2026-04-11 05:40:25 - __main__ - INFO - Train: loss 2.8998 acc1 31.70%
2026-04-11 05:40:25 - __main__ - INFO - Val:   loss 3.5673 acc1 23.18%
2026-04-11 05:40:25 - __main__ - INFO - saved best: 23.18%
2026-04-11 05:40:25 - __main__ - INFO - 
Epoch 6/100 | lr 0.100000
2026-04-11 05:41:43 - __main__ - INFO - Train: loss 2.7304 acc1 34.88%
2026-04-11 05:41:43 - __main__ - INFO - Val:   loss 3.8768 acc1 22.55%
2026-04-11 05:41:43 - __main__ - INFO - 
Epoch 7/100 | lr 0.099973
2026-04-11 05:43:00 - __main__ - INFO - Train: loss 2.5591 acc1 38.41%
2026-04-11 05:43:00 - __main__ - INFO - Val:   loss 3.3046 acc1 28.63%
2026-04-11 05:43:00 - __main__ - INFO - saved best: 28.63%
2026-04-11 05:43:00 - __main__ - INFO - 
Epoch 8/100 | lr 0.099891
2026-04-11 05:44:17 - __main__ - INFO - Train: loss 2.4406 acc1 40.98%
2026-04-11 05:44:17 - __main__ - INFO - Val:   loss 3.6046 acc1 24.11%
2026-04-11 05:44:17 - __main__ - INFO - 
Epoch 9/100 | lr 0.099754
2026-04-11 05:45:35 - __main__ - INFO - Train: loss 2.3555 acc1 42.59%
2026-04-11 05:45:35 - __main__ - INFO - Val:   loss 3.2716 acc1 30.80%
2026-04-11 05:45:35 - __main__ - INFO - saved best: 30.80%
2026-04-11 05:45:35 - __main__ - INFO - 
Epoch 10/100 | lr 0.099563
2026-04-11 05:46:52 - __main__ - INFO - Train: loss 2.2780 acc1 44.29%
2026-04-11 05:46:52 - __main__ - INFO - Val:   loss 3.9722 acc1 22.37%
2026-04-11 05:46:52 - __main__ - INFO - 
Epoch 11/100 | lr 0.099318
2026-04-11 05:48:10 - __main__ - INFO - Train: loss 2.2292 acc1 45.31%
2026-04-11 05:48:10 - __main__ - INFO - Val:   loss 3.0775 acc1 32.84%
2026-04-11 05:48:10 - __main__ - INFO - saved best: 32.84%
2026-04-11 05:48:10 - __main__ - INFO - 
Epoch 12/100 | lr 0.099019
2026-04-11 05:49:27 - __main__ - INFO - Train: loss 2.1809 acc1 46.42%
2026-04-11 05:49:27 - __main__ - INFO - Val:   loss 2.7542 acc1 36.62%
2026-04-11 05:49:27 - __main__ - INFO - saved best: 36.62%
2026-04-11 05:49:27 - __main__ - INFO - 
Epoch 13/100 | lr 0.098666
2026-04-11 05:50:44 - __main__ - INFO - Train: loss 2.1357 acc1 47.50%
2026-04-11 05:50:44 - __main__ - INFO - Val:   loss 3.1525 acc1 31.93%
2026-04-11 05:50:44 - __main__ - INFO - 
Epoch 14/100 | lr 0.098261
2026-04-11 05:52:02 - __main__ - INFO - Train: loss 2.1013 acc1 48.16%
2026-04-11 05:52:02 - __main__ - INFO - Val:   loss 2.7565 acc1 38.73%
2026-04-11 05:52:02 - __main__ - INFO - saved best: 38.73%
2026-04-11 05:52:02 - __main__ - INFO - 
Epoch 15/100 | lr 0.097802
2026-04-11 05:53:19 - __main__ - INFO - Train: loss 2.0680 acc1 48.84%
2026-04-11 05:53:19 - __main__ - INFO - Val:   loss 2.3262 acc1 44.99%
2026-04-11 05:53:19 - __main__ - INFO - saved best: 44.99%
2026-04-11 05:53:19 - __main__ - INFO - 
Epoch 16/100 | lr 0.097291
2026-04-11 05:54:37 - __main__ - INFO - Train: loss 2.0317 acc1 49.72%
2026-04-11 05:54:37 - __main__ - INFO - Val:   loss 3.0964 acc1 31.78%
2026-04-11 05:54:37 - __main__ - INFO - 
Epoch 17/100 | lr 0.096729
2026-04-11 05:55:54 - __main__ - INFO - Train: loss 2.0171 acc1 50.00%
2026-04-11 05:55:54 - __main__ - INFO - Val:   loss 3.3350 acc1 30.90%
2026-04-11 05:55:54 - __main__ - INFO - 
Epoch 18/100 | lr 0.096115
2026-04-11 05:57:12 - __main__ - INFO - Train: loss 1.9860 acc1 50.77%
2026-04-11 05:57:12 - __main__ - INFO - Val:   loss 2.8854 acc1 37.15%
2026-04-11 05:57:12 - __main__ - INFO - 
Epoch 19/100 | lr 0.095451
2026-04-11 05:58:29 - __main__ - INFO - Train: loss 1.9629 acc1 51.39%
2026-04-11 05:58:29 - __main__ - INFO - Val:   loss 2.9246 acc1 36.84%
2026-04-11 05:58:29 - __main__ - INFO - 
Epoch 20/100 | lr 0.094737
2026-04-11 05:59:46 - __main__ - INFO - Train: loss 1.9416 acc1 51.60%
2026-04-11 05:59:46 - __main__ - INFO - Val:   loss 2.7674 acc1 38.16%
2026-04-11 05:59:46 - __main__ - INFO - 
Epoch 21/100 | lr 0.093974
2026-04-11 06:01:04 - __main__ - INFO - Train: loss 1.9280 acc1 52.09%
2026-04-11 06:01:04 - __main__ - INFO - Val:   loss 2.5714 acc1 41.11%
2026-04-11 06:01:04 - __main__ - INFO - 
Epoch 22/100 | lr 0.093164
2026-04-11 06:02:21 - __main__ - INFO - Train: loss 1.9104 acc1 52.41%
2026-04-11 06:02:21 - __main__ - INFO - Val:   loss 2.5095 acc1 42.26%
2026-04-11 06:02:21 - __main__ - INFO - 
Epoch 23/100 | lr 0.092306
2026-04-11 06:03:39 - __main__ - INFO - Train: loss 1.8924 acc1 52.65%
2026-04-11 06:03:39 - __main__ - INFO - Val:   loss 2.9466 acc1 36.37%
2026-04-11 06:03:39 - __main__ - INFO - 
Epoch 24/100 | lr 0.091401
2026-04-11 06:04:56 - __main__ - INFO - Train: loss 1.8715 acc1 53.15%
2026-04-11 06:04:56 - __main__ - INFO - Val:   loss 2.5737 acc1 40.83%
2026-04-11 06:04:56 - __main__ - INFO - 
Epoch 25/100 | lr 0.090452
2026-04-11 06:06:13 - __main__ - INFO - Train: loss 1.8615 acc1 53.54%
2026-04-11 06:06:13 - __main__ - INFO - Val:   loss 2.7665 acc1 36.96%
2026-04-11 06:06:13 - __main__ - INFO - 
Epoch 26/100 | lr 0.089458
2026-04-11 06:07:31 - __main__ - INFO - Train: loss 1.8411 acc1 53.92%
2026-04-11 06:07:31 - __main__ - INFO - Val:   loss 3.0774 acc1 36.81%
2026-04-11 06:07:31 - __main__ - INFO - 
Epoch 27/100 | lr 0.088421
2026-04-11 06:08:48 - __main__ - INFO - Train: loss 1.8264 acc1 54.23%
2026-04-11 06:08:48 - __main__ - INFO - Val:   loss 2.9312 acc1 37.05%
2026-04-11 06:08:48 - __main__ - INFO - 
Epoch 28/100 | lr 0.087342
2026-04-11 06:10:05 - __main__ - INFO - Train: loss 1.8119 acc1 54.65%
2026-04-11 06:10:05 - __main__ - INFO - Val:   loss 2.7699 acc1 39.09%
2026-04-11 06:10:05 - __main__ - INFO - 
Epoch 29/100 | lr 0.086223
2026-04-11 06:11:22 - __main__ - INFO - Train: loss 1.7927 acc1 55.18%
2026-04-11 06:11:22 - __main__ - INFO - Val:   loss 2.7347 acc1 39.08%
2026-04-11 06:11:22 - __main__ - INFO - 
Epoch 30/100 | lr 0.085063
2026-04-11 06:12:40 - __main__ - INFO - Train: loss 1.7743 acc1 55.39%
2026-04-11 06:12:40 - __main__ - INFO - Val:   loss 3.1425 acc1 33.83%
2026-04-11 06:12:40 - __main__ - INFO - 
Epoch 31/100 | lr 0.083866
2026-04-11 06:13:57 - __main__ - INFO - Train: loss 1.7561 acc1 55.85%
2026-04-11 06:13:57 - __main__ - INFO - Val:   loss 2.4275 acc1 44.90%
2026-04-11 06:13:57 - __main__ - INFO - 
Epoch 32/100 | lr 0.082631
2026-04-11 06:15:15 - __main__ - INFO - Train: loss 1.7373 acc1 56.41%
2026-04-11 06:15:15 - __main__ - INFO - Val:   loss 2.4739 acc1 42.65%
2026-04-11 06:15:15 - __main__ - INFO - 
Epoch 33/100 | lr 0.081361
2026-04-11 06:16:32 - __main__ - INFO - Train: loss 1.7297 acc1 56.11%
2026-04-11 06:16:32 - __main__ - INFO - Val:   loss 2.7571 acc1 39.27%
2026-04-11 06:16:32 - __main__ - INFO - 
Epoch 34/100 | lr 0.080056
2026-04-11 06:17:49 - __main__ - INFO - Train: loss 1.7086 acc1 57.05%
2026-04-11 06:17:49 - __main__ - INFO - Val:   loss 2.2638 acc1 47.22%
2026-04-11 06:17:49 - __main__ - INFO - saved best: 47.22%
2026-04-11 06:17:49 - __main__ - INFO - 
Epoch 35/100 | lr 0.078719
2026-04-11 06:19:07 - __main__ - INFO - Train: loss 1.6888 acc1 57.33%
2026-04-11 06:19:07 - __main__ - INFO - Val:   loss 2.5270 acc1 42.68%
2026-04-11 06:19:07 - __main__ - INFO - 
Epoch 36/100 | lr 0.077350
2026-04-11 06:20:24 - __main__ - INFO - Train: loss 1.6704 acc1 57.60%
2026-04-11 06:20:24 - __main__ - INFO - Val:   loss 2.5801 acc1 42.43%
2026-04-11 06:20:24 - __main__ - INFO - 
Epoch 37/100 | lr 0.075951
2026-04-11 06:21:41 - __main__ - INFO - Train: loss 1.6551 acc1 58.00%
2026-04-11 06:21:41 - __main__ - INFO - Val:   loss 2.3849 acc1 45.17%
2026-04-11 06:21:41 - __main__ - INFO - 
Epoch 38/100 | lr 0.074524
2026-04-11 06:22:58 - __main__ - INFO - Train: loss 1.6311 acc1 58.53%
2026-04-11 06:22:58 - __main__ - INFO - Val:   loss 2.3604 acc1 45.99%
2026-04-11 06:22:58 - __main__ - INFO - 
Epoch 39/100 | lr 0.073070
2026-04-11 06:24:16 - __main__ - INFO - Train: loss 1.6122 acc1 58.91%
2026-04-11 06:24:16 - __main__ - INFO - Val:   loss 2.5621 acc1 43.45%
2026-04-11 06:24:16 - __main__ - INFO - 
Epoch 40/100 | lr 0.071591
2026-04-11 06:25:33 - __main__ - INFO - Train: loss 1.5933 acc1 59.47%
2026-04-11 06:25:33 - __main__ - INFO - Val:   loss 2.4077 acc1 46.12%
2026-04-11 06:25:33 - __main__ - INFO - 
Epoch 41/100 | lr 0.070088
2026-04-11 06:26:50 - __main__ - INFO - Train: loss 1.5704 acc1 59.95%
2026-04-11 06:26:50 - __main__ - INFO - Val:   loss 2.9933 acc1 37.63%
2026-04-11 06:26:50 - __main__ - INFO - 
Epoch 42/100 | lr 0.068563
2026-04-11 06:28:07 - __main__ - INFO - Train: loss 1.5529 acc1 60.36%
2026-04-11 06:28:07 - __main__ - INFO - Val:   loss 2.4262 acc1 45.92%
2026-04-11 06:28:07 - __main__ - INFO - 
Epoch 43/100 | lr 0.067018
2026-04-11 06:29:25 - __main__ - INFO - Train: loss 1.5329 acc1 60.88%
2026-04-11 06:29:25 - __main__ - INFO - Val:   loss 2.1402 acc1 50.21%
2026-04-11 06:29:25 - __main__ - INFO - saved best: 50.21%
2026-04-11 06:29:25 - __main__ - INFO - 
Epoch 44/100 | lr 0.065454
2026-04-11 06:30:42 - __main__ - INFO - Train: loss 1.5059 acc1 61.35%
2026-04-11 06:30:42 - __main__ - INFO - Val:   loss 2.6006 acc1 42.16%
2026-04-11 06:30:42 - __main__ - INFO - 
Epoch 45/100 | lr 0.063874
2026-04-11 06:31:59 - __main__ - INFO - Train: loss 1.4872 acc1 61.90%
2026-04-11 06:31:59 - __main__ - INFO - Val:   loss 2.5196 acc1 44.61%
2026-04-11 06:31:59 - __main__ - INFO - 
Epoch 46/100 | lr 0.062278
2026-04-11 06:33:17 - __main__ - INFO - Train: loss 1.4674 acc1 62.12%
2026-04-11 06:33:17 - __main__ - INFO - Val:   loss 2.5806 acc1 45.21%
2026-04-11 06:33:17 - __main__ - INFO - 
Epoch 47/100 | lr 0.060669
2026-04-11 06:34:34 - __main__ - INFO - Train: loss 1.4509 acc1 62.83%
2026-04-11 06:34:34 - __main__ - INFO - Val:   loss 2.7245 acc1 41.92%
2026-04-11 06:34:34 - __main__ - INFO - 
Epoch 48/100 | lr 0.059048
2026-04-11 06:35:51 - __main__ - INFO - Train: loss 1.4283 acc1 63.13%
2026-04-11 06:35:51 - __main__ - INFO - Val:   loss 2.4885 acc1 44.69%
2026-04-11 06:35:51 - __main__ - INFO - 
Epoch 49/100 | lr 0.057417
2026-04-11 06:37:08 - __main__ - INFO - Train: loss 1.4016 acc1 63.70%
2026-04-11 06:37:08 - __main__ - INFO - Val:   loss 2.2966 acc1 48.48%
2026-04-11 06:37:08 - __main__ - INFO - 
Epoch 50/100 | lr 0.055779
2026-04-11 06:38:26 - __main__ - INFO - Train: loss 1.3652 acc1 64.55%
2026-04-11 06:38:26 - __main__ - INFO - Val:   loss 2.2278 acc1 49.74%
2026-04-11 06:38:26 - __main__ - INFO - 
Epoch 51/100 | lr 0.054134
2026-04-11 06:39:43 - __main__ - INFO - Train: loss 1.3429 acc1 65.01%
2026-04-11 06:39:43 - __main__ - INFO - Val:   loss 2.2459 acc1 48.96%
2026-04-11 06:39:43 - __main__ - INFO - 
Epoch 52/100 | lr 0.052484
2026-04-11 06:41:00 - __main__ - INFO - Train: loss 1.3093 acc1 65.88%
2026-04-11 06:41:00 - __main__ - INFO - Val:   loss 2.5377 acc1 45.76%
2026-04-11 06:41:00 - __main__ - INFO - 
Epoch 53/100 | lr 0.050832
2026-04-11 06:42:17 - __main__ - INFO - Train: loss 1.2906 acc1 66.23%
2026-04-11 06:42:17 - __main__ - INFO - Val:   loss 2.3132 acc1 47.03%
2026-04-11 06:42:17 - __main__ - INFO - 
Epoch 54/100 | lr 0.049178
2026-04-11 06:43:34 - __main__ - INFO - Train: loss 1.2589 acc1 67.07%
2026-04-11 06:43:34 - __main__ - INFO - Val:   loss 2.5975 acc1 45.58%
2026-04-11 06:43:34 - __main__ - INFO - 
Epoch 55/100 | lr 0.047526
2026-04-11 06:44:52 - __main__ - INFO - Train: loss 1.2209 acc1 68.02%
2026-04-11 06:44:52 - __main__ - INFO - Val:   loss 2.3379 acc1 48.15%
2026-04-11 06:44:52 - __main__ - INFO - 
Epoch 56/100 | lr 0.045876
2026-04-11 06:46:09 - __main__ - INFO - Train: loss 1.1981 acc1 68.56%
2026-04-11 06:46:09 - __main__ - INFO - Val:   loss 2.1895 acc1 49.79%
2026-04-11 06:46:09 - __main__ - INFO - 
Epoch 57/100 | lr 0.044231
2026-04-11 06:47:26 - __main__ - INFO - Train: loss 1.1639 acc1 69.34%
2026-04-11 06:47:26 - __main__ - INFO - Val:   loss 2.3896 acc1 48.11%
2026-04-11 06:47:26 - __main__ - INFO - 
Epoch 58/100 | lr 0.042593
2026-04-11 06:48:43 - __main__ - INFO - Train: loss 1.1331 acc1 69.97%
2026-04-11 06:48:43 - __main__ - INFO - Val:   loss 2.2766 acc1 50.21%
2026-04-11 06:48:43 - __main__ - INFO - saved best: 50.21%
2026-04-11 06:48:43 - __main__ - INFO - 
Epoch 59/100 | lr 0.040962
2026-04-11 06:50:00 - __main__ - INFO - Train: loss 1.0908 acc1 70.90%
2026-04-11 06:50:00 - __main__ - INFO - Val:   loss 2.4123 acc1 47.41%
2026-04-11 06:50:00 - __main__ - INFO - 
Epoch 60/100 | lr 0.039341
2026-04-11 06:51:17 - __main__ - INFO - Train: loss 1.0620 acc1 71.78%
2026-04-11 06:51:17 - __main__ - INFO - Val:   loss 2.1151 acc1 52.33%
2026-04-11 06:51:17 - __main__ - INFO - saved best: 52.33%
2026-04-11 06:51:17 - __main__ - INFO - 
Epoch 61/100 | lr 0.037732
2026-04-11 06:52:35 - __main__ - INFO - Train: loss 1.0217 acc1 72.47%
2026-04-11 06:52:35 - __main__ - INFO - Val:   loss 2.4274 acc1 47.87%
2026-04-11 06:52:35 - __main__ - INFO - 
Epoch 62/100 | lr 0.036136
2026-04-11 06:53:52 - __main__ - INFO - Train: loss 0.9752 acc1 73.70%
2026-04-11 06:53:52 - __main__ - INFO - Val:   loss 2.5154 acc1 48.96%
2026-04-11 06:53:52 - __main__ - INFO - 
Epoch 63/100 | lr 0.034556
2026-04-11 06:55:09 - __main__ - INFO - Train: loss 0.9450 acc1 74.57%
2026-04-11 06:55:09 - __main__ - INFO - Val:   loss 2.1579 acc1 53.00%
2026-04-11 06:55:09 - __main__ - INFO - saved best: 53.00%
2026-04-11 06:55:09 - __main__ - INFO - 
Epoch 64/100 | lr 0.032992
2026-04-11 06:56:26 - __main__ - INFO - Train: loss 0.9023 acc1 75.71%
2026-04-11 06:56:26 - __main__ - INFO - Val:   loss 2.1523 acc1 53.99%
2026-04-11 06:56:26 - __main__ - INFO - saved best: 53.99%
2026-04-11 06:56:26 - __main__ - INFO - 
Epoch 65/100 | lr 0.031447
2026-04-11 06:57:44 - __main__ - INFO - Train: loss 0.8506 acc1 77.04%
2026-04-11 06:57:44 - __main__ - INFO - Val:   loss 2.1674 acc1 52.89%
2026-04-11 06:57:44 - __main__ - INFO - 
Epoch 66/100 | lr 0.029922
2026-04-11 06:59:01 - __main__ - INFO - Train: loss 0.8145 acc1 78.12%
2026-04-11 06:59:01 - __main__ - INFO - Val:   loss 2.3456 acc1 50.32%
2026-04-11 06:59:01 - __main__ - INFO - 
Epoch 67/100 | lr 0.028419
2026-04-11 07:00:18 - __main__ - INFO - Train: loss 0.7692 acc1 79.18%
2026-04-11 07:00:18 - __main__ - INFO - Val:   loss 2.0872 acc1 55.24%
2026-04-11 07:00:18 - __main__ - INFO - saved best: 55.24%
2026-04-11 07:00:18 - __main__ - INFO - 
Epoch 68/100 | lr 0.026940
2026-04-11 07:01:35 - __main__ - INFO - Train: loss 0.7142 acc1 80.68%
2026-04-11 07:01:35 - __main__ - INFO - Val:   loss 2.0865 acc1 54.36%
2026-04-11 07:01:35 - __main__ - INFO - 
Epoch 69/100 | lr 0.025486
2026-04-11 07:02:52 - __main__ - INFO - Train: loss 0.6776 acc1 81.54%
2026-04-11 07:02:52 - __main__ - INFO - Val:   loss 2.0519 acc1 54.41%
2026-04-11 07:02:52 - __main__ - INFO - 
Epoch 70/100 | lr 0.024059
2026-04-11 07:04:10 - __main__ - INFO - Train: loss 0.6334 acc1 82.76%
2026-04-11 07:04:10 - __main__ - INFO - Val:   loss 2.1193 acc1 55.21%
2026-04-11 07:04:10 - __main__ - INFO - 
Epoch 71/100 | lr 0.022660
2026-04-11 07:05:27 - __main__ - INFO - Train: loss 0.5838 acc1 84.23%
2026-04-11 07:05:27 - __main__ - INFO - Val:   loss 2.1579 acc1 53.93%
2026-04-11 07:05:27 - __main__ - INFO - 
Epoch 72/100 | lr 0.021291
2026-04-11 07:06:44 - __main__ - INFO - Train: loss 0.5257 acc1 85.80%
2026-04-11 07:06:44 - __main__ - INFO - Val:   loss 2.1191 acc1 55.40%
2026-04-11 07:06:44 - __main__ - INFO - saved best: 55.40%
2026-04-11 07:06:44 - __main__ - INFO - 
Epoch 73/100 | lr 0.019954
2026-04-11 07:08:01 - __main__ - INFO - Train: loss 0.4669 acc1 87.61%
2026-04-11 07:08:01 - __main__ - INFO - Val:   loss 2.0078 acc1 57.55%
2026-04-11 07:08:01 - __main__ - INFO - saved best: 57.55%
2026-04-11 07:08:01 - __main__ - INFO - 
Epoch 74/100 | lr 0.018649
2026-04-11 07:09:18 - __main__ - INFO - Train: loss 0.4055 acc1 89.42%
2026-04-11 07:09:18 - __main__ - INFO - Val:   loss 2.1794 acc1 55.49%
2026-04-11 07:09:18 - __main__ - INFO - 
Epoch 75/100 | lr 0.017379
2026-04-11 07:10:35 - __main__ - INFO - Train: loss 0.3698 acc1 90.57%
2026-04-11 07:10:35 - __main__ - INFO - Val:   loss 2.1270 acc1 56.04%
2026-04-11 07:10:35 - __main__ - INFO - 
Epoch 76/100 | lr 0.016144
2026-04-11 07:11:53 - __main__ - INFO - Train: loss 0.3248 acc1 91.91%
2026-04-11 07:11:53 - __main__ - INFO - Val:   loss 2.0578 acc1 56.99%
2026-04-11 07:11:53 - __main__ - INFO - 
Epoch 77/100 | lr 0.014947
2026-04-11 07:13:10 - __main__ - INFO - Train: loss 0.2729 acc1 93.49%
2026-04-11 07:13:10 - __main__ - INFO - Val:   loss 1.9728 acc1 58.41%
2026-04-11 07:13:10 - __main__ - INFO - saved best: 58.41%
2026-04-11 07:13:10 - __main__ - INFO - 
Epoch 78/100 | lr 0.013787
2026-04-11 07:14:27 - __main__ - INFO - Train: loss 0.2244 acc1 95.04%
2026-04-11 07:14:27 - __main__ - INFO - Val:   loss 1.9337 acc1 60.56%
2026-04-11 07:14:27 - __main__ - INFO - saved best: 60.56%
2026-04-11 07:14:27 - __main__ - INFO - 
Epoch 79/100 | lr 0.012668
2026-04-11 07:15:44 - __main__ - INFO - Train: loss 0.1792 acc1 96.44%
2026-04-11 07:15:44 - __main__ - INFO - Val:   loss 1.8893 acc1 60.35%
2026-04-11 07:15:44 - __main__ - INFO - 
Epoch 80/100 | lr 0.011589
2026-04-11 07:17:01 - __main__ - INFO - Train: loss 0.1417 acc1 97.54%
2026-04-11 07:17:01 - __main__ - INFO - Val:   loss 1.8340 acc1 60.70%
2026-04-11 07:17:01 - __main__ - INFO - saved best: 60.70%
2026-04-11 07:17:01 - __main__ - INFO - 
Epoch 81/100 | lr 0.010552
2026-04-11 07:18:18 - __main__ - INFO - Train: loss 0.1138 acc1 98.21%
2026-04-11 07:18:18 - __main__ - INFO - Val:   loss 1.7712 acc1 62.45%
2026-04-11 07:18:18 - __main__ - INFO - saved best: 62.45%
2026-04-11 07:18:18 - __main__ - INFO - 
Epoch 82/100 | lr 0.009558
2026-04-11 07:19:36 - __main__ - INFO - Train: loss 0.0873 acc1 98.98%
2026-04-11 07:19:36 - __main__ - INFO - Val:   loss 1.7198 acc1 62.39%
2026-04-11 07:19:36 - __main__ - INFO - 
Epoch 83/100 | lr 0.008609
2026-04-11 07:20:53 - __main__ - INFO - Train: loss 0.0689 acc1 99.34%
2026-04-11 07:20:53 - __main__ - INFO - Val:   loss 1.7127 acc1 63.10%
2026-04-11 07:20:53 - __main__ - INFO - saved best: 63.10%
2026-04-11 07:20:53 - __main__ - INFO - 
Epoch 84/100 | lr 0.007704
2026-04-11 07:22:10 - __main__ - INFO - Train: loss 0.0594 acc1 99.53%
2026-04-11 07:22:10 - __main__ - INFO - Val:   loss 1.6823 acc1 63.53%
2026-04-11 07:22:10 - __main__ - INFO - saved best: 63.53%
2026-04-11 07:22:10 - __main__ - INFO - 
Epoch 85/100 | lr 0.006846
2026-04-11 07:23:27 - __main__ - INFO - Train: loss 0.0485 acc1 99.72%
2026-04-11 07:23:27 - __main__ - INFO - Val:   loss 1.6387 acc1 64.00%
2026-04-11 07:23:27 - __main__ - INFO - saved best: 64.00%
2026-04-11 07:23:27 - __main__ - INFO - 
Epoch 86/100 | lr 0.006036
2026-04-11 07:24:44 - __main__ - INFO - Train: loss 0.0425 acc1 99.80%
2026-04-11 07:24:44 - __main__ - INFO - Val:   loss 1.6282 acc1 64.38%
2026-04-11 07:24:44 - __main__ - INFO - saved best: 64.38%
2026-04-11 07:24:44 - __main__ - INFO - 
Epoch 87/100 | lr 0.005273
2026-04-11 07:26:01 - __main__ - INFO - Train: loss 0.0386 acc1 99.86%
2026-04-11 07:26:01 - __main__ - INFO - Val:   loss 1.6050 acc1 64.31%
2026-04-11 07:26:01 - __main__ - INFO - 
Epoch 88/100 | lr 0.004559
2026-04-11 07:27:19 - __main__ - INFO - Train: loss 0.0358 acc1 99.90%
2026-04-11 07:27:19 - __main__ - INFO - Val:   loss 1.5909 acc1 64.84%
2026-04-11 07:27:19 - __main__ - INFO - saved best: 64.84%
2026-04-11 07:27:19 - __main__ - INFO - 
Epoch 89/100 | lr 0.003895
2026-04-11 07:28:36 - __main__ - INFO - Train: loss 0.0334 acc1 99.93%
2026-04-11 07:28:36 - __main__ - INFO - Val:   loss 1.5836 acc1 65.12%
2026-04-11 07:28:36 - __main__ - INFO - saved best: 65.12%
2026-04-11 07:28:36 - __main__ - INFO - 
Epoch 90/100 | lr 0.003281
2026-04-11 07:29:53 - __main__ - INFO - Train: loss 0.0313 acc1 99.94%
2026-04-11 07:29:53 - __main__ - INFO - Val:   loss 1.5806 acc1 64.92%
2026-04-11 07:29:53 - __main__ - INFO - 
Epoch 91/100 | lr 0.002719
2026-04-11 07:31:10 - __main__ - INFO - Train: loss 0.0302 acc1 99.95%
2026-04-11 07:31:10 - __main__ - INFO - Val:   loss 1.5699 acc1 64.77%
2026-04-11 07:31:10 - __main__ - INFO - 
Epoch 92/100 | lr 0.002208
2026-04-11 07:32:27 - __main__ - INFO - Train: loss 0.0294 acc1 99.95%
2026-04-11 07:32:27 - __main__ - INFO - Val:   loss 1.5653 acc1 65.43%
2026-04-11 07:32:27 - __main__ - INFO - saved best: 65.43%
2026-04-11 07:32:27 - __main__ - INFO - 
Epoch 93/100 | lr 0.001749
2026-04-11 07:33:44 - __main__ - INFO - Train: loss 0.0281 acc1 99.95%
2026-04-11 07:33:44 - __main__ - INFO - Val:   loss 1.5606 acc1 65.00%
2026-04-11 07:33:44 - __main__ - INFO - 
Epoch 94/100 | lr 0.001344
2026-04-11 07:35:01 - __main__ - INFO - Train: loss 0.0279 acc1 99.96%
2026-04-11 07:35:01 - __main__ - INFO - Val:   loss 1.5577 acc1 65.21%
2026-04-11 07:35:01 - __main__ - INFO - 
Epoch 95/100 | lr 0.000991
2026-04-11 07:36:18 - __main__ - INFO - Train: loss 0.0265 acc1 99.96%
2026-04-11 07:36:18 - __main__ - INFO - Val:   loss 1.5546 acc1 65.20%
2026-04-11 07:36:18 - __main__ - INFO - 
Epoch 96/100 | lr 0.000692
2026-04-11 07:37:36 - __main__ - INFO - Train: loss 0.0263 acc1 99.97%
2026-04-11 07:37:36 - __main__ - INFO - Val:   loss 1.5533 acc1 65.22%
2026-04-11 07:37:36 - __main__ - INFO - 
Epoch 97/100 | lr 0.000447
2026-04-11 07:38:53 - __main__ - INFO - Train: loss 0.0263 acc1 99.95%
2026-04-11 07:38:53 - __main__ - INFO - Val:   loss 1.5532 acc1 65.13%
2026-04-11 07:38:53 - __main__ - INFO - 
Epoch 98/100 | lr 0.000256
2026-04-11 07:40:10 - __main__ - INFO - Train: loss 0.0259 acc1 99.97%
2026-04-11 07:40:10 - __main__ - INFO - Val:   loss 1.5532 acc1 64.93%
2026-04-11 07:40:10 - __main__ - INFO - 
Epoch 99/100 | lr 0.000119
2026-04-11 07:41:27 - __main__ - INFO - Train: loss 0.0253 acc1 99.97%
2026-04-11 07:41:27 - __main__ - INFO - Val:   loss 1.5518 acc1 65.46%
2026-04-11 07:41:27 - __main__ - INFO - saved best: 65.46%
2026-04-11 07:41:27 - __main__ - INFO - 
Epoch 100/100 | lr 0.000037
2026-04-11 07:42:44 - __main__ - INFO - Train: loss 0.0250 acc1 99.97%
2026-04-11 07:42:44 - __main__ - INFO - Val:   loss 1.5539 acc1 65.30%
2026-04-11 07:42:44 - __main__ - INFO - Loaded best checkpoint weights for final test evaluation.
2026-04-11 07:42:49 - __main__ - INFO - 
Best tracked (val): 65.46%
2026-04-11 07:42:49 - __main__ - INFO - Final test: loss 1.5697 acc1 65.12%
2026-04-11 07:42:50 - __main__ - INFO - Input model resnet18 done — test acc 65.12%, test loss 1.5697
2026-04-11 07:42:50 - __main__ - INFO - 
Preparing eval dataloaders for HiResCAM computation …
2026-04-11 07:42:51 - __main__ - INFO - 
Saving variant datasets to data/comparison_tiny_imagenet_2026_04/11
2026-04-11 07:42:51 - __main__ - INFO - Generating train variants → data/comparison_tiny_imagenet_2026_04/11
2026-04-11 07:42:55 - __main__ - INFO -   [train] processed 1280 images …
2026-04-11 07:42:58 - __main__ - INFO -   [train] processed 2560 images …
2026-04-11 07:43:02 - __main__ - INFO -   [train] processed 3840 images …
2026-04-11 07:43:06 - __main__ - INFO -   [train] processed 5120 images …
2026-04-11 07:43:09 - __main__ - INFO -   [train] processed 6400 images …
2026-04-11 07:43:13 - __main__ - INFO -   [train] processed 7680 images …
2026-04-11 07:43:17 - __main__ - INFO -   [train] processed 8960 images …
2026-04-11 07:43:21 - __main__ - INFO -   [train] processed 10240 images …
2026-04-11 07:43:24 - __main__ - INFO -   [train] processed 11520 images …
2026-04-11 07:43:28 - __main__ - INFO -   [train] processed 12800 images …
2026-04-11 07:43:32 - __main__ - INFO -   [train] processed 14080 images …
2026-04-11 07:43:35 - __main__ - INFO -   [train] processed 15360 images …
2026-04-11 07:43:39 - __main__ - INFO -   [train] processed 16640 images …
2026-04-11 07:43:43 - __main__ - INFO -   [train] processed 17920 images …
2026-04-11 07:43:47 - __main__ - INFO -   [train] processed 19200 images …
2026-04-11 07:43:50 - __main__ - INFO -   [train] processed 20480 images …
2026-04-11 07:43:54 - __main__ - INFO -   [train] processed 21760 images …
2026-04-11 07:43:58 - __main__ - INFO -   [train] processed 23040 images …
2026-04-11 07:44:01 - __main__ - INFO -   [train] processed 24320 images …
2026-04-11 07:44:05 - __main__ - INFO -   [train] processed 25600 images …
2026-04-11 07:44:09 - __main__ - INFO -   [train] processed 26880 images …
2026-04-11 07:44:12 - __main__ - INFO -   [train] processed 28160 images …
2026-04-11 07:44:16 - __main__ - INFO -   [train] processed 29440 images …
2026-04-11 07:44:20 - __main__ - INFO -   [train] processed 30720 images …
2026-04-11 07:44:23 - __main__ - INFO -   [train] processed 32000 images …
2026-04-11 07:44:27 - __main__ - INFO -   [train] processed 33280 images …
2026-04-11 07:44:31 - __main__ - INFO -   [train] processed 34560 images …
2026-04-11 07:44:35 - __main__ - INFO -   [train] processed 35840 images …
2026-04-11 07:44:38 - __main__ - INFO -   [train] processed 37120 images …
2026-04-11 07:44:42 - __main__ - INFO -   [train] processed 38400 images …
2026-04-11 07:44:46 - __main__ - INFO -   [train] processed 39680 images …
2026-04-11 07:44:49 - __main__ - INFO -   [train] processed 40960 images …
2026-04-11 07:44:53 - __main__ - INFO -   [train] processed 42240 images …
2026-04-11 07:44:57 - __main__ - INFO -   [train] processed 43520 images …
2026-04-11 07:45:01 - __main__ - INFO -   [train] processed 44800 images …
2026-04-11 07:45:04 - __main__ - INFO -   [train] processed 46080 images …
2026-04-11 07:45:08 - __main__ - INFO -   [train] processed 47360 images …
2026-04-11 07:45:12 - __main__ - INFO -   [train] processed 48640 images …
2026-04-11 07:45:15 - __main__ - INFO -   [train] processed 49920 images …
2026-04-11 07:45:19 - __main__ - INFO -   [train] processed 51200 images …
2026-04-11 07:45:23 - __main__ - INFO -   [train] processed 52480 images …
2026-04-11 07:45:27 - __main__ - INFO -   [train] processed 53760 images …
2026-04-11 07:45:30 - __main__ - INFO -   [train] processed 55040 images …
2026-04-11 07:45:34 - __main__ - INFO -   [train] processed 56320 images …
2026-04-11 07:45:38 - __main__ - INFO -   [train] processed 57600 images …
2026-04-11 07:45:41 - __main__ - INFO -   [train] processed 58880 images …
2026-04-11 07:45:45 - __main__ - INFO -   [train] processed 60160 images …
2026-04-11 07:45:49 - __main__ - INFO -   [train] processed 61440 images …
2026-04-11 07:45:52 - __main__ - INFO -   [train] processed 62720 images …
2026-04-11 07:45:56 - __main__ - INFO -   [train] processed 64000 images …
2026-04-11 07:46:00 - __main__ - INFO -   [train] processed 65280 images …
2026-04-11 07:46:04 - __main__ - INFO -   [train] processed 66560 images …
2026-04-11 07:46:07 - __main__ - INFO -   [train] processed 67840 images …
2026-04-11 07:46:11 - __main__ - INFO -   [train] processed 69120 images …
2026-04-11 07:46:15 - __main__ - INFO -   [train] processed 70400 images …
2026-04-11 07:46:18 - __main__ - INFO -   [train] processed 71680 images …
2026-04-11 07:46:22 - __main__ - INFO -   [train] processed 72960 images …
2026-04-11 07:46:26 - __main__ - INFO -   [train] processed 74240 images …
2026-04-11 07:46:30 - __main__ - INFO -   [train] processed 75520 images …
2026-04-11 07:46:33 - __main__ - INFO -   [train] processed 76800 images …
2026-04-11 07:46:37 - __main__ - INFO -   [train] processed 78080 images …
2026-04-11 07:46:41 - __main__ - INFO -   [train] processed 79360 images …
2026-04-11 07:46:44 - __main__ - INFO -   [train] processed 80640 images …
2026-04-11 07:46:48 - __main__ - INFO -   [train] processed 81920 images …
2026-04-11 07:46:52 - __main__ - INFO -   [train] processed 83200 images …
2026-04-11 07:46:56 - __main__ - INFO -   [train] processed 84480 images …
2026-04-11 07:46:59 - __main__ - INFO -   [train] processed 85760 images …
2026-04-11 07:47:03 - __main__ - INFO -   [train] processed 87040 images …
2026-04-11 07:47:07 - __main__ - INFO -   [train] processed 88320 images …
2026-04-11 07:47:10 - __main__ - INFO -   [train] processed 89600 images …
2026-04-11 07:47:12 - __main__ - INFO -   [train] processed 90000 images …
2026-04-11 07:47:12 - __main__ - INFO -   [train] saved 90000 images for all 2 variants
2026-04-11 07:47:12 - __main__ - INFO - Generating test variants → data/comparison_tiny_imagenet_2026_04/11
2026-04-11 07:47:15 - __main__ - INFO -   [test] processed 1280 images …
2026-04-11 07:47:19 - __main__ - INFO -   [test] processed 2560 images …
2026-04-11 07:47:23 - __main__ - INFO -   [test] processed 3840 images …
2026-04-11 07:47:26 - __main__ - INFO -   [test] processed 5120 images …
2026-04-11 07:47:30 - __main__ - INFO -   [test] processed 6400 images …
2026-04-11 07:47:34 - __main__ - INFO -   [test] processed 7680 images …
2026-04-11 07:47:38 - __main__ - INFO -   [test] processed 8960 images …
2026-04-11 07:47:41 - __main__ - INFO -   [test] processed 10000 images …
2026-04-11 07:47:41 - __main__ - INFO -   [test] saved 10000 images for all 2 variants
2026-04-11 07:47:41 - __main__ - INFO - 
Starting output model sweep: resnet34
2026-04-11 07:47:41 - __main__ - INFO - 
============================================================
2026-04-11 07:47:41 - __main__ - INFO - Training output model: resnet34 [original]
2026-04-11 07:47:41 - __main__ - INFO -   Resolved config → opt=sgd, lr=0.1, wd=0.0005, bs=128, epochs=100, scheduler=cosine, warmup=5
2026-04-11 07:47:41 - __main__ - INFO - ============================================================
2026-04-11 07:47:41 - __main__ - INFO -   Validation during training uses variant split with val_split=0.1
2026-04-11 07:47:41 - __main__ - INFO -   Final test uses original test split
2026-04-11 07:47:41 - __main__ - INFO - device: cuda | cuda: True | gpu: NVIDIA L4
2026-04-11 07:47:42 - __main__ - INFO - Model: resnet34 | Dataset: tiny_imagenet | Classes: 200 | Optimizer: sgd
2026-04-11 07:47:42 - __main__ - INFO - 
Epoch 1/100 | lr 0.000100
2026-04-11 07:49:44 - __main__ - INFO - Train: loss 5.3462 acc1 0.73%
2026-04-11 07:49:44 - __main__ - INFO - Val:   loss 5.2868 acc1 0.76%
2026-04-11 07:49:44 - __main__ - INFO - saved best: 0.76%
2026-04-11 07:49:44 - __main__ - INFO - 
Epoch 2/100 | lr 0.020080
2026-04-11 07:51:46 - __main__ - INFO - Train: loss 4.5501 acc1 6.88%
2026-04-11 07:51:46 - __main__ - INFO - Val:   loss 4.0454 acc1 11.42%
2026-04-11 07:51:46 - __main__ - INFO - saved best: 11.42%
2026-04-11 07:51:46 - __main__ - INFO - 
Epoch 3/100 | lr 0.040060
2026-04-11 07:53:48 - __main__ - INFO - Train: loss 3.7949 acc1 15.69%
2026-04-11 07:53:48 - __main__ - INFO - Val:   loss 3.5494 acc1 19.64%
2026-04-11 07:53:48 - __main__ - INFO - saved best: 19.64%
2026-04-11 07:53:48 - __main__ - INFO - 
Epoch 4/100 | lr 0.060040
2026-04-11 07:55:50 - __main__ - INFO - Train: loss 3.3509 acc1 22.95%
2026-04-11 07:55:50 - __main__ - INFO - Val:   loss 3.3812 acc1 22.99%
2026-04-11 07:55:50 - __main__ - INFO - saved best: 22.99%
2026-04-11 07:55:50 - __main__ - INFO - 
Epoch 5/100 | lr 0.080020
2026-04-11 07:57:52 - __main__ - INFO - Train: loss 3.0690 acc1 27.89%
2026-04-11 07:57:52 - __main__ - INFO - Val:   loss 3.3323 acc1 23.91%
2026-04-11 07:57:52 - __main__ - INFO - saved best: 23.91%
2026-04-11 07:57:52 - __main__ - INFO - 
Epoch 6/100 | lr 0.100000
2026-04-11 07:59:54 - __main__ - INFO - Train: loss 2.8640 acc1 32.00%
2026-04-11 07:59:54 - __main__ - INFO - Val:   loss 3.0679 acc1 29.40%
2026-04-11 07:59:54 - __main__ - INFO - saved best: 29.40%
2026-04-11 07:59:54 - __main__ - INFO - 
Epoch 7/100 | lr 0.099973
2026-04-11 08:01:56 - __main__ - INFO - Train: loss 2.6523 acc1 36.24%
2026-04-11 08:01:56 - __main__ - INFO - Val:   loss 2.9553 acc1 32.11%
2026-04-11 08:01:56 - __main__ - INFO - saved best: 32.11%
2026-04-11 08:01:56 - __main__ - INFO - 
Epoch 8/100 | lr 0.099891
2026-04-11 08:03:58 - __main__ - INFO - Train: loss 2.5149 acc1 39.04%
2026-04-11 08:03:58 - __main__ - INFO - Val:   loss 2.8183 acc1 33.58%
2026-04-11 08:03:58 - __main__ - INFO - saved best: 33.58%
2026-04-11 08:03:58 - __main__ - INFO - 
Epoch 9/100 | lr 0.099754
2026-04-11 08:06:00 - __main__ - INFO - Train: loss 2.4166 acc1 41.12%
2026-04-11 08:06:00 - __main__ - INFO - Val:   loss 2.7502 acc1 35.99%
2026-04-11 08:06:00 - __main__ - INFO - saved best: 35.99%
2026-04-11 08:06:00 - __main__ - INFO - 
Epoch 10/100 | lr 0.099563
2026-04-11 08:08:02 - __main__ - INFO - Train: loss 2.3337 acc1 42.73%
2026-04-11 08:08:02 - __main__ - INFO - Val:   loss 2.9393 acc1 33.12%
2026-04-11 08:08:02 - __main__ - INFO - 
Epoch 11/100 | lr 0.099318
2026-04-11 08:10:03 - __main__ - INFO - Train: loss 2.2619 acc1 44.38%
2026-04-11 08:10:03 - __main__ - INFO - Val:   loss 2.7777 acc1 36.05%
2026-04-11 08:10:03 - __main__ - INFO - saved best: 36.05%
2026-04-11 08:10:03 - __main__ - INFO - 
Epoch 12/100 | lr 0.099019
2026-04-11 08:12:05 - __main__ - INFO - Train: loss 2.2034 acc1 45.77%
2026-04-11 08:12:05 - __main__ - INFO - Val:   loss 2.6475 acc1 38.44%
2026-04-11 08:12:05 - __main__ - INFO - saved best: 38.44%
2026-04-11 08:12:05 - __main__ - INFO - 
Epoch 13/100 | lr 0.098666
2026-04-11 08:14:07 - __main__ - INFO - Train: loss 2.1494 acc1 46.95%
2026-04-11 08:14:07 - __main__ - INFO - Val:   loss 2.6454 acc1 38.32%
2026-04-11 08:14:07 - __main__ - INFO - 
Epoch 14/100 | lr 0.098261
2026-04-11 08:16:08 - __main__ - INFO - Train: loss 2.1053 acc1 47.90%
2026-04-11 08:16:08 - __main__ - INFO - Val:   loss 2.6065 acc1 39.05%
2026-04-11 08:16:08 - __main__ - INFO - saved best: 39.05%
2026-04-11 08:16:08 - __main__ - INFO - 
Epoch 15/100 | lr 0.097802
2026-04-11 08:18:10 - __main__ - INFO - Train: loss 2.0665 acc1 48.50%
2026-04-11 08:18:10 - __main__ - INFO - Val:   loss 2.4542 acc1 41.64%
2026-04-11 08:18:10 - __main__ - INFO - saved best: 41.64%
2026-04-11 08:18:10 - __main__ - INFO - 
Epoch 16/100 | lr 0.097291
2026-04-11 08:20:11 - __main__ - INFO - Train: loss 2.0318 acc1 49.39%
2026-04-11 08:20:11 - __main__ - INFO - Val:   loss 2.5430 acc1 41.12%
2026-04-11 08:20:11 - __main__ - INFO - 
Epoch 17/100 | lr 0.096729
2026-04-11 08:22:13 - __main__ - INFO - Train: loss 1.9941 acc1 50.26%
2026-04-11 08:22:13 - __main__ - INFO - Val:   loss 2.6065 acc1 40.33%
2026-04-11 08:22:13 - __main__ - INFO - 
Epoch 18/100 | lr 0.096115
2026-04-11 08:24:14 - __main__ - INFO - Train: loss 1.9636 acc1 50.86%
2026-04-11 08:24:14 - __main__ - INFO - Val:   loss 2.5102 acc1 41.88%
2026-04-11 08:24:14 - __main__ - INFO - saved best: 41.88%
2026-04-11 08:24:14 - __main__ - INFO - 
Epoch 19/100 | lr 0.095451
2026-04-11 08:26:16 - __main__ - INFO - Train: loss 1.9383 acc1 51.60%
2026-04-11 08:26:16 - __main__ - INFO - Val:   loss 2.7157 acc1 38.54%
2026-04-11 08:26:16 - __main__ - INFO - 
Epoch 20/100 | lr 0.094737
2026-04-11 08:28:17 - __main__ - INFO - Train: loss 1.9061 acc1 52.10%
2026-04-11 08:28:17 - __main__ - INFO - Val:   loss 2.5562 acc1 40.67%
2026-04-11 08:28:17 - __main__ - INFO - 
Epoch 21/100 | lr 0.093974
2026-04-11 08:30:19 - __main__ - INFO - Train: loss 1.8844 acc1 52.76%
2026-04-11 08:30:19 - __main__ - INFO - Val:   loss 2.7778 acc1 37.97%
2026-04-11 08:30:19 - __main__ - INFO - 
Epoch 22/100 | lr 0.093164
2026-04-11 08:32:20 - __main__ - INFO - Train: loss 1.8603 acc1 53.22%
2026-04-11 08:32:20 - __main__ - INFO - Val:   loss 2.5786 acc1 40.35%
2026-04-11 08:32:20 - __main__ - INFO - 
Epoch 23/100 | lr 0.092306
2026-04-11 08:34:22 - __main__ - INFO - Train: loss 1.8455 acc1 53.68%
2026-04-11 08:34:22 - __main__ - INFO - Val:   loss 2.9195 acc1 35.79%
2026-04-11 08:34:22 - __main__ - INFO - 
Epoch 24/100 | lr 0.091401
2026-04-11 08:36:23 - __main__ - INFO - Train: loss 1.8115 acc1 54.18%
2026-04-11 08:36:23 - __main__ - INFO - Val:   loss 2.5598 acc1 41.97%
2026-04-11 08:36:23 - __main__ - INFO - saved best: 41.97%
2026-04-11 08:36:23 - __main__ - INFO - 
Epoch 25/100 | lr 0.090452
2026-04-11 08:38:25 - __main__ - INFO - Train: loss 1.7940 acc1 54.81%
2026-04-11 08:38:25 - __main__ - INFO - Val:   loss 2.8436 acc1 36.88%
2026-04-11 08:38:25 - __main__ - INFO - 
Epoch 26/100 | lr 0.089458
2026-04-11 08:40:26 - __main__ - INFO - Train: loss 1.7746 acc1 55.10%
2026-04-11 08:40:26 - __main__ - INFO - Val:   loss 2.7122 acc1 40.10%
2026-04-11 08:40:26 - __main__ - INFO - 
Epoch 27/100 | lr 0.088421
2026-04-11 08:42:27 - __main__ - INFO - Train: loss 1.7528 acc1 55.60%
2026-04-11 08:42:27 - __main__ - INFO - Val:   loss 2.7332 acc1 39.21%
2026-04-11 08:42:27 - __main__ - INFO - 
Epoch 28/100 | lr 0.087342
2026-04-11 08:44:29 - __main__ - INFO - Train: loss 1.7261 acc1 56.27%
2026-04-11 08:44:29 - __main__ - INFO - Val:   loss 2.5276 acc1 42.81%
2026-04-11 08:44:29 - __main__ - INFO - saved best: 42.81%
2026-04-11 08:44:29 - __main__ - INFO - 
Epoch 29/100 | lr 0.086223
2026-04-11 08:46:30 - __main__ - INFO - Train: loss 1.7196 acc1 56.34%
2026-04-11 08:46:30 - __main__ - INFO - Val:   loss 2.3301 acc1 46.10%
2026-04-11 08:46:30 - __main__ - INFO - saved best: 46.10%
2026-04-11 08:46:30 - __main__ - INFO - 
Epoch 30/100 | lr 0.085063
2026-04-11 08:48:31 - __main__ - INFO - Train: loss 1.6919 acc1 57.03%
2026-04-11 08:48:31 - __main__ - INFO - Val:   loss 2.3552 acc1 45.13%
2026-04-11 08:48:31 - __main__ - INFO - 
Epoch 31/100 | lr 0.083866
2026-04-11 08:50:33 - __main__ - INFO - Train: loss 1.6743 acc1 57.46%
2026-04-11 08:50:33 - __main__ - INFO - Val:   loss 2.3809 acc1 44.70%
2026-04-11 08:50:33 - __main__ - INFO - 
Epoch 32/100 | lr 0.082631
2026-04-11 08:52:34 - __main__ - INFO - Train: loss 1.6538 acc1 57.88%
2026-04-11 08:52:34 - __main__ - INFO - Val:   loss 2.2824 acc1 46.24%
2026-04-11 08:52:34 - __main__ - INFO - saved best: 46.24%
2026-04-11 08:52:34 - __main__ - INFO - 
Epoch 33/100 | lr 0.081361
2026-04-11 08:54:36 - __main__ - INFO - Train: loss 1.6280 acc1 58.42%
2026-04-11 08:54:36 - __main__ - INFO - Val:   loss 2.1845 acc1 48.53%
2026-04-11 08:54:36 - __main__ - INFO - saved best: 48.53%
2026-04-11 08:54:36 - __main__ - INFO - 
Epoch 34/100 | lr 0.080056
2026-04-11 08:56:37 - __main__ - INFO - Train: loss 1.6096 acc1 58.84%
2026-04-11 08:56:37 - __main__ - INFO - Val:   loss 2.5338 acc1 42.36%
2026-04-11 08:56:37 - __main__ - INFO - 
Epoch 35/100 | lr 0.078719
2026-04-11 08:58:38 - __main__ - INFO - Train: loss 1.5928 acc1 59.21%
2026-04-11 08:58:38 - __main__ - INFO - Val:   loss 2.3965 acc1 45.03%
2026-04-11 08:58:38 - __main__ - INFO - 
Epoch 36/100 | lr 0.077350
2026-04-11 09:00:40 - __main__ - INFO - Train: loss 1.5749 acc1 59.74%
2026-04-11 09:00:40 - __main__ - INFO - Val:   loss 2.4756 acc1 43.49%
2026-04-11 09:00:40 - __main__ - INFO - 
Epoch 37/100 | lr 0.075951
2026-04-11 09:02:41 - __main__ - INFO - Train: loss 1.5531 acc1 60.11%
2026-04-11 09:02:41 - __main__ - INFO - Val:   loss 2.3283 acc1 46.39%
2026-04-11 09:02:41 - __main__ - INFO - 
Epoch 38/100 | lr 0.074524
2026-04-11 09:04:42 - __main__ - INFO - Train: loss 1.5220 acc1 60.72%
2026-04-11 09:04:42 - __main__ - INFO - Val:   loss 2.3732 acc1 44.85%
2026-04-11 09:04:42 - __main__ - INFO - 
Epoch 39/100 | lr 0.073070
2026-04-11 09:06:44 - __main__ - INFO - Train: loss 1.5098 acc1 61.06%
2026-04-11 09:06:44 - __main__ - INFO - Val:   loss 2.2319 acc1 47.76%
2026-04-11 09:06:44 - __main__ - INFO - 
Epoch 40/100 | lr 0.071591
2026-04-11 09:08:45 - __main__ - INFO - Train: loss 1.4878 acc1 61.66%
2026-04-11 09:08:45 - __main__ - INFO - Val:   loss 2.4900 acc1 44.92%
2026-04-11 09:08:45 - __main__ - INFO - 
Epoch 41/100 | lr 0.070088
2026-04-11 09:10:46 - __main__ - INFO - Train: loss 1.4619 acc1 62.11%
2026-04-11 09:10:46 - __main__ - INFO - Val:   loss 2.1143 acc1 49.09%
2026-04-11 09:10:46 - __main__ - INFO - saved best: 49.09%
2026-04-11 09:10:46 - __main__ - INFO - 
Epoch 42/100 | lr 0.068563
2026-04-11 09:12:47 - __main__ - INFO - Train: loss 1.4341 acc1 62.76%
2026-04-11 09:12:47 - __main__ - INFO - Val:   loss 2.2013 acc1 49.45%
2026-04-11 09:12:47 - __main__ - INFO - saved best: 49.45%
2026-04-11 09:12:47 - __main__ - INFO - 
Epoch 43/100 | lr 0.067018
2026-04-11 09:14:48 - __main__ - INFO - Train: loss 1.4157 acc1 63.31%
2026-04-11 09:14:48 - __main__ - INFO - Val:   loss 2.3014 acc1 47.17%
2026-04-11 09:14:48 - __main__ - INFO - 
Epoch 44/100 | lr 0.065454
2026-04-11 09:16:49 - __main__ - INFO - Train: loss 1.3863 acc1 64.04%
2026-04-11 09:16:49 - __main__ - INFO - Val:   loss 2.2692 acc1 48.23%
2026-04-11 09:16:49 - __main__ - INFO - 
Epoch 45/100 | lr 0.063874
2026-04-11 09:18:50 - __main__ - INFO - Train: loss 1.3602 acc1 64.61%
2026-04-11 09:18:50 - __main__ - INFO - Val:   loss 2.1503 acc1 49.87%
2026-04-11 09:18:50 - __main__ - INFO - saved best: 49.87%
2026-04-11 09:18:50 - __main__ - INFO - 
Epoch 46/100 | lr 0.062278
2026-04-11 09:20:52 - __main__ - INFO - Train: loss 1.3389 acc1 64.92%
2026-04-11 09:20:52 - __main__ - INFO - Val:   loss 2.2769 acc1 47.92%
2026-04-11 09:20:52 - __main__ - INFO - 
Epoch 47/100 | lr 0.060669
2026-04-11 09:22:53 - __main__ - INFO - Train: loss 1.3075 acc1 65.71%
2026-04-11 09:22:53 - __main__ - INFO - Val:   loss 2.1759 acc1 49.65%
2026-04-11 09:22:53 - __main__ - INFO - 
Epoch 48/100 | lr 0.059048
2026-04-11 09:24:54 - __main__ - INFO - Train: loss 1.2793 acc1 66.30%
2026-04-11 09:24:54 - __main__ - INFO - Val:   loss 2.1435 acc1 50.66%
2026-04-11 09:24:54 - __main__ - INFO - saved best: 50.66%
2026-04-11 09:24:54 - __main__ - INFO - 
Epoch 49/100 | lr 0.057417
2026-04-11 09:26:55 - __main__ - INFO - Train: loss 1.2500 acc1 67.04%
2026-04-11 09:26:55 - __main__ - INFO - Val:   loss 2.1601 acc1 50.10%
2026-04-11 09:26:55 - __main__ - INFO - 
Epoch 50/100 | lr 0.055779
2026-04-11 09:28:56 - __main__ - INFO - Train: loss 1.2200 acc1 67.83%
2026-04-11 09:28:56 - __main__ - INFO - Val:   loss 2.1830 acc1 50.05%
2026-04-11 09:28:56 - __main__ - INFO - 
Epoch 51/100 | lr 0.054134
2026-04-11 09:30:57 - __main__ - INFO - Train: loss 1.1896 acc1 68.51%
2026-04-11 09:30:57 - __main__ - INFO - Val:   loss 2.1151 acc1 51.17%
2026-04-11 09:30:57 - __main__ - INFO - saved best: 51.17%
2026-04-11 09:30:57 - __main__ - INFO - 
Epoch 52/100 | lr 0.052484
2026-04-11 09:32:58 - __main__ - INFO - Train: loss 1.1637 acc1 69.19%
2026-04-11 09:32:58 - __main__ - INFO - Val:   loss 2.2020 acc1 49.71%
2026-04-11 09:32:58 - __main__ - INFO - 
Epoch 53/100 | lr 0.050832
2026-04-11 09:34:59 - __main__ - INFO - Train: loss 1.1232 acc1 70.18%
2026-04-11 09:34:59 - __main__ - INFO - Val:   loss 2.1541 acc1 50.84%
2026-04-11 09:34:59 - __main__ - INFO - 
Epoch 54/100 | lr 0.049178
2026-04-11 09:37:00 - __main__ - INFO - Train: loss 1.0966 acc1 70.72%
2026-04-11 09:37:00 - __main__ - INFO - Val:   loss 2.2471 acc1 49.75%
2026-04-11 09:37:00 - __main__ - INFO - 
Epoch 55/100 | lr 0.047526
2026-04-11 09:39:01 - __main__ - INFO - Train: loss 1.0654 acc1 71.50%
2026-04-11 09:39:01 - __main__ - INFO - Val:   loss 2.1261 acc1 51.57%
2026-04-11 09:39:01 - __main__ - INFO - saved best: 51.57%
2026-04-11 09:39:01 - __main__ - INFO - 
Epoch 56/100 | lr 0.045876
2026-04-11 09:41:02 - __main__ - INFO - Train: loss 1.0230 acc1 72.61%
2026-04-11 09:41:02 - __main__ - INFO - Val:   loss 2.2206 acc1 50.37%
2026-04-11 09:41:02 - __main__ - INFO - 
Epoch 57/100 | lr 0.044231
2026-04-11 09:43:03 - __main__ - INFO - Train: loss 0.9834 acc1 73.34%
2026-04-11 09:43:03 - __main__ - INFO - Val:   loss 2.1486 acc1 51.38%
2026-04-11 09:43:03 - __main__ - INFO - 
Epoch 58/100 | lr 0.042593
2026-04-11 09:45:04 - __main__ - INFO - Train: loss 0.9524 acc1 74.19%
2026-04-11 09:45:04 - __main__ - INFO - Val:   loss 2.2149 acc1 50.82%
2026-04-11 09:45:04 - __main__ - INFO - 
Epoch 59/100 | lr 0.040962
2026-04-11 09:47:05 - __main__ - INFO - Train: loss 0.9071 acc1 75.36%
2026-04-11 09:47:05 - __main__ - INFO - Val:   loss 2.2091 acc1 51.99%
2026-04-11 09:47:05 - __main__ - INFO - saved best: 51.99%
2026-04-11 09:47:05 - __main__ - INFO - 
Epoch 60/100 | lr 0.039341
2026-04-11 09:49:06 - __main__ - INFO - Train: loss 0.8618 acc1 76.49%
2026-04-11 09:49:06 - __main__ - INFO - Val:   loss 1.9743 acc1 54.88%
2026-04-11 09:49:06 - __main__ - INFO - saved best: 54.88%
2026-04-11 09:49:06 - __main__ - INFO - 
Epoch 61/100 | lr 0.037732
2026-04-11 09:51:07 - __main__ - INFO - Train: loss 0.8310 acc1 77.49%
2026-04-11 09:51:07 - __main__ - INFO - Val:   loss 2.2419 acc1 51.15%
2026-04-11 09:51:07 - __main__ - INFO - 
Epoch 62/100 | lr 0.036136
2026-04-11 09:53:08 - __main__ - INFO - Train: loss 0.7859 acc1 78.33%
2026-04-11 09:53:08 - __main__ - INFO - Val:   loss 2.1389 acc1 52.66%
2026-04-11 09:53:08 - __main__ - INFO - 
Epoch 63/100 | lr 0.034556
2026-04-11 09:55:09 - __main__ - INFO - Train: loss 0.7423 acc1 79.55%
2026-04-11 09:55:09 - __main__ - INFO - Val:   loss 2.1866 acc1 53.11%
2026-04-11 09:55:09 - __main__ - INFO - 
Epoch 64/100 | lr 0.032992
2026-04-11 09:57:10 - __main__ - INFO - Train: loss 0.6964 acc1 80.88%
2026-04-11 09:57:10 - __main__ - INFO - Val:   loss 2.1295 acc1 53.16%
2026-04-11 09:57:10 - __main__ - INFO - 
Epoch 65/100 | lr 0.031447
2026-04-11 09:59:11 - __main__ - INFO - Train: loss 0.6503 acc1 81.93%
2026-04-11 09:59:11 - __main__ - INFO - Val:   loss 2.1424 acc1 53.67%
2026-04-11 09:59:11 - __main__ - INFO - 
Epoch 66/100 | lr 0.029922
2026-04-11 10:01:12 - __main__ - INFO - Train: loss 0.6078 acc1 83.15%
2026-04-11 10:01:12 - __main__ - INFO - Val:   loss 2.0367 acc1 55.21%
2026-04-11 10:01:12 - __main__ - INFO - saved best: 55.21%
2026-04-11 10:01:12 - __main__ - INFO - 
Epoch 67/100 | lr 0.028419
2026-04-11 10:03:13 - __main__ - INFO - Train: loss 0.5693 acc1 84.22%
2026-04-11 10:03:13 - __main__ - INFO - Val:   loss 2.1669 acc1 53.30%
2026-04-11 10:03:13 - __main__ - INFO - 
Epoch 68/100 | lr 0.026940
2026-04-11 10:05:14 - __main__ - INFO - Train: loss 0.5040 acc1 86.17%
2026-04-11 10:05:14 - __main__ - INFO - Val:   loss 2.1522 acc1 54.55%
2026-04-11 10:05:14 - __main__ - INFO - 
Epoch 69/100 | lr 0.025486
2026-04-11 10:07:16 - __main__ - INFO - Train: loss 0.4671 acc1 87.21%
2026-04-11 10:07:16 - __main__ - INFO - Val:   loss 2.0628 acc1 55.86%
2026-04-11 10:07:16 - __main__ - INFO - saved best: 55.86%
2026-04-11 10:07:16 - __main__ - INFO - 
Epoch 70/100 | lr 0.024059
2026-04-11 10:09:17 - __main__ - INFO - Train: loss 0.4156 acc1 88.72%
2026-04-11 10:09:17 - __main__ - INFO - Val:   loss 2.0903 acc1 56.50%
2026-04-11 10:09:17 - __main__ - INFO - saved best: 56.50%
2026-04-11 10:09:17 - __main__ - INFO - 
Epoch 71/100 | lr 0.022660
2026-04-11 10:11:18 - __main__ - INFO - Train: loss 0.3692 acc1 90.13%
2026-04-11 10:11:18 - __main__ - INFO - Val:   loss 2.0825 acc1 56.66%
2026-04-11 10:11:18 - __main__ - INFO - saved best: 56.66%
2026-04-11 10:11:18 - __main__ - INFO - 
Epoch 72/100 | lr 0.021291
2026-04-11 10:13:19 - __main__ - INFO - Train: loss 0.3181 acc1 91.73%
2026-04-11 10:13:19 - __main__ - INFO - Val:   loss 2.0677 acc1 57.06%
2026-04-11 10:13:19 - __main__ - INFO - saved best: 57.06%
2026-04-11 10:13:19 - __main__ - INFO - 
Epoch 73/100 | lr 0.019954
2026-04-11 10:15:20 - __main__ - INFO - Train: loss 0.2841 acc1 92.73%
2026-04-11 10:15:20 - __main__ - INFO - Val:   loss 1.9497 acc1 58.14%
2026-04-11 10:15:20 - __main__ - INFO - saved best: 58.14%
2026-04-11 10:15:20 - __main__ - INFO - 
Epoch 74/100 | lr 0.018649
2026-04-11 10:17:21 - __main__ - INFO - Train: loss 0.2315 acc1 94.32%
2026-04-11 10:17:21 - __main__ - INFO - Val:   loss 2.0149 acc1 57.82%
2026-04-11 10:17:21 - __main__ - INFO - 
Epoch 75/100 | lr 0.017379
2026-04-11 10:19:22 - __main__ - INFO - Train: loss 0.1911 acc1 95.59%
2026-04-11 10:19:22 - __main__ - INFO - Val:   loss 2.0241 acc1 57.98%
2026-04-11 10:19:22 - __main__ - INFO - 
Epoch 76/100 | lr 0.016144
2026-04-11 10:21:23 - __main__ - INFO - Train: loss 0.1530 acc1 96.76%
2026-04-11 10:21:23 - __main__ - INFO - Val:   loss 1.9043 acc1 60.28%
2026-04-11 10:21:23 - __main__ - INFO - saved best: 60.28%
2026-04-11 10:21:23 - __main__ - INFO - 
Epoch 77/100 | lr 0.014947
2026-04-11 10:23:24 - __main__ - INFO - Train: loss 0.1179 acc1 97.74%
2026-04-11 10:23:24 - __main__ - INFO - Val:   loss 1.8010 acc1 61.39%
2026-04-11 10:23:24 - __main__ - INFO - saved best: 61.39%
2026-04-11 10:23:24 - __main__ - INFO - 
Epoch 78/100 | lr 0.013787
2026-04-11 10:25:25 - __main__ - INFO - Train: loss 0.0876 acc1 98.60%
2026-04-11 10:25:25 - __main__ - INFO - Val:   loss 1.7565 acc1 62.17%
2026-04-11 10:25:25 - __main__ - INFO - saved best: 62.17%
2026-04-11 10:25:25 - __main__ - INFO - 
Epoch 79/100 | lr 0.012668
2026-04-11 10:27:26 - __main__ - INFO - Train: loss 0.0652 acc1 99.12%
2026-04-11 10:27:26 - __main__ - INFO - Val:   loss 1.7155 acc1 62.59%
2026-04-11 10:27:26 - __main__ - INFO - saved best: 62.59%
2026-04-11 10:27:26 - __main__ - INFO - 
Epoch 80/100 | lr 0.011589
2026-04-11 10:29:27 - __main__ - INFO - Train: loss 0.0479 acc1 99.55%
2026-04-11 10:29:27 - __main__ - INFO - Val:   loss 1.6815 acc1 63.54%
2026-04-11 10:29:27 - __main__ - INFO - saved best: 63.54%
2026-04-11 10:29:27 - __main__ - INFO - 
Epoch 81/100 | lr 0.010552
2026-04-11 10:31:28 - __main__ - INFO - Train: loss 0.0371 acc1 99.71%
2026-04-11 10:31:28 - __main__ - INFO - Val:   loss 1.6249 acc1 64.18%
2026-04-11 10:31:28 - __main__ - INFO - saved best: 64.18%
2026-04-11 10:31:28 - __main__ - INFO - 
Epoch 82/100 | lr 0.009558
2026-04-11 10:33:28 - __main__ - INFO - Train: loss 0.0300 acc1 99.84%
2026-04-11 10:33:28 - __main__ - INFO - Val:   loss 1.5903 acc1 64.40%
2026-04-11 10:33:28 - __main__ - INFO - saved best: 64.40%
2026-04-11 10:33:28 - __main__ - INFO - 
Epoch 83/100 | lr 0.008609
2026-04-11 10:35:29 - __main__ - INFO - Train: loss 0.0262 acc1 99.90%
2026-04-11 10:35:29 - __main__ - INFO - Val:   loss 1.5762 acc1 64.35%
2026-04-11 10:35:29 - __main__ - INFO - 
Epoch 84/100 | lr 0.007704
2026-04-11 10:37:30 - __main__ - INFO - Train: loss 0.0236 acc1 99.90%
2026-04-11 10:37:30 - __main__ - INFO - Val:   loss 1.5602 acc1 64.94%
2026-04-11 10:37:30 - __main__ - INFO - saved best: 64.94%
2026-04-11 10:37:30 - __main__ - INFO - 
Epoch 85/100 | lr 0.006846
2026-04-11 10:39:31 - __main__ - INFO - Train: loss 0.0206 acc1 99.95%
2026-04-11 10:39:31 - __main__ - INFO - Val:   loss 1.5416 acc1 64.94%
2026-04-11 10:39:31 - __main__ - INFO - 
Epoch 86/100 | lr 0.006036
2026-04-11 10:41:32 - __main__ - INFO - Train: loss 0.0201 acc1 99.95%
2026-04-11 10:41:32 - __main__ - INFO - Val:   loss 1.5341 acc1 65.26%
2026-04-11 10:41:32 - __main__ - INFO - saved best: 65.26%
2026-04-11 10:41:32 - __main__ - INFO - 
Epoch 87/100 | lr 0.005273
2026-04-11 10:43:33 - __main__ - INFO - Train: loss 0.0183 acc1 99.97%
2026-04-11 10:43:33 - __main__ - INFO - Val:   loss 1.5245 acc1 65.35%
2026-04-11 10:43:33 - __main__ - INFO - saved best: 65.35%
2026-04-11 10:43:33 - __main__ - INFO - 
Epoch 88/100 | lr 0.004559
2026-04-11 10:45:34 - __main__ - INFO - Train: loss 0.0179 acc1 99.96%
2026-04-11 10:45:34 - __main__ - INFO - Val:   loss 1.5188 acc1 65.43%
2026-04-11 10:45:34 - __main__ - INFO - saved best: 65.43%
2026-04-11 10:45:34 - __main__ - INFO - 
Epoch 89/100 | lr 0.003895
2026-04-11 10:47:35 - __main__ - INFO - Train: loss 0.0171 acc1 99.97%
2026-04-11 10:47:35 - __main__ - INFO - Val:   loss 1.5154 acc1 65.18%
2026-04-11 10:47:35 - __main__ - INFO - 
Epoch 90/100 | lr 0.003281
2026-04-11 10:49:36 - __main__ - INFO - Train: loss 0.0165 acc1 99.97%
2026-04-11 10:49:36 - __main__ - INFO - Val:   loss 1.5157 acc1 65.29%
2026-04-11 10:49:36 - __main__ - INFO - 
Epoch 91/100 | lr 0.002719
2026-04-11 10:51:37 - __main__ - INFO - Train: loss 0.0163 acc1 99.97%
2026-04-11 10:51:37 - __main__ - INFO - Val:   loss 1.5152 acc1 65.55%
2026-04-11 10:51:37 - __main__ - INFO - saved best: 65.55%
2026-04-11 10:51:37 - __main__ - INFO - 
Epoch 92/100 | lr 0.002208
2026-04-11 10:53:38 - __main__ - INFO - Train: loss 0.0160 acc1 99.98%
2026-04-11 10:53:38 - __main__ - INFO - Val:   loss 1.5125 acc1 65.47%
2026-04-11 10:53:38 - __main__ - INFO - 
Epoch 93/100 | lr 0.001749
2026-04-11 10:55:39 - __main__ - INFO - Train: loss 0.0156 acc1 99.98%
2026-04-11 10:55:39 - __main__ - INFO - Val:   loss 1.5059 acc1 65.64%
2026-04-11 10:55:39 - __main__ - INFO - saved best: 65.64%
2026-04-11 10:55:39 - __main__ - INFO - 
Epoch 94/100 | lr 0.001344
2026-04-11 10:57:40 - __main__ - INFO - Train: loss 0.0153 acc1 99.98%
2026-04-11 10:57:40 - __main__ - INFO - Val:   loss 1.5086 acc1 65.45%
2026-04-11 10:57:40 - __main__ - INFO - 
Epoch 95/100 | lr 0.000991
2026-04-11 10:59:41 - __main__ - INFO - Train: loss 0.0149 acc1 99.98%
2026-04-11 10:59:41 - __main__ - INFO - Val:   loss 1.5091 acc1 65.52%
2026-04-11 10:59:41 - __main__ - INFO - 
Epoch 96/100 | lr 0.000692
2026-04-11 11:01:42 - __main__ - INFO - Train: loss 0.0148 acc1 99.98%
2026-04-11 11:01:42 - __main__ - INFO - Val:   loss 1.5101 acc1 65.57%
2026-04-11 11:01:42 - __main__ - INFO - 
Epoch 97/100 | lr 0.000447
2026-04-11 11:03:43 - __main__ - INFO - Train: loss 0.0144 acc1 99.98%
2026-04-11 11:03:43 - __main__ - INFO - Val:   loss 1.5076 acc1 65.65%
2026-04-11 11:03:43 - __main__ - INFO - saved best: 65.65%
2026-04-11 11:03:43 - __main__ - INFO - 
Epoch 98/100 | lr 0.000256
2026-04-11 11:05:44 - __main__ - INFO - Train: loss 0.0145 acc1 99.98%
2026-04-11 11:05:44 - __main__ - INFO - Val:   loss 1.5086 acc1 65.49%
2026-04-11 11:05:44 - __main__ - INFO - 
Epoch 99/100 | lr 0.000119
2026-04-11 11:07:45 - __main__ - INFO - Train: loss 0.0145 acc1 99.98%
2026-04-11 11:07:45 - __main__ - INFO - Val:   loss 1.5045 acc1 65.50%
2026-04-11 11:07:45 - __main__ - INFO - 
Epoch 100/100 | lr 0.000037
2026-04-11 11:09:46 - __main__ - INFO - Train: loss 0.0145 acc1 99.98%
2026-04-11 11:09:46 - __main__ - INFO - Val:   loss 1.5037 acc1 65.62%
2026-04-11 11:09:46 - __main__ - INFO - Loaded best checkpoint weights for final test evaluation.
2026-04-11 11:09:54 - __main__ - INFO - 
Best tracked (val): 65.65%
2026-04-11 11:09:54 - __main__ - INFO - Final test: loss 1.5385 acc1 65.35%
2026-04-11 11:10:12 - __main__ - INFO - Variant [original] done — test acc 65.35%, test loss 1.5385
2026-04-11 11:10:13 - __main__ - INFO - 
============================================================
2026-04-11 11:10:13 - __main__ - INFO - Training output model: resnet34 [low_saliency]
2026-04-11 11:10:13 - __main__ - INFO -   Resolved config → opt=sgd, lr=0.1, wd=0.0005, bs=128, epochs=100, scheduler=cosine, warmup=5
2026-04-11 11:10:13 - __main__ - INFO - ============================================================
2026-04-11 11:10:13 - __main__ - INFO -   Validation during training uses variant split with val_split=0.1
2026-04-11 11:10:13 - __main__ - INFO -   Final test uses low_saliency variant test split
2026-04-11 11:10:13 - __main__ - INFO - device: cuda | cuda: True | gpu: NVIDIA L4
2026-04-11 11:10:14 - __main__ - INFO - Model: resnet34 | Dataset: tiny_imagenet | Classes: 200 | Optimizer: sgd
2026-04-11 11:10:14 - __main__ - INFO - 
Epoch 1/100 | lr 0.000100
2026-04-11 11:12:16 - __main__ - INFO - Train: loss 5.3467 acc1 0.70%
2026-04-11 11:12:16 - __main__ - INFO - Val:   loss 5.2901 acc1 0.74%
2026-04-11 11:12:16 - __main__ - INFO - saved best: 0.74%
2026-04-11 11:12:16 - __main__ - INFO - 
Epoch 2/100 | lr 0.020080
2026-04-11 11:14:18 - __main__ - INFO - Train: loss 4.4949 acc1 7.36%
2026-04-11 11:14:18 - __main__ - INFO - Val:   loss 4.2775 acc1 10.10%
2026-04-11 11:14:18 - __main__ - INFO - saved best: 10.10%
2026-04-11 11:14:18 - __main__ - INFO - 
Epoch 3/100 | lr 0.040060
2026-04-11 11:16:20 - __main__ - INFO - Train: loss 3.6398 acc1 17.82%
2026-04-11 11:16:20 - __main__ - INFO - Val:   loss 3.5048 acc1 21.03%
2026-04-11 11:16:20 - __main__ - INFO - saved best: 21.03%
2026-04-11 11:16:20 - __main__ - INFO - 
Epoch 4/100 | lr 0.060040
2026-04-11 11:18:22 - __main__ - INFO - Train: loss 3.1209 acc1 26.43%
2026-04-11 11:18:22 - __main__ - INFO - Val:   loss 3.8072 acc1 19.68%
2026-04-11 11:18:22 - __main__ - INFO - 
Epoch 5/100 | lr 0.080020
2026-04-11 11:20:24 - __main__ - INFO - Train: loss 2.7852 acc1 32.75%
2026-04-11 11:20:24 - __main__ - INFO - Val:   loss 3.3558 acc1 24.47%
2026-04-11 11:20:24 - __main__ - INFO - saved best: 24.47%
2026-04-11 11:20:24 - __main__ - INFO - 
Epoch 6/100 | lr 0.100000
2026-04-11 11:22:26 - __main__ - INFO - Train: loss 2.5695 acc1 36.96%
2026-04-11 11:22:26 - __main__ - INFO - Val:   loss 2.7590 acc1 33.84%
2026-04-11 11:22:26 - __main__ - INFO - saved best: 33.84%
2026-04-11 11:22:26 - __main__ - INFO - 
Epoch 7/100 | lr 0.099973
2026-04-11 11:24:27 - __main__ - INFO - Train: loss 2.3609 acc1 41.53%
2026-04-11 11:24:27 - __main__ - INFO - Val:   loss 3.5029 acc1 26.04%
2026-04-11 11:24:27 - __main__ - INFO - 
Epoch 8/100 | lr 0.099891
2026-04-11 11:26:29 - __main__ - INFO - Train: loss 2.2297 acc1 44.10%
2026-04-11 11:26:29 - __main__ - INFO - Val:   loss 3.4575 acc1 26.03%
2026-04-11 11:26:29 - __main__ - INFO - 
Epoch 9/100 | lr 0.099754
2026-04-11 11:28:30 - __main__ - INFO - Train: loss 2.1336 acc1 46.45%
2026-04-11 11:28:30 - __main__ - INFO - Val:   loss 2.5445 acc1 38.61%
2026-04-11 11:28:30 - __main__ - INFO - saved best: 38.61%
2026-04-11 11:28:30 - __main__ - INFO - 
Epoch 10/100 | lr 0.099563
2026-04-11 11:30:32 - __main__ - INFO - Train: loss 2.0579 acc1 48.03%
2026-04-11 11:30:32 - __main__ - INFO - Val:   loss 2.5160 acc1 39.39%
2026-04-11 11:30:32 - __main__ - INFO - saved best: 39.39%
2026-04-11 11:30:32 - __main__ - INFO - 
Epoch 11/100 | lr 0.099318
2026-04-11 11:32:33 - __main__ - INFO - Train: loss 1.9944 acc1 49.31%
2026-04-11 11:32:33 - __main__ - INFO - Val:   loss 3.1581 acc1 31.54%
2026-04-11 11:32:33 - __main__ - INFO - 
Epoch 12/100 | lr 0.099019
2026-04-11 11:34:35 - __main__ - INFO - Train: loss 1.9367 acc1 50.82%
2026-04-11 11:34:35 - __main__ - INFO - Val:   loss 2.3661 acc1 42.03%
2026-04-11 11:34:35 - __main__ - INFO - saved best: 42.03%
2026-04-11 11:34:35 - __main__ - INFO - 
Epoch 13/100 | lr 0.098666
2026-04-11 11:36:36 - __main__ - INFO - Train: loss 1.8985 acc1 51.57%
2026-04-11 11:36:36 - __main__ - INFO - Val:   loss 2.7059 acc1 37.34%
2026-04-11 11:36:36 - __main__ - INFO - 
Epoch 14/100 | lr 0.098261
2026-04-11 11:38:37 - __main__ - INFO - Train: loss 1.8531 acc1 52.70%
2026-04-11 11:38:37 - __main__ - INFO - Val:   loss 2.8278 acc1 36.22%
2026-04-11 11:38:37 - __main__ - INFO - 
Epoch 15/100 | lr 0.097802
2026-04-11 11:40:38 - __main__ - INFO - Train: loss 1.8164 acc1 53.46%
2026-04-11 11:40:38 - __main__ - INFO - Val:   loss 3.0248 acc1 33.58%
2026-04-11 11:40:38 - __main__ - INFO - 
Epoch 16/100 | lr 0.097291
2026-04-11 11:42:39 - __main__ - INFO - Train: loss 1.7957 acc1 53.81%
2026-04-11 11:42:39 - __main__ - INFO - Val:   loss 2.5891 acc1 41.03%
2026-04-11 11:42:39 - __main__ - INFO - 
Epoch 17/100 | lr 0.096729
2026-04-11 11:44:41 - __main__ - INFO - Train: loss 1.7553 acc1 54.74%
2026-04-11 11:44:41 - __main__ - INFO - Val:   loss 2.1175 acc1 47.51%
2026-04-11 11:44:41 - __main__ - INFO - saved best: 47.51%
2026-04-11 11:44:41 - __main__ - INFO - 
Epoch 18/100 | lr 0.096115
2026-04-11 11:46:42 - __main__ - INFO - Train: loss 1.7381 acc1 55.13%
2026-04-11 11:46:42 - __main__ - INFO - Val:   loss 2.4525 acc1 42.65%
2026-04-11 11:46:42 - __main__ - INFO - 
Epoch 19/100 | lr 0.095451
2026-04-11 11:48:43 - __main__ - INFO - Train: loss 1.7183 acc1 55.47%
2026-04-11 11:48:43 - __main__ - INFO - Val:   loss 3.1644 acc1 33.60%
2026-04-11 11:48:43 - __main__ - INFO - 
Epoch 20/100 | lr 0.094737
2026-04-11 11:50:44 - __main__ - INFO - Train: loss 1.6881 acc1 56.34%
2026-04-11 11:50:44 - __main__ - INFO - Val:   loss 3.0311 acc1 36.66%
2026-04-11 11:50:44 - __main__ - INFO - 
Epoch 21/100 | lr 0.093974
2026-04-11 11:52:45 - __main__ - INFO - Train: loss 1.6710 acc1 56.51%
2026-04-11 11:52:45 - __main__ - INFO - Val:   loss 2.7341 acc1 38.55%
2026-04-11 11:52:45 - __main__ - INFO - 
Epoch 22/100 | lr 0.093164
2026-04-11 11:54:46 - __main__ - INFO - Train: loss 1.6481 acc1 57.08%
2026-04-11 11:54:46 - __main__ - INFO - Val:   loss 2.2611 acc1 46.23%
2026-04-11 11:54:46 - __main__ - INFO - 
Epoch 23/100 | lr 0.092306
2026-04-11 11:56:47 - __main__ - INFO - Train: loss 1.6347 acc1 57.51%
2026-04-11 11:56:47 - __main__ - INFO - Val:   loss 3.4843 acc1 28.35%
2026-04-11 11:56:47 - __main__ - INFO - 
Epoch 24/100 | lr 0.091401
2026-04-11 11:58:48 - __main__ - INFO - Train: loss 1.6080 acc1 58.15%
2026-04-11 11:58:48 - __main__ - INFO - Val:   loss 2.1538 acc1 46.69%
2026-04-11 11:58:48 - __main__ - INFO - 
Epoch 25/100 | lr 0.090452
2026-04-11 12:00:49 - __main__ - INFO - Train: loss 1.5888 acc1 58.57%
2026-04-11 12:00:49 - __main__ - INFO - Val:   loss 2.2706 acc1 43.83%
2026-04-11 12:00:49 - __main__ - INFO - 
Epoch 26/100 | lr 0.089458
2026-04-11 12:02:50 - __main__ - INFO - Train: loss 1.5774 acc1 58.80%
2026-04-11 12:02:50 - __main__ - INFO - Val:   loss 2.6048 acc1 39.24%
2026-04-11 12:02:50 - __main__ - INFO - 
Epoch 27/100 | lr 0.088421
2026-04-11 12:04:51 - __main__ - INFO - Train: loss 1.5578 acc1 59.28%
2026-04-11 12:04:51 - __main__ - INFO - Val:   loss 2.1269 acc1 47.34%
2026-04-11 12:04:51 - __main__ - INFO - 
Epoch 28/100 | lr 0.087342
2026-04-11 12:06:52 - __main__ - INFO - Train: loss 1.5450 acc1 59.58%
2026-04-11 12:06:52 - __main__ - INFO - Val:   loss 2.7000 acc1 38.98%
2026-04-11 12:06:52 - __main__ - INFO - 
Epoch 29/100 | lr 0.086223
2026-04-11 12:08:53 - __main__ - INFO - Train: loss 1.5325 acc1 59.94%
2026-04-11 12:08:53 - __main__ - INFO - Val:   loss 2.0490 acc1 49.32%
2026-04-11 12:08:53 - __main__ - INFO - saved best: 49.32%
2026-04-11 12:08:53 - __main__ - INFO - 
Epoch 30/100 | lr 0.085063
2026-04-11 12:10:54 - __main__ - INFO - Train: loss 1.5193 acc1 60.06%
2026-04-11 12:10:54 - __main__ - INFO - Val:   loss 2.7268 acc1 40.56%
2026-04-11 12:10:54 - __main__ - INFO - 
Epoch 31/100 | lr 0.083866
2026-04-11 12:12:56 - __main__ - INFO - Train: loss 1.4893 acc1 60.94%
2026-04-11 12:12:56 - __main__ - INFO - Val:   loss 2.4078 acc1 43.39%
2026-04-11 12:12:56 - __main__ - INFO - 
Epoch 32/100 | lr 0.082631
2026-04-11 12:14:57 - __main__ - INFO - Train: loss 1.4738 acc1 61.27%
2026-04-11 12:14:57 - __main__ - INFO - Val:   loss 2.0100 acc1 50.54%
2026-04-11 12:14:57 - __main__ - INFO - saved best: 50.54%
2026-04-11 12:14:57 - __main__ - INFO - 
Epoch 33/100 | lr 0.081361
2026-04-11 12:16:58 - __main__ - INFO - Train: loss 1.4577 acc1 61.51%
2026-04-11 12:16:58 - __main__ - INFO - Val:   loss 2.5152 acc1 43.19%
2026-04-11 12:16:58 - __main__ - INFO - 
Epoch 34/100 | lr 0.080056
2026-04-11 12:18:59 - __main__ - INFO - Train: loss 1.4448 acc1 61.81%
2026-04-11 12:18:59 - __main__ - INFO - Val:   loss 2.0651 acc1 49.34%
2026-04-11 12:18:59 - __main__ - INFO - 
Epoch 35/100 | lr 0.078719
2026-04-11 12:21:00 - __main__ - INFO - Train: loss 1.4185 acc1 62.44%
2026-04-11 12:21:00 - __main__ - INFO - Val:   loss 2.9709 acc1 38.82%
2026-04-11 12:21:00 - __main__ - INFO - 
Epoch 36/100 | lr 0.077350
2026-04-11 12:23:01 - __main__ - INFO - Train: loss 1.4112 acc1 62.57%
2026-04-11 12:23:01 - __main__ - INFO - Val:   loss 2.1186 acc1 47.30%
2026-04-11 12:23:01 - __main__ - INFO - 
Epoch 37/100 | lr 0.075951
2026-04-11 12:25:02 - __main__ - INFO - Train: loss 1.3938 acc1 63.10%
2026-04-11 12:25:02 - __main__ - INFO - Val:   loss 2.6131 acc1 41.13%
2026-04-11 12:25:02 - __main__ - INFO - 
Epoch 38/100 | lr 0.074524
2026-04-11 12:27:03 - __main__ - INFO - Train: loss 1.3708 acc1 63.69%
2026-04-11 12:27:03 - __main__ - INFO - Val:   loss 2.3805 acc1 44.79%
2026-04-11 12:27:03 - __main__ - INFO - 
Epoch 39/100 | lr 0.073070
2026-04-11 12:29:04 - __main__ - INFO - Train: loss 1.3531 acc1 63.85%
2026-04-11 12:29:04 - __main__ - INFO - Val:   loss 1.8845 acc1 53.49%
2026-04-11 12:29:04 - __main__ - INFO - saved best: 53.49%
2026-04-11 12:29:04 - __main__ - INFO - 
Epoch 40/100 | lr 0.071591
2026-04-11 12:31:05 - __main__ - INFO - Train: loss 1.3341 acc1 64.24%
2026-04-11 12:31:05 - __main__ - INFO - Val:   loss 2.8348 acc1 40.39%
2026-04-11 12:31:05 - __main__ - INFO - 
Epoch 41/100 | lr 0.070088
2026-04-11 12:33:06 - __main__ - INFO - Train: loss 1.3166 acc1 64.73%
2026-04-11 12:33:06 - __main__ - INFO - Val:   loss 2.0547 acc1 50.68%
2026-04-11 12:33:06 - __main__ - INFO - 
Epoch 42/100 | lr 0.068563
2026-04-11 12:35:07 - __main__ - INFO - Train: loss 1.2958 acc1 65.37%
2026-04-11 12:35:07 - __main__ - INFO - Val:   loss 1.9379 acc1 51.96%
2026-04-11 12:35:07 - __main__ - INFO - 
Epoch 43/100 | lr 0.067018
2026-04-11 12:37:08 - __main__ - INFO - Train: loss 1.2687 acc1 66.03%
2026-04-11 12:37:08 - __main__ - INFO - Val:   loss 3.2827 acc1 34.69%
2026-04-11 12:37:08 - __main__ - INFO - 
Epoch 44/100 | lr 0.065454
2026-04-11 12:39:09 - __main__ - INFO - Train: loss 1.2543 acc1 66.27%
2026-04-11 12:39:09 - __main__ - INFO - Val:   loss 2.1554 acc1 48.37%
2026-04-11 12:39:09 - __main__ - INFO - 
Epoch 45/100 | lr 0.063874
2026-04-11 12:41:10 - __main__ - INFO - Train: loss 1.2226 acc1 67.06%
2026-04-11 12:41:10 - __main__ - INFO - Val:   loss 1.7799 acc1 55.65%
2026-04-11 12:41:10 - __main__ - INFO - saved best: 55.65%
2026-04-11 12:41:10 - __main__ - INFO - 
Epoch 46/100 | lr 0.062278
2026-04-11 12:43:10 - __main__ - INFO - Train: loss 1.2039 acc1 67.58%
2026-04-11 12:43:10 - __main__ - INFO - Val:   loss 2.7349 acc1 41.35%
2026-04-11 12:43:10 - __main__ - INFO - 
Epoch 47/100 | lr 0.060669
2026-04-11 12:45:11 - __main__ - INFO - Train: loss 1.1891 acc1 67.86%
2026-04-11 12:45:11 - __main__ - INFO - Val:   loss 2.9452 acc1 38.87%
2026-04-11 12:45:11 - __main__ - INFO - 
Epoch 48/100 | lr 0.059048
2026-04-11 12:47:12 - __main__ - INFO - Train: loss 1.1580 acc1 68.53%
2026-04-11 12:47:12 - __main__ - INFO - Val:   loss 1.8188 acc1 54.96%
2026-04-11 12:47:12 - __main__ - INFO - 
Epoch 49/100 | lr 0.057417
2026-04-11 12:49:13 - __main__ - INFO - Train: loss 1.1342 acc1 69.23%
2026-04-11 12:49:13 - __main__ - INFO - Val:   loss 2.3285 acc1 46.19%
2026-04-11 12:49:13 - __main__ - INFO - 
Epoch 50/100 | lr 0.055779
2026-04-11 12:51:14 - __main__ - INFO - Train: loss 1.1083 acc1 69.78%
2026-04-11 12:51:14 - __main__ - INFO - Val:   loss 2.0895 acc1 50.94%
2026-04-11 12:51:14 - __main__ - INFO - 
Epoch 51/100 | lr 0.054134
2026-04-11 12:53:15 - __main__ - INFO - Train: loss 1.0928 acc1 70.18%
2026-04-11 12:53:15 - __main__ - INFO - Val:   loss 1.7934 acc1 55.38%
2026-04-11 12:53:15 - __main__ - INFO - 
Epoch 52/100 | lr 0.052484
2026-04-11 12:55:16 - __main__ - INFO - Train: loss 1.0594 acc1 71.01%
2026-04-11 12:55:16 - __main__ - INFO - Val:   loss 2.0269 acc1 51.13%
2026-04-11 12:55:16 - __main__ - INFO - 
Epoch 53/100 | lr 0.050832
2026-04-11 12:57:17 - __main__ - INFO - Train: loss 1.0284 acc1 71.82%
2026-04-11 12:57:17 - __main__ - INFO - Val:   loss 1.9279 acc1 52.75%
2026-04-11 12:57:17 - __main__ - INFO - 
Epoch 54/100 | lr 0.049178
2026-04-11 12:59:17 - __main__ - INFO - Train: loss 1.0110 acc1 72.16%
2026-04-11 12:59:17 - __main__ - INFO - Val:   loss 2.2333 acc1 49.16%
2026-04-11 12:59:17 - __main__ - INFO - 
Epoch 55/100 | lr 0.047526
2026-04-11 13:01:18 - __main__ - INFO - Train: loss 0.9741 acc1 73.14%
2026-04-11 13:01:18 - __main__ - INFO - Val:   loss 2.6842 acc1 43.78%
2026-04-11 13:01:18 - __main__ - INFO - 
Epoch 56/100 | lr 0.045876
2026-04-11 13:03:19 - __main__ - INFO - Train: loss 0.9514 acc1 73.57%
2026-04-11 13:03:19 - __main__ - INFO - Val:   loss 1.8063 acc1 56.61%
2026-04-11 13:03:19 - __main__ - INFO - saved best: 56.61%
2026-04-11 13:03:19 - __main__ - INFO - 
Epoch 57/100 | lr 0.044231
2026-04-11 13:05:20 - __main__ - INFO - Train: loss 0.9117 acc1 74.62%
2026-04-11 13:05:20 - __main__ - INFO - Val:   loss 1.7667 acc1 56.49%
2026-04-11 13:05:20 - __main__ - INFO - 
Epoch 58/100 | lr 0.042593
2026-04-11 13:07:21 - __main__ - INFO - Train: loss 0.8826 acc1 75.35%
2026-04-11 13:07:21 - __main__ - INFO - Val:   loss 1.8402 acc1 56.49%
2026-04-11 13:07:21 - __main__ - INFO - 
Epoch 59/100 | lr 0.040962
2026-04-11 13:09:21 - __main__ - INFO - Train: loss 0.8435 acc1 76.37%
2026-04-11 13:09:21 - __main__ - INFO - Val:   loss 1.8385 acc1 55.84%
2026-04-11 13:09:21 - __main__ - INFO - 
Epoch 60/100 | lr 0.039341
2026-04-11 13:11:22 - __main__ - INFO - Train: loss 0.8209 acc1 76.81%
2026-04-11 13:11:22 - __main__ - INFO - Val:   loss 2.5109 acc1 45.36%
2026-04-11 13:11:22 - __main__ - INFO - 
Epoch 61/100 | lr 0.037732
2026-04-11 13:13:23 - __main__ - INFO - Train: loss 0.7876 acc1 77.83%
2026-04-11 13:13:23 - __main__ - INFO - Val:   loss 1.8836 acc1 55.53%
2026-04-11 13:13:23 - __main__ - INFO - 
Epoch 62/100 | lr 0.036136
2026-04-11 13:15:24 - __main__ - INFO - Train: loss 0.7508 acc1 78.88%
2026-04-11 13:15:24 - __main__ - INFO - Val:   loss 2.1804 acc1 51.08%
2026-04-11 13:15:24 - __main__ - INFO - 
Epoch 63/100 | lr 0.034556
2026-04-11 13:17:25 - __main__ - INFO - Train: loss 0.7098 acc1 79.97%
2026-04-11 13:17:25 - __main__ - INFO - Val:   loss 2.4014 acc1 47.85%
2026-04-11 13:17:25 - __main__ - INFO - 
Epoch 64/100 | lr 0.032992
2026-04-11 13:19:26 - __main__ - INFO - Train: loss 0.6669 acc1 81.07%
2026-04-11 13:19:26 - __main__ - INFO - Val:   loss 1.7462 acc1 58.54%
2026-04-11 13:19:26 - __main__ - INFO - saved best: 58.54%
2026-04-11 13:19:26 - __main__ - INFO - 
Epoch 65/100 | lr 0.031447
2026-04-11 13:21:26 - __main__ - INFO - Train: loss 0.6395 acc1 81.89%
2026-04-11 13:21:26 - __main__ - INFO - Val:   loss 1.9192 acc1 56.32%
2026-04-11 13:21:26 - __main__ - INFO - 
Epoch 66/100 | lr 0.029922
2026-04-11 13:23:27 - __main__ - INFO - Train: loss 0.6020 acc1 82.91%
2026-04-11 13:23:27 - __main__ - INFO - Val:   loss 1.7004 acc1 59.55%
2026-04-11 13:23:27 - __main__ - INFO - saved best: 59.55%
2026-04-11 13:23:27 - __main__ - INFO - 
Epoch 67/100 | lr 0.028419
2026-04-11 13:25:28 - __main__ - INFO - Train: loss 0.5595 acc1 84.24%
2026-04-11 13:25:28 - __main__ - INFO - Val:   loss 1.8074 acc1 57.01%
2026-04-11 13:25:28 - __main__ - INFO - 
Epoch 68/100 | lr 0.026940
2026-04-11 13:27:29 - __main__ - INFO - Train: loss 0.5231 acc1 85.20%
2026-04-11 13:27:29 - __main__ - INFO - Val:   loss 2.1052 acc1 52.94%
2026-04-11 13:27:29 - __main__ - INFO - 
Epoch 69/100 | lr 0.025486
2026-04-11 13:29:29 - __main__ - INFO - Train: loss 0.4860 acc1 86.11%
2026-04-11 13:29:29 - __main__ - INFO - Val:   loss 1.9762 acc1 55.27%
2026-04-11 13:29:29 - __main__ - INFO - 
Epoch 70/100 | lr 0.024059
2026-04-11 13:31:30 - __main__ - INFO - Train: loss 0.4430 acc1 87.53%
2026-04-11 13:31:30 - __main__ - INFO - Val:   loss 2.0561 acc1 55.08%
2026-04-11 13:31:30 - __main__ - INFO - 
Epoch 71/100 | lr 0.022660
2026-04-11 13:33:31 - __main__ - INFO - Train: loss 0.3965 acc1 88.82%
2026-04-11 13:33:31 - __main__ - INFO - Val:   loss 1.6836 acc1 61.23%
2026-04-11 13:33:31 - __main__ - INFO - saved best: 61.23%
2026-04-11 13:33:31 - __main__ - INFO - 
Epoch 72/100 | lr 0.021291
2026-04-11 13:35:32 - __main__ - INFO - Train: loss 0.3641 acc1 89.90%
2026-04-11 13:35:32 - __main__ - INFO - Val:   loss 2.3054 acc1 51.88%
2026-04-11 13:35:32 - __main__ - INFO - 
Epoch 73/100 | lr 0.019954
2026-04-11 13:37:33 - __main__ - INFO - Train: loss 0.3197 acc1 91.20%
2026-04-11 13:37:33 - __main__ - INFO - Val:   loss 2.3548 acc1 51.69%
2026-04-11 13:37:33 - __main__ - INFO - 
Epoch 74/100 | lr 0.018649
2026-04-11 13:39:34 - __main__ - INFO - Train: loss 0.2750 acc1 92.59%
2026-04-11 13:39:34 - __main__ - INFO - Val:   loss 1.8791 acc1 58.75%
2026-04-11 13:39:34 - __main__ - INFO - 
Epoch 75/100 | lr 0.017379
2026-04-11 13:41:34 - __main__ - INFO - Train: loss 0.2383 acc1 93.67%
2026-04-11 13:41:34 - __main__ - INFO - Val:   loss 1.7598 acc1 60.58%
2026-04-11 13:41:34 - __main__ - INFO - 
Epoch 76/100 | lr 0.016144
2026-04-11 13:43:35 - __main__ - INFO - Train: loss 0.2020 acc1 94.86%
2026-04-11 13:43:35 - __main__ - INFO - Val:   loss 2.0021 acc1 58.04%
2026-04-11 13:43:35 - __main__ - INFO - 
Epoch 77/100 | lr 0.014947
2026-04-11 13:45:36 - __main__ - INFO - Train: loss 0.1697 acc1 95.85%
2026-04-11 13:45:36 - __main__ - INFO - Val:   loss 1.5793 acc1 63.75%
2026-04-11 13:45:36 - __main__ - INFO - saved best: 63.75%
2026-04-11 13:45:36 - __main__ - INFO - 
Epoch 78/100 | lr 0.013787
2026-04-11 13:47:37 - __main__ - INFO - Train: loss 0.1341 acc1 96.93%
2026-04-11 13:47:37 - __main__ - INFO - Val:   loss 1.4493 acc1 66.79%
2026-04-11 13:47:37 - __main__ - INFO - saved best: 66.79%
2026-04-11 13:47:37 - __main__ - INFO - 
Epoch 79/100 | lr 0.012668
2026-04-11 13:49:38 - __main__ - INFO - Train: loss 0.0981 acc1 97.99%
2026-04-11 13:49:38 - __main__ - INFO - Val:   loss 1.3999 acc1 67.36%
2026-04-11 13:49:38 - __main__ - INFO - saved best: 67.36%
2026-04-11 13:49:38 - __main__ - INFO - 
Epoch 80/100 | lr 0.011589
2026-04-11 13:51:38 - __main__ - INFO - Train: loss 0.0781 acc1 98.61%
2026-04-11 13:51:38 - __main__ - INFO - Val:   loss 1.3967 acc1 68.16%
2026-04-11 13:51:38 - __main__ - INFO - saved best: 68.16%
2026-04-11 13:51:38 - __main__ - INFO - 
Epoch 81/100 | lr 0.010552
2026-04-11 13:53:39 - __main__ - INFO - Train: loss 0.0564 acc1 99.22%
2026-04-11 13:53:39 - __main__ - INFO - Val:   loss 1.3249 acc1 69.29%
2026-04-11 13:53:39 - __main__ - INFO - saved best: 69.29%
2026-04-11 13:53:39 - __main__ - INFO - 
Epoch 82/100 | lr 0.009558
2026-04-11 13:55:40 - __main__ - INFO - Train: loss 0.0435 acc1 99.51%
2026-04-11 13:55:40 - __main__ - INFO - Val:   loss 1.2995 acc1 69.79%
2026-04-11 13:55:40 - __main__ - INFO - saved best: 69.79%
2026-04-11 13:55:40 - __main__ - INFO - 
Epoch 83/100 | lr 0.008609
2026-04-11 13:57:41 - __main__ - INFO - Train: loss 0.0345 acc1 99.66%
2026-04-11 13:57:41 - __main__ - INFO - Val:   loss 1.2751 acc1 70.16%
2026-04-11 13:57:41 - __main__ - INFO - saved best: 70.16%
2026-04-11 13:57:41 - __main__ - INFO - 
Epoch 84/100 | lr 0.007704
2026-04-11 13:59:42 - __main__ - INFO - Train: loss 0.0280 acc1 99.80%
2026-04-11 13:59:42 - __main__ - INFO - Val:   loss 1.2441 acc1 70.63%
2026-04-11 13:59:42 - __main__ - INFO - saved best: 70.63%
2026-04-11 13:59:42 - __main__ - INFO - 
Epoch 85/100 | lr 0.006846
2026-04-11 14:01:43 - __main__ - INFO - Train: loss 0.0232 acc1 99.88%
2026-04-11 14:01:43 - __main__ - INFO - Val:   loss 1.2337 acc1 70.66%
2026-04-11 14:01:43 - __main__ - INFO - saved best: 70.66%
2026-04-11 14:01:43 - __main__ - INFO - 
Epoch 86/100 | lr 0.006036
2026-04-11 14:03:44 - __main__ - INFO - Train: loss 0.0205 acc1 99.92%
2026-04-11 14:03:44 - __main__ - INFO - Val:   loss 1.2937 acc1 69.20%
2026-04-11 14:03:44 - __main__ - INFO - 
Epoch 87/100 | lr 0.005273
2026-04-11 14:05:44 - __main__ - INFO - Train: loss 0.0190 acc1 99.93%
2026-04-11 14:05:44 - __main__ - INFO - Val:   loss 1.2124 acc1 70.86%
2026-04-11 14:05:44 - __main__ - INFO - saved best: 70.86%
2026-04-11 14:05:44 - __main__ - INFO - 
Epoch 88/100 | lr 0.004559
2026-04-11 14:07:45 - __main__ - INFO - Train: loss 0.0179 acc1 99.94%
2026-04-11 14:07:45 - __main__ - INFO - Val:   loss 1.2083 acc1 71.03%
2026-04-11 14:07:45 - __main__ - INFO - saved best: 71.03%
2026-04-11 14:07:45 - __main__ - INFO - 
Epoch 89/100 | lr 0.003895
2026-04-11 14:09:46 - __main__ - INFO - Train: loss 0.0169 acc1 99.95%
2026-04-11 14:09:46 - __main__ - INFO - Val:   loss 1.2044 acc1 71.10%
2026-04-11 14:09:46 - __main__ - INFO - saved best: 71.10%
2026-04-11 14:09:46 - __main__ - INFO - 
Epoch 90/100 | lr 0.003281
2026-04-11 14:11:47 - __main__ - INFO - Train: loss 0.0157 acc1 99.97%
2026-04-11 14:11:47 - __main__ - INFO - Val:   loss 1.1975 acc1 71.35%
2026-04-11 14:11:47 - __main__ - INFO - saved best: 71.35%
2026-04-11 14:11:47 - __main__ - INFO - 
Epoch 91/100 | lr 0.002719
2026-04-11 14:13:47 - __main__ - INFO - Train: loss 0.0154 acc1 99.96%
2026-04-11 14:13:47 - __main__ - INFO - Val:   loss 1.1934 acc1 71.39%
2026-04-11 14:13:47 - __main__ - INFO - saved best: 71.39%
2026-04-11 14:13:47 - __main__ - INFO - 
Epoch 92/100 | lr 0.002208
2026-04-11 14:15:48 - __main__ - INFO - Train: loss 0.0153 acc1 99.97%
2026-04-11 14:15:48 - __main__ - INFO - Val:   loss 1.1926 acc1 71.46%
2026-04-11 14:15:48 - __main__ - INFO - saved best: 71.46%
2026-04-11 14:15:48 - __main__ - INFO - 
Epoch 93/100 | lr 0.001749
2026-04-11 14:17:49 - __main__ - INFO - Train: loss 0.0147 acc1 99.96%
2026-04-11 14:17:49 - __main__ - INFO - Val:   loss 1.1878 acc1 71.45%
2026-04-11 14:17:49 - __main__ - INFO - 
Epoch 94/100 | lr 0.001344
2026-04-11 14:19:50 - __main__ - INFO - Train: loss 0.0141 acc1 99.97%
2026-04-11 14:19:50 - __main__ - INFO - Val:   loss 1.1866 acc1 71.55%
2026-04-11 14:19:50 - __main__ - INFO - saved best: 71.55%
2026-04-11 14:19:50 - __main__ - INFO - 
Epoch 95/100 | lr 0.000991
2026-04-11 14:21:50 - __main__ - INFO - Train: loss 0.0139 acc1 99.98%
2026-04-11 14:21:50 - __main__ - INFO - Val:   loss 1.1887 acc1 71.31%
2026-04-11 14:21:50 - __main__ - INFO - 
Epoch 96/100 | lr 0.000692
2026-04-11 14:23:51 - __main__ - INFO - Train: loss 0.0139 acc1 99.97%
2026-04-11 14:23:51 - __main__ - INFO - Val:   loss 1.1882 acc1 71.33%
2026-04-11 14:23:51 - __main__ - INFO - 
Epoch 97/100 | lr 0.000447
2026-04-11 14:25:52 - __main__ - INFO - Train: loss 0.0135 acc1 99.98%
2026-04-11 14:25:52 - __main__ - INFO - Val:   loss 1.1854 acc1 71.33%
2026-04-11 14:25:52 - __main__ - INFO - 
Epoch 98/100 | lr 0.000256
2026-04-11 14:27:52 - __main__ - INFO - Train: loss 0.0136 acc1 99.98%
2026-04-11 14:27:52 - __main__ - INFO - Val:   loss 1.1877 acc1 71.36%
2026-04-11 14:27:52 - __main__ - INFO - 
Epoch 99/100 | lr 0.000119
2026-04-11 14:29:53 - __main__ - INFO - Train: loss 0.0135 acc1 99.97%
2026-04-11 14:29:53 - __main__ - INFO - Val:   loss 1.1819 acc1 71.52%
2026-04-11 14:29:53 - __main__ - INFO - 
Epoch 100/100 | lr 0.000037
2026-04-11 14:31:54 - __main__ - INFO - Train: loss 0.0135 acc1 99.98%
2026-04-11 14:31:54 - __main__ - INFO - Val:   loss 1.1833 acc1 71.42%
2026-04-11 14:31:54 - __main__ - INFO - Loaded best checkpoint weights for final test evaluation.
2026-04-11 14:32:02 - __main__ - INFO - 
Best tracked (val): 71.55%
2026-04-11 14:32:02 - __main__ - INFO - Final test: loss 1.8380 acc1 64.03%
2026-04-11 14:32:20 - __main__ - INFO - Variant [low_saliency] done — test acc 64.03%, test loss 1.8380
2026-04-11 14:32:21 - __main__ - INFO - Saved validation comparison plot: runs/tiny_imagenet_2026_04/11/resnet34/validation_comparison_plot.png
2026-04-11 14:32:21 - __main__ - INFO - 
Starting output model sweep: densenet121
2026-04-11 14:32:21 - __main__ - INFO - 
============================================================
2026-04-11 14:32:21 - __main__ - INFO - Training output model: densenet121 [original]
2026-04-11 14:32:21 - __main__ - INFO -   Resolved config → opt=sgd, lr=0.1, wd=0.0001, bs=128, epochs=100, scheduler=cosine, warmup=5
2026-04-11 14:32:21 - __main__ - INFO - ============================================================
2026-04-11 14:32:21 - __main__ - INFO -   Validation during training uses variant split with val_split=0.1
2026-04-11 14:32:21 - __main__ - INFO -   Final test uses original test split
2026-04-11 14:32:21 - __main__ - INFO - device: cuda | cuda: True | gpu: NVIDIA L4
2026-04-11 14:32:22 - __main__ - INFO - Model: densenet121 | Dataset: tiny_imagenet | Classes: 200 | Optimizer: sgd
2026-04-11 14:32:22 - __main__ - INFO - 
Epoch 1/100 | lr 0.000100
2026-04-11 14:33:12 - __main__ - INFO - Train: loss 5.3121 acc1 0.62%
2026-04-11 14:33:12 - __main__ - INFO - Val:   loss 5.2902 acc1 0.89%
2026-04-11 14:33:12 - __main__ - INFO - saved best: 0.89%
2026-04-11 14:33:12 - __main__ - INFO - 
Epoch 2/100 | lr 0.020080
2026-04-11 14:34:00 - __main__ - INFO - Train: loss 4.5160 acc1 7.85%
2026-04-11 14:34:00 - __main__ - INFO - Val:   loss 4.0083 acc1 13.39%
2026-04-11 14:34:00 - __main__ - INFO - saved best: 13.39%
2026-04-11 14:34:00 - __main__ - INFO - 
Epoch 3/100 | lr 0.040060
2026-04-11 14:34:47 - __main__ - INFO - Train: loss 3.7989 acc1 16.94%
2026-04-11 14:34:47 - __main__ - INFO - Val:   loss 3.6152 acc1 20.33%
2026-04-11 14:34:47 - __main__ - INFO - saved best: 20.33%
2026-04-11 14:34:47 - __main__ - INFO - 
Epoch 4/100 | lr 0.060040
2026-04-11 14:35:35 - __main__ - INFO - Train: loss 3.3889 acc1 23.26%
2026-04-11 14:35:35 - __main__ - INFO - Val:   loss 3.3977 acc1 24.34%
2026-04-11 14:35:36 - __main__ - INFO - saved best: 24.34%
2026-04-11 14:35:36 - __main__ - INFO - 
Epoch 5/100 | lr 0.080020
2026-04-11 14:36:23 - __main__ - INFO - Train: loss 3.0842 acc1 28.57%
2026-04-11 14:36:23 - __main__ - INFO - Val:   loss 3.1197 acc1 29.13%
2026-04-11 14:36:23 - __main__ - INFO - saved best: 29.13%
2026-04-11 14:36:23 - __main__ - INFO - 
Epoch 6/100 | lr 0.100000
2026-04-11 14:37:11 - __main__ - INFO - Train: loss 2.8597 acc1 32.50%
2026-04-11 14:37:11 - __main__ - INFO - Val:   loss 2.9499 acc1 31.59%
2026-04-11 14:37:11 - __main__ - INFO - saved best: 31.59%
2026-04-11 14:37:11 - __main__ - INFO - 
Epoch 7/100 | lr 0.099973
2026-04-11 14:37:59 - __main__ - INFO - Train: loss 2.6149 acc1 37.10%
2026-04-11 14:37:59 - __main__ - INFO - Val:   loss 2.7960 acc1 35.12%
2026-04-11 14:37:59 - __main__ - INFO - saved best: 35.12%
2026-04-11 14:37:59 - __main__ - INFO - 
Epoch 8/100 | lr 0.099891
2026-04-11 14:38:48 - __main__ - INFO - Train: loss 2.4363 acc1 40.63%
2026-04-11 14:38:48 - __main__ - INFO - Val:   loss 2.6566 acc1 37.42%
2026-04-11 14:38:48 - __main__ - INFO - saved best: 37.42%
2026-04-11 14:38:48 - __main__ - INFO - 
Epoch 9/100 | lr 0.099754
2026-04-11 14:39:36 - __main__ - INFO - Train: loss 2.2968 acc1 43.58%
2026-04-11 14:39:36 - __main__ - INFO - Val:   loss 2.5765 acc1 39.55%
2026-04-11 14:39:36 - __main__ - INFO - saved best: 39.55%
2026-04-11 14:39:36 - __main__ - INFO - 
Epoch 10/100 | lr 0.099563
2026-04-11 14:40:24 - __main__ - INFO - Train: loss 2.1709 acc1 45.99%
2026-04-11 14:40:24 - __main__ - INFO - Val:   loss 2.5241 acc1 40.81%
2026-04-11 14:40:24 - __main__ - INFO - saved best: 40.81%
2026-04-11 14:40:24 - __main__ - INFO - 
Epoch 11/100 | lr 0.099318
2026-04-11 14:41:12 - __main__ - INFO - Train: loss 2.0561 acc1 48.66%
2026-04-11 14:41:12 - __main__ - INFO - Val:   loss 2.5078 acc1 40.72%
2026-04-11 14:41:12 - __main__ - INFO - 
Epoch 12/100 | lr 0.099019
2026-04-11 14:42:00 - __main__ - INFO - Train: loss 1.9645 acc1 50.34%
2026-04-11 14:42:00 - __main__ - INFO - Val:   loss 2.4719 acc1 42.78%
2026-04-11 14:42:00 - __main__ - INFO - saved best: 42.78%
2026-04-11 14:42:00 - __main__ - INFO - 
Epoch 13/100 | lr 0.098666
2026-04-11 14:42:48 - __main__ - INFO - Train: loss 1.8676 acc1 52.33%
2026-04-11 14:42:48 - __main__ - INFO - Val:   loss 2.5105 acc1 42.08%
2026-04-11 14:42:48 - __main__ - INFO - 
Epoch 14/100 | lr 0.098261
2026-04-11 14:43:36 - __main__ - INFO - Train: loss 1.7894 acc1 53.83%
2026-04-11 14:43:36 - __main__ - INFO - Val:   loss 2.5188 acc1 42.34%
2026-04-11 14:43:36 - __main__ - INFO - 
Epoch 15/100 | lr 0.097802
2026-04-11 14:44:23 - __main__ - INFO - Train: loss 1.7198 acc1 55.43%
2026-04-11 14:44:23 - __main__ - INFO - Val:   loss 2.4777 acc1 42.99%
2026-04-11 14:44:23 - __main__ - INFO - saved best: 42.99%
2026-04-11 14:44:23 - __main__ - INFO - 
Epoch 16/100 | lr 0.097291
2026-04-11 14:45:12 - __main__ - INFO - Train: loss 1.6483 acc1 56.87%
2026-04-11 14:45:12 - __main__ - INFO - Val:   loss 2.3825 acc1 45.13%
2026-04-11 14:45:12 - __main__ - INFO - saved best: 45.13%
2026-04-11 14:45:12 - __main__ - INFO - 
Epoch 17/100 | lr 0.096729
2026-04-11 14:46:00 - __main__ - INFO - Train: loss 1.5821 acc1 58.30%
2026-04-11 14:46:00 - __main__ - INFO - Val:   loss 2.4353 acc1 44.86%
2026-04-11 14:46:00 - __main__ - INFO - 
Epoch 18/100 | lr 0.096115
2026-04-11 14:46:48 - __main__ - INFO - Train: loss 1.5221 acc1 59.34%
2026-04-11 14:46:48 - __main__ - INFO - Val:   loss 2.3959 acc1 45.43%
2026-04-11 14:46:48 - __main__ - INFO - saved best: 45.43%
2026-04-11 14:46:48 - __main__ - INFO - 
Epoch 19/100 | lr 0.095451
2026-04-11 14:47:35 - __main__ - INFO - Train: loss 1.4526 acc1 61.02%
2026-04-11 14:47:35 - __main__ - INFO - Val:   loss 2.5878 acc1 43.32%
2026-04-11 14:47:35 - __main__ - INFO - 
Epoch 20/100 | lr 0.094737
2026-04-11 14:48:23 - __main__ - INFO - Train: loss 1.4027 acc1 62.18%
2026-04-11 14:48:23 - __main__ - INFO - Val:   loss 2.5440 acc1 43.48%
2026-04-11 14:48:23 - __main__ - INFO - 
Epoch 21/100 | lr 0.093974
2026-04-11 14:49:11 - __main__ - INFO - Train: loss 1.3528 acc1 63.37%
2026-04-11 14:49:11 - __main__ - INFO - Val:   loss 2.4740 acc1 45.35%
2026-04-11 14:49:11 - __main__ - INFO - 
Epoch 22/100 | lr 0.093164
2026-04-11 14:49:59 - __main__ - INFO - Train: loss 1.2952 acc1 64.66%
2026-04-11 14:49:59 - __main__ - INFO - Val:   loss 2.6021 acc1 43.72%
2026-04-11 14:49:59 - __main__ - INFO - 
Epoch 23/100 | lr 0.092306
2026-04-11 14:50:47 - __main__ - INFO - Train: loss 1.2447 acc1 65.78%
2026-04-11 14:50:47 - __main__ - INFO - Val:   loss 2.5577 acc1 44.52%
2026-04-11 14:50:47 - __main__ - INFO - 
Epoch 24/100 | lr 0.091401
2026-04-11 14:51:36 - __main__ - INFO - Train: loss 1.2038 acc1 66.43%
2026-04-11 14:51:36 - __main__ - INFO - Val:   loss 2.6098 acc1 45.18%
2026-04-11 14:51:36 - __main__ - INFO - 
Epoch 25/100 | lr 0.090452
2026-04-11 14:52:23 - __main__ - INFO - Train: loss 1.1551 acc1 67.83%
2026-04-11 14:52:23 - __main__ - INFO - Val:   loss 2.5954 acc1 45.19%
2026-04-11 14:52:23 - __main__ - INFO - 
Epoch 26/100 | lr 0.089458
2026-04-11 14:53:12 - __main__ - INFO - Train: loss 1.1092 acc1 68.82%
2026-04-11 14:53:12 - __main__ - INFO - Val:   loss 2.5712 acc1 45.38%
2026-04-11 14:53:12 - __main__ - INFO - 
Epoch 27/100 | lr 0.088421
2026-04-11 14:53:59 - __main__ - INFO - Train: loss 1.0645 acc1 70.02%
2026-04-11 14:53:59 - __main__ - INFO - Val:   loss 2.6991 acc1 44.15%
2026-04-11 14:53:59 - __main__ - INFO - 
Epoch 28/100 | lr 0.087342
2026-04-11 14:54:47 - __main__ - INFO - Train: loss 1.0319 acc1 70.65%
2026-04-11 14:54:47 - __main__ - INFO - Val:   loss 2.6831 acc1 44.54%
2026-04-11 14:54:47 - __main__ - INFO - 
Epoch 29/100 | lr 0.086223
2026-04-11 14:55:35 - __main__ - INFO - Train: loss 0.9925 acc1 71.52%
2026-04-11 14:55:35 - __main__ - INFO - Val:   loss 2.6766 acc1 45.28%
2026-04-11 14:55:35 - __main__ - INFO - 
Epoch 30/100 | lr 0.085063
2026-04-11 14:56:22 - __main__ - INFO - Train: loss 0.9468 acc1 72.73%
2026-04-11 14:56:22 - __main__ - INFO - Val:   loss 2.7198 acc1 45.34%
2026-04-11 14:56:22 - __main__ - INFO - 
Epoch 31/100 | lr 0.083866
2026-04-11 14:57:10 - __main__ - INFO - Train: loss 0.9095 acc1 73.71%
2026-04-11 14:57:10 - __main__ - INFO - Val:   loss 2.7065 acc1 45.89%
2026-04-11 14:57:10 - __main__ - INFO - saved best: 45.89%
2026-04-11 14:57:10 - __main__ - INFO - 
Epoch 32/100 | lr 0.082631
2026-04-11 14:57:58 - __main__ - INFO - Train: loss 0.8770 acc1 74.57%
2026-04-11 14:57:58 - __main__ - INFO - Val:   loss 2.6600 acc1 45.87%
2026-04-11 14:57:58 - __main__ - INFO - 
Epoch 33/100 | lr 0.081361
2026-04-11 14:58:46 - __main__ - INFO - Train: loss 0.8439 acc1 75.28%
2026-04-11 14:58:46 - __main__ - INFO - Val:   loss 2.7464 acc1 45.16%
2026-04-11 14:58:46 - __main__ - INFO - 
Epoch 34/100 | lr 0.080056
2026-04-11 14:59:34 - __main__ - INFO - Train: loss 0.8125 acc1 76.20%
2026-04-11 14:59:34 - __main__ - INFO - Val:   loss 2.7737 acc1 45.71%
2026-04-11 14:59:34 - __main__ - INFO - 
Epoch 35/100 | lr 0.078719
2026-04-11 15:00:22 - __main__ - INFO - Train: loss 0.7673 acc1 77.44%
2026-04-11 15:00:22 - __main__ - INFO - Val:   loss 2.8451 acc1 45.48%
2026-04-11 15:00:22 - __main__ - INFO - 
Epoch 36/100 | lr 0.077350
2026-04-11 15:01:10 - __main__ - INFO - Train: loss 0.7412 acc1 77.99%
2026-04-11 15:01:10 - __main__ - INFO - Val:   loss 2.9409 acc1 44.66%
2026-04-11 15:01:10 - __main__ - INFO - 
Epoch 37/100 | lr 0.075951
2026-04-11 15:01:57 - __main__ - INFO - Train: loss 0.7135 acc1 78.69%
2026-04-11 15:01:57 - __main__ - INFO - Val:   loss 2.8469 acc1 45.54%
2026-04-11 15:01:57 - __main__ - INFO - 
Epoch 38/100 | lr 0.074524
2026-04-11 15:02:46 - __main__ - INFO - Train: loss 0.6642 acc1 80.26%
2026-04-11 15:02:46 - __main__ - INFO - Val:   loss 2.9494 acc1 45.63%
2026-04-11 15:02:46 - __main__ - INFO - 
Epoch 39/100 | lr 0.073070
2026-04-11 15:03:34 - __main__ - INFO - Train: loss 0.6412 acc1 80.72%
2026-04-11 15:03:34 - __main__ - INFO - Val:   loss 2.9369 acc1 45.66%
2026-04-11 15:03:34 - __main__ - INFO - 
Epoch 40/100 | lr 0.071591
2026-04-11 15:04:22 - __main__ - INFO - Train: loss 0.6152 acc1 81.47%
2026-04-11 15:04:22 - __main__ - INFO - Val:   loss 2.9981 acc1 44.92%
2026-04-11 15:04:22 - __main__ - INFO - 
Epoch 41/100 | lr 0.070088
2026-04-11 15:05:09 - __main__ - INFO - Train: loss 0.5884 acc1 82.32%
2026-04-11 15:05:09 - __main__ - INFO - Val:   loss 2.9772 acc1 45.14%
2026-04-11 15:05:09 - __main__ - INFO - 
Epoch 42/100 | lr 0.068563
2026-04-11 15:05:58 - __main__ - INFO - Train: loss 0.5647 acc1 82.95%
2026-04-11 15:05:58 - __main__ - INFO - Val:   loss 3.0212 acc1 45.13%
2026-04-11 15:05:58 - __main__ - INFO - 
Epoch 43/100 | lr 0.067018
2026-04-11 15:06:46 - __main__ - INFO - Train: loss 0.5209 acc1 84.19%
2026-04-11 15:06:46 - __main__ - INFO - Val:   loss 2.9932 acc1 46.11%
2026-04-11 15:06:46 - __main__ - INFO - saved best: 46.11%
2026-04-11 15:06:46 - __main__ - INFO - 
Epoch 44/100 | lr 0.065454
2026-04-11 15:07:34 - __main__ - INFO - Train: loss 0.5030 acc1 84.77%
2026-04-11 15:07:34 - __main__ - INFO - Val:   loss 3.0502 acc1 46.14%
2026-04-11 15:07:34 - __main__ - INFO - saved best: 46.14%
2026-04-11 15:07:34 - __main__ - INFO - 
Epoch 45/100 | lr 0.063874
2026-04-11 15:08:22 - __main__ - INFO - Train: loss 0.4729 acc1 85.63%
2026-04-11 15:08:22 - __main__ - INFO - Val:   loss 3.0530 acc1 45.85%
2026-04-11 15:08:22 - __main__ - INFO - 
Epoch 46/100 | lr 0.062278
2026-04-11 15:09:10 - __main__ - INFO - Train: loss 0.4575 acc1 86.03%
2026-04-11 15:09:10 - __main__ - INFO - Val:   loss 3.0546 acc1 45.75%
2026-04-11 15:09:10 - __main__ - INFO - 
Epoch 47/100 | lr 0.060669
2026-04-11 15:09:58 - __main__ - INFO - Train: loss 0.4261 acc1 86.96%
2026-04-11 15:09:58 - __main__ - INFO - Val:   loss 2.9519 acc1 46.69%
2026-04-11 15:09:58 - __main__ - INFO - saved best: 46.69%
2026-04-11 15:09:58 - __main__ - INFO - 
Epoch 48/100 | lr 0.059048
2026-04-11 15:10:46 - __main__ - INFO - Train: loss 0.3925 acc1 88.14%
2026-04-11 15:10:46 - __main__ - INFO - Val:   loss 2.9894 acc1 46.98%
2026-04-11 15:10:46 - __main__ - INFO - saved best: 46.98%
2026-04-11 15:10:46 - __main__ - INFO - 
Epoch 49/100 | lr 0.057417
2026-04-11 15:11:34 - __main__ - INFO - Train: loss 0.3760 acc1 88.54%
2026-04-11 15:11:34 - __main__ - INFO - Val:   loss 3.0217 acc1 46.83%
2026-04-11 15:11:34 - __main__ - INFO - 
Epoch 50/100 | lr 0.055779
2026-04-11 15:12:21 - __main__ - INFO - Train: loss 0.3491 acc1 89.33%
2026-04-11 15:12:21 - __main__ - INFO - Val:   loss 3.1395 acc1 45.76%
2026-04-11 15:12:21 - __main__ - INFO - 
Epoch 51/100 | lr 0.054134
2026-04-11 15:13:09 - __main__ - INFO - Train: loss 0.3242 acc1 90.19%
2026-04-11 15:13:09 - __main__ - INFO - Val:   loss 3.1033 acc1 46.99%
2026-04-11 15:13:09 - __main__ - INFO - saved best: 46.99%
2026-04-11 15:13:09 - __main__ - INFO - 
Epoch 52/100 | lr 0.052484
2026-04-11 15:13:57 - __main__ - INFO - Train: loss 0.2995 acc1 90.97%
2026-04-11 15:13:57 - __main__ - INFO - Val:   loss 3.1167 acc1 46.81%
2026-04-11 15:13:57 - __main__ - INFO - 
Epoch 53/100 | lr 0.050832
2026-04-11 15:14:45 - __main__ - INFO - Train: loss 0.2723 acc1 91.90%
2026-04-11 15:14:45 - __main__ - INFO - Val:   loss 3.0588 acc1 46.87%
2026-04-11 15:14:45 - __main__ - INFO - 
Epoch 54/100 | lr 0.049178
2026-04-11 15:15:34 - __main__ - INFO - Train: loss 0.2437 acc1 92.75%
2026-04-11 15:15:34 - __main__ - INFO - Val:   loss 3.0083 acc1 48.20%
2026-04-11 15:15:34 - __main__ - INFO - saved best: 48.20%
2026-04-11 15:15:34 - __main__ - INFO - 
Epoch 55/100 | lr 0.047526
2026-04-11 15:16:22 - __main__ - INFO - Train: loss 0.2311 acc1 93.08%
2026-04-11 15:16:22 - __main__ - INFO - Val:   loss 3.1277 acc1 47.43%
2026-04-11 15:16:22 - __main__ - INFO - 
Epoch 56/100 | lr 0.045876
2026-04-11 15:17:11 - __main__ - INFO - Train: loss 0.2139 acc1 93.68%
2026-04-11 15:17:11 - __main__ - INFO - Val:   loss 3.0772 acc1 48.09%
2026-04-11 15:17:11 - __main__ - INFO - 
Epoch 57/100 | lr 0.044231
2026-04-11 15:17:58 - __main__ - INFO - Train: loss 0.1911 acc1 94.40%
2026-04-11 15:17:58 - __main__ - INFO - Val:   loss 2.9913 acc1 48.44%
2026-04-11 15:17:58 - __main__ - INFO - saved best: 48.44%
2026-04-11 15:17:58 - __main__ - INFO - 
Epoch 58/100 | lr 0.042593
2026-04-11 15:18:46 - __main__ - INFO - Train: loss 0.1714 acc1 95.07%
2026-04-11 15:18:46 - __main__ - INFO - Val:   loss 3.0562 acc1 48.48%
2026-04-11 15:18:46 - __main__ - INFO - saved best: 48.48%
2026-04-11 15:18:46 - __main__ - INFO - 
Epoch 59/100 | lr 0.040962
2026-04-11 15:19:34 - __main__ - INFO - Train: loss 0.1457 acc1 95.87%
2026-04-11 15:19:34 - __main__ - INFO - Val:   loss 3.0125 acc1 49.17%
2026-04-11 15:19:34 - __main__ - INFO - saved best: 49.17%
2026-04-11 15:19:34 - __main__ - INFO - 
Epoch 60/100 | lr 0.039341
2026-04-11 15:20:23 - __main__ - INFO - Train: loss 0.1291 acc1 96.49%
2026-04-11 15:20:23 - __main__ - INFO - Val:   loss 3.0177 acc1 49.18%
2026-04-11 15:20:23 - __main__ - INFO - saved best: 49.18%
2026-04-11 15:20:23 - __main__ - INFO - 
Epoch 61/100 | lr 0.037732
2026-04-11 15:21:11 - __main__ - INFO - Train: loss 0.1034 acc1 97.38%
2026-04-11 15:21:11 - __main__ - INFO - Val:   loss 2.9768 acc1 49.90%
2026-04-11 15:21:11 - __main__ - INFO - saved best: 49.90%
2026-04-11 15:21:11 - __main__ - INFO - 
Epoch 62/100 | lr 0.036136
2026-04-11 15:21:58 - __main__ - INFO - Train: loss 0.0892 acc1 97.81%
2026-04-11 15:21:58 - __main__ - INFO - Val:   loss 2.9045 acc1 50.69%
2026-04-11 15:21:58 - __main__ - INFO - saved best: 50.69%
2026-04-11 15:21:58 - __main__ - INFO - 
Epoch 63/100 | lr 0.034556
2026-04-11 15:22:46 - __main__ - INFO - Train: loss 0.0711 acc1 98.32%
2026-04-11 15:22:46 - __main__ - INFO - Val:   loss 2.8860 acc1 50.42%
2026-04-11 15:22:46 - __main__ - INFO - 
Epoch 64/100 | lr 0.032992
2026-04-11 15:23:34 - __main__ - INFO - Train: loss 0.0535 acc1 98.89%
2026-04-11 15:23:34 - __main__ - INFO - Val:   loss 2.8839 acc1 51.05%
2026-04-11 15:23:34 - __main__ - INFO - saved best: 51.05%
2026-04-11 15:23:34 - __main__ - INFO - 
Epoch 65/100 | lr 0.031447
2026-04-11 15:24:23 - __main__ - INFO - Train: loss 0.0460 acc1 99.08%
2026-04-11 15:24:23 - __main__ - INFO - Val:   loss 2.8327 acc1 50.99%
2026-04-11 15:24:23 - __main__ - INFO - 
Epoch 66/100 | lr 0.029922
2026-04-11 15:25:10 - __main__ - INFO - Train: loss 0.0362 acc1 99.39%
2026-04-11 15:25:10 - __main__ - INFO - Val:   loss 2.7545 acc1 52.28%
2026-04-11 15:25:10 - __main__ - INFO - saved best: 52.28%
2026-04-11 15:25:10 - __main__ - INFO - 
Epoch 67/100 | lr 0.028419
2026-04-11 15:25:58 - __main__ - INFO - Train: loss 0.0311 acc1 99.52%
2026-04-11 15:25:58 - __main__ - INFO - Val:   loss 2.7577 acc1 52.12%
2026-04-11 15:25:58 - __main__ - INFO - 
Epoch 68/100 | lr 0.026940
2026-04-11 15:26:47 - __main__ - INFO - Train: loss 0.0250 acc1 99.66%
2026-04-11 15:26:47 - __main__ - INFO - Val:   loss 2.7100 acc1 52.07%
2026-04-11 15:26:47 - __main__ - INFO - 
Epoch 69/100 | lr 0.025486
2026-04-11 15:27:35 - __main__ - INFO - Train: loss 0.0203 acc1 99.74%
2026-04-11 15:27:35 - __main__ - INFO - Val:   loss 2.6740 acc1 52.14%
2026-04-11 15:27:35 - __main__ - INFO - 
Epoch 70/100 | lr 0.024059
2026-04-11 15:28:23 - __main__ - INFO - Train: loss 0.0166 acc1 99.84%
2026-04-11 15:28:23 - __main__ - INFO - Val:   loss 2.6483 acc1 52.83%
2026-04-11 15:28:23 - __main__ - INFO - saved best: 52.83%
2026-04-11 15:28:23 - __main__ - INFO - 
Epoch 71/100 | lr 0.022660
2026-04-11 15:29:12 - __main__ - INFO - Train: loss 0.0140 acc1 99.89%
2026-04-11 15:29:12 - __main__ - INFO - Val:   loss 2.6321 acc1 52.81%
2026-04-11 15:29:12 - __main__ - INFO - 
Epoch 72/100 | lr 0.021291
2026-04-11 15:30:00 - __main__ - INFO - Train: loss 0.0128 acc1 99.90%
2026-04-11 15:30:00 - __main__ - INFO - Val:   loss 2.5911 acc1 52.74%
2026-04-11 15:30:00 - __main__ - INFO - 
Epoch 73/100 | lr 0.019954
2026-04-11 15:30:48 - __main__ - INFO - Train: loss 0.0125 acc1 99.90%
2026-04-11 15:30:48 - __main__ - INFO - Val:   loss 2.5773 acc1 53.35%
2026-04-11 15:30:48 - __main__ - INFO - saved best: 53.35%
2026-04-11 15:30:48 - __main__ - INFO - 
Epoch 74/100 | lr 0.018649
2026-04-11 15:31:36 - __main__ - INFO - Train: loss 0.0113 acc1 99.93%
2026-04-11 15:31:36 - __main__ - INFO - Val:   loss 2.5523 acc1 53.04%
2026-04-11 15:31:36 - __main__ - INFO - 
Epoch 75/100 | lr 0.017379
2026-04-11 15:32:24 - __main__ - INFO - Train: loss 0.0101 acc1 99.94%
2026-04-11 15:32:24 - __main__ - INFO - Val:   loss 2.5324 acc1 53.31%
2026-04-11 15:32:24 - __main__ - INFO - 
Epoch 76/100 | lr 0.016144
2026-04-11 15:33:13 - __main__ - INFO - Train: loss 0.0095 acc1 99.95%
2026-04-11 15:33:13 - __main__ - INFO - Val:   loss 2.5110 acc1 53.42%
2026-04-11 15:33:13 - __main__ - INFO - saved best: 53.42%
2026-04-11 15:33:13 - __main__ - INFO - 
Epoch 77/100 | lr 0.014947
2026-04-11 15:34:01 - __main__ - INFO - Train: loss 0.0089 acc1 99.97%
2026-04-11 15:34:01 - __main__ - INFO - Val:   loss 2.4899 acc1 53.65%
2026-04-11 15:34:01 - __main__ - INFO - saved best: 53.65%
2026-04-11 15:34:01 - __main__ - INFO - 
Epoch 78/100 | lr 0.013787
2026-04-11 15:34:49 - __main__ - INFO - Train: loss 0.0085 acc1 99.97%
2026-04-11 15:34:49 - __main__ - INFO - Val:   loss 2.4894 acc1 53.52%
2026-04-11 15:34:49 - __main__ - INFO - 
Epoch 79/100 | lr 0.012668
2026-04-11 15:35:38 - __main__ - INFO - Train: loss 0.0081 acc1 99.96%
2026-04-11 15:35:38 - __main__ - INFO - Val:   loss 2.4716 acc1 53.95%
2026-04-11 15:35:38 - __main__ - INFO - saved best: 53.95%
2026-04-11 15:35:38 - __main__ - INFO - 
Epoch 80/100 | lr 0.011589
2026-04-11 15:36:26 - __main__ - INFO - Train: loss 0.0080 acc1 99.96%
2026-04-11 15:36:26 - __main__ - INFO - Val:   loss 2.4647 acc1 53.64%
2026-04-11 15:36:26 - __main__ - INFO - 
Epoch 81/100 | lr 0.010552
2026-04-11 15:37:14 - __main__ - INFO - Train: loss 0.0081 acc1 99.96%
2026-04-11 15:37:14 - __main__ - INFO - Val:   loss 2.4470 acc1 53.79%
2026-04-11 15:37:14 - __main__ - INFO - 
Epoch 82/100 | lr 0.009558
2026-04-11 15:38:01 - __main__ - INFO - Train: loss 0.0075 acc1 99.97%
2026-04-11 15:38:01 - __main__ - INFO - Val:   loss 2.4415 acc1 53.82%
2026-04-11 15:38:01 - __main__ - INFO - 
Epoch 83/100 | lr 0.008609
2026-04-11 15:38:49 - __main__ - INFO - Train: loss 0.0074 acc1 99.97%
2026-04-11 15:38:49 - __main__ - INFO - Val:   loss 2.4310 acc1 53.46%
2026-04-11 15:38:49 - __main__ - INFO - 
Epoch 84/100 | lr 0.007704
2026-04-11 15:39:38 - __main__ - INFO - Train: loss 0.0075 acc1 99.97%
2026-04-11 15:39:38 - __main__ - INFO - Val:   loss 2.4292 acc1 53.95%
2026-04-11 15:39:38 - __main__ - INFO - 
Epoch 85/100 | lr 0.006846
2026-04-11 15:40:26 - __main__ - INFO - Train: loss 0.0073 acc1 99.97%
2026-04-11 15:40:26 - __main__ - INFO - Val:   loss 2.4195 acc1 53.65%
2026-04-11 15:40:26 - __main__ - INFO - 
Epoch 86/100 | lr 0.006036
2026-04-11 15:41:14 - __main__ - INFO - Train: loss 0.0071 acc1 99.97%
2026-04-11 15:41:14 - __main__ - INFO - Val:   loss 2.4149 acc1 53.72%
2026-04-11 15:41:14 - __main__ - INFO - 
Epoch 87/100 | lr 0.005273
2026-04-11 15:42:02 - __main__ - INFO - Train: loss 0.0072 acc1 99.97%
2026-04-11 15:42:02 - __main__ - INFO - Val:   loss 2.4076 acc1 53.85%
2026-04-11 15:42:02 - __main__ - INFO - 
Epoch 88/100 | lr 0.004559
2026-04-11 15:42:50 - __main__ - INFO - Train: loss 0.0069 acc1 99.98%
2026-04-11 15:42:50 - __main__ - INFO - Val:   loss 2.4102 acc1 54.08%
2026-04-11 15:42:50 - __main__ - INFO - saved best: 54.08%
2026-04-11 15:42:50 - __main__ - INFO - 
Epoch 89/100 | lr 0.003895
2026-04-11 15:43:38 - __main__ - INFO - Train: loss 0.0068 acc1 99.97%
2026-04-11 15:43:38 - __main__ - INFO - Val:   loss 2.4067 acc1 53.95%
2026-04-11 15:43:38 - __main__ - INFO - 
Epoch 90/100 | lr 0.003281
2026-04-11 15:44:26 - __main__ - INFO - Train: loss 0.0068 acc1 99.97%
2026-04-11 15:44:26 - __main__ - INFO - Val:   loss 2.4002 acc1 54.17%
2026-04-11 15:44:26 - __main__ - INFO - saved best: 54.17%
2026-04-11 15:44:26 - __main__ - INFO - 
Epoch 91/100 | lr 0.002719
2026-04-11 15:45:14 - __main__ - INFO - Train: loss 0.0066 acc1 99.99%
2026-04-11 15:45:14 - __main__ - INFO - Val:   loss 2.3936 acc1 53.97%
2026-04-11 15:45:14 - __main__ - INFO - 
Epoch 92/100 | lr 0.002208
2026-04-11 15:46:02 - __main__ - INFO - Train: loss 0.0068 acc1 99.97%
2026-04-11 15:46:02 - __main__ - INFO - Val:   loss 2.3959 acc1 54.06%
2026-04-11 15:46:02 - __main__ - INFO - 
Epoch 93/100 | lr 0.001749
2026-04-11 15:46:51 - __main__ - INFO - Train: loss 0.0065 acc1 99.99%
2026-04-11 15:46:51 - __main__ - INFO - Val:   loss 2.3908 acc1 53.93%
2026-04-11 15:46:51 - __main__ - INFO - 
Epoch 94/100 | lr 0.001344
2026-04-11 15:47:39 - __main__ - INFO - Train: loss 0.0067 acc1 99.97%
2026-04-11 15:47:39 - __main__ - INFO - Val:   loss 2.3879 acc1 54.04%
2026-04-11 15:47:39 - __main__ - INFO - 
Epoch 95/100 | lr 0.000991
2026-04-11 15:48:27 - __main__ - INFO - Train: loss 0.0067 acc1 99.97%
2026-04-11 15:48:27 - __main__ - INFO - Val:   loss 2.3923 acc1 54.24%
2026-04-11 15:48:27 - __main__ - INFO - saved best: 54.24%
2026-04-11 15:48:27 - __main__ - INFO - 
Epoch 96/100 | lr 0.000692
2026-04-11 15:49:15 - __main__ - INFO - Train: loss 0.0065 acc1 99.98%
2026-04-11 15:49:15 - __main__ - INFO - Val:   loss 2.3956 acc1 53.98%
2026-04-11 15:49:15 - __main__ - INFO - 
Epoch 97/100 | lr 0.000447
2026-04-11 15:50:02 - __main__ - INFO - Train: loss 0.0067 acc1 99.97%
2026-04-11 15:50:02 - __main__ - INFO - Val:   loss 2.3930 acc1 53.90%
2026-04-11 15:50:02 - __main__ - INFO - 
Epoch 98/100 | lr 0.000256
2026-04-11 15:50:50 - __main__ - INFO - Train: loss 0.0066 acc1 99.98%
2026-04-11 15:50:50 - __main__ - INFO - Val:   loss 2.3909 acc1 54.16%
2026-04-11 15:50:50 - __main__ - INFO - 
Epoch 99/100 | lr 0.000119
2026-04-11 15:51:38 - __main__ - INFO - Train: loss 0.0065 acc1 99.98%
2026-04-11 15:51:38 - __main__ - INFO - Val:   loss 2.3902 acc1 54.06%
2026-04-11 15:51:38 - __main__ - INFO - 
Epoch 100/100 | lr 0.000037
2026-04-11 15:52:26 - __main__ - INFO - Train: loss 0.0067 acc1 99.97%
2026-04-11 15:52:26 - __main__ - INFO - Val:   loss 2.3877 acc1 54.05%
2026-04-11 15:52:26 - __main__ - INFO - Loaded best checkpoint weights for final test evaluation.
2026-04-11 15:52:30 - __main__ - INFO - 
Best tracked (val): 54.24%
2026-04-11 15:52:30 - __main__ - INFO - Final test: loss 2.4427 acc1 53.54%
2026-04-11 15:52:35 - __main__ - INFO - Variant [original] done — test acc 53.54%, test loss 2.4427
2026-04-11 15:52:35 - __main__ - INFO - 
============================================================
2026-04-11 15:52:35 - __main__ - INFO - Training output model: densenet121 [low_saliency]
2026-04-11 15:52:35 - __main__ - INFO -   Resolved config → opt=sgd, lr=0.1, wd=0.0001, bs=128, epochs=100, scheduler=cosine, warmup=5
2026-04-11 15:52:35 - __main__ - INFO - ============================================================
2026-04-11 15:52:35 - __main__ - INFO -   Validation during training uses variant split with val_split=0.1
2026-04-11 15:52:35 - __main__ - INFO -   Final test uses low_saliency variant test split
2026-04-11 15:52:36 - __main__ - INFO - device: cuda | cuda: True | gpu: NVIDIA L4
2026-04-11 15:52:36 - __main__ - INFO - Model: densenet121 | Dataset: tiny_imagenet | Classes: 200 | Optimizer: sgd
2026-04-11 15:52:36 - __main__ - INFO - 
Epoch 1/100 | lr 0.000100
2026-04-11 15:53:25 - __main__ - INFO - Train: loss 5.3110 acc1 0.64%
2026-04-11 15:53:25 - __main__ - INFO - Val:   loss 5.2906 acc1 0.87%
2026-04-11 15:53:25 - __main__ - INFO - saved best: 0.87%
2026-04-11 15:53:25 - __main__ - INFO - 
Epoch 2/100 | lr 0.020080
2026-04-11 15:54:12 - __main__ - INFO - Train: loss 4.4202 acc1 8.77%
2026-04-11 15:54:12 - __main__ - INFO - Val:   loss 3.8530 acc1 15.69%
2026-04-11 15:54:12 - __main__ - INFO - saved best: 15.69%
2026-04-11 15:54:12 - __main__ - INFO - 
Epoch 3/100 | lr 0.040060
2026-04-11 15:55:00 - __main__ - INFO - Train: loss 3.6501 acc1 18.58%
2026-04-11 15:55:00 - __main__ - INFO - Val:   loss 3.3434 acc1 23.39%
2026-04-11 15:55:00 - __main__ - INFO - saved best: 23.39%
2026-04-11 15:55:00 - __main__ - INFO - 
Epoch 4/100 | lr 0.060040
2026-04-11 15:55:49 - __main__ - INFO - Train: loss 3.2043 acc1 26.00%
2026-04-11 15:55:49 - __main__ - INFO - Val:   loss 3.1064 acc1 27.85%
2026-04-11 15:55:49 - __main__ - INFO - saved best: 27.85%
2026-04-11 15:55:49 - __main__ - INFO - 
Epoch 5/100 | lr 0.080020
2026-04-11 15:56:37 - __main__ - INFO - Train: loss 2.8731 acc1 31.79%
2026-04-11 15:56:37 - __main__ - INFO - Val:   loss 2.7916 acc1 33.02%
2026-04-11 15:56:37 - __main__ - INFO - saved best: 33.02%
2026-04-11 15:56:37 - __main__ - INFO - 
Epoch 6/100 | lr 0.100000
2026-04-11 15:57:25 - __main__ - INFO - Train: loss 2.6327 acc1 36.21%
2026-04-11 15:57:25 - __main__ - INFO - Val:   loss 2.6783 acc1 35.83%
2026-04-11 15:57:25 - __main__ - INFO - saved best: 35.83%
2026-04-11 15:57:25 - __main__ - INFO - 
Epoch 7/100 | lr 0.099973
2026-04-11 15:58:13 - __main__ - INFO - Train: loss 2.3758 acc1 41.14%
2026-04-11 15:58:13 - __main__ - INFO - Val:   loss 2.4496 acc1 40.67%
2026-04-11 15:58:13 - __main__ - INFO - saved best: 40.67%
2026-04-11 15:58:13 - __main__ - INFO - 
Epoch 8/100 | lr 0.099891
2026-04-11 15:59:01 - __main__ - INFO - Train: loss 2.1847 acc1 45.36%
2026-04-11 15:59:01 - __main__ - INFO - Val:   loss 2.3977 acc1 41.55%
2026-04-11 15:59:01 - __main__ - INFO - saved best: 41.55%
2026-04-11 15:59:01 - __main__ - INFO - 
Epoch 9/100 | lr 0.099754
2026-04-11 15:59:50 - __main__ - INFO - Train: loss 2.0402 acc1 48.40%
2026-04-11 15:59:50 - __main__ - INFO - Val:   loss 2.2373 acc1 44.82%
2026-04-11 15:59:50 - __main__ - INFO - saved best: 44.82%
2026-04-11 15:59:50 - __main__ - INFO - 
Epoch 10/100 | lr 0.099563
2026-04-11 16:00:37 - __main__ - INFO - Train: loss 1.9206 acc1 50.78%
2026-04-11 16:00:37 - __main__ - INFO - Val:   loss 2.2083 acc1 45.49%
2026-04-11 16:00:37 - __main__ - INFO - saved best: 45.49%
2026-04-11 16:00:37 - __main__ - INFO - 
Epoch 11/100 | lr 0.099318
2026-04-11 16:01:25 - __main__ - INFO - Train: loss 1.8104 acc1 53.10%
2026-04-11 16:01:25 - __main__ - INFO - Val:   loss 2.1552 acc1 46.66%
2026-04-11 16:01:25 - __main__ - INFO - saved best: 46.66%
2026-04-11 16:01:25 - __main__ - INFO - 
Epoch 12/100 | lr 0.099019
2026-04-11 16:02:13 - __main__ - INFO - Train: loss 1.7247 acc1 54.78%
2026-04-11 16:02:13 - __main__ - INFO - Val:   loss 2.1613 acc1 46.44%
2026-04-11 16:02:13 - __main__ - INFO - 
Epoch 13/100 | lr 0.098666
2026-04-11 16:03:01 - __main__ - INFO - Train: loss 1.6327 acc1 57.03%
2026-04-11 16:03:01 - __main__ - INFO - Val:   loss 2.0935 acc1 48.71%
2026-04-11 16:03:01 - __main__ - INFO - saved best: 48.71%
2026-04-11 16:03:01 - __main__ - INFO - 
Epoch 14/100 | lr 0.098261
2026-04-11 16:03:49 - __main__ - INFO - Train: loss 1.5579 acc1 58.63%
2026-04-11 16:03:49 - __main__ - INFO - Val:   loss 2.1168 acc1 48.32%
2026-04-11 16:03:49 - __main__ - INFO - 
Epoch 15/100 | lr 0.097802
2026-04-11 16:04:39 - __main__ - INFO - Train: loss 1.4903 acc1 60.00%
2026-04-11 16:04:39 - __main__ - INFO - Val:   loss 2.1593 acc1 47.99%
2026-04-11 16:04:39 - __main__ - INFO - 
Epoch 16/100 | lr 0.097291
2026-04-11 16:05:27 - __main__ - INFO - Train: loss 1.4307 acc1 61.48%
2026-04-11 16:05:27 - __main__ - INFO - Val:   loss 2.0993 acc1 49.49%
2026-04-11 16:05:27 - __main__ - INFO - saved best: 49.49%
2026-04-11 16:05:27 - __main__ - INFO - 
Epoch 17/100 | lr 0.096729
2026-04-11 16:06:15 - __main__ - INFO - Train: loss 1.3671 acc1 62.79%
2026-04-11 16:06:15 - __main__ - INFO - Val:   loss 2.1116 acc1 50.11%
2026-04-11 16:06:15 - __main__ - INFO - saved best: 50.11%
2026-04-11 16:06:15 - __main__ - INFO - 
Epoch 18/100 | lr 0.096115
2026-04-11 16:07:03 - __main__ - INFO - Train: loss 1.3139 acc1 63.93%
2026-04-11 16:07:03 - __main__ - INFO - Val:   loss 2.0565 acc1 50.49%
2026-04-11 16:07:03 - __main__ - INFO - saved best: 50.49%
2026-04-11 16:07:03 - __main__ - INFO - 
Epoch 19/100 | lr 0.095451
2026-04-11 16:07:51 - __main__ - INFO - Train: loss 1.2631 acc1 65.21%
2026-04-11 16:07:51 - __main__ - INFO - Val:   loss 2.0656 acc1 50.85%
2026-04-11 16:07:51 - __main__ - INFO - saved best: 50.85%
2026-04-11 16:07:51 - __main__ - INFO - 
Epoch 20/100 | lr 0.094737
2026-04-11 16:08:39 - __main__ - INFO - Train: loss 1.2108 acc1 66.49%
2026-04-11 16:08:39 - __main__ - INFO - Val:   loss 2.0900 acc1 50.31%
2026-04-11 16:08:39 - __main__ - INFO - 
Epoch 21/100 | lr 0.093974
2026-04-11 16:09:27 - __main__ - INFO - Train: loss 1.1689 acc1 67.42%
2026-04-11 16:09:27 - __main__ - INFO - Val:   loss 2.1189 acc1 51.12%
2026-04-11 16:09:27 - __main__ - INFO - saved best: 51.12%
2026-04-11 16:09:27 - __main__ - INFO - 
Epoch 22/100 | lr 0.093164
2026-04-11 16:10:15 - __main__ - INFO - Train: loss 1.1154 acc1 68.67%
2026-04-11 16:10:15 - __main__ - INFO - Val:   loss 2.1668 acc1 49.76%
2026-04-11 16:10:15 - __main__ - INFO - 
Epoch 23/100 | lr 0.092306
2026-04-11 16:11:03 - __main__ - INFO - Train: loss 1.0806 acc1 69.47%
2026-04-11 16:11:03 - __main__ - INFO - Val:   loss 2.1512 acc1 50.29%
2026-04-11 16:11:03 - __main__ - INFO - 
Epoch 24/100 | lr 0.091401
2026-04-11 16:11:51 - __main__ - INFO - Train: loss 1.0343 acc1 70.56%
2026-04-11 16:11:51 - __main__ - INFO - Val:   loss 2.1555 acc1 50.54%
2026-04-11 16:11:51 - __main__ - INFO - 
Epoch 25/100 | lr 0.090452
2026-04-11 16:12:39 - __main__ - INFO - Train: loss 0.9955 acc1 71.48%
2026-04-11 16:12:39 - __main__ - INFO - Val:   loss 2.1488 acc1 51.50%
2026-04-11 16:12:40 - __main__ - INFO - saved best: 51.50%
2026-04-11 16:12:40 - __main__ - INFO - 
Epoch 26/100 | lr 0.089458
2026-04-11 16:13:28 - __main__ - INFO - Train: loss 0.9693 acc1 72.13%
2026-04-11 16:13:28 - __main__ - INFO - Val:   loss 2.1719 acc1 50.41%
2026-04-11 16:13:28 - __main__ - INFO - 
Epoch 27/100 | lr 0.088421
2026-04-11 16:14:16 - __main__ - INFO - Train: loss 0.9206 acc1 73.26%
2026-04-11 16:14:16 - __main__ - INFO - Val:   loss 2.1883 acc1 50.74%
2026-04-11 16:14:16 - __main__ - INFO - 
Epoch 28/100 | lr 0.087342
2026-04-11 16:15:04 - __main__ - INFO - Train: loss 0.8987 acc1 73.95%
2026-04-11 16:15:04 - __main__ - INFO - Val:   loss 2.1497 acc1 51.86%
2026-04-11 16:15:04 - __main__ - INFO - saved best: 51.86%
2026-04-11 16:15:04 - __main__ - INFO - 
Epoch 29/100 | lr 0.086223
2026-04-11 16:15:52 - __main__ - INFO - Train: loss 0.8646 acc1 74.57%
2026-04-11 16:15:52 - __main__ - INFO - Val:   loss 2.1994 acc1 51.29%
2026-04-11 16:15:52 - __main__ - INFO - 
Epoch 30/100 | lr 0.085063
2026-04-11 16:16:40 - __main__ - INFO - Train: loss 0.8199 acc1 75.84%
2026-04-11 16:16:40 - __main__ - INFO - Val:   loss 2.1753 acc1 51.91%
2026-04-11 16:16:40 - __main__ - INFO - saved best: 51.91%
2026-04-11 16:16:40 - __main__ - INFO - 
Epoch 31/100 | lr 0.083866
2026-04-11 16:17:28 - __main__ - INFO - Train: loss 0.7995 acc1 76.28%
2026-04-11 16:17:28 - __main__ - INFO - Val:   loss 2.1578 acc1 52.37%
2026-04-11 16:17:28 - __main__ - INFO - saved best: 52.37%
2026-04-11 16:17:28 - __main__ - INFO - 
Epoch 32/100 | lr 0.082631
2026-04-11 16:18:17 - __main__ - INFO - Train: loss 0.7639 acc1 77.14%
2026-04-11 16:18:17 - __main__ - INFO - Val:   loss 2.2480 acc1 51.65%
2026-04-11 16:18:17 - __main__ - INFO - 
Epoch 33/100 | lr 0.081361
2026-04-11 16:19:05 - __main__ - INFO - Train: loss 0.7399 acc1 77.97%
2026-04-11 16:19:05 - __main__ - INFO - Val:   loss 2.2131 acc1 52.37%
2026-04-11 16:19:05 - __main__ - INFO - saved best: 52.37%
2026-04-11 16:19:05 - __main__ - INFO - 
Epoch 34/100 | lr 0.080056
2026-04-11 16:19:54 - __main__ - INFO - Train: loss 0.7028 acc1 78.88%
2026-04-11 16:19:54 - __main__ - INFO - Val:   loss 2.4170 acc1 49.68%
2026-04-11 16:19:54 - __main__ - INFO - 
Epoch 35/100 | lr 0.078719
2026-04-11 16:20:42 - __main__ - INFO - Train: loss 0.6784 acc1 79.55%
2026-04-11 16:20:42 - __main__ - INFO - Val:   loss 2.2751 acc1 51.69%
2026-04-11 16:20:42 - __main__ - INFO - 
Epoch 36/100 | lr 0.077350
2026-04-11 16:21:30 - __main__ - INFO - Train: loss 0.6550 acc1 80.27%
2026-04-11 16:21:30 - __main__ - INFO - Val:   loss 2.4029 acc1 49.78%
2026-04-11 16:21:30 - __main__ - INFO - 
Epoch 37/100 | lr 0.075951
2026-04-11 16:22:18 - __main__ - INFO - Train: loss 0.6240 acc1 81.26%
2026-04-11 16:22:18 - __main__ - INFO - Val:   loss 2.3069 acc1 52.12%
2026-04-11 16:22:18 - __main__ - INFO - 
Epoch 38/100 | lr 0.074524
2026-04-11 16:23:07 - __main__ - INFO - Train: loss 0.6013 acc1 81.79%
2026-04-11 16:23:07 - __main__ - INFO - Val:   loss 2.3015 acc1 51.81%
2026-04-11 16:23:07 - __main__ - INFO - 
Epoch 39/100 | lr 0.073070
2026-04-11 16:23:55 - __main__ - INFO - Train: loss 0.5840 acc1 82.32%
2026-04-11 16:23:55 - __main__ - INFO - Val:   loss 2.3148 acc1 52.24%
2026-04-11 16:23:55 - __main__ - INFO - 
Epoch 40/100 | lr 0.071591
2026-04-11 16:24:44 - __main__ - INFO - Train: loss 0.5404 acc1 83.72%
2026-04-11 16:24:44 - __main__ - INFO - Val:   loss 2.2777 acc1 52.71%
2026-04-11 16:24:44 - __main__ - INFO - saved best: 52.71%
2026-04-11 16:24:44 - __main__ - INFO - 
Epoch 41/100 | lr 0.070088
2026-04-11 16:25:32 - __main__ - INFO - Train: loss 0.5279 acc1 83.91%
2026-04-11 16:25:32 - __main__ - INFO - Val:   loss 2.3224 acc1 52.39%
2026-04-11 16:25:32 - __main__ - INFO - 
Epoch 42/100 | lr 0.068563
2026-04-11 16:26:20 - __main__ - INFO - Train: loss 0.5028 acc1 84.58%
2026-04-11 16:26:20 - __main__ - INFO - Val:   loss 2.2760 acc1 52.96%
2026-04-11 16:26:20 - __main__ - INFO - saved best: 52.96%
2026-04-11 16:26:20 - __main__ - INFO - 
Epoch 43/100 | lr 0.067018
2026-04-11 16:27:08 - __main__ - INFO - Train: loss 0.4705 acc1 85.56%
2026-04-11 16:27:08 - __main__ - INFO - Val:   loss 2.2896 acc1 53.82%
2026-04-11 16:27:08 - __main__ - INFO - saved best: 53.82%
2026-04-11 16:27:08 - __main__ - INFO - 
Epoch 44/100 | lr 0.065454
2026-04-11 16:27:56 - __main__ - INFO - Train: loss 0.4528 acc1 86.11%
2026-04-11 16:27:56 - __main__ - INFO - Val:   loss 2.5746 acc1 49.12%
2026-04-11 16:27:56 - __main__ - INFO - 
Epoch 45/100 | lr 0.063874
2026-04-11 16:28:44 - __main__ - INFO - Train: loss 0.4257 acc1 86.81%
2026-04-11 16:28:44 - __main__ - INFO - Val:   loss 2.3927 acc1 52.83%
2026-04-11 16:28:44 - __main__ - INFO - 
Epoch 46/100 | lr 0.062278
2026-04-11 16:29:32 - __main__ - INFO - Train: loss 0.4163 acc1 87.19%
2026-04-11 16:29:32 - __main__ - INFO - Val:   loss 2.3505 acc1 53.24%
2026-04-11 16:29:32 - __main__ - INFO - 
Epoch 47/100 | lr 0.060669
2026-04-11 16:30:20 - __main__ - INFO - Train: loss 0.3754 acc1 88.48%
2026-04-11 16:30:20 - __main__ - INFO - Val:   loss 2.4171 acc1 51.69%
2026-04-11 16:30:20 - __main__ - INFO - 
Epoch 48/100 | lr 0.059048
2026-04-11 16:31:08 - __main__ - INFO - Train: loss 0.3681 acc1 88.69%
2026-04-11 16:31:08 - __main__ - INFO - Val:   loss 2.3716 acc1 52.49%
2026-04-11 16:31:08 - __main__ - INFO - 
Epoch 49/100 | lr 0.057417
2026-04-11 16:31:56 - __main__ - INFO - Train: loss 0.3466 acc1 89.35%
2026-04-11 16:31:56 - __main__ - INFO - Val:   loss 2.3171 acc1 54.10%
2026-04-11 16:31:56 - __main__ - INFO - saved best: 54.10%
2026-04-11 16:31:56 - __main__ - INFO - 
Epoch 50/100 | lr 0.055779
2026-04-11 16:32:45 - __main__ - INFO - Train: loss 0.3321 acc1 89.80%
2026-04-11 16:32:45 - __main__ - INFO - Val:   loss 2.3828 acc1 53.47%
2026-04-11 16:32:45 - __main__ - INFO - 
Epoch 51/100 | lr 0.054134
2026-04-11 16:33:32 - __main__ - INFO - Train: loss 0.3043 acc1 90.79%
2026-04-11 16:33:32 - __main__ - INFO - Val:   loss 2.4178 acc1 53.05%
2026-04-11 16:33:32 - __main__ - INFO - 
Epoch 52/100 | lr 0.052484
2026-04-11 16:34:20 - __main__ - INFO - Train: loss 0.2777 acc1 91.61%
2026-04-11 16:34:20 - __main__ - INFO - Val:   loss 2.3589 acc1 53.45%
2026-04-11 16:34:20 - __main__ - INFO - 
Epoch 53/100 | lr 0.050832
2026-04-11 16:35:08 - __main__ - INFO - Train: loss 0.2465 acc1 92.53%
2026-04-11 16:35:08 - __main__ - INFO - Val:   loss 2.6256 acc1 51.75%
2026-04-11 16:35:08 - __main__ - INFO - 
Epoch 54/100 | lr 0.049178
2026-04-11 16:35:57 - __main__ - INFO - Train: loss 0.2394 acc1 92.72%
2026-04-11 16:35:57 - __main__ - INFO - Val:   loss 2.3824 acc1 54.02%
2026-04-11 16:35:57 - __main__ - INFO - 
Epoch 55/100 | lr 0.047526
2026-04-11 16:36:44 - __main__ - INFO - Train: loss 0.2220 acc1 93.36%
2026-04-11 16:36:44 - __main__ - INFO - Val:   loss 2.4132 acc1 54.27%
2026-04-11 16:36:44 - __main__ - INFO - saved best: 54.27%
2026-04-11 16:36:44 - __main__ - INFO - 
Epoch 56/100 | lr 0.045876
2026-04-11 16:37:32 - __main__ - INFO - Train: loss 0.2023 acc1 93.95%
2026-04-11 16:37:32 - __main__ - INFO - Val:   loss 2.3419 acc1 54.74%
2026-04-11 16:37:32 - __main__ - INFO - saved best: 54.74%
2026-04-11 16:37:32 - __main__ - INFO - 
Epoch 57/100 | lr 0.044231
2026-04-11 16:38:20 - __main__ - INFO - Train: loss 0.1745 acc1 94.89%
2026-04-11 16:38:20 - __main__ - INFO - Val:   loss 2.3326 acc1 54.74%
2026-04-11 16:38:20 - __main__ - INFO - 
Epoch 58/100 | lr 0.042593
2026-04-11 16:39:08 - __main__ - INFO - Train: loss 0.1598 acc1 95.38%
2026-04-11 16:39:08 - __main__ - INFO - Val:   loss 2.3724 acc1 54.87%
2026-04-11 16:39:08 - __main__ - INFO - saved best: 54.87%
2026-04-11 16:39:08 - __main__ - INFO - 
Epoch 59/100 | lr 0.040962
2026-04-11 16:39:56 - __main__ - INFO - Train: loss 0.1394 acc1 96.16%
2026-04-11 16:39:56 - __main__ - INFO - Val:   loss 2.3592 acc1 55.39%
2026-04-11 16:39:56 - __main__ - INFO - saved best: 55.39%
2026-04-11 16:39:56 - __main__ - INFO - 
Epoch 60/100 | lr 0.039341
2026-04-11 16:40:44 - __main__ - INFO - Train: loss 0.1202 acc1 96.69%
2026-04-11 16:40:44 - __main__ - INFO - Val:   loss 2.2798 acc1 56.28%
2026-04-11 16:40:44 - __main__ - INFO - saved best: 56.28%
2026-04-11 16:40:44 - __main__ - INFO - 
Epoch 61/100 | lr 0.037732
2026-04-11 16:41:32 - __main__ - INFO - Train: loss 0.1019 acc1 97.29%
2026-04-11 16:41:32 - __main__ - INFO - Val:   loss 2.3315 acc1 55.79%
2026-04-11 16:41:32 - __main__ - INFO - 
Epoch 62/100 | lr 0.036136
2026-04-11 16:42:21 - __main__ - INFO - Train: loss 0.0920 acc1 97.60%
2026-04-11 16:42:21 - __main__ - INFO - Val:   loss 2.2569 acc1 57.02%
2026-04-11 16:42:21 - __main__ - INFO - saved best: 57.02%
2026-04-11 16:42:21 - __main__ - INFO - 
Epoch 63/100 | lr 0.034556
2026-04-11 16:43:08 - __main__ - INFO - Train: loss 0.0752 acc1 98.17%
2026-04-11 16:43:08 - __main__ - INFO - Val:   loss 2.2761 acc1 56.69%
2026-04-11 16:43:08 - __main__ - INFO - 
Epoch 64/100 | lr 0.032992
2026-04-11 16:43:56 - __main__ - INFO - Train: loss 0.0619 acc1 98.63%
2026-04-11 16:43:56 - __main__ - INFO - Val:   loss 2.2017 acc1 57.31%
2026-04-11 16:43:57 - __main__ - INFO - saved best: 57.31%
2026-04-11 16:43:57 - __main__ - INFO - 
Epoch 65/100 | lr 0.031447
2026-04-11 16:44:45 - __main__ - INFO - Train: loss 0.0485 acc1 98.96%
2026-04-11 16:44:45 - __main__ - INFO - Val:   loss 2.1852 acc1 58.00%
2026-04-11 16:44:45 - __main__ - INFO - saved best: 58.00%
2026-04-11 16:44:45 - __main__ - INFO - 
Epoch 66/100 | lr 0.029922
2026-04-11 16:45:33 - __main__ - INFO - Train: loss 0.0405 acc1 99.22%
2026-04-11 16:45:33 - __main__ - INFO - Val:   loss 2.1280 acc1 58.85%
2026-04-11 16:45:33 - __main__ - INFO - saved best: 58.85%
2026-04-11 16:45:33 - __main__ - INFO - 
Epoch 67/100 | lr 0.028419
2026-04-11 16:46:20 - __main__ - INFO - Train: loss 0.0375 acc1 99.29%
2026-04-11 16:46:20 - __main__ - INFO - Val:   loss 2.1140 acc1 58.80%
2026-04-11 16:46:20 - __main__ - INFO - 
Epoch 68/100 | lr 0.026940
2026-04-11 16:47:09 - __main__ - INFO - Train: loss 0.0291 acc1 99.52%
2026-04-11 16:47:09 - __main__ - INFO - Val:   loss 2.0898 acc1 59.10%
2026-04-11 16:47:09 - __main__ - INFO - saved best: 59.10%
2026-04-11 16:47:09 - __main__ - INFO - 
Epoch 69/100 | lr 0.025486
2026-04-11 16:47:57 - __main__ - INFO - Train: loss 0.0229 acc1 99.67%
2026-04-11 16:47:57 - __main__ - INFO - Val:   loss 2.0453 acc1 59.64%
2026-04-11 16:47:57 - __main__ - INFO - saved best: 59.64%
2026-04-11 16:47:57 - __main__ - INFO - 
Epoch 70/100 | lr 0.024059
2026-04-11 16:48:47 - __main__ - INFO - Train: loss 0.0197 acc1 99.76%
2026-04-11 16:48:47 - __main__ - INFO - Val:   loss 2.0377 acc1 59.78%
2026-04-11 16:48:47 - __main__ - INFO - saved best: 59.78%
2026-04-11 16:48:47 - __main__ - INFO - 
Epoch 71/100 | lr 0.022660
2026-04-11 16:49:36 - __main__ - INFO - Train: loss 0.0178 acc1 99.79%
2026-04-11 16:49:36 - __main__ - INFO - Val:   loss 2.0131 acc1 59.75%
2026-04-11 16:49:36 - __main__ - INFO - 
Epoch 72/100 | lr 0.021291
2026-04-11 16:50:25 - __main__ - INFO - Train: loss 0.0146 acc1 99.84%
2026-04-11 16:50:25 - __main__ - INFO - Val:   loss 1.9919 acc1 59.80%
2026-04-11 16:50:25 - __main__ - INFO - saved best: 59.80%
2026-04-11 16:50:25 - __main__ - INFO - 
Epoch 73/100 | lr 0.019954
2026-04-11 16:51:13 - __main__ - INFO - Train: loss 0.0139 acc1 99.84%
2026-04-11 16:51:13 - __main__ - INFO - Val:   loss 1.9899 acc1 60.01%
2026-04-11 16:51:13 - __main__ - INFO - saved best: 60.01%
2026-04-11 16:51:13 - __main__ - INFO - 
Epoch 74/100 | lr 0.018649
2026-04-11 16:52:02 - __main__ - INFO - Train: loss 0.0123 acc1 99.90%
2026-04-11 16:52:02 - __main__ - INFO - Val:   loss 1.9642 acc1 60.01%
2026-04-11 16:52:02 - __main__ - INFO - 
Epoch 75/100 | lr 0.017379
2026-04-11 16:52:50 - __main__ - INFO - Train: loss 0.0110 acc1 99.91%
2026-04-11 16:52:50 - __main__ - INFO - Val:   loss 1.9609 acc1 60.05%
2026-04-11 16:52:50 - __main__ - INFO - saved best: 60.05%
2026-04-11 16:52:50 - __main__ - INFO - 
Epoch 76/100 | lr 0.016144
2026-04-11 16:53:38 - __main__ - INFO - Train: loss 0.0102 acc1 99.93%
2026-04-11 16:53:38 - __main__ - INFO - Val:   loss 1.9412 acc1 60.70%
2026-04-11 16:53:38 - __main__ - INFO - saved best: 60.70%
2026-04-11 16:53:38 - __main__ - INFO - 
Epoch 77/100 | lr 0.014947
2026-04-11 16:54:26 - __main__ - INFO - Train: loss 0.0093 acc1 99.94%
2026-04-11 16:54:26 - __main__ - INFO - Val:   loss 1.9239 acc1 60.98%
2026-04-11 16:54:26 - __main__ - INFO - saved best: 60.98%
2026-04-11 16:54:26 - __main__ - INFO - 
Epoch 78/100 | lr 0.013787
2026-04-11 16:55:14 - __main__ - INFO - Train: loss 0.0087 acc1 99.95%
2026-04-11 16:55:14 - __main__ - INFO - Val:   loss 1.9256 acc1 60.89%
2026-04-11 16:55:14 - __main__ - INFO - 
Epoch 79/100 | lr 0.012668
2026-04-11 16:56:02 - __main__ - INFO - Train: loss 0.0084 acc1 99.95%
2026-04-11 16:56:02 - __main__ - INFO - Val:   loss 1.9044 acc1 61.09%
2026-04-11 16:56:02 - __main__ - INFO - saved best: 61.09%
2026-04-11 16:56:02 - __main__ - INFO - 
Epoch 80/100 | lr 0.011589
2026-04-11 16:56:51 - __main__ - INFO - Train: loss 0.0081 acc1 99.96%
2026-04-11 16:56:51 - __main__ - INFO - Val:   loss 1.8867 acc1 61.23%
2026-04-11 16:56:51 - __main__ - INFO - saved best: 61.23%
2026-04-11 16:56:51 - __main__ - INFO - 
Epoch 81/100 | lr 0.010552
2026-04-11 16:57:39 - __main__ - INFO - Train: loss 0.0079 acc1 99.94%
2026-04-11 16:57:39 - __main__ - INFO - Val:   loss 1.8756 acc1 61.70%
2026-04-11 16:57:39 - __main__ - INFO - saved best: 61.70%
2026-04-11 16:57:39 - __main__ - INFO - 
Epoch 82/100 | lr 0.009558
2026-04-11 16:58:28 - __main__ - INFO - Train: loss 0.0077 acc1 99.96%
2026-04-11 16:58:28 - __main__ - INFO - Val:   loss 1.8749 acc1 61.37%
2026-04-11 16:58:28 - __main__ - INFO - 
Epoch 83/100 | lr 0.008609
2026-04-11 16:59:15 - __main__ - INFO - Train: loss 0.0075 acc1 99.96%
2026-04-11 16:59:15 - __main__ - INFO - Val:   loss 1.8710 acc1 61.64%
2026-04-11 16:59:15 - __main__ - INFO - 
Epoch 84/100 | lr 0.007704
2026-04-11 17:00:04 - __main__ - INFO - Train: loss 0.0072 acc1 99.96%
2026-04-11 17:00:04 - __main__ - INFO - Val:   loss 1.8704 acc1 61.40%
2026-04-11 17:00:04 - __main__ - INFO - 
Epoch 85/100 | lr 0.006846
2026-04-11 17:00:52 - __main__ - INFO - Train: loss 0.0071 acc1 99.97%
2026-04-11 17:00:52 - __main__ - INFO - Val:   loss 1.8674 acc1 61.33%
2026-04-11 17:00:52 - __main__ - INFO - 
Epoch 86/100 | lr 0.006036
2026-04-11 17:01:40 - __main__ - INFO - Train: loss 0.0068 acc1 99.97%
2026-04-11 17:01:40 - __main__ - INFO - Val:   loss 1.8619 acc1 61.38%
2026-04-11 17:01:40 - __main__ - INFO - 
Epoch 87/100 | lr 0.005273
2026-04-11 17:02:28 - __main__ - INFO - Train: loss 0.0068 acc1 99.97%
2026-04-11 17:02:28 - __main__ - INFO - Val:   loss 1.8590 acc1 61.51%
2026-04-11 17:02:28 - __main__ - INFO - 
Epoch 88/100 | lr 0.004559
2026-04-11 17:03:17 - __main__ - INFO - Train: loss 0.0066 acc1 99.97%
2026-04-11 17:03:17 - __main__ - INFO - Val:   loss 1.8553 acc1 61.60%
2026-04-11 17:03:17 - __main__ - INFO - 
Epoch 89/100 | lr 0.003895
2026-04-11 17:04:04 - __main__ - INFO - Train: loss 0.0065 acc1 99.98%
2026-04-11 17:04:04 - __main__ - INFO - Val:   loss 1.8500 acc1 61.57%
2026-04-11 17:04:04 - __main__ - INFO - 
Epoch 90/100 | lr 0.003281
2026-04-11 17:04:53 - __main__ - INFO - Train: loss 0.0063 acc1 99.97%
2026-04-11 17:04:53 - __main__ - INFO - Val:   loss 1.8490 acc1 61.73%
2026-04-11 17:04:53 - __main__ - INFO - saved best: 61.73%
2026-04-11 17:04:53 - __main__ - INFO - 
Epoch 91/100 | lr 0.002719
2026-04-11 17:05:41 - __main__ - INFO - Train: loss 0.0063 acc1 99.98%
2026-04-11 17:05:41 - __main__ - INFO - Val:   loss 1.8469 acc1 61.60%
2026-04-11 17:05:41 - __main__ - INFO - 
Epoch 92/100 | lr 0.002208
2026-04-11 17:06:29 - __main__ - INFO - Train: loss 0.0064 acc1 99.97%
2026-04-11 17:06:29 - __main__ - INFO - Val:   loss 1.8505 acc1 61.49%
2026-04-11 17:06:29 - __main__ - INFO - 
Epoch 93/100 | lr 0.001749
2026-04-11 17:07:17 - __main__ - INFO - Train: loss 0.0062 acc1 99.98%
2026-04-11 17:07:17 - __main__ - INFO - Val:   loss 1.8447 acc1 61.52%
2026-04-11 17:07:17 - __main__ - INFO - 
Epoch 94/100 | lr 0.001344
2026-04-11 17:08:05 - __main__ - INFO - Train: loss 0.0062 acc1 99.97%
2026-04-11 17:08:05 - __main__ - INFO - Val:   loss 1.8487 acc1 61.66%
2026-04-11 17:08:05 - __main__ - INFO - 
Epoch 95/100 | lr 0.000991
2026-04-11 17:08:53 - __main__ - INFO - Train: loss 0.0063 acc1 99.98%
2026-04-11 17:08:53 - __main__ - INFO - Val:   loss 1.8433 acc1 61.70%
2026-04-11 17:08:53 - __main__ - INFO - 
Epoch 96/100 | lr 0.000692
2026-04-11 17:09:42 - __main__ - INFO - Train: loss 0.0062 acc1 99.98%
2026-04-11 17:09:42 - __main__ - INFO - Val:   loss 1.8519 acc1 61.56%
2026-04-11 17:09:42 - __main__ - INFO - 
Epoch 97/100 | lr 0.000447
2026-04-11 17:10:30 - __main__ - INFO - Train: loss 0.0062 acc1 99.97%
2026-04-11 17:10:30 - __main__ - INFO - Val:   loss 1.8464 acc1 61.68%
2026-04-11 17:10:30 - __main__ - INFO - 
Epoch 98/100 | lr 0.000256
2026-04-11 17:11:18 - __main__ - INFO - Train: loss 0.0063 acc1 99.97%
2026-04-11 17:11:18 - __main__ - INFO - Val:   loss 1.8466 acc1 61.77%
2026-04-11 17:11:18 - __main__ - INFO - saved best: 61.77%
2026-04-11 17:11:18 - __main__ - INFO - 
Epoch 99/100 | lr 0.000119
2026-04-11 17:12:06 - __main__ - INFO - Train: loss 0.0061 acc1 99.98%
2026-04-11 17:12:06 - __main__ - INFO - Val:   loss 1.8447 acc1 61.61%
2026-04-11 17:12:06 - __main__ - INFO - 
Epoch 100/100 | lr 0.000037
2026-04-11 17:12:55 - __main__ - INFO - Train: loss 0.0062 acc1 99.98%
2026-04-11 17:12:55 - __main__ - INFO - Val:   loss 1.8444 acc1 61.81%
2026-04-11 17:12:55 - __main__ - INFO - saved best: 61.81%
2026-04-11 17:12:55 - __main__ - INFO - Loaded best checkpoint weights for final test evaluation.
2026-04-11 17:12:57 - __main__ - INFO - 
Best tracked (val): 61.81%
2026-04-11 17:12:57 - __main__ - INFO - Final test: loss 2.5721 acc1 55.93%
2026-04-11 17:13:02 - __main__ - INFO - Variant [low_saliency] done — test acc 55.93%, test loss 2.5721
2026-04-11 17:13:03 - __main__ - INFO - Saved validation comparison plot: runs/tiny_imagenet_2026_04/11/densenet121/validation_comparison_plot.png
2026-04-11 17:13:03 - __main__ - INFO - 
Starting output model sweep: vit_b_16
2026-04-11 17:13:03 - __main__ - INFO - 
============================================================
2026-04-11 17:13:03 - __main__ - INFO - Training output model: vit_b_16 [original]
2026-04-11 17:13:03 - __main__ - INFO -   Resolved config → opt=adamw, lr=0.0003, wd=0.05, bs=128, epochs=300, scheduler=cosine, warmup=20
2026-04-11 17:13:03 - __main__ - INFO - ============================================================
2026-04-11 17:13:03 - __main__ - INFO -   Validation during training uses variant split with val_split=0.1
2026-04-11 17:13:03 - __main__ - INFO -   Final test uses original test split
2026-04-11 17:13:03 - __main__ - INFO - device: cuda | cuda: True | gpu: NVIDIA L4
2026-04-11 17:13:05 - __main__ - INFO - Model: vit_b_16 | Dataset: tiny_imagenet | Classes: 200 | Optimizer: adamw
2026-04-11 17:13:05 - __main__ - INFO - 
Epoch 1/300 | lr 0.000000
2026-04-11 17:13:59 - __main__ - INFO - Train: loss 5.3306 acc1 0.93%
2026-04-11 17:13:59 - __main__ - INFO - Val:   loss 5.2457 acc1 1.52%
2026-04-11 17:13:59 - __main__ - INFO - saved best: 1.52%
2026-04-11 17:13:59 - __main__ - INFO - 
Epoch 2/300 | lr 0.000015
2026-04-11 17:14:54 - __main__ - INFO - Train: loss 4.9533 acc1 4.31%
2026-04-11 17:14:54 - __main__ - INFO - Val:   loss 4.8038 acc1 5.40%
2026-04-11 17:14:54 - __main__ - INFO - saved best: 5.40%
2026-04-11 17:14:54 - __main__ - INFO - 
Epoch 3/300 | lr 0.000030
2026-04-11 17:15:48 - __main__ - INFO - Train: loss 4.6836 acc1 7.51%
2026-04-11 17:15:48 - __main__ - INFO - Val:   loss 4.6182 acc1 8.19%
2026-04-11 17:15:48 - __main__ - INFO - saved best: 8.19%
2026-04-11 17:15:48 - __main__ - INFO - 
Epoch 4/300 | lr 0.000045
2026-04-11 17:16:42 - __main__ - INFO - Train: loss 4.4867 acc1 10.32%
2026-04-11 17:16:42 - __main__ - INFO - Val:   loss 4.4352 acc1 10.53%
2026-04-11 17:16:42 - __main__ - INFO - saved best: 10.53%
2026-04-11 17:16:42 - __main__ - INFO - 
Epoch 5/300 | lr 0.000060
2026-04-11 17:17:37 - __main__ - INFO - Train: loss 4.3385 acc1 12.76%
2026-04-11 17:17:37 - __main__ - INFO - Val:   loss 4.3014 acc1 13.11%
2026-04-11 17:17:37 - __main__ - INFO - saved best: 13.11%
2026-04-11 17:17:37 - __main__ - INFO - 
Epoch 6/300 | lr 0.000075
2026-04-11 17:18:32 - __main__ - INFO - Train: loss 4.2025 acc1 14.97%
2026-04-11 17:18:32 - __main__ - INFO - Val:   loss 4.2520 acc1 14.35%
2026-04-11 17:18:32 - __main__ - INFO - saved best: 14.35%
2026-04-11 17:18:32 - __main__ - INFO - 
Epoch 7/300 | lr 0.000090
2026-04-11 17:19:26 - __main__ - INFO - Train: loss 4.0752 acc1 17.29%
2026-04-11 17:19:26 - __main__ - INFO - Val:   loss 4.1005 acc1 17.05%
2026-04-11 17:19:26 - __main__ - INFO - saved best: 17.05%
2026-04-11 17:19:26 - __main__ - INFO - 
Epoch 8/300 | lr 0.000105
2026-04-11 17:20:20 - __main__ - INFO - Train: loss 3.9705 acc1 19.08%
2026-04-11 17:20:20 - __main__ - INFO - Val:   loss 4.0754 acc1 17.73%
2026-04-11 17:20:20 - __main__ - INFO - saved best: 17.73%
2026-04-11 17:20:20 - __main__ - INFO - 
Epoch 9/300 | lr 0.000120
2026-04-11 17:21:14 - __main__ - INFO - Train: loss 3.8665 acc1 21.30%
2026-04-11 17:21:14 - __main__ - INFO - Val:   loss 3.9615 acc1 19.83%
2026-04-11 17:21:14 - __main__ - INFO - saved best: 19.83%
2026-04-11 17:21:14 - __main__ - INFO - 
Epoch 10/300 | lr 0.000135
2026-04-11 17:22:09 - __main__ - INFO - Train: loss 3.7738 acc1 22.86%
2026-04-11 17:22:09 - __main__ - INFO - Val:   loss 3.8761 acc1 21.26%
2026-04-11 17:22:09 - __main__ - INFO - saved best: 21.26%
2026-04-11 17:22:09 - __main__ - INFO - 
Epoch 11/300 | lr 0.000150
2026-04-11 17:23:03 - __main__ - INFO - Train: loss 3.6891 acc1 24.56%
2026-04-11 17:23:03 - __main__ - INFO - Val:   loss 3.8293 acc1 22.29%
2026-04-11 17:23:03 - __main__ - INFO - saved best: 22.29%
2026-04-11 17:23:03 - __main__ - INFO - 
Epoch 12/300 | lr 0.000165
2026-04-11 17:23:57 - __main__ - INFO - Train: loss 3.6002 acc1 26.37%
2026-04-11 17:23:57 - __main__ - INFO - Val:   loss 3.7784 acc1 22.89%
2026-04-11 17:23:57 - __main__ - INFO - saved best: 22.89%
2026-04-11 17:23:57 - __main__ - INFO - 
Epoch 13/300 | lr 0.000180
2026-04-11 17:24:51 - __main__ - INFO - Train: loss 3.5207 acc1 27.92%
2026-04-11 17:24:51 - __main__ - INFO - Val:   loss 3.7173 acc1 25.13%
2026-04-11 17:24:51 - __main__ - INFO - saved best: 25.13%
2026-04-11 17:24:51 - __main__ - INFO - 
Epoch 14/300 | lr 0.000195
2026-04-11 17:25:46 - __main__ - INFO - Train: loss 3.4371 acc1 29.61%
2026-04-11 17:25:46 - __main__ - INFO - Val:   loss 3.6813 acc1 25.89%
2026-04-11 17:25:46 - __main__ - INFO - saved best: 25.89%
2026-04-11 17:25:46 - __main__ - INFO - 
Epoch 15/300 | lr 0.000210
2026-04-11 17:26:40 - __main__ - INFO - Train: loss 3.3552 acc1 31.21%
2026-04-11 17:26:40 - __main__ - INFO - Val:   loss 3.6497 acc1 26.97%
2026-04-11 17:26:40 - __main__ - INFO - saved best: 26.97%
2026-04-11 17:26:40 - __main__ - INFO - 
Epoch 16/300 | lr 0.000225
2026-04-11 17:27:35 - __main__ - INFO - Train: loss 3.2712 acc1 32.94%
2026-04-11 17:27:35 - __main__ - INFO - Val:   loss 3.6247 acc1 26.72%
2026-04-11 17:27:35 - __main__ - INFO - 
Epoch 17/300 | lr 0.000240
2026-04-11 17:28:30 - __main__ - INFO - Train: loss 3.1775 acc1 35.11%
2026-04-11 17:28:30 - __main__ - INFO - Val:   loss 3.5961 acc1 27.83%
2026-04-11 17:28:30 - __main__ - INFO - saved best: 27.83%
2026-04-11 17:28:30 - __main__ - INFO - 
Epoch 18/300 | lr 0.000255
2026-04-11 17:29:24 - __main__ - INFO - Train: loss 3.0865 acc1 37.06%
2026-04-11 17:29:24 - __main__ - INFO - Val:   loss 3.5864 acc1 28.69%
2026-04-11 17:29:24 - __main__ - INFO - saved best: 28.69%
2026-04-11 17:29:24 - __main__ - INFO - 
Epoch 19/300 | lr 0.000270
2026-04-11 17:30:19 - __main__ - INFO - Train: loss 2.9804 acc1 39.62%
2026-04-11 17:30:19 - __main__ - INFO - Val:   loss 3.6313 acc1 28.54%
2026-04-11 17:30:19 - __main__ - INFO - 
Epoch 20/300 | lr 0.000285
2026-04-11 17:31:13 - __main__ - INFO - Train: loss 2.8700 acc1 41.93%
2026-04-11 17:31:13 - __main__ - INFO - Val:   loss 3.6535 acc1 28.77%
2026-04-11 17:31:13 - __main__ - INFO - saved best: 28.77%
2026-04-11 17:31:13 - __main__ - INFO - 
Epoch 21/300 | lr 0.000300
2026-04-11 17:32:07 - __main__ - INFO - Train: loss 2.7475 acc1 44.91%
2026-04-11 17:32:07 - __main__ - INFO - Val:   loss 3.6568 acc1 29.16%
2026-04-11 17:32:07 - __main__ - INFO - saved best: 29.16%
2026-04-11 17:32:07 - __main__ - INFO - 
Epoch 22/300 | lr 0.000300
2026-04-11 17:33:02 - __main__ - INFO - Train: loss 2.5517 acc1 49.94%
2026-04-11 17:33:02 - __main__ - INFO - Val:   loss 3.6538 acc1 29.76%
2026-04-11 17:33:02 - __main__ - INFO - saved best: 29.76%
2026-04-11 17:33:02 - __main__ - INFO - 
Epoch 23/300 | lr 0.000300
2026-04-11 17:33:56 - __main__ - INFO - Train: loss 2.3145 acc1 56.69%
2026-04-11 17:33:56 - __main__ - INFO - Val:   loss 3.7342 acc1 29.47%
2026-04-11 17:33:56 - __main__ - INFO - 
Epoch 24/300 | lr 0.000300
2026-04-11 17:34:50 - __main__ - INFO - Train: loss 2.0433 acc1 65.08%
2026-04-11 17:34:50 - __main__ - INFO - Val:   loss 3.7994 acc1 29.28%
2026-04-11 17:34:50 - __main__ - INFO - 
Epoch 25/300 | lr 0.000300
2026-04-11 17:35:44 - __main__ - INFO - Train: loss 1.7791 acc1 73.78%
2026-04-11 17:35:44 - __main__ - INFO - Val:   loss 3.8480 acc1 29.33%
2026-04-11 17:35:44 - __main__ - INFO - 
Epoch 26/300 | lr 0.000300
2026-04-11 17:36:39 - __main__ - INFO - Train: loss 1.5798 acc1 80.95%
2026-04-11 17:36:39 - __main__ - INFO - Val:   loss 3.8929 acc1 30.16%
2026-04-11 17:36:39 - __main__ - INFO - saved best: 30.16%
2026-04-11 17:36:39 - __main__ - INFO - 
Epoch 27/300 | lr 0.000300
2026-04-11 17:37:34 - __main__ - INFO - Train: loss 1.4420 acc1 85.95%
2026-04-11 17:37:34 - __main__ - INFO - Val:   loss 3.9531 acc1 29.66%
2026-04-11 17:37:34 - __main__ - INFO - 
Epoch 28/300 | lr 0.000300
2026-04-11 17:38:28 - __main__ - INFO - Train: loss 1.3480 acc1 89.27%
2026-04-11 17:38:28 - __main__ - INFO - Val:   loss 3.9657 acc1 29.65%
2026-04-11 17:38:28 - __main__ - INFO - 
Epoch 29/300 | lr 0.000299
2026-04-11 17:39:23 - __main__ - INFO - Train: loss 1.2981 acc1 91.10%
2026-04-11 17:39:23 - __main__ - INFO - Val:   loss 3.9888 acc1 29.52%
2026-04-11 17:39:23 - __main__ - INFO - 
Epoch 30/300 | lr 0.000299
2026-04-11 17:40:17 - __main__ - INFO - Train: loss 1.2502 acc1 92.85%
2026-04-11 17:40:17 - __main__ - INFO - Val:   loss 3.9685 acc1 29.64%
2026-04-11 17:40:17 - __main__ - INFO - 
Epoch 31/300 | lr 0.000299
2026-04-11 17:41:12 - __main__ - INFO - Train: loss 1.2139 acc1 93.94%
2026-04-11 17:41:12 - __main__ - INFO - Val:   loss 3.9872 acc1 29.52%
2026-04-11 17:41:12 - __main__ - INFO - 
Epoch 32/300 | lr 0.000299
2026-04-11 17:42:07 - __main__ - INFO - Train: loss 1.1945 acc1 94.55%
2026-04-11 17:42:07 - __main__ - INFO - Val:   loss 3.9497 acc1 30.25%
2026-04-11 17:42:07 - __main__ - INFO - saved best: 30.25%
2026-04-11 17:42:07 - __main__ - INFO - 
Epoch 33/300 | lr 0.000299
2026-04-11 17:43:01 - __main__ - INFO - Train: loss 1.1764 acc1 95.02%
2026-04-11 17:43:01 - __main__ - INFO - Val:   loss 3.9801 acc1 29.82%
2026-04-11 17:43:01 - __main__ - INFO - 
Epoch 34/300 | lr 0.000298
2026-04-11 17:43:55 - __main__ - INFO - Train: loss 1.1579 acc1 95.53%
2026-04-11 17:43:55 - __main__ - INFO - Val:   loss 3.9723 acc1 30.25%
2026-04-11 17:43:55 - __main__ - INFO - 
Epoch 35/300 | lr 0.000298
2026-04-11 17:44:49 - __main__ - INFO - Train: loss 1.1438 acc1 95.87%
2026-04-11 17:44:49 - __main__ - INFO - Val:   loss 3.9417 acc1 29.95%
2026-04-11 17:44:49 - __main__ - INFO - 
Epoch 36/300 | lr 0.000298
2026-04-11 17:45:44 - __main__ - INFO - Train: loss 1.1281 acc1 96.31%
2026-04-11 17:45:44 - __main__ - INFO - Val:   loss 3.9209 acc1 31.13%
2026-04-11 17:45:44 - __main__ - INFO - saved best: 31.13%
2026-04-11 17:45:44 - __main__ - INFO - 
Epoch 37/300 | lr 0.000298
2026-04-11 17:46:38 - __main__ - INFO - Train: loss 1.1095 acc1 96.69%
2026-04-11 17:46:38 - __main__ - INFO - Val:   loss 3.9092 acc1 29.94%
2026-04-11 17:46:38 - __main__ - INFO - 
Epoch 38/300 | lr 0.000297
2026-04-11 17:47:32 - __main__ - INFO - Train: loss 1.0981 acc1 96.99%
2026-04-11 17:47:32 - __main__ - INFO - Val:   loss 3.8979 acc1 30.36%
2026-04-11 17:47:32 - __main__ - INFO - 
Epoch 39/300 | lr 0.000297
2026-04-11 17:48:26 - __main__ - INFO - Train: loss 1.0890 acc1 97.15%
2026-04-11 17:48:26 - __main__ - INFO - Val:   loss 3.9123 acc1 29.92%
2026-04-11 17:48:26 - __main__ - INFO - 
Epoch 40/300 | lr 0.000297
2026-04-11 17:49:20 - __main__ - INFO - Train: loss 1.0772 acc1 97.37%
2026-04-11 17:49:20 - __main__ - INFO - Val:   loss 3.8824 acc1 30.88%
2026-04-11 17:49:20 - __main__ - INFO - 
Epoch 41/300 | lr 0.000296
2026-04-11 17:50:14 - __main__ - INFO - Train: loss 1.0723 acc1 97.37%
2026-04-11 17:50:14 - __main__ - INFO - Val:   loss 3.9366 acc1 29.60%
2026-04-11 17:50:14 - __main__ - INFO - 
Epoch 42/300 | lr 0.000296
2026-04-11 17:51:09 - __main__ - INFO - Train: loss 1.0647 acc1 97.45%
2026-04-11 17:51:09 - __main__ - INFO - Val:   loss 3.8986 acc1 30.83%
2026-04-11 17:51:09 - __main__ - INFO - 
Epoch 43/300 | lr 0.000295
2026-04-11 17:52:03 - __main__ - INFO - Train: loss 1.0454 acc1 98.02%
2026-04-11 17:52:03 - __main__ - INFO - Val:   loss 3.8944 acc1 30.92%
2026-04-11 17:52:03 - __main__ - INFO - 
Epoch 44/300 | lr 0.000295
2026-04-11 17:52:57 - __main__ - INFO - Train: loss 1.0337 acc1 98.10%
2026-04-11 17:52:57 - __main__ - INFO - Val:   loss 3.8847 acc1 30.93%
2026-04-11 17:52:57 - __main__ - INFO - 
Epoch 45/300 | lr 0.000295
2026-04-11 17:53:52 - __main__ - INFO - Train: loss 1.0446 acc1 97.61%
2026-04-11 17:53:52 - __main__ - INFO - Val:   loss 3.8816 acc1 30.85%
2026-04-11 17:53:52 - __main__ - INFO - 
Epoch 46/300 | lr 0.000294
2026-04-11 17:54:46 - __main__ - INFO - Train: loss 1.0316 acc1 97.88%
2026-04-11 17:54:46 - __main__ - INFO - Val:   loss 3.8601 acc1 30.46%
2026-04-11 17:54:46 - __main__ - INFO - 
Epoch 47/300 | lr 0.000294
2026-04-11 17:55:40 - __main__ - INFO - Train: loss 1.0091 acc1 98.40%
2026-04-11 17:55:40 - __main__ - INFO - Val:   loss 3.8749 acc1 30.81%
2026-04-11 17:55:40 - __main__ - INFO - 
Epoch 48/300 | lr 0.000293
2026-04-11 17:56:34 - __main__ - INFO - Train: loss 1.0147 acc1 98.06%
2026-04-11 17:56:34 - __main__ - INFO - Val:   loss 3.9060 acc1 30.37%
2026-04-11 17:56:34 - __main__ - INFO - 
Epoch 49/300 | lr 0.000293
2026-04-11 17:57:28 - __main__ - INFO - Train: loss 1.0157 acc1 97.92%
2026-04-11 17:57:28 - __main__ - INFO - Val:   loss 3.9014 acc1 30.43%
2026-04-11 17:57:28 - __main__ - INFO - 
Epoch 50/300 | lr 0.000292
2026-04-11 17:58:22 - __main__ - INFO - Train: loss 1.0081 acc1 97.96%
2026-04-11 17:58:22 - __main__ - INFO - Val:   loss 3.9372 acc1 30.01%
2026-04-11 17:58:22 - __main__ - INFO - 
Epoch 51/300 | lr 0.000292
2026-04-11 17:59:16 - __main__ - INFO - Train: loss 0.9962 acc1 98.17%
2026-04-11 17:59:16 - __main__ - INFO - Val:   loss 3.9144 acc1 30.34%
2026-04-11 17:59:16 - __main__ - INFO - 
Epoch 52/300 | lr 0.000291
2026-04-11 18:00:11 - __main__ - INFO - Train: loss 0.9848 acc1 98.21%
2026-04-11 18:00:11 - __main__ - INFO - Val:   loss 3.9136 acc1 30.44%
2026-04-11 18:00:11 - __main__ - INFO - 
Epoch 53/300 | lr 0.000290
2026-04-11 18:01:05 - __main__ - INFO - Train: loss 0.9851 acc1 98.06%
2026-04-11 18:01:05 - __main__ - INFO - Val:   loss 3.9156 acc1 30.30%
2026-04-11 18:01:05 - __main__ - INFO - 
Epoch 54/300 | lr 0.000290
2026-04-11 18:01:59 - __main__ - INFO - Train: loss 0.9923 acc1 97.74%
2026-04-11 18:01:59 - __main__ - INFO - Val:   loss 3.9964 acc1 29.37%
2026-04-11 18:01:59 - __main__ - INFO - 
Epoch 55/300 | lr 0.000289
2026-04-11 18:02:53 - __main__ - INFO - Train: loss 0.9751 acc1 98.11%
2026-04-11 18:02:53 - __main__ - INFO - Val:   loss 3.9294 acc1 30.48%
2026-04-11 18:02:53 - __main__ - INFO - 
Epoch 56/300 | lr 0.000289
2026-04-11 18:03:47 - __main__ - INFO - Train: loss 0.9683 acc1 98.08%
2026-04-11 18:03:47 - __main__ - INFO - Val:   loss 4.0624 acc1 28.30%
2026-04-11 18:03:47 - __main__ - INFO - 
Epoch 57/300 | lr 0.000288
2026-04-11 18:04:42 - __main__ - INFO - Train: loss 0.9722 acc1 97.92%
2026-04-11 18:04:42 - __main__ - INFO - Val:   loss 4.0037 acc1 29.88%
2026-04-11 18:04:42 - __main__ - INFO - 
Epoch 58/300 | lr 0.000287
2026-04-11 18:05:36 - __main__ - INFO - Train: loss 0.9662 acc1 97.97%
2026-04-11 18:05:36 - __main__ - INFO - Val:   loss 4.0420 acc1 29.41%
2026-04-11 18:05:36 - __main__ - INFO - 
Epoch 59/300 | lr 0.000287
2026-04-11 18:06:30 - __main__ - INFO - Train: loss 0.9682 acc1 97.77%
2026-04-11 18:06:30 - __main__ - INFO - Val:   loss 4.0348 acc1 29.52%
2026-04-11 18:06:30 - __main__ - INFO - 
Epoch 60/300 | lr 0.000286
2026-04-11 18:07:24 - __main__ - INFO - Train: loss 0.9505 acc1 98.22%
2026-04-11 18:07:24 - __main__ - INFO - Val:   loss 4.0220 acc1 29.90%
2026-04-11 18:07:24 - __main__ - INFO - 
Epoch 61/300 | lr 0.000285
2026-04-11 18:08:18 - __main__ - INFO - Train: loss 0.9585 acc1 97.88%
2026-04-11 18:08:18 - __main__ - INFO - Val:   loss 4.0459 acc1 29.21%
2026-04-11 18:08:18 - __main__ - INFO - 
Epoch 62/300 | lr 0.000284
2026-04-11 18:09:12 - __main__ - INFO - Train: loss 0.9551 acc1 97.87%
2026-04-11 18:09:12 - __main__ - INFO - Val:   loss 4.0767 acc1 29.34%
2026-04-11 18:09:12 - __main__ - INFO - 
Epoch 63/300 | lr 0.000284
2026-04-11 18:10:07 - __main__ - INFO - Train: loss 0.9533 acc1 97.87%
2026-04-11 18:10:07 - __main__ - INFO - Val:   loss 4.0799 acc1 28.81%
2026-04-11 18:10:07 - __main__ - INFO - 
Epoch 64/300 | lr 0.000283
2026-04-11 18:11:01 - __main__ - INFO - Train: loss 0.9463 acc1 98.03%
2026-04-11 18:11:01 - __main__ - INFO - Val:   loss 4.1001 acc1 29.32%
2026-04-11 18:11:01 - __main__ - INFO - 
Epoch 65/300 | lr 0.000282
2026-04-11 18:11:55 - __main__ - INFO - Train: loss 0.9503 acc1 97.85%
2026-04-11 18:11:55 - __main__ - INFO - Val:   loss 4.0984 acc1 29.56%
2026-04-11 18:11:55 - __main__ - INFO - 
Epoch 66/300 | lr 0.000281
2026-04-11 18:12:49 - __main__ - INFO - Train: loss 0.9493 acc1 97.75%
2026-04-11 18:12:49 - __main__ - INFO - Val:   loss 4.0759 acc1 29.75%
2026-04-11 18:12:49 - __main__ - INFO - 
Epoch 67/300 | lr 0.000281
2026-04-11 18:13:43 - __main__ - INFO - Train: loss 0.9382 acc1 98.11%
2026-04-11 18:13:43 - __main__ - INFO - Val:   loss 4.0345 acc1 29.95%
2026-04-11 18:13:43 - __main__ - INFO - 
Epoch 68/300 | lr 0.000280
2026-04-11 18:14:37 - __main__ - INFO - Train: loss 0.9381 acc1 98.04%
2026-04-11 18:14:37 - __main__ - INFO - Val:   loss 4.1260 acc1 29.34%
2026-04-11 18:14:37 - __main__ - INFO - 
Epoch 69/300 | lr 0.000279
2026-04-11 18:15:31 - __main__ - INFO - Train: loss 0.9449 acc1 97.81%
2026-04-11 18:15:31 - __main__ - INFO - Val:   loss 4.1343 acc1 29.58%
2026-04-11 18:15:31 - __main__ - INFO - 
Epoch 70/300 | lr 0.000278
2026-04-11 18:16:25 - __main__ - INFO - Train: loss 0.9431 acc1 97.78%
2026-04-11 18:16:25 - __main__ - INFO - Val:   loss 4.0968 acc1 29.83%
2026-04-11 18:16:25 - __main__ - INFO - 
Epoch 71/300 | lr 0.000277
2026-04-11 18:17:20 - __main__ - INFO - Train: loss 0.9390 acc1 97.85%
2026-04-11 18:17:20 - __main__ - INFO - Val:   loss 4.1516 acc1 29.60%
2026-04-11 18:17:20 - __main__ - INFO - 
Epoch 72/300 | lr 0.000276
2026-04-11 18:18:14 - __main__ - INFO - Train: loss 0.9373 acc1 97.88%
2026-04-11 18:18:14 - __main__ - INFO - Val:   loss 4.1425 acc1 29.49%
2026-04-11 18:18:14 - __main__ - INFO - 
Epoch 73/300 | lr 0.000275
2026-04-11 18:19:08 - __main__ - INFO - Train: loss 0.9399 acc1 97.76%
2026-04-11 18:19:08 - __main__ - INFO - Val:   loss 4.1264 acc1 29.58%
2026-04-11 18:19:08 - __main__ - INFO - 
Epoch 74/300 | lr 0.000274
2026-04-11 18:20:02 - __main__ - INFO - Train: loss 0.9275 acc1 98.14%
2026-04-11 18:20:02 - __main__ - INFO - Val:   loss 4.1536 acc1 29.12%
2026-04-11 18:20:02 - __main__ - INFO - 
Epoch 75/300 | lr 0.000273
2026-04-11 18:20:56 - __main__ - INFO - Train: loss 0.9332 acc1 97.92%
2026-04-11 18:20:56 - __main__ - INFO - Val:   loss 4.1638 acc1 29.57%
2026-04-11 18:20:56 - __main__ - INFO - 
Epoch 76/300 | lr 0.000272
2026-04-11 18:21:50 - __main__ - INFO - Train: loss 0.9291 acc1 98.04%
2026-04-11 18:21:50 - __main__ - INFO - Val:   loss 4.1940 acc1 29.33%
2026-04-11 18:21:50 - __main__ - INFO - 
Epoch 77/300 | lr 0.000271
2026-04-11 18:22:44 - __main__ - INFO - Train: loss 0.9328 acc1 97.94%
2026-04-11 18:22:44 - __main__ - INFO - Val:   loss 4.1750 acc1 29.71%
2026-04-11 18:22:44 - __main__ - INFO - 
Epoch 78/300 | lr 0.000270
2026-04-11 18:23:38 - __main__ - INFO - Train: loss 0.9267 acc1 98.06%
2026-04-11 18:23:38 - __main__ - INFO - Val:   loss 4.2010 acc1 29.08%
2026-04-11 18:23:38 - __main__ - INFO - 
Epoch 79/300 | lr 0.000269
2026-04-11 18:24:32 - __main__ - INFO - Train: loss 0.9282 acc1 97.96%
2026-04-11 18:24:32 - __main__ - INFO - Val:   loss 4.2167 acc1 29.31%
2026-04-11 18:24:32 - __main__ - INFO - 
Epoch 80/300 | lr 0.000268
2026-04-11 18:25:27 - __main__ - INFO - Train: loss 0.9308 acc1 97.92%
2026-04-11 18:25:27 - __main__ - INFO - Val:   loss 4.1820 acc1 29.49%
2026-04-11 18:25:27 - __main__ - INFO - 
Epoch 81/300 | lr 0.000267
2026-04-11 18:26:21 - __main__ - INFO - Train: loss 0.9280 acc1 97.92%
2026-04-11 18:26:21 - __main__ - INFO - Val:   loss 4.1845 acc1 29.11%
2026-04-11 18:26:21 - __main__ - INFO - 
Epoch 82/300 | lr 0.000266
2026-04-11 18:27:15 - __main__ - INFO - Train: loss 0.9202 acc1 98.24%
2026-04-11 18:27:15 - __main__ - INFO - Val:   loss 4.2300 acc1 28.80%
2026-04-11 18:27:15 - __main__ - INFO - 
Epoch 83/300 | lr 0.000265
2026-04-11 18:28:09 - __main__ - INFO - Train: loss 0.9241 acc1 98.05%
2026-04-11 18:28:09 - __main__ - INFO - Val:   loss 4.2526 acc1 29.08%
2026-04-11 18:28:09 - __main__ - INFO - 
Epoch 84/300 | lr 0.000264
2026-04-11 18:29:03 - __main__ - INFO - Train: loss 0.9262 acc1 97.98%
2026-04-11 18:29:03 - __main__ - INFO - Val:   loss 4.1887 acc1 29.65%
2026-04-11 18:29:03 - __main__ - INFO - 
Epoch 85/300 | lr 0.000263
2026-04-11 18:29:57 - __main__ - INFO - Train: loss 0.9195 acc1 98.22%
2026-04-11 18:29:57 - __main__ - INFO - Val:   loss 4.2532 acc1 28.96%
2026-04-11 18:29:57 - __main__ - INFO - 
Epoch 86/300 | lr 0.000262
2026-04-11 18:30:51 - __main__ - INFO - Train: loss 0.9211 acc1 98.15%
2026-04-11 18:30:51 - __main__ - INFO - Val:   loss 4.2085 acc1 29.64%
2026-04-11 18:30:51 - __main__ - INFO - 
Epoch 87/300 | lr 0.000261
2026-04-11 18:31:45 - __main__ - INFO - Train: loss 0.9215 acc1 98.11%
2026-04-11 18:31:45 - __main__ - INFO - Val:   loss 4.2650 acc1 28.81%
2026-04-11 18:31:45 - __main__ - INFO - 
Epoch 88/300 | lr 0.000260
2026-04-11 18:32:39 - __main__ - INFO - Train: loss 0.9189 acc1 98.15%
2026-04-11 18:32:39 - __main__ - INFO - Val:   loss 4.2566 acc1 29.15%
2026-04-11 18:32:39 - __main__ - INFO - 
Epoch 89/300 | lr 0.000259
2026-04-11 18:33:34 - __main__ - INFO - Train: loss 0.9184 acc1 98.18%
2026-04-11 18:33:34 - __main__ - INFO - Val:   loss 4.2635 acc1 28.80%
2026-04-11 18:33:34 - __main__ - INFO - 
Epoch 90/300 | lr 0.000257
2026-04-11 18:34:28 - __main__ - INFO - Train: loss 0.9137 acc1 98.33%
2026-04-11 18:34:28 - __main__ - INFO - Val:   loss 4.2306 acc1 29.55%
2026-04-11 18:34:28 - __main__ - INFO - 
Epoch 91/300 | lr 0.000256
2026-04-11 18:35:22 - __main__ - INFO - Train: loss 0.9219 acc1 98.06%
2026-04-11 18:35:22 - __main__ - INFO - Val:   loss 4.3059 acc1 28.78%
2026-04-11 18:35:22 - __main__ - INFO - 
Epoch 92/300 | lr 0.000255
2026-04-11 18:36:16 - __main__ - INFO - Train: loss 0.9192 acc1 98.08%
2026-04-11 18:36:16 - __main__ - INFO - Val:   loss 4.2298 acc1 29.70%
2026-04-11 18:36:16 - __main__ - INFO - 
Epoch 93/300 | lr 0.000254
2026-04-11 18:37:10 - __main__ - INFO - Train: loss 0.9146 acc1 98.27%
2026-04-11 18:37:10 - __main__ - INFO - Val:   loss 4.2823 acc1 28.85%
2026-04-11 18:37:10 - __main__ - INFO - 
Epoch 94/300 | lr 0.000253
2026-04-11 18:38:04 - __main__ - INFO - Train: loss 0.9123 acc1 98.32%
2026-04-11 18:38:04 - __main__ - INFO - Val:   loss 4.2440 acc1 29.39%
2026-04-11 18:38:04 - __main__ - INFO - 
Epoch 95/300 | lr 0.000251
2026-04-11 18:38:58 - __main__ - INFO - Train: loss 0.9114 acc1 98.30%
2026-04-11 18:38:58 - __main__ - INFO - Val:   loss 4.2427 acc1 29.82%
2026-04-11 18:38:58 - __main__ - INFO - 
Epoch 96/300 | lr 0.000250
2026-04-11 18:39:53 - __main__ - INFO - Train: loss 0.9143 acc1 98.21%
2026-04-11 18:39:53 - __main__ - INFO - Val:   loss 4.2467 acc1 29.93%
2026-04-11 18:39:53 - __main__ - INFO - 
Epoch 97/300 | lr 0.000249
2026-04-11 18:40:47 - __main__ - INFO - Train: loss 0.9124 acc1 98.27%
2026-04-11 18:40:47 - __main__ - INFO - Val:   loss 4.2814 acc1 29.57%
2026-04-11 18:40:47 - __main__ - INFO - 
Epoch 98/300 | lr 0.000248
2026-04-11 18:41:41 - __main__ - INFO - Train: loss 0.9092 acc1 98.40%
2026-04-11 18:41:41 - __main__ - INFO - Val:   loss 4.2803 acc1 29.41%
2026-04-11 18:41:41 - __main__ - INFO - 
Epoch 99/300 | lr 0.000246
2026-04-11 18:42:35 - __main__ - INFO - Train: loss 0.9106 acc1 98.34%
2026-04-11 18:42:35 - __main__ - INFO - Val:   loss 4.2658 acc1 29.13%
2026-04-11 18:42:35 - __main__ - INFO - 
Epoch 100/300 | lr 0.000245
2026-04-11 18:43:29 - __main__ - INFO - Train: loss 0.9062 acc1 98.52%
2026-04-11 18:43:29 - __main__ - INFO - Val:   loss 4.2735 acc1 29.58%
2026-04-11 18:43:29 - __main__ - INFO - 
Epoch 101/300 | lr 0.000244
2026-04-11 18:44:23 - __main__ - INFO - Train: loss 0.9067 acc1 98.44%
2026-04-11 18:44:23 - __main__ - INFO - Val:   loss 4.3067 acc1 28.86%
2026-04-11 18:44:23 - __main__ - INFO - 
Epoch 102/300 | lr 0.000242
2026-04-11 18:45:17 - __main__ - INFO - Train: loss 0.9058 acc1 98.53%
2026-04-11 18:45:17 - __main__ - INFO - Val:   loss 4.3102 acc1 28.70%
2026-04-11 18:45:17 - __main__ - INFO - 
Epoch 103/300 | lr 0.000241
2026-04-11 18:46:11 - __main__ - INFO - Train: loss 0.9093 acc1 98.37%
2026-04-11 18:46:11 - __main__ - INFO - Val:   loss 4.3154 acc1 29.09%
2026-04-11 18:46:11 - __main__ - INFO - 
Epoch 104/300 | lr 0.000240
2026-04-11 18:47:06 - __main__ - INFO - Train: loss 0.9104 acc1 98.30%
2026-04-11 18:47:06 - __main__ - INFO - Val:   loss 4.2938 acc1 29.47%
2026-04-11 18:47:06 - __main__ - INFO - 
Epoch 105/300 | lr 0.000238
2026-04-11 18:48:00 - __main__ - INFO - Train: loss 0.9074 acc1 98.40%
2026-04-11 18:48:00 - __main__ - INFO - Val:   loss 4.2975 acc1 29.34%
2026-04-11 18:48:00 - __main__ - INFO - 
Epoch 106/300 | lr 0.000237
2026-04-11 18:48:54 - __main__ - INFO - Train: loss 0.8974 acc1 98.69%
2026-04-11 18:48:54 - __main__ - INFO - Val:   loss 4.3117 acc1 29.34%
2026-04-11 18:48:54 - __main__ - INFO - 
Epoch 107/300 | lr 0.000236
2026-04-11 18:49:48 - __main__ - INFO - Train: loss 0.9037 acc1 98.50%
2026-04-11 18:49:48 - __main__ - INFO - Val:   loss 4.2976 acc1 29.46%
2026-04-11 18:49:48 - __main__ - INFO - 
Epoch 108/300 | lr 0.000234
2026-04-11 18:50:42 - __main__ - INFO - Train: loss 0.9041 acc1 98.51%
2026-04-11 18:50:42 - __main__ - INFO - Val:   loss 4.3018 acc1 29.60%
2026-04-11 18:50:42 - __main__ - INFO - 
Epoch 109/300 | lr 0.000233
2026-04-11 18:51:36 - __main__ - INFO - Train: loss 0.9062 acc1 98.45%
2026-04-11 18:51:36 - __main__ - INFO - Val:   loss 4.2966 acc1 29.86%
2026-04-11 18:51:36 - __main__ - INFO - 
Epoch 110/300 | lr 0.000231
2026-04-11 18:52:30 - __main__ - INFO - Train: loss 0.8992 acc1 98.65%
2026-04-11 18:52:30 - __main__ - INFO - Val:   loss 4.2970 acc1 29.72%
2026-04-11 18:52:30 - __main__ - INFO - 
Epoch 111/300 | lr 0.000230
2026-04-11 18:53:25 - __main__ - INFO - Train: loss 0.9023 acc1 98.59%
2026-04-11 18:53:25 - __main__ - INFO - Val:   loss 4.3652 acc1 28.88%
2026-04-11 18:53:25 - __main__ - INFO - 
Epoch 112/300 | lr 0.000229
2026-04-11 18:54:19 - __main__ - INFO - Train: loss 0.8994 acc1 98.59%
2026-04-11 18:54:19 - __main__ - INFO - Val:   loss 4.3172 acc1 28.98%
2026-04-11 18:54:19 - __main__ - INFO - 
Epoch 113/300 | lr 0.000227
2026-04-11 18:55:13 - __main__ - INFO - Train: loss 0.9023 acc1 98.58%
2026-04-11 18:55:13 - __main__ - INFO - Val:   loss 4.3086 acc1 29.54%
2026-04-11 18:55:13 - __main__ - INFO - 
Epoch 114/300 | lr 0.000226
2026-04-11 18:56:07 - __main__ - INFO - Train: loss 0.8971 acc1 98.70%
2026-04-11 18:56:07 - __main__ - INFO - Val:   loss 4.3288 acc1 28.88%
2026-04-11 18:56:07 - __main__ - INFO - 
Epoch 115/300 | lr 0.000224
2026-04-11 18:57:02 - __main__ - INFO - Train: loss 0.9005 acc1 98.56%
2026-04-11 18:57:02 - __main__ - INFO - Val:   loss 4.3409 acc1 28.52%
2026-04-11 18:57:02 - __main__ - INFO - 
Epoch 116/300 | lr 0.000223
2026-04-11 18:57:56 - __main__ - INFO - Train: loss 0.8942 acc1 98.78%
2026-04-11 18:57:56 - __main__ - INFO - Val:   loss 4.3153 acc1 29.82%
2026-04-11 18:57:56 - __main__ - INFO - 
Epoch 117/300 | lr 0.000221
2026-04-11 18:58:50 - __main__ - INFO - Train: loss 0.9021 acc1 98.50%
2026-04-11 18:58:50 - __main__ - INFO - Val:   loss 4.3188 acc1 29.51%
2026-04-11 18:58:50 - __main__ - INFO - 
Epoch 118/300 | lr 0.000220
2026-04-11 18:59:44 - __main__ - INFO - Train: loss 0.8957 acc1 98.73%
2026-04-11 18:59:44 - __main__ - INFO - Val:   loss 4.3064 acc1 29.61%
2026-04-11 18:59:44 - __main__ - INFO - 
Epoch 119/300 | lr 0.000218
2026-04-11 19:00:38 - __main__ - INFO - Train: loss 0.8957 acc1 98.77%
2026-04-11 19:00:38 - __main__ - INFO - Val:   loss 4.2949 acc1 29.78%
2026-04-11 19:00:38 - __main__ - INFO - 
Epoch 120/300 | lr 0.000217
2026-04-11 19:01:33 - __main__ - INFO - Train: loss 0.8981 acc1 98.64%
2026-04-11 19:01:33 - __main__ - INFO - Val:   loss 4.3469 acc1 28.75%
2026-04-11 19:01:33 - __main__ - INFO - 
Epoch 121/300 | lr 0.000215
2026-04-11 19:02:27 - __main__ - INFO - Train: loss 0.8911 acc1 98.86%
2026-04-11 19:02:27 - __main__ - INFO - Val:   loss 4.2945 acc1 29.89%
2026-04-11 19:02:27 - __main__ - INFO - 
Epoch 122/300 | lr 0.000214
2026-04-11 19:03:21 - __main__ - INFO - Train: loss 0.8903 acc1 98.91%
2026-04-11 19:03:21 - __main__ - INFO - Val:   loss 4.3633 acc1 28.77%
2026-04-11 19:03:21 - __main__ - INFO - 
Epoch 123/300 | lr 0.000212
2026-04-11 19:04:15 - __main__ - INFO - Train: loss 0.8939 acc1 98.74%
2026-04-11 19:04:15 - __main__ - INFO - Val:   loss 4.2943 acc1 30.04%
2026-04-11 19:04:15 - __main__ - INFO - 
Epoch 124/300 | lr 0.000211
2026-04-11 19:05:09 - __main__ - INFO - Train: loss 0.8934 acc1 98.80%
2026-04-11 19:05:09 - __main__ - INFO - Val:   loss 4.2908 acc1 29.78%
2026-04-11 19:05:09 - __main__ - INFO - 
Epoch 125/300 | lr 0.000209
2026-04-11 19:06:04 - __main__ - INFO - Train: loss 0.8903 acc1 98.91%
2026-04-11 19:06:04 - __main__ - INFO - Val:   loss 4.3314 acc1 29.41%
2026-04-11 19:06:04 - __main__ - INFO - 
Epoch 126/300 | lr 0.000208
2026-04-11 19:06:58 - __main__ - INFO - Train: loss 0.8935 acc1 98.79%
2026-04-11 19:06:58 - __main__ - INFO - Val:   loss 4.3286 acc1 29.64%
2026-04-11 19:06:58 - __main__ - INFO - 
Epoch 127/300 | lr 0.000206
2026-04-11 19:07:52 - __main__ - INFO - Train: loss 0.8879 acc1 98.97%
2026-04-11 19:07:52 - __main__ - INFO - Val:   loss 4.3193 acc1 30.18%
2026-04-11 19:07:52 - __main__ - INFO - 
Epoch 128/300 | lr 0.000205
2026-04-11 19:08:46 - __main__ - INFO - Train: loss 0.8915 acc1 98.85%
2026-04-11 19:08:46 - __main__ - INFO - Val:   loss 4.3335 acc1 29.53%
2026-04-11 19:08:46 - __main__ - INFO - 
Epoch 129/300 | lr 0.000203
2026-04-11 19:09:40 - __main__ - INFO - Train: loss 0.8899 acc1 98.88%
2026-04-11 19:09:40 - __main__ - INFO - Val:   loss 4.3395 acc1 29.26%
2026-04-11 19:09:40 - __main__ - INFO - 
Epoch 130/300 | lr 0.000201
2026-04-11 19:10:34 - __main__ - INFO - Train: loss 0.8873 acc1 98.96%
2026-04-11 19:10:34 - __main__ - INFO - Val:   loss 4.3298 acc1 29.05%
2026-04-11 19:10:34 - __main__ - INFO - 
Epoch 131/300 | lr 0.000200
2026-04-11 19:11:28 - __main__ - INFO - Train: loss 0.8873 acc1 98.99%
2026-04-11 19:11:28 - __main__ - INFO - Val:   loss 4.3494 acc1 29.01%
2026-04-11 19:11:28 - __main__ - INFO - 
Epoch 132/300 | lr 0.000198
2026-04-11 19:12:23 - __main__ - INFO - Train: loss 0.8923 acc1 98.80%
2026-04-11 19:12:23 - __main__ - INFO - Val:   loss 4.2978 acc1 29.81%
2026-04-11 19:12:23 - __main__ - INFO - 
Epoch 133/300 | lr 0.000197
2026-04-11 19:13:17 - __main__ - INFO - Train: loss 0.8854 acc1 99.03%
2026-04-11 19:13:17 - __main__ - INFO - Val:   loss 4.3131 acc1 29.37%
2026-04-11 19:13:17 - __main__ - INFO - 
Epoch 134/300 | lr 0.000195
2026-04-11 19:14:11 - __main__ - INFO - Train: loss 0.8875 acc1 98.98%
2026-04-11 19:14:11 - __main__ - INFO - Val:   loss 4.3280 acc1 29.55%
2026-04-11 19:14:11 - __main__ - INFO - 
Epoch 135/300 | lr 0.000193
2026-04-11 19:15:05 - __main__ - INFO - Train: loss 0.8853 acc1 99.04%
2026-04-11 19:15:05 - __main__ - INFO - Val:   loss 4.3262 acc1 29.72%
2026-04-11 19:15:05 - __main__ - INFO - 
Epoch 136/300 | lr 0.000192
2026-04-11 19:15:59 - __main__ - INFO - Train: loss 0.8854 acc1 99.04%
2026-04-11 19:15:59 - __main__ - INFO - Val:   loss 4.3026 acc1 29.76%
2026-04-11 19:15:59 - __main__ - INFO - 
Epoch 137/300 | lr 0.000190
2026-04-11 19:16:53 - __main__ - INFO - Train: loss 0.8841 acc1 99.09%
2026-04-11 19:16:53 - __main__ - INFO - Val:   loss 4.3028 acc1 29.57%
2026-04-11 19:16:53 - __main__ - INFO - 
Epoch 138/300 | lr 0.000189
2026-04-11 19:17:47 - __main__ - INFO - Train: loss 0.8842 acc1 99.05%
2026-04-11 19:17:47 - __main__ - INFO - Val:   loss 4.3104 acc1 29.61%
2026-04-11 19:17:47 - __main__ - INFO - 
Epoch 139/300 | lr 0.000187
2026-04-11 19:18:41 - __main__ - INFO - Train: loss 0.8847 acc1 99.05%
2026-04-11 19:18:41 - __main__ - INFO - Val:   loss 4.3284 acc1 29.82%
2026-04-11 19:18:41 - __main__ - INFO - 
Epoch 140/300 | lr 0.000185
2026-04-11 19:19:36 - __main__ - INFO - Train: loss 0.8821 acc1 99.13%
2026-04-11 19:19:36 - __main__ - INFO - Val:   loss 4.3608 acc1 29.26%
2026-04-11 19:19:36 - __main__ - INFO - 
Epoch 141/300 | lr 0.000184
2026-04-11 19:20:30 - __main__ - INFO - Train: loss 0.8815 acc1 99.17%
2026-04-11 19:20:30 - __main__ - INFO - Val:   loss 4.3348 acc1 29.69%
2026-04-11 19:20:30 - __main__ - INFO - 
Epoch 142/300 | lr 0.000182
2026-04-11 19:21:24 - __main__ - INFO - Train: loss 0.8817 acc1 99.13%
2026-04-11 19:21:24 - __main__ - INFO - Val:   loss 4.3340 acc1 29.51%
2026-04-11 19:21:24 - __main__ - INFO - 
Epoch 143/300 | lr 0.000180
2026-04-11 19:22:18 - __main__ - INFO - Train: loss 0.8855 acc1 99.01%
2026-04-11 19:22:18 - __main__ - INFO - Val:   loss 4.3830 acc1 28.64%
2026-04-11 19:22:18 - __main__ - INFO - 
Epoch 144/300 | lr 0.000179
2026-04-11 19:23:12 - __main__ - INFO - Train: loss 0.8806 acc1 99.17%
2026-04-11 19:23:12 - __main__ - INFO - Val:   loss 4.3488 acc1 29.44%
2026-04-11 19:23:12 - __main__ - INFO - 
Epoch 145/300 | lr 0.000177
2026-04-11 19:24:06 - __main__ - INFO - Train: loss 0.8778 acc1 99.28%
2026-04-11 19:24:06 - __main__ - INFO - Val:   loss 4.3455 acc1 29.51%
2026-04-11 19:24:06 - __main__ - INFO - 
Epoch 146/300 | lr 0.000176
2026-04-11 19:25:00 - __main__ - INFO - Train: loss 0.8810 acc1 99.18%
2026-04-11 19:25:00 - __main__ - INFO - Val:   loss 4.3227 acc1 30.07%
2026-04-11 19:25:00 - __main__ - INFO - 
Epoch 147/300 | lr 0.000174
2026-04-11 19:25:54 - __main__ - INFO - Train: loss 0.8805 acc1 99.20%
2026-04-11 19:25:54 - __main__ - INFO - Val:   loss 4.3475 acc1 29.51%
2026-04-11 19:25:54 - __main__ - INFO - 
Epoch 148/300 | lr 0.000172
2026-04-11 19:26:49 - __main__ - INFO - Train: loss 0.8790 acc1 99.19%
2026-04-11 19:26:49 - __main__ - INFO - Val:   loss 4.3608 acc1 29.62%
2026-04-11 19:26:49 - __main__ - INFO - 
Epoch 149/300 | lr 0.000171
2026-04-11 19:27:43 - __main__ - INFO - Train: loss 0.8785 acc1 99.23%
2026-04-11 19:27:43 - __main__ - INFO - Val:   loss 4.3282 acc1 29.88%
2026-04-11 19:27:43 - __main__ - INFO - 
Epoch 150/300 | lr 0.000169
2026-04-11 19:28:37 - __main__ - INFO - Train: loss 0.8783 acc1 99.25%
2026-04-11 19:28:37 - __main__ - INFO - Val:   loss 4.3134 acc1 29.70%
2026-04-11 19:28:37 - __main__ - INFO - 
Epoch 151/300 | lr 0.000167
2026-04-11 19:29:31 - __main__ - INFO - Train: loss 0.8772 acc1 99.28%
2026-04-11 19:29:31 - __main__ - INFO - Val:   loss 4.3542 acc1 29.84%
2026-04-11 19:29:31 - __main__ - INFO - 
Epoch 152/300 | lr 0.000166
2026-04-11 19:30:25 - __main__ - INFO - Train: loss 0.8798 acc1 99.18%
2026-04-11 19:30:25 - __main__ - INFO - Val:   loss 4.3285 acc1 29.43%
2026-04-11 19:30:25 - __main__ - INFO - 
Epoch 153/300 | lr 0.000164
2026-04-11 19:31:19 - __main__ - INFO - Train: loss 0.8771 acc1 99.29%
2026-04-11 19:31:19 - __main__ - INFO - Val:   loss 4.3214 acc1 29.90%
2026-04-11 19:31:19 - __main__ - INFO - 
Epoch 154/300 | lr 0.000162
2026-04-11 19:32:13 - __main__ - INFO - Train: loss 0.8716 acc1 99.46%
2026-04-11 19:32:13 - __main__ - INFO - Val:   loss 4.3440 acc1 29.66%
2026-04-11 19:32:13 - __main__ - INFO - 
Epoch 155/300 | lr 0.000161
2026-04-11 19:33:08 - __main__ - INFO - Train: loss 0.8764 acc1 99.33%
2026-04-11 19:33:08 - __main__ - INFO - Val:   loss 4.3099 acc1 30.13%
2026-04-11 19:33:08 - __main__ - INFO - 
Epoch 156/300 | lr 0.000159
2026-04-11 19:34:02 - __main__ - INFO - Train: loss 0.8774 acc1 99.26%
2026-04-11 19:34:02 - __main__ - INFO - Val:   loss 4.3481 acc1 29.92%
2026-04-11 19:34:02 - __main__ - INFO - 
Epoch 157/300 | lr 0.000157
2026-04-11 19:34:56 - __main__ - INFO - Train: loss 0.8737 acc1 99.39%
2026-04-11 19:34:56 - __main__ - INFO - Val:   loss 4.3246 acc1 29.98%
2026-04-11 19:34:56 - __main__ - INFO - 
Epoch 158/300 | lr 0.000156
2026-04-11 19:35:50 - __main__ - INFO - Train: loss 0.8716 acc1 99.47%
2026-04-11 19:35:50 - __main__ - INFO - Val:   loss 4.4018 acc1 28.83%
2026-04-11 19:35:50 - __main__ - INFO - 
Epoch 159/300 | lr 0.000154
2026-04-11 19:36:44 - __main__ - INFO - Train: loss 0.8761 acc1 99.31%
2026-04-11 19:36:44 - __main__ - INFO - Val:   loss 4.3617 acc1 28.99%
2026-04-11 19:36:44 - __main__ - INFO - 
Epoch 160/300 | lr 0.000152
2026-04-11 19:37:38 - __main__ - INFO - Train: loss 0.8740 acc1 99.34%
2026-04-11 19:37:38 - __main__ - INFO - Val:   loss 4.3049 acc1 30.24%
2026-04-11 19:37:38 - __main__ - INFO - 
Epoch 161/300 | lr 0.000150
2026-04-11 19:38:32 - __main__ - INFO - Train: loss 0.8731 acc1 99.42%
2026-04-11 19:38:32 - __main__ - INFO - Val:   loss 4.3439 acc1 29.67%
2026-04-11 19:38:32 - __main__ - INFO - 
Epoch 162/300 | lr 0.000149
2026-04-11 19:39:26 - __main__ - INFO - Train: loss 0.8730 acc1 99.40%
2026-04-11 19:39:26 - __main__ - INFO - Val:   loss 4.3685 acc1 29.72%
2026-04-11 19:39:26 - __main__ - INFO - 
Epoch 163/300 | lr 0.000147
2026-04-11 19:40:20 - __main__ - INFO - Train: loss 0.8731 acc1 99.41%
2026-04-11 19:40:20 - __main__ - INFO - Val:   loss 4.3529 acc1 29.88%
2026-04-11 19:40:20 - __main__ - INFO - 
Epoch 164/300 | lr 0.000145
2026-04-11 19:41:15 - __main__ - INFO - Train: loss 0.8698 acc1 99.50%
2026-04-11 19:41:15 - __main__ - INFO - Val:   loss 4.3050 acc1 30.42%
2026-04-11 19:41:15 - __main__ - INFO - 
Epoch 165/300 | lr 0.000144
2026-04-11 19:42:09 - __main__ - INFO - Train: loss 0.8706 acc1 99.48%
2026-04-11 19:42:09 - __main__ - INFO - Val:   loss 4.3883 acc1 29.28%
2026-04-11 19:42:09 - __main__ - INFO - 
Epoch 166/300 | lr 0.000142
2026-04-11 19:43:04 - __main__ - INFO - Train: loss 0.8726 acc1 99.42%
2026-04-11 19:43:04 - __main__ - INFO - Val:   loss 4.3454 acc1 29.56%
2026-04-11 19:43:04 - __main__ - INFO - 
Epoch 167/300 | lr 0.000140
2026-04-11 19:43:58 - __main__ - INFO - Train: loss 0.8705 acc1 99.49%
2026-04-11 19:43:58 - __main__ - INFO - Val:   loss 4.3271 acc1 29.93%
2026-04-11 19:43:58 - __main__ - INFO - 
Epoch 168/300 | lr 0.000139
2026-04-11 19:44:52 - __main__ - INFO - Train: loss 0.8716 acc1 99.41%
2026-04-11 19:44:52 - __main__ - INFO - Val:   loss 4.3810 acc1 29.40%
2026-04-11 19:44:52 - __main__ - INFO - 
Epoch 169/300 | lr 0.000137
2026-04-11 19:45:46 - __main__ - INFO - Train: loss 0.8693 acc1 99.49%
2026-04-11 19:45:46 - __main__ - INFO - Val:   loss 4.3583 acc1 29.95%
2026-04-11 19:45:46 - __main__ - INFO - 
Epoch 170/300 | lr 0.000135
2026-04-11 19:46:41 - __main__ - INFO - Train: loss 0.8651 acc1 99.64%
2026-04-11 19:46:41 - __main__ - INFO - Val:   loss 4.3346 acc1 30.16%
2026-04-11 19:46:41 - __main__ - INFO - 
Epoch 171/300 | lr 0.000134
2026-04-11 19:47:35 - __main__ - INFO - Train: loss 0.8692 acc1 99.51%
2026-04-11 19:47:35 - __main__ - INFO - Val:   loss 4.3181 acc1 29.64%
2026-04-11 19:47:35 - __main__ - INFO - 
Epoch 172/300 | lr 0.000132
2026-04-11 19:48:29 - __main__ - INFO - Train: loss 0.8683 acc1 99.53%
2026-04-11 19:48:29 - __main__ - INFO - Val:   loss 4.3261 acc1 30.17%
2026-04-11 19:48:29 - __main__ - INFO - 
Epoch 173/300 | lr 0.000130
2026-04-11 19:49:23 - __main__ - INFO - Train: loss 0.8690 acc1 99.52%
2026-04-11 19:49:23 - __main__ - INFO - Val:   loss 4.3667 acc1 29.39%
2026-04-11 19:49:23 - __main__ - INFO - 
Epoch 174/300 | lr 0.000129
2026-04-11 19:50:17 - __main__ - INFO - Train: loss 0.8682 acc1 99.54%
2026-04-11 19:50:17 - __main__ - INFO - Val:   loss 4.3561 acc1 30.15%
2026-04-11 19:50:17 - __main__ - INFO - 
Epoch 175/300 | lr 0.000127
2026-04-11 19:51:12 - __main__ - INFO - Train: loss 0.8666 acc1 99.58%
2026-04-11 19:51:12 - __main__ - INFO - Val:   loss 4.3723 acc1 29.84%
2026-04-11 19:51:12 - __main__ - INFO - 
Epoch 176/300 | lr 0.000125
2026-04-11 19:52:06 - __main__ - INFO - Train: loss 0.8662 acc1 99.62%
2026-04-11 19:52:06 - __main__ - INFO - Val:   loss 4.3613 acc1 29.76%
2026-04-11 19:52:06 - __main__ - INFO - 
Epoch 177/300 | lr 0.000124
2026-04-11 19:53:00 - __main__ - INFO - Train: loss 0.8669 acc1 99.57%
2026-04-11 19:53:00 - __main__ - INFO - Val:   loss 4.3470 acc1 29.52%
2026-04-11 19:53:00 - __main__ - INFO - 
Epoch 178/300 | lr 0.000122
2026-04-11 19:53:54 - __main__ - INFO - Train: loss 0.8651 acc1 99.63%
2026-04-11 19:53:54 - __main__ - INFO - Val:   loss 4.3538 acc1 30.05%
2026-04-11 19:53:54 - __main__ - INFO - 
Epoch 179/300 | lr 0.000121
2026-04-11 19:54:48 - __main__ - INFO - Train: loss 0.8676 acc1 99.53%
2026-04-11 19:54:48 - __main__ - INFO - Val:   loss 4.3556 acc1 29.48%
2026-04-11 19:54:48 - __main__ - INFO - 
Epoch 180/300 | lr 0.000119
2026-04-11 19:55:42 - __main__ - INFO - Train: loss 0.8660 acc1 99.60%
2026-04-11 19:55:42 - __main__ - INFO - Val:   loss 4.3267 acc1 30.24%
2026-04-11 19:55:42 - __main__ - INFO - 
Epoch 181/300 | lr 0.000117
2026-04-11 19:56:36 - __main__ - INFO - Train: loss 0.8646 acc1 99.63%
2026-04-11 19:56:36 - __main__ - INFO - Val:   loss 4.3491 acc1 29.70%
2026-04-11 19:56:36 - __main__ - INFO - 
Epoch 182/300 | lr 0.000116
2026-04-11 19:57:30 - __main__ - INFO - Train: loss 0.8643 acc1 99.65%
2026-04-11 19:57:30 - __main__ - INFO - Val:   loss 4.3616 acc1 29.40%
2026-04-11 19:57:30 - __main__ - INFO - 
Epoch 183/300 | lr 0.000114
2026-04-11 19:58:24 - __main__ - INFO - Train: loss 0.8630 acc1 99.67%
2026-04-11 19:58:24 - __main__ - INFO - Val:   loss 4.3687 acc1 29.55%
2026-04-11 19:58:24 - __main__ - INFO - 
Epoch 184/300 | lr 0.000112
2026-04-11 19:59:18 - __main__ - INFO - Train: loss 0.8644 acc1 99.65%
2026-04-11 19:59:18 - __main__ - INFO - Val:   loss 4.3216 acc1 29.99%
2026-04-11 19:59:18 - __main__ - INFO - 
Epoch 185/300 | lr 0.000111
2026-04-11 20:00:13 - __main__ - INFO - Train: loss 0.8621 acc1 99.71%
2026-04-11 20:00:13 - __main__ - INFO - Val:   loss 4.3449 acc1 29.84%
2026-04-11 20:00:13 - __main__ - INFO - 
Epoch 186/300 | lr 0.000109
2026-04-11 20:01:07 - __main__ - INFO - Train: loss 0.8649 acc1 99.62%
2026-04-11 20:01:07 - __main__ - INFO - Val:   loss 4.3084 acc1 30.47%
2026-04-11 20:01:07 - __main__ - INFO - 
Epoch 187/300 | lr 0.000108
2026-04-11 20:02:01 - __main__ - INFO - Train: loss 0.8627 acc1 99.71%
2026-04-11 20:02:01 - __main__ - INFO - Val:   loss 4.3394 acc1 30.21%
2026-04-11 20:02:01 - __main__ - INFO - 
Epoch 188/300 | lr 0.000106
2026-04-11 20:02:55 - __main__ - INFO - Train: loss 0.8629 acc1 99.68%
2026-04-11 20:02:55 - __main__ - INFO - Val:   loss 4.3681 acc1 29.60%
2026-04-11 20:02:55 - __main__ - INFO - 
Epoch 189/300 | lr 0.000104
2026-04-11 20:03:49 - __main__ - INFO - Train: loss 0.8633 acc1 99.66%
2026-04-11 20:03:49 - __main__ - INFO - Val:   loss 4.3617 acc1 29.95%
2026-04-11 20:03:49 - __main__ - INFO - 
Epoch 190/300 | lr 0.000103
2026-04-11 20:04:43 - __main__ - INFO - Train: loss 0.8605 acc1 99.75%
2026-04-11 20:04:43 - __main__ - INFO - Val:   loss 4.3589 acc1 30.30%
2026-04-11 20:04:43 - __main__ - INFO - 
Epoch 191/300 | lr 0.000101
2026-04-11 20:05:38 - __main__ - INFO - Train: loss 0.8632 acc1 99.67%
2026-04-11 20:05:38 - __main__ - INFO - Val:   loss 4.3619 acc1 29.57%
2026-04-11 20:05:38 - __main__ - INFO - 
Epoch 192/300 | lr 0.000100
2026-04-11 20:06:32 - __main__ - INFO - Train: loss 0.8593 acc1 99.79%
2026-04-11 20:06:32 - __main__ - INFO - Val:   loss 4.3570 acc1 30.26%
2026-04-11 20:06:32 - __main__ - INFO - 
Epoch 193/300 | lr 0.000098
2026-04-11 20:07:26 - __main__ - INFO - Train: loss 0.8610 acc1 99.74%
2026-04-11 20:07:26 - __main__ - INFO - Val:   loss 4.3185 acc1 30.58%
2026-04-11 20:07:26 - __main__ - INFO - 
Epoch 194/300 | lr 0.000096
2026-04-11 20:08:20 - __main__ - INFO - Train: loss 0.8610 acc1 99.74%
2026-04-11 20:08:20 - __main__ - INFO - Val:   loss 4.3800 acc1 30.21%
2026-04-11 20:08:20 - __main__ - INFO - 
Epoch 195/300 | lr 0.000095
2026-04-11 20:09:14 - __main__ - INFO - Train: loss 0.8595 acc1 99.79%
2026-04-11 20:09:14 - __main__ - INFO - Val:   loss 4.3982 acc1 29.37%
2026-04-11 20:09:14 - __main__ - INFO - 
Epoch 196/300 | lr 0.000093
2026-04-11 20:10:08 - __main__ - INFO - Train: loss 0.8617 acc1 99.72%
2026-04-11 20:10:08 - __main__ - INFO - Val:   loss 4.3733 acc1 29.91%
2026-04-11 20:10:08 - __main__ - INFO - 
Epoch 197/300 | lr 0.000092
2026-04-11 20:11:02 - __main__ - INFO - Train: loss 0.8593 acc1 99.78%
2026-04-11 20:11:02 - __main__ - INFO - Val:   loss 4.3330 acc1 30.32%
2026-04-11 20:11:02 - __main__ - INFO - 
Epoch 198/300 | lr 0.000090
2026-04-11 20:11:56 - __main__ - INFO - Train: loss 0.8591 acc1 99.79%
2026-04-11 20:11:56 - __main__ - INFO - Val:   loss 4.3447 acc1 30.38%
2026-04-11 20:11:56 - __main__ - INFO - 
Epoch 199/300 | lr 0.000089
2026-04-11 20:12:51 - __main__ - INFO - Train: loss 0.8590 acc1 99.78%
2026-04-11 20:12:51 - __main__ - INFO - Val:   loss 4.3264 acc1 30.47%
2026-04-11 20:12:51 - __main__ - INFO - 
Epoch 200/300 | lr 0.000087
2026-04-11 20:13:45 - __main__ - INFO - Train: loss 0.8600 acc1 99.75%
2026-04-11 20:13:45 - __main__ - INFO - Val:   loss 4.3482 acc1 30.27%
2026-04-11 20:13:45 - __main__ - INFO - 
Epoch 201/300 | lr 0.000086
2026-04-11 20:14:39 - __main__ - INFO - Train: loss 0.8579 acc1 99.83%
2026-04-11 20:14:39 - __main__ - INFO - Val:   loss 4.3806 acc1 29.88%
2026-04-11 20:14:39 - __main__ - INFO - 
Epoch 202/300 | lr 0.000084
2026-04-11 20:15:33 - __main__ - INFO - Train: loss 0.8597 acc1 99.77%
2026-04-11 20:15:33 - __main__ - INFO - Val:   loss 4.3306 acc1 30.24%
2026-04-11 20:15:33 - __main__ - INFO - 
Epoch 203/300 | lr 0.000083
2026-04-11 20:16:27 - __main__ - INFO - Train: loss 0.8578 acc1 99.83%
2026-04-11 20:16:27 - __main__ - INFO - Val:   loss 4.3778 acc1 30.08%
2026-04-11 20:16:27 - __main__ - INFO - 
Epoch 204/300 | lr 0.000081
2026-04-11 20:17:21 - __main__ - INFO - Train: loss 0.8583 acc1 99.81%
2026-04-11 20:17:21 - __main__ - INFO - Val:   loss 4.3779 acc1 29.97%
2026-04-11 20:17:21 - __main__ - INFO - 
Epoch 205/300 | lr 0.000080
2026-04-11 20:18:15 - __main__ - INFO - Train: loss 0.8575 acc1 99.82%
2026-04-11 20:18:15 - __main__ - INFO - Val:   loss 4.3422 acc1 30.51%
2026-04-11 20:18:15 - __main__ - INFO - 
Epoch 206/300 | lr 0.000078
2026-04-11 20:19:10 - __main__ - INFO - Train: loss 0.8588 acc1 99.79%
2026-04-11 20:19:10 - __main__ - INFO - Val:   loss 4.3254 acc1 30.76%
2026-04-11 20:19:10 - __main__ - INFO - 
Epoch 207/300 | lr 0.000077
2026-04-11 20:20:04 - __main__ - INFO - Train: loss 0.8571 acc1 99.84%
2026-04-11 20:20:04 - __main__ - INFO - Val:   loss 4.3487 acc1 30.08%
2026-04-11 20:20:04 - __main__ - INFO - 
Epoch 208/300 | lr 0.000075
2026-04-11 20:20:58 - __main__ - INFO - Train: loss 0.8579 acc1 99.82%
2026-04-11 20:20:58 - __main__ - INFO - Val:   loss 4.3292 acc1 30.42%
2026-04-11 20:20:58 - __main__ - INFO - 
Epoch 209/300 | lr 0.000074
2026-04-11 20:21:52 - __main__ - INFO - Train: loss 0.8573 acc1 99.83%
2026-04-11 20:21:52 - __main__ - INFO - Val:   loss 4.3310 acc1 31.08%
2026-04-11 20:21:52 - __main__ - INFO - 
Epoch 210/300 | lr 0.000072
2026-04-11 20:22:46 - __main__ - INFO - Train: loss 0.8565 acc1 99.85%
2026-04-11 20:22:46 - __main__ - INFO - Val:   loss 4.3617 acc1 30.24%
2026-04-11 20:22:46 - __main__ - INFO - 
Epoch 211/300 | lr 0.000071
2026-04-11 20:23:40 - __main__ - INFO - Train: loss 0.8565 acc1 99.86%
2026-04-11 20:23:40 - __main__ - INFO - Val:   loss 4.3531 acc1 30.39%
2026-04-11 20:23:40 - __main__ - INFO - 
Epoch 212/300 | lr 0.000070
2026-04-11 20:24:34 - __main__ - INFO - Train: loss 0.8556 acc1 99.90%
2026-04-11 20:24:34 - __main__ - INFO - Val:   loss 4.3400 acc1 30.71%
2026-04-11 20:24:34 - __main__ - INFO - 
Epoch 213/300 | lr 0.000068
2026-04-11 20:25:28 - __main__ - INFO - Train: loss 0.8555 acc1 99.89%
2026-04-11 20:25:28 - __main__ - INFO - Val:   loss 4.3172 acc1 30.99%
2026-04-11 20:25:28 - __main__ - INFO - 
Epoch 214/300 | lr 0.000067
2026-04-11 20:26:22 - __main__ - INFO - Train: loss 0.8573 acc1 99.82%
2026-04-11 20:26:22 - __main__ - INFO - Val:   loss 4.3617 acc1 30.64%
2026-04-11 20:26:22 - __main__ - INFO - 
Epoch 215/300 | lr 0.000065
2026-04-11 20:27:17 - __main__ - INFO - Train: loss 0.8557 acc1 99.87%
2026-04-11 20:27:17 - __main__ - INFO - Val:   loss 4.3242 acc1 31.08%
2026-04-11 20:27:17 - __main__ - INFO - 
Epoch 216/300 | lr 0.000064
2026-04-11 20:28:11 - __main__ - INFO - Train: loss 0.8550 acc1 99.90%
2026-04-11 20:28:11 - __main__ - INFO - Val:   loss 4.3871 acc1 29.84%
2026-04-11 20:28:11 - __main__ - INFO - 
Epoch 217/300 | lr 0.000063
2026-04-11 20:29:05 - __main__ - INFO - Train: loss 0.8559 acc1 99.87%
2026-04-11 20:29:05 - __main__ - INFO - Val:   loss 4.3466 acc1 30.50%
2026-04-11 20:29:05 - __main__ - INFO - 
Epoch 218/300 | lr 0.000061
2026-04-11 20:29:59 - __main__ - INFO - Train: loss 0.8567 acc1 99.86%
2026-04-11 20:29:59 - __main__ - INFO - Val:   loss 4.3458 acc1 30.94%
2026-04-11 20:29:59 - __main__ - INFO - 
Epoch 219/300 | lr 0.000060
2026-04-11 20:30:53 - __main__ - INFO - Train: loss 0.8541 acc1 99.91%
2026-04-11 20:30:53 - __main__ - INFO - Val:   loss 4.3610 acc1 30.66%
2026-04-11 20:30:53 - __main__ - INFO - 
Epoch 220/300 | lr 0.000059
2026-04-11 20:31:47 - __main__ - INFO - Train: loss 0.8547 acc1 99.91%
2026-04-11 20:31:47 - __main__ - INFO - Val:   loss 4.3587 acc1 30.40%
2026-04-11 20:31:47 - __main__ - INFO - 
Epoch 221/300 | lr 0.000057
2026-04-11 20:32:41 - __main__ - INFO - Train: loss 0.8552 acc1 99.90%
2026-04-11 20:32:41 - __main__ - INFO - Val:   loss 4.3876 acc1 30.17%
2026-04-11 20:32:41 - __main__ - INFO - 
Epoch 222/300 | lr 0.000056
2026-04-11 20:33:35 - __main__ - INFO - Train: loss 0.8556 acc1 99.87%
2026-04-11 20:33:35 - __main__ - INFO - Val:   loss 4.3785 acc1 30.21%
2026-04-11 20:33:35 - __main__ - INFO - 
Epoch 223/300 | lr 0.000055
2026-04-11 20:34:29 - __main__ - INFO - Train: loss 0.8554 acc1 99.87%
2026-04-11 20:34:29 - __main__ - INFO - Val:   loss 4.3826 acc1 30.31%
2026-04-11 20:34:29 - __main__ - INFO - 
Epoch 224/300 | lr 0.000053
2026-04-11 20:35:23 - __main__ - INFO - Train: loss 0.8542 acc1 99.91%
2026-04-11 20:35:23 - __main__ - INFO - Val:   loss 4.3272 acc1 30.68%
2026-04-11 20:35:23 - __main__ - INFO - 
Epoch 225/300 | lr 0.000052
2026-04-11 20:36:17 - __main__ - INFO - Train: loss 0.8549 acc1 99.89%
2026-04-11 20:36:17 - __main__ - INFO - Val:   loss 4.3245 acc1 31.00%
2026-04-11 20:36:17 - __main__ - INFO - 
Epoch 226/300 | lr 0.000051
2026-04-11 20:37:11 - __main__ - INFO - Train: loss 0.8535 acc1 99.92%
2026-04-11 20:37:11 - __main__ - INFO - Val:   loss 4.3337 acc1 30.67%
2026-04-11 20:37:11 - __main__ - INFO - 
Epoch 227/300 | lr 0.000050
2026-04-11 20:38:06 - __main__ - INFO - Train: loss 0.8541 acc1 99.91%
2026-04-11 20:38:06 - __main__ - INFO - Val:   loss 4.3590 acc1 30.61%
2026-04-11 20:38:06 - __main__ - INFO - 
Epoch 228/300 | lr 0.000048
2026-04-11 20:39:00 - __main__ - INFO - Train: loss 0.8531 acc1 99.94%
2026-04-11 20:39:00 - __main__ - INFO - Val:   loss 4.3638 acc1 30.37%
2026-04-11 20:39:00 - __main__ - INFO - 
Epoch 229/300 | lr 0.000047
2026-04-11 20:39:54 - __main__ - INFO - Train: loss 0.8532 acc1 99.94%
2026-04-11 20:39:54 - __main__ - INFO - Val:   loss 4.3267 acc1 30.96%
2026-04-11 20:39:54 - __main__ - INFO - 
Epoch 230/300 | lr 0.000046
2026-04-11 20:40:48 - __main__ - INFO - Train: loss 0.8529 acc1 99.95%
2026-04-11 20:40:48 - __main__ - INFO - Val:   loss 4.3290 acc1 31.03%
2026-04-11 20:40:48 - __main__ - INFO - 
Epoch 231/300 | lr 0.000045
2026-04-11 20:41:42 - __main__ - INFO - Train: loss 0.8534 acc1 99.94%
2026-04-11 20:41:42 - __main__ - INFO - Val:   loss 4.3129 acc1 31.43%
2026-04-11 20:41:42 - __main__ - INFO - saved best: 31.43%
2026-04-11 20:41:42 - __main__ - INFO - 
Epoch 232/300 | lr 0.000044
2026-04-11 20:42:36 - __main__ - INFO - Train: loss 0.8536 acc1 99.93%
2026-04-11 20:42:36 - __main__ - INFO - Val:   loss 4.3186 acc1 30.81%
2026-04-11 20:42:36 - __main__ - INFO - 
Epoch 233/300 | lr 0.000042
2026-04-11 20:43:31 - __main__ - INFO - Train: loss 0.8534 acc1 99.94%
2026-04-11 20:43:31 - __main__ - INFO - Val:   loss 4.3478 acc1 30.67%
2026-04-11 20:43:31 - __main__ - INFO - 
Epoch 234/300 | lr 0.000041
2026-04-11 20:44:26 - __main__ - INFO - Train: loss 0.8527 acc1 99.95%
2026-04-11 20:44:26 - __main__ - INFO - Val:   loss 4.3191 acc1 30.85%
2026-04-11 20:44:26 - __main__ - INFO - 
Epoch 235/300 | lr 0.000040
2026-04-11 20:45:20 - __main__ - INFO - Train: loss 0.8522 acc1 99.96%
2026-04-11 20:45:20 - __main__ - INFO - Val:   loss 4.3033 acc1 30.85%
2026-04-11 20:45:20 - __main__ - INFO - 
Epoch 236/300 | lr 0.000039
2026-04-11 20:46:15 - __main__ - INFO - Train: loss 0.8528 acc1 99.94%
2026-04-11 20:46:15 - __main__ - INFO - Val:   loss 4.3550 acc1 30.57%
2026-04-11 20:46:15 - __main__ - INFO - 
Epoch 237/300 | lr 0.000038
2026-04-11 20:47:09 - __main__ - INFO - Train: loss 0.8527 acc1 99.95%
2026-04-11 20:47:09 - __main__ - INFO - Val:   loss 4.3115 acc1 31.29%
2026-04-11 20:47:09 - __main__ - INFO - 
Epoch 238/300 | lr 0.000037
2026-04-11 20:48:04 - __main__ - INFO - Train: loss 0.8525 acc1 99.95%
2026-04-11 20:48:04 - __main__ - INFO - Val:   loss 4.3203 acc1 31.13%
2026-04-11 20:48:04 - __main__ - INFO - 
Epoch 239/300 | lr 0.000036
2026-04-11 20:48:59 - __main__ - INFO - Train: loss 0.8527 acc1 99.94%
2026-04-11 20:48:59 - __main__ - INFO - Val:   loss 4.3272 acc1 30.87%
2026-04-11 20:48:59 - __main__ - INFO - 
Epoch 240/300 | lr 0.000035
2026-04-11 20:49:53 - __main__ - INFO - Train: loss 0.8519 acc1 99.97%
2026-04-11 20:49:53 - __main__ - INFO - Val:   loss 4.3382 acc1 30.85%
2026-04-11 20:49:53 - __main__ - INFO - 
Epoch 241/300 | lr 0.000034
2026-04-11 20:50:48 - __main__ - INFO - Train: loss 0.8527 acc1 99.94%
2026-04-11 20:50:48 - __main__ - INFO - Val:   loss 4.3379 acc1 31.43%
2026-04-11 20:50:48 - __main__ - INFO - 
Epoch 242/300 | lr 0.000033
2026-04-11 20:51:43 - __main__ - INFO - Train: loss 0.8525 acc1 99.95%
2026-04-11 20:51:43 - __main__ - INFO - Val:   loss 4.3574 acc1 30.52%
2026-04-11 20:51:43 - __main__ - INFO - 
Epoch 243/300 | lr 0.000032
2026-04-11 20:52:37 - __main__ - INFO - Train: loss 0.8521 acc1 99.96%
2026-04-11 20:52:37 - __main__ - INFO - Val:   loss 4.3457 acc1 30.69%
2026-04-11 20:52:37 - __main__ - INFO - 
Epoch 244/300 | lr 0.000031
2026-04-11 20:53:32 - __main__ - INFO - Train: loss 0.8518 acc1 99.97%
2026-04-11 20:53:32 - __main__ - INFO - Val:   loss 4.3225 acc1 31.36%
2026-04-11 20:53:32 - __main__ - INFO - 
Epoch 245/300 | lr 0.000030
2026-04-11 20:54:26 - __main__ - INFO - Train: loss 0.8518 acc1 99.97%
2026-04-11 20:54:26 - __main__ - INFO - Val:   loss 4.3358 acc1 31.40%
2026-04-11 20:54:26 - __main__ - INFO - 
Epoch 246/300 | lr 0.000029
2026-04-11 20:55:21 - __main__ - INFO - Train: loss 0.8520 acc1 99.96%
2026-04-11 20:55:21 - __main__ - INFO - Val:   loss 4.3311 acc1 30.93%
2026-04-11 20:55:21 - __main__ - INFO - 
Epoch 247/300 | lr 0.000028
2026-04-11 20:56:15 - __main__ - INFO - Train: loss 0.8518 acc1 99.97%
2026-04-11 20:56:15 - __main__ - INFO - Val:   loss 4.3621 acc1 30.57%
2026-04-11 20:56:15 - __main__ - INFO - 
Epoch 248/300 | lr 0.000027
2026-04-11 20:57:10 - __main__ - INFO - Train: loss 0.8519 acc1 99.97%
2026-04-11 20:57:10 - __main__ - INFO - Val:   loss 4.3815 acc1 30.94%
2026-04-11 20:57:10 - __main__ - INFO - 
Epoch 249/300 | lr 0.000026
2026-04-11 20:58:04 - __main__ - INFO - Train: loss 0.8524 acc1 99.94%
2026-04-11 20:58:04 - __main__ - INFO - Val:   loss 4.3706 acc1 30.94%
2026-04-11 20:58:04 - __main__ - INFO - 
Epoch 250/300 | lr 0.000025
2026-04-11 20:58:58 - __main__ - INFO - Train: loss 0.8519 acc1 99.96%
2026-04-11 20:58:58 - __main__ - INFO - Val:   loss 4.3316 acc1 31.50%
2026-04-11 20:58:58 - __main__ - INFO - saved best: 31.50%
2026-04-11 20:58:58 - __main__ - INFO - 
Epoch 251/300 | lr 0.000024
2026-04-11 20:59:53 - __main__ - INFO - Train: loss 0.8517 acc1 99.97%
2026-04-11 20:59:53 - __main__ - INFO - Val:   loss 4.3285 acc1 31.43%
2026-04-11 20:59:53 - __main__ - INFO - 
Epoch 252/300 | lr 0.000023
2026-04-11 21:00:47 - __main__ - INFO - Train: loss 0.8515 acc1 99.97%
2026-04-11 21:00:47 - __main__ - INFO - Val:   loss 4.3757 acc1 30.99%
2026-04-11 21:00:47 - __main__ - INFO - 
Epoch 253/300 | lr 0.000022
2026-04-11 21:01:41 - __main__ - INFO - Train: loss 0.8515 acc1 99.98%
2026-04-11 21:01:41 - __main__ - INFO - Val:   loss 4.3340 acc1 31.36%
2026-04-11 21:01:41 - __main__ - INFO - 
Epoch 254/300 | lr 0.000021
2026-04-11 21:02:36 - __main__ - INFO - Train: loss 0.8514 acc1 99.98%
2026-04-11 21:02:36 - __main__ - INFO - Val:   loss 4.3399 acc1 31.49%
2026-04-11 21:02:36 - __main__ - INFO - 
Epoch 255/300 | lr 0.000020
2026-04-11 21:03:30 - __main__ - INFO - Train: loss 0.8514 acc1 99.98%
2026-04-11 21:03:30 - __main__ - INFO - Val:   loss 4.3627 acc1 30.92%
2026-04-11 21:03:30 - __main__ - INFO - 
Epoch 256/300 | lr 0.000020
2026-04-11 21:04:24 - __main__ - INFO - Train: loss 0.8513 acc1 99.98%
2026-04-11 21:04:24 - __main__ - INFO - Val:   loss 4.3762 acc1 30.90%
2026-04-11 21:04:24 - __main__ - INFO - 
Epoch 257/300 | lr 0.000019
2026-04-11 21:05:18 - __main__ - INFO - Train: loss 0.8513 acc1 99.97%
2026-04-11 21:05:18 - __main__ - INFO - Val:   loss 4.3674 acc1 30.99%
2026-04-11 21:05:18 - __main__ - INFO - 
Epoch 258/300 | lr 0.000018
2026-04-11 21:06:12 - __main__ - INFO - Train: loss 0.8516 acc1 99.97%
2026-04-11 21:06:12 - __main__ - INFO - Val:   loss 4.3913 acc1 30.89%
2026-04-11 21:06:12 - __main__ - INFO - 
Epoch 259/300 | lr 0.000017
2026-04-11 21:07:07 - __main__ - INFO - Train: loss 0.8515 acc1 99.97%
2026-04-11 21:07:07 - __main__ - INFO - Val:   loss 4.3998 acc1 30.73%
2026-04-11 21:07:07 - __main__ - INFO - 
Epoch 260/300 | lr 0.000017
2026-04-11 21:08:01 - __main__ - INFO - Train: loss 0.8516 acc1 99.97%
2026-04-11 21:08:01 - __main__ - INFO - Val:   loss 4.3751 acc1 30.92%
2026-04-11 21:08:01 - __main__ - INFO - 
Epoch 261/300 | lr 0.000016
2026-04-11 21:08:56 - __main__ - INFO - Train: loss 0.8514 acc1 99.97%
2026-04-11 21:08:56 - __main__ - INFO - Val:   loss 4.3510 acc1 31.45%
2026-04-11 21:08:56 - __main__ - INFO - 
Epoch 262/300 | lr 0.000015
2026-04-11 21:09:50 - __main__ - INFO - Train: loss 0.8513 acc1 99.98%
2026-04-11 21:09:50 - __main__ - INFO - Val:   loss 4.3584 acc1 31.53%
2026-04-11 21:09:50 - __main__ - INFO - saved best: 31.53%
2026-04-11 21:09:50 - __main__ - INFO - 
Epoch 263/300 | lr 0.000014
2026-04-11 21:10:44 - __main__ - INFO - Train: loss 0.8513 acc1 99.97%
2026-04-11 21:10:44 - __main__ - INFO - Val:   loss 4.3883 acc1 31.30%
2026-04-11 21:10:44 - __main__ - INFO - 
Epoch 264/300 | lr 0.000014
2026-04-11 21:11:38 - __main__ - INFO - Train: loss 0.8513 acc1 99.98%
2026-04-11 21:11:38 - __main__ - INFO - Val:   loss 4.3650 acc1 31.37%
2026-04-11 21:11:38 - __main__ - INFO - 
Epoch 265/300 | lr 0.000013
2026-04-11 21:12:33 - __main__ - INFO - Train: loss 0.8513 acc1 99.97%
2026-04-11 21:12:33 - __main__ - INFO - Val:   loss 4.3630 acc1 31.71%
2026-04-11 21:12:33 - __main__ - INFO - saved best: 31.71%
2026-04-11 21:12:33 - __main__ - INFO - 
Epoch 266/300 | lr 0.000012
2026-04-11 21:13:28 - __main__ - INFO - Train: loss 0.8513 acc1 99.98%
2026-04-11 21:13:28 - __main__ - INFO - Val:   loss 4.3936 acc1 31.56%
2026-04-11 21:13:28 - __main__ - INFO - 
Epoch 267/300 | lr 0.000012
2026-04-11 21:14:22 - __main__ - INFO - Train: loss 0.8512 acc1 99.97%
2026-04-11 21:14:22 - __main__ - INFO - Val:   loss 4.3787 acc1 31.34%
2026-04-11 21:14:22 - __main__ - INFO - 
Epoch 268/300 | lr 0.000011
2026-04-11 21:15:16 - __main__ - INFO - Train: loss 0.8512 acc1 99.98%
2026-04-11 21:15:16 - __main__ - INFO - Val:   loss 4.3821 acc1 31.28%
2026-04-11 21:15:16 - __main__ - INFO - 
Epoch 269/300 | lr 0.000011
2026-04-11 21:16:10 - __main__ - INFO - Train: loss 0.8511 acc1 99.97%
2026-04-11 21:16:10 - __main__ - INFO - Val:   loss 4.3869 acc1 31.18%
2026-04-11 21:16:10 - __main__ - INFO - 
Epoch 270/300 | lr 0.000010
2026-04-11 21:17:04 - __main__ - INFO - Train: loss 0.8511 acc1 99.97%
2026-04-11 21:17:04 - __main__ - INFO - Val:   loss 4.3835 acc1 31.22%
2026-04-11 21:17:04 - __main__ - INFO - 
Epoch 271/300 | lr 0.000009
2026-04-11 21:17:59 - __main__ - INFO - Train: loss 0.8512 acc1 99.97%
2026-04-11 21:17:59 - __main__ - INFO - Val:   loss 4.3959 acc1 30.99%
2026-04-11 21:17:59 - __main__ - INFO - 
Epoch 272/300 | lr 0.000009
2026-04-11 21:18:53 - __main__ - INFO - Train: loss 0.8511 acc1 99.97%
2026-04-11 21:18:53 - __main__ - INFO - Val:   loss 4.3835 acc1 31.17%
2026-04-11 21:18:53 - __main__ - INFO - 
Epoch 273/300 | lr 0.000008
2026-04-11 21:19:47 - __main__ - INFO - Train: loss 0.8511 acc1 99.98%
2026-04-11 21:19:47 - __main__ - INFO - Val:   loss 4.3880 acc1 31.30%
2026-04-11 21:19:47 - __main__ - INFO - 
Epoch 274/300 | lr 0.000008
2026-04-11 21:20:42 - __main__ - INFO - Train: loss 0.8511 acc1 99.97%
2026-04-11 21:20:42 - __main__ - INFO - Val:   loss 4.3897 acc1 31.24%
2026-04-11 21:20:42 - __main__ - INFO - 
Epoch 275/300 | lr 0.000007
2026-04-11 21:21:36 - __main__ - INFO - Train: loss 0.8511 acc1 99.98%
2026-04-11 21:21:36 - __main__ - INFO - Val:   loss 4.3940 acc1 31.27%
2026-04-11 21:21:36 - __main__ - INFO - 
Epoch 276/300 | lr 0.000007
2026-04-11 21:22:31 - __main__ - INFO - Train: loss 0.8511 acc1 99.98%
2026-04-11 21:22:31 - __main__ - INFO - Val:   loss 4.3921 acc1 31.27%
2026-04-11 21:22:31 - __main__ - INFO - 
Epoch 277/300 | lr 0.000006
2026-04-11 21:23:25 - __main__ - INFO - Train: loss 0.8511 acc1 99.98%
2026-04-11 21:23:25 - __main__ - INFO - Val:   loss 4.3954 acc1 31.25%
2026-04-11 21:23:25 - __main__ - INFO - 
Epoch 278/300 | lr 0.000006
2026-04-11 21:24:20 - __main__ - INFO - Train: loss 0.8511 acc1 99.97%
2026-04-11 21:24:20 - __main__ - INFO - Val:   loss 4.3976 acc1 31.45%
2026-04-11 21:24:20 - __main__ - INFO - 
Epoch 279/300 | lr 0.000006
2026-04-11 21:25:14 - __main__ - INFO - Train: loss 0.8511 acc1 99.98%
2026-04-11 21:25:14 - __main__ - INFO - Val:   loss 4.4235 acc1 31.44%
2026-04-11 21:25:14 - __main__ - INFO - 
Epoch 280/300 | lr 0.000005
2026-04-11 21:26:09 - __main__ - INFO - Train: loss 0.8511 acc1 99.97%
2026-04-11 21:26:09 - __main__ - INFO - Val:   loss 4.4097 acc1 31.28%
2026-04-11 21:26:09 - __main__ - INFO - 
Epoch 281/300 | lr 0.000005
2026-04-11 21:27:03 - __main__ - INFO - Train: loss 0.8511 acc1 99.98%
2026-04-11 21:27:03 - __main__ - INFO - Val:   loss 4.4118 acc1 31.45%
2026-04-11 21:27:03 - __main__ - INFO - 
Epoch 282/300 | lr 0.000004
2026-04-11 21:27:57 - __main__ - INFO - Train: loss 0.8511 acc1 99.98%
2026-04-11 21:27:57 - __main__ - INFO - Val:   loss 4.4105 acc1 31.30%
2026-04-11 21:27:57 - __main__ - INFO - 
Epoch 283/300 | lr 0.000004
2026-04-11 21:28:52 - __main__ - INFO - Train: loss 0.8511 acc1 99.98%
2026-04-11 21:28:52 - __main__ - INFO - Val:   loss 4.4097 acc1 31.29%
2026-04-11 21:28:52 - __main__ - INFO - 
Epoch 284/300 | lr 0.000004
2026-04-11 21:29:46 - __main__ - INFO - Train: loss 0.8510 acc1 99.98%
2026-04-11 21:29:46 - __main__ - INFO - Val:   loss 4.4079 acc1 31.10%
2026-04-11 21:29:46 - __main__ - INFO - 
Epoch 285/300 | lr 0.000003
2026-04-11 21:30:41 - __main__ - INFO - Train: loss 0.8510 acc1 99.98%
2026-04-11 21:30:41 - __main__ - INFO - Val:   loss 4.4061 acc1 31.35%
2026-04-11 21:30:41 - __main__ - INFO - 
Epoch 286/300 | lr 0.000003
2026-04-11 21:31:35 - __main__ - INFO - Train: loss 0.8510 acc1 99.98%
2026-04-11 21:31:35 - __main__ - INFO - Val:   loss 4.4108 acc1 31.44%
2026-04-11 21:31:35 - __main__ - INFO - 
Epoch 287/300 | lr 0.000003
2026-04-11 21:32:30 - __main__ - INFO - Train: loss 0.8510 acc1 99.98%
2026-04-11 21:32:30 - __main__ - INFO - Val:   loss 4.4100 acc1 31.44%
2026-04-11 21:32:30 - __main__ - INFO - 
Epoch 288/300 | lr 0.000003
2026-04-11 21:33:24 - __main__ - INFO - Train: loss 0.8510 acc1 99.98%
2026-04-11 21:33:24 - __main__ - INFO - Val:   loss 4.4081 acc1 31.38%
2026-04-11 21:33:24 - __main__ - INFO - 
Epoch 289/300 | lr 0.000002
2026-04-11 21:34:19 - __main__ - INFO - Train: loss 0.8510 acc1 99.98%
2026-04-11 21:34:19 - __main__ - INFO - Val:   loss 4.4088 acc1 31.43%
2026-04-11 21:34:19 - __main__ - INFO - 
Epoch 290/300 | lr 0.000002
2026-04-11 21:35:13 - __main__ - INFO - Train: loss 0.8510 acc1 99.98%
2026-04-11 21:35:13 - __main__ - INFO - Val:   loss 4.4095 acc1 31.38%
2026-04-11 21:35:13 - __main__ - INFO - 
Epoch 291/300 | lr 0.000002
2026-04-11 21:36:07 - __main__ - INFO - Train: loss 0.8510 acc1 99.98%
2026-04-11 21:36:07 - __main__ - INFO - Val:   loss 4.4084 acc1 31.44%
2026-04-11 21:36:07 - __main__ - INFO - 
Epoch 292/300 | lr 0.000002
2026-04-11 21:37:02 - __main__ - INFO - Train: loss 0.8510 acc1 99.99%
2026-04-11 21:37:02 - __main__ - INFO - Val:   loss 4.4074 acc1 31.49%
2026-04-11 21:37:02 - __main__ - INFO - 
Epoch 293/300 | lr 0.000002
2026-04-11 21:37:56 - __main__ - INFO - Train: loss 0.8510 acc1 99.97%
2026-04-11 21:37:56 - __main__ - INFO - Val:   loss 4.4095 acc1 31.46%
2026-04-11 21:37:56 - __main__ - INFO - 
Epoch 294/300 | lr 0.000001
2026-04-11 21:38:51 - __main__ - INFO - Train: loss 0.8510 acc1 99.98%
2026-04-11 21:38:51 - __main__ - INFO - Val:   loss 4.4104 acc1 31.39%
2026-04-11 21:38:51 - __main__ - INFO - 
Epoch 295/300 | lr 0.000001
2026-04-11 21:39:45 - __main__ - INFO - Train: loss 0.8510 acc1 99.98%
2026-04-11 21:39:45 - __main__ - INFO - Val:   loss 4.4114 acc1 31.43%
2026-04-11 21:39:45 - __main__ - INFO - 
Epoch 296/300 | lr 0.000001
2026-04-11 21:40:39 - __main__ - INFO - Train: loss 0.8510 acc1 99.98%
2026-04-11 21:40:39 - __main__ - INFO - Val:   loss 4.4127 acc1 31.46%
2026-04-11 21:40:39 - __main__ - INFO - 
Epoch 297/300 | lr 0.000001
2026-04-11 21:41:34 - __main__ - INFO - Train: loss 0.8510 acc1 99.98%
2026-04-11 21:41:34 - __main__ - INFO - Val:   loss 4.4137 acc1 31.44%
2026-04-11 21:41:34 - __main__ - INFO - 
Epoch 298/300 | lr 0.000001
2026-04-11 21:42:28 - __main__ - INFO - Train: loss 0.8510 acc1 99.98%
2026-04-11 21:42:28 - __main__ - INFO - Val:   loss 4.4146 acc1 31.50%
2026-04-11 21:42:28 - __main__ - INFO - 
Epoch 299/300 | lr 0.000001
2026-04-11 21:43:23 - __main__ - INFO - Train: loss 0.8510 acc1 99.98%
2026-04-11 21:43:23 - __main__ - INFO - Val:   loss 4.4158 acc1 31.47%
2026-04-11 21:43:23 - __main__ - INFO - 
Epoch 300/300 | lr 0.000001
2026-04-11 21:44:17 - __main__ - INFO - Train: loss 0.8510 acc1 99.98%
2026-04-11 21:44:17 - __main__ - INFO - Val:   loss 4.4168 acc1 31.46%
2026-04-11 21:44:17 - __main__ - INFO - Loaded best checkpoint weights for final test evaluation.
2026-04-11 21:44:22 - __main__ - INFO - 
Best tracked (val): 31.71%
2026-04-11 21:44:22 - __main__ - INFO - Final test: loss 4.3396 acc1 32.02%
2026-04-11 21:44:33 - __main__ - INFO - Variant [original] done — test acc 32.02%, test loss 4.3396
2026-04-11 21:44:33 - __main__ - INFO - 
============================================================
2026-04-11 21:44:33 - __main__ - INFO - Training output model: vit_b_16 [low_saliency]
2026-04-11 21:44:33 - __main__ - INFO -   Resolved config → opt=adamw, lr=0.0003, wd=0.05, bs=128, epochs=300, scheduler=cosine, warmup=20
2026-04-11 21:44:33 - __main__ - INFO - ============================================================
2026-04-11 21:44:33 - __main__ - INFO -   Validation during training uses variant split with val_split=0.1
2026-04-11 21:44:33 - __main__ - INFO -   Final test uses low_saliency variant test split
2026-04-11 21:44:33 - __main__ - INFO - device: cuda | cuda: True | gpu: NVIDIA L4
2026-04-11 21:44:34 - __main__ - INFO - Model: vit_b_16 | Dataset: tiny_imagenet | Classes: 200 | Optimizer: adamw
2026-04-11 21:44:34 - __main__ - INFO - 
Epoch 1/300 | lr 0.000000
2026-04-11 21:45:29 - __main__ - INFO - Train: loss 5.3195 acc1 0.94%
2026-04-11 21:45:29 - __main__ - INFO - Val:   loss 5.2371 acc1 1.62%
2026-04-11 21:45:29 - __main__ - INFO - saved best: 1.62%
2026-04-11 21:45:29 - __main__ - INFO - 
Epoch 2/300 | lr 0.000015
2026-04-11 21:46:23 - __main__ - INFO - Train: loss 4.9181 acc1 4.59%
2026-04-11 21:46:23 - __main__ - INFO - Val:   loss 4.7327 acc1 6.21%
2026-04-11 21:46:23 - __main__ - INFO - saved best: 6.21%
2026-04-11 21:46:23 - __main__ - INFO - 
Epoch 3/300 | lr 0.000030
2026-04-11 21:47:17 - __main__ - INFO - Train: loss 4.6304 acc1 8.22%
2026-04-11 21:47:17 - __main__ - INFO - Val:   loss 4.5166 acc1 8.95%
2026-04-11 21:47:17 - __main__ - INFO - saved best: 8.95%
2026-04-11 21:47:17 - __main__ - INFO - 
Epoch 4/300 | lr 0.000045
2026-04-11 21:48:12 - __main__ - INFO - Train: loss 4.4257 acc1 10.99%
2026-04-11 21:48:12 - __main__ - INFO - Val:   loss 4.3252 acc1 12.37%
2026-04-11 21:48:12 - __main__ - INFO - saved best: 12.37%
2026-04-11 21:48:12 - __main__ - INFO - 
Epoch 5/300 | lr 0.000060
2026-04-11 21:49:07 - __main__ - INFO - Train: loss 4.2723 acc1 13.67%
2026-04-11 21:49:07 - __main__ - INFO - Val:   loss 4.2191 acc1 14.28%
2026-04-11 21:49:07 - __main__ - INFO - saved best: 14.28%
2026-04-11 21:49:07 - __main__ - INFO - 
Epoch 6/300 | lr 0.000075
2026-04-11 21:50:01 - __main__ - INFO - Train: loss 4.1317 acc1 15.98%
2026-04-11 21:50:01 - __main__ - INFO - Val:   loss 4.1541 acc1 15.46%
2026-04-11 21:50:01 - __main__ - INFO - saved best: 15.46%
2026-04-11 21:50:01 - __main__ - INFO - 
Epoch 7/300 | lr 0.000090
2026-04-11 21:50:55 - __main__ - INFO - Train: loss 4.0043 acc1 18.45%
2026-04-11 21:50:55 - __main__ - INFO - Val:   loss 3.9989 acc1 18.29%
2026-04-11 21:50:55 - __main__ - INFO - saved best: 18.29%
2026-04-11 21:50:55 - __main__ - INFO - 
Epoch 8/300 | lr 0.000105
2026-04-11 21:51:49 - __main__ - INFO - Train: loss 3.8986 acc1 20.18%
2026-04-11 21:51:49 - __main__ - INFO - Val:   loss 3.9967 acc1 18.44%
2026-04-11 21:51:49 - __main__ - INFO - saved best: 18.44%
2026-04-11 21:51:49 - __main__ - INFO - 
Epoch 9/300 | lr 0.000120
2026-04-11 21:52:43 - __main__ - INFO - Train: loss 3.7981 acc1 22.23%
2026-04-11 21:52:43 - __main__ - INFO - Val:   loss 3.8375 acc1 21.65%
2026-04-11 21:52:43 - __main__ - INFO - saved best: 21.65%
2026-04-11 21:52:43 - __main__ - INFO - 
Epoch 10/300 | lr 0.000135
2026-04-11 21:53:38 - __main__ - INFO - Train: loss 3.7059 acc1 24.18%
2026-04-11 21:53:38 - __main__ - INFO - Val:   loss 3.8016 acc1 22.97%
2026-04-11 21:53:38 - __main__ - INFO - saved best: 22.97%
2026-04-11 21:53:38 - __main__ - INFO - 
Epoch 11/300 | lr 0.000150
2026-04-11 21:54:32 - __main__ - INFO - Train: loss 3.6153 acc1 25.89%
2026-04-11 21:54:32 - __main__ - INFO - Val:   loss 3.7225 acc1 23.57%
2026-04-11 21:54:32 - __main__ - INFO - saved best: 23.57%
2026-04-11 21:54:32 - __main__ - INFO - 
Epoch 12/300 | lr 0.000165
2026-04-11 21:55:26 - __main__ - INFO - Train: loss 3.5291 acc1 27.69%
2026-04-11 21:55:26 - __main__ - INFO - Val:   loss 3.6570 acc1 25.34%
2026-04-11 21:55:26 - __main__ - INFO - saved best: 25.34%
2026-04-11 21:55:26 - __main__ - INFO - 
Epoch 13/300 | lr 0.000180
2026-04-11 21:56:20 - __main__ - INFO - Train: loss 3.4448 acc1 29.40%
2026-04-11 21:56:20 - __main__ - INFO - Val:   loss 3.6159 acc1 26.71%
2026-04-11 21:56:20 - __main__ - INFO - saved best: 26.71%
2026-04-11 21:56:20 - __main__ - INFO - 
Epoch 14/300 | lr 0.000195
2026-04-11 21:57:15 - __main__ - INFO - Train: loss 3.3652 acc1 30.88%
2026-04-11 21:57:15 - __main__ - INFO - Val:   loss 3.5698 acc1 27.40%
2026-04-11 21:57:15 - __main__ - INFO - saved best: 27.40%
2026-04-11 21:57:15 - __main__ - INFO - 
Epoch 15/300 | lr 0.000210
2026-04-11 21:58:10 - __main__ - INFO - Train: loss 3.2735 acc1 32.85%
2026-04-11 21:58:10 - __main__ - INFO - Val:   loss 3.5456 acc1 28.39%
2026-04-11 21:58:10 - __main__ - INFO - saved best: 28.39%
2026-04-11 21:58:10 - __main__ - INFO - 
Epoch 16/300 | lr 0.000225
2026-04-11 21:59:04 - __main__ - INFO - Train: loss 3.1751 acc1 35.24%
2026-04-11 21:59:04 - __main__ - INFO - Val:   loss 3.5326 acc1 29.19%
2026-04-11 21:59:04 - __main__ - INFO - saved best: 29.19%
2026-04-11 21:59:04 - __main__ - INFO - 
Epoch 17/300 | lr 0.000240
2026-04-11 21:59:59 - __main__ - INFO - Train: loss 3.0859 acc1 37.05%
2026-04-11 21:59:59 - __main__ - INFO - Val:   loss 3.5075 acc1 29.86%
2026-04-11 21:59:59 - __main__ - INFO - saved best: 29.86%
2026-04-11 21:59:59 - __main__ - INFO - 
Epoch 18/300 | lr 0.000255
2026-04-11 22:00:53 - __main__ - INFO - Train: loss 2.9887 acc1 39.26%
2026-04-11 22:00:53 - __main__ - INFO - Val:   loss 3.4863 acc1 30.54%
2026-04-11 22:00:53 - __main__ - INFO - saved best: 30.54%
2026-04-11 22:00:53 - __main__ - INFO - 
Epoch 19/300 | lr 0.000270
2026-04-11 22:01:47 - __main__ - INFO - Train: loss 2.8872 acc1 41.60%
2026-04-11 22:01:47 - __main__ - INFO - Val:   loss 3.4795 acc1 30.80%
2026-04-11 22:01:47 - __main__ - INFO - saved best: 30.80%
2026-04-11 22:01:47 - __main__ - INFO - 
Epoch 20/300 | lr 0.000285
2026-04-11 22:02:42 - __main__ - INFO - Train: loss 2.7659 acc1 44.36%
2026-04-11 22:02:42 - __main__ - INFO - Val:   loss 3.4944 acc1 31.43%
2026-04-11 22:02:42 - __main__ - INFO - saved best: 31.43%
2026-04-11 22:02:42 - __main__ - INFO - 
Epoch 21/300 | lr 0.000300
2026-04-11 22:03:36 - __main__ - INFO - Train: loss 2.6401 acc1 47.54%
2026-04-11 22:03:36 - __main__ - INFO - Val:   loss 3.5229 acc1 31.31%
2026-04-11 22:03:36 - __main__ - INFO - 
Epoch 22/300 | lr 0.000300
2026-04-11 22:04:31 - __main__ - INFO - Train: loss 2.4372 acc1 53.14%
2026-04-11 22:04:31 - __main__ - INFO - Val:   loss 3.4916 acc1 32.28%
2026-04-11 22:04:31 - __main__ - INFO - saved best: 32.28%
2026-04-11 22:04:31 - __main__ - INFO - 
Epoch 23/300 | lr 0.000300
2026-04-11 22:05:25 - __main__ - INFO - Train: loss 2.2028 acc1 59.76%
2026-04-11 22:05:25 - __main__ - INFO - Val:   loss 3.5687 acc1 31.98%
2026-04-11 22:05:25 - __main__ - INFO - 
Epoch 24/300 | lr 0.000300
2026-04-11 22:06:19 - __main__ - INFO - Train: loss 1.9541 acc1 67.87%
2026-04-11 22:06:19 - __main__ - INFO - Val:   loss 3.5971 acc1 32.47%
2026-04-11 22:06:19 - __main__ - INFO - saved best: 32.47%
2026-04-11 22:06:19 - __main__ - INFO - 
Epoch 25/300 | lr 0.000300
2026-04-11 22:07:13 - __main__ - INFO - Train: loss 1.7307 acc1 75.23%
2026-04-11 22:07:13 - __main__ - INFO - Val:   loss 3.6813 acc1 32.89%
2026-04-11 22:07:13 - __main__ - INFO - saved best: 32.89%
2026-04-11 22:07:13 - __main__ - INFO - 
Epoch 26/300 | lr 0.000300
2026-04-11 22:08:08 - __main__ - INFO - Train: loss 1.5452 acc1 81.81%
2026-04-11 22:08:08 - __main__ - INFO - Val:   loss 3.7935 acc1 31.83%
2026-04-11 22:08:08 - __main__ - INFO - 
Epoch 27/300 | lr 0.000300
2026-04-11 22:09:02 - __main__ - INFO - Train: loss 1.4250 acc1 86.22%
2026-04-11 22:09:02 - __main__ - INFO - Val:   loss 3.7761 acc1 32.70%
2026-04-11 22:09:02 - __main__ - INFO - 
Epoch 28/300 | lr 0.000300
2026-04-11 22:09:56 - __main__ - INFO - Train: loss 1.3371 acc1 89.63%
2026-04-11 22:09:56 - __main__ - INFO - Val:   loss 3.7230 acc1 33.78%
2026-04-11 22:09:56 - __main__ - INFO - saved best: 33.78%
2026-04-11 22:09:56 - __main__ - INFO - 
Epoch 29/300 | lr 0.000299
2026-04-11 22:10:50 - __main__ - INFO - Train: loss 1.2897 acc1 91.10%
2026-04-11 22:10:50 - __main__ - INFO - Val:   loss 3.7812 acc1 32.54%
2026-04-11 22:10:50 - __main__ - INFO - 
Epoch 30/300 | lr 0.000299
2026-04-11 22:11:44 - __main__ - INFO - Train: loss 1.2453 acc1 92.73%
2026-04-11 22:11:44 - __main__ - INFO - Val:   loss 3.8090 acc1 31.89%
2026-04-11 22:11:44 - __main__ - INFO - 
Epoch 31/300 | lr 0.000299
2026-04-11 22:12:39 - __main__ - INFO - Train: loss 1.2246 acc1 93.42%
2026-04-11 22:12:39 - __main__ - INFO - Val:   loss 3.7586 acc1 32.24%
2026-04-11 22:12:39 - __main__ - INFO - 
Epoch 32/300 | lr 0.000299
2026-04-11 22:13:33 - __main__ - INFO - Train: loss 1.1944 acc1 94.36%
2026-04-11 22:13:33 - __main__ - INFO - Val:   loss 3.7877 acc1 33.11%
2026-04-11 22:13:33 - __main__ - INFO - 
Epoch 33/300 | lr 0.000299
2026-04-11 22:14:27 - __main__ - INFO - Train: loss 1.1807 acc1 94.61%
2026-04-11 22:14:27 - __main__ - INFO - Val:   loss 3.8199 acc1 32.59%
2026-04-11 22:14:27 - __main__ - INFO - 
Epoch 34/300 | lr 0.000298
2026-04-11 22:15:21 - __main__ - INFO - Train: loss 1.1517 acc1 95.55%
2026-04-11 22:15:21 - __main__ - INFO - Val:   loss 3.7949 acc1 32.57%
2026-04-11 22:15:21 - __main__ - INFO - 
Epoch 35/300 | lr 0.000298
2026-04-11 22:16:15 - __main__ - INFO - Train: loss 1.1389 acc1 95.87%
2026-04-11 22:16:15 - __main__ - INFO - Val:   loss 3.7484 acc1 33.00%
2026-04-11 22:16:15 - __main__ - INFO - 
Epoch 36/300 | lr 0.000298
2026-04-11 22:17:10 - __main__ - INFO - Train: loss 1.1254 acc1 96.23%
2026-04-11 22:17:10 - __main__ - INFO - Val:   loss 3.7590 acc1 33.06%
2026-04-11 22:17:10 - __main__ - INFO - 
Epoch 37/300 | lr 0.000298
2026-04-11 22:18:04 - __main__ - INFO - Train: loss 1.1121 acc1 96.50%
2026-04-11 22:18:04 - __main__ - INFO - Val:   loss 3.7593 acc1 33.03%
2026-04-11 22:18:04 - __main__ - INFO - 
Epoch 38/300 | lr 0.000297
2026-04-11 22:18:59 - __main__ - INFO - Train: loss 1.0966 acc1 96.83%
2026-04-11 22:18:59 - __main__ - INFO - Val:   loss 3.6985 acc1 33.69%
2026-04-11 22:18:59 - __main__ - INFO - 
Epoch 39/300 | lr 0.000297
2026-04-11 22:19:53 - __main__ - INFO - Train: loss 1.0940 acc1 96.78%
2026-04-11 22:19:53 - __main__ - INFO - Val:   loss 3.7346 acc1 33.23%
2026-04-11 22:19:53 - __main__ - INFO - 
Epoch 40/300 | lr 0.000297
2026-04-11 22:20:47 - __main__ - INFO - Train: loss 1.0845 acc1 96.94%
2026-04-11 22:20:47 - __main__ - INFO - Val:   loss 3.7036 acc1 33.74%
2026-04-11 22:20:47 - __main__ - INFO - 
Epoch 41/300 | lr 0.000296
2026-04-11 22:21:41 - __main__ - INFO - Train: loss 1.0637 acc1 97.53%
2026-04-11 22:21:41 - __main__ - INFO - Val:   loss 3.7448 acc1 32.67%
2026-04-11 22:21:41 - __main__ - INFO - 
Epoch 42/300 | lr 0.000296
2026-04-11 22:22:36 - __main__ - INFO - Train: loss 1.0565 acc1 97.57%
2026-04-11 22:22:36 - __main__ - INFO - Val:   loss 3.7294 acc1 33.33%
2026-04-11 22:22:36 - __main__ - INFO - 
Epoch 43/300 | lr 0.000295
2026-04-11 22:23:30 - __main__ - INFO - Train: loss 1.0558 acc1 97.47%
2026-04-11 22:23:30 - __main__ - INFO - Val:   loss 3.7103 acc1 33.93%
2026-04-11 22:23:30 - __main__ - INFO - saved best: 33.93%
2026-04-11 22:23:30 - __main__ - INFO - 
Epoch 44/300 | lr 0.000295
2026-04-11 22:24:24 - __main__ - INFO - Train: loss 1.0516 acc1 97.39%
2026-04-11 22:24:24 - __main__ - INFO - Val:   loss 3.6976 acc1 34.04%
2026-04-11 22:24:24 - __main__ - INFO - saved best: 34.04%
2026-04-11 22:24:24 - __main__ - INFO - 
Epoch 45/300 | lr 0.000295
2026-04-11 22:25:18 - __main__ - INFO - Train: loss 1.0334 acc1 97.82%
2026-04-11 22:25:18 - __main__ - INFO - Val:   loss 3.6926 acc1 34.23%
2026-04-11 22:25:18 - __main__ - INFO - saved best: 34.23%
2026-04-11 22:25:18 - __main__ - INFO - 
Epoch 46/300 | lr 0.000294
2026-04-11 22:26:13 - __main__ - INFO - Train: loss 1.0246 acc1 97.92%
2026-04-11 22:26:13 - __main__ - INFO - Val:   loss 3.7054 acc1 33.61%
2026-04-11 22:26:13 - __main__ - INFO - 
Epoch 47/300 | lr 0.000294
2026-04-11 22:27:07 - __main__ - INFO - Train: loss 1.0168 acc1 97.98%
2026-04-11 22:27:07 - __main__ - INFO - Val:   loss 3.7436 acc1 33.14%
2026-04-11 22:27:07 - __main__ - INFO - 
Epoch 48/300 | lr 0.000293
2026-04-11 22:28:02 - __main__ - INFO - Train: loss 1.0307 acc1 97.42%
2026-04-11 22:28:02 - __main__ - INFO - Val:   loss 3.7384 acc1 33.07%
2026-04-11 22:28:02 - __main__ - INFO - 
Epoch 49/300 | lr 0.000293
2026-04-11 22:28:56 - __main__ - INFO - Train: loss 1.0136 acc1 97.87%
2026-04-11 22:28:56 - __main__ - INFO - Val:   loss 3.7473 acc1 33.33%
2026-04-11 22:28:56 - __main__ - INFO - 
Epoch 50/300 | lr 0.000292
2026-04-11 22:29:50 - __main__ - INFO - Train: loss 0.9975 acc1 98.07%
2026-04-11 22:29:50 - __main__ - INFO - Val:   loss 3.7472 acc1 32.57%
2026-04-11 22:29:50 - __main__ - INFO - 
Epoch 51/300 | lr 0.000292
2026-04-11 22:30:45 - __main__ - INFO - Train: loss 0.9947 acc1 98.03%
2026-04-11 22:30:45 - __main__ - INFO - Val:   loss 3.7382 acc1 33.20%
2026-04-11 22:30:45 - __main__ - INFO - 
Epoch 52/300 | lr 0.000291
2026-04-11 22:31:39 - __main__ - INFO - Train: loss 0.9985 acc1 97.79%
2026-04-11 22:31:39 - __main__ - INFO - Val:   loss 3.7498 acc1 33.54%
2026-04-11 22:31:39 - __main__ - INFO - 
Epoch 53/300 | lr 0.000290
2026-04-11 22:32:34 - __main__ - INFO - Train: loss 0.9877 acc1 98.00%
2026-04-11 22:32:34 - __main__ - INFO - Val:   loss 3.7421 acc1 33.51%
2026-04-11 22:32:34 - __main__ - INFO - 
Epoch 54/300 | lr 0.000290
2026-04-11 22:33:28 - __main__ - INFO - Train: loss 0.9790 acc1 98.08%
2026-04-11 22:33:28 - __main__ - INFO - Val:   loss 3.8186 acc1 32.22%
2026-04-11 22:33:28 - __main__ - INFO - 
Epoch 55/300 | lr 0.000289
2026-04-11 22:34:23 - __main__ - INFO - Train: loss 0.9864 acc1 97.68%
2026-04-11 22:34:23 - __main__ - INFO - Val:   loss 3.8406 acc1 32.85%
2026-04-11 22:34:23 - __main__ - INFO - 
Epoch 56/300 | lr 0.000289
2026-04-11 22:35:17 - __main__ - INFO - Train: loss 0.9730 acc1 97.97%
2026-04-11 22:35:17 - __main__ - INFO - Val:   loss 3.8263 acc1 32.16%
2026-04-11 22:35:17 - __main__ - INFO - 
Epoch 57/300 | lr 0.000288
2026-04-11 22:36:11 - __main__ - INFO - Train: loss 0.9625 acc1 98.04%
2026-04-11 22:36:11 - __main__ - INFO - Val:   loss 3.8416 acc1 32.37%
2026-04-11 22:36:11 - __main__ - INFO - 
Epoch 58/300 | lr 0.000287
2026-04-11 22:37:05 - __main__ - INFO - Train: loss 0.9762 acc1 97.57%
2026-04-11 22:37:05 - __main__ - INFO - Val:   loss 3.8572 acc1 32.81%
2026-04-11 22:37:05 - __main__ - INFO - 
Epoch 59/300 | lr 0.000287
2026-04-11 22:37:59 - __main__ - INFO - Train: loss 0.9650 acc1 97.88%
2026-04-11 22:37:59 - __main__ - INFO - Val:   loss 3.8517 acc1 32.59%
2026-04-11 22:37:59 - __main__ - INFO - 
Epoch 60/300 | lr 0.000286
2026-04-11 22:38:54 - __main__ - INFO - Train: loss 0.9559 acc1 98.01%
2026-04-11 22:38:54 - __main__ - INFO - Val:   loss 3.8654 acc1 32.54%
2026-04-11 22:38:54 - __main__ - INFO - 
Epoch 61/300 | lr 0.000285
2026-04-11 22:39:48 - __main__ - INFO - Train: loss 0.9632 acc1 97.76%
2026-04-11 22:39:48 - __main__ - INFO - Val:   loss 3.8481 acc1 32.57%
2026-04-11 22:39:48 - __main__ - INFO - 
Epoch 62/300 | lr 0.000284
2026-04-11 22:40:42 - __main__ - INFO - Train: loss 0.9514 acc1 98.00%
2026-04-11 22:40:42 - __main__ - INFO - Val:   loss 3.9206 acc1 32.30%
2026-04-11 22:40:42 - __main__ - INFO - 
Epoch 63/300 | lr 0.000284
2026-04-11 22:41:37 - __main__ - INFO - Train: loss 0.9518 acc1 97.84%
2026-04-11 22:41:37 - __main__ - INFO - Val:   loss 3.9316 acc1 32.28%
2026-04-11 22:41:37 - __main__ - INFO - 
Epoch 64/300 | lr 0.000283
2026-04-11 22:42:31 - __main__ - INFO - Train: loss 0.9612 acc1 97.50%
2026-04-11 22:42:31 - __main__ - INFO - Val:   loss 3.9333 acc1 31.92%
2026-04-11 22:42:31 - __main__ - INFO - 
Epoch 65/300 | lr 0.000282
2026-04-11 22:43:25 - __main__ - INFO - Train: loss 0.9475 acc1 97.91%
2026-04-11 22:43:25 - __main__ - INFO - Val:   loss 3.9078 acc1 32.32%
2026-04-11 22:43:25 - __main__ - INFO - 
Epoch 66/300 | lr 0.000281
2026-04-11 22:44:20 - __main__ - INFO - Train: loss 0.9467 acc1 97.85%
2026-04-11 22:44:20 - __main__ - INFO - Val:   loss 3.9348 acc1 32.10%
2026-04-11 22:44:20 - __main__ - INFO - 
Epoch 67/300 | lr 0.000281
2026-04-11 22:45:14 - __main__ - INFO - Train: loss 0.9477 acc1 97.78%
2026-04-11 22:45:14 - __main__ - INFO - Val:   loss 3.9328 acc1 32.14%
2026-04-11 22:45:14 - __main__ - INFO - 
Epoch 68/300 | lr 0.000280
2026-04-11 22:46:08 - __main__ - INFO - Train: loss 0.9470 acc1 97.76%
2026-04-11 22:46:08 - __main__ - INFO - Val:   loss 3.9566 acc1 32.37%
2026-04-11 22:46:08 - __main__ - INFO - 
Epoch 69/300 | lr 0.000279
2026-04-11 22:47:03 - __main__ - INFO - Train: loss 0.9395 acc1 97.95%
2026-04-11 22:47:03 - __main__ - INFO - Val:   loss 3.9644 acc1 32.24%
2026-04-11 22:47:03 - __main__ - INFO - 
Epoch 70/300 | lr 0.000278
2026-04-11 22:47:57 - __main__ - INFO - Train: loss 0.9391 acc1 97.91%
2026-04-11 22:47:57 - __main__ - INFO - Val:   loss 3.9778 acc1 32.08%
2026-04-11 22:47:57 - __main__ - INFO - 
Epoch 71/300 | lr 0.000277
2026-04-11 22:48:51 - __main__ - INFO - Train: loss 0.9392 acc1 97.92%
2026-04-11 22:48:51 - __main__ - INFO - Val:   loss 3.9820 acc1 32.40%
2026-04-11 22:48:51 - __main__ - INFO - 
Epoch 72/300 | lr 0.000276
2026-04-11 22:49:46 - __main__ - INFO - Train: loss 0.9408 acc1 97.75%
2026-04-11 22:49:46 - __main__ - INFO - Val:   loss 3.9466 acc1 32.67%
2026-04-11 22:49:46 - __main__ - INFO - 
Epoch 73/300 | lr 0.000275
2026-04-11 22:50:40 - __main__ - INFO - Train: loss 0.9358 acc1 97.93%
2026-04-11 22:50:40 - __main__ - INFO - Val:   loss 3.9866 acc1 31.84%
2026-04-11 22:50:40 - __main__ - INFO - 
Epoch 74/300 | lr 0.000274
2026-04-11 22:51:35 - __main__ - INFO - Train: loss 0.9342 acc1 97.94%
2026-04-11 22:51:35 - __main__ - INFO - Val:   loss 4.0001 acc1 32.02%
2026-04-11 22:51:35 - __main__ - INFO - 
Epoch 75/300 | lr 0.000273
2026-04-11 22:52:29 - __main__ - INFO - Train: loss 0.9424 acc1 97.61%
2026-04-11 22:52:29 - __main__ - INFO - Val:   loss 3.9561 acc1 33.04%
2026-04-11 22:52:29 - __main__ - INFO - 
Epoch 76/300 | lr 0.000272
2026-04-11 22:53:24 - __main__ - INFO - Train: loss 0.9296 acc1 98.00%
2026-04-11 22:53:24 - __main__ - INFO - Val:   loss 3.9753 acc1 32.75%
2026-04-11 22:53:24 - __main__ - INFO - 
Epoch 77/300 | lr 0.000271
2026-04-11 22:54:18 - __main__ - INFO - Train: loss 0.9347 acc1 97.83%
2026-04-11 22:54:18 - __main__ - INFO - Val:   loss 4.0017 acc1 32.22%
2026-04-11 22:54:18 - __main__ - INFO - 
Epoch 78/300 | lr 0.000270
2026-04-11 22:55:12 - __main__ - INFO - Train: loss 0.9277 acc1 98.04%
2026-04-11 22:55:12 - __main__ - INFO - Val:   loss 3.9710 acc1 32.40%
2026-04-11 22:55:12 - __main__ - INFO - 
Epoch 79/300 | lr 0.000269
2026-04-11 22:56:07 - __main__ - INFO - Train: loss 0.9357 acc1 97.82%
2026-04-11 22:56:07 - __main__ - INFO - Val:   loss 4.0182 acc1 31.83%
2026-04-11 22:56:07 - __main__ - INFO - 
Epoch 80/300 | lr 0.000268
2026-04-11 22:57:01 - __main__ - INFO - Train: loss 0.9306 acc1 97.90%
2026-04-11 22:57:01 - __main__ - INFO - Val:   loss 3.9963 acc1 31.80%
2026-04-11 22:57:01 - __main__ - INFO - 
Epoch 81/300 | lr 0.000267
2026-04-11 22:57:55 - __main__ - INFO - Train: loss 0.9236 acc1 98.10%
2026-04-11 22:57:55 - __main__ - INFO - Val:   loss 3.9872 acc1 32.24%
2026-04-11 22:57:55 - __main__ - INFO - 
Epoch 82/300 | lr 0.000266
2026-04-11 22:58:50 - __main__ - INFO - Train: loss 0.9258 acc1 98.01%
2026-04-11 22:58:50 - __main__ - INFO - Val:   loss 4.0108 acc1 31.87%
2026-04-11 22:58:50 - __main__ - INFO - 
Epoch 83/300 | lr 0.000265
2026-04-11 22:59:44 - __main__ - INFO - Train: loss 0.9321 acc1 97.84%
2026-04-11 22:59:44 - __main__ - INFO - Val:   loss 4.0293 acc1 32.30%
2026-04-11 22:59:44 - __main__ - INFO - 
Epoch 84/300 | lr 0.000264
2026-04-11 23:00:38 - __main__ - INFO - Train: loss 0.9197 acc1 98.21%
2026-04-11 23:00:38 - __main__ - INFO - Val:   loss 4.0344 acc1 31.70%
2026-04-11 23:00:38 - __main__ - INFO - 
Epoch 85/300 | lr 0.000263
2026-04-11 23:01:33 - __main__ - INFO - Train: loss 0.9221 acc1 98.09%
2026-04-11 23:01:33 - __main__ - INFO - Val:   loss 4.0587 acc1 32.07%
2026-04-11 23:01:33 - __main__ - INFO - 
Epoch 86/300 | lr 0.000262
2026-04-11 23:02:27 - __main__ - INFO - Train: loss 0.9294 acc1 97.81%
2026-04-11 23:02:27 - __main__ - INFO - Val:   loss 4.0132 acc1 32.50%
2026-04-11 23:02:27 - __main__ - INFO - 
Epoch 87/300 | lr 0.000261
2026-04-11 23:03:21 - __main__ - INFO - Train: loss 0.9130 acc1 98.39%
2026-04-11 23:03:21 - __main__ - INFO - Val:   loss 3.9995 acc1 32.77%
2026-04-11 23:03:21 - __main__ - INFO - 
Epoch 88/300 | lr 0.000260
2026-04-11 23:04:16 - __main__ - INFO - Train: loss 0.9165 acc1 98.23%
2026-04-11 23:04:16 - __main__ - INFO - Val:   loss 4.0746 acc1 31.64%
2026-04-11 23:04:16 - __main__ - INFO - 
Epoch 89/300 | lr 0.000259
2026-04-11 23:05:10 - __main__ - INFO - Train: loss 0.9295 acc1 97.84%
2026-04-11 23:05:10 - __main__ - INFO - Val:   loss 4.0489 acc1 31.94%
2026-04-11 23:05:10 - __main__ - INFO - 
Epoch 90/300 | lr 0.000257
2026-04-11 23:06:05 - __main__ - INFO - Train: loss 0.9156 acc1 98.26%
2026-04-11 23:06:05 - __main__ - INFO - Val:   loss 4.0160 acc1 33.19%
2026-04-11 23:06:05 - __main__ - INFO - 
Epoch 91/300 | lr 0.000256
2026-04-11 23:06:59 - __main__ - INFO - Train: loss 0.9145 acc1 98.25%
2026-04-11 23:06:59 - __main__ - INFO - Val:   loss 4.0813 acc1 31.60%
2026-04-11 23:06:59 - __main__ - INFO - 
Epoch 92/300 | lr 0.000255
2026-04-11 23:07:54 - __main__ - INFO - Train: loss 0.9167 acc1 98.28%
2026-04-11 23:07:54 - __main__ - INFO - Val:   loss 3.9943 acc1 33.08%
2026-04-11 23:07:54 - __main__ - INFO - 
Epoch 93/300 | lr 0.000254
2026-04-11 23:08:48 - __main__ - INFO - Train: loss 0.9206 acc1 98.06%
2026-04-11 23:08:48 - __main__ - INFO - Val:   loss 4.0328 acc1 32.51%
2026-04-11 23:08:48 - __main__ - INFO - 
Epoch 94/300 | lr 0.000253
2026-04-11 23:09:42 - __main__ - INFO - Train: loss 0.9115 acc1 98.35%
2026-04-11 23:09:42 - __main__ - INFO - Val:   loss 4.0608 acc1 32.35%
2026-04-11 23:09:42 - __main__ - INFO - 
Epoch 95/300 | lr 0.000251
2026-04-11 23:10:37 - __main__ - INFO - Train: loss 0.9117 acc1 98.31%
2026-04-11 23:10:37 - __main__ - INFO - Val:   loss 4.0644 acc1 32.08%
2026-04-11 23:10:37 - __main__ - INFO - 
Epoch 96/300 | lr 0.000250
2026-04-11 23:11:31 - __main__ - INFO - Train: loss 0.9148 acc1 98.20%
2026-04-11 23:11:31 - __main__ - INFO - Val:   loss 4.0839 acc1 32.78%
2026-04-11 23:11:31 - __main__ - INFO - 
Epoch 97/300 | lr 0.000249
2026-04-11 23:12:25 - __main__ - INFO - Train: loss 0.9130 acc1 98.27%
2026-04-11 23:12:25 - __main__ - INFO - Val:   loss 4.1012 acc1 32.27%
2026-04-11 23:12:25 - __main__ - INFO - 
Epoch 98/300 | lr 0.000248
2026-04-11 23:13:20 - __main__ - INFO - Train: loss 0.9121 acc1 98.30%
2026-04-11 23:13:20 - __main__ - INFO - Val:   loss 4.0996 acc1 32.27%
2026-04-11 23:13:20 - __main__ - INFO - 
Epoch 99/300 | lr 0.000246
2026-04-11 23:14:14 - __main__ - INFO - Train: loss 0.9094 acc1 98.38%
2026-04-11 23:14:14 - __main__ - INFO - Val:   loss 4.0286 acc1 33.52%
2026-04-11 23:14:14 - __main__ - INFO - 
Epoch 100/300 | lr 0.000245
2026-04-11 23:15:08 - __main__ - INFO - Train: loss 0.9128 acc1 98.25%
2026-04-11 23:15:08 - __main__ - INFO - Val:   loss 4.0694 acc1 32.70%
2026-04-11 23:15:08 - __main__ - INFO - 
Epoch 101/300 | lr 0.000244
2026-04-11 23:16:02 - __main__ - INFO - Train: loss 0.9058 acc1 98.51%
2026-04-11 23:16:02 - __main__ - INFO - Val:   loss 4.0313 acc1 32.39%
2026-04-11 23:16:02 - __main__ - INFO - 
Epoch 102/300 | lr 0.000242
2026-04-11 23:16:57 - __main__ - INFO - Train: loss 0.9153 acc1 98.15%
2026-04-11 23:16:57 - __main__ - INFO - Val:   loss 4.0610 acc1 32.89%
2026-04-11 23:16:57 - __main__ - INFO - 
Epoch 103/300 | lr 0.000241
2026-04-11 23:17:51 - __main__ - INFO - Train: loss 0.9031 acc1 98.56%
2026-04-11 23:17:51 - __main__ - INFO - Val:   loss 4.0656 acc1 32.47%
2026-04-11 23:17:51 - __main__ - INFO - 
Epoch 104/300 | lr 0.000240
2026-04-11 23:18:46 - __main__ - INFO - Train: loss 0.9084 acc1 98.35%
2026-04-11 23:18:46 - __main__ - INFO - Val:   loss 4.1345 acc1 32.06%
2026-04-11 23:18:46 - __main__ - INFO - 
Epoch 105/300 | lr 0.000238
2026-04-11 23:19:40 - __main__ - INFO - Train: loss 0.9058 acc1 98.43%
2026-04-11 23:19:40 - __main__ - INFO - Val:   loss 4.0558 acc1 32.93%
2026-04-11 23:19:40 - __main__ - INFO - 
Epoch 106/300 | lr 0.000237
2026-04-11 23:20:34 - __main__ - INFO - Train: loss 0.9051 acc1 98.48%
2026-04-11 23:20:34 - __main__ - INFO - Val:   loss 4.1110 acc1 32.09%
2026-04-11 23:20:34 - __main__ - INFO - 
Epoch 107/300 | lr 0.000236
2026-04-11 23:21:29 - __main__ - INFO - Train: loss 0.9029 acc1 98.54%
2026-04-11 23:21:29 - __main__ - INFO - Val:   loss 4.1176 acc1 32.26%
2026-04-11 23:21:29 - __main__ - INFO - 
Epoch 108/300 | lr 0.000234
2026-04-11 23:22:23 - __main__ - INFO - Train: loss 0.9042 acc1 98.46%
2026-04-11 23:22:23 - __main__ - INFO - Val:   loss 4.1413 acc1 32.06%
2026-04-11 23:22:23 - __main__ - INFO - 
Epoch 109/300 | lr 0.000233
2026-04-11 23:23:17 - __main__ - INFO - Train: loss 0.9072 acc1 98.42%
2026-04-11 23:23:17 - __main__ - INFO - Val:   loss 4.0875 acc1 32.39%
2026-04-11 23:23:17 - __main__ - INFO - 
Epoch 110/300 | lr 0.000231
2026-04-11 23:24:12 - __main__ - INFO - Train: loss 0.8998 acc1 98.66%
2026-04-11 23:24:12 - __main__ - INFO - Val:   loss 4.0889 acc1 32.21%
2026-04-11 23:24:12 - __main__ - INFO - 
Epoch 111/300 | lr 0.000230
2026-04-11 23:25:06 - __main__ - INFO - Train: loss 0.9000 acc1 98.64%
2026-04-11 23:25:06 - __main__ - INFO - Val:   loss 4.1244 acc1 31.55%
2026-04-11 23:25:06 - __main__ - INFO - 
Epoch 112/300 | lr 0.000229
2026-04-11 23:26:00 - __main__ - INFO - Train: loss 0.9026 acc1 98.53%
2026-04-11 23:26:00 - __main__ - INFO - Val:   loss 4.1031 acc1 31.73%
2026-04-11 23:26:00 - __main__ - INFO - 
Epoch 113/300 | lr 0.000227
2026-04-11 23:26:55 - __main__ - INFO - Train: loss 0.8987 acc1 98.63%
2026-04-11 23:26:55 - __main__ - INFO - Val:   loss 4.1499 acc1 31.89%
2026-04-11 23:26:55 - __main__ - INFO - 
Epoch 114/300 | lr 0.000226
2026-04-11 23:27:49 - __main__ - INFO - Train: loss 0.9000 acc1 98.61%
2026-04-11 23:27:49 - __main__ - INFO - Val:   loss 4.1016 acc1 32.63%
2026-04-11 23:27:49 - __main__ - INFO - 
Epoch 115/300 | lr 0.000224
2026-04-11 23:28:44 - __main__ - INFO - Train: loss 0.8973 acc1 98.71%
2026-04-11 23:28:44 - __main__ - INFO - Val:   loss 4.1308 acc1 32.50%
2026-04-11 23:28:44 - __main__ - INFO - 
Epoch 116/300 | lr 0.000223
2026-04-11 23:29:38 - __main__ - INFO - Train: loss 0.9017 acc1 98.55%
2026-04-11 23:29:38 - __main__ - INFO - Val:   loss 4.1730 acc1 31.13%
2026-04-11 23:29:38 - __main__ - INFO - 
Epoch 117/300 | lr 0.000221
2026-04-11 23:30:33 - __main__ - INFO - Train: loss 0.8959 acc1 98.78%
2026-04-11 23:30:33 - __main__ - INFO - Val:   loss 4.0911 acc1 32.40%
2026-04-11 23:30:33 - __main__ - INFO - 
Epoch 118/300 | lr 0.000220
2026-04-11 23:31:27 - __main__ - INFO - Train: loss 0.8974 acc1 98.69%
2026-04-11 23:31:27 - __main__ - INFO - Val:   loss 4.1397 acc1 31.71%
2026-04-11 23:31:27 - __main__ - INFO - 
Epoch 119/300 | lr 0.000218
2026-04-11 23:32:22 - __main__ - INFO - Train: loss 0.8973 acc1 98.71%
2026-04-11 23:32:22 - __main__ - INFO - Val:   loss 4.1587 acc1 31.42%
2026-04-11 23:32:22 - __main__ - INFO - 
Epoch 120/300 | lr 0.000217
2026-04-11 23:33:16 - __main__ - INFO - Train: loss 0.8949 acc1 98.78%
2026-04-11 23:33:16 - __main__ - INFO - Val:   loss 4.1332 acc1 32.08%
2026-04-11 23:33:16 - __main__ - INFO - 
Epoch 121/300 | lr 0.000215
2026-04-11 23:34:10 - __main__ - INFO - Train: loss 0.8950 acc1 98.77%
2026-04-11 23:34:10 - __main__ - INFO - Val:   loss 4.1221 acc1 32.10%
2026-04-11 23:34:10 - __main__ - INFO - 
Epoch 122/300 | lr 0.000214
2026-04-11 23:35:05 - __main__ - INFO - Train: loss 0.8937 acc1 98.79%
2026-04-11 23:35:05 - __main__ - INFO - Val:   loss 4.1279 acc1 32.35%
2026-04-11 23:35:05 - __main__ - INFO - 
Epoch 123/300 | lr 0.000212
2026-04-11 23:35:59 - __main__ - INFO - Train: loss 0.8942 acc1 98.82%
2026-04-11 23:35:59 - __main__ - INFO - Val:   loss 4.1042 acc1 32.31%
2026-04-11 23:35:59 - __main__ - INFO - 
Epoch 124/300 | lr 0.000211
2026-04-11 23:36:54 - __main__ - INFO - Train: loss 0.8931 acc1 98.78%
2026-04-11 23:36:54 - __main__ - INFO - Val:   loss 4.1102 acc1 32.71%
2026-04-11 23:36:54 - __main__ - INFO - 
Epoch 125/300 | lr 0.000209
2026-04-11 23:37:48 - __main__ - INFO - Train: loss 0.8944 acc1 98.76%
2026-04-11 23:37:48 - __main__ - INFO - Val:   loss 4.1195 acc1 32.38%
2026-04-11 23:37:48 - __main__ - INFO - 
Epoch 126/300 | lr 0.000208
2026-04-11 23:38:43 - __main__ - INFO - Train: loss 0.8901 acc1 98.89%
2026-04-11 23:38:43 - __main__ - INFO - Val:   loss 4.1566 acc1 31.90%
2026-04-11 23:38:43 - __main__ - INFO - 
Epoch 127/300 | lr 0.000206
2026-04-11 23:39:37 - __main__ - INFO - Train: loss 0.8925 acc1 98.79%
2026-04-11 23:39:37 - __main__ - INFO - Val:   loss 4.1460 acc1 31.58%
2026-04-11 23:39:37 - __main__ - INFO - 
Epoch 128/300 | lr 0.000205
2026-04-11 23:40:31 - __main__ - INFO - Train: loss 0.8925 acc1 98.80%
2026-04-11 23:40:31 - __main__ - INFO - Val:   loss 4.1352 acc1 32.17%
2026-04-11 23:40:31 - __main__ - INFO - 
Epoch 129/300 | lr 0.000203
2026-04-11 23:41:26 - __main__ - INFO - Train: loss 0.8881 acc1 98.95%
2026-04-11 23:41:26 - __main__ - INFO - Val:   loss 4.1358 acc1 31.68%
2026-04-11 23:41:26 - __main__ - INFO - 
Epoch 130/300 | lr 0.000201
2026-04-11 23:42:20 - __main__ - INFO - Train: loss 0.8902 acc1 98.85%
2026-04-11 23:42:20 - __main__ - INFO - Val:   loss 4.1363 acc1 32.55%
2026-04-11 23:42:20 - __main__ - INFO - 
Epoch 131/300 | lr 0.000200
2026-04-11 23:43:15 - __main__ - INFO - Train: loss 0.8884 acc1 98.94%
2026-04-11 23:43:15 - __main__ - INFO - Val:   loss 4.1264 acc1 32.72%
2026-04-11 23:43:15 - __main__ - INFO - 
Epoch 132/300 | lr 0.000198
2026-04-11 23:44:09 - __main__ - INFO - Train: loss 0.8855 acc1 99.05%
2026-04-11 23:44:09 - __main__ - INFO - Val:   loss 4.1326 acc1 32.71%
2026-04-11 23:44:09 - __main__ - INFO - 
Epoch 133/300 | lr 0.000197
2026-04-11 23:45:03 - __main__ - INFO - Train: loss 0.8886 acc1 98.93%
2026-04-11 23:45:03 - __main__ - INFO - Val:   loss 4.1155 acc1 32.55%
2026-04-11 23:45:03 - __main__ - INFO - 
Epoch 134/300 | lr 0.000195
2026-04-11 23:45:58 - __main__ - INFO - Train: loss 0.8904 acc1 98.88%
2026-04-11 23:45:58 - __main__ - INFO - Val:   loss 4.1117 acc1 32.77%
2026-04-11 23:45:58 - __main__ - INFO - 
Epoch 135/300 | lr 0.000193
2026-04-11 23:46:52 - __main__ - INFO - Train: loss 0.8863 acc1 98.98%
2026-04-11 23:46:52 - __main__ - INFO - Val:   loss 4.0960 acc1 32.90%
2026-04-11 23:46:52 - __main__ - INFO - 
Epoch 136/300 | lr 0.000192
2026-04-11 23:47:47 - __main__ - INFO - Train: loss 0.8824 acc1 99.14%
2026-04-11 23:47:47 - __main__ - INFO - Val:   loss 4.1254 acc1 32.49%
2026-04-11 23:47:47 - __main__ - INFO - 
Epoch 137/300 | lr 0.000190
2026-04-11 23:48:41 - __main__ - INFO - Train: loss 0.8849 acc1 99.05%
2026-04-11 23:48:41 - __main__ - INFO - Val:   loss 4.1361 acc1 32.63%
2026-04-11 23:48:41 - __main__ - INFO - 
Epoch 138/300 | lr 0.000189
2026-04-11 23:49:35 - __main__ - INFO - Train: loss 0.8855 acc1 99.04%
2026-04-11 23:49:35 - __main__ - INFO - Val:   loss 4.1274 acc1 32.54%
2026-04-11 23:49:35 - __main__ - INFO - 
Epoch 139/300 | lr 0.000187
2026-04-11 23:50:30 - __main__ - INFO - Train: loss 0.8840 acc1 99.06%
2026-04-11 23:50:30 - __main__ - INFO - Val:   loss 4.1575 acc1 32.42%
2026-04-11 23:50:30 - __main__ - INFO - 
Epoch 140/300 | lr 0.000185
2026-04-11 23:51:24 - __main__ - INFO - Train: loss 0.8843 acc1 99.04%
2026-04-11 23:51:24 - __main__ - INFO - Val:   loss 4.1791 acc1 31.68%
2026-04-11 23:51:24 - __main__ - INFO - 
Epoch 141/300 | lr 0.000184
2026-04-11 23:52:19 - __main__ - INFO - Train: loss 0.8848 acc1 99.02%
2026-04-11 23:52:19 - __main__ - INFO - Val:   loss 4.1577 acc1 32.03%
2026-04-11 23:52:19 - __main__ - INFO - 
Epoch 142/300 | lr 0.000182
2026-04-11 23:53:13 - __main__ - INFO - Train: loss 0.8798 acc1 99.18%
2026-04-11 23:53:13 - __main__ - INFO - Val:   loss 4.1502 acc1 32.19%
2026-04-11 23:53:13 - __main__ - INFO - 
Epoch 143/300 | lr 0.000180
2026-04-11 23:54:07 - __main__ - INFO - Train: loss 0.8803 acc1 99.19%
2026-04-11 23:54:07 - __main__ - INFO - Val:   loss 4.1260 acc1 32.91%
2026-04-11 23:54:07 - __main__ - INFO - 
Epoch 144/300 | lr 0.000179
2026-04-11 23:55:02 - __main__ - INFO - Train: loss 0.8832 acc1 99.06%
2026-04-11 23:55:02 - __main__ - INFO - Val:   loss 4.0753 acc1 33.13%
2026-04-11 23:55:02 - __main__ - INFO - 
Epoch 145/300 | lr 0.000177
2026-04-11 23:55:56 - __main__ - INFO - Train: loss 0.8833 acc1 99.12%
2026-04-11 23:55:56 - __main__ - INFO - Val:   loss 4.1790 acc1 32.14%
2026-04-11 23:55:56 - __main__ - INFO - 
Epoch 146/300 | lr 0.000176
2026-04-11 23:56:50 - __main__ - INFO - Train: loss 0.8783 acc1 99.25%
2026-04-11 23:56:50 - __main__ - INFO - Val:   loss 4.1496 acc1 32.12%
2026-04-11 23:56:50 - __main__ - INFO - 
Epoch 147/300 | lr 0.000174
2026-04-11 23:57:45 - __main__ - INFO - Train: loss 0.8770 acc1 99.32%
2026-04-11 23:57:45 - __main__ - INFO - Val:   loss 4.1200 acc1 32.86%
2026-04-11 23:57:45 - __main__ - INFO - 
Epoch 148/300 | lr 0.000172
2026-04-11 23:58:39 - __main__ - INFO - Train: loss 0.8785 acc1 99.22%
2026-04-11 23:58:39 - __main__ - INFO - Val:   loss 4.1389 acc1 32.84%
2026-04-11 23:58:39 - __main__ - INFO - 
Epoch 149/300 | lr 0.000171
2026-04-11 23:59:34 - __main__ - INFO - Train: loss 0.8830 acc1 99.12%
2026-04-11 23:59:34 - __main__ - INFO - Val:   loss 4.1428 acc1 32.61%
2026-04-11 23:59:34 - __main__ - INFO - 
Epoch 150/300 | lr 0.000169
2026-04-12 00:00:28 - __main__ - INFO - Train: loss 0.8798 acc1 99.17%
2026-04-12 00:00:28 - __main__ - INFO - Val:   loss 4.1806 acc1 32.37%
2026-04-12 00:00:28 - __main__ - INFO - 
Epoch 151/300 | lr 0.000167
2026-04-12 00:01:22 - __main__ - INFO - Train: loss 0.8766 acc1 99.29%
2026-04-12 00:01:22 - __main__ - INFO - Val:   loss 4.1561 acc1 32.31%
2026-04-12 00:01:22 - __main__ - INFO - 
Epoch 152/300 | lr 0.000166
2026-04-12 00:02:17 - __main__ - INFO - Train: loss 0.8741 acc1 99.38%
2026-04-12 00:02:17 - __main__ - INFO - Val:   loss 4.1262 acc1 32.71%
2026-04-12 00:02:17 - __main__ - INFO - 
Epoch 153/300 | lr 0.000164
2026-04-12 00:03:11 - __main__ - INFO - Train: loss 0.8780 acc1 99.27%
2026-04-12 00:03:11 - __main__ - INFO - Val:   loss 4.1200 acc1 32.85%
2026-04-12 00:03:11 - __main__ - INFO - 
Epoch 154/300 | lr 0.000162
2026-04-12 00:04:06 - __main__ - INFO - Train: loss 0.8752 acc1 99.34%
2026-04-12 00:04:06 - __main__ - INFO - Val:   loss 4.1471 acc1 32.82%
2026-04-12 00:04:06 - __main__ - INFO - 
Epoch 155/300 | lr 0.000161
2026-04-12 00:05:00 - __main__ - INFO - Train: loss 0.8794 acc1 99.23%
2026-04-12 00:05:00 - __main__ - INFO - Val:   loss 4.0999 acc1 33.08%
2026-04-12 00:05:00 - __main__ - INFO - 
Epoch 156/300 | lr 0.000159
2026-04-12 00:05:54 - __main__ - INFO - Train: loss 0.8772 acc1 99.28%
2026-04-12 00:05:54 - __main__ - INFO - Val:   loss 4.1047 acc1 33.31%
2026-04-12 00:05:54 - __main__ - INFO - 
Epoch 157/300 | lr 0.000157
2026-04-12 00:06:49 - __main__ - INFO - Train: loss 0.8729 acc1 99.39%
2026-04-12 00:06:49 - __main__ - INFO - Val:   loss 4.1375 acc1 33.22%
2026-04-12 00:06:49 - __main__ - INFO - 
Epoch 158/300 | lr 0.000156
2026-04-12 00:07:43 - __main__ - INFO - Train: loss 0.8723 acc1 99.41%
2026-04-12 00:07:43 - __main__ - INFO - Val:   loss 4.1315 acc1 32.96%
2026-04-12 00:07:43 - __main__ - INFO - 
Epoch 159/300 | lr 0.000154
2026-04-12 00:08:38 - __main__ - INFO - Train: loss 0.8728 acc1 99.41%
2026-04-12 00:08:38 - __main__ - INFO - Val:   loss 4.1832 acc1 32.76%
2026-04-12 00:08:38 - __main__ - INFO - 
Epoch 160/300 | lr 0.000152
2026-04-12 00:09:32 - __main__ - INFO - Train: loss 0.8737 acc1 99.37%
2026-04-12 00:09:32 - __main__ - INFO - Val:   loss 4.1625 acc1 32.76%
2026-04-12 00:09:32 - __main__ - INFO - 
Epoch 161/300 | lr 0.000150
2026-04-12 00:10:27 - __main__ - INFO - Train: loss 0.8758 acc1 99.29%
2026-04-12 00:10:27 - __main__ - INFO - Val:   loss 4.1502 acc1 32.55%
2026-04-12 00:10:27 - __main__ - INFO - 
Epoch 162/300 | lr 0.000149
2026-04-12 00:11:21 - __main__ - INFO - Train: loss 0.8731 acc1 99.39%
2026-04-12 00:11:21 - __main__ - INFO - Val:   loss 4.1394 acc1 32.80%
2026-04-12 00:11:21 - __main__ - INFO - 
Epoch 163/300 | lr 0.000147
2026-04-12 00:12:15 - __main__ - INFO - Train: loss 0.8707 acc1 99.46%
2026-04-12 00:12:15 - __main__ - INFO - Val:   loss 4.1324 acc1 33.73%
2026-04-12 00:12:15 - __main__ - INFO - 
Epoch 164/300 | lr 0.000145
2026-04-12 00:13:10 - __main__ - INFO - Train: loss 0.8725 acc1 99.41%
2026-04-12 00:13:10 - __main__ - INFO - Val:   loss 4.0790 acc1 33.55%
2026-04-12 00:13:10 - __main__ - INFO - 
Epoch 165/300 | lr 0.000144
2026-04-12 00:14:04 - __main__ - INFO - Train: loss 0.8735 acc1 99.37%
2026-04-12 00:14:04 - __main__ - INFO - Val:   loss 4.1688 acc1 33.27%
2026-04-12 00:14:04 - __main__ - INFO - 
Epoch 166/300 | lr 0.000142
2026-04-12 00:14:58 - __main__ - INFO - Train: loss 0.8730 acc1 99.41%
2026-04-12 00:14:58 - __main__ - INFO - Val:   loss 4.1666 acc1 32.40%
2026-04-12 00:14:58 - __main__ - INFO - 
Epoch 167/300 | lr 0.000140
2026-04-12 00:15:53 - __main__ - INFO - Train: loss 0.8705 acc1 99.45%
2026-04-12 00:15:53 - __main__ - INFO - Val:   loss 4.1364 acc1 33.40%
2026-04-12 00:15:53 - __main__ - INFO - 
Epoch 168/300 | lr 0.000139
2026-04-12 00:16:47 - __main__ - INFO - Train: loss 0.8684 acc1 99.51%
2026-04-12 00:16:47 - __main__ - INFO - Val:   loss 4.1770 acc1 32.81%
2026-04-12 00:16:47 - __main__ - INFO - 
Epoch 169/300 | lr 0.000137
2026-04-12 00:17:41 - __main__ - INFO - Train: loss 0.8717 acc1 99.40%
2026-04-12 00:17:41 - __main__ - INFO - Val:   loss 4.1166 acc1 33.92%
2026-04-12 00:17:41 - __main__ - INFO - 
Epoch 170/300 | lr 0.000135
2026-04-12 00:18:36 - __main__ - INFO - Train: loss 0.8674 acc1 99.54%
2026-04-12 00:18:36 - __main__ - INFO - Val:   loss 4.1965 acc1 32.60%
2026-04-12 00:18:36 - __main__ - INFO - 
Epoch 171/300 | lr 0.000134
2026-04-12 00:19:30 - __main__ - INFO - Train: loss 0.8675 acc1 99.56%
2026-04-12 00:19:30 - __main__ - INFO - Val:   loss 4.2132 acc1 32.07%
2026-04-12 00:19:30 - __main__ - INFO - 
Epoch 172/300 | lr 0.000132
2026-04-12 00:20:24 - __main__ - INFO - Train: loss 0.8706 acc1 99.45%
2026-04-12 00:20:24 - __main__ - INFO - Val:   loss 4.1871 acc1 32.52%
2026-04-12 00:20:24 - __main__ - INFO - 
Epoch 173/300 | lr 0.000130
2026-04-12 00:21:19 - __main__ - INFO - Train: loss 0.8697 acc1 99.49%
2026-04-12 00:21:19 - __main__ - INFO - Val:   loss 4.1440 acc1 32.94%
2026-04-12 00:21:19 - __main__ - INFO - 
Epoch 174/300 | lr 0.000129
2026-04-12 00:22:13 - __main__ - INFO - Train: loss 0.8649 acc1 99.64%
2026-04-12 00:22:13 - __main__ - INFO - Val:   loss 4.1423 acc1 33.17%
2026-04-12 00:22:13 - __main__ - INFO - 
Epoch 175/300 | lr 0.000127
2026-04-12 00:23:07 - __main__ - INFO - Train: loss 0.8666 acc1 99.58%
2026-04-12 00:23:07 - __main__ - INFO - Val:   loss 4.2235 acc1 32.27%
2026-04-12 00:23:07 - __main__ - INFO - 
Epoch 176/300 | lr 0.000125
2026-04-12 00:24:02 - __main__ - INFO - Train: loss 0.8711 acc1 99.42%
2026-04-12 00:24:02 - __main__ - INFO - Val:   loss 4.1539 acc1 32.78%
2026-04-12 00:24:02 - __main__ - INFO - 
Epoch 177/300 | lr 0.000124
2026-04-12 00:24:57 - __main__ - INFO - Train: loss 0.8640 acc1 99.66%
2026-04-12 00:24:57 - __main__ - INFO - Val:   loss 4.2154 acc1 31.97%
2026-04-12 00:24:57 - __main__ - INFO - 
Epoch 178/300 | lr 0.000122
2026-04-12 00:25:51 - __main__ - INFO - Train: loss 0.8651 acc1 99.63%
2026-04-12 00:25:51 - __main__ - INFO - Val:   loss 4.1949 acc1 32.52%
2026-04-12 00:25:51 - __main__ - INFO - 
Epoch 179/300 | lr 0.000121
2026-04-12 00:26:46 - __main__ - INFO - Train: loss 0.8668 acc1 99.57%
2026-04-12 00:26:46 - __main__ - INFO - Val:   loss 4.1761 acc1 33.00%
2026-04-12 00:26:46 - __main__ - INFO - 
Epoch 180/300 | lr 0.000119
2026-04-12 00:27:40 - __main__ - INFO - Train: loss 0.8663 acc1 99.60%
2026-04-12 00:27:40 - __main__ - INFO - Val:   loss 4.1924 acc1 32.80%
2026-04-12 00:27:40 - __main__ - INFO - 
Epoch 181/300 | lr 0.000117
2026-04-12 00:28:35 - __main__ - INFO - Train: loss 0.8634 acc1 99.67%
2026-04-12 00:28:35 - __main__ - INFO - Val:   loss 4.1447 acc1 33.40%
2026-04-12 00:28:35 - __main__ - INFO - 
Epoch 182/300 | lr 0.000116
2026-04-12 00:29:30 - __main__ - INFO - Train: loss 0.8664 acc1 99.56%
2026-04-12 00:29:30 - __main__ - INFO - Val:   loss 4.1755 acc1 32.73%
2026-04-12 00:29:30 - __main__ - INFO - 
Epoch 183/300 | lr 0.000114
2026-04-12 00:30:24 - __main__ - INFO - Train: loss 0.8635 acc1 99.66%
2026-04-12 00:30:24 - __main__ - INFO - Val:   loss 4.1268 acc1 33.62%
2026-04-12 00:30:24 - __main__ - INFO - 
Epoch 184/300 | lr 0.000112
2026-04-12 00:31:19 - __main__ - INFO - Train: loss 0.8638 acc1 99.65%
2026-04-12 00:31:19 - __main__ - INFO - Val:   loss 4.1491 acc1 33.53%
2026-04-12 00:31:19 - __main__ - INFO - 
Epoch 185/300 | lr 0.000111
2026-04-12 00:32:13 - __main__ - INFO - Train: loss 0.8639 acc1 99.66%
2026-04-12 00:32:13 - __main__ - INFO - Val:   loss 4.1674 acc1 32.97%
2026-04-12 00:32:13 - __main__ - INFO - 
Epoch 186/300 | lr 0.000109
2026-04-12 00:33:08 - __main__ - INFO - Train: loss 0.8636 acc1 99.67%
2026-04-12 00:33:08 - __main__ - INFO - Val:   loss 4.1898 acc1 32.65%
2026-04-12 00:33:08 - __main__ - INFO - 
Epoch 187/300 | lr 0.000108
2026-04-12 00:34:02 - __main__ - INFO - Train: loss 0.8637 acc1 99.66%
2026-04-12 00:34:02 - __main__ - INFO - Val:   loss 4.1301 acc1 33.72%
2026-04-12 00:34:02 - __main__ - INFO - 
Epoch 188/300 | lr 0.000106
2026-04-12 00:34:57 - __main__ - INFO - Train: loss 0.8617 acc1 99.72%
2026-04-12 00:34:57 - __main__ - INFO - Val:   loss 4.1541 acc1 33.52%
2026-04-12 00:34:57 - __main__ - INFO - 
Epoch 189/300 | lr 0.000104
2026-04-12 00:35:51 - __main__ - INFO - Train: loss 0.8623 acc1 99.71%
2026-04-12 00:35:51 - __main__ - INFO - Val:   loss 4.1311 acc1 33.67%
2026-04-12 00:35:51 - __main__ - INFO - 
Epoch 190/300 | lr 0.000103
2026-04-12 00:36:45 - __main__ - INFO - Train: loss 0.8624 acc1 99.70%
2026-04-12 00:36:45 - __main__ - INFO - Val:   loss 4.1224 acc1 33.55%
2026-04-12 00:36:45 - __main__ - INFO - 
Epoch 191/300 | lr 0.000101
2026-04-12 00:37:40 - __main__ - INFO - Train: loss 0.8636 acc1 99.63%
2026-04-12 00:37:40 - __main__ - INFO - Val:   loss 4.1728 acc1 32.98%
2026-04-12 00:37:40 - __main__ - INFO - 
Epoch 192/300 | lr 0.000100
2026-04-12 00:38:35 - __main__ - INFO - Train: loss 0.8634 acc1 99.66%
2026-04-12 00:38:35 - __main__ - INFO - Val:   loss 4.1032 acc1 34.44%
2026-04-12 00:38:35 - __main__ - INFO - saved best: 34.44%
2026-04-12 00:38:35 - __main__ - INFO - 
Epoch 193/300 | lr 0.000098
2026-04-12 00:39:29 - __main__ - INFO - Train: loss 0.8575 acc1 99.84%
2026-04-12 00:39:29 - __main__ - INFO - Val:   loss 4.1328 acc1 34.32%
2026-04-12 00:39:29 - __main__ - INFO - 
Epoch 194/300 | lr 0.000096
2026-04-12 00:40:23 - __main__ - INFO - Train: loss 0.8594 acc1 99.79%
2026-04-12 00:40:23 - __main__ - INFO - Val:   loss 4.1446 acc1 33.47%
2026-04-12 00:40:23 - __main__ - INFO - 
Epoch 195/300 | lr 0.000095
2026-04-12 00:41:18 - __main__ - INFO - Train: loss 0.8607 acc1 99.75%
2026-04-12 00:41:18 - __main__ - INFO - Val:   loss 4.1702 acc1 33.83%
2026-04-12 00:41:18 - __main__ - INFO - 
Epoch 196/300 | lr 0.000093
2026-04-12 00:42:12 - __main__ - INFO - Train: loss 0.8605 acc1 99.75%
2026-04-12 00:42:12 - __main__ - INFO - Val:   loss 4.1976 acc1 32.86%
2026-04-12 00:42:12 - __main__ - INFO - 
Epoch 197/300 | lr 0.000092
2026-04-12 00:43:06 - __main__ - INFO - Train: loss 0.8605 acc1 99.75%
2026-04-12 00:43:06 - __main__ - INFO - Val:   loss 4.1406 acc1 33.76%
2026-04-12 00:43:06 - __main__ - INFO - 
Epoch 198/300 | lr 0.000090
2026-04-12 00:44:01 - __main__ - INFO - Train: loss 0.8598 acc1 99.76%
2026-04-12 00:44:01 - __main__ - INFO - Val:   loss 4.1608 acc1 33.35%
2026-04-12 00:44:01 - __main__ - INFO - 
Epoch 199/300 | lr 0.000089
2026-04-12 00:44:55 - __main__ - INFO - Train: loss 0.8605 acc1 99.75%
2026-04-12 00:44:55 - __main__ - INFO - Val:   loss 4.1196 acc1 33.93%
2026-04-12 00:44:55 - __main__ - INFO - 
Epoch 200/300 | lr 0.000087
2026-04-12 00:45:49 - __main__ - INFO - Train: loss 0.8577 acc1 99.83%
2026-04-12 00:45:49 - __main__ - INFO - Val:   loss 4.1605 acc1 33.50%
2026-04-12 00:45:49 - __main__ - INFO - 
Epoch 201/300 | lr 0.000086
2026-04-12 00:46:44 - __main__ - INFO - Train: loss 0.8591 acc1 99.79%
2026-04-12 00:46:44 - __main__ - INFO - Val:   loss 4.1507 acc1 33.60%
2026-04-12 00:46:44 - __main__ - INFO - 
Epoch 202/300 | lr 0.000084
2026-04-12 00:47:38 - __main__ - INFO - Train: loss 0.8590 acc1 99.80%
2026-04-12 00:47:38 - __main__ - INFO - Val:   loss 4.1731 acc1 33.44%
2026-04-12 00:47:38 - __main__ - INFO - 
Epoch 203/300 | lr 0.000083
2026-04-12 00:48:33 - __main__ - INFO - Train: loss 0.8592 acc1 99.79%
2026-04-12 00:48:33 - __main__ - INFO - Val:   loss 4.1690 acc1 33.53%
2026-04-12 00:48:33 - __main__ - INFO - 
Epoch 204/300 | lr 0.000081
2026-04-12 00:49:27 - __main__ - INFO - Train: loss 0.8584 acc1 99.80%
2026-04-12 00:49:27 - __main__ - INFO - Val:   loss 4.1763 acc1 33.30%
2026-04-12 00:49:27 - __main__ - INFO - 
Epoch 205/300 | lr 0.000080
2026-04-12 00:50:22 - __main__ - INFO - Train: loss 0.8585 acc1 99.79%
2026-04-12 00:50:22 - __main__ - INFO - Val:   loss 4.1328 acc1 33.87%
2026-04-12 00:50:22 - __main__ - INFO - 
Epoch 206/300 | lr 0.000078
2026-04-12 00:51:16 - __main__ - INFO - Train: loss 0.8579 acc1 99.80%
2026-04-12 00:51:16 - __main__ - INFO - Val:   loss 4.1505 acc1 34.00%
2026-04-12 00:51:16 - __main__ - INFO - 
Epoch 207/300 | lr 0.000077
2026-04-12 00:52:10 - __main__ - INFO - Train: loss 0.8554 acc1 99.88%
2026-04-12 00:52:10 - __main__ - INFO - Val:   loss 4.1917 acc1 33.34%
2026-04-12 00:52:10 - __main__ - INFO - 
Epoch 208/300 | lr 0.000075
2026-04-12 00:53:05 - __main__ - INFO - Train: loss 0.8578 acc1 99.82%
2026-04-12 00:53:05 - __main__ - INFO - Val:   loss 4.1848 acc1 33.25%
2026-04-12 00:53:05 - __main__ - INFO - 
Epoch 209/300 | lr 0.000074
2026-04-12 00:53:59 - __main__ - INFO - Train: loss 0.8567 acc1 99.85%
2026-04-12 00:53:59 - __main__ - INFO - Val:   loss 4.1554 acc1 33.73%
2026-04-12 00:53:59 - __main__ - INFO - 
Epoch 210/300 | lr 0.000072
2026-04-12 00:54:54 - __main__ - INFO - Train: loss 0.8573 acc1 99.85%
2026-04-12 00:54:54 - __main__ - INFO - Val:   loss 4.1585 acc1 33.53%
2026-04-12 00:54:54 - __main__ - INFO - 
Epoch 211/300 | lr 0.000071
2026-04-12 00:55:48 - __main__ - INFO - Train: loss 0.8573 acc1 99.84%
2026-04-12 00:55:48 - __main__ - INFO - Val:   loss 4.1774 acc1 33.79%
2026-04-12 00:55:48 - __main__ - INFO - 
Epoch 212/300 | lr 0.000070
2026-04-12 00:56:42 - __main__ - INFO - Train: loss 0.8563 acc1 99.86%
2026-04-12 00:56:42 - __main__ - INFO - Val:   loss 4.1926 acc1 33.32%
2026-04-12 00:56:42 - __main__ - INFO - 
Epoch 213/300 | lr 0.000068
2026-04-12 00:57:37 - __main__ - INFO - Train: loss 0.8561 acc1 99.87%
2026-04-12 00:57:37 - __main__ - INFO - Val:   loss 4.1795 acc1 33.45%
2026-04-12 00:57:37 - __main__ - INFO - 
Epoch 214/300 | lr 0.000067
2026-04-12 00:58:31 - __main__ - INFO - Train: loss 0.8565 acc1 99.86%
2026-04-12 00:58:31 - __main__ - INFO - Val:   loss 4.1458 acc1 33.88%
2026-04-12 00:58:31 - __main__ - INFO - 
Epoch 215/300 | lr 0.000065
2026-04-12 00:59:26 - __main__ - INFO - Train: loss 0.8558 acc1 99.87%
2026-04-12 00:59:26 - __main__ - INFO - Val:   loss 4.1356 acc1 34.26%
2026-04-12 00:59:26 - __main__ - INFO - 
Epoch 216/300 | lr 0.000064
2026-04-12 01:00:20 - __main__ - INFO - Train: loss 0.8562 acc1 99.86%
2026-04-12 01:00:20 - __main__ - INFO - Val:   loss 4.1981 acc1 33.50%
2026-04-12 01:00:20 - __main__ - INFO - 
Epoch 217/300 | lr 0.000063
2026-04-12 01:01:14 - __main__ - INFO - Train: loss 0.8557 acc1 99.88%
2026-04-12 01:01:14 - __main__ - INFO - Val:   loss 4.1541 acc1 33.86%
2026-04-12 01:01:14 - __main__ - INFO - 
Epoch 218/300 | lr 0.000061
2026-04-12 01:02:09 - __main__ - INFO - Train: loss 0.8542 acc1 99.92%
2026-04-12 01:02:09 - __main__ - INFO - Val:   loss 4.1759 acc1 33.38%
2026-04-12 01:02:09 - __main__ - INFO - 
Epoch 219/300 | lr 0.000060
2026-04-12 01:03:03 - __main__ - INFO - Train: loss 0.8556 acc1 99.88%
2026-04-12 01:03:03 - __main__ - INFO - Val:   loss 4.1686 acc1 34.07%
2026-04-12 01:03:03 - __main__ - INFO - 
Epoch 220/300 | lr 0.000059
2026-04-12 01:03:58 - __main__ - INFO - Train: loss 0.8554 acc1 99.89%
2026-04-12 01:03:58 - __main__ - INFO - Val:   loss 4.1419 acc1 34.00%
2026-04-12 01:03:58 - __main__ - INFO - 
Epoch 221/300 | lr 0.000057
2026-04-12 01:04:52 - __main__ - INFO - Train: loss 0.8545 acc1 99.92%
2026-04-12 01:04:52 - __main__ - INFO - Val:   loss 4.1555 acc1 34.17%
2026-04-12 01:04:52 - __main__ - INFO - 
Epoch 222/300 | lr 0.000056
2026-04-12 01:05:47 - __main__ - INFO - Train: loss 0.8541 acc1 99.91%
2026-04-12 01:05:47 - __main__ - INFO - Val:   loss 4.1578 acc1 33.64%
2026-04-12 01:05:47 - __main__ - INFO - 
Epoch 223/300 | lr 0.000055
2026-04-12 01:06:41 - __main__ - INFO - Train: loss 0.8550 acc1 99.90%
2026-04-12 01:06:41 - __main__ - INFO - Val:   loss 4.1783 acc1 33.38%
2026-04-12 01:06:41 - __main__ - INFO - 
Epoch 224/300 | lr 0.000053
2026-04-12 01:07:36 - __main__ - INFO - Train: loss 0.8543 acc1 99.91%
2026-04-12 01:07:36 - __main__ - INFO - Val:   loss 4.1709 acc1 33.63%
2026-04-12 01:07:36 - __main__ - INFO - 
Epoch 225/300 | lr 0.000052
2026-04-12 01:08:30 - __main__ - INFO - Train: loss 0.8543 acc1 99.90%
2026-04-12 01:08:30 - __main__ - INFO - Val:   loss 4.1777 acc1 33.91%
2026-04-12 01:08:30 - __main__ - INFO - 
Epoch 226/300 | lr 0.000051
2026-04-12 01:09:25 - __main__ - INFO - Train: loss 0.8538 acc1 99.92%
2026-04-12 01:09:25 - __main__ - INFO - Val:   loss 4.1589 acc1 34.31%
2026-04-12 01:09:25 - __main__ - INFO - 
Epoch 227/300 | lr 0.000050
2026-04-12 01:10:19 - __main__ - INFO - Train: loss 0.8544 acc1 99.91%
2026-04-12 01:10:19 - __main__ - INFO - Val:   loss 4.1535 acc1 34.46%
2026-04-12 01:10:19 - __main__ - INFO - saved best: 34.46%
2026-04-12 01:10:19 - __main__ - INFO - 
Epoch 228/300 | lr 0.000048
2026-04-12 01:11:14 - __main__ - INFO - Train: loss 0.8541 acc1 99.91%
2026-04-12 01:11:14 - __main__ - INFO - Val:   loss 4.1587 acc1 34.70%
2026-04-12 01:11:14 - __main__ - INFO - saved best: 34.70%
2026-04-12 01:11:14 - __main__ - INFO - 
Epoch 229/300 | lr 0.000047
2026-04-12 01:12:08 - __main__ - INFO - Train: loss 0.8533 acc1 99.93%
2026-04-12 01:12:08 - __main__ - INFO - Val:   loss 4.1440 acc1 34.70%
2026-04-12 01:12:08 - __main__ - INFO - saved best: 34.70%
2026-04-12 01:12:08 - __main__ - INFO - 
Epoch 230/300 | lr 0.000046
2026-04-12 01:13:03 - __main__ - INFO - Train: loss 0.8534 acc1 99.94%
2026-04-12 01:13:03 - __main__ - INFO - Val:   loss 4.1323 acc1 35.25%
2026-04-12 01:13:03 - __main__ - INFO - saved best: 35.25%
2026-04-12 01:13:03 - __main__ - INFO - 
Epoch 231/300 | lr 0.000045
2026-04-12 01:13:58 - __main__ - INFO - Train: loss 0.8537 acc1 99.92%
2026-04-12 01:13:58 - __main__ - INFO - Val:   loss 4.1608 acc1 34.22%
2026-04-12 01:13:58 - __main__ - INFO - 
Epoch 232/300 | lr 0.000044
2026-04-12 01:14:52 - __main__ - INFO - Train: loss 0.8537 acc1 99.92%
2026-04-12 01:14:52 - __main__ - INFO - Val:   loss 4.1842 acc1 34.13%
2026-04-12 01:14:52 - __main__ - INFO - 
Epoch 233/300 | lr 0.000042
2026-04-12 01:15:47 - __main__ - INFO - Train: loss 0.8526 acc1 99.95%
2026-04-12 01:15:47 - __main__ - INFO - Val:   loss 4.1438 acc1 34.36%
2026-04-12 01:15:47 - __main__ - INFO - 
Epoch 234/300 | lr 0.000041
2026-04-12 01:16:41 - __main__ - INFO - Train: loss 0.8527 acc1 99.96%
2026-04-12 01:16:41 - __main__ - INFO - Val:   loss 4.1407 acc1 34.89%
2026-04-12 01:16:41 - __main__ - INFO - 
Epoch 235/300 | lr 0.000040
2026-04-12 01:17:36 - __main__ - INFO - Train: loss 0.8522 acc1 99.97%
2026-04-12 01:17:36 - __main__ - INFO - Val:   loss 4.1967 acc1 33.77%
2026-04-12 01:17:36 - __main__ - INFO - 
Epoch 236/300 | lr 0.000039
2026-04-12 01:18:31 - __main__ - INFO - Train: loss 0.8536 acc1 99.92%
2026-04-12 01:18:31 - __main__ - INFO - Val:   loss 4.2173 acc1 33.71%
2026-04-12 01:18:31 - __main__ - INFO - 
Epoch 237/300 | lr 0.000038
2026-04-12 01:19:26 - __main__ - INFO - Train: loss 0.8539 acc1 99.91%
2026-04-12 01:19:26 - __main__ - INFO - Val:   loss 4.1411 acc1 35.04%
2026-04-12 01:19:26 - __main__ - INFO - 
Epoch 238/300 | lr 0.000037
2026-04-12 01:20:20 - __main__ - INFO - Train: loss 0.8525 acc1 99.95%
2026-04-12 01:20:20 - __main__ - INFO - Val:   loss 4.1308 acc1 34.59%
2026-04-12 01:20:20 - __main__ - INFO - 
Epoch 239/300 | lr 0.000036
2026-04-12 01:21:15 - __main__ - INFO - Train: loss 0.8517 acc1 99.98%
2026-04-12 01:21:15 - __main__ - INFO - Val:   loss 4.1410 acc1 34.59%
2026-04-12 01:21:15 - __main__ - INFO - 
Epoch 240/300 | lr 0.000035
2026-04-12 01:22:09 - __main__ - INFO - Train: loss 0.8520 acc1 99.97%
2026-04-12 01:22:09 - __main__ - INFO - Val:   loss 4.1713 acc1 34.38%
2026-04-12 01:22:09 - __main__ - INFO - 
Epoch 241/300 | lr 0.000034
2026-04-12 01:23:04 - __main__ - INFO - Train: loss 0.8521 acc1 99.96%
2026-04-12 01:23:04 - __main__ - INFO - Val:   loss 4.1811 acc1 34.28%
2026-04-12 01:23:04 - __main__ - INFO - 
Epoch 242/300 | lr 0.000033
2026-04-12 01:23:59 - __main__ - INFO - Train: loss 0.8528 acc1 99.94%
2026-04-12 01:23:59 - __main__ - INFO - Val:   loss 4.1922 acc1 34.05%
2026-04-12 01:23:59 - __main__ - INFO - 
Epoch 243/300 | lr 0.000032
2026-04-12 01:24:53 - __main__ - INFO - Train: loss 0.8521 acc1 99.96%
2026-04-12 01:24:53 - __main__ - INFO - Val:   loss 4.1505 acc1 34.74%
2026-04-12 01:24:53 - __main__ - INFO - 
Epoch 244/300 | lr 0.000031
2026-04-12 01:25:48 - __main__ - INFO - Train: loss 0.8521 acc1 99.96%
2026-04-12 01:25:48 - __main__ - INFO - Val:   loss 4.1666 acc1 34.61%
2026-04-12 01:25:48 - __main__ - INFO - 
Epoch 245/300 | lr 0.000030
2026-04-12 01:26:42 - __main__ - INFO - Train: loss 0.8526 acc1 99.95%
2026-04-12 01:26:42 - __main__ - INFO - Val:   loss 4.1698 acc1 34.31%
2026-04-12 01:26:42 - __main__ - INFO - 
Epoch 246/300 | lr 0.000029
2026-04-12 01:27:37 - __main__ - INFO - Train: loss 0.8518 acc1 99.97%
2026-04-12 01:27:37 - __main__ - INFO - Val:   loss 4.1607 acc1 34.82%
2026-04-12 01:27:37 - __main__ - INFO - 
Epoch 247/300 | lr 0.000028
2026-04-12 01:28:32 - __main__ - INFO - Train: loss 0.8517 acc1 99.97%
2026-04-12 01:28:32 - __main__ - INFO - Val:   loss 4.1756 acc1 34.71%
2026-04-12 01:28:32 - __main__ - INFO - 
Epoch 248/300 | lr 0.000027
2026-04-12 01:29:26 - __main__ - INFO - Train: loss 0.8520 acc1 99.96%
2026-04-12 01:29:26 - __main__ - INFO - Val:   loss 4.1643 acc1 34.63%
2026-04-12 01:29:26 - __main__ - INFO - 
Epoch 249/300 | lr 0.000026
2026-04-12 01:30:21 - __main__ - INFO - Train: loss 0.8520 acc1 99.96%
2026-04-12 01:30:21 - __main__ - INFO - Val:   loss 4.1917 acc1 34.33%
2026-04-12 01:30:21 - __main__ - INFO - 
Epoch 250/300 | lr 0.000025
2026-04-12 01:31:16 - __main__ - INFO - Train: loss 0.8516 acc1 99.97%
2026-04-12 01:31:16 - __main__ - INFO - Val:   loss 4.1691 acc1 34.70%
2026-04-12 01:31:16 - __main__ - INFO - 
Epoch 251/300 | lr 0.000024
2026-04-12 01:32:10 - __main__ - INFO - Train: loss 0.8513 acc1 99.98%
2026-04-12 01:32:10 - __main__ - INFO - Val:   loss 4.1605 acc1 34.64%
2026-04-12 01:32:10 - __main__ - INFO - 
Epoch 252/300 | lr 0.000023
2026-04-12 01:33:05 - __main__ - INFO - Train: loss 0.8518 acc1 99.97%
2026-04-12 01:33:05 - __main__ - INFO - Val:   loss 4.1884 acc1 34.79%
2026-04-12 01:33:05 - __main__ - INFO - 
Epoch 253/300 | lr 0.000022
2026-04-12 01:34:00 - __main__ - INFO - Train: loss 0.8521 acc1 99.96%
2026-04-12 01:34:00 - __main__ - INFO - Val:   loss 4.1878 acc1 34.53%
2026-04-12 01:34:00 - __main__ - INFO - 
Epoch 254/300 | lr 0.000021
2026-04-12 01:34:54 - __main__ - INFO - Train: loss 0.8515 acc1 99.97%
2026-04-12 01:34:54 - __main__ - INFO - Val:   loss 4.1713 acc1 34.65%
2026-04-12 01:34:54 - __main__ - INFO - 
Epoch 255/300 | lr 0.000020
2026-04-12 01:35:49 - __main__ - INFO - Train: loss 0.8516 acc1 99.97%
2026-04-12 01:35:49 - __main__ - INFO - Val:   loss 4.1694 acc1 35.29%
2026-04-12 01:35:49 - __main__ - INFO - saved best: 35.29%
2026-04-12 01:35:49 - __main__ - INFO - 
Epoch 256/300 | lr 0.000020
2026-04-12 01:36:43 - __main__ - INFO - Train: loss 0.8514 acc1 99.98%
2026-04-12 01:36:43 - __main__ - INFO - Val:   loss 4.1706 acc1 34.75%
2026-04-12 01:36:43 - __main__ - INFO - 
Epoch 257/300 | lr 0.000019
2026-04-12 01:37:37 - __main__ - INFO - Train: loss 0.8519 acc1 99.97%
2026-04-12 01:37:37 - __main__ - INFO - Val:   loss 4.1661 acc1 34.59%
2026-04-12 01:37:37 - __main__ - INFO - 
Epoch 258/300 | lr 0.000018
2026-04-12 01:38:32 - __main__ - INFO - Train: loss 0.8514 acc1 99.98%
2026-04-12 01:38:32 - __main__ - INFO - Val:   loss 4.1636 acc1 34.87%
2026-04-12 01:38:32 - __main__ - INFO - 
Epoch 259/300 | lr 0.000017
2026-04-12 01:39:27 - __main__ - INFO - Train: loss 0.8513 acc1 99.98%
2026-04-12 01:39:27 - __main__ - INFO - Val:   loss 4.1632 acc1 34.85%
2026-04-12 01:39:27 - __main__ - INFO - 
Epoch 260/300 | lr 0.000017
2026-04-12 01:40:21 - __main__ - INFO - Train: loss 0.8514 acc1 99.97%
2026-04-12 01:40:21 - __main__ - INFO - Val:   loss 4.1791 acc1 34.83%
2026-04-12 01:40:21 - __main__ - INFO - 
Epoch 261/300 | lr 0.000016
2026-04-12 01:41:16 - __main__ - INFO - Train: loss 0.8514 acc1 99.98%
2026-04-12 01:41:16 - __main__ - INFO - Val:   loss 4.1597 acc1 34.86%
2026-04-12 01:41:16 - __main__ - INFO - 
Epoch 262/300 | lr 0.000015
2026-04-12 01:42:10 - __main__ - INFO - Train: loss 0.8513 acc1 99.98%
2026-04-12 01:42:10 - __main__ - INFO - Val:   loss 4.1695 acc1 34.89%
2026-04-12 01:42:10 - __main__ - INFO - 
Epoch 263/300 | lr 0.000014
2026-04-12 01:43:04 - __main__ - INFO - Train: loss 0.8512 acc1 99.98%
2026-04-12 01:43:04 - __main__ - INFO - Val:   loss 4.1868 acc1 34.30%
2026-04-12 01:43:04 - __main__ - INFO - 
Epoch 264/300 | lr 0.000014
2026-04-12 01:43:59 - __main__ - INFO - Train: loss 0.8512 acc1 99.98%
2026-04-12 01:43:59 - __main__ - INFO - Val:   loss 4.1917 acc1 34.59%
2026-04-12 01:43:59 - __main__ - INFO - 
Epoch 265/300 | lr 0.000013
2026-04-12 01:44:53 - __main__ - INFO - Train: loss 0.8514 acc1 99.97%
2026-04-12 01:44:53 - __main__ - INFO - Val:   loss 4.2062 acc1 34.32%
2026-04-12 01:44:53 - __main__ - INFO - 
Epoch 266/300 | lr 0.000012
2026-04-12 01:45:48 - __main__ - INFO - Train: loss 0.8512 acc1 99.98%
2026-04-12 01:45:48 - __main__ - INFO - Val:   loss 4.1908 acc1 34.76%
2026-04-12 01:45:48 - __main__ - INFO - 
Epoch 267/300 | lr 0.000012
2026-04-12 01:46:42 - __main__ - INFO - Train: loss 0.8513 acc1 99.97%
2026-04-12 01:46:42 - __main__ - INFO - Val:   loss 4.1893 acc1 34.84%
2026-04-12 01:46:42 - __main__ - INFO - 
Epoch 268/300 | lr 0.000011
2026-04-12 01:47:37 - __main__ - INFO - Train: loss 0.8511 acc1 99.97%
2026-04-12 01:47:37 - __main__ - INFO - Val:   loss 4.1832 acc1 34.80%
2026-04-12 01:47:37 - __main__ - INFO - 
Epoch 269/300 | lr 0.000011
2026-04-12 01:48:31 - __main__ - INFO - Train: loss 0.8512 acc1 99.98%
2026-04-12 01:48:31 - __main__ - INFO - Val:   loss 4.1973 acc1 34.64%
2026-04-12 01:48:31 - __main__ - INFO - 
Epoch 270/300 | lr 0.000010
2026-04-12 01:49:26 - __main__ - INFO - Train: loss 0.8511 acc1 99.98%
2026-04-12 01:49:26 - __main__ - INFO - Val:   loss 4.2005 acc1 34.63%
2026-04-12 01:49:26 - __main__ - INFO - 
Epoch 271/300 | lr 0.000009
2026-04-12 01:50:20 - __main__ - INFO - Train: loss 0.8511 acc1 99.97%
2026-04-12 01:50:20 - __main__ - INFO - Val:   loss 4.2122 acc1 34.32%
2026-04-12 01:50:20 - __main__ - INFO - 
Epoch 272/300 | lr 0.000009
2026-04-12 01:51:15 - __main__ - INFO - Train: loss 0.8513 acc1 99.97%
2026-04-12 01:51:15 - __main__ - INFO - Val:   loss 4.2053 acc1 34.90%
2026-04-12 01:51:15 - __main__ - INFO - 
Epoch 273/300 | lr 0.000008
2026-04-12 01:52:09 - __main__ - INFO - Train: loss 0.8512 acc1 99.97%
2026-04-12 01:52:09 - __main__ - INFO - Val:   loss 4.2021 acc1 34.87%
2026-04-12 01:52:09 - __main__ - INFO - 
Epoch 274/300 | lr 0.000008
2026-04-12 01:53:04 - __main__ - INFO - Train: loss 0.8511 acc1 99.97%
2026-04-12 01:53:04 - __main__ - INFO - Val:   loss 4.2085 acc1 34.55%
2026-04-12 01:53:04 - __main__ - INFO - 
Epoch 275/300 | lr 0.000007
2026-04-12 01:53:58 - __main__ - INFO - Train: loss 0.8511 acc1 99.98%
2026-04-12 01:53:58 - __main__ - INFO - Val:   loss 4.2132 acc1 34.85%
2026-04-12 01:53:58 - __main__ - INFO - 
Epoch 276/300 | lr 0.000007
2026-04-12 01:54:53 - __main__ - INFO - Train: loss 0.8511 acc1 99.98%
2026-04-12 01:54:53 - __main__ - INFO - Val:   loss 4.2100 acc1 34.87%
2026-04-12 01:54:53 - __main__ - INFO - 
Epoch 277/300 | lr 0.000006
2026-04-12 01:55:48 - __main__ - INFO - Train: loss 0.8511 acc1 99.98%
2026-04-12 01:55:48 - __main__ - INFO - Val:   loss 4.2169 acc1 34.79%
2026-04-12 01:55:48 - __main__ - INFO - 
Epoch 278/300 | lr 0.000006
2026-04-12 01:56:42 - __main__ - INFO - Train: loss 0.8511 acc1 99.98%
2026-04-12 01:56:42 - __main__ - INFO - Val:   loss 4.2196 acc1 34.63%
2026-04-12 01:56:42 - __main__ - INFO - 
Epoch 279/300 | lr 0.000006
2026-04-12 01:57:36 - __main__ - INFO - Train: loss 0.8511 acc1 99.98%
2026-04-12 01:57:36 - __main__ - INFO - Val:   loss 4.2245 acc1 34.44%
2026-04-12 01:57:36 - __main__ - INFO - 
Epoch 280/300 | lr 0.000005
2026-04-12 01:58:31 - __main__ - INFO - Train: loss 0.8512 acc1 99.97%
2026-04-12 01:58:31 - __main__ - INFO - Val:   loss 4.2341 acc1 34.29%
2026-04-12 01:58:31 - __main__ - INFO - 
Epoch 281/300 | lr 0.000005
2026-04-12 01:59:25 - __main__ - INFO - Train: loss 0.8510 acc1 99.98%
2026-04-12 01:59:25 - __main__ - INFO - Val:   loss 4.2266 acc1 34.51%
2026-04-12 01:59:25 - __main__ - INFO - 
Epoch 282/300 | lr 0.000004
2026-04-12 02:00:20 - __main__ - INFO - Train: loss 0.8511 acc1 99.98%
2026-04-12 02:00:20 - __main__ - INFO - Val:   loss 4.2216 acc1 34.62%
2026-04-12 02:00:20 - __main__ - INFO - 
Epoch 283/300 | lr 0.000004
2026-04-12 02:01:14 - __main__ - INFO - Train: loss 0.8511 acc1 99.98%
2026-04-12 02:01:14 - __main__ - INFO - Val:   loss 4.2205 acc1 34.79%
2026-04-12 02:01:14 - __main__ - INFO - 
Epoch 284/300 | lr 0.000004
2026-04-12 02:02:09 - __main__ - INFO - Train: loss 0.8511 acc1 99.97%
2026-04-12 02:02:09 - __main__ - INFO - Val:   loss 4.2218 acc1 34.65%
2026-04-12 02:02:09 - __main__ - INFO - 
Epoch 285/300 | lr 0.000003
2026-04-12 02:03:04 - __main__ - INFO - Train: loss 0.8510 acc1 99.98%
2026-04-12 02:03:04 - __main__ - INFO - Val:   loss 4.2296 acc1 34.57%
2026-04-12 02:03:04 - __main__ - INFO - 
Epoch 286/300 | lr 0.000003
2026-04-12 02:03:58 - __main__ - INFO - Train: loss 0.8510 acc1 99.98%
2026-04-12 02:03:58 - __main__ - INFO - Val:   loss 4.2325 acc1 34.58%
2026-04-12 02:03:58 - __main__ - INFO - 
Epoch 287/300 | lr 0.000003
2026-04-12 02:04:52 - __main__ - INFO - Train: loss 0.8510 acc1 99.98%
2026-04-12 02:04:52 - __main__ - INFO - Val:   loss 4.2310 acc1 34.64%
2026-04-12 02:04:52 - __main__ - INFO - 
Epoch 288/300 | lr 0.000003
2026-04-12 02:05:46 - __main__ - INFO - Train: loss 0.8510 acc1 99.98%
2026-04-12 02:05:46 - __main__ - INFO - Val:   loss 4.2336 acc1 34.57%
2026-04-12 02:05:46 - __main__ - INFO - 
Epoch 289/300 | lr 0.000002
2026-04-12 02:06:41 - __main__ - INFO - Train: loss 0.8510 acc1 99.98%
2026-04-12 02:06:41 - __main__ - INFO - Val:   loss 4.2357 acc1 34.50%
2026-04-12 02:06:41 - __main__ - INFO - 
Epoch 290/300 | lr 0.000002
2026-04-12 02:07:35 - __main__ - INFO - Train: loss 0.8510 acc1 99.98%
2026-04-12 02:07:35 - __main__ - INFO - Val:   loss 4.2360 acc1 34.38%
2026-04-12 02:07:35 - __main__ - INFO - 
Epoch 291/300 | lr 0.000002
2026-04-12 02:08:30 - __main__ - INFO - Train: loss 0.8510 acc1 99.98%
2026-04-12 02:08:30 - __main__ - INFO - Val:   loss 4.2389 acc1 34.50%
2026-04-12 02:08:30 - __main__ - INFO - 
Epoch 292/300 | lr 0.000002
2026-04-12 02:09:24 - __main__ - INFO - Train: loss 0.8510 acc1 99.99%
2026-04-12 02:09:24 - __main__ - INFO - Val:   loss 4.2387 acc1 34.59%
2026-04-12 02:09:24 - __main__ - INFO - 
Epoch 293/300 | lr 0.000002
2026-04-12 02:10:19 - __main__ - INFO - Train: loss 0.8510 acc1 99.98%
2026-04-12 02:10:19 - __main__ - INFO - Val:   loss 4.2385 acc1 34.58%
2026-04-12 02:10:19 - __main__ - INFO - 
Epoch 294/300 | lr 0.000001
2026-04-12 02:11:13 - __main__ - INFO - Train: loss 0.8510 acc1 99.98%
2026-04-12 02:11:13 - __main__ - INFO - Val:   loss 4.2392 acc1 34.61%
2026-04-12 02:11:13 - __main__ - INFO - 
Epoch 295/300 | lr 0.000001
2026-04-12 02:12:07 - __main__ - INFO - Train: loss 0.8510 acc1 99.98%
2026-04-12 02:12:07 - __main__ - INFO - Val:   loss 4.2400 acc1 34.58%
2026-04-12 02:12:07 - __main__ - INFO - 
Epoch 296/300 | lr 0.000001
2026-04-12 02:13:02 - __main__ - INFO - Train: loss 0.8510 acc1 99.98%
2026-04-12 02:13:02 - __main__ - INFO - Val:   loss 4.2413 acc1 34.55%
2026-04-12 02:13:02 - __main__ - INFO - 
Epoch 297/300 | lr 0.000001
2026-04-12 02:13:56 - __main__ - INFO - Train: loss 0.8510 acc1 99.98%
2026-04-12 02:13:56 - __main__ - INFO - Val:   loss 4.2425 acc1 34.56%
2026-04-12 02:13:56 - __main__ - INFO - 
Epoch 298/300 | lr 0.000001
2026-04-12 02:14:51 - __main__ - INFO - Train: loss 0.8510 acc1 99.98%
2026-04-12 02:14:51 - __main__ - INFO - Val:   loss 4.2428 acc1 34.63%
2026-04-12 02:14:51 - __main__ - INFO - 
Epoch 299/300 | lr 0.000001
2026-04-12 02:15:45 - __main__ - INFO - Train: loss 0.8510 acc1 99.98%
2026-04-12 02:15:45 - __main__ - INFO - Val:   loss 4.2435 acc1 34.49%
2026-04-12 02:15:45 - __main__ - INFO - 
Epoch 300/300 | lr 0.000001
2026-04-12 02:16:40 - __main__ - INFO - Train: loss 0.8510 acc1 99.98%
2026-04-12 02:16:40 - __main__ - INFO - Val:   loss 4.2445 acc1 34.50%
2026-04-12 02:16:40 - __main__ - INFO - Loaded best checkpoint weights for final test evaluation.
2026-04-12 02:16:45 - __main__ - INFO - 
Best tracked (val): 35.29%
2026-04-12 02:16:45 - __main__ - INFO - Final test: loss 4.2523 acc1 33.91%
2026-04-12 02:16:56 - __main__ - INFO - Variant [low_saliency] done — test acc 33.91%, test loss 4.2523
2026-04-12 02:16:56 - __main__ - INFO - Saved validation comparison plot: runs/tiny_imagenet_2026_04/11/vit_b_16/validation_comparison_plot.png
2026-04-12 02:16:56 - __main__ - INFO - 
Results saved to ./runs/tiny_imagenet_2026_04/11/comparison_results.json
2026-04-12 02:16:56 - __main__ - INFO - 
========================================================================
2026-04-12 02:16:56 - __main__ - INFO - COMPARISON RESULTS — output model: resnet34
2026-04-12 02:16:56 - __main__ - INFO - ========================================================================
2026-04-12 02:16:56 - __main__ - INFO - Variant              Accuracy       Loss
2026-04-12 02:16:56 - __main__ - INFO - ------------------ ---------- ----------
2026-04-12 02:16:56 - __main__ - INFO - original               65.35%     1.5385
2026-04-12 02:16:56 - __main__ - INFO - low_saliency           64.03%     1.8380
2026-04-12 02:16:56 - __main__ - INFO - ========================================================================
2026-04-12 02:16:56 - __main__ - INFO - CROSS-EVAL MATRIX — output model: resnet34
2026-04-12 02:16:56 - __main__ - INFO - Train / Test               original low_saliency
2026-04-12 02:16:56 - __main__ - INFO - ---------------------- ------------ ------------
2026-04-12 02:16:56 - __main__ - INFO - original                     65.35%       64.28%
2026-04-12 02:16:56 - __main__ - INFO - low_saliency                 57.19%       64.03%
2026-04-12 02:16:56 - __main__ - INFO - Interpretation: train(masked)->test(original) isolates augmentation transfer; train(original)->test(masked) isolates preprocessing effect.
2026-04-12 02:16:56 - __main__ - INFO - ========================================================================
2026-04-12 02:16:56 - __main__ - INFO - 
========================================================================
2026-04-12 02:16:56 - __main__ - INFO - COMPARISON RESULTS — output model: densenet121
2026-04-12 02:16:56 - __main__ - INFO - ========================================================================
2026-04-12 02:16:56 - __main__ - INFO - Variant              Accuracy       Loss
2026-04-12 02:16:56 - __main__ - INFO - ------------------ ---------- ----------
2026-04-12 02:16:56 - __main__ - INFO - original               53.54%     2.4427
2026-04-12 02:16:56 - __main__ - INFO - low_saliency           55.93%     2.5721
2026-04-12 02:16:56 - __main__ - INFO - ========================================================================
2026-04-12 02:16:56 - __main__ - INFO - CROSS-EVAL MATRIX — output model: densenet121
2026-04-12 02:16:56 - __main__ - INFO - Train / Test               original low_saliency
2026-04-12 02:16:56 - __main__ - INFO - ---------------------- ------------ ------------
2026-04-12 02:16:56 - __main__ - INFO - original                     53.54%       52.03%
2026-04-12 02:16:56 - __main__ - INFO - low_saliency                 44.02%       55.93%
2026-04-12 02:16:56 - __main__ - INFO - Interpretation: train(masked)->test(original) isolates augmentation transfer; train(original)->test(masked) isolates preprocessing effect.
2026-04-12 02:16:56 - __main__ - INFO - ========================================================================
2026-04-12 02:16:56 - __main__ - INFO - 
========================================================================
2026-04-12 02:16:56 - __main__ - INFO - COMPARISON RESULTS — output model: vit_b_16
2026-04-12 02:16:56 - __main__ - INFO - ========================================================================
2026-04-12 02:16:56 - __main__ - INFO - Variant              Accuracy       Loss
2026-04-12 02:16:56 - __main__ - INFO - ------------------ ---------- ----------
2026-04-12 02:16:56 - __main__ - INFO - original               32.02%     4.3396
2026-04-12 02:16:56 - __main__ - INFO - low_saliency           33.91%     4.2523
2026-04-12 02:16:56 - __main__ - INFO - ========================================================================
2026-04-12 02:16:56 - __main__ - INFO - CROSS-EVAL MATRIX — output model: vit_b_16
2026-04-12 02:16:56 - __main__ - INFO - Train / Test               original low_saliency
2026-04-12 02:16:56 - __main__ - INFO - ---------------------- ------------ ------------
2026-04-12 02:16:56 - __main__ - INFO - original                     32.02%       30.01%
2026-04-12 02:16:56 - __main__ - INFO - low_saliency                 28.64%       33.91%
2026-04-12 02:16:56 - __main__ - INFO - Interpretation: train(masked)->test(original) isolates augmentation transfer; train(original)->test(masked) isolates preprocessing effect.
2026-04-12 02:16:56 - __main__ - INFO - ========================================================================
