2026-03-10 20:56:44 - __main__ - INFO - Comparison pipeline | device=cuda | out_dir=./runs/malimg_2026_03_10 | args={"amp": false, "batch_size": 128, "cam_layer": "auto", "config": "/content/CAMRegularization/configs.json", "data_dir": "./data", "dataset": "malimg", "epochs": 100, "gamma": 0.1, "input_models": ["efficientnet_b0", "densenet121"], "label_smoothing": 0.0, "log_every": 100, "lr": 0.1, "milestones": "60,80", "min_lr": 1e-05, "momentum": 0.9, "nesterov": false, "num_workers": 2, "out_dir": "./runs/malimg_2026_03_10", "output_models": ["resnet18", "vit_b_16"], "run_name": "", "scheduler": "cosine", "seed": 42, "threshold": 0.3, "val_split": 0.1, "warmup_epochs": 5, "weight_decay": 0.0005}
2026-03-10 20:56:44 - __main__ - INFO - 
============================================================
2026-03-10 20:56:44 - __main__ - INFO - Training input model: efficientnet_b0
2026-03-10 20:56:44 - __main__ - INFO -   Resolved config → lr=0.05, wd=0.0001, bs=32, epochs=100, scheduler=cosine, warmup=5
2026-03-10 20:56:44 - __main__ - INFO - ============================================================
2026-03-10 20:56:44 - __main__ - INFO - device: cuda | cuda: True | gpu: NVIDIA L4
2026-03-10 20:58:03 - __main__ - INFO - Model: efficientnet_b0 | Dataset: malimg | Classes: 25
2026-03-10 20:58:03 - __main__ - INFO - 
Epoch 1/100 | lr 0.000050
2026-03-10 20:58:27 - __main__ - INFO - Train: loss 2.9002 acc1 34.02% f1 28.68%
2026-03-10 20:58:27 - __main__ - INFO - Val:   loss 2.9768 acc1 39.16% f1 32.74%
2026-03-10 20:58:27 - __main__ - INFO - saved best: 39.16%
2026-03-10 20:58:27 - __main__ - INFO - 
Epoch 2/100 | lr 0.010040
2026-03-10 20:58:50 - __main__ - INFO - Train: loss 0.9362 acc1 73.69% f1 70.53%
2026-03-10 20:58:50 - __main__ - INFO - Val:   loss 2.6843 acc1 82.61% f1 79.35%
2026-03-10 20:58:50 - __main__ - INFO - saved best: 82.61%
2026-03-10 20:58:50 - __main__ - INFO - 
Epoch 3/100 | lr 0.020030
2026-03-10 20:59:13 - __main__ - INFO - Train: loss 0.3879 acc1 88.74% f1 88.33%
2026-03-10 20:59:13 - __main__ - INFO - Val:   loss 0.9628 acc1 91.56% f1 90.32%
2026-03-10 20:59:13 - __main__ - INFO - saved best: 91.56%
2026-03-10 20:59:13 - __main__ - INFO - 
Epoch 4/100 | lr 0.030020
2026-03-10 20:59:36 - __main__ - INFO - Train: loss 0.2342 acc1 92.92% f1 92.59%
2026-03-10 20:59:36 - __main__ - INFO - Val:   loss 10.6438 acc1 83.57% f1 78.34%
2026-03-10 20:59:36 - __main__ - INFO - 
Epoch 5/100 | lr 0.040010
2026-03-10 20:59:58 - __main__ - INFO - Train: loss 0.2153 acc1 93.96% f1 93.70%
2026-03-10 20:59:58 - __main__ - INFO - Val:   loss 1.0139 acc1 78.56% f1 76.54%
2026-03-10 20:59:58 - __main__ - INFO - 
Epoch 6/100 | lr 0.050000
2026-03-10 21:00:22 - __main__ - INFO - Train: loss 0.2520 acc1 92.65% f1 92.20%
2026-03-10 21:00:22 - __main__ - INFO - Val:   loss 0.0975 acc1 96.47% f1 96.19%
2026-03-10 21:00:22 - __main__ - INFO - saved best: 96.47%
2026-03-10 21:00:22 - __main__ - INFO - 
Epoch 7/100 | lr 0.049986
2026-03-10 21:00:45 - __main__ - INFO - Train: loss 0.1025 acc1 96.90% f1 96.36%
2026-03-10 21:00:45 - __main__ - INFO - Val:   loss 0.0669 acc1 98.05% f1 97.53%
2026-03-10 21:00:45 - __main__ - INFO - saved best: 98.05%
2026-03-10 21:00:45 - __main__ - INFO - 
Epoch 8/100 | lr 0.049945
2026-03-10 21:01:08 - __main__ - INFO - Train: loss 0.0764 acc1 97.72% f1 97.18%
2026-03-10 21:01:08 - __main__ - INFO - Val:   loss 0.1098 acc1 97.08% f1 96.61%
2026-03-10 21:01:08 - __main__ - INFO - 
Epoch 9/100 | lr 0.049877
2026-03-10 21:01:31 - __main__ - INFO - Train: loss 0.0753 acc1 97.61% f1 97.20%
2026-03-10 21:01:31 - __main__ - INFO - Val:   loss 0.0751 acc1 97.66% f1 97.07%
2026-03-10 21:01:31 - __main__ - INFO - 
Epoch 10/100 | lr 0.049782
2026-03-10 21:01:54 - __main__ - INFO - Train: loss 0.0966 acc1 97.47% f1 97.06%
2026-03-10 21:01:54 - __main__ - INFO - Val:   loss 2.3312 acc1 78.91% f1 75.76%
2026-03-10 21:01:54 - __main__ - INFO - 
Epoch 11/100 | lr 0.049659
2026-03-10 21:02:17 - __main__ - INFO - Train: loss 0.1399 acc1 96.05% f1 95.65%
2026-03-10 21:02:17 - __main__ - INFO - Val:   loss 1.4464 acc1 78.67% f1 78.47%
2026-03-10 21:02:17 - __main__ - INFO - 
Epoch 12/100 | lr 0.049510
2026-03-10 21:02:40 - __main__ - INFO - Train: loss 0.0941 acc1 97.05% f1 96.55%
2026-03-10 21:02:40 - __main__ - INFO - Val:   loss 0.1111 acc1 97.57% f1 97.23%
2026-03-10 21:02:40 - __main__ - INFO - 
Epoch 13/100 | lr 0.049333
2026-03-10 21:03:03 - __main__ - INFO - Train: loss 0.0804 acc1 97.77% f1 97.39%
2026-03-10 21:03:03 - __main__ - INFO - Val:   loss 0.0634 acc1 98.57% f1 97.98%
2026-03-10 21:03:03 - __main__ - INFO - saved best: 98.57%
2026-03-10 21:03:03 - __main__ - INFO - 
Epoch 14/100 | lr 0.049130
2026-03-10 21:03:27 - __main__ - INFO - Train: loss 0.0798 acc1 97.49% f1 96.95%
2026-03-10 21:03:27 - __main__ - INFO - Val:   loss 0.0520 acc1 98.51% f1 97.98%
2026-03-10 21:03:27 - __main__ - INFO - 
Epoch 15/100 | lr 0.048901
2026-03-10 21:03:50 - __main__ - INFO - Train: loss 0.0694 acc1 97.96% f1 97.43%
2026-03-10 21:03:50 - __main__ - INFO - Val:   loss 0.0593 acc1 98.31% f1 97.76%
2026-03-10 21:03:50 - __main__ - INFO - 
Epoch 16/100 | lr 0.048646
2026-03-10 21:04:13 - __main__ - INFO - Train: loss 0.0551 acc1 98.29% f1 97.77%
2026-03-10 21:04:13 - __main__ - INFO - Val:   loss 0.0565 acc1 98.11% f1 97.51%
2026-03-10 21:04:13 - __main__ - INFO - 
Epoch 17/100 | lr 0.048364
2026-03-10 21:04:36 - __main__ - INFO - Train: loss 0.0543 acc1 98.42% f1 98.02%
2026-03-10 21:04:36 - __main__ - INFO - Val:   loss 0.0644 acc1 98.31% f1 97.76%
2026-03-10 21:04:36 - __main__ - INFO - 
Epoch 18/100 | lr 0.048058
2026-03-10 21:04:59 - __main__ - INFO - Train: loss 0.0614 acc1 98.08% f1 97.67%
2026-03-10 21:04:59 - __main__ - INFO - Val:   loss 0.0812 acc1 97.33% f1 96.55%
2026-03-10 21:04:59 - __main__ - INFO - 
Epoch 19/100 | lr 0.047726
2026-03-10 21:05:22 - __main__ - INFO - Train: loss 0.0713 acc1 97.92% f1 97.38%
2026-03-10 21:05:22 - __main__ - INFO - Val:   loss 0.0610 acc1 98.31% f1 97.77%
2026-03-10 21:05:22 - __main__ - INFO - 
Epoch 20/100 | lr 0.047369
2026-03-10 21:05:45 - __main__ - INFO - Train: loss 0.0505 acc1 98.38% f1 97.98%
2026-03-10 21:05:45 - __main__ - INFO - Val:   loss 0.0772 acc1 98.21% f1 97.62%
2026-03-10 21:05:45 - __main__ - INFO - 
Epoch 21/100 | lr 0.046987
2026-03-10 21:06:08 - __main__ - INFO - Train: loss 0.0650 acc1 97.98% f1 97.70%
2026-03-10 21:06:08 - __main__ - INFO - Val:   loss 0.1183 acc1 97.05% f1 96.55%
2026-03-10 21:06:08 - __main__ - INFO - 
Epoch 22/100 | lr 0.046582
2026-03-10 21:06:31 - __main__ - INFO - Train: loss 0.0872 acc1 97.54% f1 97.25%
2026-03-10 21:06:31 - __main__ - INFO - Val:   loss 0.0897 acc1 97.14% f1 96.01%
2026-03-10 21:06:31 - __main__ - INFO - 
Epoch 23/100 | lr 0.046153
2026-03-10 21:06:54 - __main__ - INFO - Train: loss 0.0654 acc1 98.01% f1 97.50%
2026-03-10 21:06:54 - __main__ - INFO - Val:   loss 0.0598 acc1 98.05% f1 97.52%
2026-03-10 21:06:54 - __main__ - INFO - 
Epoch 24/100 | lr 0.045701
2026-03-10 21:07:18 - __main__ - INFO - Train: loss 0.0660 acc1 98.04% f1 97.64%
2026-03-10 21:07:18 - __main__ - INFO - Val:   loss 0.0510 acc1 98.47% f1 97.87%
2026-03-10 21:07:18 - __main__ - INFO - 
Epoch 25/100 | lr 0.045226
2026-03-10 21:07:41 - __main__ - INFO - Train: loss 0.0579 acc1 98.14% f1 97.61%
2026-03-10 21:07:41 - __main__ - INFO - Val:   loss 0.0570 acc1 98.31% f1 97.77%
2026-03-10 21:07:41 - __main__ - INFO - 
Epoch 26/100 | lr 0.044730
2026-03-10 21:08:04 - __main__ - INFO - Train: loss 0.0484 acc1 98.58% f1 98.05%
2026-03-10 21:08:04 - __main__ - INFO - Val:   loss 0.0613 acc1 98.41% f1 97.87%
2026-03-10 21:08:04 - __main__ - INFO - 
Epoch 27/100 | lr 0.044211
2026-03-10 21:08:27 - __main__ - INFO - Train: loss 0.0515 acc1 98.38% f1 97.97%
2026-03-10 21:08:27 - __main__ - INFO - Val:   loss 0.0745 acc1 97.66% f1 97.14%
2026-03-10 21:08:27 - __main__ - INFO - 
Epoch 28/100 | lr 0.043672
2026-03-10 21:08:50 - __main__ - INFO - Train: loss 0.0550 acc1 98.28% f1 97.88%
2026-03-10 21:08:50 - __main__ - INFO - Val:   loss 0.0581 acc1 98.31% f1 97.75%
2026-03-10 21:08:50 - __main__ - INFO - 
Epoch 29/100 | lr 0.043112
2026-03-10 21:09:13 - __main__ - INFO - Train: loss 0.0636 acc1 98.15% f1 97.75%
2026-03-10 21:09:13 - __main__ - INFO - Val:   loss 0.0763 acc1 98.18% f1 97.77%
2026-03-10 21:09:13 - __main__ - INFO - 
Epoch 30/100 | lr 0.042532
2026-03-10 21:09:36 - __main__ - INFO - Train: loss 0.0614 acc1 98.08% f1 97.68%
2026-03-10 21:09:36 - __main__ - INFO - Val:   loss 0.0860 acc1 97.18% f1 96.68%
2026-03-10 21:09:36 - __main__ - INFO - 
Epoch 31/100 | lr 0.041934
2026-03-10 21:09:59 - __main__ - INFO - Train: loss 0.0695 acc1 98.13% f1 97.73%
2026-03-10 21:09:59 - __main__ - INFO - Val:   loss 1.8743 acc1 81.94% f1 78.13%
2026-03-10 21:09:59 - __main__ - INFO - 
Epoch 32/100 | lr 0.041316
2026-03-10 21:10:23 - __main__ - INFO - Train: loss 0.0619 acc1 98.14% f1 97.61%
2026-03-10 21:10:23 - __main__ - INFO - Val:   loss 0.0554 acc1 98.41% f1 97.86%
2026-03-10 21:10:23 - __main__ - INFO - 
Epoch 33/100 | lr 0.040681
2026-03-10 21:10:46 - __main__ - INFO - Train: loss 0.0612 acc1 98.26% f1 97.98%
2026-03-10 21:10:46 - __main__ - INFO - Val:   loss 0.1471 acc1 96.55% f1 96.09%
2026-03-10 21:10:46 - __main__ - INFO - 
Epoch 34/100 | lr 0.040029
2026-03-10 21:11:09 - __main__ - INFO - Train: loss 0.0739 acc1 97.93% f1 97.53%
2026-03-10 21:11:09 - __main__ - INFO - Val:   loss 0.0481 acc1 98.57% f1 97.97%
2026-03-10 21:11:09 - __main__ - INFO - 
Epoch 35/100 | lr 0.039360
2026-03-10 21:11:32 - __main__ - INFO - Train: loss 0.0847 acc1 97.90% f1 97.76%
2026-03-10 21:11:32 - __main__ - INFO - Val:   loss 0.2071 acc1 95.64% f1 95.41%
2026-03-10 21:11:32 - __main__ - INFO - 
Epoch 36/100 | lr 0.038676
2026-03-10 21:11:55 - __main__ - INFO - Train: loss 0.0643 acc1 98.28% f1 97.87%
2026-03-10 21:11:55 - __main__ - INFO - Val:   loss 0.0871 acc1 98.08% f1 97.44%
2026-03-10 21:11:55 - __main__ - INFO - 
Epoch 37/100 | lr 0.037977
2026-03-10 21:12:18 - __main__ - INFO - Train: loss 0.0655 acc1 98.27% f1 97.86%
2026-03-10 21:12:18 - __main__ - INFO - Val:   loss 0.0726 acc1 97.73% f1 97.31%
2026-03-10 21:12:18 - __main__ - INFO - 
Epoch 38/100 | lr 0.037263
2026-03-10 21:12:41 - __main__ - INFO - Train: loss 0.0537 acc1 98.40% f1 98.00%
2026-03-10 21:12:41 - __main__ - INFO - Val:   loss 0.0652 acc1 98.34% f1 97.87%
2026-03-10 21:12:41 - __main__ - INFO - 
Epoch 39/100 | lr 0.036536
2026-03-10 21:13:04 - __main__ - INFO - Train: loss 0.0491 acc1 98.54% f1 98.01%
2026-03-10 21:13:04 - __main__ - INFO - Val:   loss 0.0542 acc1 98.31% f1 97.74%
2026-03-10 21:13:04 - __main__ - INFO - 
Epoch 40/100 | lr 0.035797
2026-03-10 21:13:27 - __main__ - INFO - Train: loss 0.0435 acc1 98.77% f1 98.24%
2026-03-10 21:13:27 - __main__ - INFO - Val:   loss 0.0550 acc1 98.57% f1 97.97%
2026-03-10 21:13:27 - __main__ - INFO - 
Epoch 41/100 | lr 0.035045
2026-03-10 21:13:50 - __main__ - INFO - Train: loss 0.0457 acc1 98.63% f1 98.23%
2026-03-10 21:13:50 - __main__ - INFO - Val:   loss 0.0580 acc1 98.67% f1 98.08%
2026-03-10 21:13:50 - __main__ - INFO - saved best: 98.67%
2026-03-10 21:13:50 - __main__ - INFO - 
Epoch 42/100 | lr 0.034283
2026-03-10 21:14:14 - __main__ - INFO - Train: loss 0.0451 acc1 98.62% f1 98.09%
2026-03-10 21:14:14 - __main__ - INFO - Val:   loss 0.0615 acc1 98.47% f1 97.86%
2026-03-10 21:14:14 - __main__ - INFO - 
Epoch 43/100 | lr 0.033511
2026-03-10 21:14:37 - __main__ - INFO - Train: loss 0.0435 acc1 98.74% f1 98.21%
2026-03-10 21:14:37 - __main__ - INFO - Val:   loss 0.0726 acc1 98.25% f1 97.76%
2026-03-10 21:14:37 - __main__ - INFO - 
Epoch 44/100 | lr 0.032729
2026-03-10 21:15:00 - __main__ - INFO - Train: loss 0.0396 acc1 98.81% f1 98.28%
2026-03-10 21:15:00 - __main__ - INFO - Val:   loss 0.0587 acc1 98.25% f1 97.76%
2026-03-10 21:15:00 - __main__ - INFO - 
Epoch 45/100 | lr 0.031939
2026-03-10 21:15:23 - __main__ - INFO - Train: loss 0.0385 acc1 98.84% f1 98.31%
2026-03-10 21:15:23 - __main__ - INFO - Val:   loss 0.0571 acc1 98.41% f1 97.87%
2026-03-10 21:15:23 - __main__ - INFO - 
Epoch 46/100 | lr 0.031141
2026-03-10 21:15:46 - __main__ - INFO - Train: loss 0.0393 acc1 98.84% f1 98.31%
2026-03-10 21:15:46 - __main__ - INFO - Val:   loss 0.0535 acc1 98.41% f1 97.87%
2026-03-10 21:15:46 - __main__ - INFO - 
Epoch 47/100 | lr 0.030336
2026-03-10 21:16:09 - __main__ - INFO - Train: loss 0.0394 acc1 98.80% f1 98.26%
2026-03-10 21:16:09 - __main__ - INFO - Val:   loss 0.0464 acc1 98.41% f1 97.86%
2026-03-10 21:16:09 - __main__ - INFO - 
Epoch 48/100 | lr 0.029526
2026-03-10 21:16:32 - __main__ - INFO - Train: loss 0.0444 acc1 98.46% f1 98.18%
2026-03-10 21:16:32 - __main__ - INFO - Val:   loss 0.0528 acc1 98.47% f1 97.86%
2026-03-10 21:16:32 - __main__ - INFO - 
Epoch 49/100 | lr 0.028711
2026-03-10 21:16:55 - __main__ - INFO - Train: loss 0.0459 acc1 98.61% f1 98.08%
2026-03-10 21:16:55 - __main__ - INFO - Val:   loss 0.0541 acc1 98.51% f1 97.97%
2026-03-10 21:16:55 - __main__ - INFO - 
Epoch 50/100 | lr 0.027892
2026-03-10 21:17:19 - __main__ - INFO - Train: loss 0.0402 acc1 98.80% f1 98.26%
2026-03-10 21:17:19 - __main__ - INFO - Val:   loss 0.0531 acc1 98.57% f1 97.97%
2026-03-10 21:17:19 - __main__ - INFO - 
Epoch 51/100 | lr 0.027069
2026-03-10 21:17:42 - __main__ - INFO - Train: loss 0.0424 acc1 98.68% f1 98.28%
2026-03-10 21:17:42 - __main__ - INFO - Val:   loss 0.0516 acc1 98.47% f1 97.86%
2026-03-10 21:17:42 - __main__ - INFO - 
Epoch 52/100 | lr 0.026244
2026-03-10 21:18:05 - __main__ - INFO - Train: loss 0.0561 acc1 98.43% f1 98.02%
2026-03-10 21:18:05 - __main__ - INFO - Val:   loss 0.0585 acc1 98.51% f1 97.97%
2026-03-10 21:18:05 - __main__ - INFO - 
Epoch 53/100 | lr 0.025418
2026-03-10 21:18:28 - __main__ - INFO - Train: loss 0.0631 acc1 98.13% f1 97.85%
2026-03-10 21:18:28 - __main__ - INFO - Val:   loss 0.0607 acc1 98.18% f1 97.76%
2026-03-10 21:18:28 - __main__ - INFO - 
Epoch 54/100 | lr 0.024592
2026-03-10 21:18:51 - __main__ - INFO - Train: loss 0.0587 acc1 98.24% f1 98.09%
2026-03-10 21:18:51 - __main__ - INFO - Val:   loss 0.2445 acc1 94.01% f1 94.15%
2026-03-10 21:18:51 - __main__ - INFO - 
Epoch 55/100 | lr 0.023766
2026-03-10 21:19:14 - __main__ - INFO - Train: loss 0.0473 acc1 98.60% f1 98.06%
2026-03-10 21:19:14 - __main__ - INFO - Val:   loss 0.0759 acc1 98.51% f1 97.97%
2026-03-10 21:19:14 - __main__ - INFO - 
Epoch 56/100 | lr 0.022941
2026-03-10 21:19:37 - __main__ - INFO - Train: loss 0.0418 acc1 98.78% f1 98.25%
2026-03-10 21:19:37 - __main__ - INFO - Val:   loss 0.0540 acc1 98.67% f1 98.09%
2026-03-10 21:19:37 - __main__ - INFO - 
Epoch 57/100 | lr 0.022118
2026-03-10 21:20:00 - __main__ - INFO - Train: loss 0.0415 acc1 98.77% f1 98.24%
2026-03-10 21:20:00 - __main__ - INFO - Val:   loss 0.0483 acc1 98.83% f1 98.19%
2026-03-10 21:20:00 - __main__ - INFO - saved best: 98.83%
2026-03-10 21:20:00 - __main__ - INFO - 
Epoch 58/100 | lr 0.021299
2026-03-10 21:20:23 - __main__ - INFO - Train: loss 0.0386 acc1 98.86% f1 98.33%
2026-03-10 21:20:23 - __main__ - INFO - Val:   loss 0.0525 acc1 98.60% f1 98.09%
2026-03-10 21:20:23 - __main__ - INFO - 
Epoch 59/100 | lr 0.020484
2026-03-10 21:20:46 - __main__ - INFO - Train: loss 0.0407 acc1 98.75% f1 98.35%
2026-03-10 21:20:46 - __main__ - INFO - Val:   loss 0.0615 acc1 98.51% f1 97.98%
2026-03-10 21:20:46 - __main__ - INFO - 
Epoch 60/100 | lr 0.019674
2026-03-10 21:21:10 - __main__ - INFO - Train: loss 0.0394 acc1 98.78% f1 98.25%
2026-03-10 21:21:10 - __main__ - INFO - Val:   loss 0.0542 acc1 98.51% f1 97.98%
2026-03-10 21:21:10 - __main__ - INFO - 
Epoch 61/100 | lr 0.018869
2026-03-10 21:21:33 - __main__ - INFO - Train: loss 0.0377 acc1 98.88% f1 98.35%
2026-03-10 21:21:33 - __main__ - INFO - Val:   loss 0.0638 acc1 98.51% f1 97.98%
2026-03-10 21:21:33 - __main__ - INFO - 
Epoch 62/100 | lr 0.018071
2026-03-10 21:21:56 - __main__ - INFO - Train: loss 0.0377 acc1 98.85% f1 98.32%
2026-03-10 21:21:56 - __main__ - INFO - Val:   loss 0.0674 acc1 98.51% f1 97.98%
2026-03-10 21:21:56 - __main__ - INFO - 
Epoch 63/100 | lr 0.017281
2026-03-10 21:22:19 - __main__ - INFO - Train: loss 0.0365 acc1 98.88% f1 98.35%
2026-03-10 21:22:19 - __main__ - INFO - Val:   loss 0.0531 acc1 98.67% f1 98.09%
2026-03-10 21:22:19 - __main__ - INFO - 
Epoch 64/100 | lr 0.016499
2026-03-10 21:22:42 - __main__ - INFO - Train: loss 0.0364 acc1 98.88% f1 98.35%
2026-03-10 21:22:42 - __main__ - INFO - Val:   loss 0.0647 acc1 98.51% f1 97.98%
2026-03-10 21:22:42 - __main__ - INFO - 
Epoch 65/100 | lr 0.015727
2026-03-10 21:23:05 - __main__ - INFO - Train: loss 0.0375 acc1 98.86% f1 98.33%
2026-03-10 21:23:05 - __main__ - INFO - Val:   loss 0.0571 acc1 98.67% f1 98.09%
2026-03-10 21:23:05 - __main__ - INFO - 
Epoch 66/100 | lr 0.014965
2026-03-10 21:23:28 - __main__ - INFO - Train: loss 0.0383 acc1 98.88% f1 98.35%
2026-03-10 21:23:28 - __main__ - INFO - Val:   loss 0.0624 acc1 98.51% f1 97.98%
2026-03-10 21:23:28 - __main__ - INFO - 
Epoch 67/100 | lr 0.014213
2026-03-10 21:23:51 - __main__ - INFO - Train: loss 0.0432 acc1 98.55% f1 98.28%
2026-03-10 21:23:51 - __main__ - INFO - Val:   loss 0.0675 acc1 98.41% f1 97.87%
2026-03-10 21:23:51 - __main__ - INFO - 
Epoch 68/100 | lr 0.013474
2026-03-10 21:24:14 - __main__ - INFO - Train: loss 0.0473 acc1 98.59% f1 98.32%
2026-03-10 21:24:14 - __main__ - INFO - Val:   loss 0.0709 acc1 98.41% f1 97.87%
2026-03-10 21:24:14 - __main__ - INFO - 
Epoch 69/100 | lr 0.012747
2026-03-10 21:24:37 - __main__ - INFO - Train: loss 0.0399 acc1 98.77% f1 98.24%
2026-03-10 21:24:37 - __main__ - INFO - Val:   loss 0.0607 acc1 98.57% f1 97.97%
2026-03-10 21:24:37 - __main__ - INFO - 
Epoch 70/100 | lr 0.012033
2026-03-10 21:25:00 - __main__ - INFO - Train: loss 0.0418 acc1 98.70% f1 98.29%
2026-03-10 21:25:00 - __main__ - INFO - Val:   loss 0.0593 acc1 98.67% f1 98.08%
2026-03-10 21:25:00 - __main__ - INFO - 
Epoch 71/100 | lr 0.011334
2026-03-10 21:25:24 - __main__ - INFO - Train: loss 0.0595 acc1 98.53% f1 98.25%
2026-03-10 21:25:24 - __main__ - INFO - Val:   loss 0.0614 acc1 98.25% f1 97.76%
2026-03-10 21:25:24 - __main__ - INFO - 
Epoch 72/100 | lr 0.010650
2026-03-10 21:25:47 - __main__ - INFO - Train: loss 0.0454 acc1 98.59% f1 98.18%
2026-03-10 21:25:47 - __main__ - INFO - Val:   loss 0.0550 acc1 98.25% f1 97.76%
2026-03-10 21:25:47 - __main__ - INFO - 
Epoch 73/100 | lr 0.009981
2026-03-10 21:26:10 - __main__ - INFO - Train: loss 0.0571 acc1 98.57% f1 98.29%
2026-03-10 21:26:10 - __main__ - INFO - Val:   loss 0.0611 acc1 98.51% f1 97.98%
2026-03-10 21:26:10 - __main__ - INFO - 
Epoch 74/100 | lr 0.009329
2026-03-10 21:26:33 - __main__ - INFO - Train: loss 0.0415 acc1 98.85% f1 98.32%
2026-03-10 21:26:33 - __main__ - INFO - Val:   loss 0.0574 acc1 98.41% f1 97.87%
2026-03-10 21:26:33 - __main__ - INFO - 
Epoch 75/100 | lr 0.008694
2026-03-10 21:26:56 - __main__ - INFO - Train: loss 0.0447 acc1 98.68% f1 98.28%
2026-03-10 21:26:56 - __main__ - INFO - Val:   loss 0.0602 acc1 98.57% f1 97.97%
2026-03-10 21:26:56 - __main__ - INFO - 
Epoch 76/100 | lr 0.008076
2026-03-10 21:27:19 - __main__ - INFO - Train: loss 0.0393 acc1 98.78% f1 98.25%
2026-03-10 21:27:19 - __main__ - INFO - Val:   loss 0.0567 acc1 98.57% f1 97.97%
2026-03-10 21:27:19 - __main__ - INFO - 
Epoch 77/100 | lr 0.007478
2026-03-10 21:27:42 - __main__ - INFO - Train: loss 0.0363 acc1 98.86% f1 98.33%
2026-03-10 21:27:42 - __main__ - INFO - Val:   loss 0.0555 acc1 98.57% f1 97.97%
2026-03-10 21:27:42 - __main__ - INFO - 
Epoch 78/100 | lr 0.006898
2026-03-10 21:28:05 - __main__ - INFO - Train: loss 0.0408 acc1 98.72% f1 98.32%
2026-03-10 21:28:05 - __main__ - INFO - Val:   loss 0.0572 acc1 98.41% f1 97.87%
2026-03-10 21:28:05 - __main__ - INFO - 
Epoch 79/100 | lr 0.006338
2026-03-10 21:28:28 - __main__ - INFO - Train: loss 0.0424 acc1 98.57% f1 98.29%
2026-03-10 21:28:28 - __main__ - INFO - Val:   loss 0.0553 acc1 98.41% f1 97.87%
2026-03-10 21:28:28 - __main__ - INFO - 
Epoch 80/100 | lr 0.005799
2026-03-10 21:28:51 - __main__ - INFO - Train: loss 0.0401 acc1 98.71% f1 98.31%
2026-03-10 21:28:51 - __main__ - INFO - Val:   loss 0.0559 acc1 98.57% f1 97.97%
2026-03-10 21:28:51 - __main__ - INFO - 
Epoch 81/100 | lr 0.005280
2026-03-10 21:29:14 - __main__ - INFO - Train: loss 0.0370 acc1 98.86% f1 98.33%
2026-03-10 21:29:14 - __main__ - INFO - Val:   loss 0.0611 acc1 98.51% f1 97.98%
2026-03-10 21:29:14 - __main__ - INFO - 
Epoch 82/100 | lr 0.004784
2026-03-10 21:29:37 - __main__ - INFO - Train: loss 0.0370 acc1 98.88% f1 98.35%
2026-03-10 21:29:37 - __main__ - INFO - Val:   loss 0.0609 acc1 98.41% f1 97.87%
2026-03-10 21:29:37 - __main__ - INFO - 
Epoch 83/100 | lr 0.004309
2026-03-10 21:30:01 - __main__ - INFO - Train: loss 0.0374 acc1 98.88% f1 98.35%
2026-03-10 21:30:01 - __main__ - INFO - Val:   loss 0.0570 acc1 98.67% f1 98.09%
2026-03-10 21:30:01 - __main__ - INFO - 
Epoch 84/100 | lr 0.003857
2026-03-10 21:30:24 - __main__ - INFO - Train: loss 0.0374 acc1 98.86% f1 98.33%
2026-03-10 21:30:24 - __main__ - INFO - Val:   loss 0.0599 acc1 98.51% f1 97.98%
2026-03-10 21:30:24 - __main__ - INFO - 
Epoch 85/100 | lr 0.003428
2026-03-10 21:30:47 - __main__ - INFO - Train: loss 0.0376 acc1 98.88% f1 98.35%
2026-03-10 21:30:47 - __main__ - INFO - Val:   loss 0.0501 acc1 98.73% f1 98.08%
2026-03-10 21:30:47 - __main__ - INFO - 
Epoch 86/100 | lr 0.003023
2026-03-10 21:31:10 - __main__ - INFO - Train: loss 0.0370 acc1 98.84% f1 98.31%
2026-03-10 21:31:10 - __main__ - INFO - Val:   loss 0.0601 acc1 98.41% f1 97.87%
2026-03-10 21:31:10 - __main__ - INFO - 
Epoch 87/100 | lr 0.002641
2026-03-10 21:31:33 - __main__ - INFO - Train: loss 0.0359 acc1 98.88% f1 98.35%
2026-03-10 21:31:33 - __main__ - INFO - Val:   loss 0.0597 acc1 98.41% f1 97.87%
2026-03-10 21:31:33 - __main__ - INFO - 
Epoch 88/100 | lr 0.002284
2026-03-10 21:31:56 - __main__ - INFO - Train: loss 0.0360 acc1 98.88% f1 98.35%
2026-03-10 21:31:56 - __main__ - INFO - Val:   loss 0.0575 acc1 98.57% f1 97.97%
2026-03-10 21:31:56 - __main__ - INFO - 
Epoch 89/100 | lr 0.001952
2026-03-10 21:32:19 - __main__ - INFO - Train: loss 0.0579 acc1 98.44% f1 98.29%
2026-03-10 21:32:19 - __main__ - INFO - Val:   loss 0.0574 acc1 98.41% f1 97.87%
2026-03-10 21:32:19 - __main__ - INFO - 
Epoch 90/100 | lr 0.001646
2026-03-10 21:32:42 - __main__ - INFO - Train: loss 0.0364 acc1 98.88% f1 98.35%
2026-03-10 21:32:42 - __main__ - INFO - Val:   loss 0.0602 acc1 98.41% f1 97.87%
2026-03-10 21:32:42 - __main__ - INFO - 
Epoch 91/100 | lr 0.001364
2026-03-10 21:33:06 - __main__ - INFO - Train: loss 0.0396 acc1 98.74% f1 98.33%
2026-03-10 21:33:06 - __main__ - INFO - Val:   loss 0.0618 acc1 98.41% f1 97.87%
2026-03-10 21:33:06 - __main__ - INFO - 
Epoch 92/100 | lr 0.001109
2026-03-10 21:33:29 - __main__ - INFO - Train: loss 0.0366 acc1 98.84% f1 98.31%
2026-03-10 21:33:29 - __main__ - INFO - Val:   loss 0.0576 acc1 98.51% f1 97.98%
2026-03-10 21:33:29 - __main__ - INFO - 
Epoch 93/100 | lr 0.000880
2026-03-10 21:33:52 - __main__ - INFO - Train: loss 0.0363 acc1 98.88% f1 98.35%
2026-03-10 21:33:52 - __main__ - INFO - Val:   loss 0.0628 acc1 98.51% f1 97.98%
2026-03-10 21:33:52 - __main__ - INFO - 
Epoch 94/100 | lr 0.000677
2026-03-10 21:34:15 - __main__ - INFO - Train: loss 0.0390 acc1 98.70% f1 98.29%
2026-03-10 21:34:15 - __main__ - INFO - Val:   loss 0.0598 acc1 98.41% f1 97.87%
2026-03-10 21:34:15 - __main__ - INFO - 
Epoch 95/100 | lr 0.000500
2026-03-10 21:34:38 - __main__ - INFO - Train: loss 0.0363 acc1 98.86% f1 98.33%
2026-03-10 21:34:38 - __main__ - INFO - Val:   loss 0.0607 acc1 98.51% f1 97.98%
2026-03-10 21:34:38 - __main__ - INFO - 
Epoch 96/100 | lr 0.000351
2026-03-10 21:35:01 - __main__ - INFO - Train: loss 0.0363 acc1 98.86% f1 98.33%
2026-03-10 21:35:01 - __main__ - INFO - Val:   loss 0.0581 acc1 98.41% f1 97.87%
2026-03-10 21:35:01 - __main__ - INFO - 
Epoch 97/100 | lr 0.000228
2026-03-10 21:35:24 - __main__ - INFO - Train: loss 0.0370 acc1 98.88% f1 98.35%
2026-03-10 21:35:24 - __main__ - INFO - Val:   loss 0.0626 acc1 98.51% f1 97.98%
2026-03-10 21:35:24 - __main__ - INFO - 
Epoch 98/100 | lr 0.000133
2026-03-10 21:35:47 - __main__ - INFO - Train: loss 0.0374 acc1 98.86% f1 98.33%
2026-03-10 21:35:47 - __main__ - INFO - Val:   loss 0.0669 acc1 98.51% f1 97.98%
2026-03-10 21:35:47 - __main__ - INFO - 
Epoch 99/100 | lr 0.000065
2026-03-10 21:36:10 - __main__ - INFO - Train: loss 0.0362 acc1 98.86% f1 98.33%
2026-03-10 21:36:10 - __main__ - INFO - Val:   loss 0.0608 acc1 98.51% f1 97.98%
2026-03-10 21:36:10 - __main__ - INFO - 
Epoch 100/100 | lr 0.000024
2026-03-10 21:36:33 - __main__ - INFO - Train: loss 0.0445 acc1 98.59% f1 98.32%
2026-03-10 21:36:33 - __main__ - INFO - Val:   loss 0.0587 acc1 98.51% f1 97.98%
2026-03-10 21:36:36 - __main__ - INFO - 
Best tracked (val): 98.83%
2026-03-10 21:36:36 - __main__ - INFO - Final test: loss 0.0525 acc1 98.47% f1 97.85%
2026-03-10 21:36:37 - __main__ - INFO - Input model efficientnet_b0 done — test acc 98.47%, test F1 97.85%
2026-03-10 21:36:37 - __main__ - INFO - 
============================================================
2026-03-10 21:36:37 - __main__ - INFO - Training input model: densenet121
2026-03-10 21:36:37 - __main__ - INFO -   Resolved config → lr=0.1, wd=0.0001, bs=32, epochs=100, scheduler=cosine, warmup=5
2026-03-10 21:36:37 - __main__ - INFO - ============================================================
2026-03-10 21:36:37 - __main__ - INFO - device: cuda | cuda: True | gpu: NVIDIA L4
2026-03-10 21:36:38 - __main__ - INFO - Model: densenet121 | Dataset: malimg | Classes: 25
2026-03-10 21:36:38 - __main__ - INFO - 
Epoch 1/100 | lr 0.000100
2026-03-10 21:37:20 - __main__ - INFO - Train: loss 2.2690 acc1 43.22% f1 33.43%
2026-03-10 21:37:20 - __main__ - INFO - Val:   loss 1.6083 acc1 67.89% f1 55.18%
2026-03-10 21:37:20 - __main__ - INFO - saved best: 67.89%
2026-03-10 21:37:20 - __main__ - INFO - 
Epoch 2/100 | lr 0.020080
2026-03-10 21:38:01 - __main__ - INFO - Train: loss 0.3085 acc1 91.66% f1 91.07%
2026-03-10 21:38:01 - __main__ - INFO - Val:   loss 0.2268 acc1 92.78% f1 93.15%
2026-03-10 21:38:01 - __main__ - INFO - saved best: 92.78%
2026-03-10 21:38:01 - __main__ - INFO - 
Epoch 3/100 | lr 0.040060
2026-03-10 21:38:42 - __main__ - INFO - Train: loss 0.1543 acc1 95.54% f1 94.99%
2026-03-10 21:38:42 - __main__ - INFO - Val:   loss 0.2425 acc1 93.24% f1 91.87%
2026-03-10 21:38:42 - __main__ - INFO - saved best: 93.24%
2026-03-10 21:38:42 - __main__ - INFO - 
Epoch 4/100 | lr 0.060040
2026-03-10 21:39:23 - __main__ - INFO - Train: loss 0.2116 acc1 93.81% f1 93.68%
2026-03-10 21:39:23 - __main__ - INFO - Val:   loss 5.1436 acc1 47.80% f1 46.17%
2026-03-10 21:39:23 - __main__ - INFO - 
Epoch 5/100 | lr 0.080020
2026-03-10 21:40:05 - __main__ - INFO - Train: loss 0.2632 acc1 94.02% f1 93.59%
2026-03-10 21:40:05 - __main__ - INFO - Val:   loss 0.0911 acc1 97.60% f1 97.02%
2026-03-10 21:40:05 - __main__ - INFO - saved best: 97.60%
2026-03-10 21:40:05 - __main__ - INFO - 
Epoch 6/100 | lr 0.100000
2026-03-10 21:40:46 - __main__ - INFO - Train: loss 0.1204 acc1 96.33% f1 95.90%
2026-03-10 21:40:46 - __main__ - INFO - Val:   loss 0.1664 acc1 95.56% f1 95.00%
2026-03-10 21:40:46 - __main__ - INFO - 
Epoch 7/100 | lr 0.099973
2026-03-10 21:41:27 - __main__ - INFO - Train: loss 0.1067 acc1 96.63% f1 96.29%
2026-03-10 21:41:27 - __main__ - INFO - Val:   loss 0.1136 acc1 96.34% f1 95.90%
2026-03-10 21:41:27 - __main__ - INFO - 
Epoch 8/100 | lr 0.099891
2026-03-10 21:42:08 - __main__ - INFO - Train: loss 0.1055 acc1 96.66% f1 96.36%
2026-03-10 21:42:08 - __main__ - INFO - Val:   loss 1.1791 acc1 77.58% f1 67.38%
2026-03-10 21:42:08 - __main__ - INFO - 
Epoch 9/100 | lr 0.099754
2026-03-10 21:42:50 - __main__ - INFO - Train: loss 0.1494 acc1 95.88% f1 95.54%
2026-03-10 21:42:50 - __main__ - INFO - Val:   loss 30.4259 acc1 32.54% f1 34.55%
2026-03-10 21:42:50 - __main__ - INFO - 
Epoch 10/100 | lr 0.099563
2026-03-10 21:43:31 - __main__ - INFO - Train: loss 0.1626 acc1 95.69% f1 95.23%
2026-03-10 21:43:31 - __main__ - INFO - Val:   loss 0.0783 acc1 96.82% f1 96.39%
2026-03-10 21:43:31 - __main__ - INFO - 
Epoch 11/100 | lr 0.099318
2026-03-10 21:44:12 - __main__ - INFO - Train: loss 0.1019 acc1 96.98% f1 96.82%
2026-03-10 21:44:12 - __main__ - INFO - Val:   loss 0.2200 acc1 91.52% f1 89.61%
2026-03-10 21:44:12 - __main__ - INFO - 
Epoch 12/100 | lr 0.099019
2026-03-10 21:44:53 - __main__ - INFO - Train: loss 0.1084 acc1 96.92% f1 96.37%
2026-03-10 21:44:53 - __main__ - INFO - Val:   loss 0.0659 acc1 98.28% f1 97.63%
2026-03-10 21:44:53 - __main__ - INFO - saved best: 98.28%
2026-03-10 21:44:53 - __main__ - INFO - 
Epoch 13/100 | lr 0.098666
2026-03-10 21:45:35 - __main__ - INFO - Train: loss 0.0705 acc1 97.86% f1 97.33%
2026-03-10 21:45:35 - __main__ - INFO - Val:   loss 0.0638 acc1 97.89% f1 97.41%
2026-03-10 21:45:35 - __main__ - INFO - 
Epoch 14/100 | lr 0.098261
2026-03-10 21:46:16 - __main__ - INFO - Train: loss 0.0646 acc1 97.89% f1 97.35%
2026-03-10 21:46:16 - __main__ - INFO - Val:   loss 0.0758 acc1 97.31% f1 96.95%
2026-03-10 21:46:16 - __main__ - INFO - 
Epoch 15/100 | lr 0.097802
2026-03-10 21:46:57 - __main__ - INFO - Train: loss 0.0575 acc1 98.01% f1 97.57%
2026-03-10 21:46:57 - __main__ - INFO - Val:   loss 0.0649 acc1 97.99% f1 97.54%
2026-03-10 21:46:57 - __main__ - INFO - 
Epoch 16/100 | lr 0.097291
2026-03-10 21:47:38 - __main__ - INFO - Train: loss 0.0578 acc1 98.04% f1 97.50%
2026-03-10 21:47:38 - __main__ - INFO - Val:   loss 0.0657 acc1 98.21% f1 97.63%
2026-03-10 21:47:38 - __main__ - INFO - 
Epoch 17/100 | lr 0.096729
2026-03-10 21:48:19 - __main__ - INFO - Train: loss 0.0700 acc1 97.95% f1 97.67%
2026-03-10 21:48:19 - __main__ - INFO - Val:   loss 0.0749 acc1 97.99% f1 97.52%
2026-03-10 21:48:19 - __main__ - INFO - 
Epoch 18/100 | lr 0.096115
2026-03-10 21:49:01 - __main__ - INFO - Train: loss 0.1079 acc1 96.79% f1 96.26%
2026-03-10 21:49:01 - __main__ - INFO - Val:   loss 0.0616 acc1 98.25% f1 97.76%
2026-03-10 21:49:01 - __main__ - INFO - 
Epoch 19/100 | lr 0.095451
2026-03-10 21:49:42 - __main__ - INFO - Train: loss 0.0726 acc1 97.78% f1 97.25%
2026-03-10 21:49:42 - __main__ - INFO - Val:   loss 0.0581 acc1 98.60% f1 98.08%
2026-03-10 21:49:42 - __main__ - INFO - saved best: 98.60%
2026-03-10 21:49:42 - __main__ - INFO - 
Epoch 20/100 | lr 0.094737
2026-03-10 21:50:23 - __main__ - INFO - Train: loss 0.0717 acc1 97.76% f1 97.22%
2026-03-10 21:50:23 - __main__ - INFO - Val:   loss 0.0584 acc1 97.83% f1 97.41%
2026-03-10 21:50:23 - __main__ - INFO - 
Epoch 21/100 | lr 0.093974
2026-03-10 21:51:04 - __main__ - INFO - Train: loss 0.0623 acc1 97.91% f1 97.50%
2026-03-10 21:51:04 - __main__ - INFO - Val:   loss 0.0771 acc1 97.80% f1 97.45%
2026-03-10 21:51:04 - __main__ - INFO - 
Epoch 22/100 | lr 0.093164
2026-03-10 21:51:45 - __main__ - INFO - Train: loss 0.0621 acc1 97.97% f1 97.57%
2026-03-10 21:51:45 - __main__ - INFO - Val:   loss 0.0669 acc1 98.15% f1 97.65%
2026-03-10 21:51:45 - __main__ - INFO - 
Epoch 23/100 | lr 0.092306
2026-03-10 21:52:27 - __main__ - INFO - Train: loss 0.0592 acc1 98.22% f1 97.69%
2026-03-10 21:52:27 - __main__ - INFO - Val:   loss 0.0804 acc1 98.12% f1 97.73%
2026-03-10 21:52:27 - __main__ - INFO - 
Epoch 24/100 | lr 0.091401
2026-03-10 21:53:08 - __main__ - INFO - Train: loss 0.0518 acc1 98.38% f1 97.85%
2026-03-10 21:53:08 - __main__ - INFO - Val:   loss 0.0700 acc1 98.51% f1 97.98%
2026-03-10 21:53:08 - __main__ - INFO - 
Epoch 25/100 | lr 0.090452
2026-03-10 21:53:49 - __main__ - INFO - Train: loss 0.0493 acc1 98.42% f1 97.89%
2026-03-10 21:53:49 - __main__ - INFO - Val:   loss 0.0784 acc1 98.11% f1 97.51%
2026-03-10 21:53:49 - __main__ - INFO - 
Epoch 26/100 | lr 0.089458
2026-03-10 21:54:30 - __main__ - INFO - Train: loss 0.0552 acc1 98.19% f1 97.92%
2026-03-10 21:54:30 - __main__ - INFO - Val:   loss 0.0967 acc1 97.41% f1 97.05%
2026-03-10 21:54:30 - __main__ - INFO - 
Epoch 27/100 | lr 0.088421
2026-03-10 21:55:11 - __main__ - INFO - Train: loss 0.0545 acc1 98.22% f1 97.69%
2026-03-10 21:55:11 - __main__ - INFO - Val:   loss 0.0681 acc1 98.41% f1 97.87%
2026-03-10 21:55:11 - __main__ - INFO - 
Epoch 28/100 | lr 0.087342
2026-03-10 21:55:53 - __main__ - INFO - Train: loss 0.0476 acc1 98.57% f1 98.04%
2026-03-10 21:55:53 - __main__ - INFO - Val:   loss 0.0771 acc1 98.34% f1 97.86%
2026-03-10 21:55:53 - __main__ - INFO - 
Epoch 29/100 | lr 0.086223
2026-03-10 21:56:34 - __main__ - INFO - Train: loss 0.0459 acc1 98.62% f1 98.09%
2026-03-10 21:56:34 - __main__ - INFO - Val:   loss 0.0649 acc1 97.95% f1 97.40%
2026-03-10 21:56:34 - __main__ - INFO - 
Epoch 30/100 | lr 0.085063
2026-03-10 21:57:15 - __main__ - INFO - Train: loss 0.0454 acc1 98.66% f1 98.13%
2026-03-10 21:57:15 - __main__ - INFO - Val:   loss 0.0628 acc1 98.34% f1 97.87%
2026-03-10 21:57:15 - __main__ - INFO - 
Epoch 31/100 | lr 0.083866
2026-03-10 21:57:56 - __main__ - INFO - Train: loss 0.0444 acc1 98.70% f1 98.17%
2026-03-10 21:57:56 - __main__ - INFO - Val:   loss 0.0714 acc1 97.99% f1 97.54%
2026-03-10 21:57:56 - __main__ - INFO - 
Epoch 32/100 | lr 0.082631
2026-03-10 21:58:37 - __main__ - INFO - Train: loss 0.0508 acc1 98.46% f1 97.93%
2026-03-10 21:58:37 - __main__ - INFO - Val:   loss 0.0778 acc1 98.15% f1 97.63%
2026-03-10 21:58:37 - __main__ - INFO - 
Epoch 33/100 | lr 0.081361
2026-03-10 21:59:19 - __main__ - INFO - Train: loss 0.0474 acc1 98.57% f1 98.04%
2026-03-10 21:59:19 - __main__ - INFO - Val:   loss 0.0721 acc1 97.67% f1 97.28%
2026-03-10 21:59:19 - __main__ - INFO - 
Epoch 34/100 | lr 0.080056
2026-03-10 22:00:00 - __main__ - INFO - Train: loss 0.0436 acc1 98.68% f1 98.15%
2026-03-10 22:00:00 - __main__ - INFO - Val:   loss 0.0611 acc1 98.51% f1 97.97%
2026-03-10 22:00:00 - __main__ - INFO - 
Epoch 35/100 | lr 0.078719
2026-03-10 22:00:41 - __main__ - INFO - Train: loss 0.0438 acc1 98.63% f1 98.22%
2026-03-10 22:00:41 - __main__ - INFO - Val:   loss 0.1105 acc1 95.82% f1 96.02%
2026-03-10 22:00:41 - __main__ - INFO - 
Epoch 36/100 | lr 0.077350
2026-03-10 22:01:22 - __main__ - INFO - Train: loss 0.0584 acc1 98.27% f1 98.00%
2026-03-10 22:01:22 - __main__ - INFO - Val:   loss 0.1575 acc1 96.06% f1 95.63%
2026-03-10 22:01:22 - __main__ - INFO - 
Epoch 37/100 | lr 0.075951
2026-03-10 22:02:04 - __main__ - INFO - Train: loss 0.0688 acc1 97.81% f1 97.53%
2026-03-10 22:02:04 - __main__ - INFO - Val:   loss 0.1697 acc1 95.11% f1 94.81%
2026-03-10 22:02:04 - __main__ - INFO - 
Epoch 38/100 | lr 0.074524
2026-03-10 22:02:45 - __main__ - INFO - Train: loss 0.0598 acc1 98.07% f1 97.66%
2026-03-10 22:02:45 - __main__ - INFO - Val:   loss 0.0656 acc1 98.15% f1 97.65%
2026-03-10 22:02:45 - __main__ - INFO - 
Epoch 39/100 | lr 0.073070
2026-03-10 22:03:26 - __main__ - INFO - Train: loss 0.0476 acc1 98.52% f1 97.98%
2026-03-10 22:03:26 - __main__ - INFO - Val:   loss 0.0687 acc1 98.41% f1 97.86%
2026-03-10 22:03:26 - __main__ - INFO - 
Epoch 40/100 | lr 0.071591
2026-03-10 22:04:07 - __main__ - INFO - Train: loss 0.0409 acc1 98.77% f1 98.24%
2026-03-10 22:04:07 - __main__ - INFO - Val:   loss 0.0632 acc1 98.25% f1 97.75%
2026-03-10 22:04:07 - __main__ - INFO - 
Epoch 41/100 | lr 0.070088
2026-03-10 22:04:49 - __main__ - INFO - Train: loss 0.0446 acc1 98.58% f1 98.05%
2026-03-10 22:04:49 - __main__ - INFO - Val:   loss 0.0807 acc1 97.83% f1 97.41%
2026-03-10 22:04:49 - __main__ - INFO - 
Epoch 42/100 | lr 0.068563
2026-03-10 22:05:30 - __main__ - INFO - Train: loss 0.0426 acc1 98.78% f1 98.25%
2026-03-10 22:05:30 - __main__ - INFO - Val:   loss 0.0661 acc1 98.41% f1 97.87%
2026-03-10 22:05:30 - __main__ - INFO - 
Epoch 43/100 | lr 0.067018
2026-03-10 22:06:11 - __main__ - INFO - Train: loss 0.0481 acc1 98.51% f1 98.24%
2026-03-10 22:06:11 - __main__ - INFO - Val:   loss 0.0651 acc1 98.31% f1 97.75%
2026-03-10 22:06:11 - __main__ - INFO - 
Epoch 44/100 | lr 0.065454
2026-03-10 22:06:52 - __main__ - INFO - Train: loss 0.0458 acc1 98.50% f1 98.23%
2026-03-10 22:06:52 - __main__ - INFO - Val:   loss 0.1195 acc1 98.31% f1 97.75%
2026-03-10 22:06:52 - __main__ - INFO - 
Epoch 45/100 | lr 0.063874
2026-03-10 22:07:34 - __main__ - INFO - Train: loss 0.0463 acc1 98.47% f1 98.15%
2026-03-10 22:07:34 - __main__ - INFO - Val:   loss 0.0729 acc1 98.15% f1 97.65%
2026-03-10 22:07:34 - __main__ - INFO - 
Epoch 46/100 | lr 0.062278
2026-03-10 22:08:15 - __main__ - INFO - Train: loss 0.0478 acc1 98.68% f1 98.14%
2026-03-10 22:08:15 - __main__ - INFO - Val:   loss 0.0750 acc1 98.41% f1 97.87%
2026-03-10 22:08:15 - __main__ - INFO - 
Epoch 47/100 | lr 0.060669
2026-03-10 22:08:56 - __main__ - INFO - Train: loss 0.0423 acc1 98.74% f1 98.21%
2026-03-10 22:08:56 - __main__ - INFO - Val:   loss 0.0653 acc1 98.41% f1 97.87%
2026-03-10 22:08:56 - __main__ - INFO - 
Epoch 48/100 | lr 0.059048
2026-03-10 22:09:37 - __main__ - INFO - Train: loss 0.0381 acc1 98.85% f1 98.32%
2026-03-10 22:09:37 - __main__ - INFO - Val:   loss 0.0696 acc1 98.15% f1 97.65%
2026-03-10 22:09:37 - __main__ - INFO - 
Epoch 49/100 | lr 0.057417
2026-03-10 22:10:18 - __main__ - INFO - Train: loss 0.0372 acc1 98.88% f1 98.35%
2026-03-10 22:10:18 - __main__ - INFO - Val:   loss 0.0666 acc1 98.31% f1 97.75%
2026-03-10 22:10:18 - __main__ - INFO - 
Epoch 50/100 | lr 0.055779
2026-03-10 22:11:00 - __main__ - INFO - Train: loss 0.0385 acc1 98.88% f1 98.35%
2026-03-10 22:11:00 - __main__ - INFO - Val:   loss 0.0668 acc1 98.05% f1 97.54%
2026-03-10 22:11:00 - __main__ - INFO - 
Epoch 51/100 | lr 0.054134
2026-03-10 22:11:41 - __main__ - INFO - Train: loss 0.0434 acc1 98.66% f1 98.13%
2026-03-10 22:11:41 - __main__ - INFO - Val:   loss 0.0712 acc1 98.15% f1 97.65%
2026-03-10 22:11:41 - __main__ - INFO - 
Epoch 52/100 | lr 0.052484
2026-03-10 22:12:22 - __main__ - INFO - Train: loss 0.0402 acc1 98.77% f1 98.24%
2026-03-10 22:12:22 - __main__ - INFO - Val:   loss 0.0697 acc1 98.05% f1 97.54%
2026-03-10 22:12:22 - __main__ - INFO - 
Epoch 53/100 | lr 0.050832
2026-03-10 22:13:03 - __main__ - INFO - Train: loss 0.0402 acc1 98.82% f1 98.29%
2026-03-10 22:13:03 - __main__ - INFO - Val:   loss 0.0725 acc1 98.09% f1 97.65%
2026-03-10 22:13:03 - __main__ - INFO - 
Epoch 54/100 | lr 0.049178
2026-03-10 22:13:45 - __main__ - INFO - Train: loss 0.0382 acc1 98.86% f1 98.33%
2026-03-10 22:13:45 - __main__ - INFO - Val:   loss 0.0623 acc1 98.41% f1 97.87%
2026-03-10 22:13:45 - __main__ - INFO - 
Epoch 55/100 | lr 0.047526
2026-03-10 22:14:26 - __main__ - INFO - Train: loss 0.0380 acc1 98.86% f1 98.33%
2026-03-10 22:14:26 - __main__ - INFO - Val:   loss 0.0693 acc1 98.25% f1 97.76%
2026-03-10 22:14:26 - __main__ - INFO - 
Epoch 56/100 | lr 0.045876
2026-03-10 22:15:07 - __main__ - INFO - Train: loss 0.0379 acc1 98.86% f1 98.33%
2026-03-10 22:15:07 - __main__ - INFO - Val:   loss 0.0705 acc1 98.15% f1 97.65%
2026-03-10 22:15:07 - __main__ - INFO - 
Epoch 57/100 | lr 0.044231
2026-03-10 22:15:48 - __main__ - INFO - Train: loss 0.0400 acc1 98.84% f1 98.31%
2026-03-10 22:15:48 - __main__ - INFO - Val:   loss 0.0708 acc1 97.95% f1 97.41%
2026-03-10 22:15:48 - __main__ - INFO - 
Epoch 58/100 | lr 0.042593
2026-03-10 22:16:29 - __main__ - INFO - Train: loss 0.0404 acc1 98.82% f1 98.29%
2026-03-10 22:16:29 - __main__ - INFO - Val:   loss 0.0701 acc1 98.44% f1 97.98%
2026-03-10 22:16:29 - __main__ - INFO - 
Epoch 59/100 | lr 0.040962
2026-03-10 22:17:11 - __main__ - INFO - Train: loss 0.0412 acc1 98.72% f1 98.32%
2026-03-10 22:17:11 - __main__ - INFO - Val:   loss 0.0676 acc1 98.41% f1 97.87%
2026-03-10 22:17:11 - __main__ - INFO - 
Epoch 60/100 | lr 0.039341
2026-03-10 22:17:52 - __main__ - INFO - Train: loss 0.0379 acc1 98.88% f1 98.35%
2026-03-10 22:17:52 - __main__ - INFO - Val:   loss 0.0731 acc1 98.25% f1 97.76%
2026-03-10 22:17:52 - __main__ - INFO - 
Epoch 61/100 | lr 0.037732
2026-03-10 22:18:33 - __main__ - INFO - Train: loss 0.0392 acc1 98.74% f1 98.33%
2026-03-10 22:18:33 - __main__ - INFO - Val:   loss 0.0811 acc1 98.25% f1 97.76%
2026-03-10 22:18:33 - __main__ - INFO - 
Epoch 62/100 | lr 0.036136
2026-03-10 22:19:14 - __main__ - INFO - Train: loss 0.0412 acc1 98.81% f1 98.28%
2026-03-10 22:19:14 - __main__ - INFO - Val:   loss 0.0716 acc1 98.31% f1 97.75%
2026-03-10 22:19:14 - __main__ - INFO - 
Epoch 63/100 | lr 0.034556
2026-03-10 22:19:56 - __main__ - INFO - Train: loss 0.0382 acc1 98.84% f1 98.31%
2026-03-10 22:19:56 - __main__ - INFO - Val:   loss 0.0761 acc1 98.15% f1 97.65%
2026-03-10 22:19:56 - __main__ - INFO - 
Epoch 64/100 | lr 0.032992
2026-03-10 22:20:37 - __main__ - INFO - Train: loss 0.0370 acc1 98.88% f1 98.35%
2026-03-10 22:20:37 - __main__ - INFO - Val:   loss 0.0711 acc1 98.15% f1 97.65%
2026-03-10 22:20:37 - __main__ - INFO - 
Epoch 65/100 | lr 0.031447
2026-03-10 22:21:18 - __main__ - INFO - Train: loss 0.0460 acc1 98.59% f1 98.32%
2026-03-10 22:21:18 - __main__ - INFO - Val:   loss 0.0741 acc1 98.15% f1 97.65%
2026-03-10 22:21:18 - __main__ - INFO - 
Epoch 66/100 | lr 0.029922
2026-03-10 22:21:59 - __main__ - INFO - Train: loss 0.0406 acc1 98.82% f1 98.29%
2026-03-10 22:21:59 - __main__ - INFO - Val:   loss 0.0730 acc1 98.15% f1 97.65%
2026-03-10 22:21:59 - __main__ - INFO - 
Epoch 67/100 | lr 0.028419
2026-03-10 22:22:40 - __main__ - INFO - Train: loss 0.0373 acc1 98.88% f1 98.35%
2026-03-10 22:22:40 - __main__ - INFO - Val:   loss 0.0761 acc1 98.15% f1 97.65%
2026-03-10 22:22:40 - __main__ - INFO - 
Epoch 68/100 | lr 0.026940
2026-03-10 22:23:22 - __main__ - INFO - Train: loss 0.0416 acc1 98.59% f1 98.32%
2026-03-10 22:23:22 - __main__ - INFO - Val:   loss 0.0792 acc1 98.15% f1 97.65%
2026-03-10 22:23:22 - __main__ - INFO - 
Epoch 69/100 | lr 0.025486
2026-03-10 22:24:03 - __main__ - INFO - Train: loss 0.0437 acc1 98.68% f1 98.28%
2026-03-10 22:24:03 - __main__ - INFO - Val:   loss 0.0765 acc1 97.89% f1 97.42%
2026-03-10 22:24:03 - __main__ - INFO - 
Epoch 70/100 | lr 0.024059
2026-03-10 22:24:44 - __main__ - INFO - Train: loss 0.0430 acc1 98.72% f1 98.18%
2026-03-10 22:24:44 - __main__ - INFO - Val:   loss 0.0728 acc1 98.15% f1 97.65%
2026-03-10 22:24:44 - __main__ - INFO - 
Epoch 71/100 | lr 0.022660
2026-03-10 22:25:25 - __main__ - INFO - Train: loss 0.0425 acc1 98.67% f1 98.27%
2026-03-10 22:25:25 - __main__ - INFO - Val:   loss 0.0751 acc1 97.92% f1 97.52%
2026-03-10 22:25:25 - __main__ - INFO - 
Epoch 72/100 | lr 0.021291
2026-03-10 22:26:07 - __main__ - INFO - Train: loss 0.0479 acc1 98.53% f1 98.25%
2026-03-10 22:26:07 - __main__ - INFO - Val:   loss 0.1924 acc1 93.17% f1 93.73%
2026-03-10 22:26:07 - __main__ - INFO - 
Epoch 73/100 | lr 0.019954
2026-03-10 22:26:48 - __main__ - INFO - Train: loss 0.0412 acc1 98.74% f1 98.21%
2026-03-10 22:26:48 - __main__ - INFO - Val:   loss 0.0749 acc1 98.25% f1 97.76%
2026-03-10 22:26:48 - __main__ - INFO - 
Epoch 74/100 | lr 0.018649
2026-03-10 22:27:29 - __main__ - INFO - Train: loss 0.0366 acc1 98.88% f1 98.35%
2026-03-10 22:27:29 - __main__ - INFO - Val:   loss 0.0791 acc1 98.25% f1 97.76%
2026-03-10 22:27:29 - __main__ - INFO - 
Epoch 75/100 | lr 0.017379
2026-03-10 22:28:10 - __main__ - INFO - Train: loss 0.0378 acc1 98.86% f1 98.33%
2026-03-10 22:28:10 - __main__ - INFO - Val:   loss 0.0757 acc1 98.25% f1 97.76%
2026-03-10 22:28:10 - __main__ - INFO - 
Epoch 76/100 | lr 0.016144
2026-03-10 22:28:51 - __main__ - INFO - Train: loss 0.0375 acc1 98.88% f1 98.35%
2026-03-10 22:28:51 - __main__ - INFO - Val:   loss 0.0773 acc1 98.25% f1 97.76%
2026-03-10 22:28:51 - __main__ - INFO - 
Epoch 77/100 | lr 0.014947
2026-03-10 22:29:33 - __main__ - INFO - Train: loss 0.0362 acc1 98.88% f1 98.35%
2026-03-10 22:29:33 - __main__ - INFO - Val:   loss 0.0773 acc1 98.15% f1 97.65%
2026-03-10 22:29:33 - __main__ - INFO - 
Epoch 78/100 | lr 0.013787
2026-03-10 22:30:14 - __main__ - INFO - Train: loss 0.0367 acc1 98.88% f1 98.35%
2026-03-10 22:30:14 - __main__ - INFO - Val:   loss 0.0786 acc1 98.15% f1 97.65%
2026-03-10 22:30:14 - __main__ - INFO - 
Epoch 79/100 | lr 0.012668
2026-03-10 22:30:55 - __main__ - INFO - Train: loss 0.0375 acc1 98.88% f1 98.35%
2026-03-10 22:30:55 - __main__ - INFO - Val:   loss 0.0769 acc1 98.25% f1 97.76%
2026-03-10 22:30:55 - __main__ - INFO - 
Epoch 80/100 | lr 0.011589
2026-03-10 22:31:36 - __main__ - INFO - Train: loss 0.0363 acc1 98.88% f1 98.35%
2026-03-10 22:31:36 - __main__ - INFO - Val:   loss 0.0775 acc1 98.25% f1 97.76%
2026-03-10 22:31:36 - __main__ - INFO - 
Epoch 81/100 | lr 0.010552
2026-03-10 22:32:18 - __main__ - INFO - Train: loss 0.0360 acc1 98.88% f1 98.35%
2026-03-10 22:32:18 - __main__ - INFO - Val:   loss 0.0780 acc1 98.25% f1 97.76%
2026-03-10 22:32:18 - __main__ - INFO - 
Epoch 82/100 | lr 0.009558
2026-03-10 22:32:59 - __main__ - INFO - Train: loss 0.0363 acc1 98.88% f1 98.35%
2026-03-10 22:32:59 - __main__ - INFO - Val:   loss 0.0759 acc1 98.15% f1 97.65%
2026-03-10 22:32:59 - __main__ - INFO - 
Epoch 83/100 | lr 0.008609
2026-03-10 22:33:40 - __main__ - INFO - Train: loss 0.0375 acc1 98.88% f1 98.35%
2026-03-10 22:33:40 - __main__ - INFO - Val:   loss 0.0779 acc1 98.15% f1 97.65%
2026-03-10 22:33:40 - __main__ - INFO - 
Epoch 84/100 | lr 0.007704
2026-03-10 22:34:21 - __main__ - INFO - Train: loss 0.0412 acc1 98.61% f1 98.33%
2026-03-10 22:34:21 - __main__ - INFO - Val:   loss 0.0789 acc1 98.25% f1 97.76%
2026-03-10 22:34:21 - __main__ - INFO - 
Epoch 85/100 | lr 0.006846
2026-03-10 22:35:03 - __main__ - INFO - Train: loss 0.0385 acc1 98.88% f1 98.35%
2026-03-10 22:35:03 - __main__ - INFO - Val:   loss 0.0727 acc1 98.25% f1 97.76%
2026-03-10 22:35:03 - __main__ - INFO - 
Epoch 86/100 | lr 0.006036
2026-03-10 22:35:44 - __main__ - INFO - Train: loss 0.0385 acc1 98.74% f1 98.33%
2026-03-10 22:35:44 - __main__ - INFO - Val:   loss 0.0771 acc1 98.25% f1 97.76%
2026-03-10 22:35:44 - __main__ - INFO - 
Epoch 87/100 | lr 0.005273
2026-03-10 22:36:25 - __main__ - INFO - Train: loss 0.0359 acc1 98.88% f1 98.35%
2026-03-10 22:36:25 - __main__ - INFO - Val:   loss 0.0799 acc1 98.25% f1 97.76%
2026-03-10 22:36:25 - __main__ - INFO - 
Epoch 88/100 | lr 0.004559
2026-03-10 22:37:06 - __main__ - INFO - Train: loss 0.0389 acc1 98.74% f1 98.33%
2026-03-10 22:37:06 - __main__ - INFO - Val:   loss 0.0796 acc1 98.25% f1 97.76%
2026-03-10 22:37:06 - __main__ - INFO - 
Epoch 89/100 | lr 0.003895
2026-03-10 22:37:47 - __main__ - INFO - Train: loss 0.0359 acc1 98.88% f1 98.35%
2026-03-10 22:37:47 - __main__ - INFO - Val:   loss 0.0823 acc1 98.25% f1 97.76%
2026-03-10 22:37:47 - __main__ - INFO - 
Epoch 90/100 | lr 0.003281
2026-03-10 22:38:29 - __main__ - INFO - Train: loss 0.0388 acc1 98.88% f1 98.35%
2026-03-10 22:38:29 - __main__ - INFO - Val:   loss 0.0793 acc1 98.15% f1 97.65%
2026-03-10 22:38:29 - __main__ - INFO - 
Epoch 91/100 | lr 0.002719
2026-03-10 22:39:10 - __main__ - INFO - Train: loss 0.0359 acc1 98.88% f1 98.35%
2026-03-10 22:39:10 - __main__ - INFO - Val:   loss 0.0810 acc1 98.25% f1 97.76%
2026-03-10 22:39:10 - __main__ - INFO - 
Epoch 92/100 | lr 0.002208
2026-03-10 22:39:51 - __main__ - INFO - Train: loss 0.0358 acc1 98.88% f1 98.35%
2026-03-10 22:39:51 - __main__ - INFO - Val:   loss 0.0812 acc1 98.25% f1 97.76%
2026-03-10 22:39:51 - __main__ - INFO - 
Epoch 93/100 | lr 0.001749
2026-03-10 22:40:32 - __main__ - INFO - Train: loss 0.0377 acc1 98.88% f1 98.35%
2026-03-10 22:40:32 - __main__ - INFO - Val:   loss 0.0774 acc1 98.25% f1 97.76%
2026-03-10 22:40:32 - __main__ - INFO - 
Epoch 94/100 | lr 0.001344
2026-03-10 22:41:13 - __main__ - INFO - Train: loss 0.0380 acc1 98.88% f1 98.35%
2026-03-10 22:41:13 - __main__ - INFO - Val:   loss 0.0775 acc1 98.25% f1 97.76%
2026-03-10 22:41:13 - __main__ - INFO - 
Epoch 95/100 | lr 0.000991
2026-03-10 22:41:55 - __main__ - INFO - Train: loss 0.0362 acc1 98.88% f1 98.35%
2026-03-10 22:41:55 - __main__ - INFO - Val:   loss 0.0815 acc1 98.25% f1 97.76%
2026-03-10 22:41:55 - __main__ - INFO - 
Epoch 96/100 | lr 0.000692
2026-03-10 22:42:36 - __main__ - INFO - Train: loss 0.0356 acc1 98.88% f1 98.35%
2026-03-10 22:42:36 - __main__ - INFO - Val:   loss 0.0825 acc1 98.15% f1 97.65%
2026-03-10 22:42:36 - __main__ - INFO - 
Epoch 97/100 | lr 0.000447
2026-03-10 22:43:17 - __main__ - INFO - Train: loss 0.0361 acc1 98.88% f1 98.35%
2026-03-10 22:43:17 - __main__ - INFO - Val:   loss 0.0799 acc1 98.15% f1 97.65%
2026-03-10 22:43:17 - __main__ - INFO - 
Epoch 98/100 | lr 0.000256
2026-03-10 22:43:58 - __main__ - INFO - Train: loss 0.0359 acc1 98.88% f1 98.35%
2026-03-10 22:43:58 - __main__ - INFO - Val:   loss 0.0788 acc1 98.25% f1 97.76%
2026-03-10 22:43:58 - __main__ - INFO - 
Epoch 99/100 | lr 0.000119
2026-03-10 22:44:40 - __main__ - INFO - Train: loss 0.0358 acc1 98.88% f1 98.35%
2026-03-10 22:44:40 - __main__ - INFO - Val:   loss 0.0813 acc1 98.25% f1 97.76%
2026-03-10 22:44:40 - __main__ - INFO - 
Epoch 100/100 | lr 0.000037
2026-03-10 22:45:21 - __main__ - INFO - Train: loss 0.0443 acc1 98.74% f1 98.33%
2026-03-10 22:45:21 - __main__ - INFO - Val:   loss 0.0843 acc1 98.25% f1 97.76%
2026-03-10 22:45:24 - __main__ - INFO - 
Best tracked (val): 98.60%
2026-03-10 22:45:24 - __main__ - INFO - Final test: loss 0.0598 acc1 98.24% f1 97.64%
2026-03-10 22:45:25 - __main__ - INFO - Input model densenet121 done — test acc 98.24%, test F1 97.64%
2026-03-10 22:45:25 - __main__ - INFO - 
Preparing eval dataloaders for HiResCAM computation …
2026-03-10 22:45:25 - __main__ - INFO - 
Saving variant datasets to data/comparison_malimg
2026-03-10 22:45:25 - __main__ - INFO - Generating train variants → data/comparison_malimg
2026-03-10 22:46:54 - __main__ - INFO -   [train] processed 1280 images …
2026-03-10 22:48:24 - __main__ - INFO -   [train] processed 2560 images …
2026-03-10 22:50:01 - __main__ - INFO -   [train] processed 3840 images …
2026-03-10 22:51:28 - __main__ - INFO -   [train] processed 5120 images …
2026-03-10 22:52:50 - __main__ - INFO -   [train] processed 6400 images …
2026-03-10 22:54:03 - __main__ - INFO -   [train] processed 7459 images …
2026-03-10 22:54:03 - __main__ - INFO -   [train] saved 7459 images for all 4 variants
2026-03-10 22:54:03 - __main__ - INFO - Generating test variants → data/comparison_malimg
2026-03-10 22:55:10 - __main__ - INFO -   [test] processed 957 images …
2026-03-10 22:55:10 - __main__ - INFO -   [test] saved 957 images for all 4 variants
2026-03-10 22:55:10 - __main__ - INFO - Zipping variant directory data/comparison_malimg → data/malimg_densenet121_efficientnet_b0.zip
2026-03-10 22:57:41 - __main__ - INFO - Zip created: data/malimg_densenet121_efficientnet_b0.zip (2648.1 MB)
2026-03-10 22:57:41 - __main__ - INFO - 
Starting output model sweep: resnet18
2026-03-10 22:57:41 - __main__ - INFO - 
============================================================
2026-03-10 22:57:41 - __main__ - INFO - Training output model (resnet18) on variant: original
2026-03-10 22:57:41 - __main__ - INFO -   Resolved config → lr=0.1, wd=0.0005, bs=32, epochs=100, scheduler=cosine, warmup=5
2026-03-10 22:57:41 - __main__ - INFO -   Eval split during training is forced to original test for fair comparability
2026-03-10 22:57:41 - __main__ - INFO - ============================================================
2026-03-10 22:57:41 - __main__ - INFO - device: cuda | cuda: True | gpu: NVIDIA L4
2026-03-10 22:57:41 - __main__ - INFO - Model: resnet18 | Dataset: malimg | Classes: 25
2026-03-10 22:57:41 - __main__ - INFO - 
Epoch 1/100 | lr 0.000100
2026-03-10 22:57:55 - __main__ - INFO - Train: loss 2.1647 acc1 44.49% f1 33.36%
2026-03-10 22:57:55 - __main__ - INFO - Test:   loss 1.7106 acc1 59.35% f1 45.74%
2026-03-10 22:57:55 - __main__ - INFO - saved best: 59.35%
2026-03-10 22:57:55 - __main__ - INFO - 
Epoch 2/100 | lr 0.020080
2026-03-10 22:58:08 - __main__ - INFO - Train: loss 0.3430 acc1 91.28% f1 90.72%
2026-03-10 22:58:08 - __main__ - INFO - Test:   loss 0.1303 acc1 94.90% f1 93.80%
2026-03-10 22:58:08 - __main__ - INFO - saved best: 94.90%
2026-03-10 22:58:08 - __main__ - INFO - 
Epoch 3/100 | lr 0.040060
2026-03-10 22:58:21 - __main__ - INFO - Train: loss 0.1918 acc1 94.85% f1 94.57%
2026-03-10 22:58:21 - __main__ - INFO - Test:   loss 13.0852 acc1 33.40% f1 32.03%
2026-03-10 22:58:21 - __main__ - INFO - 
Epoch 4/100 | lr 0.060040
2026-03-10 22:58:34 - __main__ - INFO - Train: loss 0.3481 acc1 91.94% f1 91.69%
2026-03-10 22:58:34 - __main__ - INFO - Test:   loss 0.3687 acc1 89.42% f1 88.13%
2026-03-10 22:58:34 - __main__ - INFO - 
Epoch 5/100 | lr 0.080020
2026-03-10 22:58:47 - __main__ - INFO - Train: loss 0.1989 acc1 94.41% f1 94.34%
2026-03-10 22:58:47 - __main__ - INFO - Test:   loss 1.0794 acc1 86.68% f1 83.05%
2026-03-10 22:58:47 - __main__ - INFO - 
Epoch 6/100 | lr 0.100000
2026-03-10 22:59:00 - __main__ - INFO - Train: loss 0.1604 acc1 95.63% f1 95.07%
2026-03-10 22:59:00 - __main__ - INFO - Test:   loss 0.0981 acc1 96.39% f1 96.03%
2026-03-10 22:59:00 - __main__ - INFO - saved best: 96.39%
2026-03-10 22:59:00 - __main__ - INFO - 
Epoch 7/100 | lr 0.099973
2026-03-10 22:59:14 - __main__ - INFO - Train: loss 0.0860 acc1 97.42% f1 96.88%
2026-03-10 22:59:14 - __main__ - INFO - Test:   loss 0.0884 acc1 96.98% f1 96.49%
2026-03-10 22:59:14 - __main__ - INFO - saved best: 96.98%
2026-03-10 22:59:14 - __main__ - INFO - 
Epoch 8/100 | lr 0.099891
2026-03-10 22:59:27 - __main__ - INFO - Train: loss 0.0867 acc1 97.30% f1 96.75%
2026-03-10 22:59:27 - __main__ - INFO - Test:   loss 0.0825 acc1 97.34% f1 96.89%
2026-03-10 22:59:27 - __main__ - INFO - saved best: 97.34%
2026-03-10 22:59:27 - __main__ - INFO - 
Epoch 9/100 | lr 0.099754
2026-03-10 22:59:40 - __main__ - INFO - Train: loss 0.0772 acc1 97.47% f1 97.19%
2026-03-10 22:59:40 - __main__ - INFO - Test:   loss 1.3700 acc1 49.74% f1 51.02%
2026-03-10 22:59:40 - __main__ - INFO - 
Epoch 10/100 | lr 0.099563
2026-03-10 22:59:53 - __main__ - INFO - Train: loss 0.1328 acc1 95.80% f1 95.42%
2026-03-10 22:59:53 - __main__ - INFO - Test:   loss 0.1204 acc1 95.72% f1 94.54%
2026-03-10 22:59:53 - __main__ - INFO - 
Epoch 11/100 | lr 0.099318
2026-03-10 23:00:06 - __main__ - INFO - Train: loss 0.0984 acc1 97.12% f1 96.59%
2026-03-10 23:00:06 - __main__ - INFO - Test:   loss 0.1225 acc1 95.65% f1 95.18%
2026-03-10 23:00:06 - __main__ - INFO - 
Epoch 12/100 | lr 0.099019
2026-03-10 23:00:19 - __main__ - INFO - Train: loss 0.0848 acc1 97.52% f1 97.11%
2026-03-10 23:00:19 - __main__ - INFO - Test:   loss 0.0890 acc1 97.22% f1 96.50%
2026-03-10 23:00:19 - __main__ - INFO - 
Epoch 13/100 | lr 0.098666
2026-03-10 23:00:32 - __main__ - INFO - Train: loss 0.0745 acc1 97.80% f1 97.26%
2026-03-10 23:00:32 - __main__ - INFO - Test:   loss 0.0728 acc1 97.55% f1 97.01%
2026-03-10 23:00:32 - __main__ - INFO - saved best: 97.55%
2026-03-10 23:00:32 - __main__ - INFO - 
Epoch 14/100 | lr 0.098261
2026-03-10 23:00:45 - __main__ - INFO - Train: loss 0.0775 acc1 97.82% f1 97.28%
2026-03-10 23:00:45 - __main__ - INFO - Test:   loss 0.0717 acc1 97.87% f1 97.32%
2026-03-10 23:00:45 - __main__ - INFO - saved best: 97.87%
2026-03-10 23:00:45 - __main__ - INFO - 
Epoch 15/100 | lr 0.097802
2026-03-10 23:00:59 - __main__ - INFO - Train: loss 0.0668 acc1 98.01% f1 97.48%
2026-03-10 23:00:59 - __main__ - INFO - Test:   loss 0.0791 acc1 97.57% f1 97.06%
2026-03-10 23:00:59 - __main__ - INFO - 
Epoch 16/100 | lr 0.097291
2026-03-10 23:01:12 - __main__ - INFO - Train: loss 0.0668 acc1 97.99% f1 97.58%
2026-03-10 23:01:12 - __main__ - INFO - Test:   loss 1.1135 acc1 69.26% f1 60.57%
2026-03-10 23:01:12 - __main__ - INFO - 
Epoch 17/100 | lr 0.096729
2026-03-10 23:01:25 - __main__ - INFO - Train: loss 0.0845 acc1 97.53% f1 97.12%
2026-03-10 23:01:25 - __main__ - INFO - Test:   loss 4.8851 acc1 62.01% f1 50.77%
2026-03-10 23:01:25 - __main__ - INFO - 
Epoch 18/100 | lr 0.096115
2026-03-10 23:01:38 - __main__ - INFO - Train: loss 0.1357 acc1 96.03% f1 95.47%
2026-03-10 23:01:38 - __main__ - INFO - Test:   loss 0.0835 acc1 98.01% f1 97.41%
2026-03-10 23:01:38 - __main__ - INFO - saved best: 98.01%
2026-03-10 23:01:38 - __main__ - INFO - 
Epoch 19/100 | lr 0.095451
2026-03-10 23:01:51 - __main__ - INFO - Train: loss 0.0723 acc1 97.84% f1 97.29%
2026-03-10 23:01:51 - __main__ - INFO - Test:   loss 0.0909 acc1 97.58% f1 97.02%
2026-03-10 23:01:51 - __main__ - INFO - 
Epoch 20/100 | lr 0.094737
2026-03-10 23:02:04 - __main__ - INFO - Train: loss 0.0813 acc1 97.61% f1 97.21%
2026-03-10 23:02:04 - __main__ - INFO - Test:   loss 3.0166 acc1 52.92% f1 42.23%
2026-03-10 23:02:04 - __main__ - INFO - 
Epoch 21/100 | lr 0.093974
2026-03-10 23:02:18 - __main__ - INFO - Train: loss 0.0910 acc1 97.29% f1 96.75%
2026-03-10 23:02:18 - __main__ - INFO - Test:   loss 0.1241 acc1 95.66% f1 95.66%
2026-03-10 23:02:18 - __main__ - INFO - 
Epoch 22/100 | lr 0.093164
2026-03-10 23:02:31 - __main__ - INFO - Train: loss 0.0750 acc1 97.72% f1 97.18%
2026-03-10 23:02:31 - __main__ - INFO - Test:   loss 0.0726 acc1 97.51% f1 97.01%
2026-03-10 23:02:31 - __main__ - INFO - 
Epoch 23/100 | lr 0.092306
2026-03-10 23:02:44 - __main__ - INFO - Train: loss 0.0697 acc1 97.88% f1 97.34%
2026-03-10 23:02:44 - __main__ - INFO - Test:   loss 0.1124 acc1 96.20% f1 95.69%
2026-03-10 23:02:44 - __main__ - INFO - 
Epoch 24/100 | lr 0.091401
2026-03-10 23:02:57 - __main__ - INFO - Train: loss 0.0724 acc1 97.88% f1 97.34%
2026-03-10 23:02:57 - __main__ - INFO - Test:   loss 0.0742 acc1 97.68% f1 97.12%
2026-03-10 23:02:57 - __main__ - INFO - 
Epoch 25/100 | lr 0.090452
2026-03-10 23:03:10 - __main__ - INFO - Train: loss 0.0615 acc1 97.99% f1 97.58%
2026-03-10 23:03:10 - __main__ - INFO - Test:   loss 0.1019 acc1 96.60% f1 95.69%
2026-03-10 23:03:10 - __main__ - INFO - 
Epoch 26/100 | lr 0.089458
2026-03-10 23:03:23 - __main__ - INFO - Train: loss 0.0793 acc1 97.66% f1 97.13%
2026-03-10 23:03:23 - __main__ - INFO - Test:   loss 0.0735 acc1 97.28% f1 96.81%
2026-03-10 23:03:23 - __main__ - INFO - 
Epoch 27/100 | lr 0.088421
2026-03-10 23:03:36 - __main__ - INFO - Train: loss 0.0648 acc1 98.02% f1 97.49%
2026-03-10 23:03:36 - __main__ - INFO - Test:   loss 0.1760 acc1 94.12% f1 93.21%
2026-03-10 23:03:36 - __main__ - INFO - 
Epoch 28/100 | lr 0.087342
2026-03-10 23:03:49 - __main__ - INFO - Train: loss 0.0727 acc1 97.89% f1 97.35%
2026-03-10 23:03:49 - __main__ - INFO - Test:   loss 0.0865 acc1 97.18% f1 96.70%
2026-03-10 23:03:49 - __main__ - INFO - 
Epoch 29/100 | lr 0.086223
2026-03-10 23:04:02 - __main__ - INFO - Train: loss 0.0664 acc1 98.16% f1 97.62%
2026-03-10 23:04:02 - __main__ - INFO - Test:   loss 0.1696 acc1 95.26% f1 94.63%
2026-03-10 23:04:02 - __main__ - INFO - 
Epoch 30/100 | lr 0.085063
2026-03-10 23:04:15 - __main__ - INFO - Train: loss 0.0707 acc1 97.84% f1 97.43%
2026-03-10 23:04:15 - __main__ - INFO - Test:   loss 0.0903 acc1 97.44% f1 96.89%
2026-03-10 23:04:15 - __main__ - INFO - 
Epoch 31/100 | lr 0.083866
2026-03-10 23:04:28 - __main__ - INFO - Train: loss 0.0645 acc1 98.12% f1 97.67%
2026-03-10 23:04:28 - __main__ - INFO - Test:   loss 0.0924 acc1 97.09% f1 96.57%
2026-03-10 23:04:28 - __main__ - INFO - 
Epoch 32/100 | lr 0.082631
2026-03-10 23:04:41 - __main__ - INFO - Train: loss 0.0653 acc1 98.00% f1 97.60%
2026-03-10 23:04:41 - __main__ - INFO - Test:   loss 6.2367 acc1 51.66% f1 45.41%
2026-03-10 23:04:41 - __main__ - INFO - 
Epoch 33/100 | lr 0.081361
2026-03-10 23:04:54 - __main__ - INFO - Train: loss 0.0978 acc1 97.23% f1 96.81%
2026-03-10 23:04:54 - __main__ - INFO - Test:   loss 7.9860 acc1 52.65% f1 40.34%
2026-03-10 23:04:54 - __main__ - INFO - 
Epoch 34/100 | lr 0.080056
2026-03-10 23:05:07 - __main__ - INFO - Train: loss 0.1072 acc1 96.99% f1 96.71%
2026-03-10 23:05:07 - __main__ - INFO - Test:   loss 2.2661 acc1 61.13% f1 56.89%
2026-03-10 23:05:07 - __main__ - INFO - 
Epoch 35/100 | lr 0.078719
2026-03-10 23:05:20 - __main__ - INFO - Train: loss 0.1003 acc1 97.11% f1 96.71%
2026-03-10 23:05:20 - __main__ - INFO - Test:   loss 0.2969 acc1 85.52% f1 86.90%
2026-03-10 23:05:20 - __main__ - INFO - 
Epoch 36/100 | lr 0.077350
2026-03-10 23:05:33 - __main__ - INFO - Train: loss 0.0777 acc1 97.70% f1 97.17%
2026-03-10 23:05:33 - __main__ - INFO - Test:   loss 0.0823 acc1 97.85% f1 97.21%
2026-03-10 23:05:33 - __main__ - INFO - 
Epoch 37/100 | lr 0.075951
2026-03-10 23:05:47 - __main__ - INFO - Train: loss 0.0625 acc1 98.05% f1 97.51%
2026-03-10 23:05:47 - __main__ - INFO - Test:   loss 0.0709 acc1 97.81% f1 97.23%
2026-03-10 23:05:47 - __main__ - INFO - 
Epoch 38/100 | lr 0.074524
2026-03-10 23:06:00 - __main__ - INFO - Train: loss 0.0563 acc1 98.32% f1 97.78%
2026-03-10 23:06:00 - __main__ - INFO - Test:   loss 0.0726 acc1 97.05% f1 96.59%
2026-03-10 23:06:00 - __main__ - INFO - 
Epoch 39/100 | lr 0.073070
2026-03-10 23:06:13 - __main__ - INFO - Train: loss 0.0571 acc1 98.32% f1 97.78%
2026-03-10 23:06:13 - __main__ - INFO - Test:   loss 0.0744 acc1 97.74% f1 97.21%
2026-03-10 23:06:13 - __main__ - INFO - 
Epoch 40/100 | lr 0.071591
2026-03-10 23:06:26 - __main__ - INFO - Train: loss 0.0557 acc1 98.44% f1 97.90%
2026-03-10 23:06:26 - __main__ - INFO - Test:   loss 0.0809 acc1 97.61% f1 97.09%
2026-03-10 23:06:26 - __main__ - INFO - 
Epoch 41/100 | lr 0.070088
2026-03-10 23:06:39 - __main__ - INFO - Train: loss 0.0610 acc1 98.17% f1 97.63%
2026-03-10 23:06:39 - __main__ - INFO - Test:   loss 0.1353 acc1 95.98% f1 95.40%
2026-03-10 23:06:39 - __main__ - INFO - 
Epoch 42/100 | lr 0.068563
2026-03-10 23:06:52 - __main__ - INFO - Train: loss 0.0602 acc1 98.22% f1 97.69%
2026-03-10 23:06:52 - __main__ - INFO - Test:   loss 0.0758 acc1 97.48% f1 96.97%
2026-03-10 23:06:52 - __main__ - INFO - 
Epoch 43/100 | lr 0.067018
2026-03-10 23:07:05 - __main__ - INFO - Train: loss 0.0525 acc1 98.60% f1 98.06%
2026-03-10 23:07:05 - __main__ - INFO - Test:   loss 0.1415 acc1 95.92% f1 94.70%
2026-03-10 23:07:05 - __main__ - INFO - 
Epoch 44/100 | lr 0.065454
2026-03-10 23:07:18 - __main__ - INFO - Train: loss 0.0539 acc1 98.50% f1 97.97%
2026-03-10 23:07:18 - __main__ - INFO - Test:   loss 0.0924 acc1 97.71% f1 97.18%
2026-03-10 23:07:18 - __main__ - INFO - 
Epoch 45/100 | lr 0.063874
2026-03-10 23:07:31 - __main__ - INFO - Train: loss 0.0600 acc1 98.30% f1 97.77%
2026-03-10 23:07:31 - __main__ - INFO - Test:   loss 1.3680 acc1 70.79% f1 67.00%
2026-03-10 23:07:31 - __main__ - INFO - 
Epoch 46/100 | lr 0.062278
2026-03-10 23:07:44 - __main__ - INFO - Train: loss 0.0582 acc1 98.29% f1 97.76%
2026-03-10 23:07:44 - __main__ - INFO - Test:   loss 0.0758 acc1 97.87% f1 97.31%
2026-03-10 23:07:44 - __main__ - INFO - 
Epoch 47/100 | lr 0.060669
2026-03-10 23:07:58 - __main__ - INFO - Train: loss 0.0575 acc1 98.29% f1 97.76%
2026-03-10 23:07:58 - __main__ - INFO - Test:   loss 0.0746 acc1 97.51% f1 97.01%
2026-03-10 23:07:58 - __main__ - INFO - 
Epoch 48/100 | lr 0.059048
2026-03-10 23:08:11 - __main__ - INFO - Train: loss 0.0610 acc1 98.25% f1 97.71%
2026-03-10 23:08:11 - __main__ - INFO - Test:   loss 0.0668 acc1 98.37% f1 97.74%
2026-03-10 23:08:11 - __main__ - INFO - saved best: 98.37%
2026-03-10 23:08:11 - __main__ - INFO - 
Epoch 49/100 | lr 0.057417
2026-03-10 23:08:24 - __main__ - INFO - Train: loss 0.0573 acc1 98.18% f1 97.90%
2026-03-10 23:08:24 - __main__ - INFO - Test:   loss 0.1037 acc1 97.55% f1 97.03%
2026-03-10 23:08:24 - __main__ - INFO - 
Epoch 50/100 | lr 0.055779
2026-03-10 23:08:37 - __main__ - INFO - Train: loss 0.0608 acc1 98.28% f1 97.88%
2026-03-10 23:08:37 - __main__ - INFO - Test:   loss 21.5269 acc1 23.84% f1 22.86%
2026-03-10 23:08:37 - __main__ - INFO - 
Epoch 51/100 | lr 0.054134
2026-03-10 23:08:50 - __main__ - INFO - Train: loss 0.1187 acc1 96.71% f1 96.43%
2026-03-10 23:08:50 - __main__ - INFO - Test:   loss 4.8106 acc1 51.28% f1 44.80%
2026-03-10 23:08:50 - __main__ - INFO - 
Epoch 52/100 | lr 0.052484
2026-03-10 23:09:04 - __main__ - INFO - Train: loss 0.0833 acc1 97.50% f1 96.96%
2026-03-10 23:09:04 - __main__ - INFO - Test:   loss 0.0687 acc1 97.51% f1 97.02%
2026-03-10 23:09:04 - __main__ - INFO - 
Epoch 53/100 | lr 0.050832
2026-03-10 23:09:17 - __main__ - INFO - Train: loss 0.0616 acc1 98.06% f1 97.78%
2026-03-10 23:09:17 - __main__ - INFO - Test:   loss 0.1538 acc1 95.89% f1 95.13%
2026-03-10 23:09:17 - __main__ - INFO - 
Epoch 54/100 | lr 0.049178
2026-03-10 23:09:30 - __main__ - INFO - Train: loss 0.0641 acc1 98.18% f1 97.73%
2026-03-10 23:09:30 - __main__ - INFO - Test:   loss 0.0648 acc1 97.84% f1 97.33%
2026-03-10 23:09:30 - __main__ - INFO - 
Epoch 55/100 | lr 0.047526
2026-03-10 23:09:43 - __main__ - INFO - Train: loss 0.0536 acc1 98.45% f1 97.92%
2026-03-10 23:09:43 - __main__ - INFO - Test:   loss 0.0608 acc1 98.33% f1 97.74%
2026-03-10 23:09:43 - __main__ - INFO - 
Epoch 56/100 | lr 0.045876
2026-03-10 23:09:56 - __main__ - INFO - Train: loss 0.0467 acc1 98.64% f1 98.10%
2026-03-10 23:09:56 - __main__ - INFO - Test:   loss 0.0643 acc1 97.91% f1 97.33%
2026-03-10 23:09:56 - __main__ - INFO - 
Epoch 57/100 | lr 0.044231
2026-03-10 23:10:09 - __main__ - INFO - Train: loss 0.0437 acc1 98.73% f1 98.20%
2026-03-10 23:10:09 - __main__ - INFO - Test:   loss 0.0600 acc1 98.01% f1 97.43%
2026-03-10 23:10:09 - __main__ - INFO - 
Epoch 58/100 | lr 0.042593
2026-03-10 23:10:23 - __main__ - INFO - Train: loss 0.0483 acc1 98.60% f1 98.06%
2026-03-10 23:10:23 - __main__ - INFO - Test:   loss 0.0632 acc1 98.07% f1 97.53%
2026-03-10 23:10:23 - __main__ - INFO - 
Epoch 59/100 | lr 0.040962
2026-03-10 23:10:36 - __main__ - INFO - Train: loss 0.0513 acc1 98.52% f1 97.98%
2026-03-10 23:10:36 - __main__ - INFO - Test:   loss 0.0949 acc1 97.80% f1 97.29%
2026-03-10 23:10:36 - __main__ - INFO - 
Epoch 60/100 | lr 0.039341
2026-03-10 23:10:49 - __main__ - INFO - Train: loss 0.0470 acc1 98.54% f1 98.01%
2026-03-10 23:10:49 - __main__ - INFO - Test:   loss 0.0624 acc1 97.97% f1 97.42%
2026-03-10 23:10:49 - __main__ - INFO - 
Epoch 61/100 | lr 0.037732
2026-03-10 23:11:02 - __main__ - INFO - Train: loss 0.0441 acc1 98.73% f1 98.20%
2026-03-10 23:11:02 - __main__ - INFO - Test:   loss 0.0677 acc1 98.07% f1 97.53%
2026-03-10 23:11:02 - __main__ - INFO - 
Epoch 62/100 | lr 0.036136
2026-03-10 23:11:15 - __main__ - INFO - Train: loss 0.0533 acc1 98.46% f1 98.05%
2026-03-10 23:11:15 - __main__ - INFO - Test:   loss 0.1148 acc1 96.12% f1 95.78%
2026-03-10 23:11:15 - __main__ - INFO - 
Epoch 63/100 | lr 0.034556
2026-03-10 23:11:28 - __main__ - INFO - Train: loss 0.0533 acc1 98.50% f1 97.97%
2026-03-10 23:11:28 - __main__ - INFO - Test:   loss 0.0811 acc1 97.74% f1 97.21%
2026-03-10 23:11:28 - __main__ - INFO - 
Epoch 64/100 | lr 0.032992
2026-03-10 23:11:42 - __main__ - INFO - Train: loss 0.0420 acc1 98.86% f1 98.33%
2026-03-10 23:11:42 - __main__ - INFO - Test:   loss 0.0654 acc1 98.10% f1 97.53%
2026-03-10 23:11:42 - __main__ - INFO - 
Epoch 65/100 | lr 0.031447
2026-03-10 23:11:55 - __main__ - INFO - Train: loss 0.0412 acc1 98.80% f1 98.26%
2026-03-10 23:11:55 - __main__ - INFO - Test:   loss 0.0679 acc1 98.01% f1 97.43%
2026-03-10 23:11:55 - __main__ - INFO - 
Epoch 66/100 | lr 0.029922
2026-03-10 23:12:08 - __main__ - INFO - Train: loss 0.0405 acc1 98.88% f1 98.35%
2026-03-10 23:12:08 - __main__ - INFO - Test:   loss 0.0612 acc1 98.20% f1 97.64%
2026-03-10 23:12:08 - __main__ - INFO - 
Epoch 67/100 | lr 0.028419
2026-03-10 23:12:21 - __main__ - INFO - Train: loss 0.0415 acc1 98.88% f1 98.35%
2026-03-10 23:12:21 - __main__ - INFO - Test:   loss 0.0572 acc1 98.10% f1 97.53%
2026-03-10 23:12:21 - __main__ - INFO - 
Epoch 68/100 | lr 0.026940
2026-03-10 23:12:34 - __main__ - INFO - Train: loss 0.0413 acc1 98.84% f1 98.31%
2026-03-10 23:12:34 - __main__ - INFO - Test:   loss 0.0552 acc1 98.37% f1 97.75%
2026-03-10 23:12:34 - __main__ - INFO - 
Epoch 69/100 | lr 0.025486
2026-03-10 23:12:47 - __main__ - INFO - Train: loss 0.0476 acc1 98.73% f1 98.20%
2026-03-10 23:12:47 - __main__ - INFO - Test:   loss 0.0809 acc1 97.97% f1 97.42%
2026-03-10 23:12:47 - __main__ - INFO - 
Epoch 70/100 | lr 0.024059
2026-03-10 23:13:00 - __main__ - INFO - Train: loss 0.0438 acc1 98.77% f1 98.24%
2026-03-10 23:13:00 - __main__ - INFO - Test:   loss 0.0539 acc1 98.30% f1 97.74%
2026-03-10 23:13:00 - __main__ - INFO - 
Epoch 71/100 | lr 0.022660
2026-03-10 23:13:14 - __main__ - INFO - Train: loss 0.0418 acc1 98.80% f1 98.26%
2026-03-10 23:13:14 - __main__ - INFO - Test:   loss 0.0656 acc1 97.67% f1 97.17%
2026-03-10 23:13:14 - __main__ - INFO - 
Epoch 72/100 | lr 0.021291
2026-03-10 23:13:26 - __main__ - INFO - Train: loss 0.0436 acc1 98.76% f1 98.22%
2026-03-10 23:13:26 - __main__ - INFO - Test:   loss 0.0559 acc1 98.10% f1 97.54%
2026-03-10 23:13:26 - __main__ - INFO - 
Epoch 73/100 | lr 0.019954
2026-03-10 23:13:40 - __main__ - INFO - Train: loss 0.0400 acc1 98.81% f1 98.28%
2026-03-10 23:13:40 - __main__ - INFO - Test:   loss 0.0595 acc1 98.33% f1 97.74%
2026-03-10 23:13:40 - __main__ - INFO - 
Epoch 74/100 | lr 0.018649
2026-03-10 23:13:53 - __main__ - INFO - Train: loss 0.0403 acc1 98.85% f1 98.32%
2026-03-10 23:13:53 - __main__ - INFO - Test:   loss 0.0561 acc1 98.47% f1 97.85%
2026-03-10 23:13:53 - __main__ - INFO - saved best: 98.47%
2026-03-10 23:13:53 - __main__ - INFO - 
Epoch 75/100 | lr 0.017379
2026-03-10 23:14:06 - __main__ - INFO - Train: loss 0.0436 acc1 98.68% f1 98.28%
2026-03-10 23:14:06 - __main__ - INFO - Test:   loss 0.0641 acc1 98.14% f1 97.53%
2026-03-10 23:14:06 - __main__ - INFO - 
Epoch 76/100 | lr 0.016144
2026-03-10 23:14:19 - __main__ - INFO - Train: loss 0.0444 acc1 98.78% f1 98.25%
2026-03-10 23:14:19 - __main__ - INFO - Test:   loss 0.0633 acc1 98.33% f1 97.74%
2026-03-10 23:14:19 - __main__ - INFO - 
Epoch 77/100 | lr 0.014947
2026-03-10 23:14:32 - __main__ - INFO - Train: loss 0.0426 acc1 98.66% f1 98.25%
2026-03-10 23:14:32 - __main__ - INFO - Test:   loss 0.0778 acc1 97.97% f1 97.43%
2026-03-10 23:14:32 - __main__ - INFO - 
Epoch 78/100 | lr 0.013787
2026-03-10 23:14:46 - __main__ - INFO - Train: loss 0.0458 acc1 98.74% f1 98.21%
2026-03-10 23:14:46 - __main__ - INFO - Test:   loss 0.0620 acc1 98.24% f1 97.64%
2026-03-10 23:14:46 - __main__ - INFO - 
Epoch 79/100 | lr 0.012668
2026-03-10 23:14:59 - __main__ - INFO - Train: loss 0.0418 acc1 98.71% f1 98.31%
2026-03-10 23:14:59 - __main__ - INFO - Test:   loss 0.0595 acc1 97.97% f1 97.42%
2026-03-10 23:14:59 - __main__ - INFO - 
Epoch 80/100 | lr 0.011589
2026-03-10 23:15:12 - __main__ - INFO - Train: loss 0.0393 acc1 98.86% f1 98.33%
2026-03-10 23:15:12 - __main__ - INFO - Test:   loss 0.0604 acc1 98.01% f1 97.43%
2026-03-10 23:15:12 - __main__ - INFO - 
Epoch 81/100 | lr 0.010552
2026-03-10 23:15:25 - __main__ - INFO - Train: loss 0.0400 acc1 98.74% f1 98.33%
2026-03-10 23:15:25 - __main__ - INFO - Test:   loss 0.0560 acc1 98.20% f1 97.64%
2026-03-10 23:15:25 - __main__ - INFO - 
Epoch 82/100 | lr 0.009558
2026-03-10 23:15:38 - __main__ - INFO - Train: loss 0.0400 acc1 98.86% f1 98.33%
2026-03-10 23:15:38 - __main__ - INFO - Test:   loss 0.0555 acc1 98.20% f1 97.64%
2026-03-10 23:15:38 - __main__ - INFO - 
Epoch 83/100 | lr 0.008609
2026-03-10 23:15:51 - __main__ - INFO - Train: loss 0.0399 acc1 98.88% f1 98.35%
2026-03-10 23:15:51 - __main__ - INFO - Test:   loss 0.0582 acc1 98.20% f1 97.64%
2026-03-10 23:15:51 - __main__ - INFO - 
Epoch 84/100 | lr 0.007704
2026-03-10 23:16:04 - __main__ - INFO - Train: loss 0.0423 acc1 98.86% f1 98.33%
2026-03-10 23:16:04 - __main__ - INFO - Test:   loss 0.0608 acc1 97.97% f1 97.42%
2026-03-10 23:16:04 - __main__ - INFO - 
Epoch 85/100 | lr 0.006846
2026-03-10 23:16:18 - __main__ - INFO - Train: loss 0.0407 acc1 98.88% f1 98.35%
2026-03-10 23:16:18 - __main__ - INFO - Test:   loss 0.0554 acc1 98.37% f1 97.74%
2026-03-10 23:16:18 - __main__ - INFO - 
Epoch 86/100 | lr 0.006036
2026-03-10 23:16:31 - __main__ - INFO - Train: loss 0.0401 acc1 98.88% f1 98.35%
2026-03-10 23:16:31 - __main__ - INFO - Test:   loss 0.0576 acc1 98.10% f1 97.53%
2026-03-10 23:16:31 - __main__ - INFO - 
Epoch 87/100 | lr 0.005273
2026-03-10 23:16:44 - __main__ - INFO - Train: loss 0.0415 acc1 98.86% f1 98.33%
2026-03-10 23:16:44 - __main__ - INFO - Test:   loss 0.0559 acc1 98.24% f1 97.64%
2026-03-10 23:16:44 - __main__ - INFO - 
Epoch 88/100 | lr 0.004559
2026-03-10 23:16:57 - __main__ - INFO - Train: loss 0.0457 acc1 98.68% f1 98.28%
2026-03-10 23:16:57 - __main__ - INFO - Test:   loss 0.0565 acc1 98.33% f1 97.74%
2026-03-10 23:16:57 - __main__ - INFO - 
Epoch 89/100 | lr 0.003895
2026-03-10 23:17:10 - __main__ - INFO - Train: loss 0.0402 acc1 98.88% f1 98.35%
2026-03-10 23:17:10 - __main__ - INFO - Test:   loss 0.0570 acc1 98.24% f1 97.64%
2026-03-10 23:17:10 - __main__ - INFO - 
Epoch 90/100 | lr 0.003281
2026-03-10 23:17:23 - __main__ - INFO - Train: loss 0.0398 acc1 98.74% f1 98.33%
2026-03-10 23:17:23 - __main__ - INFO - Test:   loss 0.0555 acc1 98.33% f1 97.74%
2026-03-10 23:17:23 - __main__ - INFO - 
Epoch 91/100 | lr 0.002719
2026-03-10 23:17:36 - __main__ - INFO - Train: loss 0.0458 acc1 98.45% f1 98.31%
2026-03-10 23:17:36 - __main__ - INFO - Test:   loss 0.0566 acc1 98.24% f1 97.64%
2026-03-10 23:17:36 - __main__ - INFO - 
Epoch 92/100 | lr 0.002208
2026-03-10 23:17:49 - __main__ - INFO - Train: loss 0.0428 acc1 98.61% f1 98.33%
2026-03-10 23:17:49 - __main__ - INFO - Test:   loss 0.0572 acc1 98.33% f1 97.74%
2026-03-10 23:17:49 - __main__ - INFO - 
Epoch 93/100 | lr 0.001749
2026-03-10 23:18:03 - __main__ - INFO - Train: loss 0.0378 acc1 98.88% f1 98.35%
2026-03-10 23:18:03 - __main__ - INFO - Test:   loss 0.0567 acc1 98.24% f1 97.64%
2026-03-10 23:18:03 - __main__ - INFO - 
Epoch 94/100 | lr 0.001344
2026-03-10 23:18:16 - __main__ - INFO - Train: loss 0.0381 acc1 98.88% f1 98.35%
2026-03-10 23:18:16 - __main__ - INFO - Test:   loss 0.0557 acc1 98.24% f1 97.64%
2026-03-10 23:18:16 - __main__ - INFO - 
Epoch 95/100 | lr 0.000991
2026-03-10 23:18:29 - __main__ - INFO - Train: loss 0.0371 acc1 98.88% f1 98.35%
2026-03-10 23:18:29 - __main__ - INFO - Test:   loss 0.0566 acc1 98.33% f1 97.74%
2026-03-10 23:18:29 - __main__ - INFO - 
Epoch 96/100 | lr 0.000692
2026-03-10 23:18:42 - __main__ - INFO - Train: loss 0.0376 acc1 98.88% f1 98.35%
2026-03-10 23:18:42 - __main__ - INFO - Test:   loss 0.0567 acc1 98.24% f1 97.64%
2026-03-10 23:18:42 - __main__ - INFO - 
Epoch 97/100 | lr 0.000447
2026-03-10 23:18:55 - __main__ - INFO - Train: loss 0.0399 acc1 98.88% f1 98.35%
2026-03-10 23:18:55 - __main__ - INFO - Test:   loss 0.0567 acc1 98.10% f1 97.54%
2026-03-10 23:18:55 - __main__ - INFO - 
Epoch 98/100 | lr 0.000256
2026-03-10 23:19:09 - __main__ - INFO - Train: loss 0.0374 acc1 98.88% f1 98.35%
2026-03-10 23:19:09 - __main__ - INFO - Test:   loss 0.0574 acc1 98.14% f1 97.54%
2026-03-10 23:19:09 - __main__ - INFO - 
Epoch 99/100 | lr 0.000119
2026-03-10 23:19:22 - __main__ - INFO - Train: loss 0.0379 acc1 98.88% f1 98.35%
2026-03-10 23:19:22 - __main__ - INFO - Test:   loss 0.0550 acc1 98.24% f1 97.64%
2026-03-10 23:19:22 - __main__ - INFO - 
Epoch 100/100 | lr 0.000037
2026-03-10 23:19:35 - __main__ - INFO - Train: loss 0.0366 acc1 98.88% f1 98.35%
2026-03-10 23:19:35 - __main__ - INFO - Test:   loss 0.0566 acc1 98.43% f1 97.85%
2026-03-10 23:19:37 - __main__ - INFO - 
Best tracked (test): 98.47%
2026-03-10 23:19:37 - __main__ - INFO - Final test: loss 0.0566 acc1 98.43% f1 97.85%
2026-03-10 23:19:38 - __main__ - INFO - Variant [original] done — test acc 98.43%, test F1 97.85%, test loss 0.0566
2026-03-10 23:19:38 - __main__ - INFO - 
============================================================
2026-03-10 23:19:38 - __main__ - INFO - Training output model (resnet18) on variant: random
2026-03-10 23:19:38 - __main__ - INFO -   Resolved config → lr=0.1, wd=0.0005, bs=32, epochs=100, scheduler=cosine, warmup=5
2026-03-10 23:19:38 - __main__ - INFO -   Eval split during training is forced to original test for fair comparability
2026-03-10 23:19:38 - __main__ - INFO - ============================================================
2026-03-10 23:19:38 - __main__ - INFO - device: cuda | cuda: True | gpu: NVIDIA L4
2026-03-10 23:19:38 - __main__ - INFO - Model: resnet18 | Dataset: malimg | Classes: 25
2026-03-10 23:19:38 - __main__ - INFO - 
Epoch 1/100 | lr 0.000100
2026-03-10 23:19:51 - __main__ - INFO - Train: loss 2.4960 acc1 29.92% f1 16.63%
2026-03-10 23:19:51 - __main__ - INFO - Test:   loss 2.5946 acc1 30.96% f1 25.64%
2026-03-10 23:19:51 - __main__ - INFO - saved best: 30.96%
2026-03-10 23:19:51 - __main__ - INFO - 
Epoch 2/100 | lr 0.020080
2026-03-10 23:20:03 - __main__ - INFO - Train: loss 0.4903 acc1 86.97% f1 86.23%
2026-03-10 23:20:03 - __main__ - INFO - Test:   loss 14.6825 acc1 8.19% f1 5.90%
2026-03-10 23:20:03 - __main__ - INFO - 
Epoch 3/100 | lr 0.040060
2026-03-10 23:20:16 - __main__ - INFO - Train: loss 0.2132 acc1 93.85% f1 93.71%
2026-03-10 23:20:16 - __main__ - INFO - Test:   loss 19.4864 acc1 6.23% f1 3.21%
2026-03-10 23:20:16 - __main__ - INFO - 
Epoch 4/100 | lr 0.060040
2026-03-10 23:20:28 - __main__ - INFO - Train: loss 0.3897 acc1 91.77% f1 91.36%
2026-03-10 23:20:28 - __main__ - INFO - Test:   loss 21.6272 acc1 12.51% f1 11.74%
2026-03-10 23:20:28 - __main__ - INFO - 
Epoch 5/100 | lr 0.080020
2026-03-10 23:20:40 - __main__ - INFO - Train: loss 0.1341 acc1 95.98% f1 95.69%
2026-03-10 23:20:40 - __main__ - INFO - Test:   loss 15.4492 acc1 12.98% f1 11.72%
2026-03-10 23:20:40 - __main__ - INFO - 
Epoch 6/100 | lr 0.100000
2026-03-10 23:20:53 - __main__ - INFO - Train: loss 0.2869 acc1 93.47% f1 93.11%
2026-03-10 23:20:53 - __main__ - INFO - Test:   loss 11.8688 acc1 15.12% f1 12.76%
2026-03-10 23:20:53 - __main__ - INFO - 
Epoch 7/100 | lr 0.099973
2026-03-10 23:21:05 - __main__ - INFO - Train: loss 0.0920 acc1 97.25% f1 96.71%
2026-03-10 23:21:05 - __main__ - INFO - Test:   loss 17.7600 acc1 8.78% f1 8.55%
2026-03-10 23:21:05 - __main__ - INFO - 
Epoch 8/100 | lr 0.099891
2026-03-10 23:21:17 - __main__ - INFO - Train: loss 0.0812 acc1 97.48% f1 96.93%
2026-03-10 23:21:17 - __main__ - INFO - Test:   loss 19.2396 acc1 12.86% f1 8.94%
2026-03-10 23:21:17 - __main__ - INFO - 
Epoch 9/100 | lr 0.099754
2026-03-10 23:21:30 - __main__ - INFO - Train: loss 0.0807 acc1 97.52% f1 97.11%
2026-03-10 23:21:30 - __main__ - INFO - Test:   loss 9.9897 acc1 27.53% f1 23.64%
2026-03-10 23:21:30 - __main__ - INFO - 
Epoch 10/100 | lr 0.099563
2026-03-10 23:21:42 - __main__ - INFO - Train: loss 0.0981 acc1 97.16% f1 96.62%
2026-03-10 23:21:42 - __main__ - INFO - Test:   loss 11.5303 acc1 11.60% f1 8.63%
2026-03-10 23:21:42 - __main__ - INFO - 
Epoch 11/100 | lr 0.099318
2026-03-10 23:21:55 - __main__ - INFO - Train: loss 0.0800 acc1 97.40% f1 97.01%
2026-03-10 23:21:55 - __main__ - INFO - Test:   loss 10.0850 acc1 20.76% f1 17.62%
2026-03-10 23:21:55 - __main__ - INFO - 
Epoch 12/100 | lr 0.099019
2026-03-10 23:22:07 - __main__ - INFO - Train: loss 0.0851 acc1 97.46% f1 96.92%
2026-03-10 23:22:07 - __main__ - INFO - Test:   loss 10.3778 acc1 7.33% f1 5.69%
2026-03-10 23:22:07 - __main__ - INFO - 
Epoch 13/100 | lr 0.098666
2026-03-10 23:22:19 - __main__ - INFO - Train: loss 0.0748 acc1 97.78% f1 97.24%
2026-03-10 23:22:19 - __main__ - INFO - Test:   loss 6.6387 acc1 31.93% f1 26.17%
2026-03-10 23:22:19 - __main__ - INFO - saved best: 31.93%
2026-03-10 23:22:19 - __main__ - INFO - 
Epoch 14/100 | lr 0.098261
2026-03-10 23:22:32 - __main__ - INFO - Train: loss 0.0619 acc1 98.22% f1 97.69%
2026-03-10 23:22:32 - __main__ - INFO - Test:   loss 7.2972 acc1 18.23% f1 15.25%
2026-03-10 23:22:32 - __main__ - INFO - 
Epoch 15/100 | lr 0.097802
2026-03-10 23:22:44 - __main__ - INFO - Train: loss 0.0767 acc1 97.74% f1 97.20%
2026-03-10 23:22:44 - __main__ - INFO - Test:   loss 9.8542 acc1 17.92% f1 14.18%
2026-03-10 23:22:44 - __main__ - INFO - 
Epoch 16/100 | lr 0.097291
2026-03-10 23:22:57 - __main__ - INFO - Train: loss 0.0793 acc1 97.62% f1 97.08%
2026-03-10 23:22:57 - __main__ - INFO - Test:   loss 10.4099 acc1 12.27% f1 7.42%
2026-03-10 23:22:57 - __main__ - INFO - 
Epoch 17/100 | lr 0.096729
2026-03-10 23:23:09 - __main__ - INFO - Train: loss 0.0880 acc1 97.22% f1 96.93%
2026-03-10 23:23:09 - __main__ - INFO - Test:   loss 17.0054 acc1 12.29% f1 9.40%
2026-03-10 23:23:09 - __main__ - INFO - 
Epoch 18/100 | lr 0.096115
2026-03-10 23:23:21 - __main__ - INFO - Train: loss 0.1133 acc1 96.51% f1 96.21%
2026-03-10 23:23:21 - __main__ - INFO - Test:   loss 9.2430 acc1 9.95% f1 6.15%
2026-03-10 23:23:21 - __main__ - INFO - 
Epoch 19/100 | lr 0.095451
2026-03-10 23:23:34 - __main__ - INFO - Train: loss 0.0905 acc1 97.40% f1 96.87%
2026-03-10 23:23:34 - __main__ - INFO - Test:   loss 10.2400 acc1 11.63% f1 8.91%
2026-03-10 23:23:34 - __main__ - INFO - 
Epoch 20/100 | lr 0.094737
2026-03-10 23:23:46 - __main__ - INFO - Train: loss 0.0721 acc1 97.84% f1 97.44%
2026-03-10 23:23:46 - __main__ - INFO - Test:   loss 16.9211 acc1 4.18% f1 2.42%
2026-03-10 23:23:46 - __main__ - INFO - 
Epoch 21/100 | lr 0.093974
2026-03-10 23:23:58 - __main__ - INFO - Train: loss 0.0830 acc1 97.43% f1 97.02%
2026-03-10 23:23:58 - __main__ - INFO - Test:   loss 4.3852 acc1 25.31% f1 18.71%
2026-03-10 23:23:58 - __main__ - INFO - 
Epoch 22/100 | lr 0.093164
2026-03-10 23:24:11 - __main__ - INFO - Train: loss 0.0777 acc1 97.73% f1 97.22%
2026-03-10 23:24:11 - __main__ - INFO - Test:   loss 9.0673 acc1 14.99% f1 11.82%
2026-03-10 23:24:11 - __main__ - INFO - 
Epoch 23/100 | lr 0.092306
2026-03-10 23:24:23 - __main__ - INFO - Train: loss 0.0600 acc1 98.22% f1 97.69%
2026-03-10 23:24:23 - __main__ - INFO - Test:   loss 10.0510 acc1 19.53% f1 17.46%
2026-03-10 23:24:23 - __main__ - INFO - 
Epoch 24/100 | lr 0.091401
2026-03-10 23:24:35 - __main__ - INFO - Train: loss 0.0703 acc1 97.88% f1 97.34%
2026-03-10 23:24:35 - __main__ - INFO - Test:   loss 12.0659 acc1 17.69% f1 15.82%
2026-03-10 23:24:35 - __main__ - INFO - 
Epoch 25/100 | lr 0.090452
2026-03-10 23:24:48 - __main__ - INFO - Train: loss 0.0662 acc1 98.04% f1 97.51%
2026-03-10 23:24:48 - __main__ - INFO - Test:   loss 11.2970 acc1 12.40% f1 10.49%
2026-03-10 23:24:48 - __main__ - INFO - 
Epoch 26/100 | lr 0.089458
2026-03-10 23:25:00 - __main__ - INFO - Train: loss 0.0723 acc1 97.93% f1 97.39%
2026-03-10 23:25:00 - __main__ - INFO - Test:   loss 10.8080 acc1 14.99% f1 11.46%
2026-03-10 23:25:00 - __main__ - INFO - 
Epoch 27/100 | lr 0.088421
2026-03-10 23:25:13 - __main__ - INFO - Train: loss 0.0749 acc1 97.79% f1 97.38%
2026-03-10 23:25:13 - __main__ - INFO - Test:   loss 9.3779 acc1 24.80% f1 17.11%
2026-03-10 23:25:13 - __main__ - INFO - 
Epoch 28/100 | lr 0.087342
2026-03-10 23:25:25 - __main__ - INFO - Train: loss 0.1048 acc1 96.89% f1 96.47%
2026-03-10 23:25:25 - __main__ - INFO - Test:   loss 7.4126 acc1 22.48% f1 17.53%
2026-03-10 23:25:25 - __main__ - INFO - 
Epoch 29/100 | lr 0.086223
2026-03-10 23:25:37 - __main__ - INFO - Train: loss 0.1110 acc1 96.75% f1 96.21%
2026-03-10 23:25:37 - __main__ - INFO - Test:   loss 11.5325 acc1 7.88% f1 6.40%
2026-03-10 23:25:37 - __main__ - INFO - 
Epoch 30/100 | lr 0.085063
2026-03-10 23:25:50 - __main__ - INFO - Train: loss 0.0690 acc1 98.01% f1 97.61%
2026-03-10 23:25:50 - __main__ - INFO - Test:   loss 6.3174 acc1 15.88% f1 13.66%
2026-03-10 23:25:50 - __main__ - INFO - 
Epoch 31/100 | lr 0.083866
2026-03-10 23:26:02 - __main__ - INFO - Train: loss 0.0745 acc1 97.76% f1 97.28%
2026-03-10 23:26:02 - __main__ - INFO - Test:   loss 10.7711 acc1 9.90% f1 7.35%
2026-03-10 23:26:02 - __main__ - INFO - 
Epoch 32/100 | lr 0.082631
2026-03-10 23:26:14 - __main__ - INFO - Train: loss 0.0681 acc1 97.94% f1 97.66%
2026-03-10 23:26:14 - __main__ - INFO - Test:   loss 5.3693 acc1 45.27% f1 31.57%
2026-03-10 23:26:14 - __main__ - INFO - saved best: 45.27%
2026-03-10 23:26:14 - __main__ - INFO - 
Epoch 33/100 | lr 0.081361
2026-03-10 23:26:26 - __main__ - INFO - Train: loss 0.1087 acc1 96.76% f1 96.47%
2026-03-10 23:26:26 - __main__ - INFO - Test:   loss 6.8552 acc1 21.75% f1 15.80%
2026-03-10 23:26:26 - __main__ - INFO - 
Epoch 34/100 | lr 0.080056
2026-03-10 23:26:39 - __main__ - INFO - Train: loss 0.0928 acc1 97.12% f1 96.85%
2026-03-10 23:26:39 - __main__ - INFO - Test:   loss 9.7972 acc1 22.67% f1 11.70%
2026-03-10 23:26:39 - __main__ - INFO - 
Epoch 35/100 | lr 0.078719
2026-03-10 23:26:51 - __main__ - INFO - Train: loss 0.1210 acc1 96.39% f1 96.10%
2026-03-10 23:26:51 - __main__ - INFO - Test:   loss 6.7600 acc1 28.83% f1 24.12%
2026-03-10 23:26:51 - __main__ - INFO - 
Epoch 36/100 | lr 0.077350
2026-03-10 23:27:04 - __main__ - INFO - Train: loss 0.0717 acc1 97.77% f1 97.23%
2026-03-10 23:27:04 - __main__ - INFO - Test:   loss 9.9607 acc1 10.63% f1 6.63%
2026-03-10 23:27:04 - __main__ - INFO - 
Epoch 37/100 | lr 0.075951
2026-03-10 23:27:16 - __main__ - INFO - Train: loss 0.0584 acc1 98.12% f1 97.58%
2026-03-10 23:27:16 - __main__ - INFO - Test:   loss 7.5271 acc1 28.72% f1 23.96%
2026-03-10 23:27:16 - __main__ - INFO - 
Epoch 38/100 | lr 0.074524
2026-03-10 23:27:29 - __main__ - INFO - Train: loss 0.0581 acc1 98.26% f1 97.73%
2026-03-10 23:27:29 - __main__ - INFO - Test:   loss 5.7724 acc1 38.88% f1 33.06%
2026-03-10 23:27:29 - __main__ - INFO - 
Epoch 39/100 | lr 0.073070
2026-03-10 23:27:41 - __main__ - INFO - Train: loss 0.0528 acc1 98.49% f1 97.96%
2026-03-10 23:27:41 - __main__ - INFO - Test:   loss 3.7827 acc1 40.48% f1 33.43%
2026-03-10 23:27:41 - __main__ - INFO - 
Epoch 40/100 | lr 0.071591
2026-03-10 23:27:53 - __main__ - INFO - Train: loss 0.0631 acc1 98.22% f1 97.69%
2026-03-10 23:27:53 - __main__ - INFO - Test:   loss 3.7235 acc1 58.88% f1 50.48%
2026-03-10 23:27:53 - __main__ - INFO - saved best: 58.88%
2026-03-10 23:27:53 - __main__ - INFO - 
Epoch 41/100 | lr 0.070088
2026-03-10 23:28:06 - __main__ - INFO - Train: loss 0.0573 acc1 98.28% f1 97.74%
2026-03-10 23:28:06 - __main__ - INFO - Test:   loss 4.3088 acc1 32.44% f1 30.91%
2026-03-10 23:28:06 - __main__ - INFO - 
Epoch 42/100 | lr 0.068563
2026-03-10 23:28:18 - __main__ - INFO - Train: loss 0.0614 acc1 98.29% f1 97.75%
2026-03-10 23:28:18 - __main__ - INFO - Test:   loss 4.6719 acc1 28.55% f1 24.24%
2026-03-10 23:28:18 - __main__ - INFO - 
Epoch 43/100 | lr 0.067018
2026-03-10 23:28:30 - __main__ - INFO - Train: loss 0.0563 acc1 98.44% f1 97.90%
2026-03-10 23:28:30 - __main__ - INFO - Test:   loss 3.8204 acc1 46.35% f1 41.57%
2026-03-10 23:28:30 - __main__ - INFO - 
Epoch 44/100 | lr 0.065454
2026-03-10 23:28:43 - __main__ - INFO - Train: loss 0.0555 acc1 98.28% f1 97.88%
2026-03-10 23:28:43 - __main__ - INFO - Test:   loss 18.7828 acc1 8.58% f1 6.31%
2026-03-10 23:28:43 - __main__ - INFO - 
Epoch 45/100 | lr 0.063874
2026-03-10 23:28:55 - __main__ - INFO - Train: loss 0.0662 acc1 98.09% f1 97.69%
2026-03-10 23:28:55 - __main__ - INFO - Test:   loss 7.8366 acc1 50.61% f1 44.52%
2026-03-10 23:28:55 - __main__ - INFO - 
Epoch 46/100 | lr 0.062278
2026-03-10 23:29:07 - __main__ - INFO - Train: loss 0.1000 acc1 97.34% f1 96.80%
2026-03-10 23:29:07 - __main__ - INFO - Test:   loss 2.8965 acc1 31.89% f1 29.88%
2026-03-10 23:29:07 - __main__ - INFO - 
Epoch 47/100 | lr 0.060669
2026-03-10 23:29:20 - __main__ - INFO - Train: loss 0.0611 acc1 98.22% f1 97.69%
2026-03-10 23:29:20 - __main__ - INFO - Test:   loss 3.5711 acc1 28.87% f1 25.63%
2026-03-10 23:29:20 - __main__ - INFO - 
Epoch 48/100 | lr 0.059048
2026-03-10 23:29:32 - __main__ - INFO - Train: loss 0.0645 acc1 98.29% f1 97.76%
2026-03-10 23:29:32 - __main__ - INFO - Test:   loss 3.1741 acc1 33.70% f1 32.42%
2026-03-10 23:29:32 - __main__ - INFO - 
Epoch 49/100 | lr 0.057417
2026-03-10 23:29:44 - __main__ - INFO - Train: loss 0.0679 acc1 98.01% f1 97.73%
2026-03-10 23:29:44 - __main__ - INFO - Test:   loss 3.9078 acc1 38.92% f1 38.77%
2026-03-10 23:29:44 - __main__ - INFO - 
Epoch 50/100 | lr 0.055779
2026-03-10 23:29:57 - __main__ - INFO - Train: loss 0.0710 acc1 97.92% f1 97.51%
2026-03-10 23:29:57 - __main__ - INFO - Test:   loss 3.0359 acc1 36.56% f1 35.45%
2026-03-10 23:29:57 - __main__ - INFO - 
Epoch 51/100 | lr 0.054134
2026-03-10 23:30:09 - __main__ - INFO - Train: loss 0.0748 acc1 98.00% f1 97.46%
2026-03-10 23:30:09 - __main__ - INFO - Test:   loss 3.9874 acc1 31.24% f1 29.04%
2026-03-10 23:30:09 - __main__ - INFO - 
Epoch 52/100 | lr 0.052484
2026-03-10 23:30:21 - __main__ - INFO - Train: loss 0.0581 acc1 98.42% f1 97.89%
2026-03-10 23:30:21 - __main__ - INFO - Test:   loss 3.1612 acc1 43.46% f1 37.06%
2026-03-10 23:30:21 - __main__ - INFO - 
Epoch 53/100 | lr 0.050832
2026-03-10 23:30:34 - __main__ - INFO - Train: loss 0.0551 acc1 98.33% f1 98.05%
2026-03-10 23:30:34 - __main__ - INFO - Test:   loss 7.3328 acc1 26.74% f1 23.68%
2026-03-10 23:30:34 - __main__ - INFO - 
Epoch 54/100 | lr 0.049178
2026-03-10 23:30:46 - __main__ - INFO - Train: loss 0.0683 acc1 97.85% f1 97.52%
2026-03-10 23:30:46 - __main__ - INFO - Test:   loss 38.3291 acc1 10.49% f1 7.58%
2026-03-10 23:30:46 - __main__ - INFO - 
Epoch 55/100 | lr 0.047526
2026-03-10 23:30:58 - __main__ - INFO - Train: loss 0.0576 acc1 98.44% f1 97.90%
2026-03-10 23:30:58 - __main__ - INFO - Test:   loss 12.4554 acc1 23.35% f1 21.31%
2026-03-10 23:30:58 - __main__ - INFO - 
Epoch 56/100 | lr 0.045876
2026-03-10 23:31:11 - __main__ - INFO - Train: loss 0.0481 acc1 98.65% f1 98.12%
2026-03-10 23:31:11 - __main__ - INFO - Test:   loss 3.8878 acc1 36.55% f1 32.35%
2026-03-10 23:31:11 - __main__ - INFO - 
Epoch 57/100 | lr 0.044231
2026-03-10 23:31:23 - __main__ - INFO - Train: loss 0.0494 acc1 98.49% f1 97.96%
2026-03-10 23:31:23 - __main__ - INFO - Test:   loss 9.4966 acc1 19.97% f1 17.37%
2026-03-10 23:31:23 - __main__ - INFO - 
Epoch 58/100 | lr 0.042593
2026-03-10 23:31:35 - __main__ - INFO - Train: loss 0.0493 acc1 98.66% f1 98.13%
2026-03-10 23:31:35 - __main__ - INFO - Test:   loss 3.3743 acc1 33.44% f1 30.86%
2026-03-10 23:31:35 - __main__ - INFO - 
Epoch 59/100 | lr 0.040962
2026-03-10 23:31:47 - __main__ - INFO - Train: loss 0.0577 acc1 98.38% f1 97.85%
2026-03-10 23:31:47 - __main__ - INFO - Test:   loss 10.9446 acc1 19.28% f1 18.00%
2026-03-10 23:31:47 - __main__ - INFO - 
Epoch 60/100 | lr 0.039341
2026-03-10 23:32:00 - __main__ - INFO - Train: loss 0.0449 acc1 98.68% f1 98.14%
2026-03-10 23:32:00 - __main__ - INFO - Test:   loss 13.9761 acc1 18.46% f1 16.51%
2026-03-10 23:32:00 - __main__ - INFO - 
Epoch 61/100 | lr 0.037732
2026-03-10 23:32:12 - __main__ - INFO - Train: loss 0.0462 acc1 98.64% f1 98.10%
2026-03-10 23:32:12 - __main__ - INFO - Test:   loss 4.8921 acc1 33.65% f1 32.86%
2026-03-10 23:32:12 - __main__ - INFO - 
Epoch 62/100 | lr 0.036136
2026-03-10 23:32:24 - __main__ - INFO - Train: loss 0.0482 acc1 98.60% f1 98.20%
2026-03-10 23:32:24 - __main__ - INFO - Test:   loss 11.6280 acc1 17.24% f1 12.39%
2026-03-10 23:32:24 - __main__ - INFO - 
Epoch 63/100 | lr 0.034556
2026-03-10 23:32:37 - __main__ - INFO - Train: loss 0.0507 acc1 98.62% f1 98.09%
2026-03-10 23:32:37 - __main__ - INFO - Test:   loss 5.8197 acc1 30.28% f1 26.55%
2026-03-10 23:32:37 - __main__ - INFO - 
Epoch 64/100 | lr 0.032992
2026-03-10 23:32:49 - __main__ - INFO - Train: loss 0.0434 acc1 98.81% f1 98.28%
2026-03-10 23:32:49 - __main__ - INFO - Test:   loss 6.7360 acc1 25.05% f1 21.60%
2026-03-10 23:32:49 - __main__ - INFO - 
Epoch 65/100 | lr 0.031447
2026-03-10 23:33:01 - __main__ - INFO - Train: loss 0.0409 acc1 98.82% f1 98.29%
2026-03-10 23:33:01 - __main__ - INFO - Test:   loss 10.0865 acc1 19.51% f1 17.20%
2026-03-10 23:33:01 - __main__ - INFO - 
Epoch 66/100 | lr 0.029922
2026-03-10 23:33:14 - __main__ - INFO - Train: loss 0.0410 acc1 98.86% f1 98.33%
2026-03-10 23:33:14 - __main__ - INFO - Test:   loss 7.7332 acc1 15.15% f1 10.66%
2026-03-10 23:33:14 - __main__ - INFO - 
Epoch 67/100 | lr 0.028419
2026-03-10 23:33:26 - __main__ - INFO - Train: loss 0.0490 acc1 98.72% f1 98.18%
2026-03-10 23:33:26 - __main__ - INFO - Test:   loss 18.4257 acc1 11.25% f1 9.88%
2026-03-10 23:33:26 - __main__ - INFO - 
Epoch 68/100 | lr 0.026940
2026-03-10 23:33:38 - __main__ - INFO - Train: loss 0.0518 acc1 98.56% f1 98.02%
2026-03-10 23:33:38 - __main__ - INFO - Test:   loss 9.6539 acc1 19.84% f1 17.17%
2026-03-10 23:33:38 - __main__ - INFO - 
Epoch 69/100 | lr 0.025486
2026-03-10 23:33:50 - __main__ - INFO - Train: loss 0.0459 acc1 98.76% f1 98.23%
2026-03-10 23:33:50 - __main__ - INFO - Test:   loss 13.8311 acc1 13.75% f1 9.78%
2026-03-10 23:33:50 - __main__ - INFO - 
Epoch 70/100 | lr 0.024059
2026-03-10 23:34:03 - __main__ - INFO - Train: loss 0.0393 acc1 98.86% f1 98.33%
2026-03-10 23:34:03 - __main__ - INFO - Test:   loss 16.0790 acc1 12.59% f1 10.25%
2026-03-10 23:34:03 - __main__ - INFO - 
Epoch 71/100 | lr 0.022660
2026-03-10 23:34:15 - __main__ - INFO - Train: loss 0.0384 acc1 98.88% f1 98.35%
2026-03-10 23:34:15 - __main__ - INFO - Test:   loss 19.4769 acc1 10.93% f1 8.20%
2026-03-10 23:34:15 - __main__ - INFO - 
Epoch 72/100 | lr 0.021291
2026-03-10 23:34:27 - __main__ - INFO - Train: loss 0.0380 acc1 98.88% f1 98.35%
2026-03-10 23:34:27 - __main__ - INFO - Test:   loss 14.0562 acc1 13.01% f1 10.53%
2026-03-10 23:34:27 - __main__ - INFO - 
Epoch 73/100 | lr 0.019954
2026-03-10 23:34:40 - __main__ - INFO - Train: loss 0.0388 acc1 98.74% f1 98.33%
2026-03-10 23:34:40 - __main__ - INFO - Test:   loss 16.9416 acc1 11.02% f1 8.65%
2026-03-10 23:34:40 - __main__ - INFO - 
Epoch 74/100 | lr 0.018649
2026-03-10 23:34:52 - __main__ - INFO - Train: loss 0.0462 acc1 98.66% f1 98.25%
2026-03-10 23:34:52 - __main__ - INFO - Test:   loss 8.3697 acc1 14.41% f1 12.18%
2026-03-10 23:34:52 - __main__ - INFO - 
Epoch 75/100 | lr 0.017379
2026-03-10 23:35:04 - __main__ - INFO - Train: loss 0.0534 acc1 98.61% f1 98.08%
2026-03-10 23:35:04 - __main__ - INFO - Test:   loss 10.2081 acc1 21.07% f1 18.40%
2026-03-10 23:35:04 - __main__ - INFO - 
Epoch 76/100 | lr 0.016144
2026-03-10 23:35:17 - __main__ - INFO - Train: loss 0.0464 acc1 98.73% f1 98.20%
2026-03-10 23:35:17 - __main__ - INFO - Test:   loss 7.8643 acc1 30.05% f1 27.06%
2026-03-10 23:35:17 - __main__ - INFO - 
Epoch 77/100 | lr 0.014947
2026-03-10 23:35:30 - __main__ - INFO - Train: loss 0.0432 acc1 98.63% f1 98.22%
2026-03-10 23:35:30 - __main__ - INFO - Test:   loss 6.1706 acc1 26.21% f1 23.08%
2026-03-10 23:35:30 - __main__ - INFO - 
Epoch 78/100 | lr 0.013787
2026-03-10 23:35:42 - __main__ - INFO - Train: loss 0.0487 acc1 98.65% f1 98.12%
2026-03-10 23:35:42 - __main__ - INFO - Test:   loss 8.3248 acc1 34.23% f1 28.77%
2026-03-10 23:35:42 - __main__ - INFO - 
Epoch 79/100 | lr 0.012668
2026-03-10 23:35:54 - __main__ - INFO - Train: loss 0.0437 acc1 98.70% f1 98.29%
2026-03-10 23:35:54 - __main__ - INFO - Test:   loss 6.3775 acc1 37.36% f1 32.13%
2026-03-10 23:35:54 - __main__ - INFO - 
Epoch 80/100 | lr 0.011589
2026-03-10 23:36:07 - __main__ - INFO - Train: loss 0.0415 acc1 98.82% f1 98.29%
2026-03-10 23:36:07 - __main__ - INFO - Test:   loss 10.9357 acc1 21.20% f1 18.98%
2026-03-10 23:36:07 - __main__ - INFO - 
Epoch 81/100 | lr 0.010552
2026-03-10 23:36:19 - __main__ - INFO - Train: loss 0.0381 acc1 98.88% f1 98.35%
2026-03-10 23:36:19 - __main__ - INFO - Test:   loss 8.3385 acc1 25.80% f1 23.69%
2026-03-10 23:36:19 - __main__ - INFO - 
Epoch 82/100 | lr 0.009558
2026-03-10 23:36:31 - __main__ - INFO - Train: loss 0.0361 acc1 98.86% f1 98.33%
2026-03-10 23:36:31 - __main__ - INFO - Test:   loss 9.7413 acc1 18.20% f1 15.79%
2026-03-10 23:36:31 - __main__ - INFO - 
Epoch 83/100 | lr 0.008609
2026-03-10 23:36:44 - __main__ - INFO - Train: loss 0.0359 acc1 98.88% f1 98.35%
2026-03-10 23:36:44 - __main__ - INFO - Test:   loss 9.2478 acc1 16.44% f1 13.85%
2026-03-10 23:36:44 - __main__ - INFO - 
Epoch 84/100 | lr 0.007704
2026-03-10 23:36:56 - __main__ - INFO - Train: loss 0.0355 acc1 98.85% f1 98.33%
2026-03-10 23:36:56 - __main__ - INFO - Test:   loss 8.3225 acc1 12.59% f1 7.29%
2026-03-10 23:36:56 - __main__ - INFO - 
Epoch 85/100 | lr 0.006846
2026-03-10 23:37:08 - __main__ - INFO - Train: loss 0.0310 acc1 98.88% f1 98.57%
2026-03-10 23:37:08 - __main__ - INFO - Test:   loss 7.3518 acc1 18.85% f1 16.21%
2026-03-10 23:37:08 - __main__ - INFO - 
Epoch 86/100 | lr 0.006036
2026-03-10 23:37:20 - __main__ - INFO - Train: loss 0.0273 acc1 99.04% f1 98.85%
2026-03-10 23:37:20 - __main__ - INFO - Test:   loss 7.4512 acc1 16.54% f1 13.99%
2026-03-10 23:37:20 - __main__ - INFO - 
Epoch 87/100 | lr 0.005273
2026-03-10 23:37:33 - __main__ - INFO - Train: loss 0.0267 acc1 99.12% f1 99.04%
2026-03-10 23:37:33 - __main__ - INFO - Test:   loss 6.9809 acc1 14.49% f1 10.36%
2026-03-10 23:37:33 - __main__ - INFO - 
Epoch 88/100 | lr 0.004559
2026-03-10 23:37:45 - __main__ - INFO - Train: loss 0.0272 acc1 99.15% f1 99.24%
2026-03-10 23:37:45 - __main__ - INFO - Test:   loss 7.1651 acc1 13.09% f1 9.50%
2026-03-10 23:37:45 - __main__ - INFO - 
Epoch 89/100 | lr 0.003895
2026-03-10 23:37:57 - __main__ - INFO - Train: loss 0.0217 acc1 99.45% f1 99.42%
2026-03-10 23:37:57 - __main__ - INFO - Test:   loss 8.9621 acc1 14.89% f1 11.26%
2026-03-10 23:37:57 - __main__ - INFO - 
Epoch 90/100 | lr 0.003281
2026-03-10 23:38:09 - __main__ - INFO - Train: loss 0.0157 acc1 99.56% f1 99.68%
2026-03-10 23:38:09 - __main__ - INFO - Test:   loss 11.9811 acc1 14.19% f1 11.61%
2026-03-10 23:38:09 - __main__ - INFO - 
Epoch 91/100 | lr 0.002719
2026-03-10 23:38:22 - __main__ - INFO - Train: loss 0.0230 acc1 99.37% f1 99.62%
2026-03-10 23:38:22 - __main__ - INFO - Test:   loss 11.7839 acc1 13.90% f1 11.20%
2026-03-10 23:38:22 - __main__ - INFO - 
Epoch 92/100 | lr 0.002208
2026-03-10 23:38:34 - __main__ - INFO - Train: loss 0.0126 acc1 99.74% f1 99.87%
2026-03-10 23:38:34 - __main__ - INFO - Test:   loss 10.6562 acc1 15.17% f1 12.08%
2026-03-10 23:38:34 - __main__ - INFO - 
Epoch 93/100 | lr 0.001749
2026-03-10 23:38:47 - __main__ - INFO - Train: loss 0.0083 acc1 99.92% f1 99.92%
2026-03-10 23:38:47 - __main__ - INFO - Test:   loss 9.5082 acc1 17.70% f1 15.22%
2026-03-10 23:38:47 - __main__ - INFO - 
Epoch 94/100 | lr 0.001344
2026-03-10 23:38:59 - __main__ - INFO - Train: loss 0.0070 acc1 99.95% f1 99.95%
2026-03-10 23:38:59 - __main__ - INFO - Test:   loss 9.8577 acc1 16.89% f1 14.02%
2026-03-10 23:38:59 - __main__ - INFO - 
Epoch 95/100 | lr 0.000991
2026-03-10 23:39:11 - __main__ - INFO - Train: loss 0.0056 acc1 99.92% f1 99.92%
2026-03-10 23:39:11 - __main__ - INFO - Test:   loss 11.3656 acc1 15.17% f1 12.82%
2026-03-10 23:39:11 - __main__ - INFO - 
Epoch 96/100 | lr 0.000692
2026-03-10 23:39:24 - __main__ - INFO - Train: loss 0.0046 acc1 99.99% f1 99.99%
2026-03-10 23:39:24 - __main__ - INFO - Test:   loss 11.2487 acc1 14.51% f1 12.04%
2026-03-10 23:39:24 - __main__ - INFO - 
Epoch 97/100 | lr 0.000447
2026-03-10 23:39:37 - __main__ - INFO - Train: loss 0.0079 acc1 99.86% f1 99.99%
2026-03-10 23:39:37 - __main__ - INFO - Test:   loss 11.0467 acc1 14.74% f1 12.41%
2026-03-10 23:39:37 - __main__ - INFO - 
Epoch 98/100 | lr 0.000256
2026-03-10 23:39:49 - __main__ - INFO - Train: loss 0.0039 acc1 99.99% f1 99.99%
2026-03-10 23:39:49 - __main__ - INFO - Test:   loss 11.6747 acc1 13.96% f1 11.45%
2026-03-10 23:39:49 - __main__ - INFO - 
Epoch 99/100 | lr 0.000119
2026-03-10 23:40:02 - __main__ - INFO - Train: loss 0.0039 acc1 100.00% f1 100.00%
2026-03-10 23:40:02 - __main__ - INFO - Test:   loss 10.1006 acc1 15.40% f1 13.06%
2026-03-10 23:40:02 - __main__ - INFO - 
Epoch 100/100 | lr 0.000037
2026-03-10 23:40:14 - __main__ - INFO - Train: loss 0.0037 acc1 100.00% f1 100.00%
2026-03-10 23:40:14 - __main__ - INFO - Test:   loss 11.7243 acc1 14.87% f1 12.50%
2026-03-10 23:40:16 - __main__ - INFO - 
Best tracked (test): 58.88%
2026-03-10 23:40:16 - __main__ - INFO - Final test: loss 11.7243 acc1 14.87% f1 12.50%
2026-03-10 23:40:17 - __main__ - INFO - Variant [random] done — test acc 14.87%, test F1 12.50%, test loss 11.7243
2026-03-10 23:40:17 - __main__ - INFO - 
============================================================
2026-03-10 23:40:17 - __main__ - INFO - Training output model (resnet18) on variant: low_saliency
2026-03-10 23:40:17 - __main__ - INFO -   Resolved config → lr=0.1, wd=0.0005, bs=32, epochs=100, scheduler=cosine, warmup=5
2026-03-10 23:40:17 - __main__ - INFO -   Eval split during training is forced to original test for fair comparability
2026-03-10 23:40:17 - __main__ - INFO - ============================================================
2026-03-10 23:40:17 - __main__ - INFO - device: cuda | cuda: True | gpu: NVIDIA L4
2026-03-10 23:40:17 - __main__ - INFO - Model: resnet18 | Dataset: malimg | Classes: 25
2026-03-10 23:40:17 - __main__ - INFO - 
Epoch 1/100 | lr 0.000100
2026-03-10 23:40:29 - __main__ - INFO - Train: loss 2.1302 acc1 47.29% f1 35.55%
2026-03-10 23:40:29 - __main__ - INFO - Test:   loss 2.0403 acc1 44.53% f1 33.83%
2026-03-10 23:40:29 - __main__ - INFO - saved best: 44.53%
2026-03-10 23:40:29 - __main__ - INFO - 
Epoch 2/100 | lr 0.020080
2026-03-10 23:40:42 - __main__ - INFO - Train: loss 0.4327 acc1 88.68% f1 88.17%
2026-03-10 23:40:42 - __main__ - INFO - Test:   loss 1.1596 acc1 75.56% f1 76.07%
2026-03-10 23:40:42 - __main__ - INFO - saved best: 75.56%
2026-03-10 23:40:42 - __main__ - INFO - 
Epoch 3/100 | lr 0.040060
2026-03-10 23:40:54 - __main__ - INFO - Train: loss 0.1642 acc1 95.50% f1 95.32%
2026-03-10 23:40:54 - __main__ - INFO - Test:   loss 3.7190 acc1 45.33% f1 37.15%
2026-03-10 23:40:54 - __main__ - INFO - 
Epoch 4/100 | lr 0.060040
2026-03-10 23:41:06 - __main__ - INFO - Train: loss 0.3025 acc1 93.71% f1 93.17%
2026-03-10 23:41:06 - __main__ - INFO - Test:   loss 0.4340 acc1 84.95% f1 82.10%
2026-03-10 23:41:06 - __main__ - INFO - saved best: 84.95%
2026-03-10 23:41:06 - __main__ - INFO - 
Epoch 5/100 | lr 0.080020
2026-03-10 23:41:18 - __main__ - INFO - Train: loss 0.1201 acc1 96.37% f1 96.27%
2026-03-10 23:41:18 - __main__ - INFO - Test:   loss 7.9774 acc1 30.32% f1 26.96%
2026-03-10 23:41:18 - __main__ - INFO - 
Epoch 6/100 | lr 0.100000
2026-03-10 23:41:31 - __main__ - INFO - Train: loss 0.1692 acc1 95.67% f1 95.14%
2026-03-10 23:41:31 - __main__ - INFO - Test:   loss 6.0823 acc1 60.98% f1 49.19%
2026-03-10 23:41:31 - __main__ - INFO - 
Epoch 7/100 | lr 0.099973
2026-03-10 23:41:43 - __main__ - INFO - Train: loss 0.0720 acc1 97.97% f1 97.43%
2026-03-10 23:41:43 - __main__ - INFO - Test:   loss 2.5050 acc1 62.28% f1 50.53%
2026-03-10 23:41:43 - __main__ - INFO - 
Epoch 8/100 | lr 0.099891
2026-03-10 23:41:56 - __main__ - INFO - Train: loss 0.0532 acc1 98.45% f1 97.92%
2026-03-10 23:41:56 - __main__ - INFO - Test:   loss 1.7550 acc1 62.71% f1 51.21%
2026-03-10 23:41:56 - __main__ - INFO - 
Epoch 9/100 | lr 0.099754
2026-03-10 23:42:08 - __main__ - INFO - Train: loss 0.0571 acc1 98.27% f1 98.00%
2026-03-10 23:42:08 - __main__ - INFO - Test:   loss 4.4772 acc1 40.65% f1 32.96%
2026-03-10 23:42:08 - __main__ - INFO - 
Epoch 10/100 | lr 0.099563
2026-03-10 23:42:20 - __main__ - INFO - Train: loss 0.1074 acc1 97.18% f1 96.68%
2026-03-10 23:42:20 - __main__ - INFO - Test:   loss 0.6965 acc1 73.22% f1 69.20%
2026-03-10 23:42:20 - __main__ - INFO - 
Epoch 11/100 | lr 0.099318
2026-03-10 23:42:32 - __main__ - INFO - Train: loss 0.0620 acc1 98.21% f1 97.74%
2026-03-10 23:42:32 - __main__ - INFO - Test:   loss 1.5507 acc1 51.08% f1 40.15%
2026-03-10 23:42:32 - __main__ - INFO - 
Epoch 12/100 | lr 0.099019
2026-03-10 23:42:45 - __main__ - INFO - Train: loss 0.0601 acc1 98.34% f1 97.81%
2026-03-10 23:42:45 - __main__ - INFO - Test:   loss 0.7000 acc1 73.13% f1 69.00%
2026-03-10 23:42:45 - __main__ - INFO - 
Epoch 13/100 | lr 0.098666
2026-03-10 23:42:57 - __main__ - INFO - Train: loss 0.0492 acc1 98.64% f1 98.10%
2026-03-10 23:42:57 - __main__ - INFO - Test:   loss 0.9206 acc1 60.35% f1 56.83%
2026-03-10 23:42:57 - __main__ - INFO - 
Epoch 14/100 | lr 0.098261
2026-03-10 23:43:09 - __main__ - INFO - Train: loss 0.0516 acc1 98.57% f1 98.04%
2026-03-10 23:43:09 - __main__ - INFO - Test:   loss 0.5021 acc1 79.82% f1 79.75%
2026-03-10 23:43:09 - __main__ - INFO - 
Epoch 15/100 | lr 0.097802
2026-03-10 23:43:22 - __main__ - INFO - Train: loss 0.0569 acc1 98.46% f1 97.93%
2026-03-10 23:43:22 - __main__ - INFO - Test:   loss 1.1616 acc1 71.46% f1 70.86%
2026-03-10 23:43:22 - __main__ - INFO - 
Epoch 16/100 | lr 0.097291
2026-03-10 23:43:34 - __main__ - INFO - Train: loss 0.0623 acc1 98.22% f1 97.69%
2026-03-10 23:43:34 - __main__ - INFO - Test:   loss 2.0206 acc1 58.14% f1 45.50%
2026-03-10 23:43:34 - __main__ - INFO - 
Epoch 17/100 | lr 0.096729
2026-03-10 23:43:46 - __main__ - INFO - Train: loss 0.0621 acc1 98.37% f1 97.83%
2026-03-10 23:43:46 - __main__ - INFO - Test:   loss 0.5085 acc1 88.78% f1 86.54%
2026-03-10 23:43:46 - __main__ - INFO - saved best: 88.78%
2026-03-10 23:43:46 - __main__ - INFO - 
Epoch 18/100 | lr 0.096115
2026-03-10 23:43:58 - __main__ - INFO - Train: loss 0.0480 acc1 98.54% f1 98.13%
2026-03-10 23:43:58 - __main__ - INFO - Test:   loss 4.1382 acc1 37.42% f1 28.42%
2026-03-10 23:43:58 - __main__ - INFO - 
Epoch 19/100 | lr 0.095451
2026-03-10 23:44:11 - __main__ - INFO - Train: loss 0.0715 acc1 98.12% f1 97.58%
2026-03-10 23:44:11 - __main__ - INFO - Test:   loss 0.8215 acc1 69.60% f1 68.33%
2026-03-10 23:44:11 - __main__ - INFO - 
Epoch 20/100 | lr 0.094737
2026-03-10 23:44:23 - __main__ - INFO - Train: loss 0.0548 acc1 98.46% f1 98.05%
2026-03-10 23:44:23 - __main__ - INFO - Test:   loss 0.8119 acc1 67.10% f1 66.88%
2026-03-10 23:44:23 - __main__ - INFO - 
Epoch 21/100 | lr 0.093974
2026-03-10 23:44:35 - __main__ - INFO - Train: loss 0.0744 acc1 97.97% f1 97.43%
2026-03-10 23:44:35 - __main__ - INFO - Test:   loss 0.4285 acc1 88.59% f1 87.32%
2026-03-10 23:44:35 - __main__ - INFO - 
Epoch 22/100 | lr 0.093164
2026-03-10 23:44:48 - __main__ - INFO - Train: loss 0.0567 acc1 98.50% f1 97.97%
2026-03-10 23:44:48 - __main__ - INFO - Test:   loss 0.5800 acc1 72.99% f1 72.27%
2026-03-10 23:44:48 - __main__ - INFO - 
Epoch 23/100 | lr 0.092306
2026-03-10 23:45:00 - __main__ - INFO - Train: loss 0.0492 acc1 98.66% f1 98.13%
2026-03-10 23:45:00 - __main__ - INFO - Test:   loss 1.0451 acc1 81.20% f1 80.82%
2026-03-10 23:45:00 - __main__ - INFO - 
Epoch 24/100 | lr 0.091401
2026-03-10 23:45:12 - __main__ - INFO - Train: loss 0.0520 acc1 98.60% f1 98.06%
2026-03-10 23:45:12 - __main__ - INFO - Test:   loss 1.1094 acc1 74.70% f1 73.25%
2026-03-10 23:45:12 - __main__ - INFO - 
Epoch 25/100 | lr 0.090452
2026-03-10 23:45:24 - __main__ - INFO - Train: loss 0.0622 acc1 98.13% f1 97.73%
2026-03-10 23:45:24 - __main__ - INFO - Test:   loss 24.6143 acc1 5.02% f1 4.72%
2026-03-10 23:45:24 - __main__ - INFO - 
Epoch 26/100 | lr 0.089458
2026-03-10 23:45:37 - __main__ - INFO - Train: loss 0.0734 acc1 97.83% f1 97.56%
2026-03-10 23:45:37 - __main__ - INFO - Test:   loss 4.8319 acc1 41.09% f1 39.70%
2026-03-10 23:45:37 - __main__ - INFO - 
Epoch 27/100 | lr 0.088421
2026-03-10 23:45:49 - __main__ - INFO - Train: loss 0.0894 acc1 97.64% f1 97.11%
2026-03-10 23:45:49 - __main__ - INFO - Test:   loss 0.6868 acc1 81.51% f1 78.32%
2026-03-10 23:45:49 - __main__ - INFO - 
Epoch 28/100 | lr 0.087342
2026-03-10 23:46:01 - __main__ - INFO - Train: loss 0.0472 acc1 98.69% f1 98.16%
2026-03-10 23:46:01 - __main__ - INFO - Test:   loss 0.5450 acc1 77.15% f1 74.62%
2026-03-10 23:46:01 - __main__ - INFO - 
Epoch 29/100 | lr 0.086223
2026-03-10 23:46:13 - __main__ - INFO - Train: loss 0.0731 acc1 97.96% f1 97.42%
2026-03-10 23:46:13 - __main__ - INFO - Test:   loss 0.6771 acc1 79.63% f1 78.86%
2026-03-10 23:46:13 - __main__ - INFO - 
Epoch 30/100 | lr 0.085063
2026-03-10 23:46:26 - __main__ - INFO - Train: loss 0.0680 acc1 98.02% f1 97.74%
2026-03-10 23:46:26 - __main__ - INFO - Test:   loss 7.1705 acc1 21.67% f1 16.66%
2026-03-10 23:46:26 - __main__ - INFO - 
Epoch 31/100 | lr 0.083866
2026-03-10 23:46:38 - __main__ - INFO - Train: loss 0.0788 acc1 97.74% f1 97.29%
2026-03-10 23:46:38 - __main__ - INFO - Test:   loss 1.2842 acc1 77.90% f1 76.44%
2026-03-10 23:46:38 - __main__ - INFO - 
Epoch 32/100 | lr 0.082631
2026-03-10 23:46:50 - __main__ - INFO - Train: loss 0.0535 acc1 98.62% f1 98.09%
2026-03-10 23:46:50 - __main__ - INFO - Test:   loss 0.6044 acc1 80.28% f1 78.83%
2026-03-10 23:46:50 - __main__ - INFO - 
Epoch 33/100 | lr 0.081361
2026-03-10 23:47:02 - __main__ - INFO - Train: loss 0.0598 acc1 98.31% f1 97.90%
2026-03-10 23:47:02 - __main__ - INFO - Test:   loss 0.9547 acc1 71.57% f1 71.52%
2026-03-10 23:47:02 - __main__ - INFO - 
Epoch 34/100 | lr 0.080056
2026-03-10 23:47:15 - __main__ - INFO - Train: loss 0.0730 acc1 97.78% f1 97.50%
2026-03-10 23:47:15 - __main__ - INFO - Test:   loss 9.7601 acc1 39.44% f1 30.45%
2026-03-10 23:47:15 - __main__ - INFO - 
Epoch 35/100 | lr 0.078719
2026-03-10 23:47:27 - __main__ - INFO - Train: loss 0.0948 acc1 97.43% f1 97.02%
2026-03-10 23:47:27 - __main__ - INFO - Test:   loss 1.4028 acc1 76.84% f1 77.40%
2026-03-10 23:47:27 - __main__ - INFO - 
Epoch 36/100 | lr 0.077350
2026-03-10 23:47:39 - __main__ - INFO - Train: loss 0.0651 acc1 98.21% f1 97.68%
2026-03-10 23:47:39 - __main__ - INFO - Test:   loss 0.4267 acc1 88.58% f1 86.43%
2026-03-10 23:47:39 - __main__ - INFO - 
Epoch 37/100 | lr 0.075951
2026-03-10 23:47:52 - __main__ - INFO - Train: loss 0.0424 acc1 98.81% f1 98.28%
2026-03-10 23:47:52 - __main__ - INFO - Test:   loss 0.7740 acc1 70.32% f1 69.50%
2026-03-10 23:47:52 - __main__ - INFO - 
Epoch 38/100 | lr 0.074524
2026-03-10 23:48:04 - __main__ - INFO - Train: loss 0.0414 acc1 98.78% f1 98.25%
2026-03-10 23:48:04 - __main__ - INFO - Test:   loss 0.3997 acc1 88.71% f1 86.73%
2026-03-10 23:48:04 - __main__ - INFO - 
Epoch 39/100 | lr 0.073070
2026-03-10 23:48:16 - __main__ - INFO - Train: loss 0.0476 acc1 98.64% f1 98.10%
2026-03-10 23:48:16 - __main__ - INFO - Test:   loss 0.4504 acc1 80.28% f1 79.69%
2026-03-10 23:48:16 - __main__ - INFO - 
Epoch 40/100 | lr 0.071591
2026-03-10 23:48:29 - __main__ - INFO - Train: loss 0.0434 acc1 98.81% f1 98.28%
2026-03-10 23:48:29 - __main__ - INFO - Test:   loss 0.2783 acc1 91.48% f1 89.54%
2026-03-10 23:48:29 - __main__ - INFO - saved best: 91.48%
2026-03-10 23:48:29 - __main__ - INFO - 
Epoch 41/100 | lr 0.070088
2026-03-10 23:48:41 - __main__ - INFO - Train: loss 0.0545 acc1 98.49% f1 97.96%
2026-03-10 23:48:41 - __main__ - INFO - Test:   loss 1.6903 acc1 43.30% f1 37.11%
2026-03-10 23:48:41 - __main__ - INFO - 
Epoch 42/100 | lr 0.068563
2026-03-10 23:48:53 - __main__ - INFO - Train: loss 0.0578 acc1 98.48% f1 97.94%
2026-03-10 23:48:53 - __main__ - INFO - Test:   loss 0.7428 acc1 70.73% f1 69.70%
2026-03-10 23:48:53 - __main__ - INFO - 
Epoch 43/100 | lr 0.067018
2026-03-10 23:49:06 - __main__ - INFO - Train: loss 0.0480 acc1 98.73% f1 98.20%
2026-03-10 23:49:06 - __main__ - INFO - Test:   loss 0.5485 acc1 74.62% f1 74.04%
2026-03-10 23:49:06 - __main__ - INFO - 
Epoch 44/100 | lr 0.065454
2026-03-10 23:49:18 - __main__ - INFO - Train: loss 0.0481 acc1 98.58% f1 98.17%
2026-03-10 23:49:18 - __main__ - INFO - Test:   loss 1.0670 acc1 77.10% f1 73.97%
2026-03-10 23:49:18 - __main__ - INFO - 
Epoch 45/100 | lr 0.063874
2026-03-10 23:49:30 - __main__ - INFO - Train: loss 0.0635 acc1 98.25% f1 97.85%
2026-03-10 23:49:30 - __main__ - INFO - Test:   loss 44.7661 acc1 6.98% f1 3.69%
2026-03-10 23:49:30 - __main__ - INFO - 
Epoch 46/100 | lr 0.062278
2026-03-10 23:49:42 - __main__ - INFO - Train: loss 0.0893 acc1 97.45% f1 96.91%
2026-03-10 23:49:42 - __main__ - INFO - Test:   loss 1.1803 acc1 52.08% f1 42.82%
2026-03-10 23:49:42 - __main__ - INFO - 
Epoch 47/100 | lr 0.060669
2026-03-10 23:49:55 - __main__ - INFO - Train: loss 0.0546 acc1 98.44% f1 97.90%
2026-03-10 23:49:55 - __main__ - INFO - Test:   loss 0.8250 acc1 70.87% f1 70.10%
2026-03-10 23:49:55 - __main__ - INFO - 
Epoch 48/100 | lr 0.059048
2026-03-10 23:50:07 - __main__ - INFO - Train: loss 0.0471 acc1 98.69% f1 98.16%
2026-03-10 23:50:07 - __main__ - INFO - Test:   loss 0.3677 acc1 91.32% f1 89.62%
2026-03-10 23:50:07 - __main__ - INFO - 
Epoch 49/100 | lr 0.057417
2026-03-10 23:50:19 - __main__ - INFO - Train: loss 0.0496 acc1 98.55% f1 98.28%
2026-03-10 23:50:19 - __main__ - INFO - Test:   loss 0.6033 acc1 78.07% f1 77.90%
2026-03-10 23:50:19 - __main__ - INFO - 
Epoch 50/100 | lr 0.055779
2026-03-10 23:50:31 - __main__ - INFO - Train: loss 0.0634 acc1 98.27% f1 97.86%
2026-03-10 23:50:31 - __main__ - INFO - Test:   loss 1.6230 acc1 50.12% f1 47.65%
2026-03-10 23:50:31 - __main__ - INFO - 
Epoch 51/100 | lr 0.054134
2026-03-10 23:50:44 - __main__ - INFO - Train: loss 0.0649 acc1 98.29% f1 97.76%
2026-03-10 23:50:44 - __main__ - INFO - Test:   loss 0.5275 acc1 89.17% f1 87.91%
2026-03-10 23:50:44 - __main__ - INFO - 
Epoch 52/100 | lr 0.052484
2026-03-10 23:50:56 - __main__ - INFO - Train: loss 0.0487 acc1 98.62% f1 98.09%
2026-03-10 23:50:56 - __main__ - INFO - Test:   loss 0.5682 acc1 81.13% f1 80.87%
2026-03-10 23:50:56 - __main__ - INFO - 
Epoch 53/100 | lr 0.050832
2026-03-10 23:51:08 - __main__ - INFO - Train: loss 0.0463 acc1 98.54% f1 98.26%
2026-03-10 23:51:08 - __main__ - INFO - Test:   loss 3.8805 acc1 50.46% f1 39.80%
2026-03-10 23:51:08 - __main__ - INFO - 
Epoch 54/100 | lr 0.049178
2026-03-10 23:51:20 - __main__ - INFO - Train: loss 0.0617 acc1 98.24% f1 97.78%
2026-03-10 23:51:20 - __main__ - INFO - Test:   loss 0.9455 acc1 70.45% f1 70.86%
2026-03-10 23:51:20 - __main__ - INFO - 
Epoch 55/100 | lr 0.047526
2026-03-10 23:51:33 - __main__ - INFO - Train: loss 0.0458 acc1 98.69% f1 98.16%
2026-03-10 23:51:33 - __main__ - INFO - Test:   loss 0.4259 acc1 81.35% f1 81.16%
2026-03-10 23:51:33 - __main__ - INFO - 
Epoch 56/100 | lr 0.045876
2026-03-10 23:51:45 - __main__ - INFO - Train: loss 0.0399 acc1 98.88% f1 98.35%
2026-03-10 23:51:45 - __main__ - INFO - Test:   loss 0.4150 acc1 81.62% f1 81.38%
2026-03-10 23:51:45 - __main__ - INFO - 
Epoch 57/100 | lr 0.044231
2026-03-10 23:51:57 - __main__ - INFO - Train: loss 0.0426 acc1 98.74% f1 98.21%
2026-03-10 23:51:57 - __main__ - INFO - Test:   loss 0.3969 acc1 91.09% f1 89.23%
2026-03-10 23:51:57 - __main__ - INFO - 
Epoch 58/100 | lr 0.042593
2026-03-10 23:52:10 - __main__ - INFO - Train: loss 0.0399 acc1 98.88% f1 98.35%
2026-03-10 23:52:10 - __main__ - INFO - Test:   loss 0.4587 acc1 80.74% f1 80.39%
2026-03-10 23:52:10 - __main__ - INFO - 
Epoch 59/100 | lr 0.040962
2026-03-10 23:52:22 - __main__ - INFO - Train: loss 0.0413 acc1 98.84% f1 98.31%
2026-03-10 23:52:22 - __main__ - INFO - Test:   loss 0.3219 acc1 91.97% f1 90.30%
2026-03-10 23:52:22 - __main__ - INFO - saved best: 91.97%
2026-03-10 23:52:22 - __main__ - INFO - 
Epoch 60/100 | lr 0.039341
2026-03-10 23:52:34 - __main__ - INFO - Train: loss 0.0397 acc1 98.88% f1 98.35%
2026-03-10 23:52:34 - __main__ - INFO - Test:   loss 0.3582 acc1 92.20% f1 90.47%
2026-03-10 23:52:34 - __main__ - INFO - saved best: 92.20%
2026-03-10 23:52:34 - __main__ - INFO - 
Epoch 61/100 | lr 0.037732
2026-03-10 23:52:46 - __main__ - INFO - Train: loss 0.0468 acc1 98.69% f1 98.16%
2026-03-10 23:52:46 - __main__ - INFO - Test:   loss 1.3795 acc1 52.35% f1 49.57%
2026-03-10 23:52:46 - __main__ - INFO - 
Epoch 62/100 | lr 0.036136
2026-03-10 23:52:59 - __main__ - INFO - Train: loss 0.0503 acc1 98.58% f1 98.17%
2026-03-10 23:52:59 - __main__ - INFO - Test:   loss 1.3518 acc1 62.74% f1 52.89%
2026-03-10 23:52:59 - __main__ - INFO - 
Epoch 63/100 | lr 0.034556
2026-03-10 23:53:11 - __main__ - INFO - Train: loss 0.0498 acc1 98.74% f1 98.21%
2026-03-10 23:53:11 - __main__ - INFO - Test:   loss 0.6203 acc1 81.32% f1 81.59%
2026-03-10 23:53:11 - __main__ - INFO - 
Epoch 64/100 | lr 0.032992
2026-03-10 23:53:23 - __main__ - INFO - Train: loss 0.0471 acc1 98.72% f1 98.18%
2026-03-10 23:53:23 - __main__ - INFO - Test:   loss 0.5710 acc1 80.90% f1 80.67%
2026-03-10 23:53:23 - __main__ - INFO - 
Epoch 65/100 | lr 0.031447
2026-03-10 23:53:35 - __main__ - INFO - Train: loss 0.0404 acc1 98.88% f1 98.35%
2026-03-10 23:53:35 - __main__ - INFO - Test:   loss 0.4200 acc1 91.90% f1 90.18%
2026-03-10 23:53:35 - __main__ - INFO - 
Epoch 66/100 | lr 0.029922
2026-03-10 23:53:48 - __main__ - INFO - Train: loss 0.0404 acc1 98.88% f1 98.35%
2026-03-10 23:53:48 - __main__ - INFO - Test:   loss 0.3622 acc1 92.23% f1 90.43%
2026-03-10 23:53:48 - __main__ - INFO - saved best: 92.23%
2026-03-10 23:53:48 - __main__ - INFO - 
Epoch 67/100 | lr 0.028419
2026-03-10 23:54:00 - __main__ - INFO - Train: loss 0.0413 acc1 98.88% f1 98.35%
2026-03-10 23:54:00 - __main__ - INFO - Test:   loss 0.4538 acc1 81.12% f1 80.97%
2026-03-10 23:54:00 - __main__ - INFO - 
Epoch 68/100 | lr 0.026940
2026-03-10 23:54:12 - __main__ - INFO - Train: loss 0.0412 acc1 98.84% f1 98.31%
2026-03-10 23:54:12 - __main__ - INFO - Test:   loss 0.4324 acc1 81.78% f1 81.53%
2026-03-10 23:54:12 - __main__ - INFO - 
Epoch 69/100 | lr 0.025486
2026-03-10 23:54:24 - __main__ - INFO - Train: loss 0.0415 acc1 98.86% f1 98.33%
2026-03-10 23:54:24 - __main__ - INFO - Test:   loss 0.5821 acc1 80.44% f1 80.91%
2026-03-10 23:54:24 - __main__ - INFO - 
Epoch 70/100 | lr 0.024059
2026-03-10 23:54:36 - __main__ - INFO - Train: loss 0.0403 acc1 98.85% f1 98.32%
2026-03-10 23:54:36 - __main__ - INFO - Test:   loss 0.4612 acc1 80.86% f1 81.60%
2026-03-10 23:54:36 - __main__ - INFO - 
Epoch 71/100 | lr 0.022660
2026-03-10 23:54:49 - __main__ - INFO - Train: loss 0.0387 acc1 98.88% f1 98.35%
2026-03-10 23:54:49 - __main__ - INFO - Test:   loss 0.2939 acc1 92.29% f1 90.62%
2026-03-10 23:54:49 - __main__ - INFO - saved best: 92.29%
2026-03-10 23:54:49 - __main__ - INFO - 
Epoch 72/100 | lr 0.021291
2026-03-10 23:55:01 - __main__ - INFO - Train: loss 0.0380 acc1 98.88% f1 98.35%
2026-03-10 23:55:01 - __main__ - INFO - Test:   loss 0.3320 acc1 92.16% f1 90.51%
2026-03-10 23:55:01 - __main__ - INFO - 
Epoch 73/100 | lr 0.019954
2026-03-10 23:55:13 - __main__ - INFO - Train: loss 0.0383 acc1 98.88% f1 98.35%
2026-03-10 23:55:13 - __main__ - INFO - Test:   loss 0.3171 acc1 91.70% f1 90.04%
2026-03-10 23:55:13 - __main__ - INFO - 
Epoch 74/100 | lr 0.018649
2026-03-10 23:55:26 - __main__ - INFO - Train: loss 0.0394 acc1 98.88% f1 98.35%
2026-03-10 23:55:26 - __main__ - INFO - Test:   loss 0.3840 acc1 91.42% f1 89.69%
2026-03-10 23:55:26 - __main__ - INFO - 
Epoch 75/100 | lr 0.017379
2026-03-10 23:55:38 - __main__ - INFO - Train: loss 0.0422 acc1 98.84% f1 98.31%
2026-03-10 23:55:38 - __main__ - INFO - Test:   loss 0.3553 acc1 92.75% f1 91.65%
2026-03-10 23:55:38 - __main__ - INFO - saved best: 92.75%
2026-03-10 23:55:38 - __main__ - INFO - 
Epoch 76/100 | lr 0.016144
2026-03-10 23:55:50 - __main__ - INFO - Train: loss 0.0408 acc1 98.88% f1 98.35%
2026-03-10 23:55:50 - __main__ - INFO - Test:   loss 0.2740 acc1 92.91% f1 92.04%
2026-03-10 23:55:50 - __main__ - INFO - saved best: 92.91%
2026-03-10 23:55:50 - __main__ - INFO - 
Epoch 77/100 | lr 0.014947
2026-03-10 23:56:03 - __main__ - INFO - Train: loss 0.0398 acc1 98.88% f1 98.35%
2026-03-10 23:56:03 - __main__ - INFO - Test:   loss 0.3030 acc1 92.16% f1 90.39%
2026-03-10 23:56:03 - __main__ - INFO - 
Epoch 78/100 | lr 0.013787
2026-03-10 23:56:15 - __main__ - INFO - Train: loss 0.0405 acc1 98.82% f1 98.29%
2026-03-10 23:56:15 - __main__ - INFO - Test:   loss 0.3296 acc1 91.64% f1 89.66%
2026-03-10 23:56:15 - __main__ - INFO - 
Epoch 79/100 | lr 0.012668
2026-03-10 23:56:27 - __main__ - INFO - Train: loss 0.0399 acc1 98.85% f1 98.32%
2026-03-10 23:56:27 - __main__ - INFO - Test:   loss 0.2855 acc1 91.97% f1 90.21%
2026-03-10 23:56:27 - __main__ - INFO - 
Epoch 80/100 | lr 0.011589
2026-03-10 23:56:39 - __main__ - INFO - Train: loss 0.0397 acc1 98.85% f1 98.32%
2026-03-10 23:56:39 - __main__ - INFO - Test:   loss 0.3118 acc1 91.97% f1 90.26%
2026-03-10 23:56:39 - __main__ - INFO - 
Epoch 81/100 | lr 0.010552
2026-03-10 23:56:51 - __main__ - INFO - Train: loss 0.0400 acc1 98.86% f1 98.33%
2026-03-10 23:56:51 - __main__ - INFO - Test:   loss 0.2568 acc1 91.93% f1 90.24%
2026-03-10 23:56:51 - __main__ - INFO - 
Epoch 82/100 | lr 0.009558
2026-03-10 23:57:04 - __main__ - INFO - Train: loss 0.0399 acc1 98.88% f1 98.35%
2026-03-10 23:57:04 - __main__ - INFO - Test:   loss 0.2230 acc1 95.19% f1 94.75%
2026-03-10 23:57:04 - __main__ - INFO - saved best: 95.19%
2026-03-10 23:57:04 - __main__ - INFO - 
Epoch 83/100 | lr 0.008609
2026-03-10 23:57:16 - __main__ - INFO - Train: loss 0.0410 acc1 98.85% f1 98.32%
2026-03-10 23:57:16 - __main__ - INFO - Test:   loss 0.2569 acc1 92.26% f1 90.59%
2026-03-10 23:57:16 - __main__ - INFO - 
Epoch 84/100 | lr 0.007704
2026-03-10 23:57:28 - __main__ - INFO - Train: loss 0.0428 acc1 98.72% f1 98.32%
2026-03-10 23:57:28 - __main__ - INFO - Test:   loss 0.8360 acc1 71.20% f1 70.78%
2026-03-10 23:57:28 - __main__ - INFO - 
Epoch 85/100 | lr 0.006846
2026-03-10 23:57:41 - __main__ - INFO - Train: loss 0.0452 acc1 98.78% f1 98.25%
2026-03-10 23:57:41 - __main__ - INFO - Test:   loss 0.2910 acc1 92.43% f1 90.73%
2026-03-10 23:57:41 - __main__ - INFO - 
Epoch 86/100 | lr 0.006036
2026-03-10 23:57:53 - __main__ - INFO - Train: loss 0.0398 acc1 98.86% f1 98.33%
2026-03-10 23:57:53 - __main__ - INFO - Test:   loss 0.2784 acc1 92.39% f1 90.72%
2026-03-10 23:57:53 - __main__ - INFO - 
Epoch 87/100 | lr 0.005273
2026-03-10 23:58:05 - __main__ - INFO - Train: loss 0.0399 acc1 98.88% f1 98.35%
2026-03-10 23:58:05 - __main__ - INFO - Test:   loss 0.3208 acc1 92.07% f1 90.42%
2026-03-10 23:58:05 - __main__ - INFO - 
Epoch 88/100 | lr 0.004559
2026-03-10 23:58:17 - __main__ - INFO - Train: loss 0.0427 acc1 98.72% f1 98.32%
2026-03-10 23:58:17 - __main__ - INFO - Test:   loss 0.2642 acc1 92.36% f1 90.70%
2026-03-10 23:58:17 - __main__ - INFO - 
Epoch 89/100 | lr 0.003895
2026-03-10 23:58:30 - __main__ - INFO - Train: loss 0.0391 acc1 98.86% f1 98.33%
2026-03-10 23:58:30 - __main__ - INFO - Test:   loss 0.3085 acc1 92.16% f1 90.34%
2026-03-10 23:58:30 - __main__ - INFO - 
Epoch 90/100 | lr 0.003281
2026-03-10 23:58:42 - __main__ - INFO - Train: loss 0.0412 acc1 98.74% f1 98.33%
2026-03-10 23:58:42 - __main__ - INFO - Test:   loss 0.3227 acc1 92.16% f1 90.53%
2026-03-10 23:58:42 - __main__ - INFO - 
Epoch 91/100 | lr 0.002719
2026-03-10 23:58:54 - __main__ - INFO - Train: loss 0.0474 acc1 98.72% f1 98.32%
2026-03-10 23:58:54 - __main__ - INFO - Test:   loss 0.2900 acc1 92.07% f1 90.48%
2026-03-10 23:58:54 - __main__ - INFO - 
Epoch 92/100 | lr 0.002208
2026-03-10 23:59:06 - __main__ - INFO - Train: loss 0.0432 acc1 98.59% f1 98.32%
2026-03-10 23:59:06 - __main__ - INFO - Test:   loss 0.3844 acc1 92.00% f1 90.54%
2026-03-10 23:59:06 - __main__ - INFO - 
Epoch 93/100 | lr 0.001749
2026-03-10 23:59:19 - __main__ - INFO - Train: loss 0.0385 acc1 98.88% f1 98.35%
2026-03-10 23:59:19 - __main__ - INFO - Test:   loss 0.3857 acc1 91.87% f1 90.25%
2026-03-10 23:59:19 - __main__ - INFO - 
Epoch 94/100 | lr 0.001344
2026-03-10 23:59:31 - __main__ - INFO - Train: loss 0.0391 acc1 98.88% f1 98.35%
2026-03-10 23:59:31 - __main__ - INFO - Test:   loss 0.3143 acc1 92.16% f1 90.49%
2026-03-10 23:59:31 - __main__ - INFO - 
Epoch 95/100 | lr 0.000991
2026-03-10 23:59:43 - __main__ - INFO - Train: loss 0.0374 acc1 98.86% f1 98.33%
2026-03-10 23:59:43 - __main__ - INFO - Test:   loss 0.3477 acc1 92.29% f1 90.58%
2026-03-10 23:59:43 - __main__ - INFO - 
Epoch 96/100 | lr 0.000692
2026-03-10 23:59:55 - __main__ - INFO - Train: loss 0.0375 acc1 98.88% f1 98.35%
2026-03-10 23:59:55 - __main__ - INFO - Test:   loss 0.3594 acc1 92.29% f1 90.63%
2026-03-10 23:59:55 - __main__ - INFO - 
Epoch 97/100 | lr 0.000447
2026-03-11 00:00:08 - __main__ - INFO - Train: loss 0.0387 acc1 98.88% f1 98.35%
2026-03-11 00:00:08 - __main__ - INFO - Test:   loss 0.2641 acc1 92.69% f1 91.22%
2026-03-11 00:00:08 - __main__ - INFO - 
Epoch 98/100 | lr 0.000256
2026-03-11 00:00:20 - __main__ - INFO - Train: loss 0.0373 acc1 98.88% f1 98.35%
2026-03-11 00:00:20 - __main__ - INFO - Test:   loss 0.3764 acc1 92.29% f1 90.66%
2026-03-11 00:00:20 - __main__ - INFO - 
Epoch 99/100 | lr 0.000119
2026-03-11 00:00:32 - __main__ - INFO - Train: loss 0.0373 acc1 98.88% f1 98.35%
2026-03-11 00:00:32 - __main__ - INFO - Test:   loss 0.3427 acc1 92.20% f1 90.55%
2026-03-11 00:00:32 - __main__ - INFO - 
Epoch 100/100 | lr 0.000037
2026-03-11 00:00:44 - __main__ - INFO - Train: loss 0.0368 acc1 98.88% f1 98.35%
2026-03-11 00:00:44 - __main__ - INFO - Test:   loss 0.2933 acc1 92.26% f1 90.36%
2026-03-11 00:00:46 - __main__ - INFO - 
Best tracked (test): 95.19%
2026-03-11 00:00:46 - __main__ - INFO - Final test: loss 0.2933 acc1 92.26% f1 90.36%
2026-03-11 00:00:47 - __main__ - INFO - Variant [low_saliency] done — test acc 92.26%, test F1 90.36%, test loss 0.2933
2026-03-11 00:00:47 - __main__ - INFO - 
============================================================
2026-03-11 00:00:47 - __main__ - INFO - Training output model (resnet18) on variant: high_saliency
2026-03-11 00:00:47 - __main__ - INFO -   Resolved config → lr=0.1, wd=0.0005, bs=32, epochs=100, scheduler=cosine, warmup=5
2026-03-11 00:00:47 - __main__ - INFO -   Eval split during training is forced to original test for fair comparability
2026-03-11 00:00:47 - __main__ - INFO - ============================================================
2026-03-11 00:00:47 - __main__ - INFO - device: cuda | cuda: True | gpu: NVIDIA L4
2026-03-11 00:00:47 - __main__ - INFO - Model: resnet18 | Dataset: malimg | Classes: 25
2026-03-11 00:00:47 - __main__ - INFO - 
Epoch 1/100 | lr 0.000100
2026-03-11 00:01:00 - __main__ - INFO - Train: loss 2.2136 acc1 42.95% f1 32.15%
2026-03-11 00:01:00 - __main__ - INFO - Test:   loss 1.9997 acc1 55.11% f1 41.60%
2026-03-11 00:01:00 - __main__ - INFO - saved best: 55.11%
2026-03-11 00:01:00 - __main__ - INFO - 
Epoch 2/100 | lr 0.020080
2026-03-11 00:01:12 - __main__ - INFO - Train: loss 0.3616 acc1 90.28% f1 89.80%
2026-03-11 00:01:12 - __main__ - INFO - Test:   loss 6.2869 acc1 41.65% f1 36.64%
2026-03-11 00:01:12 - __main__ - INFO - 
Epoch 3/100 | lr 0.040060
2026-03-11 00:01:25 - __main__ - INFO - Train: loss 0.1468 acc1 95.47% f1 95.00%
2026-03-11 00:01:25 - __main__ - INFO - Test:   loss 3.0239 acc1 48.16% f1 40.32%
2026-03-11 00:01:25 - __main__ - INFO - 
Epoch 4/100 | lr 0.060040
2026-03-11 00:01:37 - __main__ - INFO - Train: loss 0.1898 acc1 94.99% f1 94.54%
2026-03-11 00:01:37 - __main__ - INFO - Test:   loss 1.0235 acc1 58.48% f1 56.25%
2026-03-11 00:01:37 - __main__ - INFO - saved best: 58.48%
2026-03-11 00:01:37 - __main__ - INFO - 
Epoch 5/100 | lr 0.080020
2026-03-11 00:01:50 - __main__ - INFO - Train: loss 0.0881 acc1 97.52% f1 97.18%
2026-03-11 00:01:50 - __main__ - INFO - Test:   loss 60.0943 acc1 6.43% f1 1.38%
2026-03-11 00:01:50 - __main__ - INFO - 
Epoch 6/100 | lr 0.100000
2026-03-11 00:02:02 - __main__ - INFO - Train: loss 0.3505 acc1 92.86% f1 92.47%
2026-03-11 00:02:02 - __main__ - INFO - Test:   loss 6.8152 acc1 20.21% f1 17.79%
2026-03-11 00:02:02 - __main__ - INFO - 
Epoch 7/100 | lr 0.099973
2026-03-11 00:02:15 - __main__ - INFO - Train: loss 0.0975 acc1 97.22% f1 96.68%
2026-03-11 00:02:15 - __main__ - INFO - Test:   loss 3.0135 acc1 37.98% f1 31.93%
2026-03-11 00:02:15 - __main__ - INFO - 
Epoch 8/100 | lr 0.099891
2026-03-11 00:02:27 - __main__ - INFO - Train: loss 0.0698 acc1 97.84% f1 97.43%
2026-03-11 00:02:27 - __main__ - INFO - Test:   loss 4.0181 acc1 40.15% f1 28.19%
2026-03-11 00:02:27 - __main__ - INFO - 
Epoch 9/100 | lr 0.099754
2026-03-11 00:02:40 - __main__ - INFO - Train: loss 0.0882 acc1 97.64% f1 97.09%
2026-03-11 00:02:40 - __main__ - INFO - Test:   loss 4.9690 acc1 30.88% f1 26.20%
2026-03-11 00:02:40 - __main__ - INFO - 
Epoch 10/100 | lr 0.099563
2026-03-11 00:02:52 - __main__ - INFO - Train: loss 0.0676 acc1 97.88% f1 97.47%
2026-03-11 00:02:52 - __main__ - INFO - Test:   loss 5.1253 acc1 36.87% f1 29.67%
2026-03-11 00:02:52 - __main__ - INFO - 
Epoch 11/100 | lr 0.099318
2026-03-11 00:03:04 - __main__ - INFO - Train: loss 0.0721 acc1 97.94% f1 97.41%
2026-03-11 00:03:04 - __main__ - INFO - Test:   loss 2.3598 acc1 52.79% f1 41.14%
2026-03-11 00:03:04 - __main__ - INFO - 
Epoch 12/100 | lr 0.099019
2026-03-11 00:03:17 - __main__ - INFO - Train: loss 0.0583 acc1 98.42% f1 97.89%
2026-03-11 00:03:17 - __main__ - INFO - Test:   loss 1.9992 acc1 46.21% f1 43.21%
2026-03-11 00:03:17 - __main__ - INFO - 
Epoch 13/100 | lr 0.098666
2026-03-11 00:03:29 - __main__ - INFO - Train: loss 0.0578 acc1 98.36% f1 97.82%
2026-03-11 00:03:29 - __main__ - INFO - Test:   loss 1.2058 acc1 58.78% f1 51.89%
2026-03-11 00:03:29 - __main__ - INFO - saved best: 58.78%
2026-03-11 00:03:29 - __main__ - INFO - 
Epoch 14/100 | lr 0.098261
2026-03-11 00:03:42 - __main__ - INFO - Train: loss 0.0517 acc1 98.57% f1 98.04%
2026-03-11 00:03:42 - __main__ - INFO - Test:   loss 1.8249 acc1 52.26% f1 40.82%
2026-03-11 00:03:42 - __main__ - INFO - 
Epoch 15/100 | lr 0.097802
2026-03-11 00:03:54 - __main__ - INFO - Train: loss 0.0498 acc1 98.65% f1 98.12%
2026-03-11 00:03:54 - __main__ - INFO - Test:   loss 2.2444 acc1 56.27% f1 43.07%
2026-03-11 00:03:54 - __main__ - INFO - 
Epoch 16/100 | lr 0.097291
2026-03-11 00:04:07 - __main__ - INFO - Train: loss 0.0711 acc1 98.16% f1 97.75%
2026-03-11 00:04:07 - __main__ - INFO - Test:   loss 4.2460 acc1 48.88% f1 36.21%
2026-03-11 00:04:07 - __main__ - INFO - 
Epoch 17/100 | lr 0.096729
2026-03-11 00:04:19 - __main__ - INFO - Train: loss 0.0884 acc1 97.72% f1 97.18%
2026-03-11 00:04:19 - __main__ - INFO - Test:   loss 1.3175 acc1 62.59% f1 58.01%
2026-03-11 00:04:19 - __main__ - INFO - saved best: 62.59%
2026-03-11 00:04:19 - __main__ - INFO - 
Epoch 18/100 | lr 0.096115
2026-03-11 00:04:31 - __main__ - INFO - Train: loss 0.0678 acc1 98.21% f1 97.68%
2026-03-11 00:04:31 - __main__ - INFO - Test:   loss 1.9679 acc1 56.18% f1 43.92%
2026-03-11 00:04:31 - __main__ - INFO - 
Epoch 19/100 | lr 0.095451
2026-03-11 00:04:43 - __main__ - INFO - Train: loss 0.0622 acc1 98.30% f1 97.77%
2026-03-11 00:04:43 - __main__ - INFO - Test:   loss 0.9780 acc1 64.25% f1 58.07%
2026-03-11 00:04:43 - __main__ - INFO - saved best: 64.25%
2026-03-11 00:04:43 - __main__ - INFO - 
Epoch 20/100 | lr 0.094737
2026-03-11 00:04:56 - __main__ - INFO - Train: loss 0.0533 acc1 98.58% f1 98.05%
2026-03-11 00:04:56 - __main__ - INFO - Test:   loss 2.5530 acc1 45.05% f1 34.23%
2026-03-11 00:04:56 - __main__ - INFO - 
Epoch 21/100 | lr 0.093974
2026-03-11 00:05:08 - __main__ - INFO - Train: loss 0.0700 acc1 98.10% f1 97.57%
2026-03-11 00:05:08 - __main__ - INFO - Test:   loss 0.5503 acc1 85.69% f1 83.72%
2026-03-11 00:05:08 - __main__ - INFO - saved best: 85.69%
2026-03-11 00:05:08 - __main__ - INFO - 
Epoch 22/100 | lr 0.093164
2026-03-11 00:05:21 - __main__ - INFO - Train: loss 0.0521 acc1 98.64% f1 98.10%
2026-03-11 00:05:21 - __main__ - INFO - Test:   loss 1.2650 acc1 56.38% f1 43.23%
2026-03-11 00:05:21 - __main__ - INFO - 
Epoch 23/100 | lr 0.092306
2026-03-11 00:05:33 - __main__ - INFO - Train: loss 0.0499 acc1 98.64% f1 98.10%
2026-03-11 00:05:33 - __main__ - INFO - Test:   loss 5.4908 acc1 20.94% f1 14.19%
2026-03-11 00:05:33 - __main__ - INFO - 
Epoch 24/100 | lr 0.091401
2026-03-11 00:05:46 - __main__ - INFO - Train: loss 0.0605 acc1 98.26% f1 97.73%
2026-03-11 00:05:46 - __main__ - INFO - Test:   loss 0.5293 acc1 86.98% f1 86.55%
2026-03-11 00:05:46 - __main__ - INFO - saved best: 86.98%
2026-03-11 00:05:46 - __main__ - INFO - 
Epoch 25/100 | lr 0.090452
2026-03-11 00:05:58 - __main__ - INFO - Train: loss 0.0609 acc1 98.26% f1 97.73%
2026-03-11 00:05:58 - __main__ - INFO - Test:   loss 1.5945 acc1 52.92% f1 42.32%
2026-03-11 00:05:58 - __main__ - INFO - 
Epoch 26/100 | lr 0.089458
2026-03-11 00:06:11 - __main__ - INFO - Train: loss 0.0542 acc1 98.45% f1 97.92%
2026-03-11 00:06:11 - __main__ - INFO - Test:   loss 0.9645 acc1 68.86% f1 61.41%
2026-03-11 00:06:11 - __main__ - INFO - 
Epoch 27/100 | lr 0.088421
2026-03-11 00:06:23 - __main__ - INFO - Train: loss 0.0466 acc1 98.68% f1 98.14%
2026-03-11 00:06:23 - __main__ - INFO - Test:   loss 1.0125 acc1 72.38% f1 68.14%
2026-03-11 00:06:23 - __main__ - INFO - 
Epoch 28/100 | lr 0.087342
2026-03-11 00:06:35 - __main__ - INFO - Train: loss 0.0648 acc1 98.05% f1 97.65%
2026-03-11 00:06:35 - __main__ - INFO - Test:   loss 1.3991 acc1 54.74% f1 44.28%
2026-03-11 00:06:35 - __main__ - INFO - 
Epoch 29/100 | lr 0.086223
2026-03-11 00:06:47 - __main__ - INFO - Train: loss 0.0764 acc1 98.08% f1 97.54%
2026-03-11 00:06:47 - __main__ - INFO - Test:   loss 1.5505 acc1 55.93% f1 43.29%
2026-03-11 00:06:47 - __main__ - INFO - 
Epoch 30/100 | lr 0.085063
2026-03-11 00:07:00 - __main__ - INFO - Train: loss 0.0559 acc1 98.42% f1 98.01%
2026-03-11 00:07:00 - __main__ - INFO - Test:   loss 1.7349 acc1 40.65% f1 38.67%
2026-03-11 00:07:00 - __main__ - INFO - 
Epoch 31/100 | lr 0.083866
2026-03-11 00:07:13 - __main__ - INFO - Train: loss 0.0570 acc1 98.44% f1 97.95%
2026-03-11 00:07:13 - __main__ - INFO - Test:   loss 1.4500 acc1 63.32% f1 55.02%
2026-03-11 00:07:13 - __main__ - INFO - 
Epoch 32/100 | lr 0.082631
2026-03-11 00:07:25 - __main__ - INFO - Train: loss 0.0621 acc1 98.01% f1 97.78%
2026-03-11 00:07:25 - __main__ - INFO - Test:   loss 4.8974 acc1 14.88% f1 14.17%
2026-03-11 00:07:25 - __main__ - INFO - 
Epoch 33/100 | lr 0.081361
2026-03-11 00:07:37 - __main__ - INFO - Train: loss 0.0849 acc1 97.64% f1 97.23%
2026-03-11 00:07:37 - __main__ - INFO - Test:   loss 1.4748 acc1 62.14% f1 55.10%
2026-03-11 00:07:37 - __main__ - INFO - 
Epoch 34/100 | lr 0.080056
2026-03-11 00:07:50 - __main__ - INFO - Train: loss 0.0703 acc1 98.21% f1 97.81%
2026-03-11 00:07:50 - __main__ - INFO - Test:   loss 9.6722 acc1 41.95% f1 29.79%
2026-03-11 00:07:50 - __main__ - INFO - 
Epoch 35/100 | lr 0.078719
2026-03-11 00:08:02 - __main__ - INFO - Train: loss 0.0851 acc1 97.73% f1 97.32%
2026-03-11 00:08:02 - __main__ - INFO - Test:   loss 3.2714 acc1 31.60% f1 26.12%
2026-03-11 00:08:02 - __main__ - INFO - 
Epoch 36/100 | lr 0.077350
2026-03-11 00:08:15 - __main__ - INFO - Train: loss 0.0699 acc1 98.09% f1 97.56%
2026-03-11 00:08:15 - __main__ - INFO - Test:   loss 1.8664 acc1 54.54% f1 47.27%
2026-03-11 00:08:15 - __main__ - INFO - 
Epoch 37/100 | lr 0.075951
2026-03-11 00:08:27 - __main__ - INFO - Train: loss 0.0512 acc1 98.58% f1 98.05%
2026-03-11 00:08:27 - __main__ - INFO - Test:   loss 1.4027 acc1 56.87% f1 47.21%
2026-03-11 00:08:27 - __main__ - INFO - 
Epoch 38/100 | lr 0.074524
2026-03-11 00:08:39 - __main__ - INFO - Train: loss 0.0430 acc1 98.76% f1 98.22%
2026-03-11 00:08:39 - __main__ - INFO - Test:   loss 1.1113 acc1 60.32% f1 50.40%
2026-03-11 00:08:39 - __main__ - INFO - 
Epoch 39/100 | lr 0.073070
2026-03-11 00:08:52 - __main__ - INFO - Train: loss 0.0491 acc1 98.62% f1 98.09%
2026-03-11 00:08:52 - __main__ - INFO - Test:   loss 0.8284 acc1 72.58% f1 69.57%
2026-03-11 00:08:52 - __main__ - INFO - 
Epoch 40/100 | lr 0.071591
2026-03-11 00:09:04 - __main__ - INFO - Train: loss 0.0439 acc1 98.78% f1 98.25%
2026-03-11 00:09:04 - __main__ - INFO - Test:   loss 0.7894 acc1 65.82% f1 59.77%
2026-03-11 00:09:04 - __main__ - INFO - 
Epoch 41/100 | lr 0.070088
2026-03-11 00:09:17 - __main__ - INFO - Train: loss 0.0408 acc1 98.85% f1 98.32%
2026-03-11 00:09:17 - __main__ - INFO - Test:   loss 1.0173 acc1 64.35% f1 61.53%
2026-03-11 00:09:17 - __main__ - INFO - 
Epoch 42/100 | lr 0.068563
2026-03-11 00:09:29 - __main__ - INFO - Train: loss 0.0488 acc1 98.69% f1 98.16%
2026-03-11 00:09:29 - __main__ - INFO - Test:   loss 1.1012 acc1 59.32% f1 48.33%
2026-03-11 00:09:29 - __main__ - INFO - 
Epoch 43/100 | lr 0.067018
2026-03-11 00:09:41 - __main__ - INFO - Train: loss 0.0519 acc1 98.69% f1 98.16%
2026-03-11 00:09:41 - __main__ - INFO - Test:   loss 1.3211 acc1 60.88% f1 50.89%
2026-03-11 00:09:41 - __main__ - INFO - 
Epoch 44/100 | lr 0.065454
2026-03-11 00:09:54 - __main__ - INFO - Train: loss 0.0475 acc1 98.74% f1 98.21%
2026-03-11 00:09:54 - __main__ - INFO - Test:   loss 0.5815 acc1 83.45% f1 81.39%
2026-03-11 00:09:54 - __main__ - INFO - 
Epoch 45/100 | lr 0.063874
2026-03-11 00:10:06 - __main__ - INFO - Train: loss 0.0499 acc1 98.62% f1 98.09%
2026-03-11 00:10:06 - __main__ - INFO - Test:   loss 4.8880 acc1 38.72% f1 29.14%
2026-03-11 00:10:06 - __main__ - INFO - 
Epoch 46/100 | lr 0.062278
2026-03-11 00:10:19 - __main__ - INFO - Train: loss 0.0609 acc1 98.41% f1 97.88%
2026-03-11 00:10:19 - __main__ - INFO - Test:   loss 3.2033 acc1 29.01% f1 27.61%
2026-03-11 00:10:19 - __main__ - INFO - 
Epoch 47/100 | lr 0.060669
2026-03-11 00:10:32 - __main__ - INFO - Train: loss 0.0521 acc1 98.56% f1 98.02%
2026-03-11 00:10:32 - __main__ - INFO - Test:   loss 1.2316 acc1 60.27% f1 49.40%
2026-03-11 00:10:32 - __main__ - INFO - 
Epoch 48/100 | lr 0.059048
2026-03-11 00:10:44 - __main__ - INFO - Train: loss 0.0451 acc1 98.81% f1 98.28%
2026-03-11 00:10:44 - __main__ - INFO - Test:   loss 1.9165 acc1 59.11% f1 48.94%
2026-03-11 00:10:44 - __main__ - INFO - 
Epoch 49/100 | lr 0.057417
2026-03-11 00:10:56 - __main__ - INFO - Train: loss 0.0521 acc1 98.49% f1 98.21%
2026-03-11 00:10:56 - __main__ - INFO - Test:   loss 8.1591 acc1 9.04% f1 4.07%
2026-03-11 00:10:56 - __main__ - INFO - 
Epoch 50/100 | lr 0.055779
2026-03-11 00:11:09 - __main__ - INFO - Train: loss 0.0702 acc1 98.15% f1 97.74%
2026-03-11 00:11:09 - __main__ - INFO - Test:   loss 3.1672 acc1 45.71% f1 36.34%
2026-03-11 00:11:09 - __main__ - INFO - 
Epoch 51/100 | lr 0.054134
2026-03-11 00:11:21 - __main__ - INFO - Train: loss 0.0602 acc1 98.52% f1 97.98%
2026-03-11 00:11:21 - __main__ - INFO - Test:   loss 1.7404 acc1 57.16% f1 49.04%
2026-03-11 00:11:21 - __main__ - INFO - 
Epoch 52/100 | lr 0.052484
2026-03-11 00:11:34 - __main__ - INFO - Train: loss 0.0582 acc1 98.37% f1 97.84%
2026-03-11 00:11:34 - __main__ - INFO - Test:   loss 0.6750 acc1 77.31% f1 75.82%
2026-03-11 00:11:34 - __main__ - INFO - 
Epoch 53/100 | lr 0.050832
2026-03-11 00:11:46 - __main__ - INFO - Train: loss 0.0477 acc1 98.62% f1 98.21%
2026-03-11 00:11:46 - __main__ - INFO - Test:   loss 2.9749 acc1 56.45% f1 45.58%
2026-03-11 00:11:46 - __main__ - INFO - 
Epoch 54/100 | lr 0.049178
2026-03-11 00:11:59 - __main__ - INFO - Train: loss 0.0531 acc1 98.43% f1 98.10%
2026-03-11 00:11:59 - __main__ - INFO - Test:   loss 0.4878 acc1 90.99% f1 90.14%
2026-03-11 00:11:59 - __main__ - INFO - saved best: 90.99%
2026-03-11 00:11:59 - __main__ - INFO - 
Epoch 55/100 | lr 0.047526
2026-03-11 00:12:11 - __main__ - INFO - Train: loss 0.0444 acc1 98.84% f1 98.31%
2026-03-11 00:12:11 - __main__ - INFO - Test:   loss 0.4756 acc1 89.86% f1 88.67%
2026-03-11 00:12:11 - __main__ - INFO - 
Epoch 56/100 | lr 0.045876
2026-03-11 00:12:24 - __main__ - INFO - Train: loss 0.0396 acc1 98.88% f1 98.35%
2026-03-11 00:12:24 - __main__ - INFO - Test:   loss 0.4614 acc1 88.09% f1 86.64%
2026-03-11 00:12:24 - __main__ - INFO - 
Epoch 57/100 | lr 0.044231
2026-03-11 00:12:36 - __main__ - INFO - Train: loss 0.0400 acc1 98.86% f1 98.33%
2026-03-11 00:12:36 - __main__ - INFO - Test:   loss 0.5246 acc1 84.94% f1 83.25%
2026-03-11 00:12:36 - __main__ - INFO - 
Epoch 58/100 | lr 0.042593
2026-03-11 00:12:49 - __main__ - INFO - Train: loss 0.0390 acc1 98.88% f1 98.35%
2026-03-11 00:12:49 - __main__ - INFO - Test:   loss 0.7000 acc1 79.76% f1 77.84%
2026-03-11 00:12:49 - __main__ - INFO - 
Epoch 59/100 | lr 0.040962
2026-03-11 00:13:01 - __main__ - INFO - Train: loss 0.0393 acc1 98.88% f1 98.35%
2026-03-11 00:13:01 - __main__ - INFO - Test:   loss 0.5845 acc1 83.62% f1 81.97%
2026-03-11 00:13:01 - __main__ - INFO - 
Epoch 60/100 | lr 0.039341
2026-03-11 00:13:13 - __main__ - INFO - Train: loss 0.0387 acc1 98.88% f1 98.35%
2026-03-11 00:13:13 - __main__ - INFO - Test:   loss 0.7583 acc1 81.41% f1 79.43%
2026-03-11 00:13:13 - __main__ - INFO - 
Epoch 61/100 | lr 0.037732
2026-03-11 00:13:26 - __main__ - INFO - Train: loss 0.0458 acc1 98.70% f1 98.17%
2026-03-11 00:13:26 - __main__ - INFO - Test:   loss 3.7862 acc1 34.52% f1 24.59%
2026-03-11 00:13:26 - __main__ - INFO - 
Epoch 62/100 | lr 0.036136
2026-03-11 00:13:38 - __main__ - INFO - Train: loss 0.0536 acc1 98.73% f1 98.20%
2026-03-11 00:13:38 - __main__ - INFO - Test:   loss 1.5999 acc1 56.80% f1 48.74%
2026-03-11 00:13:38 - __main__ - INFO - 
Epoch 63/100 | lr 0.034556
2026-03-11 00:13:51 - __main__ - INFO - Train: loss 0.0543 acc1 98.49% f1 97.96%
2026-03-11 00:13:51 - __main__ - INFO - Test:   loss 1.5405 acc1 56.39% f1 47.64%
2026-03-11 00:13:51 - __main__ - INFO - 
Epoch 64/100 | lr 0.032992
2026-03-11 00:14:03 - __main__ - INFO - Train: loss 0.0429 acc1 98.85% f1 98.32%
2026-03-11 00:14:03 - __main__ - INFO - Test:   loss 1.1215 acc1 67.26% f1 61.76%
2026-03-11 00:14:03 - __main__ - INFO - 
Epoch 65/100 | lr 0.031447
2026-03-11 00:14:15 - __main__ - INFO - Train: loss 0.0396 acc1 98.86% f1 98.33%
2026-03-11 00:14:15 - __main__ - INFO - Test:   loss 1.1663 acc1 60.71% f1 53.49%
2026-03-11 00:14:15 - __main__ - INFO - 
Epoch 66/100 | lr 0.029922
2026-03-11 00:14:27 - __main__ - INFO - Train: loss 0.0411 acc1 98.72% f1 98.32%
2026-03-11 00:14:27 - __main__ - INFO - Test:   loss 0.8546 acc1 72.31% f1 64.41%
2026-03-11 00:14:27 - __main__ - INFO - 
Epoch 67/100 | lr 0.028419
2026-03-11 00:14:40 - __main__ - INFO - Train: loss 0.0526 acc1 98.65% f1 98.12%
2026-03-11 00:14:40 - __main__ - INFO - Test:   loss 0.9011 acc1 74.55% f1 71.95%
2026-03-11 00:14:40 - __main__ - INFO - 
Epoch 68/100 | lr 0.026940
2026-03-11 00:14:52 - __main__ - INFO - Train: loss 0.0430 acc1 98.85% f1 98.32%
2026-03-11 00:14:52 - __main__ - INFO - Test:   loss 4.5317 acc1 51.80% f1 47.42%
2026-03-11 00:14:52 - __main__ - INFO - 
Epoch 69/100 | lr 0.025486
2026-03-11 00:15:04 - __main__ - INFO - Train: loss 0.0505 acc1 98.70% f1 98.17%
2026-03-11 00:15:04 - __main__ - INFO - Test:   loss 1.8353 acc1 54.37% f1 44.17%
2026-03-11 00:15:04 - __main__ - INFO - 
Epoch 70/100 | lr 0.024059
2026-03-11 00:15:17 - __main__ - INFO - Train: loss 0.0413 acc1 98.85% f1 98.32%
2026-03-11 00:15:17 - __main__ - INFO - Test:   loss 1.1006 acc1 63.71% f1 55.09%
2026-03-11 00:15:17 - __main__ - INFO - 
Epoch 71/100 | lr 0.022660
2026-03-11 00:15:29 - __main__ - INFO - Train: loss 0.0384 acc1 98.88% f1 98.35%
2026-03-11 00:15:29 - __main__ - INFO - Test:   loss 0.6372 acc1 81.97% f1 79.97%
2026-03-11 00:15:29 - __main__ - INFO - 
Epoch 72/100 | lr 0.021291
2026-03-11 00:15:41 - __main__ - INFO - Train: loss 0.0387 acc1 98.88% f1 98.35%
2026-03-11 00:15:41 - __main__ - INFO - Test:   loss 0.7814 acc1 77.93% f1 77.16%
2026-03-11 00:15:41 - __main__ - INFO - 
Epoch 73/100 | lr 0.019954
2026-03-11 00:15:54 - __main__ - INFO - Train: loss 0.0386 acc1 98.88% f1 98.35%
2026-03-11 00:15:54 - __main__ - INFO - Test:   loss 0.6264 acc1 79.27% f1 77.19%
2026-03-11 00:15:54 - __main__ - INFO - 
Epoch 74/100 | lr 0.018649
2026-03-11 00:16:06 - __main__ - INFO - Train: loss 0.0424 acc1 98.85% f1 98.32%
2026-03-11 00:16:06 - __main__ - INFO - Test:   loss 1.1191 acc1 68.23% f1 62.36%
2026-03-11 00:16:06 - __main__ - INFO - 
Epoch 75/100 | lr 0.017379
2026-03-11 00:16:18 - __main__ - INFO - Train: loss 0.0396 acc1 98.88% f1 98.35%
2026-03-11 00:16:18 - __main__ - INFO - Test:   loss 0.6122 acc1 81.98% f1 80.07%
2026-03-11 00:16:18 - __main__ - INFO - 
Epoch 76/100 | lr 0.016144
2026-03-11 00:16:31 - __main__ - INFO - Train: loss 0.0396 acc1 98.88% f1 98.35%
2026-03-11 00:16:31 - __main__ - INFO - Test:   loss 0.5065 acc1 84.78% f1 83.48%
2026-03-11 00:16:31 - __main__ - INFO - 
Epoch 77/100 | lr 0.014947
2026-03-11 00:16:43 - __main__ - INFO - Train: loss 0.0407 acc1 98.84% f1 98.31%
2026-03-11 00:16:43 - __main__ - INFO - Test:   loss 0.4804 acc1 90.25% f1 88.76%
2026-03-11 00:16:43 - __main__ - INFO - 
Epoch 78/100 | lr 0.013787
2026-03-11 00:16:55 - __main__ - INFO - Train: loss 0.0384 acc1 98.88% f1 98.35%
2026-03-11 00:16:55 - __main__ - INFO - Test:   loss 0.4261 acc1 89.43% f1 88.28%
2026-03-11 00:16:55 - __main__ - INFO - 
Epoch 79/100 | lr 0.012668
2026-03-11 00:17:08 - __main__ - INFO - Train: loss 0.0398 acc1 98.88% f1 98.35%
2026-03-11 00:17:08 - __main__ - INFO - Test:   loss 0.5033 acc1 88.48% f1 86.96%
2026-03-11 00:17:08 - __main__ - INFO - 
Epoch 80/100 | lr 0.011589
2026-03-11 00:17:20 - __main__ - INFO - Train: loss 0.0400 acc1 98.85% f1 98.32%
2026-03-11 00:17:20 - __main__ - INFO - Test:   loss 0.8870 acc1 62.60% f1 56.90%
2026-03-11 00:17:20 - __main__ - INFO - 
Epoch 81/100 | lr 0.010552
2026-03-11 00:17:33 - __main__ - INFO - Train: loss 0.0380 acc1 98.88% f1 98.35%
2026-03-11 00:17:33 - __main__ - INFO - Test:   loss 0.5666 acc1 86.63% f1 85.52%
2026-03-11 00:17:33 - __main__ - INFO - 
Epoch 82/100 | lr 0.009558
2026-03-11 00:17:45 - __main__ - INFO - Train: loss 0.0381 acc1 98.88% f1 98.35%
2026-03-11 00:17:45 - __main__ - INFO - Test:   loss 0.5832 acc1 83.66% f1 82.55%
2026-03-11 00:17:45 - __main__ - INFO - 
Epoch 83/100 | lr 0.008609
2026-03-11 00:17:58 - __main__ - INFO - Train: loss 0.0387 acc1 98.88% f1 98.35%
2026-03-11 00:17:58 - __main__ - INFO - Test:   loss 0.5343 acc1 85.91% f1 85.16%
2026-03-11 00:17:58 - __main__ - INFO - 
Epoch 84/100 | lr 0.007704
2026-03-11 00:18:10 - __main__ - INFO - Train: loss 0.0400 acc1 98.86% f1 98.33%
2026-03-11 00:18:10 - __main__ - INFO - Test:   loss 0.8647 acc1 59.42% f1 55.78%
2026-03-11 00:18:10 - __main__ - INFO - 
Epoch 85/100 | lr 0.006846
2026-03-11 00:18:22 - __main__ - INFO - Train: loss 0.0395 acc1 98.88% f1 98.35%
2026-03-11 00:18:22 - __main__ - INFO - Test:   loss 0.4740 acc1 88.94% f1 87.55%
2026-03-11 00:18:22 - __main__ - INFO - 
Epoch 86/100 | lr 0.006036
2026-03-11 00:18:35 - __main__ - INFO - Train: loss 0.0440 acc1 98.74% f1 98.33%
2026-03-11 00:18:35 - __main__ - INFO - Test:   loss 0.4977 acc1 86.60% f1 84.79%
2026-03-11 00:18:35 - __main__ - INFO - 
Epoch 87/100 | lr 0.005273
2026-03-11 00:18:47 - __main__ - INFO - Train: loss 0.0454 acc1 98.80% f1 98.26%
2026-03-11 00:18:47 - __main__ - INFO - Test:   loss 0.4301 acc1 89.85% f1 88.55%
2026-03-11 00:18:47 - __main__ - INFO - 
Epoch 88/100 | lr 0.004559
2026-03-11 00:18:59 - __main__ - INFO - Train: loss 0.0426 acc1 98.74% f1 98.33%
2026-03-11 00:18:59 - __main__ - INFO - Test:   loss 0.5320 acc1 87.15% f1 85.76%
2026-03-11 00:18:59 - __main__ - INFO - 
Epoch 89/100 | lr 0.003895
2026-03-11 00:19:12 - __main__ - INFO - Train: loss 0.0410 acc1 98.85% f1 98.32%
2026-03-11 00:19:12 - __main__ - INFO - Test:   loss 0.5193 acc1 86.66% f1 85.35%
2026-03-11 00:19:12 - __main__ - INFO - 
Epoch 90/100 | lr 0.003281
2026-03-11 00:19:24 - __main__ - INFO - Train: loss 0.0384 acc1 98.88% f1 98.35%
2026-03-11 00:19:24 - __main__ - INFO - Test:   loss 0.5297 acc1 86.36% f1 85.17%
2026-03-11 00:19:24 - __main__ - INFO - 
Epoch 91/100 | lr 0.002719
2026-03-11 00:19:36 - __main__ - INFO - Train: loss 0.0462 acc1 98.59% f1 98.32%
2026-03-11 00:19:36 - __main__ - INFO - Test:   loss 0.4892 acc1 86.75% f1 85.58%
2026-03-11 00:19:36 - __main__ - INFO - 
Epoch 92/100 | lr 0.002208
2026-03-11 00:19:49 - __main__ - INFO - Train: loss 0.0423 acc1 98.75% f1 98.35%
2026-03-11 00:19:49 - __main__ - INFO - Test:   loss 0.5301 acc1 85.16% f1 84.26%
2026-03-11 00:19:49 - __main__ - INFO - 
Epoch 93/100 | lr 0.001749
2026-03-11 00:20:01 - __main__ - INFO - Train: loss 0.0379 acc1 98.88% f1 98.35%
2026-03-11 00:20:01 - __main__ - INFO - Test:   loss 0.5384 acc1 85.03% f1 84.19%
2026-03-11 00:20:01 - __main__ - INFO - 
Epoch 94/100 | lr 0.001344
2026-03-11 00:20:14 - __main__ - INFO - Train: loss 0.0386 acc1 98.88% f1 98.35%
2026-03-11 00:20:14 - __main__ - INFO - Test:   loss 0.5052 acc1 85.88% f1 84.64%
2026-03-11 00:20:14 - __main__ - INFO - 
Epoch 95/100 | lr 0.000991
2026-03-11 00:20:26 - __main__ - INFO - Train: loss 0.0376 acc1 98.86% f1 98.33%
2026-03-11 00:20:26 - __main__ - INFO - Test:   loss 0.5428 acc1 86.40% f1 85.32%
2026-03-11 00:20:26 - __main__ - INFO - 
Epoch 96/100 | lr 0.000692
2026-03-11 00:20:38 - __main__ - INFO - Train: loss 0.0376 acc1 98.88% f1 98.35%
2026-03-11 00:20:38 - __main__ - INFO - Test:   loss 0.5834 acc1 83.82% f1 83.00%
2026-03-11 00:20:38 - __main__ - INFO - 
Epoch 97/100 | lr 0.000447
2026-03-11 00:20:50 - __main__ - INFO - Train: loss 0.0407 acc1 98.74% f1 98.33%
2026-03-11 00:20:50 - __main__ - INFO - Test:   loss 0.4727 acc1 87.96% f1 86.67%
2026-03-11 00:20:50 - __main__ - INFO - 
Epoch 98/100 | lr 0.000256
2026-03-11 00:21:03 - __main__ - INFO - Train: loss 0.0374 acc1 98.88% f1 98.35%
2026-03-11 00:21:03 - __main__ - INFO - Test:   loss 0.5365 acc1 85.36% f1 84.24%
2026-03-11 00:21:03 - __main__ - INFO - 
Epoch 99/100 | lr 0.000119
2026-03-11 00:21:15 - __main__ - INFO - Train: loss 0.0374 acc1 98.88% f1 98.35%
2026-03-11 00:21:15 - __main__ - INFO - Test:   loss 0.4289 acc1 89.46% f1 88.13%
2026-03-11 00:21:15 - __main__ - INFO - 
Epoch 100/100 | lr 0.000037
2026-03-11 00:21:28 - __main__ - INFO - Train: loss 0.0369 acc1 98.88% f1 98.35%
2026-03-11 00:21:28 - __main__ - INFO - Test:   loss 0.5027 acc1 86.98% f1 85.75%
2026-03-11 00:21:29 - __main__ - INFO - 
Best tracked (test): 90.99%
2026-03-11 00:21:29 - __main__ - INFO - Final test: loss 0.5027 acc1 86.98% f1 85.75%
2026-03-11 00:21:30 - __main__ - INFO - Variant [high_saliency] done — test acc 86.98%, test F1 85.75%, test loss 0.5027
2026-03-11 00:21:30 - __main__ - INFO - 
Starting output model sweep: vit_b_16
2026-03-11 00:21:30 - __main__ - INFO - 
============================================================
2026-03-11 00:21:30 - __main__ - INFO - Training output model (vit_b_16) on variant: original
2026-03-11 00:21:30 - __main__ - INFO -   Resolved config → lr=0.0005, wd=0.05, bs=32, epochs=100, scheduler=cosine, warmup=10
2026-03-11 00:21:30 - __main__ - INFO -   Eval split during training is forced to original test for fair comparability
2026-03-11 00:21:30 - __main__ - INFO - ============================================================
2026-03-11 00:21:31 - __main__ - INFO - device: cuda | cuda: True | gpu: NVIDIA L4
2026-03-11 00:21:32 - __main__ - INFO - Model: vit_b_16 | Dataset: malimg | Classes: 25
2026-03-11 00:21:32 - __main__ - INFO - 
Epoch 1/100 | lr 0.000000
2026-03-11 00:23:31 - __main__ - INFO - Train: loss 3.1030 acc1 6.05% f1 3.02%
2026-03-11 00:23:31 - __main__ - INFO - Test:   loss 2.8479 acc1 18.95% f1 16.92%
2026-03-11 00:23:31 - __main__ - INFO - saved best: 18.95%
2026-03-11 00:23:31 - __main__ - INFO - 
Epoch 2/100 | lr 0.000050
2026-03-11 00:25:30 - __main__ - INFO - Train: loss 1.5091 acc1 69.28% f1 64.69%
2026-03-11 00:25:30 - __main__ - INFO - Test:   loss 1.1104 acc1 83.66% f1 80.38%
2026-03-11 00:25:30 - __main__ - INFO - saved best: 83.66%
2026-03-11 00:25:30 - __main__ - INFO - 
Epoch 3/100 | lr 0.000100
2026-03-11 00:27:29 - __main__ - INFO - Train: loss 0.9138 acc1 92.28% f1 91.40%
2026-03-11 00:27:29 - __main__ - INFO - Test:   loss 0.8151 acc1 95.80% f1 95.22%
2026-03-11 00:27:29 - __main__ - INFO - saved best: 95.80%
2026-03-11 00:27:29 - __main__ - INFO - 
Epoch 4/100 | lr 0.000150
2026-03-11 00:29:28 - __main__ - INFO - Train: loss 0.7737 acc1 96.06% f1 95.46%
2026-03-11 00:29:28 - __main__ - INFO - Test:   loss 0.7548 acc1 96.30% f1 95.79%
2026-03-11 00:29:28 - __main__ - INFO - saved best: 96.30%
2026-03-11 00:29:28 - __main__ - INFO - 
Epoch 5/100 | lr 0.000200
2026-03-11 00:31:27 - __main__ - INFO - Train: loss 0.7372 acc1 96.65% f1 96.16%
2026-03-11 00:31:27 - __main__ - INFO - Test:   loss 0.7279 acc1 97.28% f1 96.78%
2026-03-11 00:31:27 - __main__ - INFO - saved best: 97.28%
2026-03-11 00:31:27 - __main__ - INFO - 
Epoch 6/100 | lr 0.000250
2026-03-11 00:33:26 - __main__ - INFO - Train: loss 0.7171 acc1 97.17% f1 96.61%
2026-03-11 00:33:26 - __main__ - INFO - Test:   loss 0.7257 acc1 96.72% f1 96.12%
2026-03-11 00:33:26 - __main__ - INFO - 
Epoch 7/100 | lr 0.000300
2026-03-11 00:35:25 - __main__ - INFO - Train: loss 0.7085 acc1 97.22% f1 96.65%
2026-03-11 00:35:25 - __main__ - INFO - Test:   loss 0.7124 acc1 97.05% f1 96.54%
2026-03-11 00:35:25 - __main__ - INFO - 
Epoch 8/100 | lr 0.000350
2026-03-11 00:37:23 - __main__ - INFO - Train: loss 0.7019 acc1 97.54% f1 96.98%
2026-03-11 00:37:23 - __main__ - INFO - Test:   loss 0.7127 acc1 96.72% f1 96.04%
2026-03-11 00:37:23 - __main__ - INFO - 
Epoch 9/100 | lr 0.000400
2026-03-11 00:39:22 - __main__ - INFO - Train: loss 0.6981 acc1 97.77% f1 97.22%
2026-03-11 00:39:22 - __main__ - INFO - Test:   loss 0.7063 acc1 96.85% f1 96.31%
2026-03-11 00:39:22 - __main__ - INFO - 
Epoch 10/100 | lr 0.000450
2026-03-11 00:41:21 - __main__ - INFO - Train: loss 0.6980 acc1 97.60% f1 97.04%
2026-03-11 00:41:21 - __main__ - INFO - Test:   loss 0.7116 acc1 96.98% f1 96.38%
2026-03-11 00:41:21 - __main__ - INFO - 
Epoch 11/100 | lr 0.000500
2026-03-11 00:43:20 - __main__ - INFO - Train: loss 0.6960 acc1 97.80% f1 97.24%
2026-03-11 00:43:20 - __main__ - INFO - Test:   loss 0.7188 acc1 96.85% f1 96.31%
2026-03-11 00:43:20 - __main__ - INFO - 
Epoch 12/100 | lr 0.000500
2026-03-11 00:45:19 - __main__ - INFO - Train: loss 0.7153 acc1 97.09% f1 96.53%
2026-03-11 00:45:19 - __main__ - INFO - Test:   loss 0.7066 acc1 96.92% f1 96.41%
2026-03-11 00:45:19 - __main__ - INFO - 
Epoch 13/100 | lr 0.000499
2026-03-11 00:47:17 - __main__ - INFO - Train: loss 0.6975 acc1 97.64% f1 97.07%
2026-03-11 00:47:17 - __main__ - INFO - Test:   loss 0.7216 acc1 96.59% f1 96.11%
2026-03-11 00:47:17 - __main__ - INFO - 
Epoch 14/100 | lr 0.000499
2026-03-11 00:49:16 - __main__ - INFO - Train: loss 0.6997 acc1 97.62% f1 97.07%
2026-03-11 00:49:16 - __main__ - INFO - Test:   loss 0.7176 acc1 97.11% f1 96.61%
2026-03-11 00:49:16 - __main__ - INFO - 
Epoch 15/100 | lr 0.000498
2026-03-11 00:51:15 - __main__ - INFO - Train: loss 0.7089 acc1 97.50% f1 96.94%
2026-03-11 00:51:15 - __main__ - INFO - Test:   loss 0.7121 acc1 96.65% f1 96.18%
2026-03-11 00:51:15 - __main__ - INFO - 
Epoch 16/100 | lr 0.000496
2026-03-11 00:53:14 - __main__ - INFO - Train: loss 0.7016 acc1 97.74% f1 97.19%
2026-03-11 00:53:14 - __main__ - INFO - Test:   loss 0.7211 acc1 96.88% f1 96.28%
2026-03-11 00:53:14 - __main__ - INFO - 
Epoch 17/100 | lr 0.000495
2026-03-11 00:55:13 - __main__ - INFO - Train: loss 0.7202 acc1 97.01% f1 96.58%
2026-03-11 00:55:13 - __main__ - INFO - Test:   loss 1.3077 acc1 71.16% f1 66.63%
2026-03-11 00:55:13 - __main__ - INFO - 
Epoch 18/100 | lr 0.000493
2026-03-11 00:57:12 - __main__ - INFO - Train: loss 0.7543 acc1 95.83% f1 95.26%
2026-03-11 00:57:12 - __main__ - INFO - Test:   loss 0.7182 acc1 96.98% f1 96.44%
2026-03-11 00:57:12 - __main__ - INFO - 
Epoch 19/100 | lr 0.000490
2026-03-11 00:59:11 - __main__ - INFO - Train: loss 0.7126 acc1 97.44% f1 96.87%
2026-03-11 00:59:11 - __main__ - INFO - Test:   loss 0.7334 acc1 96.82% f1 96.34%
2026-03-11 00:59:11 - __main__ - INFO - 
Epoch 20/100 | lr 0.000488
2026-03-11 01:01:09 - __main__ - INFO - Train: loss 0.7340 acc1 96.94% f1 96.37%
2026-03-11 01:01:09 - __main__ - INFO - Test:   loss 0.7216 acc1 97.25% f1 96.80%
2026-03-11 01:01:09 - __main__ - INFO - 
Epoch 21/100 | lr 0.000485
2026-03-11 01:03:08 - __main__ - INFO - Train: loss 0.7223 acc1 97.49% f1 96.93%
2026-03-11 01:03:08 - __main__ - INFO - Test:   loss 0.7193 acc1 97.51% f1 97.03%
2026-03-11 01:03:08 - __main__ - INFO - saved best: 97.51%
2026-03-11 01:03:08 - __main__ - INFO - 
Epoch 22/100 | lr 0.000482
2026-03-11 01:05:07 - __main__ - INFO - Train: loss 0.7342 acc1 97.27% f1 96.84%
2026-03-11 01:05:07 - __main__ - INFO - Test:   loss 0.7907 acc1 96.21% f1 95.64%
2026-03-11 01:05:07 - __main__ - INFO - 
Epoch 23/100 | lr 0.000478
2026-03-11 01:07:06 - __main__ - INFO - Train: loss 0.7813 acc1 96.35% f1 95.77%
2026-03-11 01:07:06 - __main__ - INFO - Test:   loss 0.7653 acc1 96.59% f1 96.20%
2026-03-11 01:07:06 - __main__ - INFO - 
Epoch 24/100 | lr 0.000475
2026-03-11 01:09:05 - __main__ - INFO - Train: loss 0.7405 acc1 97.52% f1 96.96%
2026-03-11 01:09:05 - __main__ - INFO - Test:   loss 0.7639 acc1 97.08% f1 96.64%
2026-03-11 01:09:05 - __main__ - INFO - 
Epoch 25/100 | lr 0.000471
2026-03-11 01:11:04 - __main__ - INFO - Train: loss 0.7465 acc1 97.54% f1 96.98%
2026-03-11 01:11:04 - __main__ - INFO - Test:   loss 0.7890 acc1 96.07% f1 95.66%
2026-03-11 01:11:04 - __main__ - INFO - 
Epoch 26/100 | lr 0.000467
2026-03-11 01:13:02 - __main__ - INFO - Train: loss 0.7655 acc1 97.17% f1 96.60%
2026-03-11 01:13:02 - __main__ - INFO - Test:   loss 0.8150 acc1 95.94% f1 95.49%
2026-03-11 01:13:02 - __main__ - INFO - 
Epoch 27/100 | lr 0.000462
2026-03-11 01:15:01 - __main__ - INFO - Train: loss 0.8383 acc1 95.29% f1 94.69%
2026-03-11 01:15:01 - __main__ - INFO - Test:   loss 0.7889 acc1 96.98% f1 96.61%
2026-03-11 01:15:01 - __main__ - INFO - 
Epoch 28/100 | lr 0.000457
2026-03-11 01:17:00 - __main__ - INFO - Train: loss 0.7905 acc1 96.94% f1 96.37%
2026-03-11 01:17:00 - __main__ - INFO - Test:   loss 1.0046 acc1 90.47% f1 89.04%
2026-03-11 01:17:00 - __main__ - INFO - 
Epoch 29/100 | lr 0.000452
2026-03-11 01:18:59 - __main__ - INFO - Train: loss 0.8026 acc1 96.78% f1 96.21%
2026-03-11 01:18:59 - __main__ - INFO - Test:   loss 0.8358 acc1 96.49% f1 96.11%
2026-03-11 01:18:59 - __main__ - INFO - 
Epoch 30/100 | lr 0.000447
2026-03-11 01:20:58 - __main__ - INFO - Train: loss 0.8362 acc1 95.70% f1 95.11%
2026-03-11 01:20:58 - __main__ - INFO - Test:   loss 0.9449 acc1 94.07% f1 93.08%
2026-03-11 01:20:58 - __main__ - INFO - 
Epoch 31/100 | lr 0.000442
2026-03-11 01:22:56 - __main__ - INFO - Train: loss 0.8177 acc1 96.74% f1 96.16%
2026-03-11 01:22:56 - __main__ - INFO - Test:   loss 0.8118 acc1 96.49% f1 96.00%
2026-03-11 01:22:56 - __main__ - INFO - 
Epoch 32/100 | lr 0.000436
2026-03-11 01:24:55 - __main__ - INFO - Train: loss 0.8671 acc1 95.58% f1 94.96%
2026-03-11 01:24:55 - __main__ - INFO - Test:   loss 0.8643 acc1 96.10% f1 95.74%
2026-03-11 01:24:55 - __main__ - INFO - 
Epoch 33/100 | lr 0.000430
2026-03-11 01:26:54 - __main__ - INFO - Train: loss 0.8351 acc1 96.55% f1 95.97%
2026-03-11 01:26:54 - __main__ - INFO - Test:   loss 0.8398 acc1 96.36% f1 96.02%
2026-03-11 01:26:54 - __main__ - INFO - 
Epoch 34/100 | lr 0.000424
2026-03-11 01:28:53 - __main__ - INFO - Train: loss 0.8376 acc1 96.79% f1 96.21%
2026-03-11 01:28:53 - __main__ - INFO - Test:   loss 0.8624 acc1 95.64% f1 95.13%
2026-03-11 01:28:53 - __main__ - INFO - 
Epoch 35/100 | lr 0.000417
2026-03-11 01:30:51 - __main__ - INFO - Train: loss 1.3583 acc1 75.73% f1 74.26%
2026-03-11 01:30:51 - __main__ - INFO - Test:   loss 1.4068 acc1 81.93% f1 78.19%
2026-03-11 01:30:51 - __main__ - INFO - 
Epoch 36/100 | lr 0.000411
2026-03-11 01:32:50 - __main__ - INFO - Train: loss 1.1086 acc1 88.53% f1 86.53%
2026-03-11 01:32:50 - __main__ - INFO - Test:   loss 1.0667 acc1 93.86% f1 93.68%
2026-03-11 01:32:50 - __main__ - INFO - 
Epoch 37/100 | lr 0.000404
2026-03-11 01:34:49 - __main__ - INFO - Train: loss 0.9961 acc1 92.39% f1 91.16%
2026-03-11 01:34:49 - __main__ - INFO - Test:   loss 1.2042 acc1 80.49% f1 77.18%
2026-03-11 01:34:49 - __main__ - INFO - 
Epoch 38/100 | lr 0.000397
2026-03-11 01:36:47 - __main__ - INFO - Train: loss 0.9473 acc1 94.22% f1 93.35%
2026-03-11 01:36:47 - __main__ - INFO - Test:   loss 0.9905 acc1 93.85% f1 93.24%
2026-03-11 01:36:47 - __main__ - INFO - 
Epoch 39/100 | lr 0.000390
2026-03-11 01:38:46 - __main__ - INFO - Train: loss 0.9466 acc1 94.27% f1 93.46%
2026-03-11 01:38:46 - __main__ - INFO - Test:   loss 1.0893 acc1 91.14% f1 89.71%
2026-03-11 01:38:46 - __main__ - INFO - 
Epoch 40/100 | lr 0.000383
2026-03-11 01:40:45 - __main__ - INFO - Train: loss 0.9437 acc1 94.67% f1 93.86%
2026-03-11 01:40:45 - __main__ - INFO - Test:   loss 0.9386 acc1 95.31% f1 94.94%
2026-03-11 01:40:45 - __main__ - INFO - 
Epoch 41/100 | lr 0.000375
2026-03-11 01:42:44 - __main__ - INFO - Train: loss 1.0050 acc1 92.55% f1 91.93%
2026-03-11 01:42:44 - __main__ - INFO - Test:   loss 1.4197 acc1 76.57% f1 72.76%
2026-03-11 01:42:44 - __main__ - INFO - 
Epoch 42/100 | lr 0.000368
2026-03-11 01:44:42 - __main__ - INFO - Train: loss 0.9564 acc1 93.82% f1 93.14%
2026-03-11 01:44:42 - __main__ - INFO - Test:   loss 1.0546 acc1 93.41% f1 92.74%
2026-03-11 01:44:42 - __main__ - INFO - 
Epoch 43/100 | lr 0.000360
2026-03-11 01:46:41 - __main__ - INFO - Train: loss 0.9975 acc1 93.06% f1 92.20%
2026-03-11 01:46:41 - __main__ - INFO - Test:   loss 1.0699 acc1 90.51% f1 89.26%
2026-03-11 01:46:41 - __main__ - INFO - 
Epoch 44/100 | lr 0.000352
2026-03-11 01:48:39 - __main__ - INFO - Train: loss 0.9722 acc1 94.16% f1 93.38%
2026-03-11 01:48:39 - __main__ - INFO - Test:   loss 1.0678 acc1 92.42% f1 91.98%
2026-03-11 01:48:39 - __main__ - INFO - 
Epoch 45/100 | lr 0.000344
2026-03-11 01:50:38 - __main__ - INFO - Train: loss 0.9411 acc1 94.89% f1 94.10%
2026-03-11 01:50:38 - __main__ - INFO - Test:   loss 1.0823 acc1 89.56% f1 88.18%
2026-03-11 01:50:38 - __main__ - INFO - 
Epoch 46/100 | lr 0.000336
2026-03-11 01:52:37 - __main__ - INFO - Train: loss 0.9480 acc1 95.09% f1 94.34%
2026-03-11 01:52:37 - __main__ - INFO - Test:   loss 0.9945 acc1 92.71% f1 92.08%
2026-03-11 01:52:37 - __main__ - INFO - 
Epoch 47/100 | lr 0.000328
2026-03-11 01:54:35 - __main__ - INFO - Train: loss 1.0491 acc1 90.68% f1 89.75%
2026-03-11 01:54:35 - __main__ - INFO - Test:   loss 1.0244 acc1 93.24% f1 92.86%
2026-03-11 01:54:35 - __main__ - INFO - 
Epoch 48/100 | lr 0.000319
2026-03-11 01:56:34 - __main__ - INFO - Train: loss 0.9427 acc1 94.85% f1 94.07%
2026-03-11 01:56:34 - __main__ - INFO - Test:   loss 0.9710 acc1 94.95% f1 94.51%
2026-03-11 01:56:34 - __main__ - INFO - 
Epoch 49/100 | lr 0.000311
2026-03-11 01:58:33 - __main__ - INFO - Train: loss 1.0041 acc1 92.69% f1 91.77%
2026-03-11 01:58:33 - __main__ - INFO - Test:   loss 1.0420 acc1 90.93% f1 89.88%
2026-03-11 01:58:33 - __main__ - INFO - 
Epoch 50/100 | lr 0.000302
2026-03-11 02:00:31 - __main__ - INFO - Train: loss 0.9476 acc1 94.47% f1 93.66%
2026-03-11 02:00:31 - __main__ - INFO - Test:   loss 0.9531 acc1 93.63% f1 93.09%
2026-03-11 02:00:31 - __main__ - INFO - 
Epoch 51/100 | lr 0.000294
2026-03-11 02:02:30 - __main__ - INFO - Train: loss 1.0012 acc1 91.92% f1 91.00%
2026-03-11 02:02:30 - __main__ - INFO - Test:   loss 0.9726 acc1 93.71% f1 93.09%
2026-03-11 02:02:30 - __main__ - INFO - 
Epoch 52/100 | lr 0.000285
2026-03-11 02:04:28 - __main__ - INFO - Train: loss 0.9445 acc1 94.46% f1 93.60%
2026-03-11 02:04:28 - __main__ - INFO - Test:   loss 0.9726 acc1 92.55% f1 92.16%
2026-03-11 02:04:28 - __main__ - INFO - 
Epoch 53/100 | lr 0.000277
2026-03-11 02:06:27 - __main__ - INFO - Train: loss 0.9283 acc1 94.76% f1 93.98%
2026-03-11 02:06:27 - __main__ - INFO - Test:   loss 0.9535 acc1 93.11% f1 92.64%
2026-03-11 02:06:27 - __main__ - INFO - 
Epoch 54/100 | lr 0.000268
2026-03-11 02:08:25 - __main__ - INFO - Train: loss 1.1260 acc1 88.18% f1 87.67%
2026-03-11 02:08:25 - __main__ - INFO - Test:   loss 2.8374 acc1 28.91% f1 14.61%
2026-03-11 02:08:25 - __main__ - INFO - 
Epoch 55/100 | lr 0.000259
2026-03-11 02:10:24 - __main__ - INFO - Train: loss 2.2900 acc1 40.34% f1 28.69%
2026-03-11 02:10:24 - __main__ - INFO - Test:   loss 1.5933 acc1 66.59% f1 60.95%
2026-03-11 02:10:24 - __main__ - INFO - 
Epoch 56/100 | lr 0.000250
2026-03-11 02:12:22 - __main__ - INFO - Train: loss 1.0678 acc1 88.80% f1 87.63%
2026-03-11 02:12:22 - __main__ - INFO - Test:   loss 1.1837 acc1 84.43% f1 82.50%
2026-03-11 02:12:22 - __main__ - INFO - 
Epoch 57/100 | lr 0.000242
2026-03-11 02:14:21 - __main__ - INFO - Train: loss 0.9610 acc1 93.58% f1 92.68%
2026-03-11 02:14:21 - __main__ - INFO - Test:   loss 1.1597 acc1 83.21% f1 81.09%
2026-03-11 02:14:21 - __main__ - INFO - 
Epoch 58/100 | lr 0.000233
2026-03-11 02:16:20 - __main__ - INFO - Train: loss 0.9344 acc1 94.34% f1 93.59%
2026-03-11 02:16:20 - __main__ - INFO - Test:   loss 0.9369 acc1 94.13% f1 93.78%
2026-03-11 02:16:20 - __main__ - INFO - 
Epoch 59/100 | lr 0.000224
2026-03-11 02:18:18 - __main__ - INFO - Train: loss 0.9128 acc1 94.62% f1 93.87%
2026-03-11 02:18:18 - __main__ - INFO - Test:   loss 1.0060 acc1 91.84% f1 91.14%
2026-03-11 02:18:18 - __main__ - INFO - 
Epoch 60/100 | lr 0.000216
2026-03-11 02:20:17 - __main__ - INFO - Train: loss 0.9769 acc1 91.43% f1 90.50%
2026-03-11 02:20:17 - __main__ - INFO - Test:   loss 1.0666 acc1 87.32% f1 84.92%
2026-03-11 02:20:17 - __main__ - INFO - 
Epoch 61/100 | lr 0.000207
2026-03-11 02:22:15 - __main__ - INFO - Train: loss 0.9345 acc1 93.54% f1 92.66%
2026-03-11 02:22:15 - __main__ - INFO - Test:   loss 0.9812 acc1 93.00% f1 91.97%
2026-03-11 02:22:15 - __main__ - INFO - 
Epoch 62/100 | lr 0.000199
2026-03-11 02:24:14 - __main__ - INFO - Train: loss 0.9072 acc1 94.38% f1 93.61%
2026-03-11 02:24:14 - __main__ - INFO - Test:   loss 0.9975 acc1 90.66% f1 89.92%
2026-03-11 02:24:14 - __main__ - INFO - 
Epoch 63/100 | lr 0.000190
2026-03-11 02:26:13 - __main__ - INFO - Train: loss 0.9063 acc1 94.32% f1 93.52%
2026-03-11 02:26:13 - __main__ - INFO - Test:   loss 0.9447 acc1 92.96% f1 92.54%
2026-03-11 02:26:13 - __main__ - INFO - 
Epoch 64/100 | lr 0.000182
2026-03-11 02:28:11 - __main__ - INFO - Train: loss 0.8901 acc1 94.99% f1 94.25%
2026-03-11 02:28:11 - __main__ - INFO - Test:   loss 0.9684 acc1 90.55% f1 88.76%
2026-03-11 02:28:11 - __main__ - INFO - 
Epoch 65/100 | lr 0.000173
2026-03-11 02:30:10 - __main__ - INFO - Train: loss 0.9048 acc1 94.11% f1 93.32%
2026-03-11 02:30:10 - __main__ - INFO - Test:   loss 0.9612 acc1 92.48% f1 92.02%
2026-03-11 02:30:10 - __main__ - INFO - 
Epoch 66/100 | lr 0.000165
2026-03-11 02:32:08 - __main__ - INFO - Train: loss 0.9007 acc1 94.19% f1 93.37%
2026-03-11 02:32:08 - __main__ - INFO - Test:   loss 0.9556 acc1 94.62% f1 94.04%
2026-03-11 02:32:08 - __main__ - INFO - 
Epoch 67/100 | lr 0.000157
2026-03-11 02:34:07 - __main__ - INFO - Train: loss 0.8784 acc1 94.95% f1 94.21%
2026-03-11 02:34:07 - __main__ - INFO - Test:   loss 0.9189 acc1 93.79% f1 93.42%
2026-03-11 02:34:07 - __main__ - INFO - 
Epoch 68/100 | lr 0.000149
2026-03-11 02:36:06 - __main__ - INFO - Train: loss 0.8720 acc1 95.33% f1 94.66%
2026-03-11 02:36:06 - __main__ - INFO - Test:   loss 0.8925 acc1 93.86% f1 93.66%
2026-03-11 02:36:06 - __main__ - INFO - 
Epoch 69/100 | lr 0.000141
2026-03-11 02:38:04 - __main__ - INFO - Train: loss 0.8623 acc1 95.31% f1 94.56%
2026-03-11 02:38:04 - __main__ - INFO - Test:   loss 0.8708 acc1 95.54% f1 95.09%
2026-03-11 02:38:04 - __main__ - INFO - 
Epoch 70/100 | lr 0.000133
2026-03-11 02:40:03 - __main__ - INFO - Train: loss 0.8573 acc1 95.45% f1 94.78%
2026-03-11 02:40:03 - __main__ - INFO - Test:   loss 0.8707 acc1 95.40% f1 95.08%
2026-03-11 02:40:03 - __main__ - INFO - 
Epoch 71/100 | lr 0.000126
2026-03-11 02:42:01 - __main__ - INFO - Train: loss 0.8658 acc1 95.38% f1 94.70%
2026-03-11 02:42:01 - __main__ - INFO - Test:   loss 0.8499 acc1 95.07% f1 94.64%
2026-03-11 02:42:01 - __main__ - INFO - 
Epoch 72/100 | lr 0.000118
2026-03-11 02:44:00 - __main__ - INFO - Train: loss 0.8733 acc1 94.87% f1 94.15%
2026-03-11 02:44:00 - __main__ - INFO - Test:   loss 0.8602 acc1 95.97% f1 95.57%
2026-03-11 02:44:00 - __main__ - INFO - 
Epoch 73/100 | lr 0.000111
2026-03-11 02:45:59 - __main__ - INFO - Train: loss 0.8429 acc1 95.67% f1 95.01%
2026-03-11 02:45:59 - __main__ - INFO - Test:   loss 0.8877 acc1 94.88% f1 94.59%
2026-03-11 02:45:59 - __main__ - INFO - 
Epoch 74/100 | lr 0.000104
2026-03-11 02:47:57 - __main__ - INFO - Train: loss 0.8635 acc1 95.33% f1 94.67%
2026-03-11 02:47:57 - __main__ - INFO - Test:   loss 0.8685 acc1 94.71% f1 94.37%
2026-03-11 02:47:57 - __main__ - INFO - 
Epoch 75/100 | lr 0.000097
2026-03-11 02:49:56 - __main__ - INFO - Train: loss 0.8393 acc1 95.65% f1 95.01%
2026-03-11 02:49:56 - __main__ - INFO - Test:   loss 0.8544 acc1 94.72% f1 94.42%
2026-03-11 02:49:56 - __main__ - INFO - 
Epoch 76/100 | lr 0.000090
2026-03-11 02:51:54 - __main__ - INFO - Train: loss 0.8358 acc1 95.97% f1 95.30%
2026-03-11 02:51:54 - __main__ - INFO - Test:   loss 0.9474 acc1 92.77% f1 92.29%
2026-03-11 02:51:54 - __main__ - INFO - 
Epoch 77/100 | lr 0.000084
2026-03-11 02:53:53 - __main__ - INFO - Train: loss 0.8326 acc1 95.98% f1 95.36%
2026-03-11 02:53:53 - __main__ - INFO - Test:   loss 0.8344 acc1 95.37% f1 94.94%
2026-03-11 02:53:53 - __main__ - INFO - 
Epoch 78/100 | lr 0.000077
2026-03-11 02:55:51 - __main__ - INFO - Train: loss 0.8295 acc1 96.08% f1 95.60%
2026-03-11 02:55:51 - __main__ - INFO - Test:   loss 1.9594 acc1 52.07% f1 47.61%
2026-03-11 02:55:51 - __main__ - INFO - 
Epoch 79/100 | lr 0.000071
2026-03-11 02:57:50 - __main__ - INFO - Train: loss 0.8801 acc1 94.14% f1 93.54%
2026-03-11 02:57:50 - __main__ - INFO - Test:   loss 0.8893 acc1 94.99% f1 94.54%
2026-03-11 02:57:50 - __main__ - INFO - 
Epoch 80/100 | lr 0.000065
2026-03-11 02:59:49 - __main__ - INFO - Train: loss 0.8359 acc1 95.73% f1 95.06%
2026-03-11 02:59:49 - __main__ - INFO - Test:   loss 0.8441 acc1 94.36% f1 93.97%
2026-03-11 02:59:49 - __main__ - INFO - 
Epoch 81/100 | lr 0.000059
2026-03-11 03:01:47 - __main__ - INFO - Train: loss 0.8159 acc1 96.26% f1 95.63%
2026-03-11 03:01:47 - __main__ - INFO - Test:   loss 0.8323 acc1 95.93% f1 95.62%
2026-03-11 03:01:47 - __main__ - INFO - 
Epoch 82/100 | lr 0.000054
2026-03-11 03:03:46 - __main__ - INFO - Train: loss 0.8173 acc1 96.35% f1 95.76%
2026-03-11 03:03:46 - __main__ - INFO - Test:   loss 0.8462 acc1 96.00% f1 95.64%
2026-03-11 03:03:46 - __main__ - INFO - 
Epoch 83/100 | lr 0.000049
2026-03-11 03:05:45 - __main__ - INFO - Train: loss 0.8129 acc1 96.49% f1 95.88%
2026-03-11 03:05:45 - __main__ - INFO - Test:   loss 0.8321 acc1 95.11% f1 94.63%
2026-03-11 03:05:45 - __main__ - INFO - 
Epoch 84/100 | lr 0.000044
2026-03-11 03:07:43 - __main__ - INFO - Train: loss 0.8113 acc1 96.44% f1 95.96%
2026-03-11 03:07:43 - __main__ - INFO - Test:   loss 0.8711 acc1 95.78% f1 95.37%
2026-03-11 03:07:43 - __main__ - INFO - 
Epoch 85/100 | lr 0.000039
2026-03-11 03:09:42 - __main__ - INFO - Train: loss 0.8095 acc1 96.58% f1 96.01%
2026-03-11 03:09:42 - __main__ - INFO - Test:   loss 0.8512 acc1 95.54% f1 95.25%
2026-03-11 03:09:42 - __main__ - INFO - 
Epoch 86/100 | lr 0.000034
2026-03-11 03:11:41 - __main__ - INFO - Train: loss 0.8095 acc1 96.59% f1 96.01%
2026-03-11 03:11:41 - __main__ - INFO - Test:   loss 0.8233 acc1 96.03% f1 95.65%
2026-03-11 03:11:41 - __main__ - INFO - 
Epoch 87/100 | lr 0.000030
2026-03-11 03:13:39 - __main__ - INFO - Train: loss 0.7993 acc1 96.82% f1 96.25%
2026-03-11 03:13:39 - __main__ - INFO - Test:   loss 0.8178 acc1 96.13% f1 95.70%
2026-03-11 03:13:39 - __main__ - INFO - 
Epoch 88/100 | lr 0.000026
2026-03-11 03:15:38 - __main__ - INFO - Train: loss 0.7994 acc1 96.81% f1 96.22%
2026-03-11 03:15:38 - __main__ - INFO - Test:   loss 0.8430 acc1 94.95% f1 94.59%
2026-03-11 03:15:38 - __main__ - INFO - 
Epoch 89/100 | lr 0.000023
2026-03-11 03:17:36 - __main__ - INFO - Train: loss 0.7973 acc1 96.93% f1 96.33%
2026-03-11 03:17:36 - __main__ - INFO - Test:   loss 0.8135 acc1 96.00% f1 95.66%
2026-03-11 03:17:36 - __main__ - INFO - 
Epoch 90/100 | lr 0.000019
2026-03-11 03:19:35 - __main__ - INFO - Train: loss 0.7956 acc1 96.70% f1 96.10%
2026-03-11 03:19:35 - __main__ - INFO - Test:   loss 0.8087 acc1 95.87% f1 95.47%
2026-03-11 03:19:35 - __main__ - INFO - 
Epoch 91/100 | lr 0.000016
2026-03-11 03:21:34 - __main__ - INFO - Train: loss 0.7945 acc1 96.83% f1 96.25%
2026-03-11 03:21:34 - __main__ - INFO - Test:   loss 0.8149 acc1 96.00% f1 95.62%
2026-03-11 03:21:34 - __main__ - INFO - 
Epoch 92/100 | lr 0.000013
2026-03-11 03:23:32 - __main__ - INFO - Train: loss 0.7930 acc1 96.86% f1 96.26%
2026-03-11 03:23:32 - __main__ - INFO - Test:   loss 0.8100 acc1 95.97% f1 95.54%
2026-03-11 03:23:32 - __main__ - INFO - 
Epoch 93/100 | lr 0.000011
2026-03-11 03:25:31 - __main__ - INFO - Train: loss 0.7909 acc1 96.79% f1 96.20%
2026-03-11 03:25:31 - __main__ - INFO - Test:   loss 0.8081 acc1 96.13% f1 95.76%
2026-03-11 03:25:31 - __main__ - INFO - 
Epoch 94/100 | lr 0.000008
2026-03-11 03:27:30 - __main__ - INFO - Train: loss 0.7910 acc1 96.94% f1 96.35%
2026-03-11 03:27:30 - __main__ - INFO - Test:   loss 0.8082 acc1 96.13% f1 95.70%
2026-03-11 03:27:30 - __main__ - INFO - 
Epoch 95/100 | lr 0.000006
2026-03-11 03:29:28 - __main__ - INFO - Train: loss 0.7902 acc1 96.81% f1 96.20%
2026-03-11 03:29:28 - __main__ - INFO - Test:   loss 0.8073 acc1 95.87% f1 95.47%
2026-03-11 03:29:28 - __main__ - INFO - 
Epoch 96/100 | lr 0.000005
2026-03-11 03:31:27 - __main__ - INFO - Train: loss 0.7898 acc1 97.02% f1 96.45%
2026-03-11 03:31:27 - __main__ - INFO - Test:   loss 0.8067 acc1 95.87% f1 95.47%
2026-03-11 03:31:27 - __main__ - INFO - 
Epoch 97/100 | lr 0.000003
2026-03-11 03:33:25 - __main__ - INFO - Train: loss 0.7882 acc1 96.96% f1 96.38%
2026-03-11 03:33:25 - __main__ - INFO - Test:   loss 0.8064 acc1 95.87% f1 95.47%
2026-03-11 03:33:25 - __main__ - INFO - 
Epoch 98/100 | lr 0.000002
2026-03-11 03:35:24 - __main__ - INFO - Train: loss 0.7880 acc1 97.01% f1 96.42%
2026-03-11 03:35:24 - __main__ - INFO - Test:   loss 0.8063 acc1 96.26% f1 95.87%
2026-03-11 03:35:24 - __main__ - INFO - 
Epoch 99/100 | lr 0.000002
2026-03-11 03:37:23 - __main__ - INFO - Train: loss 0.7878 acc1 96.97% f1 96.39%
2026-03-11 03:37:23 - __main__ - INFO - Test:   loss 0.8056 acc1 95.97% f1 95.63%
2026-03-11 03:37:23 - __main__ - INFO - 
Epoch 100/100 | lr 0.000001
2026-03-11 03:39:21 - __main__ - INFO - Train: loss 0.7875 acc1 96.98% f1 96.40%
2026-03-11 03:39:21 - __main__ - INFO - Test:   loss 0.8053 acc1 95.87% f1 95.47%
2026-03-11 03:39:27 - __main__ - INFO - 
Best tracked (test): 97.51%
2026-03-11 03:39:27 - __main__ - INFO - Final test: loss 0.8053 acc1 95.87% f1 95.47%
2026-03-11 03:39:28 - __main__ - INFO - Variant [original] done — test acc 95.87%, test F1 95.47%, test loss 0.8053
2026-03-11 03:39:28 - __main__ - INFO - 
============================================================
2026-03-11 03:39:28 - __main__ - INFO - Training output model (vit_b_16) on variant: random
2026-03-11 03:39:28 - __main__ - INFO -   Resolved config → lr=0.0005, wd=0.05, bs=32, epochs=100, scheduler=cosine, warmup=10
2026-03-11 03:39:28 - __main__ - INFO -   Eval split during training is forced to original test for fair comparability
2026-03-11 03:39:28 - __main__ - INFO - ============================================================
2026-03-11 03:39:28 - __main__ - INFO - device: cuda | cuda: True | gpu: NVIDIA L4
2026-03-11 03:39:29 - __main__ - INFO - Model: vit_b_16 | Dataset: malimg | Classes: 25
2026-03-11 03:39:29 - __main__ - INFO - 
Epoch 1/100 | lr 0.000000
2026-03-11 03:41:28 - __main__ - INFO - Train: loss 3.1764 acc1 13.78% f1 13.38%
2026-03-11 03:41:28 - __main__ - INFO - Test:   loss 3.4046 acc1 3.71% f1 0.69%
2026-03-11 03:41:28 - __main__ - INFO - saved best: 3.71%
2026-03-11 03:41:28 - __main__ - INFO - 
Epoch 2/100 | lr 0.000050
2026-03-11 03:43:27 - __main__ - INFO - Train: loss 2.1394 acc1 45.03% f1 34.51%
2026-03-11 03:43:27 - __main__ - INFO - Test:   loss 2.9631 acc1 3.12% f1 1.94%
2026-03-11 03:43:27 - __main__ - INFO - 
Epoch 3/100 | lr 0.000100
2026-03-11 03:45:26 - __main__ - INFO - Train: loss 1.4441 acc1 71.19% f1 67.29%
2026-03-11 03:45:26 - __main__ - INFO - Test:   loss 2.8915 acc1 15.43% f1 10.42%
2026-03-11 03:45:26 - __main__ - INFO - saved best: 15.43%
2026-03-11 03:45:26 - __main__ - INFO - 
Epoch 4/100 | lr 0.000150
2026-03-11 03:47:25 - __main__ - INFO - Train: loss 1.1320 acc1 83.39% f1 81.54%
2026-03-11 03:47:25 - __main__ - INFO - Test:   loss 2.9725 acc1 7.10% f1 6.56%
2026-03-11 03:47:25 - __main__ - INFO - 
Epoch 5/100 | lr 0.000200
2026-03-11 03:49:24 - __main__ - INFO - Train: loss 0.9491 acc1 90.64% f1 89.53%
2026-03-11 03:49:24 - __main__ - INFO - Test:   loss 3.0201 acc1 6.14% f1 4.68%
2026-03-11 03:49:24 - __main__ - INFO - 
Epoch 6/100 | lr 0.000250
2026-03-11 03:51:22 - __main__ - INFO - Train: loss 0.8855 acc1 92.11% f1 91.21%
2026-03-11 03:51:22 - __main__ - INFO - Test:   loss 2.9402 acc1 7.63% f1 7.13%
2026-03-11 03:51:22 - __main__ - INFO - 
Epoch 7/100 | lr 0.000300
2026-03-11 03:53:21 - __main__ - INFO - Train: loss 0.8459 acc1 93.28% f1 92.43%
2026-03-11 03:53:21 - __main__ - INFO - Test:   loss 2.9380 acc1 7.02% f1 6.14%
2026-03-11 03:53:21 - __main__ - INFO - 
Epoch 8/100 | lr 0.000350
2026-03-11 03:55:20 - __main__ - INFO - Train: loss 0.8021 acc1 94.51% f1 93.75%
2026-03-11 03:55:20 - __main__ - INFO - Test:   loss 2.9937 acc1 6.86% f1 5.98%
2026-03-11 03:55:20 - __main__ - INFO - 
Epoch 9/100 | lr 0.000400
2026-03-11 03:57:19 - __main__ - INFO - Train: loss 0.7900 acc1 95.05% f1 94.35%
2026-03-11 03:57:19 - __main__ - INFO - Test:   loss 2.8677 acc1 8.72% f1 7.45%
2026-03-11 03:57:19 - __main__ - INFO - 
Epoch 10/100 | lr 0.000450
2026-03-11 03:59:18 - __main__ - INFO - Train: loss 0.7834 acc1 94.95% f1 94.27%
2026-03-11 03:59:18 - __main__ - INFO - Test:   loss 2.8549 acc1 8.73% f1 7.06%
2026-03-11 03:59:18 - __main__ - INFO - 
Epoch 11/100 | lr 0.000500
2026-03-11 04:01:16 - __main__ - INFO - Train: loss 0.8029 acc1 94.19% f1 93.43%
2026-03-11 04:01:16 - __main__ - INFO - Test:   loss 2.6982 acc1 10.10% f1 8.98%
2026-03-11 04:01:16 - __main__ - INFO - 
Epoch 12/100 | lr 0.000500
2026-03-11 04:03:15 - __main__ - INFO - Train: loss 0.7560 acc1 95.89% f1 95.18%
2026-03-11 04:03:15 - __main__ - INFO - Test:   loss 2.8564 acc1 9.18% f1 7.88%
2026-03-11 04:03:15 - __main__ - INFO - 
Epoch 13/100 | lr 0.000499
2026-03-11 04:05:14 - __main__ - INFO - Train: loss 0.7574 acc1 95.85% f1 95.32%
2026-03-11 04:05:14 - __main__ - INFO - Test:   loss 2.7994 acc1 7.87% f1 6.75%
2026-03-11 04:05:14 - __main__ - INFO - 
Epoch 14/100 | lr 0.000499
2026-03-11 04:07:13 - __main__ - INFO - Train: loss 0.7653 acc1 95.62% f1 94.93%
2026-03-11 04:07:13 - __main__ - INFO - Test:   loss 2.8656 acc1 8.29% f1 7.38%
2026-03-11 04:07:13 - __main__ - INFO - 
Epoch 15/100 | lr 0.000498
2026-03-11 04:09:12 - __main__ - INFO - Train: loss 0.7786 acc1 94.97% f1 94.29%
2026-03-11 04:09:12 - __main__ - INFO - Test:   loss 2.7245 acc1 9.02% f1 7.48%
2026-03-11 04:09:12 - __main__ - INFO - 
Epoch 16/100 | lr 0.000496
2026-03-11 04:11:10 - __main__ - INFO - Train: loss 0.7809 acc1 94.93% f1 94.19%
2026-03-11 04:11:10 - __main__ - INFO - Test:   loss 2.7201 acc1 8.13% f1 7.02%
2026-03-11 04:11:10 - __main__ - INFO - 
Epoch 17/100 | lr 0.000495
2026-03-11 04:13:09 - __main__ - INFO - Train: loss 0.7523 acc1 96.02% f1 95.34%
2026-03-11 04:13:09 - __main__ - INFO - Test:   loss 3.0127 acc1 6.58% f1 5.81%
2026-03-11 04:13:09 - __main__ - INFO - 
Epoch 18/100 | lr 0.000493
2026-03-11 04:15:08 - __main__ - INFO - Train: loss 0.7664 acc1 95.90% f1 95.25%
2026-03-11 04:15:08 - __main__ - INFO - Test:   loss 2.7931 acc1 7.27% f1 6.83%
2026-03-11 04:15:08 - __main__ - INFO - 
Epoch 19/100 | lr 0.000490
2026-03-11 04:17:07 - __main__ - INFO - Train: loss 0.7651 acc1 95.93% f1 95.39%
2026-03-11 04:17:07 - __main__ - INFO - Test:   loss 3.0965 acc1 8.39% f1 7.88%
2026-03-11 04:17:07 - __main__ - INFO - 
Epoch 20/100 | lr 0.000488
2026-03-11 04:19:06 - __main__ - INFO - Train: loss 0.8714 acc1 93.23% f1 92.45%
2026-03-11 04:19:06 - __main__ - INFO - Test:   loss 2.8952 acc1 6.75% f1 5.92%
2026-03-11 04:19:06 - __main__ - INFO - 
Epoch 21/100 | lr 0.000485
2026-03-11 04:21:04 - __main__ - INFO - Train: loss 0.7733 acc1 95.81% f1 95.12%
2026-03-11 04:21:04 - __main__ - INFO - Test:   loss 2.9086 acc1 6.37% f1 6.32%
2026-03-11 04:21:04 - __main__ - INFO - 
Epoch 22/100 | lr 0.000482
2026-03-11 04:23:03 - __main__ - INFO - Train: loss 0.7873 acc1 95.77% f1 95.06%
2026-03-11 04:23:03 - __main__ - INFO - Test:   loss 2.9381 acc1 7.13% f1 7.13%
2026-03-11 04:23:03 - __main__ - INFO - 
Epoch 23/100 | lr 0.000478
2026-03-11 04:25:02 - __main__ - INFO - Train: loss 0.7916 acc1 95.59% f1 94.85%
2026-03-11 04:25:02 - __main__ - INFO - Test:   loss 2.9286 acc1 7.47% f1 6.50%
2026-03-11 04:25:02 - __main__ - INFO - 
Epoch 24/100 | lr 0.000475
2026-03-11 04:27:01 - __main__ - INFO - Train: loss 0.8194 acc1 94.79% f1 94.03%
2026-03-11 04:27:01 - __main__ - INFO - Test:   loss 3.0218 acc1 5.25% f1 4.74%
2026-03-11 04:27:01 - __main__ - INFO - 
Epoch 25/100 | lr 0.000471
2026-03-11 04:29:00 - __main__ - INFO - Train: loss 0.8222 acc1 94.87% f1 94.12%
2026-03-11 04:29:00 - __main__ - INFO - Test:   loss 2.9448 acc1 5.44% f1 4.96%
2026-03-11 04:29:00 - __main__ - INFO - 
Epoch 26/100 | lr 0.000467
2026-03-11 04:30:58 - __main__ - INFO - Train: loss 0.8061 acc1 95.86% f1 95.17%
2026-03-11 04:30:58 - __main__ - INFO - Test:   loss 3.0523 acc1 7.25% f1 6.18%
2026-03-11 04:30:58 - __main__ - INFO - 
Epoch 27/100 | lr 0.000462
2026-03-11 04:32:57 - __main__ - INFO - Train: loss 0.8949 acc1 93.00% f1 92.21%
2026-03-11 04:32:57 - __main__ - INFO - Test:   loss 2.9418 acc1 6.04% f1 5.17%
2026-03-11 04:32:57 - __main__ - INFO - 
Epoch 28/100 | lr 0.000457
2026-03-11 04:34:56 - __main__ - INFO - Train: loss 0.8818 acc1 93.62% f1 92.71%
2026-03-11 04:34:56 - __main__ - INFO - Test:   loss 3.0340 acc1 4.68% f1 4.28%
2026-03-11 04:34:56 - __main__ - INFO - 
Epoch 29/100 | lr 0.000452
2026-03-11 04:36:55 - __main__ - INFO - Train: loss 0.8364 acc1 95.25% f1 94.50%
2026-03-11 04:36:55 - __main__ - INFO - Test:   loss 2.9610 acc1 5.20% f1 4.58%
2026-03-11 04:36:55 - __main__ - INFO - 
Epoch 30/100 | lr 0.000447
2026-03-11 04:38:54 - __main__ - INFO - Train: loss 0.8714 acc1 94.27% f1 93.46%
2026-03-11 04:38:54 - __main__ - INFO - Test:   loss 3.0416 acc1 4.68% f1 4.10%
2026-03-11 04:38:54 - __main__ - INFO - 
Epoch 31/100 | lr 0.000442
2026-03-11 04:40:52 - __main__ - INFO - Train: loss 0.8717 acc1 94.35% f1 93.47%
2026-03-11 04:40:52 - __main__ - INFO - Test:   loss 3.0587 acc1 3.95% f1 3.21%
2026-03-11 04:40:52 - __main__ - INFO - 
Epoch 32/100 | lr 0.000436
2026-03-11 04:42:51 - __main__ - INFO - Train: loss 0.9197 acc1 93.15% f1 92.29%
2026-03-11 04:42:51 - __main__ - INFO - Test:   loss 3.0484 acc1 5.87% f1 4.98%
2026-03-11 04:42:51 - __main__ - INFO - 
Epoch 33/100 | lr 0.000430
2026-03-11 04:44:50 - __main__ - INFO - Train: loss 1.0009 acc1 90.75% f1 89.75%
2026-03-11 04:44:50 - __main__ - INFO - Test:   loss 2.9658 acc1 2.97% f1 2.40%
2026-03-11 04:44:50 - __main__ - INFO - 
Epoch 34/100 | lr 0.000424
2026-03-11 04:46:48 - __main__ - INFO - Train: loss 0.9026 acc1 94.23% f1 93.39%
2026-03-11 04:46:48 - __main__ - INFO - Test:   loss 3.0096 acc1 3.69% f1 2.94%
2026-03-11 04:46:48 - __main__ - INFO - 
Epoch 35/100 | lr 0.000417
2026-03-11 04:48:47 - __main__ - INFO - Train: loss 0.9410 acc1 93.43% f1 92.48%
2026-03-11 04:48:47 - __main__ - INFO - Test:   loss 2.9653 acc1 3.33% f1 2.53%
2026-03-11 04:48:47 - __main__ - INFO - 
Epoch 36/100 | lr 0.000411
2026-03-11 04:50:46 - __main__ - INFO - Train: loss 0.9431 acc1 93.43% f1 92.50%
2026-03-11 04:50:46 - __main__ - INFO - Test:   loss 2.9281 acc1 3.49% f1 2.57%
2026-03-11 04:50:46 - __main__ - INFO - 
Epoch 37/100 | lr 0.000404
2026-03-11 04:52:44 - __main__ - INFO - Train: loss 0.9552 acc1 93.48% f1 92.55%
2026-03-11 04:52:44 - __main__ - INFO - Test:   loss 2.9155 acc1 3.75% f1 3.10%
2026-03-11 04:52:44 - __main__ - INFO - 
Epoch 38/100 | lr 0.000397
2026-03-11 04:54:43 - __main__ - INFO - Train: loss 1.0346 acc1 90.44% f1 89.33%
2026-03-11 04:54:43 - __main__ - INFO - Test:   loss 2.9086 acc1 3.33% f1 2.68%
2026-03-11 04:54:43 - __main__ - INFO - 
Epoch 39/100 | lr 0.000390
2026-03-11 04:56:42 - __main__ - INFO - Train: loss 1.1219 acc1 87.33% f1 86.12%
2026-03-11 04:56:42 - __main__ - INFO - Test:   loss 2.6037 acc1 34.38% f1 32.75%
2026-03-11 04:56:42 - __main__ - INFO - saved best: 34.38%
2026-03-11 04:56:42 - __main__ - INFO - 
Epoch 40/100 | lr 0.000383
2026-03-11 04:58:40 - __main__ - INFO - Train: loss 0.9691 acc1 93.08% f1 92.03%
2026-03-11 04:58:40 - __main__ - INFO - Test:   loss 2.7224 acc1 29.71% f1 32.13%
2026-03-11 04:58:40 - __main__ - INFO - 
Epoch 41/100 | lr 0.000375
2026-03-11 05:00:39 - __main__ - INFO - Train: loss 1.0094 acc1 92.16% f1 91.05%
2026-03-11 05:00:39 - __main__ - INFO - Test:   loss 2.7651 acc1 18.00% f1 23.00%
2026-03-11 05:00:39 - __main__ - INFO - 
Epoch 42/100 | lr 0.000368
2026-03-11 05:02:38 - __main__ - INFO - Train: loss 1.0226 acc1 91.51% f1 90.46%
2026-03-11 05:02:38 - __main__ - INFO - Test:   loss 2.6598 acc1 30.77% f1 32.56%
2026-03-11 05:02:38 - __main__ - INFO - 
Epoch 43/100 | lr 0.000360
2026-03-11 05:04:36 - __main__ - INFO - Train: loss 0.9884 acc1 92.87% f1 91.65%
2026-03-11 05:04:36 - __main__ - INFO - Test:   loss 2.8148 acc1 3.91% f1 3.62%
2026-03-11 05:04:36 - __main__ - INFO - 
Epoch 44/100 | lr 0.000352
2026-03-11 05:06:35 - __main__ - INFO - Train: loss 1.0554 acc1 90.36% f1 89.07%
2026-03-11 05:06:35 - __main__ - INFO - Test:   loss 2.7435 acc1 15.27% f1 20.36%
2026-03-11 05:06:35 - __main__ - INFO - 
Epoch 45/100 | lr 0.000344
2026-03-11 05:08:34 - __main__ - INFO - Train: loss 1.0229 acc1 91.36% f1 90.07%
2026-03-11 05:08:34 - __main__ - INFO - Test:   loss 2.7307 acc1 31.05% f1 30.97%
2026-03-11 05:08:34 - __main__ - INFO - 
Epoch 46/100 | lr 0.000336
2026-03-11 05:10:32 - __main__ - INFO - Train: loss 1.0501 acc1 90.31% f1 89.19%
2026-03-11 05:10:32 - __main__ - INFO - Test:   loss 2.6255 acc1 35.35% f1 25.53%
2026-03-11 05:10:32 - __main__ - INFO - saved best: 35.35%
2026-03-11 05:10:32 - __main__ - INFO - 
Epoch 47/100 | lr 0.000328
2026-03-11 05:12:31 - __main__ - INFO - Train: loss 1.0308 acc1 91.34% f1 90.13%
2026-03-11 05:12:31 - __main__ - INFO - Test:   loss 2.7359 acc1 14.88% f1 20.00%
2026-03-11 05:12:31 - __main__ - INFO - 
Epoch 48/100 | lr 0.000319
2026-03-11 05:14:30 - __main__ - INFO - Train: loss 1.0555 acc1 90.45% f1 88.88%
2026-03-11 05:14:30 - __main__ - INFO - Test:   loss 2.7056 acc1 30.70% f1 31.71%
2026-03-11 05:14:30 - __main__ - INFO - 
Epoch 49/100 | lr 0.000311
2026-03-11 05:16:28 - __main__ - INFO - Train: loss 0.9992 acc1 92.32% f1 90.92%
2026-03-11 05:16:28 - __main__ - INFO - Test:   loss 2.7452 acc1 32.07% f1 33.50%
2026-03-11 05:16:28 - __main__ - INFO - 
Epoch 50/100 | lr 0.000302
2026-03-11 05:18:27 - __main__ - INFO - Train: loss 1.0493 acc1 90.37% f1 88.87%
2026-03-11 05:18:27 - __main__ - INFO - Test:   loss 2.8415 acc1 7.07% f1 10.04%
2026-03-11 05:18:27 - __main__ - INFO - 
Epoch 51/100 | lr 0.000294
2026-03-11 05:20:25 - __main__ - INFO - Train: loss 1.0168 acc1 91.47% f1 90.28%
2026-03-11 05:20:25 - __main__ - INFO - Test:   loss 2.6832 acc1 30.99% f1 31.75%
2026-03-11 05:20:25 - __main__ - INFO - 
Epoch 52/100 | lr 0.000285
2026-03-11 05:22:24 - __main__ - INFO - Train: loss 0.9936 acc1 92.55% f1 91.21%
2026-03-11 05:22:24 - __main__ - INFO - Test:   loss 2.7503 acc1 30.50% f1 32.60%
2026-03-11 05:22:24 - __main__ - INFO - 
Epoch 53/100 | lr 0.000277
2026-03-11 05:24:22 - __main__ - INFO - Train: loss 0.9950 acc1 92.39% f1 91.00%
2026-03-11 05:24:22 - __main__ - INFO - Test:   loss 2.5989 acc1 30.47% f1 30.92%
2026-03-11 05:24:22 - __main__ - INFO - 
Epoch 54/100 | lr 0.000268
2026-03-11 05:26:21 - __main__ - INFO - Train: loss 1.0547 acc1 90.04% f1 88.62%
2026-03-11 05:26:21 - __main__ - INFO - Test:   loss 2.7641 acc1 4.33% f1 5.10%
2026-03-11 05:26:21 - __main__ - INFO - 
Epoch 55/100 | lr 0.000259
2026-03-11 05:28:20 - __main__ - INFO - Train: loss 1.0789 acc1 88.69% f1 87.15%
2026-03-11 05:28:20 - __main__ - INFO - Test:   loss 2.5487 acc1 31.05% f1 28.47%
2026-03-11 05:28:20 - __main__ - INFO - 
Epoch 56/100 | lr 0.000250
2026-03-11 05:30:18 - __main__ - INFO - Train: loss 0.9787 acc1 92.44% f1 91.03%
2026-03-11 05:30:18 - __main__ - INFO - Test:   loss 2.6826 acc1 31.28% f1 33.41%
2026-03-11 05:30:18 - __main__ - INFO - 
Epoch 57/100 | lr 0.000242
2026-03-11 05:32:17 - __main__ - INFO - Train: loss 0.9934 acc1 91.92% f1 90.48%
2026-03-11 05:32:17 - __main__ - INFO - Test:   loss 2.7229 acc1 31.15% f1 31.35%
2026-03-11 05:32:17 - __main__ - INFO - 
Epoch 58/100 | lr 0.000233
2026-03-11 05:34:15 - __main__ - INFO - Train: loss 1.0484 acc1 89.61% f1 88.20%
2026-03-11 05:34:15 - __main__ - INFO - Test:   loss 2.5447 acc1 35.65% f1 35.78%
2026-03-11 05:34:15 - __main__ - INFO - saved best: 35.65%
2026-03-11 05:34:15 - __main__ - INFO - 
Epoch 59/100 | lr 0.000224
2026-03-11 05:36:14 - __main__ - INFO - Train: loss 0.9806 acc1 92.11% f1 90.89%
2026-03-11 05:36:14 - __main__ - INFO - Test:   loss 2.8675 acc1 7.13% f1 5.66%
2026-03-11 05:36:14 - __main__ - INFO - 
Epoch 60/100 | lr 0.000216
2026-03-11 05:38:13 - __main__ - INFO - Train: loss 1.0357 acc1 89.72% f1 88.23%
2026-03-11 05:38:13 - __main__ - INFO - Test:   loss 2.4222 acc1 34.90% f1 26.96%
2026-03-11 05:38:13 - __main__ - INFO - 
Epoch 61/100 | lr 0.000207
2026-03-11 05:40:11 - __main__ - INFO - Train: loss 0.9737 acc1 91.71% f1 90.38%
2026-03-11 05:40:11 - __main__ - INFO - Test:   loss 2.6351 acc1 32.55% f1 34.20%
2026-03-11 05:40:11 - __main__ - INFO - 
Epoch 62/100 | lr 0.000199
2026-03-11 05:42:10 - __main__ - INFO - Train: loss 0.9592 acc1 92.63% f1 91.37%
2026-03-11 05:42:10 - __main__ - INFO - Test:   loss 2.5775 acc1 30.70% f1 30.21%
2026-03-11 05:42:10 - __main__ - INFO - 
Epoch 63/100 | lr 0.000190
2026-03-11 05:44:08 - __main__ - INFO - Train: loss 0.9913 acc1 91.37% f1 90.02%
2026-03-11 05:44:08 - __main__ - INFO - Test:   loss 2.5721 acc1 35.03% f1 35.12%
2026-03-11 05:44:08 - __main__ - INFO - 
Epoch 64/100 | lr 0.000182
2026-03-11 05:46:07 - __main__ - INFO - Train: loss 0.9624 acc1 91.83% f1 90.46%
2026-03-11 05:46:07 - __main__ - INFO - Test:   loss 2.6697 acc1 33.53% f1 34.92%
2026-03-11 05:46:07 - __main__ - INFO - 
Epoch 65/100 | lr 0.000173
2026-03-11 05:48:05 - __main__ - INFO - Train: loss 0.9316 acc1 92.96% f1 91.71%
2026-03-11 05:48:05 - __main__ - INFO - Test:   loss 2.9642 acc1 6.15% f1 4.61%
2026-03-11 05:48:05 - __main__ - INFO - 
Epoch 66/100 | lr 0.000165
2026-03-11 05:50:04 - __main__ - INFO - Train: loss 0.9175 acc1 93.35% f1 92.11%
2026-03-11 05:50:04 - __main__ - INFO - Test:   loss 2.5858 acc1 18.66% f1 22.74%
2026-03-11 05:50:04 - __main__ - INFO - 
Epoch 67/100 | lr 0.000157
2026-03-11 05:52:02 - __main__ - INFO - Train: loss 0.9622 acc1 91.95% f1 90.89%
2026-03-11 05:52:02 - __main__ - INFO - Test:   loss 2.5512 acc1 33.11% f1 25.59%
2026-03-11 05:52:02 - __main__ - INFO - 
Epoch 68/100 | lr 0.000149
2026-03-11 05:54:01 - __main__ - INFO - Train: loss 0.9786 acc1 90.97% f1 89.66%
2026-03-11 05:54:01 - __main__ - INFO - Test:   loss 2.7217 acc1 11.43% f1 16.28%
2026-03-11 05:54:01 - __main__ - INFO - 
Epoch 69/100 | lr 0.000141
2026-03-11 05:55:59 - __main__ - INFO - Train: loss 0.9425 acc1 92.71% f1 91.51%
2026-03-11 05:55:59 - __main__ - INFO - Test:   loss 2.6176 acc1 20.65% f1 25.32%
2026-03-11 05:55:59 - __main__ - INFO - 
Epoch 70/100 | lr 0.000133
2026-03-11 05:57:58 - __main__ - INFO - Train: loss 0.9025 acc1 93.74% f1 92.60%
2026-03-11 05:57:58 - __main__ - INFO - Test:   loss 2.7748 acc1 13.71% f1 19.14%
2026-03-11 05:57:58 - __main__ - INFO - 
Epoch 71/100 | lr 0.000126
2026-03-11 05:59:56 - __main__ - INFO - Train: loss 0.9056 acc1 93.68% f1 92.50%
2026-03-11 05:59:56 - __main__ - INFO - Test:   loss 2.9528 acc1 2.64% f1 1.41%
2026-03-11 05:59:56 - __main__ - INFO - 
Epoch 72/100 | lr 0.000118
2026-03-11 06:01:55 - __main__ - INFO - Train: loss 0.8937 acc1 93.70% f1 92.57%
2026-03-11 06:01:55 - __main__ - INFO - Test:   loss 3.1184 acc1 6.84% f1 4.85%
2026-03-11 06:01:55 - __main__ - INFO - 
Epoch 73/100 | lr 0.000111
2026-03-11 06:03:53 - __main__ - INFO - Train: loss 0.8953 acc1 93.87% f1 92.87%
2026-03-11 06:03:53 - __main__ - INFO - Test:   loss 2.9525 acc1 2.74% f1 2.03%
2026-03-11 06:03:53 - __main__ - INFO - 
Epoch 74/100 | lr 0.000104
2026-03-11 06:05:52 - __main__ - INFO - Train: loss 0.8945 acc1 93.92% f1 92.86%
2026-03-11 06:05:52 - __main__ - INFO - Test:   loss 2.7441 acc1 14.40% f1 17.27%
2026-03-11 06:05:52 - __main__ - INFO - 
Epoch 75/100 | lr 0.000097
2026-03-11 06:07:51 - __main__ - INFO - Train: loss 0.8792 acc1 94.08% f1 93.08%
2026-03-11 06:07:51 - __main__ - INFO - Test:   loss 2.8127 acc1 3.91% f1 4.80%
2026-03-11 06:07:51 - __main__ - INFO - 
Epoch 76/100 | lr 0.000090
2026-03-11 06:09:49 - __main__ - INFO - Train: loss 0.8959 acc1 93.71% f1 92.67%
2026-03-11 06:09:49 - __main__ - INFO - Test:   loss 3.0252 acc1 2.44% f1 1.63%
2026-03-11 06:09:49 - __main__ - INFO - 
Epoch 77/100 | lr 0.000084
2026-03-11 06:11:48 - __main__ - INFO - Train: loss 0.8824 acc1 94.19% f1 93.23%
2026-03-11 06:11:48 - __main__ - INFO - Test:   loss 2.7728 acc1 7.10% f1 10.17%
2026-03-11 06:11:48 - __main__ - INFO - 
Epoch 78/100 | lr 0.000077
2026-03-11 06:13:46 - __main__ - INFO - Train: loss 0.8669 acc1 94.37% f1 93.51%
2026-03-11 06:13:46 - __main__ - INFO - Test:   loss 3.0294 acc1 15.04% f1 17.25%
2026-03-11 06:13:46 - __main__ - INFO - 
Epoch 79/100 | lr 0.000071
2026-03-11 06:15:45 - __main__ - INFO - Train: loss 0.8885 acc1 93.78% f1 92.85%
2026-03-11 06:15:45 - __main__ - INFO - Test:   loss 3.1478 acc1 2.83% f1 1.46%
2026-03-11 06:15:45 - __main__ - INFO - 
Epoch 80/100 | lr 0.000065
2026-03-11 06:17:43 - __main__ - INFO - Train: loss 0.8652 acc1 94.67% f1 93.77%
2026-03-11 06:17:43 - __main__ - INFO - Test:   loss 2.9131 acc1 6.51% f1 5.10%
2026-03-11 06:17:43 - __main__ - INFO - 
Epoch 81/100 | lr 0.000059
2026-03-11 06:19:42 - __main__ - INFO - Train: loss 0.8544 acc1 94.68% f1 93.76%
2026-03-11 06:19:42 - __main__ - INFO - Test:   loss 2.8447 acc1 2.61% f1 1.93%
2026-03-11 06:19:42 - __main__ - INFO - 
Epoch 82/100 | lr 0.000054
2026-03-11 06:21:40 - __main__ - INFO - Train: loss 0.8530 acc1 94.85% f1 93.99%
2026-03-11 06:21:40 - __main__ - INFO - Test:   loss 2.8667 acc1 2.48% f1 1.89%
2026-03-11 06:21:40 - __main__ - INFO - 
Epoch 83/100 | lr 0.000049
2026-03-11 06:23:39 - __main__ - INFO - Train: loss 0.8470 acc1 94.94% f1 94.08%
2026-03-11 06:23:39 - __main__ - INFO - Test:   loss 3.1798 acc1 3.42% f1 2.60%
2026-03-11 06:23:39 - __main__ - INFO - 
Epoch 84/100 | lr 0.000044
2026-03-11 06:25:37 - __main__ - INFO - Train: loss 0.8412 acc1 95.05% f1 94.36%
2026-03-11 06:25:37 - __main__ - INFO - Test:   loss 2.9140 acc1 3.01% f1 2.37%
2026-03-11 06:25:37 - __main__ - INFO - 
Epoch 85/100 | lr 0.000039
2026-03-11 06:27:36 - __main__ - INFO - Train: loss 0.8467 acc1 94.78% f1 93.93%
2026-03-11 06:27:36 - __main__ - INFO - Test:   loss 2.9182 acc1 2.57% f1 1.58%
2026-03-11 06:27:36 - __main__ - INFO - 
Epoch 86/100 | lr 0.000034
2026-03-11 06:29:34 - __main__ - INFO - Train: loss 0.8381 acc1 95.17% f1 94.32%
2026-03-11 06:29:34 - __main__ - INFO - Test:   loss 2.9277 acc1 2.51% f1 1.82%
2026-03-11 06:29:34 - __main__ - INFO - 
Epoch 87/100 | lr 0.000030
2026-03-11 06:31:33 - __main__ - INFO - Train: loss 0.8334 acc1 95.23% f1 94.41%
2026-03-11 06:31:33 - __main__ - INFO - Test:   loss 2.9433 acc1 2.51% f1 1.81%
2026-03-11 06:31:33 - __main__ - INFO - 
Epoch 88/100 | lr 0.000026
2026-03-11 06:33:31 - __main__ - INFO - Train: loss 0.8325 acc1 95.17% f1 94.36%
2026-03-11 06:33:31 - __main__ - INFO - Test:   loss 2.8617 acc1 2.87% f1 2.29%
2026-03-11 06:33:31 - __main__ - INFO - 
Epoch 89/100 | lr 0.000023
2026-03-11 06:35:30 - __main__ - INFO - Train: loss 0.8308 acc1 95.25% f1 94.41%
2026-03-11 06:35:30 - __main__ - INFO - Test:   loss 2.9602 acc1 2.61% f1 1.93%
2026-03-11 06:35:30 - __main__ - INFO - 
Epoch 90/100 | lr 0.000019
2026-03-11 06:37:28 - __main__ - INFO - Train: loss 0.8271 acc1 95.62% f1 94.88%
2026-03-11 06:37:28 - __main__ - INFO - Test:   loss 3.0882 acc1 2.38% f1 1.62%
2026-03-11 06:37:28 - __main__ - INFO - 
Epoch 91/100 | lr 0.000016
2026-03-11 06:39:27 - __main__ - INFO - Train: loss 0.8235 acc1 95.65% f1 94.87%
2026-03-11 06:39:27 - __main__ - INFO - Test:   loss 3.0116 acc1 2.51% f1 1.82%
2026-03-11 06:39:27 - __main__ - INFO - 
Epoch 92/100 | lr 0.000013
2026-03-11 06:41:25 - __main__ - INFO - Train: loss 0.8228 acc1 95.62% f1 94.86%
2026-03-11 06:41:25 - __main__ - INFO - Test:   loss 3.0528 acc1 2.28% f1 1.48%
2026-03-11 06:41:25 - __main__ - INFO - 
Epoch 93/100 | lr 0.000011
2026-03-11 06:43:24 - __main__ - INFO - Train: loss 0.8205 acc1 95.75% f1 95.00%
2026-03-11 06:43:24 - __main__ - INFO - Test:   loss 3.0072 acc1 2.61% f1 1.93%
2026-03-11 06:43:24 - __main__ - INFO - 
Epoch 94/100 | lr 0.000008
2026-03-11 06:45:22 - __main__ - INFO - Train: loss 0.8179 acc1 95.65% f1 94.91%
2026-03-11 06:45:22 - __main__ - INFO - Test:   loss 2.9723 acc1 2.61% f1 1.94%
2026-03-11 06:45:22 - __main__ - INFO - 
Epoch 95/100 | lr 0.000006
2026-03-11 06:47:21 - __main__ - INFO - Train: loss 0.8170 acc1 95.77% f1 95.03%
2026-03-11 06:47:21 - __main__ - INFO - Test:   loss 3.0279 acc1 2.51% f1 1.82%
2026-03-11 06:47:21 - __main__ - INFO - 
Epoch 96/100 | lr 0.000005
2026-03-11 06:49:19 - __main__ - INFO - Train: loss 0.8170 acc1 95.63% f1 94.85%
2026-03-11 06:49:19 - __main__ - INFO - Test:   loss 3.0081 acc1 2.51% f1 1.82%
2026-03-11 06:49:19 - __main__ - INFO - 
Epoch 97/100 | lr 0.000003
2026-03-11 06:51:18 - __main__ - INFO - Train: loss 0.8151 acc1 95.73% f1 94.98%
2026-03-11 06:51:18 - __main__ - INFO - Test:   loss 3.0497 acc1 2.51% f1 1.82%
2026-03-11 06:51:18 - __main__ - INFO - 
Epoch 98/100 | lr 0.000002
2026-03-11 06:53:16 - __main__ - INFO - Train: loss 0.8145 acc1 95.71% f1 94.96%
2026-03-11 06:53:16 - __main__ - INFO - Test:   loss 3.0244 acc1 2.51% f1 1.81%
2026-03-11 06:53:16 - __main__ - INFO - 
Epoch 99/100 | lr 0.000002
2026-03-11 06:55:15 - __main__ - INFO - Train: loss 0.8139 acc1 95.77% f1 95.04%
2026-03-11 06:55:15 - __main__ - INFO - Test:   loss 3.0366 acc1 2.51% f1 1.82%
2026-03-11 06:55:15 - __main__ - INFO - 
Epoch 100/100 | lr 0.000001
2026-03-11 06:57:13 - __main__ - INFO - Train: loss 0.8137 acc1 95.73% f1 95.00%
2026-03-11 06:57:13 - __main__ - INFO - Test:   loss 3.0369 acc1 2.51% f1 1.82%
2026-03-11 06:57:19 - __main__ - INFO - 
Best tracked (test): 35.65%
2026-03-11 06:57:19 - __main__ - INFO - Final test: loss 3.0369 acc1 2.51% f1 1.82%
2026-03-11 06:57:20 - __main__ - INFO - Variant [random] done — test acc 2.51%, test F1 1.82%, test loss 3.0369
2026-03-11 06:57:20 - __main__ - INFO - 
============================================================
2026-03-11 06:57:20 - __main__ - INFO - Training output model (vit_b_16) on variant: low_saliency
2026-03-11 06:57:20 - __main__ - INFO -   Resolved config → lr=0.0005, wd=0.05, bs=32, epochs=100, scheduler=cosine, warmup=10
2026-03-11 06:57:20 - __main__ - INFO -   Eval split during training is forced to original test for fair comparability
2026-03-11 06:57:20 - __main__ - INFO - ============================================================
2026-03-11 06:57:20 - __main__ - INFO - device: cuda | cuda: True | gpu: NVIDIA L4
2026-03-11 06:57:21 - __main__ - INFO - Model: vit_b_16 | Dataset: malimg | Classes: 25
2026-03-11 06:57:21 - __main__ - INFO - 
Epoch 1/100 | lr 0.000000
2026-03-11 06:59:20 - __main__ - INFO - Train: loss 3.0763 acc1 16.97% f1 17.91%
2026-03-11 06:59:20 - __main__ - INFO - Test:   loss 3.2144 acc1 3.81% f1 0.81%
2026-03-11 06:59:20 - __main__ - INFO - saved best: 3.81%
2026-03-11 06:59:20 - __main__ - INFO - 
Epoch 2/100 | lr 0.000050
2026-03-11 07:01:19 - __main__ - INFO - Train: loss 1.6296 acc1 65.10% f1 58.30%
2026-03-11 07:01:19 - __main__ - INFO - Test:   loss 2.9948 acc1 27.35% f1 15.45%
2026-03-11 07:01:19 - __main__ - INFO - saved best: 27.35%
2026-03-11 07:01:19 - __main__ - INFO - 
Epoch 3/100 | lr 0.000100
2026-03-11 07:03:17 - __main__ - INFO - Train: loss 1.0145 acc1 88.60% f1 87.31%
2026-03-11 07:03:17 - __main__ - INFO - Test:   loss 2.6117 acc1 38.34% f1 27.26%
2026-03-11 07:03:17 - __main__ - INFO - saved best: 38.34%
2026-03-11 07:03:17 - __main__ - INFO - 
Epoch 4/100 | lr 0.000150
2026-03-11 07:05:16 - __main__ - INFO - Train: loss 0.8163 acc1 94.85% f1 94.17%
2026-03-11 07:05:16 - __main__ - INFO - Test:   loss 2.4864 acc1 40.23% f1 29.98%
2026-03-11 07:05:16 - __main__ - INFO - saved best: 40.23%
2026-03-11 07:05:16 - __main__ - INFO - 
Epoch 5/100 | lr 0.000200
2026-03-11 07:07:15 - __main__ - INFO - Train: loss 0.7699 acc1 95.42% f1 94.90%
2026-03-11 07:07:15 - __main__ - INFO - Test:   loss 2.4778 acc1 40.53% f1 30.38%
2026-03-11 07:07:15 - __main__ - INFO - saved best: 40.53%
2026-03-11 07:07:15 - __main__ - INFO - 
Epoch 6/100 | lr 0.000250
2026-03-11 07:09:14 - __main__ - INFO - Train: loss 0.7455 acc1 96.22% f1 95.63%
2026-03-11 07:09:14 - __main__ - INFO - Test:   loss 2.3972 acc1 41.35% f1 31.36%
2026-03-11 07:09:14 - __main__ - INFO - saved best: 41.35%
2026-03-11 07:09:14 - __main__ - INFO - 
Epoch 7/100 | lr 0.000300
2026-03-11 07:11:12 - __main__ - INFO - Train: loss 0.7345 acc1 96.42% f1 95.86%
2026-03-11 07:11:12 - __main__ - INFO - Test:   loss 2.2450 acc1 44.16% f1 35.45%
2026-03-11 07:11:12 - __main__ - INFO - saved best: 44.16%
2026-03-11 07:11:12 - __main__ - INFO - 
Epoch 8/100 | lr 0.000350
2026-03-11 07:13:11 - __main__ - INFO - Train: loss 0.7254 acc1 97.00% f1 96.44%
2026-03-11 07:13:11 - __main__ - INFO - Test:   loss 2.3877 acc1 43.58% f1 34.32%
2026-03-11 07:13:11 - __main__ - INFO - 
Epoch 9/100 | lr 0.000400
2026-03-11 07:15:10 - __main__ - INFO - Train: loss 0.7227 acc1 97.00% f1 96.44%
2026-03-11 07:15:10 - __main__ - INFO - Test:   loss 2.2756 acc1 45.54% f1 37.49%
2026-03-11 07:15:10 - __main__ - INFO - saved best: 45.54%
2026-03-11 07:15:10 - __main__ - INFO - 
Epoch 10/100 | lr 0.000450
2026-03-11 07:17:08 - __main__ - INFO - Train: loss 0.7178 acc1 97.26% f1 96.71%
2026-03-11 07:17:08 - __main__ - INFO - Test:   loss 2.0516 acc1 47.78% f1 39.54%
2026-03-11 07:17:08 - __main__ - INFO - saved best: 47.78%
2026-03-11 07:17:08 - __main__ - INFO - 
Epoch 11/100 | lr 0.000500
2026-03-11 07:19:07 - __main__ - INFO - Train: loss 0.7125 acc1 97.25% f1 96.70%
2026-03-11 07:19:07 - __main__ - INFO - Test:   loss 2.1925 acc1 45.71% f1 36.88%
2026-03-11 07:19:07 - __main__ - INFO - 
Epoch 12/100 | lr 0.000500
2026-03-11 07:21:06 - __main__ - INFO - Train: loss 0.7184 acc1 97.01% f1 96.46%
2026-03-11 07:21:06 - __main__ - INFO - Test:   loss 2.3573 acc1 44.68% f1 36.57%
2026-03-11 07:21:06 - __main__ - INFO - 
Epoch 13/100 | lr 0.000499
2026-03-11 07:23:04 - __main__ - INFO - Train: loss 0.7165 acc1 97.03% f1 96.60%
2026-03-11 07:23:04 - __main__ - INFO - Test:   loss 2.0132 acc1 47.64% f1 39.80%
2026-03-11 07:23:04 - __main__ - INFO - 
Epoch 14/100 | lr 0.000499
2026-03-11 07:25:03 - __main__ - INFO - Train: loss 0.7310 acc1 96.75% f1 96.19%
2026-03-11 07:25:03 - __main__ - INFO - Test:   loss 2.1830 acc1 45.08% f1 36.76%
2026-03-11 07:25:03 - __main__ - INFO - 
Epoch 15/100 | lr 0.000498
2026-03-11 07:27:02 - __main__ - INFO - Train: loss 0.7182 acc1 97.16% f1 96.61%
2026-03-11 07:27:02 - __main__ - INFO - Test:   loss 1.9138 acc1 49.21% f1 42.20%
2026-03-11 07:27:02 - __main__ - INFO - saved best: 49.21%
2026-03-11 07:27:02 - __main__ - INFO - 
Epoch 16/100 | lr 0.000496
2026-03-11 07:29:00 - __main__ - INFO - Train: loss 0.7217 acc1 97.12% f1 96.56%
2026-03-11 07:29:00 - __main__ - INFO - Test:   loss 1.9406 acc1 48.20% f1 40.85%
2026-03-11 07:29:00 - __main__ - INFO - 
Epoch 17/100 | lr 0.000495
2026-03-11 07:30:59 - __main__ - INFO - Train: loss 0.7249 acc1 97.14% f1 96.59%
2026-03-11 07:30:59 - __main__ - INFO - Test:   loss 2.2708 acc1 42.95% f1 34.22%
2026-03-11 07:30:59 - __main__ - INFO - 
Epoch 18/100 | lr 0.000493
2026-03-11 07:32:58 - __main__ - INFO - Train: loss 0.7423 acc1 96.53% f1 95.95%
2026-03-11 07:32:58 - __main__ - INFO - Test:   loss 1.8339 acc1 45.85% f1 38.35%
2026-03-11 07:32:58 - __main__ - INFO - 
Epoch 19/100 | lr 0.000490
2026-03-11 07:34:56 - __main__ - INFO - Train: loss 0.7471 acc1 96.63% f1 96.06%
2026-03-11 07:34:56 - __main__ - INFO - Test:   loss 2.0042 acc1 46.47% f1 38.89%
2026-03-11 07:34:56 - __main__ - INFO - 
Epoch 20/100 | lr 0.000488
2026-03-11 07:36:55 - __main__ - INFO - Train: loss 0.7372 acc1 96.98% f1 96.41%
2026-03-11 07:36:55 - __main__ - INFO - Test:   loss 1.6422 acc1 48.75% f1 43.17%
2026-03-11 07:36:55 - __main__ - INFO - 
Epoch 21/100 | lr 0.000485
2026-03-11 07:38:54 - __main__ - INFO - Train: loss 0.7460 acc1 97.01% f1 96.44%
2026-03-11 07:38:54 - __main__ - INFO - Test:   loss 1.8647 acc1 49.23% f1 41.05%
2026-03-11 07:38:54 - __main__ - INFO - saved best: 49.23%
2026-03-11 07:38:54 - __main__ - INFO - 
Epoch 22/100 | lr 0.000482
2026-03-11 07:40:52 - __main__ - INFO - Train: loss 0.7627 acc1 96.43% f1 95.98%
2026-03-11 07:40:52 - __main__ - INFO - Test:   loss 1.8018 acc1 42.65% f1 34.70%
2026-03-11 07:40:52 - __main__ - INFO - 
Epoch 23/100 | lr 0.000478
2026-03-11 07:42:51 - __main__ - INFO - Train: loss 0.7683 acc1 96.47% f1 95.90%
2026-03-11 07:42:51 - __main__ - INFO - Test:   loss 2.0592 acc1 44.01% f1 36.20%
2026-03-11 07:42:51 - __main__ - INFO - 
Epoch 24/100 | lr 0.000475
2026-03-11 07:44:49 - __main__ - INFO - Train: loss 0.7722 acc1 96.54% f1 95.97%
2026-03-11 07:44:49 - __main__ - INFO - Test:   loss 1.6381 acc1 57.61% f1 49.81%
2026-03-11 07:44:49 - __main__ - INFO - saved best: 57.61%
2026-03-11 07:44:49 - __main__ - INFO - 
Epoch 25/100 | lr 0.000471
2026-03-11 07:46:48 - __main__ - INFO - Train: loss 0.8005 acc1 96.00% f1 95.51%
2026-03-11 07:46:48 - __main__ - INFO - Test:   loss 1.4007 acc1 78.89% f1 72.95%
2026-03-11 07:46:48 - __main__ - INFO - saved best: 78.89%
2026-03-11 07:46:48 - __main__ - INFO - 
Epoch 26/100 | lr 0.000467
2026-03-11 07:48:47 - __main__ - INFO - Train: loss 0.8234 acc1 95.47% f1 94.85%
2026-03-11 07:48:47 - __main__ - INFO - Test:   loss 1.3933 acc1 75.15% f1 70.92%
2026-03-11 07:48:47 - __main__ - INFO - 
Epoch 27/100 | lr 0.000462
2026-03-11 07:50:45 - __main__ - INFO - Train: loss 0.8093 acc1 96.01% f1 95.39%
2026-03-11 07:50:45 - __main__ - INFO - Test:   loss 2.6903 acc1 47.53% f1 34.79%
2026-03-11 07:50:45 - __main__ - INFO - 
Epoch 28/100 | lr 0.000457
2026-03-11 07:52:44 - __main__ - INFO - Train: loss 0.8443 acc1 94.84% f1 94.34%
2026-03-11 07:52:44 - __main__ - INFO - Test:   loss 1.9631 acc1 55.07% f1 44.39%
2026-03-11 07:52:44 - __main__ - INFO - 
Epoch 29/100 | lr 0.000452
2026-03-11 07:54:42 - __main__ - INFO - Train: loss 0.8381 acc1 95.46% f1 94.84%
2026-03-11 07:54:42 - __main__ - INFO - Test:   loss 1.5558 acc1 69.54% f1 66.02%
2026-03-11 07:54:42 - __main__ - INFO - 
Epoch 30/100 | lr 0.000447
2026-03-11 07:56:41 - __main__ - INFO - Train: loss 0.8245 acc1 95.86% f1 95.23%
2026-03-11 07:56:41 - __main__ - INFO - Test:   loss 1.8699 acc1 49.90% f1 39.63%
2026-03-11 07:56:41 - __main__ - INFO - 
Epoch 31/100 | lr 0.000442
2026-03-11 07:58:40 - __main__ - INFO - Train: loss 0.9154 acc1 93.42% f1 93.07%
2026-03-11 07:58:40 - __main__ - INFO - Test:   loss 2.3004 acc1 34.89% f1 26.60%
2026-03-11 07:58:40 - __main__ - INFO - 
Epoch 32/100 | lr 0.000436
2026-03-11 08:00:38 - __main__ - INFO - Train: loss 1.0875 acc1 87.19% f1 86.18%
2026-03-11 08:00:38 - __main__ - INFO - Test:   loss 1.8718 acc1 47.96% f1 37.67%
2026-03-11 08:00:38 - __main__ - INFO - 
Epoch 33/100 | lr 0.000430
2026-03-11 08:02:37 - __main__ - INFO - Train: loss 0.8710 acc1 95.18% f1 94.51%
2026-03-11 08:02:37 - __main__ - INFO - Test:   loss 2.0915 acc1 53.83% f1 43.17%
2026-03-11 08:02:37 - __main__ - INFO - 
Epoch 34/100 | lr 0.000424
2026-03-11 08:04:35 - __main__ - INFO - Train: loss 0.9089 acc1 94.19% f1 93.38%
2026-03-11 08:04:35 - __main__ - INFO - Test:   loss 1.8309 acc1 61.04% f1 54.04%
2026-03-11 08:04:35 - __main__ - INFO - 
Epoch 35/100 | lr 0.000417
2026-03-11 08:06:34 - __main__ - INFO - Train: loss 0.8864 acc1 95.25% f1 94.56%
2026-03-11 08:06:34 - __main__ - INFO - Test:   loss 1.5710 acc1 74.63% f1 70.85%
2026-03-11 08:06:34 - __main__ - INFO - 
Epoch 36/100 | lr 0.000411
2026-03-11 08:08:32 - __main__ - INFO - Train: loss 0.9299 acc1 94.31% f1 93.57%
2026-03-11 08:08:32 - __main__ - INFO - Test:   loss 1.7409 acc1 60.15% f1 53.42%
2026-03-11 08:08:32 - __main__ - INFO - 
Epoch 37/100 | lr 0.000404
2026-03-11 08:10:31 - __main__ - INFO - Train: loss 0.9138 acc1 94.52% f1 93.78%
2026-03-11 08:10:31 - __main__ - INFO - Test:   loss 1.8825 acc1 54.92% f1 47.20%
2026-03-11 08:10:31 - __main__ - INFO - 
Epoch 38/100 | lr 0.000397
2026-03-11 08:12:30 - __main__ - INFO - Train: loss 0.9751 acc1 92.77% f1 92.06%
2026-03-11 08:12:30 - __main__ - INFO - Test:   loss 2.2961 acc1 46.96% f1 34.44%
2026-03-11 08:12:30 - __main__ - INFO - 
Epoch 39/100 | lr 0.000390
2026-03-11 08:14:28 - __main__ - INFO - Train: loss 0.9701 acc1 93.12% f1 92.27%
2026-03-11 08:14:28 - __main__ - INFO - Test:   loss 1.8124 acc1 57.29% f1 55.86%
2026-03-11 08:14:28 - __main__ - INFO - 
Epoch 40/100 | lr 0.000383
2026-03-11 08:16:26 - __main__ - INFO - Train: loss 0.9615 acc1 93.44% f1 92.62%
2026-03-11 08:16:26 - __main__ - INFO - Test:   loss 1.9720 acc1 46.96% f1 41.95%
2026-03-11 08:16:26 - __main__ - INFO - 
Epoch 41/100 | lr 0.000375
2026-03-11 08:18:25 - __main__ - INFO - Train: loss 1.0795 acc1 89.12% f1 88.17%
2026-03-11 08:18:25 - __main__ - INFO - Test:   loss 2.2382 acc1 29.32% f1 19.92%
2026-03-11 08:18:25 - __main__ - INFO - 
Epoch 42/100 | lr 0.000368
2026-03-11 08:20:23 - __main__ - INFO - Train: loss 0.9746 acc1 93.22% f1 92.32%
2026-03-11 08:20:23 - __main__ - INFO - Test:   loss 1.6838 acc1 68.06% f1 63.81%
2026-03-11 08:20:23 - __main__ - INFO - 
Epoch 43/100 | lr 0.000360
2026-03-11 08:22:22 - __main__ - INFO - Train: loss 0.9696 acc1 93.39% f1 92.53%
2026-03-11 08:22:22 - __main__ - INFO - Test:   loss 1.7593 acc1 62.84% f1 58.25%
2026-03-11 08:22:22 - __main__ - INFO - 
Epoch 44/100 | lr 0.000352
2026-03-11 08:24:20 - __main__ - INFO - Train: loss 1.0096 acc1 91.99% f1 91.02%
2026-03-11 08:24:20 - __main__ - INFO - Test:   loss 2.0668 acc1 56.03% f1 45.64%
2026-03-11 08:24:20 - __main__ - INFO - 
Epoch 45/100 | lr 0.000344
2026-03-11 08:26:19 - __main__ - INFO - Train: loss 1.0424 acc1 90.56% f1 89.42%
2026-03-11 08:26:19 - __main__ - INFO - Test:   loss 1.8672 acc1 56.40% f1 49.68%
2026-03-11 08:26:19 - __main__ - INFO - 
Epoch 46/100 | lr 0.000336
2026-03-11 08:28:17 - __main__ - INFO - Train: loss 1.0546 acc1 90.20% f1 89.17%
2026-03-11 08:28:17 - __main__ - INFO - Test:   loss 1.9384 acc1 44.52% f1 38.84%
2026-03-11 08:28:17 - __main__ - INFO - 
Epoch 47/100 | lr 0.000328
2026-03-11 08:30:16 - __main__ - INFO - Train: loss 1.0197 acc1 91.23% f1 90.13%
2026-03-11 08:30:16 - __main__ - INFO - Test:   loss 1.7300 acc1 70.52% f1 64.85%
2026-03-11 08:30:16 - __main__ - INFO - 
Epoch 48/100 | lr 0.000319
2026-03-11 08:32:14 - __main__ - INFO - Train: loss 0.9941 acc1 92.53% f1 91.38%
2026-03-11 08:32:14 - __main__ - INFO - Test:   loss 1.7801 acc1 55.61% f1 48.35%
2026-03-11 08:32:14 - __main__ - INFO - 
Epoch 49/100 | lr 0.000311
2026-03-11 08:34:13 - __main__ - INFO - Train: loss 1.0072 acc1 91.37% f1 90.11%
2026-03-11 08:34:13 - __main__ - INFO - Test:   loss 1.9854 acc1 38.35% f1 32.58%
2026-03-11 08:34:13 - __main__ - INFO - 
Epoch 50/100 | lr 0.000302
2026-03-11 08:36:11 - __main__ - INFO - Train: loss 1.4451 acc1 74.55% f1 72.10%
2026-03-11 08:36:11 - __main__ - INFO - Test:   loss 2.0860 acc1 32.96% f1 25.29%
2026-03-11 08:36:11 - __main__ - INFO - 
Epoch 51/100 | lr 0.000294
2026-03-11 08:38:10 - __main__ - INFO - Train: loss 1.0123 acc1 91.45% f1 90.19%
2026-03-11 08:38:10 - __main__ - INFO - Test:   loss 2.0154 acc1 50.47% f1 39.43%
2026-03-11 08:38:10 - __main__ - INFO - 
Epoch 52/100 | lr 0.000285
2026-03-11 08:40:09 - __main__ - INFO - Train: loss 1.0212 acc1 90.77% f1 89.33%
2026-03-11 08:40:09 - __main__ - INFO - Test:   loss 1.9142 acc1 46.28% f1 36.83%
2026-03-11 08:40:09 - __main__ - INFO - 
Epoch 53/100 | lr 0.000277
2026-03-11 08:42:07 - __main__ - INFO - Train: loss 1.0562 acc1 88.90% f1 87.17%
2026-03-11 08:42:07 - __main__ - INFO - Test:   loss 2.0614 acc1 35.80% f1 28.41%
2026-03-11 08:42:07 - __main__ - INFO - 
Epoch 54/100 | lr 0.000268
2026-03-11 08:44:06 - __main__ - INFO - Train: loss 1.0097 acc1 90.79% f1 89.46%
2026-03-11 08:44:06 - __main__ - INFO - Test:   loss 1.8230 acc1 50.40% f1 47.04%
2026-03-11 08:44:06 - __main__ - INFO - 
Epoch 55/100 | lr 0.000259
2026-03-11 08:46:04 - __main__ - INFO - Train: loss 1.0438 acc1 89.00% f1 87.53%
2026-03-11 08:46:04 - __main__ - INFO - Test:   loss 2.3688 acc1 32.24% f1 22.59%
2026-03-11 08:46:04 - __main__ - INFO - 
Epoch 56/100 | lr 0.000250
2026-03-11 08:48:03 - __main__ - INFO - Train: loss 1.0018 acc1 90.95% f1 89.64%
2026-03-11 08:48:03 - __main__ - INFO - Test:   loss 1.7819 acc1 48.85% f1 44.58%
2026-03-11 08:48:03 - __main__ - INFO - 
Epoch 57/100 | lr 0.000242
2026-03-11 08:50:01 - __main__ - INFO - Train: loss 1.0147 acc1 90.07% f1 88.62%
2026-03-11 08:50:01 - __main__ - INFO - Test:   loss 2.6118 acc1 35.46% f1 23.99%
2026-03-11 08:50:01 - __main__ - INFO - 
Epoch 58/100 | lr 0.000233
2026-03-11 08:52:00 - __main__ - INFO - Train: loss 1.0425 acc1 88.65% f1 86.98%
2026-03-11 08:52:00 - __main__ - INFO - Test:   loss 1.7022 acc1 58.73% f1 55.82%
2026-03-11 08:52:00 - __main__ - INFO - 
Epoch 59/100 | lr 0.000224
2026-03-11 08:53:58 - __main__ - INFO - Train: loss 0.9690 acc1 91.80% f1 90.47%
2026-03-11 08:53:58 - __main__ - INFO - Test:   loss 1.5907 acc1 67.82% f1 65.38%
2026-03-11 08:53:58 - __main__ - INFO - 
Epoch 60/100 | lr 0.000216
2026-03-11 08:55:57 - __main__ - INFO - Train: loss 0.9810 acc1 91.32% f1 89.93%
2026-03-11 08:55:57 - __main__ - INFO - Test:   loss 1.8502 acc1 57.61% f1 53.02%
2026-03-11 08:55:57 - __main__ - INFO - 
Epoch 61/100 | lr 0.000207
2026-03-11 08:57:55 - __main__ - INFO - Train: loss 0.9681 acc1 91.36% f1 89.88%
2026-03-11 08:57:55 - __main__ - INFO - Test:   loss 1.7134 acc1 58.38% f1 57.49%
2026-03-11 08:57:55 - __main__ - INFO - 
Epoch 62/100 | lr 0.000199
2026-03-11 08:59:54 - __main__ - INFO - Train: loss 0.9619 acc1 91.48% f1 90.00%
2026-03-11 08:59:54 - __main__ - INFO - Test:   loss 2.3487 acc1 37.77% f1 27.18%
2026-03-11 08:59:54 - __main__ - INFO - 
Epoch 63/100 | lr 0.000190
2026-03-11 09:01:52 - __main__ - INFO - Train: loss 0.9622 acc1 91.37% f1 89.90%
2026-03-11 09:01:52 - __main__ - INFO - Test:   loss 1.9640 acc1 34.89% f1 27.37%
2026-03-11 09:01:52 - __main__ - INFO - 
Epoch 64/100 | lr 0.000182
2026-03-11 09:03:51 - __main__ - INFO - Train: loss 0.9516 acc1 91.55% f1 90.12%
2026-03-11 09:03:51 - __main__ - INFO - Test:   loss 2.1061 acc1 38.35% f1 29.56%
2026-03-11 09:03:51 - __main__ - INFO - 
Epoch 65/100 | lr 0.000173
2026-03-11 09:05:49 - __main__ - INFO - Train: loss 0.9422 acc1 91.98% f1 90.71%
2026-03-11 09:05:49 - __main__ - INFO - Test:   loss 1.7379 acc1 56.01% f1 53.82%
2026-03-11 09:05:49 - __main__ - INFO - 
Epoch 66/100 | lr 0.000165
2026-03-11 09:07:47 - __main__ - INFO - Train: loss 0.9496 acc1 91.78% f1 90.55%
2026-03-11 09:07:47 - __main__ - INFO - Test:   loss 1.8688 acc1 55.12% f1 46.95%
2026-03-11 09:07:47 - __main__ - INFO - 
Epoch 67/100 | lr 0.000157
2026-03-11 09:09:46 - __main__ - INFO - Train: loss 1.0176 acc1 88.84% f1 87.20%
2026-03-11 09:09:46 - __main__ - INFO - Test:   loss 1.6606 acc1 53.80% f1 49.14%
2026-03-11 09:09:46 - __main__ - INFO - 
Epoch 68/100 | lr 0.000149
2026-03-11 09:11:44 - __main__ - INFO - Train: loss 0.9318 acc1 91.95% f1 90.64%
2026-03-11 09:11:44 - __main__ - INFO - Test:   loss 1.7601 acc1 58.87% f1 55.86%
2026-03-11 09:11:44 - __main__ - INFO - 
Epoch 69/100 | lr 0.000141
2026-03-11 09:13:43 - __main__ - INFO - Train: loss 0.9367 acc1 91.92% f1 90.58%
2026-03-11 09:13:43 - __main__ - INFO - Test:   loss 1.7062 acc1 60.67% f1 55.67%
2026-03-11 09:13:43 - __main__ - INFO - 
Epoch 70/100 | lr 0.000133
2026-03-11 09:15:41 - __main__ - INFO - Train: loss 0.9188 acc1 92.45% f1 91.17%
2026-03-11 09:15:41 - __main__ - INFO - Test:   loss 1.9789 acc1 47.19% f1 43.31%
2026-03-11 09:15:41 - __main__ - INFO - 
Epoch 71/100 | lr 0.000126
2026-03-11 09:17:40 - __main__ - INFO - Train: loss 0.9193 acc1 92.52% f1 91.30%
2026-03-11 09:17:40 - __main__ - INFO - Test:   loss 1.7783 acc1 58.11% f1 56.70%
2026-03-11 09:17:40 - __main__ - INFO - 
Epoch 72/100 | lr 0.000118
2026-03-11 09:19:38 - __main__ - INFO - Train: loss 0.9207 acc1 92.40% f1 91.10%
2026-03-11 09:19:38 - __main__ - INFO - Test:   loss 1.5887 acc1 66.45% f1 64.16%
2026-03-11 09:19:38 - __main__ - INFO - 
Epoch 73/100 | lr 0.000111
2026-03-11 09:21:37 - __main__ - INFO - Train: loss 0.9092 acc1 92.25% f1 91.23%
2026-03-11 09:21:37 - __main__ - INFO - Test:   loss 2.0617 acc1 42.15% f1 38.40%
2026-03-11 09:21:37 - __main__ - INFO - 
Epoch 74/100 | lr 0.000104
2026-03-11 09:23:35 - __main__ - INFO - Train: loss 0.9771 acc1 90.49% f1 89.18%
2026-03-11 09:23:35 - __main__ - INFO - Test:   loss 1.9245 acc1 48.32% f1 44.73%
2026-03-11 09:23:35 - __main__ - INFO - 
Epoch 75/100 | lr 0.000097
2026-03-11 09:25:34 - __main__ - INFO - Train: loss 0.8871 acc1 93.47% f1 92.27%
2026-03-11 09:25:34 - __main__ - INFO - Test:   loss 2.2549 acc1 37.74% f1 28.21%
2026-03-11 09:25:34 - __main__ - INFO - 
Epoch 76/100 | lr 0.000090
2026-03-11 09:27:32 - __main__ - INFO - Train: loss 0.8876 acc1 93.48% f1 92.36%
2026-03-11 09:27:32 - __main__ - INFO - Test:   loss 2.0158 acc1 42.98% f1 36.92%
2026-03-11 09:27:32 - __main__ - INFO - 
Epoch 77/100 | lr 0.000084
2026-03-11 09:29:31 - __main__ - INFO - Train: loss 0.8681 acc1 93.90% f1 92.74%
2026-03-11 09:29:31 - __main__ - INFO - Test:   loss 1.9970 acc1 44.47% f1 40.08%
2026-03-11 09:29:31 - __main__ - INFO - 
Epoch 78/100 | lr 0.000077
2026-03-11 09:31:29 - __main__ - INFO - Train: loss 0.8907 acc1 93.35% f1 92.41%
2026-03-11 09:31:29 - __main__ - INFO - Test:   loss 1.8817 acc1 56.10% f1 53.06%
2026-03-11 09:31:29 - __main__ - INFO - 
Epoch 79/100 | lr 0.000071
2026-03-11 09:33:27 - __main__ - INFO - Train: loss 0.8668 acc1 93.88% f1 92.79%
2026-03-11 09:33:27 - __main__ - INFO - Test:   loss 2.1264 acc1 39.78% f1 33.42%
2026-03-11 09:33:27 - __main__ - INFO - 
Epoch 80/100 | lr 0.000065
2026-03-11 09:35:26 - __main__ - INFO - Train: loss 0.8609 acc1 94.12% f1 93.01%
2026-03-11 09:35:26 - __main__ - INFO - Test:   loss 1.6103 acc1 64.10% f1 58.97%
2026-03-11 09:35:26 - __main__ - INFO - 
Epoch 81/100 | lr 0.000059
2026-03-11 09:37:24 - __main__ - INFO - Train: loss 0.8554 acc1 94.16% f1 93.05%
2026-03-11 09:37:24 - __main__ - INFO - Test:   loss 1.8785 acc1 51.25% f1 47.68%
2026-03-11 09:37:24 - __main__ - INFO - 
Epoch 82/100 | lr 0.000054
2026-03-11 09:39:23 - __main__ - INFO - Train: loss 0.8499 acc1 94.56% f1 93.47%
2026-03-11 09:39:23 - __main__ - INFO - Test:   loss 1.7688 acc1 58.51% f1 55.85%
2026-03-11 09:39:23 - __main__ - INFO - 
Epoch 83/100 | lr 0.000049
2026-03-11 09:41:21 - __main__ - INFO - Train: loss 0.8519 acc1 94.43% f1 93.42%
2026-03-11 09:41:21 - __main__ - INFO - Test:   loss 1.7764 acc1 60.73% f1 57.11%
2026-03-11 09:41:21 - __main__ - INFO - 
Epoch 84/100 | lr 0.000044
2026-03-11 09:43:20 - __main__ - INFO - Train: loss 0.8480 acc1 94.67% f1 93.60%
2026-03-11 09:43:20 - __main__ - INFO - Test:   loss 1.5901 acc1 64.39% f1 59.83%
2026-03-11 09:43:20 - __main__ - INFO - 
Epoch 85/100 | lr 0.000039
2026-03-11 09:45:18 - __main__ - INFO - Train: loss 0.8450 acc1 94.31% f1 93.18%
2026-03-11 09:45:18 - __main__ - INFO - Test:   loss 1.6978 acc1 60.40% f1 57.80%
2026-03-11 09:45:18 - __main__ - INFO - 
Epoch 86/100 | lr 0.000034
2026-03-11 09:47:17 - __main__ - INFO - Train: loss 0.8373 acc1 94.78% f1 93.78%
2026-03-11 09:47:17 - __main__ - INFO - Test:   loss 1.8527 acc1 53.33% f1 51.13%
2026-03-11 09:47:17 - __main__ - INFO - 
Epoch 87/100 | lr 0.000030
2026-03-11 09:49:15 - __main__ - INFO - Train: loss 0.8355 acc1 95.01% f1 94.04%
2026-03-11 09:49:15 - __main__ - INFO - Test:   loss 1.8066 acc1 56.72% f1 54.78%
2026-03-11 09:49:15 - __main__ - INFO - 
Epoch 88/100 | lr 0.000026
2026-03-11 09:51:14 - __main__ - INFO - Train: loss 0.8325 acc1 94.87% f1 93.84%
2026-03-11 09:51:14 - __main__ - INFO - Test:   loss 1.7679 acc1 57.51% f1 55.72%
2026-03-11 09:51:14 - __main__ - INFO - 
Epoch 89/100 | lr 0.000023
2026-03-11 09:53:12 - __main__ - INFO - Train: loss 0.8307 acc1 95.02% f1 94.03%
2026-03-11 09:53:12 - __main__ - INFO - Test:   loss 1.7857 acc1 57.90% f1 54.51%
2026-03-11 09:53:12 - __main__ - INFO - 
Epoch 90/100 | lr 0.000019
2026-03-11 09:55:11 - __main__ - INFO - Train: loss 0.8301 acc1 95.10% f1 94.14%
2026-03-11 09:55:11 - __main__ - INFO - Test:   loss 1.8411 acc1 54.64% f1 51.67%
2026-03-11 09:55:11 - __main__ - INFO - 
Epoch 91/100 | lr 0.000016
2026-03-11 09:57:09 - __main__ - INFO - Train: loss 0.8266 acc1 94.98% f1 93.93%
2026-03-11 09:57:09 - __main__ - INFO - Test:   loss 1.7253 acc1 58.48% f1 55.35%
2026-03-11 09:57:09 - __main__ - INFO - 
Epoch 92/100 | lr 0.000013
2026-03-11 09:59:08 - __main__ - INFO - Train: loss 0.8270 acc1 95.02% f1 94.02%
2026-03-11 09:59:08 - __main__ - INFO - Test:   loss 1.7207 acc1 59.07% f1 56.28%
2026-03-11 09:59:08 - __main__ - INFO - 
Epoch 93/100 | lr 0.000011
2026-03-11 10:01:06 - __main__ - INFO - Train: loss 0.8241 acc1 95.11% f1 94.06%
2026-03-11 10:01:06 - __main__ - INFO - Test:   loss 1.8209 acc1 54.83% f1 51.69%
2026-03-11 10:01:06 - __main__ - INFO - 
Epoch 94/100 | lr 0.000008
2026-03-11 10:03:05 - __main__ - INFO - Train: loss 0.8229 acc1 95.18% f1 94.17%
2026-03-11 10:03:05 - __main__ - INFO - Test:   loss 1.7931 acc1 56.63% f1 53.98%
2026-03-11 10:03:05 - __main__ - INFO - 
Epoch 95/100 | lr 0.000006
2026-03-11 10:05:03 - __main__ - INFO - Train: loss 0.8219 acc1 95.06% f1 94.00%
2026-03-11 10:05:03 - __main__ - INFO - Test:   loss 1.7972 acc1 58.29% f1 55.09%
2026-03-11 10:05:03 - __main__ - INFO - 
Epoch 96/100 | lr 0.000005
2026-03-11 10:07:02 - __main__ - INFO - Train: loss 0.8219 acc1 95.17% f1 94.17%
2026-03-11 10:07:02 - __main__ - INFO - Test:   loss 1.7606 acc1 58.68% f1 56.90%
2026-03-11 10:07:02 - __main__ - INFO - 
Epoch 97/100 | lr 0.000003
2026-03-11 10:09:01 - __main__ - INFO - Train: loss 0.8204 acc1 95.14% f1 94.12%
2026-03-11 10:09:01 - __main__ - INFO - Test:   loss 1.7985 acc1 55.94% f1 53.33%
2026-03-11 10:09:01 - __main__ - INFO - 
Epoch 98/100 | lr 0.000002
2026-03-11 10:10:59 - __main__ - INFO - Train: loss 0.8198 acc1 95.14% f1 94.12%
2026-03-11 10:10:59 - __main__ - INFO - Test:   loss 1.7668 acc1 58.97% f1 56.99%
2026-03-11 10:10:59 - __main__ - INFO - 
Epoch 99/100 | lr 0.000002
2026-03-11 10:12:57 - __main__ - INFO - Train: loss 0.8195 acc1 95.21% f1 94.18%
2026-03-11 10:12:57 - __main__ - INFO - Test:   loss 1.7567 acc1 58.68% f1 56.22%
2026-03-11 10:12:57 - __main__ - INFO - 
Epoch 100/100 | lr 0.000001
2026-03-11 10:14:56 - __main__ - INFO - Train: loss 0.8191 acc1 95.11% f1 94.08%
2026-03-11 10:14:56 - __main__ - INFO - Test:   loss 1.7498 acc1 58.58% f1 56.02%
2026-03-11 10:15:01 - __main__ - INFO - 
Best tracked (test): 78.89%
2026-03-11 10:15:01 - __main__ - INFO - Final test: loss 1.7498 acc1 58.58% f1 56.02%
2026-03-11 10:15:02 - __main__ - INFO - Variant [low_saliency] done — test acc 58.58%, test F1 56.02%, test loss 1.7498
2026-03-11 10:15:02 - __main__ - INFO - 
============================================================
2026-03-11 10:15:02 - __main__ - INFO - Training output model (vit_b_16) on variant: high_saliency
2026-03-11 10:15:02 - __main__ - INFO -   Resolved config → lr=0.0005, wd=0.05, bs=32, epochs=100, scheduler=cosine, warmup=10
2026-03-11 10:15:02 - __main__ - INFO -   Eval split during training is forced to original test for fair comparability
2026-03-11 10:15:02 - __main__ - INFO - ============================================================
2026-03-11 10:15:02 - __main__ - INFO - device: cuda | cuda: True | gpu: NVIDIA L4
2026-03-11 10:15:04 - __main__ - INFO - Model: vit_b_16 | Dataset: malimg | Classes: 25
2026-03-11 10:15:04 - __main__ - INFO - 
Epoch 1/100 | lr 0.000000
2026-03-11 10:17:03 - __main__ - INFO - Train: loss 3.0390 acc1 21.23% f1 19.19%
2026-03-11 10:17:03 - __main__ - INFO - Test:   loss 3.3060 acc1 3.71% f1 0.57%
2026-03-11 10:17:03 - __main__ - INFO - saved best: 3.71%
2026-03-11 10:17:03 - __main__ - INFO - 
Epoch 2/100 | lr 0.000050
2026-03-11 10:19:01 - __main__ - INFO - Train: loss 1.6755 acc1 63.96% f1 57.15%
2026-03-11 10:19:01 - __main__ - INFO - Test:   loss 2.5035 acc1 32.21% f1 23.04%
2026-03-11 10:19:01 - __main__ - INFO - saved best: 32.21%
2026-03-11 10:19:01 - __main__ - INFO - 
Epoch 3/100 | lr 0.000100
2026-03-11 10:21:00 - __main__ - INFO - Train: loss 1.0457 acc1 87.43% f1 86.16%
2026-03-11 10:21:00 - __main__ - INFO - Test:   loss 2.2074 acc1 45.21% f1 35.07%
2026-03-11 10:21:00 - __main__ - INFO - saved best: 45.21%
2026-03-11 10:21:00 - __main__ - INFO - 
Epoch 4/100 | lr 0.000150
2026-03-11 10:22:59 - __main__ - INFO - Train: loss 0.8422 acc1 94.44% f1 93.67%
2026-03-11 10:22:59 - __main__ - INFO - Test:   loss 2.1703 acc1 47.25% f1 37.17%
2026-03-11 10:22:59 - __main__ - INFO - saved best: 47.25%
2026-03-11 10:22:59 - __main__ - INFO - 
Epoch 5/100 | lr 0.000200
2026-03-11 10:24:58 - __main__ - INFO - Train: loss 0.7829 acc1 95.66% f1 95.11%
2026-03-11 10:24:58 - __main__ - INFO - Test:   loss 2.1743 acc1 47.86% f1 37.03%
2026-03-11 10:24:58 - __main__ - INFO - saved best: 47.86%
2026-03-11 10:24:58 - __main__ - INFO - 
Epoch 6/100 | lr 0.000250
2026-03-11 10:26:57 - __main__ - INFO - Train: loss 0.7476 acc1 96.67% f1 96.06%
2026-03-11 10:26:57 - __main__ - INFO - Test:   loss 2.1897 acc1 47.62% f1 37.76%
2026-03-11 10:26:57 - __main__ - INFO - 
Epoch 7/100 | lr 0.000300
2026-03-11 10:28:55 - __main__ - INFO - Train: loss 0.7376 acc1 96.94% f1 96.35%
2026-03-11 10:28:55 - __main__ - INFO - Test:   loss 2.1924 acc1 50.55% f1 40.02%
2026-03-11 10:28:55 - __main__ - INFO - saved best: 50.55%
2026-03-11 10:28:55 - __main__ - INFO - 
Epoch 8/100 | lr 0.000350
2026-03-11 10:30:54 - __main__ - INFO - Train: loss 0.7286 acc1 97.08% f1 96.48%
2026-03-11 10:30:54 - __main__ - INFO - Test:   loss 2.2911 acc1 50.14% f1 38.78%
2026-03-11 10:30:54 - __main__ - INFO - 
Epoch 9/100 | lr 0.000400
2026-03-11 10:32:53 - __main__ - INFO - Train: loss 0.7234 acc1 97.22% f1 96.64%
2026-03-11 10:32:53 - __main__ - INFO - Test:   loss 1.9998 acc1 51.38% f1 40.57%
2026-03-11 10:32:53 - __main__ - INFO - saved best: 51.38%
2026-03-11 10:32:53 - __main__ - INFO - 
Epoch 10/100 | lr 0.000450
2026-03-11 10:34:52 - __main__ - INFO - Train: loss 0.7180 acc1 97.36% f1 96.78%
2026-03-11 10:34:52 - __main__ - INFO - Test:   loss 2.1405 acc1 50.97% f1 41.59%
2026-03-11 10:34:52 - __main__ - INFO - 
Epoch 11/100 | lr 0.000500
2026-03-11 10:36:51 - __main__ - INFO - Train: loss 0.7156 acc1 97.45% f1 96.89%
2026-03-11 10:36:51 - __main__ - INFO - Test:   loss 1.9959 acc1 50.95% f1 39.12%
2026-03-11 10:36:51 - __main__ - INFO - 
Epoch 12/100 | lr 0.000500
2026-03-11 10:38:49 - __main__ - INFO - Train: loss 0.7210 acc1 97.36% f1 96.78%
2026-03-11 10:38:49 - __main__ - INFO - Test:   loss 1.7816 acc1 54.12% f1 45.14%
2026-03-11 10:38:49 - __main__ - INFO - saved best: 54.12%
2026-03-11 10:38:49 - __main__ - INFO - 
Epoch 13/100 | lr 0.000499
2026-03-11 10:40:48 - __main__ - INFO - Train: loss 0.7255 acc1 96.96% f1 96.38%
2026-03-11 10:40:48 - __main__ - INFO - Test:   loss 1.8838 acc1 52.44% f1 42.22%
2026-03-11 10:40:48 - __main__ - INFO - 
Epoch 14/100 | lr 0.000499
2026-03-11 10:42:47 - __main__ - INFO - Train: loss 0.7201 acc1 97.28% f1 96.71%
2026-03-11 10:42:47 - __main__ - INFO - Test:   loss 1.9950 acc1 49.66% f1 36.32%
2026-03-11 10:42:47 - __main__ - INFO - 
Epoch 15/100 | lr 0.000498
2026-03-11 10:44:45 - __main__ - INFO - Train: loss 0.7239 acc1 97.37% f1 96.79%
2026-03-11 10:44:45 - __main__ - INFO - Test:   loss 1.7897 acc1 53.76% f1 43.69%
2026-03-11 10:44:45 - __main__ - INFO - 
Epoch 16/100 | lr 0.000496
2026-03-11 10:46:44 - __main__ - INFO - Train: loss 0.7318 acc1 97.22% f1 96.67%
2026-03-11 10:46:44 - __main__ - INFO - Test:   loss 1.7096 acc1 53.61% f1 45.34%
2026-03-11 10:46:44 - __main__ - INFO - 
Epoch 17/100 | lr 0.000495
2026-03-11 10:48:43 - __main__ - INFO - Train: loss 0.7277 acc1 97.16% f1 96.57%
2026-03-11 10:48:43 - __main__ - INFO - Test:   loss 1.9058 acc1 49.61% f1 42.68%
2026-03-11 10:48:43 - __main__ - INFO - 
Epoch 18/100 | lr 0.000493
2026-03-11 10:50:42 - __main__ - INFO - Train: loss 0.7325 acc1 97.21% f1 96.63%
2026-03-11 10:50:42 - __main__ - INFO - Test:   loss 1.8898 acc1 52.73% f1 43.91%
2026-03-11 10:50:42 - __main__ - INFO - 
Epoch 19/100 | lr 0.000490
2026-03-11 10:52:40 - __main__ - INFO - Train: loss 0.7269 acc1 97.49% f1 96.93%
2026-03-11 10:52:40 - __main__ - INFO - Test:   loss 1.6513 acc1 59.82% f1 53.57%
2026-03-11 10:52:40 - __main__ - INFO - saved best: 59.82%
2026-03-11 10:52:40 - __main__ - INFO - 
Epoch 20/100 | lr 0.000488
2026-03-11 10:54:39 - __main__ - INFO - Train: loss 0.7682 acc1 96.61% f1 96.02%
2026-03-11 10:54:39 - __main__ - INFO - Test:   loss 1.8744 acc1 51.10% f1 42.30%
2026-03-11 10:54:39 - __main__ - INFO - 
Epoch 21/100 | lr 0.000485
2026-03-11 10:56:38 - __main__ - INFO - Train: loss 0.7464 acc1 97.13% f1 96.56%
2026-03-11 10:56:38 - __main__ - INFO - Test:   loss 1.5624 acc1 65.90% f1 63.41%
2026-03-11 10:56:38 - __main__ - INFO - saved best: 65.90%
2026-03-11 10:56:38 - __main__ - INFO - 
Epoch 22/100 | lr 0.000482
2026-03-11 10:58:36 - __main__ - INFO - Train: loss 0.7657 acc1 96.82% f1 96.23%
2026-03-11 10:58:36 - __main__ - INFO - Test:   loss 1.8435 acc1 60.06% f1 57.88%
2026-03-11 10:58:36 - __main__ - INFO - 
Epoch 23/100 | lr 0.000478
2026-03-11 11:00:35 - __main__ - INFO - Train: loss 0.7727 acc1 96.55% f1 95.95%
2026-03-11 11:00:35 - __main__ - INFO - Test:   loss 1.8705 acc1 48.80% f1 37.00%
2026-03-11 11:00:35 - __main__ - INFO - 
Epoch 24/100 | lr 0.000475
2026-03-11 11:02:34 - __main__ - INFO - Train: loss 0.7817 acc1 96.61% f1 96.01%
2026-03-11 11:02:34 - __main__ - INFO - Test:   loss 1.7945 acc1 52.86% f1 46.92%
2026-03-11 11:02:34 - __main__ - INFO - 
Epoch 25/100 | lr 0.000471
2026-03-11 11:04:33 - __main__ - INFO - Train: loss 0.8258 acc1 95.49% f1 94.84%
2026-03-11 11:04:33 - __main__ - INFO - Test:   loss 1.7871 acc1 64.42% f1 61.88%
2026-03-11 11:04:33 - __main__ - INFO - 
Epoch 26/100 | lr 0.000467
2026-03-11 11:06:31 - __main__ - INFO - Train: loss 0.8142 acc1 95.69% f1 95.06%
2026-03-11 11:06:31 - __main__ - INFO - Test:   loss 1.3771 acc1 82.07% f1 78.44%
2026-03-11 11:06:31 - __main__ - INFO - saved best: 82.07%
2026-03-11 11:06:31 - __main__ - INFO - 
Epoch 27/100 | lr 0.000462
2026-03-11 11:08:30 - __main__ - INFO - Train: loss 0.7989 acc1 96.65% f1 96.03%
2026-03-11 11:08:30 - __main__ - INFO - Test:   loss 1.9017 acc1 51.54% f1 43.19%
2026-03-11 11:08:30 - __main__ - INFO - 
Epoch 28/100 | lr 0.000457
2026-03-11 11:10:29 - __main__ - INFO - Train: loss 0.8087 acc1 96.43% f1 95.80%
2026-03-11 11:10:29 - __main__ - INFO - Test:   loss 1.6551 acc1 67.26% f1 63.95%
2026-03-11 11:10:29 - __main__ - INFO - 
Epoch 29/100 | lr 0.000452
2026-03-11 11:12:27 - __main__ - INFO - Train: loss 0.9546 acc1 91.63% f1 90.83%
2026-03-11 11:12:27 - __main__ - INFO - Test:   loss 1.5236 acc1 64.12% f1 55.61%
2026-03-11 11:12:27 - __main__ - INFO - 
Epoch 30/100 | lr 0.000447
2026-03-11 11:14:26 - __main__ - INFO - Train: loss 0.8886 acc1 94.59% f1 93.86%
2026-03-11 11:14:26 - __main__ - INFO - Test:   loss 1.5836 acc1 71.95% f1 65.19%
2026-03-11 11:14:26 - __main__ - INFO - 
Epoch 31/100 | lr 0.000442
2026-03-11 11:16:25 - __main__ - INFO - Train: loss 0.8624 acc1 95.27% f1 94.58%
2026-03-11 11:16:25 - __main__ - INFO - Test:   loss 1.4732 acc1 76.78% f1 71.64%
2026-03-11 11:16:25 - __main__ - INFO - 
Epoch 32/100 | lr 0.000436
2026-03-11 11:18:23 - __main__ - INFO - Train: loss 0.9307 acc1 92.91% f1 92.12%
2026-03-11 11:18:23 - __main__ - INFO - Test:   loss 1.8493 acc1 52.66% f1 45.84%
2026-03-11 11:18:23 - __main__ - INFO - 
Epoch 33/100 | lr 0.000430
2026-03-11 11:20:22 - __main__ - INFO - Train: loss 0.8978 acc1 94.55% f1 93.80%
2026-03-11 11:20:22 - __main__ - INFO - Test:   loss 1.5861 acc1 73.24% f1 65.99%
2026-03-11 11:20:22 - __main__ - INFO - 
Epoch 34/100 | lr 0.000424
2026-03-11 11:22:21 - __main__ - INFO - Train: loss 0.8762 acc1 95.58% f1 94.88%
2026-03-11 11:22:21 - __main__ - INFO - Test:   loss 1.5911 acc1 75.91% f1 70.02%
2026-03-11 11:22:21 - __main__ - INFO - 
Epoch 35/100 | lr 0.000417
2026-03-11 11:24:19 - __main__ - INFO - Train: loss 0.8879 acc1 95.61% f1 94.87%
2026-03-11 11:24:19 - __main__ - INFO - Test:   loss 1.9341 acc1 45.03% f1 34.12%
2026-03-11 11:24:19 - __main__ - INFO - 
Epoch 36/100 | lr 0.000411
2026-03-11 11:26:18 - __main__ - INFO - Train: loss 0.9484 acc1 93.55% f1 92.76%
2026-03-11 11:26:18 - __main__ - INFO - Test:   loss 1.5147 acc1 74.76% f1 68.10%
2026-03-11 11:26:18 - __main__ - INFO - 
Epoch 37/100 | lr 0.000404
2026-03-11 11:28:16 - __main__ - INFO - Train: loss 0.9197 acc1 94.83% f1 94.06%
2026-03-11 11:28:16 - __main__ - INFO - Test:   loss 1.4975 acc1 77.43% f1 72.23%
2026-03-11 11:28:16 - __main__ - INFO - 
Epoch 38/100 | lr 0.000397
2026-03-11 11:30:15 - __main__ - INFO - Train: loss 0.9301 acc1 94.71% f1 93.90%
2026-03-11 11:30:15 - __main__ - INFO - Test:   loss 1.9157 acc1 56.83% f1 52.52%
2026-03-11 11:30:15 - __main__ - INFO - 
Epoch 39/100 | lr 0.000390
2026-03-11 11:32:14 - __main__ - INFO - Train: loss 0.9750 acc1 93.28% f1 92.46%
2026-03-11 11:32:14 - __main__ - INFO - Test:   loss 1.7652 acc1 62.18% f1 57.99%
2026-03-11 11:32:14 - __main__ - INFO - 
Epoch 40/100 | lr 0.000383
2026-03-11 11:34:12 - __main__ - INFO - Train: loss 0.9675 acc1 93.36% f1 92.55%
2026-03-11 11:34:12 - __main__ - INFO - Test:   loss 1.6590 acc1 68.98% f1 61.20%
2026-03-11 11:34:12 - __main__ - INFO - 
Epoch 41/100 | lr 0.000375
2026-03-11 11:36:11 - __main__ - INFO - Train: loss 1.0147 acc1 91.68% f1 90.65%
2026-03-11 11:36:11 - __main__ - INFO - Test:   loss 1.6617 acc1 71.22% f1 63.86%
2026-03-11 11:36:11 - __main__ - INFO - 
Epoch 42/100 | lr 0.000368
2026-03-11 11:38:10 - __main__ - INFO - Train: loss 1.0051 acc1 92.38% f1 91.63%
2026-03-11 11:38:10 - __main__ - INFO - Test:   loss 1.7353 acc1 65.86% f1 61.44%
2026-03-11 11:38:10 - __main__ - INFO - 
Epoch 43/100 | lr 0.000360
2026-03-11 11:40:08 - __main__ - INFO - Train: loss 1.0524 acc1 90.53% f1 89.47%
2026-03-11 11:40:08 - __main__ - INFO - Test:   loss 1.6306 acc1 71.14% f1 62.23%
2026-03-11 11:40:08 - __main__ - INFO - 
Epoch 44/100 | lr 0.000352
2026-03-11 11:42:07 - __main__ - INFO - Train: loss 1.0429 acc1 90.96% f1 89.97%
2026-03-11 11:42:07 - __main__ - INFO - Test:   loss 1.7710 acc1 64.51% f1 56.92%
2026-03-11 11:42:07 - __main__ - INFO - 
Epoch 45/100 | lr 0.000344
2026-03-11 11:44:05 - __main__ - INFO - Train: loss 0.9655 acc1 93.74% f1 92.86%
2026-03-11 11:44:05 - __main__ - INFO - Test:   loss 1.7258 acc1 66.54% f1 57.88%
2026-03-11 11:44:05 - __main__ - INFO - 
Epoch 46/100 | lr 0.000336
2026-03-11 11:46:04 - __main__ - INFO - Train: loss 1.0129 acc1 91.94% f1 91.03%
2026-03-11 11:46:04 - __main__ - INFO - Test:   loss 1.6506 acc1 66.53% f1 60.59%
2026-03-11 11:46:04 - __main__ - INFO - 
Epoch 47/100 | lr 0.000328
2026-03-11 11:48:03 - __main__ - INFO - Train: loss 1.0164 acc1 92.00% f1 91.08%
2026-03-11 11:48:03 - __main__ - INFO - Test:   loss 1.6348 acc1 70.09% f1 62.07%
2026-03-11 11:48:03 - __main__ - INFO - 
Epoch 48/100 | lr 0.000319
2026-03-11 11:50:01 - __main__ - INFO - Train: loss 0.9671 acc1 93.64% f1 92.69%
2026-03-11 11:50:01 - __main__ - INFO - Test:   loss 1.5093 acc1 74.52% f1 67.56%
2026-03-11 11:50:01 - __main__ - INFO - 
Epoch 49/100 | lr 0.000311
2026-03-11 11:52:00 - __main__ - INFO - Train: loss 1.0299 acc1 91.20% f1 90.07%
2026-03-11 11:52:00 - __main__ - INFO - Test:   loss 1.8351 acc1 64.31% f1 55.31%
2026-03-11 11:52:00 - __main__ - INFO - 
Epoch 50/100 | lr 0.000302
2026-03-11 11:53:58 - __main__ - INFO - Train: loss 1.0333 acc1 90.93% f1 89.68%
2026-03-11 11:53:58 - __main__ - INFO - Test:   loss 1.7085 acc1 54.61% f1 42.22%
2026-03-11 11:53:58 - __main__ - INFO - 
Epoch 51/100 | lr 0.000294
2026-03-11 11:55:57 - __main__ - INFO - Train: loss 1.1028 acc1 87.86% f1 86.50%
2026-03-11 11:55:57 - __main__ - INFO - Test:   loss 1.5237 acc1 72.41% f1 65.88%
2026-03-11 11:55:57 - __main__ - INFO - 
Epoch 52/100 | lr 0.000285
2026-03-11 11:57:55 - __main__ - INFO - Train: loss 0.9803 acc1 92.45% f1 91.28%
2026-03-11 11:57:55 - __main__ - INFO - Test:   loss 1.5825 acc1 70.48% f1 63.13%
2026-03-11 11:57:55 - __main__ - INFO - 
Epoch 53/100 | lr 0.000277
2026-03-11 11:59:54 - __main__ - INFO - Train: loss 1.0260 acc1 89.98% f1 88.80%
2026-03-11 11:59:54 - __main__ - INFO - Test:   loss 1.6065 acc1 71.28% f1 63.30%
2026-03-11 11:59:54 - __main__ - INFO - 
Epoch 54/100 | lr 0.000268
2026-03-11 12:01:52 - __main__ - INFO - Train: loss 1.0138 acc1 90.73% f1 89.67%
2026-03-11 12:01:52 - __main__ - INFO - Test:   loss 1.7518 acc1 73.28% f1 68.13%
2026-03-11 12:01:52 - __main__ - INFO - 
Epoch 55/100 | lr 0.000259
2026-03-11 12:03:51 - __main__ - INFO - Train: loss 0.9694 acc1 92.78% f1 91.73%
2026-03-11 12:03:51 - __main__ - INFO - Test:   loss 1.6369 acc1 69.89% f1 62.59%
2026-03-11 12:03:51 - __main__ - INFO - 
Epoch 56/100 | lr 0.000250
2026-03-11 12:05:50 - __main__ - INFO - Train: loss 1.0013 acc1 91.30% f1 90.19%
2026-03-11 12:05:50 - __main__ - INFO - Test:   loss 1.5019 acc1 72.66% f1 66.13%
2026-03-11 12:05:50 - __main__ - INFO - 
Epoch 57/100 | lr 0.000242
2026-03-11 12:07:48 - __main__ - INFO - Train: loss 0.9403 acc1 93.42% f1 92.33%
2026-03-11 12:07:48 - __main__ - INFO - Test:   loss 1.5165 acc1 72.97% f1 66.26%
2026-03-11 12:07:48 - __main__ - INFO - 
Epoch 58/100 | lr 0.000233
2026-03-11 12:09:47 - __main__ - INFO - Train: loss 1.0033 acc1 90.99% f1 89.80%
2026-03-11 12:09:47 - __main__ - INFO - Test:   loss 1.6142 acc1 75.41% f1 69.31%
2026-03-11 12:09:47 - __main__ - INFO - 
Epoch 59/100 | lr 0.000224
2026-03-11 12:11:45 - __main__ - INFO - Train: loss 0.9454 acc1 93.31% f1 92.26%
2026-03-11 12:11:45 - __main__ - INFO - Test:   loss 1.3813 acc1 75.86% f1 69.58%
2026-03-11 12:11:45 - __main__ - INFO - 
Epoch 60/100 | lr 0.000216
2026-03-11 12:13:44 - __main__ - INFO - Train: loss 0.9644 acc1 92.40% f1 91.31%
2026-03-11 12:13:44 - __main__ - INFO - Test:   loss 1.5380 acc1 72.26% f1 64.35%
2026-03-11 12:13:44 - __main__ - INFO - 
Epoch 61/100 | lr 0.000207
2026-03-11 12:15:42 - __main__ - INFO - Train: loss 0.9220 acc1 93.84% f1 92.84%
2026-03-11 12:15:42 - __main__ - INFO - Test:   loss 2.6350 acc1 37.68% f1 24.40%
2026-03-11 12:15:42 - __main__ - INFO - 
Epoch 62/100 | lr 0.000199
2026-03-11 12:17:41 - __main__ - INFO - Train: loss 1.0880 acc1 87.71% f1 86.43%
2026-03-11 12:17:41 - __main__ - INFO - Test:   loss 1.4682 acc1 72.25% f1 64.65%
2026-03-11 12:17:41 - __main__ - INFO - 
Epoch 63/100 | lr 0.000190
2026-03-11 12:19:39 - __main__ - INFO - Train: loss 0.9172 acc1 93.84% f1 92.79%
2026-03-11 12:19:39 - __main__ - INFO - Test:   loss 1.4276 acc1 75.05% f1 67.82%
2026-03-11 12:19:39 - __main__ - INFO - 
Epoch 64/100 | lr 0.000182
2026-03-11 12:21:38 - __main__ - INFO - Train: loss 0.9924 acc1 91.05% f1 89.94%
2026-03-11 12:21:38 - __main__ - INFO - Test:   loss 1.2953 acc1 75.31% f1 69.37%
2026-03-11 12:21:38 - __main__ - INFO - 
Epoch 65/100 | lr 0.000173
2026-03-11 12:23:36 - __main__ - INFO - Train: loss 0.9045 acc1 94.01% f1 93.22%
2026-03-11 12:23:36 - __main__ - INFO - Test:   loss 1.4054 acc1 75.03% f1 68.32%
2026-03-11 12:23:36 - __main__ - INFO - 
Epoch 66/100 | lr 0.000165
2026-03-11 12:25:35 - __main__ - INFO - Train: loss 0.8871 acc1 94.76% f1 93.95%
2026-03-11 12:25:35 - __main__ - INFO - Test:   loss 1.4383 acc1 75.89% f1 71.09%
2026-03-11 12:25:35 - __main__ - INFO - 
Epoch 67/100 | lr 0.000157
2026-03-11 12:27:34 - __main__ - INFO - Train: loss 0.9046 acc1 94.23% f1 93.33%
2026-03-11 12:27:34 - __main__ - INFO - Test:   loss 1.3250 acc1 75.08% f1 69.19%
2026-03-11 12:27:34 - __main__ - INFO - 
Epoch 68/100 | lr 0.000149
2026-03-11 12:29:32 - __main__ - INFO - Train: loss 0.8934 acc1 94.46% f1 93.66%
2026-03-11 12:29:32 - __main__ - INFO - Test:   loss 1.3783 acc1 76.67% f1 70.64%
2026-03-11 12:29:32 - __main__ - INFO - 
Epoch 69/100 | lr 0.000141
2026-03-11 12:31:31 - __main__ - INFO - Train: loss 1.0046 acc1 90.26% f1 89.38%
2026-03-11 12:31:31 - __main__ - INFO - Test:   loss 1.4004 acc1 77.61% f1 71.26%
2026-03-11 12:31:31 - __main__ - INFO - 
Epoch 70/100 | lr 0.000133
2026-03-11 12:33:29 - __main__ - INFO - Train: loss 0.8894 acc1 94.59% f1 93.73%
2026-03-11 12:33:29 - __main__ - INFO - Test:   loss 1.5504 acc1 74.11% f1 68.33%
2026-03-11 12:33:29 - __main__ - INFO - 
Epoch 71/100 | lr 0.000126
2026-03-11 12:35:28 - __main__ - INFO - Train: loss 0.8821 acc1 94.93% f1 94.12%
2026-03-11 12:35:28 - __main__ - INFO - Test:   loss 1.4679 acc1 70.33% f1 64.96%
2026-03-11 12:35:28 - __main__ - INFO - 
Epoch 72/100 | lr 0.000118
2026-03-11 12:37:26 - __main__ - INFO - Train: loss 0.8751 acc1 95.05% f1 94.25%
2026-03-11 12:37:26 - __main__ - INFO - Test:   loss 1.4179 acc1 75.96% f1 70.64%
2026-03-11 12:37:26 - __main__ - INFO - 
Epoch 73/100 | lr 0.000111
2026-03-11 12:39:25 - __main__ - INFO - Train: loss 0.8635 acc1 95.41% f1 94.67%
2026-03-11 12:39:25 - __main__ - INFO - Test:   loss 1.4646 acc1 74.24% f1 68.14%
2026-03-11 12:39:25 - __main__ - INFO - 
Epoch 74/100 | lr 0.000104
2026-03-11 12:41:23 - __main__ - INFO - Train: loss 0.8675 acc1 95.38% f1 94.68%
2026-03-11 12:41:23 - __main__ - INFO - Test:   loss 1.2467 acc1 79.53% f1 75.17%
2026-03-11 12:41:23 - __main__ - INFO - 
Epoch 75/100 | lr 0.000097
2026-03-11 12:43:22 - __main__ - INFO - Train: loss 0.8549 acc1 95.62% f1 94.93%
2026-03-11 12:43:22 - __main__ - INFO - Test:   loss 1.3577 acc1 74.80% f1 68.03%
2026-03-11 12:43:22 - __main__ - INFO - 
Epoch 76/100 | lr 0.000090
2026-03-11 12:45:21 - __main__ - INFO - Train: loss 0.8490 acc1 95.85% f1 95.15%
2026-03-11 12:45:21 - __main__ - INFO - Test:   loss 1.4328 acc1 71.79% f1 65.33%
2026-03-11 12:45:21 - __main__ - INFO - 
Epoch 77/100 | lr 0.000084
2026-03-11 12:47:19 - __main__ - INFO - Train: loss 0.8519 acc1 95.49% f1 94.77%
2026-03-11 12:47:19 - __main__ - INFO - Test:   loss 1.3086 acc1 78.11% f1 71.94%
2026-03-11 12:47:19 - __main__ - INFO - 
Epoch 78/100 | lr 0.000077
2026-03-11 12:49:18 - __main__ - INFO - Train: loss 0.8474 acc1 95.96% f1 95.44%
2026-03-11 12:49:18 - __main__ - INFO - Test:   loss 1.5900 acc1 73.93% f1 69.72%
2026-03-11 12:49:18 - __main__ - INFO - 
Epoch 79/100 | lr 0.000071
2026-03-11 12:51:16 - __main__ - INFO - Train: loss 0.8430 acc1 96.02% f1 95.34%
2026-03-11 12:51:16 - __main__ - INFO - Test:   loss 1.5386 acc1 72.97% f1 67.14%
2026-03-11 12:51:16 - __main__ - INFO - 
Epoch 80/100 | lr 0.000065
2026-03-11 12:53:15 - __main__ - INFO - Train: loss 0.8371 acc1 96.26% f1 95.60%
2026-03-11 12:53:15 - __main__ - INFO - Test:   loss 1.4188 acc1 73.46% f1 66.79%
2026-03-11 12:53:15 - __main__ - INFO - 
Epoch 81/100 | lr 0.000059
2026-03-11 12:55:13 - __main__ - INFO - Train: loss 0.8422 acc1 95.83% f1 95.15%
2026-03-11 12:55:13 - __main__ - INFO - Test:   loss 1.3268 acc1 76.29% f1 70.65%
2026-03-11 12:55:13 - __main__ - INFO - 
Epoch 82/100 | lr 0.000054
2026-03-11 12:57:12 - __main__ - INFO - Train: loss 0.8328 acc1 96.17% f1 95.50%
2026-03-11 12:57:12 - __main__ - INFO - Test:   loss 1.3620 acc1 76.20% f1 71.10%
2026-03-11 12:57:12 - __main__ - INFO - 
Epoch 83/100 | lr 0.000049
2026-03-11 12:59:11 - __main__ - INFO - Train: loss 0.8279 acc1 96.31% f1 95.69%
2026-03-11 12:59:11 - __main__ - INFO - Test:   loss 1.4468 acc1 74.15% f1 67.88%
2026-03-11 12:59:11 - __main__ - INFO - 
Epoch 84/100 | lr 0.000044
2026-03-11 13:01:09 - __main__ - INFO - Train: loss 0.8360 acc1 95.96% f1 95.43%
2026-03-11 13:01:09 - __main__ - INFO - Test:   loss 1.6815 acc1 72.10% f1 63.99%
2026-03-11 13:01:09 - __main__ - INFO - 
Epoch 85/100 | lr 0.000039
2026-03-11 13:03:08 - __main__ - INFO - Train: loss 0.8248 acc1 96.18% f1 95.50%
2026-03-11 13:03:08 - __main__ - INFO - Test:   loss 1.3382 acc1 77.19% f1 71.25%
2026-03-11 13:03:08 - __main__ - INFO - 
Epoch 86/100 | lr 0.000034
2026-03-11 13:05:06 - __main__ - INFO - Train: loss 0.8174 acc1 96.53% f1 95.91%
2026-03-11 13:05:06 - __main__ - INFO - Test:   loss 1.3990 acc1 74.73% f1 68.50%
2026-03-11 13:05:06 - __main__ - INFO - 
Epoch 87/100 | lr 0.000030
2026-03-11 13:07:05 - __main__ - INFO - Train: loss 0.8168 acc1 96.70% f1 96.10%
2026-03-11 13:07:05 - __main__ - INFO - Test:   loss 1.3594 acc1 75.75% f1 69.84%
2026-03-11 13:07:05 - __main__ - INFO - 
Epoch 88/100 | lr 0.000026
2026-03-11 13:09:03 - __main__ - INFO - Train: loss 0.8131 acc1 96.70% f1 96.08%
2026-03-11 13:09:03 - __main__ - INFO - Test:   loss 1.4249 acc1 74.97% f1 68.76%
2026-03-11 13:09:03 - __main__ - INFO - 
Epoch 89/100 | lr 0.000023
2026-03-11 13:11:02 - __main__ - INFO - Train: loss 0.8097 acc1 96.62% f1 95.98%
2026-03-11 13:11:02 - __main__ - INFO - Test:   loss 1.3988 acc1 75.75% f1 69.78%
2026-03-11 13:11:02 - __main__ - INFO - 
Epoch 90/100 | lr 0.000019
2026-03-11 13:13:01 - __main__ - INFO - Train: loss 0.8101 acc1 96.63% f1 96.02%
2026-03-11 13:13:01 - __main__ - INFO - Test:   loss 1.4145 acc1 75.89% f1 69.32%
2026-03-11 13:13:01 - __main__ - INFO - 
Epoch 91/100 | lr 0.000016
2026-03-11 13:14:59 - __main__ - INFO - Train: loss 0.8078 acc1 96.75% f1 96.16%
2026-03-11 13:14:59 - __main__ - INFO - Test:   loss 1.4451 acc1 75.63% f1 69.82%
2026-03-11 13:14:59 - __main__ - INFO - 
Epoch 92/100 | lr 0.000013
2026-03-11 13:16:58 - __main__ - INFO - Train: loss 0.8067 acc1 96.81% f1 96.20%
2026-03-11 13:16:58 - __main__ - INFO - Test:   loss 1.3641 acc1 76.80% f1 70.73%
2026-03-11 13:16:58 - __main__ - INFO - 
Epoch 93/100 | lr 0.000011
2026-03-11 13:18:56 - __main__ - INFO - Train: loss 0.8040 acc1 96.82% f1 96.22%
2026-03-11 13:18:56 - __main__ - INFO - Test:   loss 1.3831 acc1 77.19% f1 71.58%
2026-03-11 13:18:56 - __main__ - INFO - 
Epoch 94/100 | lr 0.000008
2026-03-11 13:20:55 - __main__ - INFO - Train: loss 0.8027 acc1 96.74% f1 96.12%
2026-03-11 13:20:55 - __main__ - INFO - Test:   loss 1.4107 acc1 76.48% f1 70.51%
2026-03-11 13:20:55 - __main__ - INFO - 
Epoch 95/100 | lr 0.000006
2026-03-11 13:22:54 - __main__ - INFO - Train: loss 0.8023 acc1 96.77% f1 96.16%
2026-03-11 13:22:54 - __main__ - INFO - Test:   loss 1.4076 acc1 75.42% f1 69.60%
2026-03-11 13:22:54 - __main__ - INFO - 
Epoch 96/100 | lr 0.000005
2026-03-11 13:24:52 - __main__ - INFO - Train: loss 0.8019 acc1 96.94% f1 96.34%
2026-03-11 13:24:52 - __main__ - INFO - Test:   loss 1.3793 acc1 76.50% f1 70.76%
2026-03-11 13:24:52 - __main__ - INFO - 
Epoch 97/100 | lr 0.000003
2026-03-11 13:26:51 - __main__ - INFO - Train: loss 0.8000 acc1 96.93% f1 96.32%
2026-03-11 13:26:51 - __main__ - INFO - Test:   loss 1.4183 acc1 75.00% f1 68.99%
2026-03-11 13:26:51 - __main__ - INFO - 
Epoch 98/100 | lr 0.000002
2026-03-11 13:28:49 - __main__ - INFO - Train: loss 0.7993 acc1 96.93% f1 96.33%
2026-03-11 13:28:49 - __main__ - INFO - Test:   loss 1.3998 acc1 76.31% f1 70.29%
2026-03-11 13:28:49 - __main__ - INFO - 
Epoch 99/100 | lr 0.000002
2026-03-11 13:30:48 - __main__ - INFO - Train: loss 0.7991 acc1 97.06% f1 96.48%
2026-03-11 13:30:48 - __main__ - INFO - Test:   loss 1.3861 acc1 75.56% f1 69.55%
2026-03-11 13:30:48 - __main__ - INFO - 
Epoch 100/100 | lr 0.000001
2026-03-11 13:32:47 - __main__ - INFO - Train: loss 0.7982 acc1 97.00% f1 96.41%
2026-03-11 13:32:47 - __main__ - INFO - Test:   loss 1.4015 acc1 76.02% f1 70.11%
2026-03-11 13:32:52 - __main__ - INFO - 
Best tracked (test): 82.07%
2026-03-11 13:32:52 - __main__ - INFO - Final test: loss 1.4015 acc1 76.02% f1 70.11%
2026-03-11 13:32:53 - __main__ - INFO - Variant [high_saliency] done — test acc 76.02%, test F1 70.11%, test loss 1.4015
2026-03-11 13:32:53 - __main__ - INFO - 
Results saved to ./runs/malimg_2026_03_10/comparison_results.json
2026-03-11 13:32:53 - __main__ - INFO - 
========================================================================
2026-03-11 13:32:53 - __main__ - INFO - COMPARISON RESULTS — output model: resnet18
2026-03-11 13:32:53 - __main__ - INFO - ========================================================================
2026-03-11 13:32:53 - __main__ - INFO - Variant              Accuracy         F1       Loss
2026-03-11 13:32:53 - __main__ - INFO - ------------------ ---------- ---------- ----------
2026-03-11 13:32:53 - __main__ - INFO - original               98.43%     97.85%     0.0566
2026-03-11 13:32:53 - __main__ - INFO - random                 14.87%     12.50%    11.7243
2026-03-11 13:32:53 - __main__ - INFO - low_saliency           92.26%     90.36%     0.2933
2026-03-11 13:32:53 - __main__ - INFO - high_saliency          86.98%     85.75%     0.5027
2026-03-11 13:32:53 - __main__ - INFO - ========================================================================
2026-03-11 13:32:53 - __main__ - INFO - 
========================================================================
2026-03-11 13:32:53 - __main__ - INFO - COMPARISON RESULTS — output model: vit_b_16
2026-03-11 13:32:53 - __main__ - INFO - ========================================================================
2026-03-11 13:32:53 - __main__ - INFO - Variant              Accuracy         F1       Loss
2026-03-11 13:32:53 - __main__ - INFO - ------------------ ---------- ---------- ----------
2026-03-11 13:32:53 - __main__ - INFO - original               95.87%     95.47%     0.8053
2026-03-11 13:32:53 - __main__ - INFO - random                  2.51%      1.82%     3.0369
2026-03-11 13:32:53 - __main__ - INFO - low_saliency           58.58%     56.02%     1.7498
2026-03-11 13:32:53 - __main__ - INFO - high_saliency          76.02%     70.11%     1.4015
2026-03-11 13:32:53 - __main__ - INFO - ========================================================================
