2026-06-28 03:26:46 - __main__ - INFO - Run parameters: {"_cam_checkpoint_fingerprint": {"mtime_ns": 1782616873629905142, "path": "/content/CAMRegularization/runs/cifar100/resnet18/42/resnet18_seed42_none/best_model.pt", "sha256": "22828d4129f80d87fc8a41e7605eb6ba2abc47f37ecb710ae5077698ccf928dd", "size": 44961355}, "adamw_betas": [0.9, 0.999], "adamw_eps": 1e-08, "amp": true, "batch_size": 128, "cam_cache_dir": "/content/cam_cache/cifar100/resnet18/seed42", "cam_layer": "auto", "cam_precompute_only": false, "cutout_area": 0.1, "cutout_m": 8, "cutout_mode": "cam_high", "cutout_size": 0, "data_dir": "./data", "dataset": "cifar100", "deterministic_train_transforms": true, "epochs": 100, "gamma": 0.1, "grayscale": false, "include_regex": "", "label_smoothing": 0.0, "log_every": 100, "lr": 0.1, "milestones": "60,80", "min_lr": 1e-05, "model": "resnet18", "momentum": 0.9, "nesterov": false, "num_workers": 4, "optimizer": "sgd", "out_dir": "runs/cifar100/resnet18/42", "run_name": "resnet18_seed42_cam_high_M8_area0.1", "saliency_candidate_percent": 10.0, "scheduler": "cosine", "seed": 42, "teacher_checkpoint": "runs/cifar100/resnet18/42/resnet18_seed42_none/best_model.pt", "teacher_checkpoint_sha256": "22828d4129f80d87fc8a41e7605eb6ba2abc47f37ecb710ae5077698ccf928dd", "teacher_model": "resnet18", "val_split": 0.1, "warmup_epochs": 5, "weight_decay": 0.0005}
2026-06-28 03:26:46 - __main__ - INFO - device: cuda | cuda: True | gpu: NVIDIA A100-SXM4-40GB
2026-06-28 03:26:49 - __main__ - INFO - Model: resnet18 | Dataset: cifar100 | Classes: 100 | Optimizer: sgd
2026-06-28 03:26:50 - __main__ - INFO - CAM saliency cache directory: /content/cam_cache/cifar100/resnet18/seed42
2026-06-28 03:26:50 - __main__ - INFO - CAM cache-only mode for DataLoader workers; cache misses will raise. Run the same command once with --cam_precompute_only --num_workers 0 --deterministic_train_transforms before high-worker training.
2026-06-28 03:26:50 - __main__ - INFO - CAM saliency cache enabled: /content/cam_cache/cifar100/resnet18/seed42
2026-06-28 03:26:50 - __main__ - INFO - Cutout enabled: mode=cam_high m=8 size=None area=0.1
2026-06-28 03:26:50 - __main__ - INFO - CAM cache hit: /content/cam_cache/cifar100/resnet18/seed42/1e/00/1e00b671780f4faf834e5805457a98dc9a3d60a75d2b90305984e137d191cbfd.pt
2026-06-28 03:26:50 - __main__ - INFO - CAM cutout window: index=0 copy=1 cutout_mode=cam_high top=11 left=12 height=10 width=10
2026-06-28 03:26:50 - __main__ - INFO - CAM cache hit: /content/cam_cache/cifar100/resnet18/seed42/1e/00/1e00b671780f4faf834e5805457a98dc9a3d60a75d2b90305984e137d191cbfd.pt
2026-06-28 03:26:50 - __main__ - INFO - CAM cutout window: index=0 copy=2 cutout_mode=cam_high top=11 left=14 height=10 width=10
2026-06-28 03:26:50 - __main__ - INFO - CAM cache hit: /content/cam_cache/cifar100/resnet18/seed42/1e/00/1e00b671780f4faf834e5805457a98dc9a3d60a75d2b90305984e137d191cbfd.pt
2026-06-28 03:26:50 - __main__ - INFO - CAM cutout window: index=0 copy=3 cutout_mode=cam_high top=10 left=13 height=10 width=10
2026-06-28 03:26:50 - __main__ - INFO - Validated CAM cutout generation for mode cam_high
2026-06-28 03:26:50 - __main__ - INFO - 
Epoch 1/100 | lr 0.000100
2026-06-28 03:26:50 - __main__ - INFO - CAM cache hit: /content/cam_cache/cifar100/resnet18/seed42/1f/ab/1fabbe4f8489e07badc7d530dcb61d4f1adf34e1e0161fa6ed80cc2e1fb5656a.pt
2026-06-28 03:26:50 - __main__ - INFO - CAM cache hit: /content/cam_cache/cifar100/resnet18/seed42/70/6d/706d0e9696230e847fc57e83003b0db8fa8b1bb4c6edbe006d692d1d5176a3c0.pt
2026-06-28 03:26:50 - __main__ - INFO - CAM cutout window: index=34526 copy=2 cutout_mode=cam_high top=11 left=6 height=10 width=10
2026-06-28 03:26:50 - __main__ - INFO - CAM cutout window: index=21211 copy=7 cutout_mode=cam_high top=12 left=12 height=10 width=10
2026-06-28 03:26:50 - __main__ - INFO - CAM cache hit: /content/cam_cache/cifar100/resnet18/seed42/f2/2f/f22fe663b9a4342fa48c5bddda96085a1b32dbfdea0ef260b45a3dee2ba7040f.pt
2026-06-28 03:26:50 - __main__ - INFO - CAM cache hit: /content/cam_cache/cifar100/resnet18/seed42/d7/4d/d74d0909a07f5cc22237686577353b5c896c1a4a0bfb77201126fa68e1a0c40b.pt
2026-06-28 03:26:50 - __main__ - INFO - CAM cutout window: index=22616 copy=8 cutout_mode=cam_high top=4 left=9 height=10 width=10
2026-06-28 03:26:50 - __main__ - INFO - CAM cutout window: index=12856 copy=5 cutout_mode=cam_high top=13 left=13 height=10 width=10
2026-06-28 03:26:50 - __main__ - INFO - CAM cache hit: /content/cam_cache/cifar100/resnet18/seed42/ae/f9/aef9a4163a318d4fdcb5dca5d7360bbe9e4ac4e0a3d2ac2acab317e449ede3f1.pt
2026-06-28 03:26:50 - __main__ - INFO - CAM cache hit: /content/cam_cache/cifar100/resnet18/seed42/71/c2/71c227a25f6a45564f045f40409a35ae621f1cee07a3cd40ec44333842ac3e51.pt
2026-06-28 03:26:50 - __main__ - INFO - CAM cutout window: index=22039 copy=1 cutout_mode=cam_high top=11 left=5 height=10 width=10
2026-06-28 03:26:50 - __main__ - INFO - CAM cutout window: index=26666 copy=5 cutout_mode=cam_high top=11 left=13 height=10 width=10
2026-06-28 03:26:50 - __main__ - INFO - CAM cache hit: /content/cam_cache/cifar100/resnet18/seed42/71/2d/712d3d58adbf3235200b4fedfdc2521e68f84978f9e5c30bb8e780222ba5523c.pt
2026-06-28 03:26:50 - __main__ - INFO - CAM cutout window: index=37588 copy=3 cutout_mode=cam_high top=10 left=8 height=10 width=10
2026-06-28 03:26:50 - __main__ - INFO - CAM cache hit: /content/cam_cache/cifar100/resnet18/seed42/f0/d7/f0d7a8dea781c4d2dfc5fab0e9327670de2dea7817a6b2f913a63d48128c2f6f.pt
2026-06-28 03:26:50 - __main__ - INFO - CAM cutout window: index=11814 copy=4 cutout_mode=cam_high top=13 left=14 height=10 width=10
2026-06-28 03:28:52 - __main__ - INFO - Train: loss 4.3926 acc1 4.87%
2026-06-28 03:28:52 - __main__ - INFO - Val:   loss 4.1632 acc1 7.48%
2026-06-28 03:28:52 - __main__ - INFO - saved best: 7.48%
2026-06-28 03:28:52 - __main__ - INFO - 
Epoch 2/100 | lr 0.020080
2026-06-28 03:28:52 - __main__ - INFO - CAM cache hit: /content/cam_cache/cifar100/resnet18/seed42/8e/8c/8e8c337110d8301ab1ebcee96c75517c8b2311d47258c7d23bdf52ba283a5a73.pt
2026-06-28 03:28:52 - __main__ - INFO - CAM cache hit: /content/cam_cache/cifar100/resnet18/seed42/15/04/15049019d7cb57d97ce54d7ce1da9dce95dd9e521acc47ccfba4df7eae2b4b32.pt
2026-06-28 03:28:52 - __main__ - INFO - CAM cutout window: index=41467 copy=8 cutout_mode=cam_high top=11 left=12 height=10 width=10
2026-06-28 03:28:52 - __main__ - INFO - CAM cutout window: index=38293 copy=8 cutout_mode=cam_high top=13 left=10 height=10 width=10
2026-06-28 03:28:52 - __main__ - INFO - CAM cache hit: /content/cam_cache/cifar100/resnet18/seed42/db/68/db687657c2ba12324e303534f24f8cca61ccddf0dc7e4ffc3b17b6d620a82fae.pt
2026-06-28 03:28:52 - __main__ - INFO - CAM cache hit: /content/cam_cache/cifar100/resnet18/seed42/44/9a/449aab3451569d6592dfa59f2fd67b6254bd9bce7f76b1b3d8312d7d9e78da89.pt
2026-06-28 03:28:52 - __main__ - INFO - CAM cutout window: index=21071 copy=2 cutout_mode=cam_high top=9 left=12 height=10 width=10
2026-06-28 03:28:52 - __main__ - INFO - CAM cache hit: /content/cam_cache/cifar100/resnet18/seed42/7d/9b/7d9bd05518803009d658ab03bbe133581de870686b588d7909edeaf82c94914f.pt
2026-06-28 03:28:52 - __main__ - INFO - CAM cutout window: index=41485 copy=4 cutout_mode=cam_high top=16 left=12 height=10 width=10
2026-06-28 03:28:52 - __main__ - INFO - CAM cache hit: /content/cam_cache/cifar100/resnet18/seed42/cc/ab/ccab4fb5e72cc41cfbf8e66eb1ec5f4c4d72514a920e290e2baa1f0f7e1f13a0.pt
2026-06-28 03:28:52 - __main__ - INFO - CAM cutout window: index=5107 copy=8 cutout_mode=cam_high top=13 left=15 height=10 width=10
2026-06-28 03:28:52 - __main__ - INFO - CAM cutout window: index=18073 copy=6 cutout_mode=cam_high top=13 left=8 height=10 width=10
2026-06-28 03:28:52 - __main__ - INFO - CAM cache hit: /content/cam_cache/cifar100/resnet18/seed42/32/a4/32a49024ad0a73a36e0554f45ad75065249bf3dde2ffeac837c8b53b0d0d7091.pt
2026-06-28 03:28:52 - __main__ - INFO - CAM cache hit: /content/cam_cache/cifar100/resnet18/seed42/2a/bc/2abce4b6eb4e2f4287570994f52623fb55604da367f792cdfa8e3e7a6f796e02.pt
2026-06-28 03:28:52 - __main__ - INFO - CAM cutout window: index=17944 copy=6 cutout_mode=cam_high top=16 left=12 height=10 width=10
2026-06-28 03:28:52 - __main__ - INFO - CAM cutout window: index=13575 copy=5 cutout_mode=cam_high top=9 left=11 height=10 width=10
2026-06-28 03:30:53 - __main__ - INFO - Train: loss 1.9034 acc1 50.44%
2026-06-28 03:30:53 - __main__ - INFO - Val:   loss 2.4831 acc1 41.08%
2026-06-28 03:30:53 - __main__ - INFO - saved best: 41.08%
2026-06-28 03:30:53 - __main__ - INFO - 
Epoch 3/100 | lr 0.040060
2026-06-28 03:30:53 - __main__ - INFO - CAM cache hit: /content/cam_cache/cifar100/resnet18/seed42/f2/ab/f2abf0231597a1723c3ab1b3675899348b289fdb600bd8422e339d0d9c3841c4.pt
2026-06-28 03:30:53 - __main__ - INFO - CAM cache hit: /content/cam_cache/cifar100/resnet18/seed42/27/fd/27fda15179452941b63429a4696d23f33adcc0659ae9d4ad2963ac4667597dbf.pt
2026-06-28 03:30:53 - __main__ - INFO - CAM cache hit: /content/cam_cache/cifar100/resnet18/seed42/df/92/df9290dd52dba445ce57b60eab1ed31d9c3c5b0ea45204670ec0b8c78d85c291.pt
2026-06-28 03:30:53 - __main__ - INFO - CAM cache hit: /content/cam_cache/cifar100/resnet18/seed42/0c/68/0c68787d99befe3aa6bbc58c0910b89713286a6ea88dd739feb33a475b86d9f7.pt
2026-06-28 03:30:53 - __main__ - INFO - CAM cutout window: index=11214 copy=8 cutout_mode=cam_high top=8 left=10 height=10 width=10
2026-06-28 03:30:53 - __main__ - INFO - CAM cutout window: index=5852 copy=1 cutout_mode=cam_high top=14 left=11 height=10 width=10
2026-06-28 03:30:53 - __main__ - INFO - CAM cutout window: index=44498 copy=1 cutout_mode=cam_high top=11 left=10 height=10 width=10
2026-06-28 03:30:53 - __main__ - INFO - CAM cutout window: index=916 copy=3 cutout_mode=cam_high top=15 left=13 height=10 width=10
2026-06-28 03:30:53 - __main__ - INFO - CAM cache hit: /content/cam_cache/cifar100/resnet18/seed42/85/dc/85dcea82bdef65e5ecfa4b687550ca3de0978ba3f21d90cbf8ff0a99249ce29b.pt
2026-06-28 03:30:53 - __main__ - INFO - CAM cache hit: /content/cam_cache/cifar100/resnet18/seed42/7d/21/7d21ec43203ba6153405958fbbc41152cf646d70bda8882c6695e56677a8686d.pt
2026-06-28 03:30:53 - __main__ - INFO - CAM cutout window: index=24371 copy=8 cutout_mode=cam_high top=8 left=13 height=10 width=10
2026-06-28 03:30:53 - __main__ - INFO - CAM cache hit: /content/cam_cache/cifar100/resnet18/seed42/da/0a/da0a01927aa85adfedaa9dc191373afe9c9fe7524340f27b30a1f3c075a1bb74.pt
2026-06-28 03:30:53 - __main__ - INFO - CAM cutout window: index=12057 copy=6 cutout_mode=cam_high top=7 left=7 height=10 width=10
2026-06-28 03:30:53 - __main__ - INFO - CAM cutout window: index=31555 copy=1 cutout_mode=cam_high top=10 left=12 height=10 width=10
2026-06-28 03:30:53 - __main__ - INFO - CAM cache hit: /content/cam_cache/cifar100/resnet18/seed42/b8/ef/b8ef5e32dde866580163f4d9535eb7f40f00381790fa6ecf9082c3de3fde2322.pt
2026-06-28 03:30:53 - __main__ - INFO - CAM cutout window: index=22021 copy=3 cutout_mode=cam_high top=10 left=13 height=10 width=10
2026-06-28 03:32:54 - __main__ - INFO - Train: loss 0.6215 acc1 82.06%
2026-06-28 03:32:54 - __main__ - INFO - Val:   loss 2.4305 acc1 45.61%
2026-06-28 03:32:54 - __main__ - INFO - saved best: 45.61%
2026-06-28 03:32:54 - __main__ - INFO - 
Epoch 4/100 | lr 0.060040
2026-06-28 03:32:55 - __main__ - INFO - CAM cache hit: /content/cam_cache/cifar100/resnet18/seed42/bb/15/bb154a355d38fdd8acac55570928b2dd889933bad44ba74ac8699efda0d89236.pt
2026-06-28 03:32:55 - __main__ - INFO - CAM cache hit: /content/cam_cache/cifar100/resnet18/seed42/b5/1d/b51d388e11e5ad69b984bbfae439dc9786dcfbb5fd3ef5282119ff4455a0733f.pt
2026-06-28 03:32:55 - __main__ - INFO - CAM cache hit: /content/cam_cache/cifar100/resnet18/seed42/1c/ea/1ceab306490cd90306e881efc71a4bebf59ffd62c17ea7bacf211126aa47c5f9.pt
2026-06-28 03:32:55 - __main__ - INFO - CAM cache hit: /content/cam_cache/cifar100/resnet18/seed42/b9/28/b928de13c2742cf3d430ae61b7f6e4abcb4a5d1baf2c345f325d4245dc5dd7d1.pt
2026-06-28 03:32:55 - __main__ - INFO - CAM cutout window: index=12245 copy=4 cutout_mode=cam_high top=15 left=11 height=10 width=10
2026-06-28 03:32:55 - __main__ - INFO - CAM cutout window: index=40882 copy=7 cutout_mode=cam_high top=11 left=11 height=10 width=10
2026-06-28 03:32:55 - __main__ - INFO - CAM cutout window: index=22945 copy=4 cutout_mode=cam_high top=8 left=11 height=10 width=10
2026-06-28 03:32:55 - __main__ - INFO - CAM cutout window: index=33053 copy=4 cutout_mode=cam_high top=17 left=13 height=10 width=10
2026-06-28 03:32:55 - __main__ - INFO - CAM cache hit: /content/cam_cache/cifar100/resnet18/seed42/7c/a5/7ca5fed8cbc09f6e8b02bc449582c31e4442a0ab4acb730c5d3597bd0fa1e56e.pt
2026-06-28 03:32:55 - __main__ - INFO - CAM cache hit: /content/cam_cache/cifar100/resnet18/seed42/bb/7e/bb7e8443d63804dcc78f704fc3aa4e4e9c34f76bc4ce3718f47a693a3dc7d209.pt
2026-06-28 03:32:55 - __main__ - INFO - CAM cache hit: /content/cam_cache/cifar100/resnet18/seed42/72/62/72623453df758d30152a2231183fc290e73bf96aaf96b4cd67b9b8ef0ed98eee.pt
2026-06-28 03:32:55 - __main__ - INFO - CAM cutout window: index=19860 copy=2 cutout_mode=cam_high top=8 left=17 height=10 width=10
2026-06-28 03:32:55 - __main__ - INFO - CAM cutout window: index=19790 copy=8 cutout_mode=cam_high top=14 left=12 height=10 width=10
2026-06-28 03:32:55 - __main__ - INFO - CAM cache hit: /content/cam_cache/cifar100/resnet18/seed42/90/4b/904b99e0188c2576120638463a1aa78f1eb8bf1c72f028240b7d01c1b0d3c600.pt
2026-06-28 03:32:55 - __main__ - INFO - CAM cutout window: index=38560 copy=4 cutout_mode=cam_high top=13 left=10 height=10 width=10
2026-06-28 03:32:55 - __main__ - INFO - CAM cutout window: index=5301 copy=2 cutout_mode=cam_high top=10 left=9 height=10 width=10
2026-06-28 03:34:56 - __main__ - INFO - Train: loss 0.5432 acc1 84.10%
2026-06-28 03:34:56 - __main__ - INFO - Val:   loss 2.7195 acc1 42.40%
2026-06-28 03:34:56 - __main__ - INFO - 
Epoch 5/100 | lr 0.080020
2026-06-28 03:34:56 - __main__ - INFO - CAM cache hit: /content/cam_cache/cifar100/resnet18/seed42/4c/19/4c19c83217540982eb83aa53d46a7653e4fda2b55f1c1b4c6c90c3f2f93d5ecd.pt
2026-06-28 03:34:56 - __main__ - INFO - CAM cache hit: /content/cam_cache/cifar100/resnet18/seed42/04/f3/04f369c2241b81bd335adf28c7c69101a209d2d4e8131943177d191257be5539.pt
2026-06-28 03:34:56 - __main__ - INFO - CAM cache hit: /content/cam_cache/cifar100/resnet18/seed42/ca/5b/ca5b8871d484f56ab71c36e7ed87da2ac154b500961ac98f08484be1b3f821be.pt
2026-06-28 03:34:56 - __main__ - INFO - CAM cutout window: index=25726 copy=2 cutout_mode=cam_high top=12 left=12 height=10 width=10
2026-06-28 03:34:56 - __main__ - INFO - CAM cache hit: /content/cam_cache/cifar100/resnet18/seed42/5c/16/5c16544cbc86d5ae3bc1a651df54090cb49f529de66f189704ccb6c60bb56fed.pt
2026-06-28 03:34:56 - __main__ - INFO - CAM cutout window: index=39467 copy=8 cutout_mode=cam_high top=12 left=9 height=10 width=10
2026-06-28 03:34:56 - __main__ - INFO - CAM cutout window: index=3267 copy=8 cutout_mode=cam_high top=12 left=8 height=10 width=10
2026-06-28 03:34:56 - __main__ - INFO - CAM cutout window: index=36716 copy=8 cutout_mode=cam_high top=7 left=8 height=10 width=10
2026-06-28 03:34:56 - __main__ - INFO - CAM cache hit: /content/cam_cache/cifar100/resnet18/seed42/83/a9/83a947c9dfaabb91cf23f07a85e1c817984f0ebe4ddcd97e616dfc378fa614aa.pt
2026-06-28 03:34:56 - __main__ - INFO - CAM cache hit: /content/cam_cache/cifar100/resnet18/seed42/8d/83/8d8334254306e3c3c3fbc8eb18736ba36d9ef07a95b13a3682a7d7fed4275ab6.pt
2026-06-28 03:34:56 - __main__ - INFO - CAM cutout window: index=4896 copy=1 cutout_mode=cam_high top=13 left=12 height=10 width=10
2026-06-28 03:34:56 - __main__ - INFO - CAM cache hit: /content/cam_cache/cifar100/resnet18/seed42/fa/f7/faf7b211ac237593116f006a515db399153b6b764454b202b7e3eeae2d17eb1a.pt
2026-06-28 03:34:56 - __main__ - INFO - CAM cutout window: index=22011 copy=5 cutout_mode=cam_high top=10 left=10 height=10 width=10
2026-06-28 03:34:56 - __main__ - INFO - CAM cache hit: /content/cam_cache/cifar100/resnet18/seed42/15/b8/15b8412d0d0825eec5eba21ee7ec8cfb7b418f9f7a659289290b0bda37439321.pt
2026-06-28 03:34:56 - __main__ - INFO - CAM cutout window: index=43076 copy=8 cutout_mode=cam_high top=13 left=14 height=10 width=10
2026-06-28 03:34:56 - __main__ - INFO - CAM cutout window: index=19388 copy=6 cutout_mode=cam_high top=14 left=12 height=10 width=10
2026-06-28 03:36:58 - __main__ - INFO - Train: loss 0.5818 acc1 82.97%
2026-06-28 03:36:58 - __main__ - INFO - Val:   loss 2.5300 acc1 44.96%
2026-06-28 03:36:58 - __main__ - INFO - 
Epoch 6/100 | lr 0.100000
2026-06-28 03:36:58 - __main__ - INFO - CAM cache hit: /content/cam_cache/cifar100/resnet18/seed42/5c/40/5c4034e185404a2f2e3225a76a0db75c482bfa99e2a5b1389bb15bbe7afb16ff.pt
2026-06-28 03:36:58 - __main__ - INFO - CAM cache hit: /content/cam_cache/cifar100/resnet18/seed42/22/9f/229fc638ffe44a2cf9e55600a2b843032c769ac78b9e3122f5d2cefdb0520c60.pt
2026-06-28 03:36:58 - __main__ - INFO - CAM cache hit: /content/cam_cache/cifar100/resnet18/seed42/5f/c3/5fc3c0d049c1399f939d53662175c70e56847ec521c422d0de87cc7447e516a8.pt
2026-06-28 03:36:58 - __main__ - INFO - CAM cache hit: /content/cam_cache/cifar100/resnet18/seed42/f1/42/f14293fdde5c083428cfe3e51cecf75c0793df1286454c9ed9aabb81afd12574.pt
2026-06-28 03:36:58 - __main__ - INFO - CAM cutout window: index=4298 copy=4 cutout_mode=cam_high top=8 left=10 height=10 width=10
2026-06-28 03:36:58 - __main__ - INFO - CAM cutout window: index=32221 copy=6 cutout_mode=cam_high top=13 left=13 height=10 width=10
2026-06-28 03:36:58 - __main__ - INFO - CAM cutout window: index=7638 copy=7 cutout_mode=cam_high top=13 left=12 height=10 width=10
2026-06-28 03:36:58 - __main__ - INFO - CAM cutout window: index=43744 copy=2 cutout_mode=cam_high top=7 left=9 height=10 width=10
2026-06-28 03:36:58 - __main__ - INFO - CAM cache hit: /content/cam_cache/cifar100/resnet18/seed42/27/e2/27e2c1e546412dab0043ee819bbc94dc8faba7dbc78f00159305633c281ce0fe.pt
2026-06-28 03:36:58 - __main__ - INFO - CAM cache hit: /content/cam_cache/cifar100/resnet18/seed42/53/12/531210100903e3aed166554bc7432724af2a13ff7d16a1a5359969fb2f0e4b06.pt
2026-06-28 03:36:58 - __main__ - INFO - CAM cache hit: /content/cam_cache/cifar100/resnet18/seed42/86/b1/86b14fc804cb659c6f2435dc31d479b21963ebb9116a4379cafbe17cb600539b.pt
2026-06-28 03:36:58 - __main__ - INFO - CAM cache hit: /content/cam_cache/cifar100/resnet18/seed42/6c/cf/6ccf24d0a6935ffa3606bbd8ca5e1d09f931d9f687bc467dcf28397c975a4eba.pt
2026-06-28 03:36:58 - __main__ - INFO - CAM cutout window: index=42511 copy=8 cutout_mode=cam_high top=16 left=10 height=10 width=10
2026-06-28 03:36:58 - __main__ - INFO - CAM cutout window: index=43651 copy=5 cutout_mode=cam_high top=11 left=12 height=10 width=10
2026-06-28 03:36:58 - __main__ - INFO - CAM cutout window: index=19129 copy=1 cutout_mode=cam_high top=10 left=6 height=10 width=10
2026-06-28 03:36:58 - __main__ - INFO - CAM cutout window: index=17294 copy=2 cutout_mode=cam_high top=14 left=9 height=10 width=10
2026-06-28 03:39:00 - __main__ - INFO - Train: loss 0.6593 acc1 80.93%
2026-06-28 03:39:00 - __main__ - INFO - Val:   loss 2.5404 acc1 43.46%
2026-06-28 03:39:00 - __main__ - INFO - 
Epoch 7/100 | lr 0.099973
2026-06-28 03:39:00 - __main__ - INFO - CAM cache hit: /content/cam_cache/cifar100/resnet18/seed42/8e/82/8e82425cb4d9c87c8bfee47b9ff3cf58515292fb0daeaa1f48e7cc5e9c5d2a23.pt
2026-06-28 03:39:00 - __main__ - INFO - CAM cache hit: /content/cam_cache/cifar100/resnet18/seed42/7a/3b/7a3bfff7594c5cd6c725a2fdf6fe8d35bc17b5ffc9c7ed571f7bd62cceabc746.pt
2026-06-28 03:39:00 - __main__ - INFO - CAM cache hit: /content/cam_cache/cifar100/resnet18/seed42/a2/ac/a2ac295214c234e66b0311a4dd4c9ab52ffd8bcce29ed2718ed29ede9a33f420.pt
2026-06-28 03:39:00 - __main__ - INFO - CAM cache hit: /content/cam_cache/cifar100/resnet18/seed42/27/2a/272ac6cb21fd63a6452df71d57fef4b3cf92f83c5f0f056eda75183f53859ce0.pt
2026-06-28 03:39:00 - __main__ - INFO - CAM cutout window: index=6952 copy=5 cutout_mode=cam_high top=11 left=12 height=10 width=10
2026-06-28 03:39:00 - __main__ - INFO - CAM cutout window: index=22730 copy=5 cutout_mode=cam_high top=13 left=14 height=10 width=10
2026-06-28 03:39:00 - __main__ - INFO - CAM cutout window: index=639 copy=6 cutout_mode=cam_high top=12 left=13 height=10 width=10
2026-06-28 03:39:00 - __main__ - INFO - CAM cutout window: index=13732 copy=3 cutout_mode=cam_high top=11 left=15 height=10 width=10
2026-06-28 03:39:00 - __main__ - INFO - CAM cache hit: /content/cam_cache/cifar100/resnet18/seed42/10/2e/102e464bca40374fc18afad5904d407963d5a76c1ccab86780f844dbd8562a4e.pt
2026-06-28 03:39:00 - __main__ - INFO - CAM cache hit: /content/cam_cache/cifar100/resnet18/seed42/b5/1f/b51f4b5fdb98388a23b33ee7fc6c949e7e0c843ed3aac765a4d4beb2a0798cdd.pt
2026-06-28 03:39:00 - __main__ - INFO - CAM cache hit: /content/cam_cache/cifar100/resnet18/seed42/c8/ec/c8ecdfce136eb6f73d75fb401ed333b30a2868845d45969b2ed8633e7b61d1a4.pt
2026-06-28 03:39:00 - __main__ - INFO - CAM cutout window: index=36428 copy=3 cutout_mode=cam_high top=12 left=14 height=10 width=10
2026-06-28 03:39:00 - __main__ - INFO - CAM cutout window: index=8796 copy=7 cutout_mode=cam_high top=9 left=14 height=10 width=10
2026-06-28 03:39:00 - __main__ - INFO - CAM cutout window: index=38030 copy=4 cutout_mode=cam_high top=8 left=12 height=10 width=10
2026-06-28 03:39:00 - __main__ - INFO - CAM cache hit: /content/cam_cache/cifar100/resnet18/seed42/af/76/af76e37e674060dc8f274b9b0d44337251826ddd6e2474c0a624eb9bbdb2ed35.pt
2026-06-28 03:39:00 - __main__ - INFO - CAM cutout window: index=25460 copy=1 cutout_mode=cam_high top=13 left=8 height=10 width=10
2026-06-28 03:41:02 - __main__ - INFO - Train: loss 0.5926 acc1 82.85%
2026-06-28 03:41:02 - __main__ - INFO - Val:   loss 2.4734 acc1 44.92%
2026-06-28 03:41:02 - __main__ - INFO - 
Epoch 8/100 | lr 0.099891
2026-06-28 03:41:02 - __main__ - INFO - CAM cache hit: /content/cam_cache/cifar100/resnet18/seed42/f1/85/f1857348c61e22f33edb5951643b8584d8a736d10ae7a04c1db567420ac51709.pt
2026-06-28 03:41:02 - __main__ - INFO - CAM cache hit: /content/cam_cache/cifar100/resnet18/seed42/4b/53/4b5365bfc355b43b6b892dbb47f1d5ed677d74d258b13b69bac94dff8896ab48.pt
2026-06-28 03:41:02 - __main__ - INFO - CAM cache hit: /content/cam_cache/cifar100/resnet18/seed42/11/77/1177ada43385a2c6066ed9df8b3b7e67c032b9366d00c215d27724bca1e09004.pt
2026-06-28 03:41:02 - __main__ - INFO - CAM cutout window: index=11415 copy=5 cutout_mode=cam_high top=9 left=9 height=10 width=10
2026-06-28 03:41:02 - __main__ - INFO - CAM cutout window: index=3529 copy=5 cutout_mode=cam_high top=7 left=12 height=10 width=10
2026-06-28 03:41:02 - __main__ - INFO - CAM cache hit: /content/cam_cache/cifar100/resnet18/seed42/da/82/da8230ca9d0c99955a640a0085982828bffc150593383b1c0e36aed032420714.pt
2026-06-28 03:41:02 - __main__ - INFO - CAM cutout window: index=43102 copy=3 cutout_mode=cam_high top=13 left=15 height=10 width=10
2026-06-28 03:41:02 - __main__ - INFO - CAM cutout window: index=15704 copy=6 cutout_mode=cam_high top=12 left=11 height=10 width=10
2026-06-28 03:41:02 - __main__ - INFO - CAM cache hit: /content/cam_cache/cifar100/resnet18/seed42/99/60/9960fc364d239ed013b084666b523f14701b2a95f020c65679805ba96be90418.pt
2026-06-28 03:41:02 - __main__ - INFO - CAM cutout window: index=35996 copy=7 cutout_mode=cam_high top=15 left=12 height=10 width=10
2026-06-28 03:41:02 - __main__ - INFO - CAM cache hit: /content/cam_cache/cifar100/resnet18/seed42/dc/52/dc52b415a41e350d8bcc38cc87b6848894f808c8422efa7315acb992963a7076.pt
2026-06-28 03:41:02 - __main__ - INFO - CAM cache hit: /content/cam_cache/cifar100/resnet18/seed42/1a/f6/1af6bbb83a1ef3a88d75d32c31607fa01ae20bceb05aa90c3d8d7d36cac10c0e.pt
2026-06-28 03:41:02 - __main__ - INFO - CAM cutout window: index=31585 copy=2 cutout_mode=cam_high top=11 left=6 height=10 width=10
2026-06-28 03:41:02 - __main__ - INFO - CAM cache hit: /content/cam_cache/cifar100/resnet18/seed42/f3/b1/f3b1d196c23d86ecdab3eb13928b30ec8d6c4b4aebbef124648a782b03867144.pt
2026-06-28 03:41:02 - __main__ - INFO - CAM cutout window: index=16103 copy=3 cutout_mode=cam_high top=12 left=13 height=10 width=10
2026-06-28 03:41:02 - __main__ - INFO - CAM cutout window: index=25324 copy=5 cutout_mode=cam_high top=13 left=11 height=10 width=10
2026-06-28 03:43:05 - __main__ - INFO - Train: loss 0.5675 acc1 83.57%
2026-06-28 03:43:05 - __main__ - INFO - Val:   loss 2.6300 acc1 43.41%
2026-06-28 03:43:05 - __main__ - INFO - 
Epoch 9/100 | lr 0.099754
2026-06-28 03:43:05 - __main__ - INFO - CAM cache hit: /content/cam_cache/cifar100/resnet18/seed42/b7/16/b716244de4b3c51bd1a991a862b22631e13c54a2a526c89bd0486f4263439036.pt
2026-06-28 03:43:05 - __main__ - INFO - CAM cache hit: /content/cam_cache/cifar100/resnet18/seed42/ac/23/ac2336f0a1cc72e9ef9e8653a44c13dd86ec043d55d14abb46005372228cbbb9.pt
2026-06-28 03:43:05 - __main__ - INFO - CAM cutout window: index=264 copy=4 cutout_mode=cam_high top=12 left=15 height=10 width=10
2026-06-28 03:43:05 - __main__ - INFO - CAM cache hit: /content/cam_cache/cifar100/resnet18/seed42/66/e8/66e89ca9abc4923fbc2dd1fc419f77ff5ec8a88bbf9d8b8f12343d77e441bcf7.pt
2026-06-28 03:43:05 - __main__ - INFO - CAM cache hit: /content/cam_cache/cifar100/resnet18/seed42/b6/b5/b6b530556ab921e458acf38de15140226b10a0146d06bb23a4949b009d30a751.pt
2026-06-28 03:43:05 - __main__ - INFO - CAM cutout window: index=10760 copy=6 cutout_mode=cam_high top=8 left=16 height=10 width=10
2026-06-28 03:43:05 - __main__ - INFO - CAM cutout window: index=14028 copy=5 cutout_mode=cam_high top=8 left=14 height=10 width=10
2026-06-28 03:43:05 - __main__ - INFO - CAM cutout window: index=19040 copy=7 cutout_mode=cam_high top=15 left=4 height=10 width=10
2026-06-28 03:43:05 - __main__ - INFO - CAM cache hit: /content/cam_cache/cifar100/resnet18/seed42/2c/62/2c6214f9b5357233b048e89461b5b2745f6e12e1b2bc7d688dd689f673ca36a8.pt
2026-06-28 03:43:05 - __main__ - INFO - CAM cutout window: index=34165 copy=6 cutout_mode=cam_high top=6 left=10 height=10 width=10
2026-06-28 03:43:05 - __main__ - INFO - CAM cache hit: /content/cam_cache/cifar100/resnet18/seed42/f9/4b/f94bdafb5b14ef2c7d3dc1aeb75ca267be8904ca9f8c8f5f53dbf1778c0a7d65.pt
2026-06-28 03:43:05 - __main__ - INFO - CAM cutout window: index=39875 copy=6 cutout_mode=cam_high top=19 left=14 height=10 width=10
2026-06-28 03:43:05 - __main__ - INFO - CAM cache hit: /content/cam_cache/cifar100/resnet18/seed42/62/c6/62c6c13b9e9e022b4caf07346b1df99a92363dbc746884a012e7c586d1cca068.pt
2026-06-28 03:43:05 - __main__ - INFO - CAM cutout window: index=35296 copy=2 cutout_mode=cam_high top=14 left=11 height=10 width=10
2026-06-28 03:43:05 - __main__ - INFO - CAM cache hit: /content/cam_cache/cifar100/resnet18/seed42/72/2d/722d075ae2e9716e324728f52b4f487a3de5073f656581627b1f9a65068cbc3f.pt
2026-06-28 03:43:05 - __main__ - INFO - CAM cutout window: index=32565 copy=8 cutout_mode=cam_high top=11 left=11 height=10 width=10
2026-06-28 03:45:06 - __main__ - INFO - Train: loss 0.5569 acc1 83.85%
2026-06-28 03:45:06 - __main__ - INFO - Val:   loss 2.6476 acc1 43.89%
2026-06-28 03:45:06 - __main__ - INFO - 
Epoch 10/100 | lr 0.099563
2026-06-28 03:45:06 - __main__ - INFO - CAM cache hit: /content/cam_cache/cifar100/resnet18/seed42/25/30/253059f7888b8956d7aa8fa12585c86cb7f0dd18d91098c57e0c1ac406a5a4d4.pt
2026-06-28 03:45:06 - __main__ - INFO - CAM cache hit: /content/cam_cache/cifar100/resnet18/seed42/41/83/41835a2cd567503d51914e7fa850d61af92efb2d5b1820f4d34f4394c17f85c4.pt
2026-06-28 03:45:06 - __main__ - INFO - CAM cutout window: index=22975 copy=1 cutout_mode=cam_high top=12 left=14 height=10 width=10
2026-06-28 03:45:06 - __main__ - INFO - CAM cache hit: /content/cam_cache/cifar100/resnet18/seed42/49/62/4962a41103c8dbbc8ec99fbfd10481a81f0c5ce9c05885ed16595337637b645c.pt
2026-06-28 03:45:06 - __main__ - INFO - CAM cutout window: index=44324 copy=7 cutout_mode=cam_high top=13 left=12 height=10 width=10
2026-06-28 03:45:06 - __main__ - INFO - CAM cache hit: /content/cam_cache/cifar100/resnet18/seed42/59/b3/59b3661337f1224e6d044e7aa285e4da5e4e9ee679c5d2314eff56e2986e6ac1.pt
2026-06-28 03:45:06 - __main__ - INFO - CAM cutout window: index=44606 copy=8 cutout_mode=cam_high top=10 left=7 height=10 width=10
2026-06-28 03:45:06 - __main__ - INFO - CAM cutout window: index=11044 copy=7 cutout_mode=cam_high top=12 left=9 height=10 width=10
2026-06-28 03:45:06 - __main__ - INFO - CAM cache hit: /content/cam_cache/cifar100/resnet18/seed42/bf/a6/bfa6469cffea2b8dd634f767231f89e9beb78c35b4af5b4cfd96f8fa0fe3545b.pt
2026-06-28 03:45:06 - __main__ - INFO - CAM cache hit: /content/cam_cache/cifar100/resnet18/seed42/e3/c9/e3c93832764a83ddc000bcaafa5f984ee82b31347f05303e2edc1e035d5c48e3.pt
2026-06-28 03:45:06 - __main__ - INFO - CAM cutout window: index=44136 copy=6 cutout_mode=cam_high top=15 left=12 height=10 width=10
2026-06-28 03:45:06 - __main__ - INFO - CAM cache hit: /content/cam_cache/cifar100/resnet18/seed42/fd/84/fd8499a6856cab93139e425e8e9ec544352d3cd22c23303cf168be9ab657e53c.pt
2026-06-28 03:45:06 - __main__ - INFO - CAM cutout window: index=38241 copy=1 cutout_mode=cam_high top=12 left=11 height=10 width=10
2026-06-28 03:45:06 - __main__ - INFO - CAM cutout window: index=31989 copy=1 cutout_mode=cam_high top=12 left=9 height=10 width=10
2026-06-28 03:45:06 - __main__ - INFO - CAM cache hit: /content/cam_cache/cifar100/resnet18/seed42/67/85/678549780e7ece24fa4895109d411f3a1214dacf6084b32f48a837ad7ff1b252.pt
2026-06-28 03:45:06 - __main__ - INFO - CAM cutout window: index=27527 copy=5 cutout_mode=cam_high top=11 left=14 height=10 width=10
2026-06-28 03:47:08 - __main__ - INFO - Train: loss 0.5448 acc1 84.22%
2026-06-28 03:47:08 - __main__ - INFO - Val:   loss 2.4532 acc1 44.83%
2026-06-28 03:47:08 - __main__ - INFO - 
Epoch 11/100 | lr 0.099318
2026-06-28 03:47:08 - __main__ - INFO - CAM cache hit: /content/cam_cache/cifar100/resnet18/seed42/7b/07/7b0742637d8fe100564ebb027907a9f57e2e146b6a765dc99e003544b06271f8.pt
2026-06-28 03:47:08 - __main__ - INFO - CAM cache hit: /content/cam_cache/cifar100/resnet18/seed42/d0/35/d035eade208688c0e8ebdcdf427ccbe806d8509cd6732d84dc4d3cb12252d868.pt
2026-06-28 03:47:08 - __main__ - INFO - CAM cache hit: /content/cam_cache/cifar100/resnet18/seed42/3e/c6/3ec68df633a1899b73753d6d989f9c94b0eea33ba10dcd078950bb360d251fe6.pt
2026-06-28 03:47:08 - __main__ - INFO - CAM cache hit: /content/cam_cache/cifar100/resnet18/seed42/62/a2/62a22ef4c4247d8d74bc58ae1067d368a900e96d810ee93595638c801558cd46.pt
2026-06-28 03:47:08 - __main__ - INFO - CAM cutout window: index=36944 copy=6 cutout_mode=cam_high top=18 left=12 height=10 width=10
2026-06-28 03:47:08 - __main__ - INFO - CAM cutout window: index=9758 copy=8 cutout_mode=cam_high top=14 left=12 height=10 width=10
2026-06-28 03:47:08 - __main__ - INFO - CAM cutout window: index=31534 copy=3 cutout_mode=cam_high top=8 left=11 height=10 width=10
2026-06-28 03:47:08 - __main__ - INFO - CAM cutout window: index=23059 copy=5 cutout_mode=cam_high top=12 left=15 height=10 width=10
2026-06-28 03:47:08 - __main__ - INFO - CAM cache hit: /content/cam_cache/cifar100/resnet18/seed42/f9/29/f92959bb773b826ab8035b9ca501ffcadf70e2c0e2b2d482f82fe2f8df26bb25.pt
2026-06-28 03:47:08 - __main__ - INFO - CAM cache hit: /content/cam_cache/cifar100/resnet18/seed42/c3/f4/c3f4df0c8967b0c8a322368f9f92f9b746857e43a41ba7cbff37dba893a4cf98.pt
2026-06-28 03:47:08 - __main__ - INFO - CAM cache hit: /content/cam_cache/cifar100/resnet18/seed42/0f/57/0f57a558e9ddecfe917576b7788f1e3e24ac0d313b5d9b47debddade627353e1.pt
2026-06-28 03:47:08 - __main__ - INFO - CAM cache hit: /content/cam_cache/cifar100/resnet18/seed42/3d/a7/3da7d566493d2e5f1b364fcb050d86d498122efff69d746bca7d6fa24b2b7d9d.pt
2026-06-28 03:47:08 - __main__ - INFO - CAM cutout window: index=9469 copy=8 cutout_mode=cam_high top=7 left=12 height=10 width=10
2026-06-28 03:47:08 - __main__ - INFO - CAM cutout window: index=40979 copy=1 cutout_mode=cam_high top=11 left=12 height=10 width=10
2026-06-28 03:47:08 - __main__ - INFO - CAM cutout window: index=44976 copy=6 cutout_mode=cam_high top=11 left=11 height=10 width=10
2026-06-28 03:47:08 - __main__ - INFO - CAM cutout window: index=31578 copy=4 cutout_mode=cam_high top=10 left=10 height=10 width=10
2026-06-28 03:49:10 - __main__ - INFO - Train: loss 0.5325 acc1 84.57%
2026-06-28 03:49:10 - __main__ - INFO - Val:   loss 2.4715 acc1 45.06%
2026-06-28 03:49:10 - __main__ - INFO - 
Epoch 12/100 | lr 0.099019
2026-06-28 03:49:10 - __main__ - INFO - CAM cache hit: /content/cam_cache/cifar100/resnet18/seed42/1c/73/1c73b19e1c644fcf333180a22204175abfc813be8373501c7cf6337fc017d3a5.pt
2026-06-28 03:49:10 - __main__ - INFO - CAM cutout window: index=42813 copy=2 cutout_mode=cam_high top=10 left=13 height=10 width=10
2026-06-28 03:49:10 - __main__ - INFO - CAM cache hit: /content/cam_cache/cifar100/resnet18/seed42/00/26/0026f2240dacbb7b626f6b3edc388c85968d7b0f725e6f2119f7b6d7bb94ef18.pt
2026-06-28 03:49:10 - __main__ - INFO - CAM cache hit: /content/cam_cache/cifar100/resnet18/seed42/52/cf/52cfd5035c99c489a61f4fe92866e2fe42046cecb4ead9fe3af1193eb3834f1d.pt
2026-06-28 03:49:10 - __main__ - INFO - CAM cache hit: /content/cam_cache/cifar100/resnet18/seed42/99/0b/990ba7079410104de6a88e71001557bc99b9f8031c6ce2e6037db2e3957f6596.pt
2026-06-28 03:49:10 - __main__ - INFO - CAM cutout window: index=14484 copy=4 cutout_mode=cam_high top=11 left=15 height=10 width=10
2026-06-28 03:49:10 - __main__ - INFO - CAM cutout window: index=16093 copy=2 cutout_mode=cam_high top=14 left=12 height=10 width=10
2026-06-28 03:49:10 - __main__ - INFO - CAM cutout window: index=41020 copy=4 cutout_mode=cam_high top=12 left=8 height=10 width=10
2026-06-28 03:49:10 - __main__ - INFO - CAM cache hit: /content/cam_cache/cifar100/resnet18/seed42/c2/cd/c2cd94f07a61a180c1099d7cef5cf2b052123c2b00636602d56c52d97a87934e.pt
2026-06-28 03:49:10 - __main__ - INFO - CAM cutout window: index=389 copy=2 cutout_mode=cam_high top=9 left=11 height=10 width=10
2026-06-28 03:49:10 - __main__ - INFO - CAM cache hit: /content/cam_cache/cifar100/resnet18/seed42/f9/4a/f94a368ac91dde4b9e7b85e5d14fac874d1ed78cb8a0bd36cf5c63e33cb79ff6.pt
2026-06-28 03:49:10 - __main__ - INFO - CAM cache hit: /content/cam_cache/cifar100/resnet18/seed42/7a/1c/7a1cce241af3af61181eb6b10d4f3f80e33e5cae1e2359863d27bd3fdf336263.pt
2026-06-28 03:49:10 - __main__ - INFO - CAM cache hit: /content/cam_cache/cifar100/resnet18/seed42/80/6c/806c90edfedd34bf5667247977a375643006106ba7588a9b6cfc5cab91881bbf.pt
2026-06-28 03:49:10 - __main__ - INFO - CAM cutout window: index=28776 copy=8 cutout_mode=cam_high top=7 left=13 height=10 width=10
2026-06-28 03:49:10 - __main__ - INFO - CAM cutout window: index=27292 copy=3 cutout_mode=cam_high top=8 left=8 height=10 width=10
2026-06-28 03:49:10 - __main__ - INFO - CAM cutout window: index=23311 copy=6 cutout_mode=cam_high top=10 left=14 height=10 width=10
2026-06-28 03:51:11 - __main__ - INFO - Train: loss 0.5261 acc1 84.76%
2026-06-28 03:51:11 - __main__ - INFO - Val:   loss 2.4387 acc1 45.91%
2026-06-28 03:51:11 - __main__ - INFO - saved best: 45.91%
2026-06-28 03:51:11 - __main__ - INFO - 
Epoch 13/100 | lr 0.098666
2026-06-28 03:51:11 - __main__ - INFO - CAM cache hit: /content/cam_cache/cifar100/resnet18/seed42/90/59/90590d6e0ce0a2cef96c8d44c435979ea45b4d101438f00b0ad5af71a95c0a45.pt
2026-06-28 03:51:11 - __main__ - INFO - CAM cache hit: /content/cam_cache/cifar100/resnet18/seed42/b6/80/b680c6a9b5a09e51603ac30fa6a69d606358c797cd6657428c387731de4ee1d6.pt
2026-06-28 03:51:11 - __main__ - INFO - CAM cache hit: /content/cam_cache/cifar100/resnet18/seed42/e2/c8/e2c8dd129c20276d8b95f4590f3737cb23d7e06a6c27cbd35554cb73b9e5eee9.pt
2026-06-28 03:51:11 - __main__ - INFO - CAM cache hit: /content/cam_cache/cifar100/resnet18/seed42/f1/a5/f1a58c235655af6f27496413e9b38db40b62e352e2b7113d39f6efb8f5c2b390.pt
2026-06-28 03:51:11 - __main__ - INFO - CAM cutout window: index=35525 copy=8 cutout_mode=cam_high top=17 left=11 height=10 width=10
2026-06-28 03:51:11 - __main__ - INFO - CAM cutout window: index=1974 copy=8 cutout_mode=cam_high top=11 left=6 height=10 width=10
2026-06-28 03:51:11 - __main__ - INFO - CAM cutout window: index=17203 copy=3 cutout_mode=cam_high top=10 left=15 height=10 width=10
2026-06-28 03:51:11 - __main__ - INFO - CAM cutout window: index=1040 copy=7 cutout_mode=cam_high top=13 left=15 height=10 width=10
2026-06-28 03:51:11 - __main__ - INFO - CAM cache hit: /content/cam_cache/cifar100/resnet18/seed42/c9/28/c928cce516eb7037eb22d361f6a6bda3643ca9c4c8fc055bca7ec003405df280.pt
2026-06-28 03:51:11 - __main__ - INFO - CAM cache hit: /content/cam_cache/cifar100/resnet18/seed42/74/0b/740b40bd8f9b52ea88593165ae6b2ab1e475df9207f0e8fb5eb9b19f5be7422c.pt
2026-06-28 03:51:11 - __main__ - INFO - CAM cache hit: /content/cam_cache/cifar100/resnet18/seed42/09/81/0981125d7a3037711b5ee96f565e7b880c1bab6637199c8986274e9eb49e326d.pt
2026-06-28 03:51:11 - __main__ - INFO - CAM cutout window: index=8258 copy=2 cutout_mode=cam_high top=11 left=15 height=10 width=10
2026-06-28 03:51:11 - __main__ - INFO - CAM cutout window: index=37695 copy=3 cutout_mode=cam_high top=11 left=11 height=10 width=10
2026-06-28 03:51:11 - __main__ - INFO - CAM cache hit: /content/cam_cache/cifar100/resnet18/seed42/80/9f/809f98a35e397cd93bc8b7ae708980ca830433b46db47a268ab39f122cb95998.pt
2026-06-28 03:51:11 - __main__ - INFO - CAM cutout window: index=39596 copy=4 cutout_mode=cam_high top=13 left=10 height=10 width=10
2026-06-28 03:51:11 - __main__ - INFO - CAM cutout window: index=5446 copy=5 cutout_mode=cam_high top=7 left=14 height=10 width=10
2026-06-28 03:53:12 - __main__ - INFO - Train: loss 0.5203 acc1 84.94%
2026-06-28 03:53:12 - __main__ - INFO - Val:   loss 2.5735 acc1 44.14%
2026-06-28 03:53:12 - __main__ - INFO - 
Epoch 14/100 | lr 0.098261
2026-06-28 03:53:13 - __main__ - INFO - CAM cache hit: /content/cam_cache/cifar100/resnet18/seed42/c3/4c/c34c0d9a02058911e7d50187f809146de91c33a9c5e83424e87562903c4075e4.pt
2026-06-28 03:53:13 - __main__ - INFO - CAM cache hit: /content/cam_cache/cifar100/resnet18/seed42/6a/38/6a381b887afc7bee7e09c2a74b55b9c2a969f3b892adedf8c88622fdc3d32a71.pt
2026-06-28 03:53:13 - __main__ - INFO - CAM cache hit: /content/cam_cache/cifar100/resnet18/seed42/eb/53/eb5339b4bd0360a784bee5a917c1e98be6e1445ab5228ac3b4e979c318cd4f95.pt
2026-06-28 03:53:13 - __main__ - INFO - CAM cache hit: /content/cam_cache/cifar100/resnet18/seed42/33/5c/335c544fe9526dc42d97db9ce5aaba618907f8dde3839be63d9aaa735a4bce99.pt
2026-06-28 03:53:13 - __main__ - INFO - CAM cutout window: index=19455 copy=2 cutout_mode=cam_high top=17 left=13 height=10 width=10
2026-06-28 03:53:13 - __main__ - INFO - CAM cutout window: index=374 copy=1 cutout_mode=cam_high top=8 left=11 height=10 width=10
2026-06-28 03:53:13 - __main__ - INFO - CAM cutout window: index=44596 copy=2 cutout_mode=cam_high top=10 left=6 height=10 width=10
2026-06-28 03:53:13 - __main__ - INFO - CAM cutout window: index=14213 copy=3 cutout_mode=cam_high top=13 left=14 height=10 width=10
2026-06-28 03:53:13 - __main__ - INFO - CAM cache hit: /content/cam_cache/cifar100/resnet18/seed42/f5/44/f544c0b9868445030f881169d8a185baf376a329edd6c8eac6e50f8418955b68.pt
2026-06-28 03:53:13 - __main__ - INFO - CAM cache hit: /content/cam_cache/cifar100/resnet18/seed42/0f/e1/0fe15b4e99e385699256036d435def1ab18233540b1df5b306083554e78a4d99.pt
2026-06-28 03:53:13 - __main__ - INFO - CAM cache hit: /content/cam_cache/cifar100/resnet18/seed42/a8/9d/a89d2dbe2389f715cd8307f25dd0a327435aeacbeed605340e92dd62ca97f6ba.pt
2026-06-28 03:53:13 - __main__ - INFO - CAM cutout window: index=13065 copy=2 cutout_mode=cam_high top=15 left=10 height=10 width=10
2026-06-28 03:53:13 - __main__ - INFO - CAM cache hit: /content/cam_cache/cifar100/resnet18/seed42/cf/d9/cfd9decbc98147007a69ca9d1f03524c201e3bcd0f357fafebe4900318c1bfa6.pt
2026-06-28 03:53:13 - __main__ - INFO - CAM cutout window: index=24366 copy=6 cutout_mode=cam_high top=12 left=5 height=10 width=10
2026-06-28 03:53:13 - __main__ - INFO - CAM cutout window: index=31330 copy=2 cutout_mode=cam_high top=9 left=4 height=10 width=10
2026-06-28 03:53:13 - __main__ - INFO - CAM cutout window: index=22580 copy=5 cutout_mode=cam_high top=9 left=9 height=10 width=10
2026-06-28 03:55:14 - __main__ - INFO - Train: loss 0.5177 acc1 85.00%
2026-06-28 03:55:14 - __main__ - INFO - Val:   loss 2.5589 acc1 44.13%
2026-06-28 03:55:14 - __main__ - INFO - 
Epoch 15/100 | lr 0.097802
2026-06-28 03:55:14 - __main__ - INFO - CAM cache hit: /content/cam_cache/cifar100/resnet18/seed42/b9/c5/b9c539dfbdd82341c55b05c8389b0efe70acd2849d054f5c9bd5956dea6b168e.pt
2026-06-28 03:55:14 - __main__ - INFO - CAM cache hit: /content/cam_cache/cifar100/resnet18/seed42/f9/14/f91470cffd4c4954f9ab7a5fac5fbb3f3c7d7663c4e2bdcf65da51d914e5d085.pt
2026-06-28 03:55:14 - __main__ - INFO - CAM cache hit: /content/cam_cache/cifar100/resnet18/seed42/d9/bb/d9bb8b51d3c8a689e8c1ff35a4576425cab7b53db1c6dd5b7b1d9c8be8093a26.pt
2026-06-28 03:55:14 - __main__ - INFO - CAM cache hit: /content/cam_cache/cifar100/resnet18/seed42/e8/b8/e8b803a0441b26d33e04aa72e576bd58eb2006e1db8ede101f8d3d5cc0271f67.pt
2026-06-28 03:55:14 - __main__ - INFO - CAM cutout window: index=10116 copy=5 cutout_mode=cam_high top=11 left=17 height=10 width=10
2026-06-28 03:55:14 - __main__ - INFO - CAM cutout window: index=33731 copy=2 cutout_mode=cam_high top=11 left=8 height=10 width=10
2026-06-28 03:55:14 - __main__ - INFO - CAM cutout window: index=42966 copy=5 cutout_mode=cam_high top=15 left=13 height=10 width=10
2026-06-28 03:55:14 - __main__ - INFO - CAM cutout window: index=2161 copy=4 cutout_mode=cam_high top=8 left=12 height=10 width=10
2026-06-28 03:55:14 - __main__ - INFO - CAM cache hit: /content/cam_cache/cifar100/resnet18/seed42/74/67/7467489b31c74fc6e5ea06601ef8d15871aba51478d86ab1f57841de38180445.pt
2026-06-28 03:55:14 - __main__ - INFO - CAM cache hit: /content/cam_cache/cifar100/resnet18/seed42/d2/a1/d2a154512627b5a27612e0e93315a6e966e881df12f48173f6a2d1c83e244e1f.pt
2026-06-28 03:55:14 - __main__ - INFO - CAM cache hit: /content/cam_cache/cifar100/resnet18/seed42/bd/58/bd5806c545708024fcfa3f010e878b9adf3bd0784a1ca044e34650e05a5c8861.pt
2026-06-28 03:55:14 - __main__ - INFO - CAM cache hit: /content/cam_cache/cifar100/resnet18/seed42/28/c2/28c2626f76646bfc4b3297b96d0aa97374b683818743ccdffb0c6161d8a4f961.pt
2026-06-28 03:55:14 - __main__ - INFO - CAM cutout window: index=10953 copy=4 cutout_mode=cam_high top=15 left=13 height=10 width=10
2026-06-28 03:55:14 - __main__ - INFO - CAM cutout window: index=19408 copy=1 cutout_mode=cam_high top=15 left=11 height=10 width=10
2026-06-28 03:55:14 - __main__ - INFO - CAM cutout window: index=28227 copy=3 cutout_mode=cam_high top=10 left=11 height=10 width=10
2026-06-28 03:55:14 - __main__ - INFO - CAM cutout window: index=6567 copy=2 cutout_mode=cam_high top=10 left=11 height=10 width=10
2026-06-28 03:57:16 - __main__ - INFO - Train: loss 0.5102 acc1 85.27%
2026-06-28 03:57:16 - __main__ - INFO - Val:   loss 2.5046 acc1 45.27%
2026-06-28 03:57:16 - __main__ - INFO - 
Epoch 16/100 | lr 0.097291
2026-06-28 03:57:16 - __main__ - INFO - CAM cache hit: /content/cam_cache/cifar100/resnet18/seed42/b6/0e/b60e3757144509fc68bab98f30d63f74a6cd3422a55653eb679b6a97596fbba4.pt
2026-06-28 03:57:16 - __main__ - INFO - CAM cache hit: /content/cam_cache/cifar100/resnet18/seed42/2b/ed/2bed2cf311fc03997920a3f2e9e9b75cd669f44d972920cd65bf7fdccd0414dd.pt
2026-06-28 03:57:16 - __main__ - INFO - CAM cutout window: index=29904 copy=4 cutout_mode=cam_high top=12 left=17 height=10 width=10
2026-06-28 03:57:16 - __main__ - INFO - CAM cutout window: index=4262 copy=6 cutout_mode=cam_high top=12 left=11 height=10 width=10
2026-06-28 03:57:16 - __main__ - INFO - CAM cache hit: /content/cam_cache/cifar100/resnet18/seed42/4a/6e/4a6e9ed54e6f15f0b9592d96bfeb876fcb0082f2fa4f7352fb9a8964dd8fa5e2.pt
2026-06-28 03:57:16 - __main__ - INFO - CAM cache hit: /content/cam_cache/cifar100/resnet18/seed42/3d/2e/3d2e2899a83b3024ece18352ee09b14475b004e0aac85bba1f5e0495e88f2410.pt
2026-06-28 03:57:16 - __main__ - INFO - CAM cutout window: index=43970 copy=5 cutout_mode=cam_high top=10 left=14 height=10 width=10
2026-06-28 03:57:16 - __main__ - INFO - CAM cutout window: index=17921 copy=8 cutout_mode=cam_high top=8 left=7 height=10 width=10
2026-06-28 03:57:16 - __main__ - INFO - CAM cache hit: /content/cam_cache/cifar100/resnet18/seed42/9a/75/9a753d95f3c3bfc0a9d23b1cb7a7d0b81d27b47317e62d717484cf7894eb1a93.pt
2026-06-28 03:57:16 - __main__ - INFO - CAM cache hit: /content/cam_cache/cifar100/resnet18/seed42/3c/24/3c24cfe76d4673a9d79021ce67f2765cc7f545016a554647714cf914b8706d8f.pt
2026-06-28 03:57:16 - __main__ - INFO - CAM cutout window: index=2267 copy=2 cutout_mode=cam_high top=18 left=11 height=10 width=10
2026-06-28 03:57:16 - __main__ - INFO - CAM cutout window: index=31744 copy=6 cutout_mode=cam_high top=9 left=10 height=10 width=10
2026-06-28 03:57:16 - __main__ - INFO - CAM cache hit: /content/cam_cache/cifar100/resnet18/seed42/3f/62/3f625609aa9da3d4df394b054f977ad47b0a436a218d0c0d54cf3dda9cd1b65f.pt
2026-06-28 03:57:16 - __main__ - INFO - CAM cache hit: /content/cam_cache/cifar100/resnet18/seed42/59/14/5914538117a19dd2257c8818655fa7478ec0ef18251e64fc26a137aa26ae6086.pt
2026-06-28 03:57:16 - __main__ - INFO - CAM cutout window: index=35798 copy=3 cutout_mode=cam_high top=6 left=11 height=10 width=10
2026-06-28 03:57:16 - __main__ - INFO - CAM cutout window: index=38639 copy=7 cutout_mode=cam_high top=10 left=12 height=10 width=10
2026-06-28 03:59:18 - __main__ - INFO - Train: loss 0.5064 acc1 85.28%
2026-06-28 03:59:18 - __main__ - INFO - Val:   loss 2.4367 acc1 44.64%
2026-06-28 03:59:18 - __main__ - INFO - 
Epoch 17/100 | lr 0.096729
2026-06-28 03:59:18 - __main__ - INFO - CAM cache hit: /content/cam_cache/cifar100/resnet18/seed42/fb/34/fb34b5e3b0d2b2dfc8f6978c31de34b35ad004a339acbe0d35dc102776cde581.pt
2026-06-28 03:59:18 - __main__ - INFO - CAM cache hit: /content/cam_cache/cifar100/resnet18/seed42/58/36/583690b48da4129a8d14e7d74186cf562b0e8a230b7187f9dffba004db321ab5.pt
2026-06-28 03:59:18 - __main__ - INFO - CAM cache hit: /content/cam_cache/cifar100/resnet18/seed42/9e/ac/9eacbe31ebdc4b8f40ef25e8c1cf671fd00866a001781f362f070ab1c11e37f5.pt
2026-06-28 03:59:18 - __main__ - INFO - CAM cutout window: index=28851 copy=6 cutout_mode=cam_high top=10 left=12 height=10 width=10
2026-06-28 03:59:18 - __main__ - INFO - CAM cache hit: /content/cam_cache/cifar100/resnet18/seed42/ba/3c/ba3c79304a7846cb14d22994f3504ca59998adb7c44ed0e5b27cee3322028f3a.pt
2026-06-28 03:59:18 - __main__ - INFO - CAM cutout window: index=20253 copy=1 cutout_mode=cam_high top=8 left=10 height=10 width=10
2026-06-28 03:59:18 - __main__ - INFO - CAM cutout window: index=31726 copy=1 cutout_mode=cam_high top=15 left=13 height=10 width=10
2026-06-28 03:59:18 - __main__ - INFO - CAM cutout window: index=44875 copy=3 cutout_mode=cam_high top=9 left=11 height=10 width=10
2026-06-28 03:59:18 - __main__ - INFO - CAM cache hit: /content/cam_cache/cifar100/resnet18/seed42/cc/4a/cc4a65ee477e042f87677de90cdfe373001045bb98d5386f31f38dd0b9bcfe73.pt
2026-06-28 03:59:18 - __main__ - INFO - CAM cutout window: index=15151 copy=8 cutout_mode=cam_high top=11 left=9 height=10 width=10
2026-06-28 03:59:18 - __main__ - INFO - CAM cache hit: /content/cam_cache/cifar100/resnet18/seed42/da/e6/dae6e8237f1a6404245281bfcae22a035ad8d72038d30f0919fcf73107adfd6d.pt
2026-06-28 03:59:18 - __main__ - INFO - CAM cache hit: /content/cam_cache/cifar100/resnet18/seed42/f4/ef/f4efc613011eb779f9e25e93fd256955a8c3a4675b1677a2a564585983e7eee6.pt
2026-06-28 03:59:18 - __main__ - INFO - CAM cutout window: index=6880 copy=4 cutout_mode=cam_high top=8 left=10 height=10 width=10
2026-06-28 03:59:18 - __main__ - INFO - CAM cutout window: index=34864 copy=2 cutout_mode=cam_high top=8 left=11 height=10 width=10
2026-06-28 03:59:18 - __main__ - INFO - CAM cache hit: /content/cam_cache/cifar100/resnet18/seed42/d7/16/d7167a96ee1855897ae0e57be1fde3a2d2e09a1b9528f1d5ee88bf14246d0aff.pt
2026-06-28 03:59:18 - __main__ - INFO - CAM cutout window: index=2247 copy=4 cutout_mode=cam_high top=9 left=12 height=10 width=10
2026-06-28 04:01:20 - __main__ - INFO - Train: loss 0.5013 acc1 85.49%
2026-06-28 04:01:20 - __main__ - INFO - Val:   loss 2.5635 acc1 43.54%
2026-06-28 04:01:20 - __main__ - INFO - 
Epoch 18/100 | lr 0.096115
2026-06-28 04:01:20 - __main__ - INFO - CAM cache hit: /content/cam_cache/cifar100/resnet18/seed42/8a/66/8a6608cc6556b08e2a663ef34c68f97670dbfec84b08cade8f22f2d89bcbf76a.pt
2026-06-28 04:01:20 - __main__ - INFO - CAM cache hit: /content/cam_cache/cifar100/resnet18/seed42/e2/7b/e27b3fbf96a3feb376ff2ee0b74c006f7bbe38f8c680b3f19df5272c2859bc55.pt
2026-06-28 04:01:20 - __main__ - INFO - CAM cache hit: /content/cam_cache/cifar100/resnet18/seed42/75/75/7575e779cb4d5f55927d031821c5edb4501716f07320db1307f69762f7c407e8.pt
2026-06-28 04:01:20 - __main__ - INFO - CAM cache hit: /content/cam_cache/cifar100/resnet18/seed42/c5/ab/c5aba1bb67d6dd3507ce11c7273d1b48db65d593f083e46d25f9ce7a1d6d2305.pt
2026-06-28 04:01:20 - __main__ - INFO - CAM cutout window: index=14868 copy=4 cutout_mode=cam_high top=11 left=12 height=10 width=10
2026-06-28 04:01:20 - __main__ - INFO - CAM cutout window: index=443 copy=5 cutout_mode=cam_high top=6 left=12 height=10 width=10
2026-06-28 04:01:20 - __main__ - INFO - CAM cutout window: index=31358 copy=2 cutout_mode=cam_high top=10 left=8 height=10 width=10
2026-06-28 04:01:20 - __main__ - INFO - CAM cutout window: index=19807 copy=6 cutout_mode=cam_high top=9 left=15 height=10 width=10
2026-06-28 04:01:20 - __main__ - INFO - CAM cache hit: /content/cam_cache/cifar100/resnet18/seed42/2e/45/2e457bb0367da7aeca1f15ecaffede137171eccf3239f50408ea824491327d28.pt
2026-06-28 04:01:20 - __main__ - INFO - CAM cache hit: /content/cam_cache/cifar100/resnet18/seed42/70/bc/70bc3fa293f63dea4376d13bf5dfcf2be135f783b0a0356743b48ef598f98993.pt
2026-06-28 04:01:20 - __main__ - INFO - CAM cutout window: index=14531 copy=2 cutout_mode=cam_high top=14 left=8 height=10 width=10
2026-06-28 04:01:20 - __main__ - INFO - CAM cutout window: index=37444 copy=2 cutout_mode=cam_high top=8 left=16 height=10 width=10
2026-06-28 04:01:20 - __main__ - INFO - CAM cache hit: /content/cam_cache/cifar100/resnet18/seed42/be/f0/bef0a6daf8bc18254b5ddafccc40b711b80fe3725a2aa27ada2164f75be2d387.pt
2026-06-28 04:01:20 - __main__ - INFO - CAM cache hit: /content/cam_cache/cifar100/resnet18/seed42/2d/a5/2da57555d60d70b68998d9f70c961840d4ffc56532f94e57ecb35e1d6f086d20.pt
2026-06-28 04:01:20 - __main__ - INFO - CAM cutout window: index=22519 copy=2 cutout_mode=cam_high top=7 left=7 height=10 width=10
2026-06-28 04:01:20 - __main__ - INFO - CAM cutout window: index=13912 copy=1 cutout_mode=cam_high top=13 left=15 height=10 width=10
2026-06-28 04:03:21 - __main__ - INFO - Train: loss 0.4940 acc1 85.71%
2026-06-28 04:03:21 - __main__ - INFO - Val:   loss 2.5370 acc1 44.99%
2026-06-28 04:03:21 - __main__ - INFO - 
Epoch 19/100 | lr 0.095451
2026-06-28 04:03:21 - __main__ - INFO - CAM cache hit: /content/cam_cache/cifar100/resnet18/seed42/d4/2f/d42f50c3cc90d03cf1937e1f97ee5f9ce7754674aae4448204929de5e44d73cf.pt
2026-06-28 04:03:21 - __main__ - INFO - CAM cache hit: /content/cam_cache/cifar100/resnet18/seed42/c1/8b/c18ba1ed7a180748362f758f3a0abc57523c6a6eb4f9f1a80701ca64ebd7e2e8.pt
2026-06-28 04:03:21 - __main__ - INFO - CAM cache hit: /content/cam_cache/cifar100/resnet18/seed42/ca/b0/cab0d498d60883c34a332ba7a5c61cad5aa07dd8a790dce6eff2092aaf86394f.pt
2026-06-28 04:03:21 - __main__ - INFO - CAM cache hit: /content/cam_cache/cifar100/resnet18/seed42/0f/1f/0f1f134ed7664106ec01fd1519134124beb4897c8790d3e4c2579b30c39dac83.pt
2026-06-28 04:03:21 - __main__ - INFO - CAM cutout window: index=40117 copy=8 cutout_mode=cam_high top=12 left=19 height=10 width=10
2026-06-28 04:03:21 - __main__ - INFO - CAM cutout window: index=39751 copy=2 cutout_mode=cam_high top=9 left=16 height=10 width=10
2026-06-28 04:03:21 - __main__ - INFO - CAM cutout window: index=26696 copy=8 cutout_mode=cam_high top=13 left=11 height=10 width=10
2026-06-28 04:03:21 - __main__ - INFO - CAM cutout window: index=24217 copy=7 cutout_mode=cam_high top=7 left=5 height=10 width=10
2026-06-28 04:03:21 - __main__ - INFO - CAM cache hit: /content/cam_cache/cifar100/resnet18/seed42/c8/d9/c8d99180ea9fd0453240987836b078bbf03c1ea76dc0c7b088e0487a05470284.pt
2026-06-28 04:03:21 - __main__ - INFO - CAM cutout window: index=41636 copy=2 cutout_mode=cam_high top=13 left=11 height=10 width=10
2026-06-28 04:03:21 - __main__ - INFO - CAM cache hit: /content/cam_cache/cifar100/resnet18/seed42/e9/d6/e9d66dee6c21f41d491a8e5146c591e766fcc45ce5a7e7ac22d71ceac00247f8.pt
2026-06-28 04:03:21 - __main__ - INFO - CAM cache hit: /content/cam_cache/cifar100/resnet18/seed42/a2/f5/a2f59a53a8ffbf1b346f10d985da1faec6e6c9b648e117a94b1f9a551c738677.pt
2026-06-28 04:03:21 - __main__ - INFO - CAM cutout window: index=22744 copy=7 cutout_mode=cam_high top=7 left=12 height=10 width=10
2026-06-28 04:03:21 - __main__ - INFO - CAM cutout window: index=32078 copy=7 cutout_mode=cam_high top=11 left=14 height=10 width=10
2026-06-28 04:03:21 - __main__ - INFO - CAM cache hit: /content/cam_cache/cifar100/resnet18/seed42/0f/a9/0fa9f7319174d9d2f8d181ecd83abe0a5543c5f8f36a6e52c69147811d33d846.pt
2026-06-28 04:03:21 - __main__ - INFO - CAM cutout window: index=41042 copy=4 cutout_mode=cam_high top=10 left=6 height=10 width=10
2026-06-28 04:05:23 - __main__ - INFO - Train: loss 0.4897 acc1 85.78%
2026-06-28 04:05:23 - __main__ - INFO - Val:   loss 2.3820 acc1 46.08%
2026-06-28 04:05:23 - __main__ - INFO - saved best: 46.08%
2026-06-28 04:05:23 - __main__ - INFO - 
Epoch 20/100 | lr 0.094737
2026-06-28 04:05:23 - __main__ - INFO - CAM cache hit: /content/cam_cache/cifar100/resnet18/seed42/5c/4b/5c4b4ba50a2a764cc8434774ebdd2a6074dc3ee993590851214e83b30f13db9f.pt
2026-06-28 04:05:23 - __main__ - INFO - CAM cache hit: /content/cam_cache/cifar100/resnet18/seed42/41/ab/41ab952e72f9214a579d852f42024c11ccf200615e64041b8f690ef3a9275e9d.pt
2026-06-28 04:05:23 - __main__ - INFO - CAM cache hit: /content/cam_cache/cifar100/resnet18/seed42/94/8b/948bbbd7d57a5d57343537e0087834499330c84aea129f52205343b3da3fea7d.pt
2026-06-28 04:05:23 - __main__ - INFO - CAM cutout window: index=37048 copy=5 cutout_mode=cam_high top=10 left=10 height=10 width=10
2026-06-28 04:05:23 - __main__ - INFO - CAM cache hit: /content/cam_cache/cifar100/resnet18/seed42/5c/a6/5ca65e825ce3587e5b7848035dced6d787747061fd8497dde8132a9d8c289e07.pt
2026-06-28 04:05:23 - __main__ - INFO - CAM cutout window: index=34108 copy=5 cutout_mode=cam_high top=15 left=12 height=10 width=10
2026-06-28 04:05:23 - __main__ - INFO - CAM cutout window: index=17270 copy=4 cutout_mode=cam_high top=12 left=15 height=10 width=10
2026-06-28 04:05:23 - __main__ - INFO - CAM cutout window: index=32241 copy=6 cutout_mode=cam_high top=20 left=13 height=10 width=10
2026-06-28 04:05:23 - __main__ - INFO - CAM cache hit: /content/cam_cache/cifar100/resnet18/seed42/7c/69/7c6928f06154f1861714f0b6f456a6f85fa81e3e7b3361ea98c48f93652c002f.pt
2026-06-28 04:05:23 - __main__ - INFO - CAM cache hit: /content/cam_cache/cifar100/resnet18/seed42/df/71/df71b53043295f0e1df47081bc5760d0e52b475485080aee7808717f9a18aa4e.pt
2026-06-28 04:05:23 - __main__ - INFO - CAM cache hit: /content/cam_cache/cifar100/resnet18/seed42/14/a7/14a725f25d36ae2ede25d83309602d04e157dffa4d0a85b5c1ca26b9dc276b01.pt
2026-06-28 04:05:23 - __main__ - INFO - CAM cache hit: /content/cam_cache/cifar100/resnet18/seed42/f0/fe/f0fed6f5397f19b03797ad144323ebc946b9dff14a13bc995b70022191006c74.pt
2026-06-28 04:05:23 - __main__ - INFO - CAM cutout window: index=39406 copy=2 cutout_mode=cam_high top=6 left=12 height=10 width=10
2026-06-28 04:05:23 - __main__ - INFO - CAM cutout window: index=44692 copy=7 cutout_mode=cam_high top=12 left=15 height=10 width=10
2026-06-28 04:05:23 - __main__ - INFO - CAM cutout window: index=11932 copy=8 cutout_mode=cam_high top=6 left=13 height=10 width=10
2026-06-28 04:05:23 - __main__ - INFO - CAM cutout window: index=11228 copy=8 cutout_mode=cam_high top=10 left=11 height=10 width=10
2026-06-28 04:07:24 - __main__ - INFO - Train: loss 0.4807 acc1 86.13%
2026-06-28 04:07:24 - __main__ - INFO - Val:   loss 2.3956 acc1 45.91%
2026-06-28 04:07:24 - __main__ - INFO - 
Epoch 21/100 | lr 0.093974
2026-06-28 04:07:24 - __main__ - INFO - CAM cache hit: /content/cam_cache/cifar100/resnet18/seed42/d4/bc/d4bc42066c6c0b1e1e6e406b5dce963c0c8ec2baba46cabc9ad3a31449797efd.pt
2026-06-28 04:07:24 - __main__ - INFO - CAM cache hit: /content/cam_cache/cifar100/resnet18/seed42/14/20/1420663ab22338c781bd1d669d38c582c61bad7d8734a1c60d373c5c35966610.pt
2026-06-28 04:07:24 - __main__ - INFO - CAM cache hit: /content/cam_cache/cifar100/resnet18/seed42/09/19/09196d14c0e28603adc4747cc51c1264fe86acc26279c27ca3daf864ccaf70dc.pt
2026-06-28 04:07:24 - __main__ - INFO - CAM cache hit: /content/cam_cache/cifar100/resnet18/seed42/a2/00/a2007073b464b10adc8dc7472c082e2034851fa67552dea17b596586a65eaf9e.pt
2026-06-28 04:07:24 - __main__ - INFO - CAM cutout window: index=34815 copy=6 cutout_mode=cam_high top=10 left=16 height=10 width=10
2026-06-28 04:07:24 - __main__ - INFO - CAM cutout window: index=42481 copy=8 cutout_mode=cam_high top=7 left=12 height=10 width=10
2026-06-28 04:07:24 - __main__ - INFO - CAM cutout window: index=35918 copy=5 cutout_mode=cam_high top=7 left=10 height=10 width=10
2026-06-28 04:07:24 - __main__ - INFO - CAM cutout window: index=18607 copy=8 cutout_mode=cam_high top=14 left=8 height=10 width=10
2026-06-28 04:07:24 - __main__ - INFO - CAM cache hit: /content/cam_cache/cifar100/resnet18/seed42/19/1c/191c807b4dc2979de159edfd9074edf2d47eb3efc85fab87a74d7c2588e76c78.pt
2026-06-28 04:07:24 - __main__ - INFO - CAM cache hit: /content/cam_cache/cifar100/resnet18/seed42/cb/47/cb47fbc8ebbf91d6589a47896a7461f4968c932df069c885ca51b22f90633588.pt
2026-06-28 04:07:24 - __main__ - INFO - CAM cache hit: /content/cam_cache/cifar100/resnet18/seed42/51/ed/51ed2e10595b9eec394126dd94e05158cbfbac892f7e1c41a6b32042c7d130eb.pt
2026-06-28 04:07:24 - __main__ - INFO - CAM cutout window: index=9278 copy=3 cutout_mode=cam_high top=12 left=12 height=10 width=10
2026-06-28 04:07:24 - __main__ - INFO - CAM cutout window: index=32921 copy=2 cutout_mode=cam_high top=10 left=12 height=10 width=10
2026-06-28 04:07:24 - __main__ - INFO - CAM cutout window: index=29576 copy=1 cutout_mode=cam_high top=9 left=17 height=10 width=10
2026-06-28 04:07:24 - __main__ - INFO - CAM cache hit: /content/cam_cache/cifar100/resnet18/seed42/ea/d0/ead06cfbec1cee80b3d0de2acbfea38aed55ee44dc74eb440eb90a8f87555355.pt
2026-06-28 04:07:24 - __main__ - INFO - CAM cutout window: index=29252 copy=8 cutout_mode=cam_high top=12 left=8 height=10 width=10
2026-06-28 04:09:26 - __main__ - INFO - Train: loss 0.4769 acc1 86.21%
2026-06-28 04:09:26 - __main__ - INFO - Val:   loss 2.6603 acc1 43.89%
2026-06-28 04:09:26 - __main__ - INFO - 
Epoch 22/100 | lr 0.093164
2026-06-28 04:09:26 - __main__ - INFO - CAM cache hit: /content/cam_cache/cifar100/resnet18/seed42/2c/87/2c876ec4b679e8cce5b60916c2b8c0d2fcce8ecf01425375db6990874f5c2525.pt
2026-06-28 04:09:26 - __main__ - INFO - CAM cache hit: /content/cam_cache/cifar100/resnet18/seed42/9a/c5/9ac54e66aa52de89faf03897ced1366b6f46354d023d2f879a6fa3dc76f8c4a8.pt
2026-06-28 04:09:26 - __main__ - INFO - CAM cache hit: /content/cam_cache/cifar100/resnet18/seed42/be/e9/bee9928c30b4b7ee309a2df2a39f018906fbf2bae3b920cef5cd17f9b2226d74.pt
2026-06-28 04:09:26 - __main__ - INFO - CAM cache hit: /content/cam_cache/cifar100/resnet18/seed42/35/02/3502d72c20ff3b734cfb16b3ddc149586f78bd8e25704a94678ed292604e6fbf.pt
2026-06-28 04:09:26 - __main__ - INFO - CAM cutout window: index=937 copy=2 cutout_mode=cam_high top=14 left=9 height=10 width=10
2026-06-28 04:09:26 - __main__ - INFO - CAM cutout window: index=16290 copy=2 cutout_mode=cam_high top=8 left=14 height=10 width=10
2026-06-28 04:09:26 - __main__ - INFO - CAM cutout window: index=12787 copy=6 cutout_mode=cam_high top=22 left=12 height=10 width=10
2026-06-28 04:09:26 - __main__ - INFO - CAM cutout window: index=38660 copy=2 cutout_mode=cam_high top=13 left=8 height=10 width=10
2026-06-28 04:09:26 - __main__ - INFO - CAM cache hit: /content/cam_cache/cifar100/resnet18/seed42/a1/8a/a18a0f4e159d72d940cadff989cc65ecfb938c64be131ad672370ed4cbcb6b02.pt
2026-06-28 04:09:26 - __main__ - INFO - CAM cache hit: /content/cam_cache/cifar100/resnet18/seed42/4c/7c/4c7c628d85862e999cb070985a33ebde05afc45d224c72734aea85871d828ef5.pt
2026-06-28 04:09:26 - __main__ - INFO - CAM cache hit: /content/cam_cache/cifar100/resnet18/seed42/89/62/89620d15898cd4de732ceb08138e91fe07198e506878246d17d4d0116c74ba7a.pt
2026-06-28 04:09:26 - __main__ - INFO - CAM cutout window: index=1785 copy=5 cutout_mode=cam_high top=10 left=15 height=10 width=10
2026-06-28 04:09:26 - __main__ - INFO - CAM cutout window: index=2159 copy=8 cutout_mode=cam_high top=8 left=6 height=10 width=10
2026-06-28 04:09:26 - __main__ - INFO - CAM cache hit: /content/cam_cache/cifar100/resnet18/seed42/c5/2a/c52a4d43a1a3b8f8a82b3d0579d74237914bcc0b82d8e251be8ec6f404451b93.pt
2026-06-28 04:09:26 - __main__ - INFO - CAM cutout window: index=24616 copy=4 cutout_mode=cam_high top=11 left=9 height=10 width=10
2026-06-28 04:09:26 - __main__ - INFO - CAM cutout window: index=30451 copy=6 cutout_mode=cam_high top=11 left=11 height=10 width=10
2026-06-28 04:11:27 - __main__ - INFO - Train: loss 0.4750 acc1 86.25%
2026-06-28 04:11:27 - __main__ - INFO - Val:   loss 2.6589 acc1 43.63%
2026-06-28 04:11:27 - __main__ - INFO - 
Epoch 23/100 | lr 0.092306
2026-06-28 04:11:27 - __main__ - INFO - CAM cache hit: /content/cam_cache/cifar100/resnet18/seed42/b0/77/b077e387e057d76dab16ee7f0aa787ef91e2c4f2cde8e829ea34af1ce03acc4f.pt
2026-06-28 04:11:27 - __main__ - INFO - CAM cutout window: index=12600 copy=1 cutout_mode=cam_high top=10 left=8 height=10 width=10
2026-06-28 04:11:27 - __main__ - INFO - CAM cache hit: /content/cam_cache/cifar100/resnet18/seed42/e3/19/e31915644615bf104cf7e774c919b9aea0b3942b2ed2d950feab1a6ad3d048b8.pt
2026-06-28 04:11:27 - __main__ - INFO - CAM cache hit: /content/cam_cache/cifar100/resnet18/seed42/9d/40/9d407117abc1e1a1ca7a390f85041853cbe03d8651d8435c46b0524a532fc653.pt
2026-06-28 04:11:27 - __main__ - INFO - CAM cache hit: /content/cam_cache/cifar100/resnet18/seed42/ca/74/ca748f65cc056692e56a1c32f844ecbf24fc00121462f285349e94bfe9812188.pt
2026-06-28 04:11:27 - __main__ - INFO - CAM cutout window: index=20194 copy=3 cutout_mode=cam_high top=6 left=9 height=10 width=10
2026-06-28 04:11:27 - __main__ - INFO - CAM cutout window: index=21483 copy=7 cutout_mode=cam_high top=14 left=12 height=10 width=10
2026-06-28 04:11:27 - __main__ - INFO - CAM cutout window: index=17757 copy=5 cutout_mode=cam_high top=19 left=10 height=10 width=10
2026-06-28 04:11:27 - __main__ - INFO - CAM cache hit: /content/cam_cache/cifar100/resnet18/seed42/cc/d3/ccd3f78ea414fa38885dff90dc905771260e22a54c23a81b832823835cecd4a1.pt
2026-06-28 04:11:27 - __main__ - INFO - CAM cutout window: index=28009 copy=6 cutout_mode=cam_high top=14 left=10 height=10 width=10
2026-06-28 04:11:27 - __main__ - INFO - CAM cache hit: /content/cam_cache/cifar100/resnet18/seed42/e7/32/e732ac6cbafe57eab67e14aa567b469d86bd9b022d146872b26a4d473c07bf5b.pt
2026-06-28 04:11:27 - __main__ - INFO - CAM cache hit: /content/cam_cache/cifar100/resnet18/seed42/1a/2d/1a2d70b2bd3ca773104a84762bdb515f25f57343922bab9311fe053ed0227698.pt
2026-06-28 04:11:27 - __main__ - INFO - CAM cache hit: /content/cam_cache/cifar100/resnet18/seed42/df/bb/dfbbd532fb898a5fd880d2d9b879e783a5ac1f97cf191fb7afa8ce82e97acb2d.pt
2026-06-28 04:11:27 - __main__ - INFO - CAM cutout window: index=17334 copy=6 cutout_mode=cam_high top=16 left=10 height=10 width=10
2026-06-28 04:11:27 - __main__ - INFO - CAM cutout window: index=13729 copy=3 cutout_mode=cam_high top=8 left=10 height=10 width=10
2026-06-28 04:11:27 - __main__ - INFO - CAM cutout window: index=5503 copy=3 cutout_mode=cam_high top=4 left=9 height=10 width=10
2026-06-28 04:13:29 - __main__ - INFO - Train: loss 0.4658 acc1 86.52%
2026-06-28 04:13:29 - __main__ - INFO - Val:   loss 2.6631 acc1 43.69%
2026-06-28 04:13:29 - __main__ - INFO - 
Epoch 24/100 | lr 0.091401
2026-06-28 04:13:29 - __main__ - INFO - CAM cache hit: /content/cam_cache/cifar100/resnet18/seed42/b8/d5/b8d51f0948f32c68f62be061afeb92341ac4ad1d5ddad6833b160df457766c18.pt
2026-06-28 04:13:29 - __main__ - INFO - CAM cache hit: /content/cam_cache/cifar100/resnet18/seed42/e2/f8/e2f83453b74e893d2fa7d1eb1ec66fced5f33a2c9232d316c34ded76fea67ad2.pt
2026-06-28 04:13:29 - __main__ - INFO - CAM cache hit: /content/cam_cache/cifar100/resnet18/seed42/35/1e/351edc4163d02471d796ebcf60f622b0f32b63ec8d22ae188d970f0583207ae1.pt
2026-06-28 04:13:29 - __main__ - INFO - CAM cutout window: index=30828 copy=5 cutout_mode=cam_high top=10 left=9 height=10 width=10
2026-06-28 04:13:29 - __main__ - INFO - CAM cutout window: index=40980 copy=6 cutout_mode=cam_high top=8 left=8 height=10 width=10
2026-06-28 04:13:29 - __main__ - INFO - CAM cutout window: index=32966 copy=8 cutout_mode=cam_high top=10 left=8 height=10 width=10
2026-06-28 04:13:29 - __main__ - INFO - CAM cache hit: /content/cam_cache/cifar100/resnet18/seed42/53/d5/53d553ccdbc4ae368aa6054bb630614385b49acfad432cd89e7243a2d801fe3c.pt
2026-06-28 04:13:29 - __main__ - INFO - CAM cutout window: index=29930 copy=7 cutout_mode=cam_high top=10 left=12 height=10 width=10
2026-06-28 04:13:29 - __main__ - INFO - CAM cache hit: /content/cam_cache/cifar100/resnet18/seed42/f1/b0/f1b0cd8c337b6b9b14247dae1b727b47a809f2d4f73f22113408be0d0509cf86.pt
2026-06-28 04:13:29 - __main__ - INFO - CAM cutout window: index=40673 copy=7 cutout_mode=cam_high top=8 left=11 height=10 width=10
2026-06-28 04:13:29 - __main__ - INFO - CAM cache hit: /content/cam_cache/cifar100/resnet18/seed42/20/f1/20f1cf93d6a8ec5b0992f6f973ea77b0c92ac166f07e60b97da8b69ddda12c29.pt
2026-06-28 04:13:29 - __main__ - INFO - CAM cache hit: /content/cam_cache/cifar100/resnet18/seed42/6e/da/6edab390b362ac9131890189e2f22b55b04351e1e0ec407da66450eee511a0cb.pt
2026-06-28 04:13:29 - __main__ - INFO - CAM cutout window: index=24031 copy=6 cutout_mode=cam_high top=4 left=15 height=10 width=10
2026-06-28 04:13:29 - __main__ - INFO - CAM cutout window: index=33050 copy=3 cutout_mode=cam_high top=11 left=8 height=10 width=10
2026-06-28 04:13:29 - __main__ - INFO - CAM cache hit: /content/cam_cache/cifar100/resnet18/seed42/81/bc/81bcfdf3619826683479d476de06357024487a295a1d957e9005c3b75d3d4e8d.pt
2026-06-28 04:13:29 - __main__ - INFO - CAM cutout window: index=39507 copy=7 cutout_mode=cam_high top=11 left=12 height=10 width=10
2026-06-28 04:15:31 - __main__ - INFO - Train: loss 0.4605 acc1 86.67%
2026-06-28 04:15:31 - __main__ - INFO - Val:   loss 2.6514 acc1 44.60%
2026-06-28 04:15:31 - __main__ - INFO - 
Epoch 25/100 | lr 0.090452
2026-06-28 04:15:31 - __main__ - INFO - CAM cache hit: /content/cam_cache/cifar100/resnet18/seed42/64/3a/643acf2484855dfc613cd682537739baca90832d23be4a1822692035a14d1e6f.pt
2026-06-28 04:15:31 - __main__ - INFO - CAM cache hit: /content/cam_cache/cifar100/resnet18/seed42/4a/f3/4af38afe0c0dfc0f9e7dc64b90e37377a60b053fc7941582d6447b8f04c906e1.pt
2026-06-28 04:15:31 - __main__ - INFO - CAM cache hit: /content/cam_cache/cifar100/resnet18/seed42/8b/9c/8b9cd9098d5b23af5b00e8d6bab1c6b5c493b519bf0bd678a31c1e9f108c6151.pt
2026-06-28 04:15:31 - __main__ - INFO - CAM cache hit: /content/cam_cache/cifar100/resnet18/seed42/bb/28/bb28e3e5649c6467da1e1376763ece3b6295b8ac9b0e410932a182b25472b97a.pt
2026-06-28 04:15:31 - __main__ - INFO - CAM cutout window: index=16166 copy=1 cutout_mode=cam_high top=11 left=11 height=10 width=10
2026-06-28 04:15:31 - __main__ - INFO - CAM cutout window: index=16215 copy=8 cutout_mode=cam_high top=10 left=12 height=10 width=10
2026-06-28 04:15:31 - __main__ - INFO - CAM cutout window: index=9843 copy=7 cutout_mode=cam_high top=10 left=9 height=10 width=10
2026-06-28 04:15:31 - __main__ - INFO - CAM cutout window: index=39508 copy=1 cutout_mode=cam_high top=12 left=12 height=10 width=10
2026-06-28 04:15:31 - __main__ - INFO - CAM cache hit: /content/cam_cache/cifar100/resnet18/seed42/30/06/3006f571feb9bf6ea155aeec8b2d4e6a24cf8bd26f564fac6159227146614071.pt
2026-06-28 04:15:31 - __main__ - INFO - CAM cache hit: /content/cam_cache/cifar100/resnet18/seed42/51/58/51582beef80cf24b61dfe96cd107679201b6c596226a76a74b1c94a09fa2d6ba.pt
2026-06-28 04:15:31 - __main__ - INFO - CAM cache hit: /content/cam_cache/cifar100/resnet18/seed42/5a/2a/5a2af6e991efac9e2aa5af2c9a504a730a268cf930f40e14f7fbe61806526cad.pt
2026-06-28 04:15:31 - __main__ - INFO - CAM cutout window: index=15301 copy=5 cutout_mode=cam_high top=9 left=12 height=10 width=10
2026-06-28 04:15:31 - __main__ - INFO - CAM cache hit: /content/cam_cache/cifar100/resnet18/seed42/2a/e5/2ae57f9e873dbcc38a8900b5c8e06d3d6ada9848e02c55fdd4670a4e8957930f.pt
2026-06-28 04:15:31 - __main__ - INFO - CAM cutout window: index=25748 copy=2 cutout_mode=cam_high top=13 left=10 height=10 width=10
2026-06-28 04:15:31 - __main__ - INFO - CAM cutout window: index=1750 copy=4 cutout_mode=cam_high top=16 left=14 height=10 width=10
2026-06-28 04:15:31 - __main__ - INFO - CAM cutout window: index=30738 copy=5 cutout_mode=cam_high top=16 left=12 height=10 width=10
2026-06-28 04:17:33 - __main__ - INFO - Train: loss 0.4509 acc1 86.99%
2026-06-28 04:17:33 - __main__ - INFO - Val:   loss 2.5193 acc1 44.81%
2026-06-28 04:17:33 - __main__ - INFO - 
Epoch 26/100 | lr 0.089458
2026-06-28 04:17:33 - __main__ - INFO - CAM cache hit: /content/cam_cache/cifar100/resnet18/seed42/86/75/86754e5d97af2d4cabc55e1c243ce287063463ca3ede16152c8590dafeb404e4.pt
2026-06-28 04:17:33 - __main__ - INFO - CAM cache hit: /content/cam_cache/cifar100/resnet18/seed42/6f/2d/6f2d1d240923269bca928a6f30c287547d95836fd38fb532ccc049c61a79b658.pt
2026-06-28 04:17:33 - __main__ - INFO - CAM cache hit: /content/cam_cache/cifar100/resnet18/seed42/e5/cc/e5ccb64e3b1be02975f32cd010232fe1d2ee46ceba4c28746fbb99e0bc392ae3.pt
2026-06-28 04:17:33 - __main__ - INFO - CAM cache hit: /content/cam_cache/cifar100/resnet18/seed42/09/30/0930dd9d6648354fd9bcad7ab39dced82ea05b3a9c50c97f6203636c3fa154db.pt
2026-06-28 04:17:33 - __main__ - INFO - CAM cutout window: index=33928 copy=3 cutout_mode=cam_high top=11 left=6 height=10 width=10
2026-06-28 04:17:33 - __main__ - INFO - CAM cutout window: index=6026 copy=4 cutout_mode=cam_high top=14 left=11 height=10 width=10
2026-06-28 04:17:33 - __main__ - INFO - CAM cutout window: index=41043 copy=4 cutout_mode=cam_high top=10 left=14 height=10 width=10
2026-06-28 04:17:33 - __main__ - INFO - CAM cutout window: index=24471 copy=7 cutout_mode=cam_high top=11 left=8 height=10 width=10
2026-06-28 04:17:33 - __main__ - INFO - CAM cache hit: /content/cam_cache/cifar100/resnet18/seed42/51/d5/51d55ebc65727e9d2d40471453df2d13e63d54faa991c089f8542ed32771e362.pt
2026-06-28 04:17:33 - __main__ - INFO - CAM cache hit: /content/cam_cache/cifar100/resnet18/seed42/cf/45/cf45a341b3c919c7c1a8bf9cc176f1bd6d6c732306cb1a4049fe6bb31bf6decd.pt
2026-06-28 04:17:33 - __main__ - INFO - CAM cache hit: /content/cam_cache/cifar100/resnet18/seed42/86/1e/861e5a18936e02f4cd3f62ac45c74855fcef0e453a35724a223a6ae2ec9f538d.pt
2026-06-28 04:17:33 - __main__ - INFO - CAM cache hit: /content/cam_cache/cifar100/resnet18/seed42/1a/de/1ade16edd882f2869bdd3544f9628c8596f46be70016214044e42646f9f209cb.pt
2026-06-28 04:17:33 - __main__ - INFO - CAM cutout window: index=12410 copy=1 cutout_mode=cam_high top=15 left=13 height=10 width=10
2026-06-28 04:17:33 - __main__ - INFO - CAM cutout window: index=1213 copy=8 cutout_mode=cam_high top=12 left=15 height=10 width=10
2026-06-28 04:17:33 - __main__ - INFO - CAM cutout window: index=40464 copy=5 cutout_mode=cam_high top=9 left=18 height=10 width=10
2026-06-28 04:17:33 - __main__ - INFO - CAM cutout window: index=37798 copy=7 cutout_mode=cam_high top=17 left=12 height=10 width=10
2026-06-28 04:19:35 - __main__ - INFO - Train: loss 0.4459 acc1 87.09%
2026-06-28 04:19:35 - __main__ - INFO - Val:   loss 2.8158 acc1 42.33%
2026-06-28 04:19:35 - __main__ - INFO - 
Epoch 27/100 | lr 0.088421
2026-06-28 04:19:35 - __main__ - INFO - CAM cache hit: /content/cam_cache/cifar100/resnet18/seed42/d8/b8/d8b8ad3081ea293ef9cc02f800cb209871e5b72ac9a08fc484a84e788c28e429.pt
2026-06-28 04:19:35 - __main__ - INFO - CAM cutout window: index=31476 copy=5 cutout_mode=cam_high top=9 left=10 height=10 width=10
2026-06-28 04:19:35 - __main__ - INFO - CAM cache hit: /content/cam_cache/cifar100/resnet18/seed42/9a/c3/9ac3eb589ae6e20d3033968803f282a8a7991aacc47bc8111937f619eb2ddb61.pt
2026-06-28 04:19:35 - __main__ - INFO - CAM cutout window: index=30534 copy=3 cutout_mode=cam_high top=10 left=12 height=10 width=10
2026-06-28 04:19:35 - __main__ - INFO - CAM cache hit: /content/cam_cache/cifar100/resnet18/seed42/d7/c7/d7c786850d3af85ed61945f3e6f6be855e761347ca46c99d8ac0ce4a6189cdcf.pt
2026-06-28 04:19:35 - __main__ - INFO - CAM cache hit: /content/cam_cache/cifar100/resnet18/seed42/7a/1c/7a1c962f26eea895b7b1a053518ed0147357dc339a489c6edd589ba11aa86e7f.pt
2026-06-28 04:19:35 - __main__ - INFO - CAM cache hit: /content/cam_cache/cifar100/resnet18/seed42/14/bb/14bbbc6c7236c288d524c3d09d0de6387d9b614d56f8fe9082e5489752202057.pt
2026-06-28 04:19:35 - __main__ - INFO - CAM cutout window: index=30751 copy=8 cutout_mode=cam_high top=8 left=12 height=10 width=10
2026-06-28 04:19:35 - __main__ - INFO - CAM cutout window: index=16837 copy=1 cutout_mode=cam_high top=8 left=12 height=10 width=10
2026-06-28 04:19:35 - __main__ - INFO - CAM cutout window: index=37289 copy=2 cutout_mode=cam_high top=9 left=12 height=10 width=10
2026-06-28 04:19:35 - __main__ - INFO - CAM cache hit: /content/cam_cache/cifar100/resnet18/seed42/37/a7/37a7abed06160236e0908a3b0cd86f0d021e6496dcc583fbcbb1606d54cab714.pt
2026-06-28 04:19:35 - __main__ - INFO - CAM cutout window: index=35869 copy=7 cutout_mode=cam_high top=8 left=11 height=10 width=10
2026-06-28 04:19:35 - __main__ - INFO - CAM cache hit: /content/cam_cache/cifar100/resnet18/seed42/80/97/8097c687d7a0de3de790a7ce52fa80c00a9edbc8814a19c041268bf010e2217c.pt
2026-06-28 04:19:35 - __main__ - INFO - CAM cache hit: /content/cam_cache/cifar100/resnet18/seed42/08/55/08555381bd90138a12cf127ef232d11e263de34e215c12cabab1d57a1c4ef81b.pt
2026-06-28 04:19:35 - __main__ - INFO - CAM cutout window: index=4223 copy=5 cutout_mode=cam_high top=8 left=12 height=10 width=10
2026-06-28 04:19:35 - __main__ - INFO - CAM cutout window: index=17541 copy=1 cutout_mode=cam_high top=13 left=13 height=10 width=10
2026-06-28 04:21:37 - __main__ - INFO - Train: loss 0.4384 acc1 87.33%
2026-06-28 04:21:37 - __main__ - INFO - Val:   loss 2.5340 acc1 44.17%
2026-06-28 04:21:37 - __main__ - INFO - 
Epoch 28/100 | lr 0.087342
2026-06-28 04:21:37 - __main__ - INFO - CAM cache hit: /content/cam_cache/cifar100/resnet18/seed42/d4/36/d4363fff2fe94cff194f8ffd5c0f6a02d4e0cb975998415acae838703e2cb3a0.pt
2026-06-28 04:21:37 - __main__ - INFO - CAM cache hit: /content/cam_cache/cifar100/resnet18/seed42/c0/7b/c07bd71c8b16bc8485664b2a8b9cecf034908dc248c57c5dae982e990a6dfc78.pt
2026-06-28 04:21:37 - __main__ - INFO - CAM cache hit: /content/cam_cache/cifar100/resnet18/seed42/70/89/708986c6f140c939bfa1790ad6eeb5ec58cb91b20585c1e22be1c4e50dcf8853.pt
2026-06-28 04:21:37 - __main__ - INFO - CAM cutout window: index=1647 copy=2 cutout_mode=cam_high top=8 left=13 height=10 width=10
2026-06-28 04:21:37 - __main__ - INFO - CAM cutout window: index=18043 copy=2 cutout_mode=cam_high top=10 left=15 height=10 width=10
2026-06-28 04:21:37 - __main__ - INFO - CAM cutout window: index=10567 copy=6 cutout_mode=cam_high top=11 left=8 height=10 width=10
2026-06-28 04:21:37 - __main__ - INFO - CAM cache hit: /content/cam_cache/cifar100/resnet18/seed42/c7/fc/c7fc5380eb00c975584274c732f12025a26349d0ea0a3237709e81862d9df80e.pt
2026-06-28 04:21:37 - __main__ - INFO - CAM cutout window: index=35404 copy=8 cutout_mode=cam_high top=10 left=7 height=10 width=10
2026-06-28 04:21:37 - __main__ - INFO - CAM cache hit: /content/cam_cache/cifar100/resnet18/seed42/b4/24/b4242679bef028985fd99cde688f1c5faadb3559e76920386060cc81f1e3a4d4.pt
2026-06-28 04:21:37 - __main__ - INFO - CAM cache hit: /content/cam_cache/cifar100/resnet18/seed42/60/03/6003ab14409c4984bfa658a9766803b6ad3170142a3abe7545448fb6126cc0ae.pt
2026-06-28 04:21:37 - __main__ - INFO - CAM cache hit: /content/cam_cache/cifar100/resnet18/seed42/3c/98/3c9857e62072b1652864cb272cafe9e85f3c83e63eb4bcadd172889c06a9daf6.pt
2026-06-28 04:21:37 - __main__ - INFO - CAM cutout window: index=29474 copy=7 cutout_mode=cam_high top=19 left=12 height=10 width=10
2026-06-28 04:21:37 - __main__ - INFO - CAM cutout window: index=41763 copy=1 cutout_mode=cam_high top=9 left=14 height=10 width=10
2026-06-28 04:21:37 - __main__ - INFO - CAM cutout window: index=39874 copy=6 cutout_mode=cam_high top=10 left=5 height=10 width=10
2026-06-28 04:21:37 - __main__ - INFO - CAM cache hit: /content/cam_cache/cifar100/resnet18/seed42/82/f0/82f03fb9203efe4005eca9576736edcdcc1ecf2e585a1f7898ef6792e2f098bd.pt
2026-06-28 04:21:37 - __main__ - INFO - CAM cutout window: index=27363 copy=4 cutout_mode=cam_high top=10 left=11 height=10 width=10
2026-06-28 04:23:39 - __main__ - INFO - Train: loss 0.4318 acc1 87.48%
2026-06-28 04:23:39 - __main__ - INFO - Val:   loss 2.4917 acc1 44.52%
2026-06-28 04:23:39 - __main__ - INFO - 
Epoch 29/100 | lr 0.086223
2026-06-28 04:23:39 - __main__ - INFO - CAM cache hit: /content/cam_cache/cifar100/resnet18/seed42/82/13/821330075ba68cfe1ffc6052a7f12c8d5f4a59fcd1b274f1573ab8038048ba06.pt
2026-06-28 04:23:39 - __main__ - INFO - CAM cache hit: /content/cam_cache/cifar100/resnet18/seed42/a5/76/a576d0729c9a21f871d321b09f795f87c2682a5d39510039aab9b23a4d230612.pt
2026-06-28 04:23:39 - __main__ - INFO - CAM cache hit: /content/cam_cache/cifar100/resnet18/seed42/9d/11/9d115b7178a36879bbe1c669bcfa044ca6f2a593debccfb01269c75b11efd1cd.pt
2026-06-28 04:23:39 - __main__ - INFO - CAM cutout window: index=13782 copy=4 cutout_mode=cam_high top=14 left=16 height=10 width=10
2026-06-28 04:23:39 - __main__ - INFO - CAM cache hit: /content/cam_cache/cifar100/resnet18/seed42/2a/cb/2acb7a5d93ad657a53321d16fdf8270a004085c7be7648948bd04dca42ed9303.pt
2026-06-28 04:23:39 - __main__ - INFO - CAM cutout window: index=43175 copy=3 cutout_mode=cam_high top=9 left=14 height=10 width=10
2026-06-28 04:23:39 - __main__ - INFO - CAM cutout window: index=36899 copy=8 cutout_mode=cam_high top=12 left=7 height=10 width=10
2026-06-28 04:23:39 - __main__ - INFO - CAM cutout window: index=11975 copy=5 cutout_mode=cam_high top=15 left=10 height=10 width=10
2026-06-28 04:23:39 - __main__ - INFO - CAM cache hit: /content/cam_cache/cifar100/resnet18/seed42/08/e2/08e21e4428a1ea135c42c1fd6eb23efd47b7105bf5f1055f61ad9c0e26531e87.pt
2026-06-28 04:23:39 - __main__ - INFO - CAM cache hit: /content/cam_cache/cifar100/resnet18/seed42/6f/94/6f94eba0c3b723bf773dba807255c0fae6330d637aea765d5f729a34c29e975c.pt
2026-06-28 04:23:39 - __main__ - INFO - CAM cutout window: index=36063 copy=4 cutout_mode=cam_high top=19 left=5 height=10 width=10
2026-06-28 04:23:39 - __main__ - INFO - CAM cache hit: /content/cam_cache/cifar100/resnet18/seed42/90/9b/909b5fe36a421cb50ebdf8337fb64379cc51d741db3d5c5983ff83da0d82fc71.pt
2026-06-28 04:23:39 - __main__ - INFO - CAM cutout window: index=22814 copy=4 cutout_mode=cam_high top=14 left=7 height=10 width=10
2026-06-28 04:23:39 - __main__ - INFO - CAM cache hit: /content/cam_cache/cifar100/resnet18/seed42/f2/00/f20066e96ad2007a4e5b47798725be2454d97b03667c2132d47f72a2461a87d9.pt
2026-06-28 04:23:39 - __main__ - INFO - CAM cutout window: index=27458 copy=8 cutout_mode=cam_high top=9 left=9 height=10 width=10
2026-06-28 04:23:39 - __main__ - INFO - CAM cutout window: index=5232 copy=1 cutout_mode=cam_high top=12 left=9 height=10 width=10
2026-06-28 04:25:41 - __main__ - INFO - Train: loss 0.4249 acc1 87.74%
2026-06-28 04:25:41 - __main__ - INFO - Val:   loss 2.6891 acc1 43.74%
2026-06-28 04:25:41 - __main__ - INFO - 
Epoch 30/100 | lr 0.085063
2026-06-28 04:25:41 - __main__ - INFO - CAM cache hit: /content/cam_cache/cifar100/resnet18/seed42/5e/1e/5e1e434a71687152fad3bd42d7d0da36553721704e5094d54a48010f8b89984a.pt
2026-06-28 04:25:41 - __main__ - INFO - CAM cache hit: /content/cam_cache/cifar100/resnet18/seed42/65/4d/654dbad55c273068c6945521e60727ad71612e0adb5f96b9e3467a765be0d67a.pt
2026-06-28 04:25:41 - __main__ - INFO - CAM cache hit: /content/cam_cache/cifar100/resnet18/seed42/0a/e1/0ae11911e77774210d2190b7ceb4be0b1463cd153360216d599919e1a112497e.pt
2026-06-28 04:25:41 - __main__ - INFO - CAM cache hit: /content/cam_cache/cifar100/resnet18/seed42/33/3e/333eb64fee97683fe8feb9dacaf9e1df440cd470fe26a7abd75b644df7efee0b.pt
2026-06-28 04:25:41 - __main__ - INFO - CAM cutout window: index=38937 copy=8 cutout_mode=cam_high top=17 left=13 height=10 width=10
2026-06-28 04:25:41 - __main__ - INFO - CAM cutout window: index=9577 copy=2 cutout_mode=cam_high top=14 left=11 height=10 width=10
2026-06-28 04:25:41 - __main__ - INFO - CAM cutout window: index=38704 copy=5 cutout_mode=cam_high top=7 left=10 height=10 width=10
2026-06-28 04:25:41 - __main__ - INFO - CAM cutout window: index=21100 copy=6 cutout_mode=cam_high top=1 left=6 height=10 width=10
2026-06-28 04:25:41 - __main__ - INFO - CAM cache hit: /content/cam_cache/cifar100/resnet18/seed42/27/c3/27c3966c407079d93a82dc953452f58e8557a85325567a05cf8b47fc735c13e1.pt
2026-06-28 04:25:41 - __main__ - INFO - CAM cache hit: /content/cam_cache/cifar100/resnet18/seed42/b0/fb/b0fbddaecc50c0df1af6677e7fa42aa90734b8f2a4fe633b868ebf7f6f74b1a0.pt
2026-06-28 04:25:41 - __main__ - INFO - CAM cache hit: /content/cam_cache/cifar100/resnet18/seed42/b0/2c/b02c147b787aa065f1c32fb296754214bae3c6764bcd1877dd3d3ef34cb92f00.pt
2026-06-28 04:25:41 - __main__ - INFO - CAM cutout window: index=27992 copy=5 cutout_mode=cam_high top=7 left=11 height=10 width=10
2026-06-28 04:25:41 - __main__ - INFO - CAM cutout window: index=28521 copy=3 cutout_mode=cam_high top=10 left=5 height=10 width=10
2026-06-28 04:25:41 - __main__ - INFO - CAM cache hit: /content/cam_cache/cifar100/resnet18/seed42/78/c1/78c1b97c2d79f82f13135208c52769b9cf59daf6740e611c452cf82eff08a624.pt
2026-06-28 04:25:41 - __main__ - INFO - CAM cutout window: index=34261 copy=4 cutout_mode=cam_high top=11 left=12 height=10 width=10
2026-06-28 04:25:41 - __main__ - INFO - CAM cutout window: index=25233 copy=1 cutout_mode=cam_high top=12 left=11 height=10 width=10
2026-06-28 04:27:43 - __main__ - INFO - Train: loss 0.4187 acc1 87.86%
2026-06-28 04:27:43 - __main__ - INFO - Val:   loss 2.6393 acc1 42.86%
2026-06-28 04:27:43 - __main__ - INFO - 
Epoch 31/100 | lr 0.083866
2026-06-28 04:27:43 - __main__ - INFO - CAM cache hit: /content/cam_cache/cifar100/resnet18/seed42/88/ed/88ed80a0fb141d035cc3b545f9b3f67eeb374b0101a948a0ad49e64df39db98b.pt
2026-06-28 04:27:43 - __main__ - INFO - CAM cache hit: /content/cam_cache/cifar100/resnet18/seed42/30/6c/306c193f845ab825476f391eeb29b25d023e136af22e22d7424c8ca654d0f1b1.pt
2026-06-28 04:27:43 - __main__ - INFO - CAM cache hit: /content/cam_cache/cifar100/resnet18/seed42/32/73/3273f1f451b5f83154974d71f9b210cdc54b132e7c4ed32edf9856a4a183787c.pt
2026-06-28 04:27:43 - __main__ - INFO - CAM cache hit: /content/cam_cache/cifar100/resnet18/seed42/be/82/be820181e7d7a2cb1f4afc57c117e46365fcbe0c7359ff4d04498b0674641414.pt
2026-06-28 04:27:43 - __main__ - INFO - CAM cutout window: index=43745 copy=5 cutout_mode=cam_high top=18 left=14 height=10 width=10
2026-06-28 04:27:43 - __main__ - INFO - CAM cutout window: index=17099 copy=8 cutout_mode=cam_high top=12 left=10 height=10 width=10
2026-06-28 04:27:43 - __main__ - INFO - CAM cutout window: index=11254 copy=7 cutout_mode=cam_high top=10 left=9 height=10 width=10
2026-06-28 04:27:43 - __main__ - INFO - CAM cutout window: index=42516 copy=1 cutout_mode=cam_high top=9 left=7 height=10 width=10
2026-06-28 04:27:43 - __main__ - INFO - CAM cache hit: /content/cam_cache/cifar100/resnet18/seed42/35/05/3505f4cb8db5ad6aca115cbbcb4ad3757aae0fb8a96925776df0946cd2df9201.pt
2026-06-28 04:27:43 - __main__ - INFO - CAM cache hit: /content/cam_cache/cifar100/resnet18/seed42/6b/b2/6bb2a6ac1a579ebc00b96885ce444be9f1a8d30d3f71bcc911e963ca99c52e1b.pt
2026-06-28 04:27:43 - __main__ - INFO - CAM cache hit: /content/cam_cache/cifar100/resnet18/seed42/a2/98/a298c7adbad8cc77441214ce5c016f4cd2bec85195c9c1b684f09a0774334c8d.pt
2026-06-28 04:27:43 - __main__ - INFO - CAM cache hit: /content/cam_cache/cifar100/resnet18/seed42/66/b9/66b969a116f103c347e0aa4342a69ce36180f82878c8dcfe1ed4bfbd249490cf.pt
2026-06-28 04:27:43 - __main__ - INFO - CAM cutout window: index=32450 copy=4 cutout_mode=cam_high top=14 left=14 height=10 width=10
2026-06-28 04:27:43 - __main__ - INFO - CAM cutout window: index=20608 copy=3 cutout_mode=cam_high top=9 left=9 height=10 width=10
2026-06-28 04:27:43 - __main__ - INFO - CAM cutout window: index=38004 copy=6 cutout_mode=cam_high top=13 left=12 height=10 width=10
2026-06-28 04:27:43 - __main__ - INFO - CAM cutout window: index=3737 copy=1 cutout_mode=cam_high top=9 left=12 height=10 width=10
2026-06-28 04:29:45 - __main__ - INFO - Train: loss 0.4115 acc1 88.12%
2026-06-28 04:29:45 - __main__ - INFO - Val:   loss 2.4691 acc1 45.61%
2026-06-28 04:29:45 - __main__ - INFO - 
Epoch 32/100 | lr 0.082631
2026-06-28 04:29:45 - __main__ - INFO - CAM cache hit: /content/cam_cache/cifar100/resnet18/seed42/68/fd/68fda58191c32dbdda0390377a4319aaa81b155a356e6eb55e733765309dc576.pt
2026-06-28 04:29:45 - __main__ - INFO - CAM cache hit: /content/cam_cache/cifar100/resnet18/seed42/2c/03/2c0313ee278541fe71e19fc73bd4543ac8aa978789f63863fb1cd5d9eb4134b6.pt
2026-06-28 04:29:45 - __main__ - INFO - CAM cache hit: /content/cam_cache/cifar100/resnet18/seed42/74/51/7451248f8af42f04fef2664ee0922ff8420491ca52506ef741f40c157ada1406.pt
2026-06-28 04:29:45 - __main__ - INFO - CAM cache hit: /content/cam_cache/cifar100/resnet18/seed42/66/a1/66a18d17462196bb969e442d1668cb84b2525ec7ae3743538814142563de3a9d.pt
2026-06-28 04:29:45 - __main__ - INFO - CAM cutout window: index=12523 copy=3 cutout_mode=cam_high top=4 left=1 height=10 width=10
2026-06-28 04:29:45 - __main__ - INFO - CAM cutout window: index=33266 copy=3 cutout_mode=cam_high top=12 left=11 height=10 width=10
2026-06-28 04:29:45 - __main__ - INFO - CAM cutout window: index=18755 copy=8 cutout_mode=cam_high top=11 left=10 height=10 width=10
2026-06-28 04:29:45 - __main__ - INFO - CAM cutout window: index=11891 copy=4 cutout_mode=cam_high top=14 left=10 height=10 width=10
2026-06-28 04:29:45 - __main__ - INFO - CAM cache hit: /content/cam_cache/cifar100/resnet18/seed42/d7/d9/d7d9c2276799a94894bf90f55eaa5842f85392f103c62bd6a0b7c0869a9803bc.pt
2026-06-28 04:29:45 - __main__ - INFO - CAM cache hit: /content/cam_cache/cifar100/resnet18/seed42/8a/a7/8aa70ffaf37ce9cd46d9c77e7e5add143e1d367d7ccc5e0b96af1f3a42a95bc9.pt
2026-06-28 04:29:45 - __main__ - INFO - CAM cache hit: /content/cam_cache/cifar100/resnet18/seed42/8e/11/8e117c4057966b7c411b090c744c93bf399f85e44159c075aa8141503fc41486.pt
2026-06-28 04:29:45 - __main__ - INFO - CAM cache hit: /content/cam_cache/cifar100/resnet18/seed42/9b/e0/9be09ce8bc287d27bd44fb42da979ac1911747f49095ed923f149313591b7bb0.pt
2026-06-28 04:29:45 - __main__ - INFO - CAM cutout window: index=12702 copy=8 cutout_mode=cam_high top=8 left=13 height=10 width=10
2026-06-28 04:29:45 - __main__ - INFO - CAM cutout window: index=43243 copy=6 cutout_mode=cam_high top=9 left=8 height=10 width=10
2026-06-28 04:29:45 - __main__ - INFO - CAM cutout window: index=20566 copy=4 cutout_mode=cam_high top=14 left=12 height=10 width=10
2026-06-28 04:29:45 - __main__ - INFO - CAM cutout window: index=23693 copy=6 cutout_mode=cam_high top=13 left=12 height=10 width=10
2026-06-28 04:31:47 - __main__ - INFO - Train: loss 0.4029 acc1 88.39%
2026-06-28 04:31:47 - __main__ - INFO - Val:   loss 2.5315 acc1 44.90%
2026-06-28 04:31:47 - __main__ - INFO - 
Epoch 33/100 | lr 0.081361
2026-06-28 04:31:47 - __main__ - INFO - CAM cache hit: /content/cam_cache/cifar100/resnet18/seed42/de/46/de465ee6b519557ee475fcac8064e05e2b5dee8e8b1641a4d6ab6ccb5303c6c9.pt
2026-06-28 04:31:47 - __main__ - INFO - CAM cache hit: /content/cam_cache/cifar100/resnet18/seed42/35/de/35de391c1c454394a2f3ab3828cd8f6ac70a5e1728f6c75d1fcbb161445d99b7.pt
2026-06-28 04:31:47 - __main__ - INFO - CAM cache hit: /content/cam_cache/cifar100/resnet18/seed42/08/37/08379c54c8081ebc676b39b8126d440a6c98780c18f32e6174c5bc2c9283d37b.pt
2026-06-28 04:31:47 - __main__ - INFO - CAM cutout window: index=12901 copy=1 cutout_mode=cam_high top=6 left=13 height=10 width=10
2026-06-28 04:31:47 - __main__ - INFO - CAM cache hit: /content/cam_cache/cifar100/resnet18/seed42/fe/af/feafff32eb4ba9717942108d8c9635622ddaa9e0e130a5fea592c198b6bf9073.pt
2026-06-28 04:31:47 - __main__ - INFO - CAM cutout window: index=7214 copy=4 cutout_mode=cam_high top=10 left=10 height=10 width=10
2026-06-28 04:31:47 - __main__ - INFO - CAM cutout window: index=34153 copy=7 cutout_mode=cam_high top=9 left=9 height=10 width=10
2026-06-28 04:31:47 - __main__ - INFO - CAM cutout window: index=40350 copy=7 cutout_mode=cam_high top=5 left=12 height=10 width=10
2026-06-28 04:31:47 - __main__ - INFO - CAM cache hit: /content/cam_cache/cifar100/resnet18/seed42/99/46/994645c43d771a696c52735d5c96c934d08df405471bcedff80736be6f05c48f.pt
2026-06-28 04:31:47 - __main__ - INFO - CAM cutout window: index=7591 copy=6 cutout_mode=cam_high top=9 left=8 height=10 width=10
2026-06-28 04:31:47 - __main__ - INFO - CAM cache hit: /content/cam_cache/cifar100/resnet18/seed42/9b/65/9b654f4780e2f003a8da3470c3ef71edc1dc8dde6082001039960bf717ee4e25.pt
2026-06-28 04:31:47 - __main__ - INFO - CAM cache hit: /content/cam_cache/cifar100/resnet18/seed42/37/80/37804ca9db5e3a6d5e989d39ef1c77ab61ad502cc0c48951ad8d08e77faa79a5.pt
2026-06-28 04:31:47 - __main__ - INFO - CAM cutout window: index=2716 copy=3 cutout_mode=cam_high top=11 left=11 height=10 width=10
2026-06-28 04:31:47 - __main__ - INFO - CAM cache hit: /content/cam_cache/cifar100/resnet18/seed42/fe/77/fe77642c1208b190cb020fe3d0fe49637161f112c7e7cf1b53f78a4adf82dcd0.pt
2026-06-28 04:31:47 - __main__ - INFO - CAM cutout window: index=38723 copy=4 cutout_mode=cam_high top=10 left=8 height=10 width=10
2026-06-28 04:31:47 - __main__ - INFO - CAM cutout window: index=1520 copy=5 cutout_mode=cam_high top=9 left=9 height=10 width=10
2026-06-28 04:33:49 - __main__ - INFO - Train: loss 0.3915 acc1 88.65%
2026-06-28 04:33:49 - __main__ - INFO - Val:   loss 2.3836 acc1 46.18%
2026-06-28 04:33:49 - __main__ - INFO - saved best: 46.18%
2026-06-28 04:33:49 - __main__ - INFO - 
Epoch 34/100 | lr 0.080056
2026-06-28 04:33:49 - __main__ - INFO - CAM cache hit: /content/cam_cache/cifar100/resnet18/seed42/ff/83/ff83c2f2b80fa03235c6a732310834c9186f979f33345463d2419a23ce234a7f.pt
2026-06-28 04:33:49 - __main__ - INFO - CAM cache hit: /content/cam_cache/cifar100/resnet18/seed42/6b/2a/6b2a0302ad2958bf5306051abcdb6cd1b495067b0abf3582dde29ccae8d0fb7e.pt
2026-06-28 04:33:49 - __main__ - INFO - CAM cache hit: /content/cam_cache/cifar100/resnet18/seed42/03/00/0300b3b2682f0bf94fc62e5f5c4c265f772cfac810787d615b84f86f3e168ff1.pt
2026-06-28 04:33:49 - __main__ - INFO - CAM cutout window: index=29335 copy=5 cutout_mode=cam_high top=12 left=6 height=10 width=10
2026-06-28 04:33:49 - __main__ - INFO - CAM cutout window: index=84 copy=8 cutout_mode=cam_high top=10 left=14 height=10 width=10
2026-06-28 04:33:49 - __main__ - INFO - CAM cutout window: index=30771 copy=4 cutout_mode=cam_high top=12 left=7 height=10 width=10
2026-06-28 04:33:49 - __main__ - INFO - CAM cache hit: /content/cam_cache/cifar100/resnet18/seed42/4c/11/4c11c1eb2803fc828c57e9a89a7de2437a1190c657fde081d478033c58ad2623.pt
2026-06-28 04:33:49 - __main__ - INFO - CAM cutout window: index=13344 copy=5 cutout_mode=cam_high top=10 left=14 height=10 width=10
2026-06-28 04:33:49 - __main__ - INFO - CAM cache hit: /content/cam_cache/cifar100/resnet18/seed42/36/21/36217f1fda591ac94f181ff0b00e5aabbc5298b67c396e784973967cf920fb89.pt
2026-06-28 04:33:49 - __main__ - INFO - CAM cache hit: /content/cam_cache/cifar100/resnet18/seed42/73/f2/73f20224494340fcf91d34586e5dd447ec7a0b4e9f710ee79d89dfcd096328a5.pt
2026-06-28 04:33:49 - __main__ - INFO - CAM cutout window: index=30127 copy=7 cutout_mode=cam_high top=13 left=11 height=10 width=10
2026-06-28 04:33:49 - __main__ - INFO - CAM cache hit: /content/cam_cache/cifar100/resnet18/seed42/70/01/70019ea0424c9a07541bd079b2711288bdc62816af93571a3b7963b07dc92ad8.pt
2026-06-28 04:33:49 - __main__ - INFO - CAM cutout window: index=34858 copy=6 cutout_mode=cam_high top=17 left=12 height=10 width=10
2026-06-28 04:33:49 - __main__ - INFO - CAM cache hit: /content/cam_cache/cifar100/resnet18/seed42/5c/c2/5cc240a7d432bec0e64cd23fcf4ee95684198bfdf3b6f2bca5f8362bc75260b3.pt
2026-06-28 04:33:49 - __main__ - INFO - CAM cutout window: index=27826 copy=5 cutout_mode=cam_high top=13 left=12 height=10 width=10
2026-06-28 04:33:49 - __main__ - INFO - CAM cutout window: index=18105 copy=8 cutout_mode=cam_high top=7 left=8 height=10 width=10
2026-06-28 04:35:51 - __main__ - INFO - Train: loss 0.3842 acc1 88.87%
2026-06-28 04:35:51 - __main__ - INFO - Val:   loss 2.5393 acc1 45.48%
2026-06-28 04:35:51 - __main__ - INFO - 
Epoch 35/100 | lr 0.078719
2026-06-28 04:35:51 - __main__ - INFO - CAM cache hit: /content/cam_cache/cifar100/resnet18/seed42/06/c6/06c66486d2942776737f4f95cc4ba5f7f5be33ef9e47cd2bc22d80bc3bee4eff.pt
2026-06-28 04:35:51 - __main__ - INFO - CAM cutout window: index=13148 copy=4 cutout_mode=cam_high top=13 left=8 height=10 width=10
2026-06-28 04:35:51 - __main__ - INFO - CAM cache hit: /content/cam_cache/cifar100/resnet18/seed42/4d/3c/4d3c5803f7fd73008eb30c9856cabc4f981c603044ea224903d75487eaeb5c70.pt
2026-06-28 04:35:51 - __main__ - INFO - CAM cache hit: /content/cam_cache/cifar100/resnet18/seed42/56/c9/56c9ba351df3e9bcd3ffadbacbfe06feb1e9e296e139b9e65bcba7ada79be799.pt
2026-06-28 04:35:51 - __main__ - INFO - CAM cache hit: /content/cam_cache/cifar100/resnet18/seed42/dd/66/dd664ebe1442941c11a924eb50fade4890be582fd0787ba382bbd15aad0a2040.pt
2026-06-28 04:35:51 - __main__ - INFO - CAM cutout window: index=3814 copy=6 cutout_mode=cam_high top=7 left=12 height=10 width=10
2026-06-28 04:35:51 - __main__ - INFO - CAM cutout window: index=24169 copy=7 cutout_mode=cam_high top=14 left=10 height=10 width=10
2026-06-28 04:35:51 - __main__ - INFO - CAM cutout window: index=34665 copy=2 cutout_mode=cam_high top=9 left=12 height=10 width=10
2026-06-28 04:35:51 - __main__ - INFO - CAM cache hit: /content/cam_cache/cifar100/resnet18/seed42/e9/82/e9821586ac47025250345bf7e54b89ded2510ae08a0c7610ac8f9a5d43ed27d6.pt
2026-06-28 04:35:51 - __main__ - INFO - CAM cutout window: index=3721 copy=2 cutout_mode=cam_high top=9 left=11 height=10 width=10
2026-06-28 04:35:51 - __main__ - INFO - CAM cache hit: /content/cam_cache/cifar100/resnet18/seed42/6a/f1/6af12d77e3f696975fcbf76ae945054acdaddb2cd1192d2bd437d226af652335.pt
2026-06-28 04:35:51 - __main__ - INFO - CAM cache hit: /content/cam_cache/cifar100/resnet18/seed42/2f/eb/2feb46f54f021a8854daeecb87c35753d3db7b5112ef544eb60e26f2999d278e.pt
2026-06-28 04:35:51 - __main__ - INFO - CAM cache hit: /content/cam_cache/cifar100/resnet18/seed42/f7/ff/f7ffd022e3fbac8c4e4c4cca4282acae7a3c01b1f4717ba8ca00cf329b6cfd94.pt
2026-06-28 04:35:51 - __main__ - INFO - CAM cutout window: index=35961 copy=8 cutout_mode=cam_high top=10 left=7 height=10 width=10
2026-06-28 04:35:51 - __main__ - INFO - CAM cutout window: index=10582 copy=3 cutout_mode=cam_high top=15 left=11 height=10 width=10
2026-06-28 04:35:51 - __main__ - INFO - CAM cutout window: index=14345 copy=8 cutout_mode=cam_high top=11 left=6 height=10 width=10
2026-06-28 04:37:53 - __main__ - INFO - Train: loss 0.3759 acc1 89.10%
2026-06-28 04:37:53 - __main__ - INFO - Val:   loss 2.6337 acc1 44.76%
2026-06-28 04:37:53 - __main__ - INFO - 
Epoch 36/100 | lr 0.077350
2026-06-28 04:37:53 - __main__ - INFO - CAM cache hit: /content/cam_cache/cifar100/resnet18/seed42/05/71/05718b99fe5ccf9f9877eeb3854b6d75be2164892b6e98534fad67a4f738eafe.pt
2026-06-28 04:37:53 - __main__ - INFO - CAM cache hit: /content/cam_cache/cifar100/resnet18/seed42/32/52/3252fa061c9e307ee9c32889371da3cfe5a7a4cb53f73ca877a80d86a9dc1688.pt
2026-06-28 04:37:53 - __main__ - INFO - CAM cutout window: index=36835 copy=8 cutout_mode=cam_high top=12 left=12 height=10 width=10
2026-06-28 04:37:53 - __main__ - INFO - CAM cutout window: index=17158 copy=4 cutout_mode=cam_high top=10 left=8 height=10 width=10
2026-06-28 04:37:53 - __main__ - INFO - CAM cache hit: /content/cam_cache/cifar100/resnet18/seed42/e2/33/e23331c6747642a9366af5f369c8007f59cdee9b7473b52e1ddea2022dfd6731.pt
2026-06-28 04:37:53 - __main__ - INFO - CAM cache hit: /content/cam_cache/cifar100/resnet18/seed42/93/e8/93e80eb9094fc8a5ff55369248e3a38a7e845069665aec73d742a76ec3aa032b.pt
2026-06-28 04:37:53 - __main__ - INFO - CAM cache hit: /content/cam_cache/cifar100/resnet18/seed42/fb/95/fb95a8eaceb5b6237fd7d24ae598b9edd189ec5d8708ce3cbc231cb26adc8d49.pt
2026-06-28 04:37:53 - __main__ - INFO - CAM cutout window: index=1247 copy=1 cutout_mode=cam_high top=15 left=8 height=10 width=10
2026-06-28 04:37:53 - __main__ - INFO - CAM cutout window: index=32847 copy=3 cutout_mode=cam_high top=11 left=13 height=10 width=10
2026-06-28 04:37:53 - __main__ - INFO - CAM cache hit: /content/cam_cache/cifar100/resnet18/seed42/dc/12/dc128e42efb34eddf783296001327b1fc9b6c8b7a227610e78663aa23a9d62c0.pt
2026-06-28 04:37:53 - __main__ - INFO - CAM cutout window: index=1563 copy=4 cutout_mode=cam_high top=13 left=15 height=10 width=10
2026-06-28 04:37:53 - __main__ - INFO - CAM cutout window: index=27704 copy=6 cutout_mode=cam_high top=21 left=6 height=10 width=10
2026-06-28 04:37:53 - __main__ - INFO - CAM cache hit: /content/cam_cache/cifar100/resnet18/seed42/99/84/9984b316a05c965ab7add2009470a35c774f3f9503aeee911dfb23060fde8eb2.pt
2026-06-28 04:37:53 - __main__ - INFO - CAM cache hit: /content/cam_cache/cifar100/resnet18/seed42/68/fc/68fcc441df014913b1d7851ecca54856ff96976175a88782117e9a21a2292954.pt
2026-06-28 04:37:53 - __main__ - INFO - CAM cutout window: index=30528 copy=1 cutout_mode=cam_high top=7 left=13 height=10 width=10
2026-06-28 04:37:53 - __main__ - INFO - CAM cutout window: index=15247 copy=4 cutout_mode=cam_high top=11 left=6 height=10 width=10
2026-06-28 04:39:56 - __main__ - INFO - Train: loss 0.3685 acc1 89.36%
2026-06-28 04:39:56 - __main__ - INFO - Val:   loss 2.8395 acc1 42.97%
2026-06-28 04:39:56 - __main__ - INFO - 
Epoch 37/100 | lr 0.075951
2026-06-28 04:39:56 - __main__ - INFO - CAM cache hit: /content/cam_cache/cifar100/resnet18/seed42/17/4b/174b66e94aa24bd9fda8ad171efb7ecc750aa4d6cfdc854d7e62c57e665bf044.pt
2026-06-28 04:39:56 - __main__ - INFO - CAM cache hit: /content/cam_cache/cifar100/resnet18/seed42/c6/73/c673e1f765d8b342b5935f87801dc2b63cc000052020e85df4e92a88287e99d9.pt
2026-06-28 04:39:56 - __main__ - INFO - CAM cache hit: /content/cam_cache/cifar100/resnet18/seed42/c7/5f/c75fd8e9aacde8b1a0b14fb06d279204a08ca92a15c80aace93acede4f34a4f1.pt
2026-06-28 04:39:56 - __main__ - INFO - CAM cache hit: /content/cam_cache/cifar100/resnet18/seed42/11/31/11316e78da00a87e5a22b187d62ebdfb21e50f93e62dd42af893b27a7e18c5a3.pt
2026-06-28 04:39:56 - __main__ - INFO - CAM cutout window: index=23482 copy=4 cutout_mode=cam_high top=13 left=9 height=10 width=10
2026-06-28 04:39:56 - __main__ - INFO - CAM cutout window: index=2519 copy=7 cutout_mode=cam_high top=15 left=13 height=10 width=10
2026-06-28 04:39:56 - __main__ - INFO - CAM cutout window: index=21376 copy=6 cutout_mode=cam_high top=13 left=13 height=10 width=10
2026-06-28 04:39:56 - __main__ - INFO - CAM cutout window: index=12271 copy=3 cutout_mode=cam_high top=8 left=11 height=10 width=10
2026-06-28 04:39:56 - __main__ - INFO - CAM cache hit: /content/cam_cache/cifar100/resnet18/seed42/19/06/1906d4ba539b838a3dad3db71ae8827622b1a1150e93d9de5ad75667349c1375.pt
2026-06-28 04:39:56 - __main__ - INFO - CAM cache hit: /content/cam_cache/cifar100/resnet18/seed42/46/69/4669efb5e181a04d3fb5cb827107002206307cd5c921c44b54f4162af91d1504.pt
2026-06-28 04:39:56 - __main__ - INFO - CAM cache hit: /content/cam_cache/cifar100/resnet18/seed42/07/be/07bed98c477cbaa62bb829d613908763d8c0f952e794e1f908255ec9e5a019d1.pt
2026-06-28 04:39:56 - __main__ - INFO - CAM cache hit: /content/cam_cache/cifar100/resnet18/seed42/a2/f7/a2f774b8a464fac515d6047a67cdd93c558aded11c50b69a804df1969f5c0a6d.pt
2026-06-28 04:39:56 - __main__ - INFO - CAM cutout window: index=37948 copy=7 cutout_mode=cam_high top=8 left=10 height=10 width=10
2026-06-28 04:39:56 - __main__ - INFO - CAM cutout window: index=21542 copy=1 cutout_mode=cam_high top=8 left=11 height=10 width=10
2026-06-28 04:39:56 - __main__ - INFO - CAM cutout window: index=30693 copy=1 cutout_mode=cam_high top=9 left=12 height=10 width=10
2026-06-28 04:39:56 - __main__ - INFO - CAM cutout window: index=42828 copy=7 cutout_mode=cam_high top=11 left=9 height=10 width=10
2026-06-28 04:41:58 - __main__ - INFO - Train: loss 0.3597 acc1 89.60%
2026-06-28 04:41:58 - __main__ - INFO - Val:   loss 2.4879 acc1 45.94%
2026-06-28 04:41:58 - __main__ - INFO - 
Epoch 38/100 | lr 0.074524
2026-06-28 04:41:58 - __main__ - INFO - CAM cache hit: /content/cam_cache/cifar100/resnet18/seed42/a7/01/a701bb4bdbd76f48f275ce935633f4d4410d4e32a574f4d178ee944a4e17c01a.pt
2026-06-28 04:41:58 - __main__ - INFO - CAM cutout window: index=33826 copy=7 cutout_mode=cam_high top=10 left=12 height=10 width=10
2026-06-28 04:41:58 - __main__ - INFO - CAM cache hit: /content/cam_cache/cifar100/resnet18/seed42/9a/8c/9a8ccb670c1bcde003d4e919f7b87df722acd77f8f05afaa2d11f229328eff56.pt
2026-06-28 04:41:58 - __main__ - INFO - CAM cutout window: index=31233 copy=8 cutout_mode=cam_high top=11 left=15 height=10 width=10
2026-06-28 04:41:58 - __main__ - INFO - CAM cache hit: /content/cam_cache/cifar100/resnet18/seed42/89/80/8980bfb54d76e731bef620769840044bc9b502ac1dd2636150c69f236a054339.pt
2026-06-28 04:41:58 - __main__ - INFO - CAM cache hit: /content/cam_cache/cifar100/resnet18/seed42/9b/0f/9b0f1b9ef6e0849a0815a5d2be8cb6c656e045432569d0bcad9eb53d257ef0f0.pt
2026-06-28 04:41:58 - __main__ - INFO - CAM cache hit: /content/cam_cache/cifar100/resnet18/seed42/95/5e/955ebf13dbd5cf6cc6663267a29b6eeec23ed9b2b4c6e4bfb7e6eeded13ac698.pt
2026-06-28 04:41:58 - __main__ - INFO - CAM cutout window: index=18343 copy=6 cutout_mode=cam_high top=14 left=11 height=10 width=10
2026-06-28 04:41:58 - __main__ - INFO - CAM cutout window: index=12191 copy=1 cutout_mode=cam_high top=9 left=9 height=10 width=10
2026-06-28 04:41:58 - __main__ - INFO - CAM cutout window: index=23029 copy=3 cutout_mode=cam_high top=10 left=14 height=10 width=10
2026-06-28 04:41:58 - __main__ - INFO - CAM cache hit: /content/cam_cache/cifar100/resnet18/seed42/18/e9/18e97b7b461ceefe10cf352a54b0a9dce325e19381f4dfcc1bb66c7c54033078.pt
2026-06-28 04:41:58 - __main__ - INFO - CAM cutout window: index=30338 copy=4 cutout_mode=cam_high top=15 left=8 height=10 width=10
2026-06-28 04:41:58 - __main__ - INFO - CAM cache hit: /content/cam_cache/cifar100/resnet18/seed42/9f/1f/9f1f487db0725f6e4a7a4d48ae07c289013657f86703007bd7104d29851fda5a.pt
2026-06-28 04:41:58 - __main__ - INFO - CAM cache hit: /content/cam_cache/cifar100/resnet18/seed42/6a/c4/6ac440a71efb25ccf5bf92e7e8eaa2b01ba9e020984482eada6423d309213b5a.pt
2026-06-28 04:41:58 - __main__ - INFO - CAM cutout window: index=29364 copy=4 cutout_mode=cam_high top=7 left=14 height=10 width=10
2026-06-28 04:41:58 - __main__ - INFO - CAM cutout window: index=13274 copy=3 cutout_mode=cam_high top=14 left=11 height=10 width=10
2026-06-28 04:44:01 - __main__ - INFO - Train: loss 0.3491 acc1 89.94%
2026-06-28 04:44:01 - __main__ - INFO - Val:   loss 2.7341 acc1 42.44%
2026-06-28 04:44:01 - __main__ - INFO - 
Epoch 39/100 | lr 0.073070
2026-06-28 04:44:01 - __main__ - INFO - CAM cache hit: /content/cam_cache/cifar100/resnet18/seed42/1a/bc/1abcb1ccabef9cb4d0542f70488dd865fe88a815c0697f1c6db4770fa22c71dd.pt
2026-06-28 04:44:01 - __main__ - INFO - CAM cache hit: /content/cam_cache/cifar100/resnet18/seed42/49/fa/49fa2af961f309f7b8eefb7448f4cc9f763d29306fc7a3f36a3535f7c55c5268.pt
2026-06-28 04:44:01 - __main__ - INFO - CAM cache hit: /content/cam_cache/cifar100/resnet18/seed42/ab/ca/abca2b21b9a7adfc1caf2887ce5523b4416d1a530150b9f8052df952e8ce41d3.pt
2026-06-28 04:44:01 - __main__ - INFO - CAM cutout window: index=22867 copy=1 cutout_mode=cam_high top=14 left=10 height=10 width=10
2026-06-28 04:44:01 - __main__ - INFO - CAM cache hit: /content/cam_cache/cifar100/resnet18/seed42/c2/40/c24093ffd6f696ff81395f058983a69a8ef12a5286c679b4713000824299db0d.pt
2026-06-28 04:44:01 - __main__ - INFO - CAM cutout window: index=13975 copy=4 cutout_mode=cam_high top=9 left=15 height=10 width=10
2026-06-28 04:44:01 - __main__ - INFO - CAM cutout window: index=4637 copy=4 cutout_mode=cam_high top=10 left=10 height=10 width=10
2026-06-28 04:44:01 - __main__ - INFO - CAM cutout window: index=32041 copy=1 cutout_mode=cam_high top=20 left=11 height=10 width=10
2026-06-28 04:44:01 - __main__ - INFO - CAM cache hit: /content/cam_cache/cifar100/resnet18/seed42/6a/f1/6af12d77e3f696975fcbf76ae945054acdaddb2cd1192d2bd437d226af652335.pt
2026-06-28 04:44:01 - __main__ - INFO - CAM cutout window: index=10582 copy=4 cutout_mode=cam_high top=14 left=14 height=10 width=10
2026-06-28 04:44:01 - __main__ - INFO - CAM cache hit: /content/cam_cache/cifar100/resnet18/seed42/58/9f/589fbd2bfa03f1fbb51a1352eae50eedd20b75945bcf58cc4f866149c761763b.pt
2026-06-28 04:44:01 - __main__ - INFO - CAM cache hit: /content/cam_cache/cifar100/resnet18/seed42/21/54/21542468602114e48d6164319f56391d0d6ffff691a323b6f4106c20e6a27402.pt
2026-06-28 04:44:01 - __main__ - INFO - CAM cutout window: index=30832 copy=8 cutout_mode=cam_high top=8 left=8 height=10 width=10
2026-06-28 04:44:01 - __main__ - INFO - CAM cutout window: index=915 copy=3 cutout_mode=cam_high top=14 left=18 height=10 width=10
2026-06-28 04:44:01 - __main__ - INFO - CAM cache hit: /content/cam_cache/cifar100/resnet18/seed42/09/72/09727c9ca717ffa2260c2ee288b79bea0975d6fe461a06ffa62354db317561d4.pt
2026-06-28 04:44:01 - __main__ - INFO - CAM cutout window: index=4091 copy=1 cutout_mode=cam_high top=11 left=15 height=10 width=10
2026-06-28 04:46:02 - __main__ - INFO - Train: loss 0.3410 acc1 90.16%
2026-06-28 04:46:02 - __main__ - INFO - Val:   loss 2.5733 acc1 45.54%
2026-06-28 04:46:02 - __main__ - INFO - 
Epoch 40/100 | lr 0.071591
2026-06-28 04:46:02 - __main__ - INFO - CAM cache hit: /content/cam_cache/cifar100/resnet18/seed42/55/99/55997a4578d31bca384b6658b2879d4feea9c77b89c31d9ed297f0c979be9841.pt
2026-06-28 04:46:02 - __main__ - INFO - CAM cache hit: /content/cam_cache/cifar100/resnet18/seed42/c7/07/c707e4a5e978bbbce6b5e576384a6746e24b3ab6adb7031298f4170052feceb7.pt
2026-06-28 04:46:02 - __main__ - INFO - CAM cache hit: /content/cam_cache/cifar100/resnet18/seed42/5e/4e/5e4e5ffb08869aa707f5104a8a5847eac94cd48501de999dd8dfcdd7127825ac.pt
2026-06-28 04:46:02 - __main__ - INFO - CAM cutout window: index=18459 copy=4 cutout_mode=cam_high top=13 left=10 height=10 width=10
2026-06-28 04:46:02 - __main__ - INFO - CAM cache hit: /content/cam_cache/cifar100/resnet18/seed42/bb/01/bb013e92c8f7855de9981c695b819fada86a8b3f5832385db51c0094f98b9e8c.pt
2026-06-28 04:46:02 - __main__ - INFO - CAM cutout window: index=15326 copy=7 cutout_mode=cam_high top=14 left=11 height=10 width=10
2026-06-28 04:46:02 - __main__ - INFO - CAM cutout window: index=24294 copy=3 cutout_mode=cam_high top=11 left=8 height=10 width=10
2026-06-28 04:46:02 - __main__ - INFO - CAM cutout window: index=1769 copy=3 cutout_mode=cam_high top=16 left=12 height=10 width=10
2026-06-28 04:46:02 - __main__ - INFO - CAM cache hit: /content/cam_cache/cifar100/resnet18/seed42/a5/6e/a56e905a57f9db24fd9779431e8990e01e257ffe1beaa4ab7ed1c530adbd4a9e.pt
2026-06-28 04:46:02 - __main__ - INFO - CAM cache hit: /content/cam_cache/cifar100/resnet18/seed42/4b/1b/4b1bd17e5ad1ff0c76099bb0673573bba744015f560b69320b205ec9b752b856.pt
2026-06-28 04:46:02 - __main__ - INFO - CAM cutout window: index=33451 copy=6 cutout_mode=cam_high top=7 left=10 height=10 width=10
2026-06-28 04:46:02 - __main__ - INFO - CAM cache hit: /content/cam_cache/cifar100/resnet18/seed42/61/58/6158167118a516d9c02e0f25264e646f327461161f4e76073089a98fa3107886.pt
2026-06-28 04:46:02 - __main__ - INFO - CAM cutout window: index=1164 copy=2 cutout_mode=cam_high top=12 left=9 height=10 width=10
2026-06-28 04:46:02 - __main__ - INFO - CAM cutout window: index=37824 copy=3 cutout_mode=cam_high top=15 left=13 height=10 width=10
2026-06-28 04:46:02 - __main__ - INFO - CAM cache hit: /content/cam_cache/cifar100/resnet18/seed42/8b/0f/8b0fa7196fbe8486de3b11fc91212a42fa41b9f12d72feb615db5e3e5315feee.pt
2026-06-28 04:46:02 - __main__ - INFO - CAM cutout window: index=31639 copy=5 cutout_mode=cam_high top=4 left=12 height=10 width=10
2026-06-28 04:48:04 - __main__ - INFO - Train: loss 0.3312 acc1 90.47%
2026-06-28 04:48:04 - __main__ - INFO - Val:   loss 2.3817 acc1 47.07%
2026-06-28 04:48:04 - __main__ - INFO - saved best: 47.07%
2026-06-28 04:48:04 - __main__ - INFO - 
Epoch 41/100 | lr 0.070088
2026-06-28 04:48:04 - __main__ - INFO - CAM cache hit: /content/cam_cache/cifar100/resnet18/seed42/2c/46/2c4658b0118be7a1985650ce9635eaa3dbe93115c1008eb084c01e6fa9a37f97.pt
2026-06-28 04:48:04 - __main__ - INFO - CAM cache hit: /content/cam_cache/cifar100/resnet18/seed42/4f/01/4f01b43c271cc6763c23379033860e9d6f96f1004627a3ab5ca224f26fbcf2b6.pt
2026-06-28 04:48:04 - __main__ - INFO - CAM cache hit: /content/cam_cache/cifar100/resnet18/seed42/16/45/164516a78522157a94164fee9ebf533d91eb0fbe610cd0f3eb783a3a01c544b1.pt
2026-06-28 04:48:04 - __main__ - INFO - CAM cache hit: /content/cam_cache/cifar100/resnet18/seed42/3f/d2/3fd29c0ee7393c25d27bad2ad08f4067d9a0d78419fb3221fe7dcf0bf5ee630b.pt
2026-06-28 04:48:04 - __main__ - INFO - CAM cutout window: index=19669 copy=5 cutout_mode=cam_high top=11 left=12 height=10 width=10
2026-06-28 04:48:04 - __main__ - INFO - CAM cutout window: index=44805 copy=1 cutout_mode=cam_high top=10 left=9 height=10 width=10
2026-06-28 04:48:04 - __main__ - INFO - CAM cutout window: index=2801 copy=6 cutout_mode=cam_high top=12 left=11 height=10 width=10
2026-06-28 04:48:04 - __main__ - INFO - CAM cutout window: index=21677 copy=1 cutout_mode=cam_high top=15 left=16 height=10 width=10
2026-06-28 04:48:04 - __main__ - INFO - CAM cache hit: /content/cam_cache/cifar100/resnet18/seed42/06/74/06741c8c739dcc6f7639c95d7eb99d307dc93032546c032cbe111c5c42d7b438.pt
2026-06-28 04:48:04 - __main__ - INFO - CAM cache hit: /content/cam_cache/cifar100/resnet18/seed42/4b/b8/4bb884ba206357364b0504322c42d556d7fdd987e0779aba5110c70988138294.pt
2026-06-28 04:48:04 - __main__ - INFO - CAM cache hit: /content/cam_cache/cifar100/resnet18/seed42/4e/8c/4e8c78059e335087d529aabf43f4eda975d11c8891fa09ea3a8f29cd6f0cbda7.pt
2026-06-28 04:48:04 - __main__ - INFO - CAM cache hit: /content/cam_cache/cifar100/resnet18/seed42/47/dd/47dd305d93c0f228689d3a2362344b1dffc609aa85cb3ce7a0dccec67394c68c.pt
2026-06-28 04:48:04 - __main__ - INFO - CAM cutout window: index=31949 copy=4 cutout_mode=cam_high top=9 left=9 height=10 width=10
2026-06-28 04:48:04 - __main__ - INFO - CAM cutout window: index=22619 copy=8 cutout_mode=cam_high top=14 left=11 height=10 width=10
2026-06-28 04:48:04 - __main__ - INFO - CAM cutout window: index=11633 copy=2 cutout_mode=cam_high top=18 left=12 height=10 width=10
2026-06-28 04:48:04 - __main__ - INFO - CAM cutout window: index=29039 copy=2 cutout_mode=cam_high top=14 left=12 height=10 width=10
2026-06-28 04:50:07 - __main__ - INFO - Train: loss 0.3210 acc1 90.71%
2026-06-28 04:50:07 - __main__ - INFO - Val:   loss 2.5744 acc1 44.99%
2026-06-28 04:50:07 - __main__ - INFO - 
Epoch 42/100 | lr 0.068563
2026-06-28 04:50:07 - __main__ - INFO - CAM cache hit: /content/cam_cache/cifar100/resnet18/seed42/86/17/8617b9184dda65a4cd2b0a185783c247229b0f86f32a168add7c2259f4b27fb8.pt
2026-06-28 04:50:07 - __main__ - INFO - CAM cache hit: /content/cam_cache/cifar100/resnet18/seed42/4d/ca/4dca0150f0d83036d3a7f06b9a8b63a1aa9cdb39d28bf19a2e5b67bf5b02c920.pt
2026-06-28 04:50:07 - __main__ - INFO - CAM cutout window: index=33390 copy=1 cutout_mode=cam_high top=9 left=9 height=10 width=10
2026-06-28 04:50:07 - __main__ - INFO - CAM cache hit: /content/cam_cache/cifar100/resnet18/seed42/93/52/9352ab28af1077b556dfdaf7c0005778848741487a346e7c470fe66230ecabc1.pt
2026-06-28 04:50:07 - __main__ - INFO - CAM cutout window: index=30287 copy=1 cutout_mode=cam_high top=15 left=14 height=10 width=10
2026-06-28 04:50:07 - __main__ - INFO - CAM cache hit: /content/cam_cache/cifar100/resnet18/seed42/d7/4c/d74c2bc529079c98fafeeab84e7583194a92b0a901faf8c0e99df1f09990d90b.pt
2026-06-28 04:50:07 - __main__ - INFO - CAM cutout window: index=27618 copy=3 cutout_mode=cam_high top=9 left=7 height=10 width=10
2026-06-28 04:50:07 - __main__ - INFO - CAM cutout window: index=20784 copy=1 cutout_mode=cam_high top=10 left=13 height=10 width=10
2026-06-28 04:50:07 - __main__ - INFO - CAM cache hit: /content/cam_cache/cifar100/resnet18/seed42/29/00/29005286a83069a1e8a7605052fd4b2a9571d1195e734fafd1ebeedf454fff2c.pt
2026-06-28 04:50:07 - __main__ - INFO - CAM cutout window: index=34720 copy=4 cutout_mode=cam_high top=12 left=13 height=10 width=10
2026-06-28 04:50:07 - __main__ - INFO - CAM cache hit: /content/cam_cache/cifar100/resnet18/seed42/d2/19/d21999418ae9284e806cc8e0c5e325523af6a644b1620be4799849ff35a5ffc4.pt
2026-06-28 04:50:07 - __main__ - INFO - CAM cache hit: /content/cam_cache/cifar100/resnet18/seed42/c8/bc/c8bc672a9c130a6b9a59a2561cb1b0791b8e11b2279a0cb6818999f36aeb0c77.pt
2026-06-28 04:50:07 - __main__ - INFO - CAM cutout window: index=7177 copy=3 cutout_mode=cam_high top=8 left=9 height=10 width=10
2026-06-28 04:50:07 - __main__ - INFO - CAM cutout window: index=35736 copy=2 cutout_mode=cam_high top=14 left=13 height=10 width=10
2026-06-28 04:50:07 - __main__ - INFO - CAM cache hit: /content/cam_cache/cifar100/resnet18/seed42/9f/f3/9ff340173b5fce6795fd7b76e02239a77a6fae4c617e927960ddc660377f117a.pt
2026-06-28 04:50:07 - __main__ - INFO - CAM cutout window: index=24352 copy=1 cutout_mode=cam_high top=19 left=12 height=10 width=10
2026-06-28 04:52:09 - __main__ - INFO - Train: loss 0.3108 acc1 91.06%
2026-06-28 04:52:09 - __main__ - INFO - Val:   loss 2.7273 acc1 44.06%
2026-06-28 04:52:09 - __main__ - INFO - 
Epoch 43/100 | lr 0.067018
2026-06-28 04:52:09 - __main__ - INFO - CAM cache hit: /content/cam_cache/cifar100/resnet18/seed42/63/b6/63b6be85bc3b17ba427cbed20d3a9aaad8924680362324aaaecc49c6504a714e.pt
2026-06-28 04:52:09 - __main__ - INFO - CAM cache hit: /content/cam_cache/cifar100/resnet18/seed42/82/f0/82f03fb9203efe4005eca9576736edcdcc1ecf2e585a1f7898ef6792e2f098bd.pt
2026-06-28 04:52:09 - __main__ - INFO - CAM cache hit: /content/cam_cache/cifar100/resnet18/seed42/53/7b/537b5d262418d9a1635b892d76e6c5d569630f381295084c1026f828c92c01ae.pt
2026-06-28 04:52:09 - __main__ - INFO - CAM cache hit: /content/cam_cache/cifar100/resnet18/seed42/43/50/43501c6328fc1c2328e21686b3c20722a87c444281bed9e187a4ddfbd37ef2df.pt
2026-06-28 04:52:09 - __main__ - INFO - CAM cutout window: index=22178 copy=3 cutout_mode=cam_high top=13 left=11 height=10 width=10
2026-06-28 04:52:09 - __main__ - INFO - CAM cutout window: index=27363 copy=1 cutout_mode=cam_high top=8 left=14 height=10 width=10
2026-06-28 04:52:09 - __main__ - INFO - CAM cutout window: index=33349 copy=6 cutout_mode=cam_high top=11 left=7 height=10 width=10
2026-06-28 04:52:09 - __main__ - INFO - CAM cutout window: index=36669 copy=8 cutout_mode=cam_high top=17 left=11 height=10 width=10
2026-06-28 04:52:09 - __main__ - INFO - CAM cache hit: /content/cam_cache/cifar100/resnet18/seed42/8d/bb/8dbbd7e3175bf0ad9614c9b3a534b3bfc4f351d097c72dd8d6ff3b8ab371487f.pt
2026-06-28 04:52:09 - __main__ - INFO - CAM cache hit: /content/cam_cache/cifar100/resnet18/seed42/b1/24/b12435fbb6e7fcfdcb0a7ac8d60a7f3a0d9ddc15488dee59fee7fb3702c8b204.pt
2026-06-28 04:52:09 - __main__ - INFO - CAM cache hit: /content/cam_cache/cifar100/resnet18/seed42/34/5a/345a050290667996f5d7293852080f7235c2f7457360897211b5ac1adf8707a4.pt
2026-06-28 04:52:09 - __main__ - INFO - CAM cutout window: index=5395 copy=8 cutout_mode=cam_high top=10 left=15 height=10 width=10
2026-06-28 04:52:09 - __main__ - INFO - CAM cutout window: index=8014 copy=7 cutout_mode=cam_high top=8 left=8 height=10 width=10
2026-06-28 04:52:09 - __main__ - INFO - CAM cache hit: /content/cam_cache/cifar100/resnet18/seed42/a3/dd/a3dd54362d38a82e84c12b4353c272abc3d27131402d71d28042a2305125cf81.pt
2026-06-28 04:52:09 - __main__ - INFO - CAM cutout window: index=29606 copy=8 cutout_mode=cam_high top=11 left=13 height=10 width=10
2026-06-28 04:52:09 - __main__ - INFO - CAM cutout window: index=24674 copy=4 cutout_mode=cam_high top=15 left=8 height=10 width=10
2026-06-28 04:54:10 - __main__ - INFO - Train: loss 0.2995 acc1 91.35%
2026-06-28 04:54:10 - __main__ - INFO - Val:   loss 2.6453 acc1 43.62%
2026-06-28 04:54:10 - __main__ - INFO - 
Epoch 44/100 | lr 0.065454
2026-06-28 04:54:10 - __main__ - INFO - CAM cache hit: /content/cam_cache/cifar100/resnet18/seed42/64/18/6418eabf5f6c6f09cc6547c4b8e6ca69ead3f578a18ce7a8352050134d3a4d34.pt
2026-06-28 04:54:10 - __main__ - INFO - CAM cache hit: /content/cam_cache/cifar100/resnet18/seed42/14/1d/141d4242eaa1c0f3a4baa09108722461cf9dddc3febe427d974f92e563a7b85f.pt
2026-06-28 04:54:10 - __main__ - INFO - CAM cutout window: index=10849 copy=6 cutout_mode=cam_high top=11 left=14 height=10 width=10
2026-06-28 04:54:10 - __main__ - INFO - CAM cutout window: index=34835 copy=2 cutout_mode=cam_high top=11 left=10 height=10 width=10
2026-06-28 04:54:10 - __main__ - INFO - CAM cache hit: /content/cam_cache/cifar100/resnet18/seed42/fd/de/fdde689e888992cd9f06206fbb7c01a324db2e9267d3f4fe2ee63baf3f6f50e7.pt
2026-06-28 04:54:10 - __main__ - INFO - CAM cache hit: /content/cam_cache/cifar100/resnet18/seed42/0a/c4/0ac497ff0afae932e3cf9d16d1ff31f9353a3d3cf4eb6e834df5e709545664f1.pt
2026-06-28 04:54:10 - __main__ - INFO - CAM cutout window: index=15905 copy=8 cutout_mode=cam_high top=12 left=17 height=10 width=10
2026-06-28 04:54:10 - __main__ - INFO - CAM cache hit: /content/cam_cache/cifar100/resnet18/seed42/e2/10/e2100298142e498486514cf570a2243844fa2cee5ce5d66cee153d9be98f3847.pt
2026-06-28 04:54:10 - __main__ - INFO - CAM cache hit: /content/cam_cache/cifar100/resnet18/seed42/9b/b4/9bb4a893813f7bbcef1a66a22aa8363246dff7881f9e84a5e4d8f9d7d1f3d58a.pt
2026-06-28 04:54:10 - __main__ - INFO - CAM cutout window: index=38169 copy=5 cutout_mode=cam_high top=14 left=10 height=10 width=10
2026-06-28 04:54:10 - __main__ - INFO - CAM cutout window: index=32022 copy=6 cutout_mode=cam_high top=12 left=16 height=10 width=10
2026-06-28 04:54:10 - __main__ - INFO - CAM cutout window: index=4982 copy=6 cutout_mode=cam_high top=9 left=13 height=10 width=10
2026-06-28 04:54:10 - __main__ - INFO - CAM cache hit: /content/cam_cache/cifar100/resnet18/seed42/ee/91/ee91e7de83a6a6d1c322f10e3c97e6a5de3c7342eb28337233799170bec7a06b.pt
2026-06-28 04:54:10 - __main__ - INFO - CAM cutout window: index=40079 copy=2 cutout_mode=cam_high top=15 left=11 height=10 width=10
2026-06-28 04:54:10 - __main__ - INFO - CAM cache hit: /content/cam_cache/cifar100/resnet18/seed42/33/dd/33dd671136aae07e40304a73a145d81259354374b6ccf433f6a7ff255e28b549.pt
2026-06-28 04:54:10 - __main__ - INFO - CAM cutout window: index=36076 copy=4 cutout_mode=cam_high top=9 left=10 height=10 width=10
2026-06-28 04:56:12 - __main__ - INFO - Train: loss 0.2897 acc1 91.69%
2026-06-28 04:56:12 - __main__ - INFO - Val:   loss 2.4562 acc1 45.86%
2026-06-28 04:56:12 - __main__ - INFO - 
Epoch 45/100 | lr 0.063874
2026-06-28 04:56:12 - __main__ - INFO - CAM cache hit: /content/cam_cache/cifar100/resnet18/seed42/b1/6e/b16eb1fa19c59bb4a455ce86e97df40e7f1ed2f1fce301193125f5248edc5e7e.pt
2026-06-28 04:56:12 - __main__ - INFO - CAM cache hit: /content/cam_cache/cifar100/resnet18/seed42/c7/b1/c7b19f03dd633e0b71b7355f38789982521ef97144be69f2db64f5aa28d95bf5.pt
2026-06-28 04:56:12 - __main__ - INFO - CAM cache hit: /content/cam_cache/cifar100/resnet18/seed42/51/7b/517bef9821b740e586052e6f67627117eba4448f26eec1b0ce2234b9d408bf6c.pt
2026-06-28 04:56:12 - __main__ - INFO - CAM cutout window: index=11421 copy=2 cutout_mode=cam_high top=11 left=11 height=10 width=10
2026-06-28 04:56:12 - __main__ - INFO - CAM cutout window: index=26429 copy=6 cutout_mode=cam_high top=9 left=15 height=10 width=10
2026-06-28 04:56:12 - __main__ - INFO - CAM cutout window: index=4661 copy=2 cutout_mode=cam_high top=8 left=12 height=10 width=10
2026-06-28 04:56:12 - __main__ - INFO - CAM cache hit: /content/cam_cache/cifar100/resnet18/seed42/f0/53/f05305d833eb74b9ae9b3be66ac5219dc9ef302a9df27ea23cce6bb07885adda.pt
2026-06-28 04:56:12 - __main__ - INFO - CAM cutout window: index=33247 copy=3 cutout_mode=cam_high top=11 left=10 height=10 width=10
2026-06-28 04:56:12 - __main__ - INFO - CAM cache hit: /content/cam_cache/cifar100/resnet18/seed42/b9/56/b95634d2587fd2dae8ea6081fcbcdaebb9d56daeec8dba45c1e1fe307f6bbcb9.pt
2026-06-28 04:56:12 - __main__ - INFO - CAM cache hit: /content/cam_cache/cifar100/resnet18/seed42/af/a4/afa4f210b9d042e8b0e7c22b174495ff76bf63c470ad25e93e0e3e44dc4c0d3f.pt
2026-06-28 04:56:12 - __main__ - INFO - CAM cutout window: index=33389 copy=2 cutout_mode=cam_high top=13 left=10 height=10 width=10
2026-06-28 04:56:12 - __main__ - INFO - CAM cache hit: /content/cam_cache/cifar100/resnet18/seed42/45/23/452360cee0b12d8496c6d44b0c5582f5b8a6ef1577f46d051fcc8e0b8f68a98b.pt
2026-06-28 04:56:12 - __main__ - INFO - CAM cutout window: index=44280 copy=5 cutout_mode=cam_high top=8 left=13 height=10 width=10
2026-06-28 04:56:12 - __main__ - INFO - CAM cutout window: index=7372 copy=5 cutout_mode=cam_high top=11 left=12 height=10 width=10
2026-06-28 04:56:12 - __main__ - INFO - CAM cache hit: /content/cam_cache/cifar100/resnet18/seed42/23/fa/23fadfb104585621e7d03d3e654f3b07adf3fa1cadd49790d16a42df232d72c1.pt
2026-06-28 04:56:12 - __main__ - INFO - CAM cutout window: index=28027 copy=5 cutout_mode=cam_high top=11 left=5 height=10 width=10
2026-06-28 04:58:14 - __main__ - INFO - Train: loss 0.2819 acc1 91.85%
2026-06-28 04:58:14 - __main__ - INFO - Val:   loss 2.4919 acc1 45.05%
2026-06-28 04:58:14 - __main__ - INFO - 
Epoch 46/100 | lr 0.062278
2026-06-28 04:58:14 - __main__ - INFO - CAM cache hit: /content/cam_cache/cifar100/resnet18/seed42/a0/ca/a0ca79da851422738c4c57db8374360d69faf57f2b346794157425eff4a35568.pt
2026-06-28 04:58:14 - __main__ - INFO - CAM cache hit: /content/cam_cache/cifar100/resnet18/seed42/f2/c8/f2c8cc426df3f4d0bd1bb37e254ee16ae9957d76b780d7ccbb9644d1db2093b9.pt
2026-06-28 04:58:14 - __main__ - INFO - CAM cutout window: index=19174 copy=1 cutout_mode=cam_high top=13 left=14 height=10 width=10
2026-06-28 04:58:14 - __main__ - INFO - CAM cutout window: index=41300 copy=6 cutout_mode=cam_high top=12 left=7 height=10 width=10
2026-06-28 04:58:14 - __main__ - INFO - CAM cache hit: /content/cam_cache/cifar100/resnet18/seed42/f9/10/f9103f27ffccca71bedced6116d1e7973dacdcfce5a786d41f74d1aa46f2c6d3.pt
2026-06-28 04:58:14 - __main__ - INFO - CAM cache hit: /content/cam_cache/cifar100/resnet18/seed42/b4/90/b490ce0388a78929afa30bfcd612dce355027c43c575662a3ad75273d8a070fc.pt
2026-06-28 04:58:14 - __main__ - INFO - CAM cutout window: index=11288 copy=1 cutout_mode=cam_high top=10 left=12 height=10 width=10
2026-06-28 04:58:14 - __main__ - INFO - CAM cutout window: index=18417 copy=2 cutout_mode=cam_high top=13 left=9 height=10 width=10
2026-06-28 04:58:14 - __main__ - INFO - CAM cache hit: /content/cam_cache/cifar100/resnet18/seed42/0f/42/0f421ee35b1597094fff6cfd86f583d66f09d7c1f871c7b7023eb98c996af3d7.pt
2026-06-28 04:58:14 - __main__ - INFO - CAM cache hit: /content/cam_cache/cifar100/resnet18/seed42/57/0d/570d15bb6bafcb4b6ce244965fcb750d419569a73472fcc31874037cf8ea4c40.pt
2026-06-28 04:58:14 - __main__ - INFO - CAM cutout window: index=13787 copy=8 cutout_mode=cam_high top=11 left=14 height=10 width=10
2026-06-28 04:58:14 - __main__ - INFO - CAM cutout window: index=21366 copy=3 cutout_mode=cam_high top=18 left=9 height=10 width=10
2026-06-28 04:58:14 - __main__ - INFO - CAM cache hit: /content/cam_cache/cifar100/resnet18/seed42/29/fe/29fe99233fa446cc65fcb0b7fd32ffd55b0eea6ee0a74de9c477a701ab19dac5.pt
2026-06-28 04:58:14 - __main__ - INFO - CAM cache hit: /content/cam_cache/cifar100/resnet18/seed42/68/99/6899cb92f95146f14c9ee9bd5adccfea67660a627bafe97f315d1ae25fd4a574.pt
2026-06-28 04:58:14 - __main__ - INFO - CAM cutout window: index=42549 copy=8 cutout_mode=cam_high top=8 left=16 height=10 width=10
2026-06-28 04:58:14 - __main__ - INFO - CAM cutout window: index=2822 copy=4 cutout_mode=cam_high top=13 left=11 height=10 width=10
2026-06-28 05:00:16 - __main__ - INFO - Train: loss 0.2711 acc1 92.25%
2026-06-28 05:00:16 - __main__ - INFO - Val:   loss 2.4528 acc1 47.02%
2026-06-28 05:00:16 - __main__ - INFO - 
Epoch 47/100 | lr 0.060669
2026-06-28 05:00:16 - __main__ - INFO - CAM cache hit: /content/cam_cache/cifar100/resnet18/seed42/92/0c/920c1de097817b981de58599cd33201793c8d860f198fca0195edd517dbe7743.pt
2026-06-28 05:00:16 - __main__ - INFO - CAM cache hit: /content/cam_cache/cifar100/resnet18/seed42/7c/6e/7c6e2b3ffb15c4ce62e6970d10f822a02762a005ae5b0770c1902ddeebd40d16.pt
2026-06-28 05:00:16 - __main__ - INFO - CAM cache hit: /content/cam_cache/cifar100/resnet18/seed42/41/4d/414d1fac511f61e4aa55af4ba07c7665b4513c36213283961a11404c68102680.pt
2026-06-28 05:00:16 - __main__ - INFO - CAM cache hit: /content/cam_cache/cifar100/resnet18/seed42/8d/08/8d08ea2f226f51d5b1d9307817111d2c72db3b301550876c9b6a5690442b22fe.pt
2026-06-28 05:00:16 - __main__ - INFO - CAM cutout window: index=20716 copy=4 cutout_mode=cam_high top=14 left=13 height=10 width=10
2026-06-28 05:00:16 - __main__ - INFO - CAM cutout window: index=4734 copy=4 cutout_mode=cam_high top=6 left=10 height=10 width=10
2026-06-28 05:00:16 - __main__ - INFO - CAM cutout window: index=24232 copy=8 cutout_mode=cam_high top=15 left=13 height=10 width=10
2026-06-28 05:00:16 - __main__ - INFO - CAM cutout window: index=29396 copy=4 cutout_mode=cam_high top=0 left=12 height=10 width=10
2026-06-28 05:00:16 - __main__ - INFO - CAM cache hit: /content/cam_cache/cifar100/resnet18/seed42/35/c6/35c66bd73f5810f3ce76e1112284d5f91cb1c35c398278d028b9f3a46c045f44.pt
2026-06-28 05:00:16 - __main__ - INFO - CAM cutout window: index=18966 copy=7 cutout_mode=cam_high top=12 left=10 height=10 width=10
2026-06-28 05:00:16 - __main__ - INFO - CAM cache hit: /content/cam_cache/cifar100/resnet18/seed42/25/f6/25f6e52022514e83cf86b8a00eed5be30eacf662b9965e5ca9f669c6ec395127.pt
2026-06-28 05:00:16 - __main__ - INFO - CAM cache hit: /content/cam_cache/cifar100/resnet18/seed42/cc/cb/cccba8854b162aabe1a016754b8c95d9237f5a5b10de57593d4562dec63af7b6.pt
2026-06-28 05:00:16 - __main__ - INFO - CAM cache hit: /content/cam_cache/cifar100/resnet18/seed42/0f/bc/0fbc97cc7148afe7c6771ba73dd2a19306b9ae1c7a1e85414d2565a7341c6da7.pt
2026-06-28 05:00:16 - __main__ - INFO - CAM cutout window: index=31816 copy=8 cutout_mode=cam_high top=14 left=12 height=10 width=10
2026-06-28 05:00:16 - __main__ - INFO - CAM cutout window: index=19868 copy=2 cutout_mode=cam_high top=7 left=16 height=10 width=10
2026-06-28 05:00:16 - __main__ - INFO - CAM cutout window: index=41376 copy=1 cutout_mode=cam_high top=19 left=11 height=10 width=10
2026-06-28 05:02:17 - __main__ - INFO - Train: loss 0.2586 acc1 92.60%
2026-06-28 05:02:17 - __main__ - INFO - Val:   loss 2.4096 acc1 46.78%
2026-06-28 05:02:17 - __main__ - INFO - 
Epoch 48/100 | lr 0.059048
2026-06-28 05:02:18 - __main__ - INFO - CAM cache hit: /content/cam_cache/cifar100/resnet18/seed42/7b/7c/7b7c3cbd40b898c7629c58ca2fea07fe1a5eb938af044a162b7c0e769630af53.pt
2026-06-28 05:02:18 - __main__ - INFO - CAM cache hit: /content/cam_cache/cifar100/resnet18/seed42/e6/7d/e67d9293135b62cad33835d34ce9d0a6d9e1959aaf432259584ceae02c4ccdc1.pt
2026-06-28 05:02:18 - __main__ - INFO - CAM cutout window: index=25265 copy=3 cutout_mode=cam_high top=16 left=11 height=10 width=10
2026-06-28 05:02:18 - __main__ - INFO - CAM cutout window: index=20630 copy=3 cutout_mode=cam_high top=11 left=10 height=10 width=10
2026-06-28 05:02:18 - __main__ - INFO - CAM cache hit: /content/cam_cache/cifar100/resnet18/seed42/ef/38/ef38a67ac92b4d438041cfc8ed73581a7deb02b21fb1ae941a85664e5534a82e.pt
2026-06-28 05:02:18 - __main__ - INFO - CAM cache hit: /content/cam_cache/cifar100/resnet18/seed42/88/ea/88ea4b78c5fb7d81a8d8e33bd4c0180bab8e789955b8e75b76b0cf27426336bc.pt
2026-06-28 05:02:18 - __main__ - INFO - CAM cutout window: index=11337 copy=4 cutout_mode=cam_high top=12 left=13 height=10 width=10
2026-06-28 05:02:18 - __main__ - INFO - CAM cutout window: index=17894 copy=3 cutout_mode=cam_high top=12 left=14 height=10 width=10
2026-06-28 05:02:18 - __main__ - INFO - CAM cache hit: /content/cam_cache/cifar100/resnet18/seed42/fc/1b/fc1ba3cf88506d4b471a6853bd36e3f86b0565164fbe883954a2d60a7ee637de.pt
2026-06-28 05:02:18 - __main__ - INFO - CAM cache hit: /content/cam_cache/cifar100/resnet18/seed42/69/9d/699d120917838874f69d3c113381864c19c462f9abe116f824b41f0994f50ab3.pt
2026-06-28 05:02:18 - __main__ - INFO - CAM cutout window: index=4680 copy=3 cutout_mode=cam_high top=7 left=10 height=10 width=10
2026-06-28 05:02:18 - __main__ - INFO - CAM cutout window: index=37829 copy=1 cutout_mode=cam_high top=8 left=12 height=10 width=10
2026-06-28 05:02:18 - __main__ - INFO - CAM cache hit: /content/cam_cache/cifar100/resnet18/seed42/0c/de/0cde08a375f2d073e582a45a0e147631ca437cb34c8d5fb4d25bf581a5e5b5ff.pt
2026-06-28 05:02:18 - __main__ - INFO - CAM cache hit: /content/cam_cache/cifar100/resnet18/seed42/72/b4/72b4a1c3433c2599d69ae7fca6e4686f0f97fe52d9795722e3dc6763bac8e58a.pt
2026-06-28 05:02:18 - __main__ - INFO - CAM cutout window: index=5649 copy=1 cutout_mode=cam_high top=9 left=13 height=10 width=10
2026-06-28 05:02:18 - __main__ - INFO - CAM cutout window: index=28592 copy=1 cutout_mode=cam_high top=13 left=9 height=10 width=10
2026-06-28 05:04:20 - __main__ - INFO - Train: loss 0.2540 acc1 92.78%
2026-06-28 05:04:20 - __main__ - INFO - Val:   loss 2.3869 acc1 47.83%
2026-06-28 05:04:20 - __main__ - INFO - saved best: 47.83%
2026-06-28 05:04:20 - __main__ - INFO - 
Epoch 49/100 | lr 0.057417
2026-06-28 05:04:20 - __main__ - INFO - CAM cache hit: /content/cam_cache/cifar100/resnet18/seed42/67/95/67957403e248b16e630dc17f63230ead6cc4ec410f5423d5c37966466e31c2c2.pt
2026-06-28 05:04:20 - __main__ - INFO - CAM cache hit: /content/cam_cache/cifar100/resnet18/seed42/6a/ec/6aeca4ead2d34529e3d161e9df2af0bb4d54b8c1d1136e67299b5b218038625a.pt
2026-06-28 05:04:20 - __main__ - INFO - CAM cutout window: index=42167 copy=5 cutout_mode=cam_high top=10 left=10 height=10 width=10
2026-06-28 05:04:20 - __main__ - INFO - CAM cutout window: index=24147 copy=4 cutout_mode=cam_high top=14 left=10 height=10 width=10
2026-06-28 05:04:20 - __main__ - INFO - CAM cache hit: /content/cam_cache/cifar100/resnet18/seed42/b1/9d/b19dad5f89762d20d0da1833292ed5febf8926bc81a1cae82bf142183fd5c19f.pt
2026-06-28 05:04:20 - __main__ - INFO - CAM cache hit: /content/cam_cache/cifar100/resnet18/seed42/e0/de/e0de956469f1d9467b4977d075a78fa84d253613664bbe74d277166c9cd84cb3.pt
2026-06-28 05:04:20 - __main__ - INFO - CAM cutout window: index=12705 copy=6 cutout_mode=cam_high top=11 left=7 height=10 width=10
2026-06-28 05:04:20 - __main__ - INFO - CAM cutout window: index=44818 copy=3 cutout_mode=cam_high top=13 left=13 height=10 width=10
2026-06-28 05:04:20 - __main__ - INFO - CAM cache hit: /content/cam_cache/cifar100/resnet18/seed42/ef/7b/ef7be3da885c39bb5343b88e1393496903a44d9967597b7e6f4ac2896b093604.pt
2026-06-28 05:04:20 - __main__ - INFO - CAM cache hit: /content/cam_cache/cifar100/resnet18/seed42/6b/9e/6b9ec45cb67f8791ea8657f58b0fa468319e238c308fe5caa8f9f7494baad387.pt
2026-06-28 05:04:20 - __main__ - INFO - CAM cutout window: index=11983 copy=1 cutout_mode=cam_high top=16 left=12 height=10 width=10
2026-06-28 05:04:20 - __main__ - INFO - CAM cutout window: index=38135 copy=6 cutout_mode=cam_high top=9 left=6 height=10 width=10
2026-06-28 05:04:20 - __main__ - INFO - CAM cache hit: /content/cam_cache/cifar100/resnet18/seed42/62/e5/62e546ee8d044f0962059ccd5ca9dc6c55555d735c183344aa381cab8dda8040.pt
2026-06-28 05:04:20 - __main__ - INFO - CAM cutout window: index=19485 copy=7 cutout_mode=cam_high top=13 left=11 height=10 width=10
2026-06-28 05:04:20 - __main__ - INFO - CAM cache hit: /content/cam_cache/cifar100/resnet18/seed42/a2/ea/a2eac0ff49d5ad70404e73bbcd8e240d7d2a05f4a0b148231fdd1888f48931a6.pt
2026-06-28 05:04:20 - __main__ - INFO - CAM cutout window: index=1347 copy=7 cutout_mode=cam_high top=9 left=19 height=10 width=10
2026-06-28 05:06:22 - __main__ - INFO - Train: loss 0.2393 acc1 93.22%
2026-06-28 05:06:22 - __main__ - INFO - Val:   loss 2.4434 acc1 47.13%
2026-06-28 05:06:22 - __main__ - INFO - 
Epoch 50/100 | lr 0.055779
2026-06-28 05:06:22 - __main__ - INFO - CAM cache hit: /content/cam_cache/cifar100/resnet18/seed42/67/55/6755f5136055e876501ad7d173bd27ffc25d13fc66e7022490584483457ebc11.pt
2026-06-28 05:06:22 - __main__ - INFO - CAM cache hit: /content/cam_cache/cifar100/resnet18/seed42/1b/28/1b281cc5c60156d7d57ee7cb8d4f7c2e72f5a15347fa5e33244364f2158c9570.pt
2026-06-28 05:06:22 - __main__ - INFO - CAM cache hit: /content/cam_cache/cifar100/resnet18/seed42/53/33/533388f44b9ec4b6f8db4f28b2ffdf3f01d0223417f90fb39a555ae4a2ae4a1d.pt
2026-06-28 05:06:22 - __main__ - INFO - CAM cache hit: /content/cam_cache/cifar100/resnet18/seed42/c7/8d/c78dad240db7d2d26fbb589f56417e6283cac4436b32698a87c4153124599764.pt
2026-06-28 05:06:22 - __main__ - INFO - CAM cutout window: index=25724 copy=6 cutout_mode=cam_high top=22 left=12 height=10 width=10
2026-06-28 05:06:22 - __main__ - INFO - CAM cutout window: index=26258 copy=3 cutout_mode=cam_high top=11 left=12 height=10 width=10
2026-06-28 05:06:22 - __main__ - INFO - CAM cutout window: index=25145 copy=5 cutout_mode=cam_high top=12 left=14 height=10 width=10
2026-06-28 05:06:22 - __main__ - INFO - CAM cutout window: index=19096 copy=4 cutout_mode=cam_high top=13 left=13 height=10 width=10
2026-06-28 05:06:22 - __main__ - INFO - CAM cache hit: /content/cam_cache/cifar100/resnet18/seed42/9c/38/9c3872532486bd735e430d238dc8a4dbc0af3a7720ec0357b532db4c394feed9.pt
2026-06-28 05:06:22 - __main__ - INFO - CAM cache hit: /content/cam_cache/cifar100/resnet18/seed42/64/d0/64d0e4f2833c04fbb81bb5ea866ca23ca596a949890378b701e7f6fa06d7d3bf.pt
2026-06-28 05:06:22 - __main__ - INFO - CAM cache hit: /content/cam_cache/cifar100/resnet18/seed42/17/f4/17f408fcb1eb5d8291075702e4dc2df09dde0db621f50cde621ff6b11f5317dc.pt
2026-06-28 05:06:22 - __main__ - INFO - CAM cutout window: index=40618 copy=4 cutout_mode=cam_high top=9 left=15 height=10 width=10
2026-06-28 05:06:22 - __main__ - INFO - CAM cache hit: /content/cam_cache/cifar100/resnet18/seed42/85/67/856745f5b3b8216bae23d5729935c08ce1e68f1fcbd12219721e96b00fda91b0.pt
2026-06-28 05:06:22 - __main__ - INFO - CAM cutout window: index=6910 copy=8 cutout_mode=cam_high top=11 left=11 height=10 width=10
2026-06-28 05:06:22 - __main__ - INFO - CAM cutout window: index=7053 copy=3 cutout_mode=cam_high top=8 left=14 height=10 width=10
2026-06-28 05:06:22 - __main__ - INFO - CAM cutout window: index=14492 copy=3 cutout_mode=cam_high top=12 left=15 height=10 width=10
2026-06-28 05:08:25 - __main__ - INFO - Train: loss 0.2311 acc1 93.46%
2026-06-28 05:08:25 - __main__ - INFO - Val:   loss 2.5034 acc1 45.80%
2026-06-28 05:08:25 - __main__ - INFO - 
Epoch 51/100 | lr 0.054134
2026-06-28 05:08:25 - __main__ - INFO - CAM cache hit: /content/cam_cache/cifar100/resnet18/seed42/b6/4d/b64d42e292fc36d81e27df88052026f109e7b5478f0f5b667ce7435f29751c20.pt
2026-06-28 05:08:25 - __main__ - INFO - CAM cache hit: /content/cam_cache/cifar100/resnet18/seed42/8f/f0/8ff004ff9130e5821b2b39ca06c0ffb6ed012929808c3a6511cda7de7d56215c.pt
2026-06-28 05:08:25 - __main__ - INFO - CAM cutout window: index=24690 copy=3 cutout_mode=cam_high top=12 left=12 height=10 width=10
2026-06-28 05:08:25 - __main__ - INFO - CAM cache hit: /content/cam_cache/cifar100/resnet18/seed42/2b/ee/2beecd390561c5b1733ecb804edde25a7f12ca4828b3ae15edff888993797d31.pt
2026-06-28 05:08:25 - __main__ - INFO - CAM cache hit: /content/cam_cache/cifar100/resnet18/seed42/58/31/583189352b59974686de4aad0c60ac47ae91783364e9ae33ff6d73b0c89d01c8.pt
2026-06-28 05:08:25 - __main__ - INFO - CAM cutout window: index=10207 copy=8 cutout_mode=cam_high top=7 left=10 height=10 width=10
2026-06-28 05:08:25 - __main__ - INFO - CAM cutout window: index=42012 copy=4 cutout_mode=cam_high top=13 left=8 height=10 width=10
2026-06-28 05:08:25 - __main__ - INFO - CAM cutout window: index=43559 copy=4 cutout_mode=cam_high top=11 left=11 height=10 width=10
2026-06-28 05:08:25 - __main__ - INFO - CAM cache hit: /content/cam_cache/cifar100/resnet18/seed42/5c/ab/5cab41b0842ae5bb7bca9049a17bf1d9038424ae4bd7cfe2130e48f1a478da29.pt
2026-06-28 05:08:25 - __main__ - INFO - CAM cutout window: index=42044 copy=2 cutout_mode=cam_high top=9 left=14 height=10 width=10
2026-06-28 05:08:25 - __main__ - INFO - CAM cache hit: /content/cam_cache/cifar100/resnet18/seed42/84/39/843950d49b31638d8fb855a6b6358d3d0d858f25804c47f25e444d62f0b11b84.pt
2026-06-28 05:08:25 - __main__ - INFO - CAM cache hit: /content/cam_cache/cifar100/resnet18/seed42/d8/8c/d88cdf560ec5c7f0c6a16c6dcb9e453e1e2d72cf1c575824946c0408b6b725ee.pt
2026-06-28 05:08:25 - __main__ - INFO - CAM cache hit: /content/cam_cache/cifar100/resnet18/seed42/c8/e4/c8e458954f37a589a47a456cead67ffda5df6e1a70153b085cb79db7aac98188.pt
2026-06-28 05:08:25 - __main__ - INFO - CAM cutout window: index=24639 copy=8 cutout_mode=cam_high top=13 left=14 height=10 width=10
2026-06-28 05:08:25 - __main__ - INFO - CAM cutout window: index=2469 copy=5 cutout_mode=cam_high top=11 left=10 height=10 width=10
2026-06-28 05:08:25 - __main__ - INFO - CAM cutout window: index=43075 copy=6 cutout_mode=cam_high top=12 left=8 height=10 width=10
2026-06-28 05:10:27 - __main__ - INFO - Train: loss 0.2252 acc1 93.60%
2026-06-28 05:10:27 - __main__ - INFO - Val:   loss 2.5668 acc1 45.66%
2026-06-28 05:10:27 - __main__ - INFO - 
Epoch 52/100 | lr 0.052484
2026-06-28 05:10:27 - __main__ - INFO - CAM cache hit: /content/cam_cache/cifar100/resnet18/seed42/cc/40/cc403b83c9dab8b8ad937ed13a57c82e164d7e5d6244e8f6469cf3192948a6bc.pt
2026-06-28 05:10:27 - __main__ - INFO - CAM cache hit: /content/cam_cache/cifar100/resnet18/seed42/bc/b5/bcb5fb58081c079c36d16e73246d07d00e77c4fa1d02986a5a93f310546009aa.pt
2026-06-28 05:10:27 - __main__ - INFO - CAM cutout window: index=40267 copy=4 cutout_mode=cam_high top=8 left=7 height=10 width=10
2026-06-28 05:10:27 - __main__ - INFO - CAM cache hit: /content/cam_cache/cifar100/resnet18/seed42/1b/1a/1b1aa73cfa9674ef0f2d56354a14efeb6d712a4cd92d7cdd5017e0ee5deb4950.pt
2026-06-28 05:10:27 - __main__ - INFO - CAM cache hit: /content/cam_cache/cifar100/resnet18/seed42/80/1c/801c4fd27f67433f624eec8f14c830a0d509423baa17248ccf428d39033c1aeb.pt
2026-06-28 05:10:27 - __main__ - INFO - CAM cutout window: index=39059 copy=3 cutout_mode=cam_high top=9 left=8 height=10 width=10
2026-06-28 05:10:27 - __main__ - INFO - CAM cutout window: index=20803 copy=7 cutout_mode=cam_high top=13 left=10 height=10 width=10
2026-06-28 05:10:27 - __main__ - INFO - CAM cutout window: index=35650 copy=4 cutout_mode=cam_high top=9 left=12 height=10 width=10
2026-06-28 05:10:27 - __main__ - INFO - CAM cache hit: /content/cam_cache/cifar100/resnet18/seed42/61/e2/61e21858e913da8b7fcd5dc4334c98858902e08c8d20d0e15dc3c07d9e376f6a.pt
2026-06-28 05:10:27 - __main__ - INFO - CAM cutout window: index=10077 copy=3 cutout_mode=cam_high top=17 left=15 height=10 width=10
2026-06-28 05:10:27 - __main__ - INFO - CAM cache hit: /content/cam_cache/cifar100/resnet18/seed42/0f/14/0f1464d0a27aa1c983c7c3b55b12c5f89eeeeee9eef075562295384e04cbbc33.pt
2026-06-28 05:10:27 - __main__ - INFO - CAM cache hit: /content/cam_cache/cifar100/resnet18/seed42/6d/e2/6de2d1a82c8b0f3ed3259004236201b2c02bfb925df04adf3d51eccce643be07.pt
2026-06-28 05:10:27 - __main__ - INFO - CAM cache hit: /content/cam_cache/cifar100/resnet18/seed42/11/a2/11a2157a1f73dbbdad0e1b4ffa867724130a9119ce57a2204bda6ae6fed0e98d.pt
2026-06-28 05:10:27 - __main__ - INFO - CAM cutout window: index=33183 copy=4 cutout_mode=cam_high top=14 left=12 height=10 width=10
2026-06-28 05:10:27 - __main__ - INFO - CAM cutout window: index=18500 copy=4 cutout_mode=cam_high top=9 left=10 height=10 width=10
2026-06-28 05:10:27 - __main__ - INFO - CAM cutout window: index=16291 copy=1 cutout_mode=cam_high top=16 left=13 height=10 width=10
2026-06-28 05:12:29 - __main__ - INFO - Train: loss 0.2125 acc1 93.96%
2026-06-28 05:12:29 - __main__ - INFO - Val:   loss 2.4357 acc1 46.80%
2026-06-28 05:12:29 - __main__ - INFO - 
Epoch 53/100 | lr 0.050832
2026-06-28 05:12:30 - __main__ - INFO - CAM cache hit: /content/cam_cache/cifar100/resnet18/seed42/04/05/04059d56cba1bf28c3528bac529c9889e7325617e7d54a0cda074ee2a85b22ca.pt
2026-06-28 05:12:30 - __main__ - INFO - CAM cutout window: index=4634 copy=5 cutout_mode=cam_high top=13 left=13 height=10 width=10
2026-06-28 05:12:30 - __main__ - INFO - CAM cache hit: /content/cam_cache/cifar100/resnet18/seed42/39/b2/39b23f9a63d087901a2fa34e746b203a5778029f1575b7c4714cc0cfd5278dbf.pt
2026-06-28 05:12:30 - __main__ - INFO - CAM cutout window: index=7056 copy=4 cutout_mode=cam_high top=17 left=15 height=10 width=10
2026-06-28 05:12:30 - __main__ - INFO - CAM cache hit: /content/cam_cache/cifar100/resnet18/seed42/35/fd/35fdd76ee14327161c3ba5a2abe69b0a295d50ca11ee439a85c008a916246d3f.pt
2026-06-28 05:12:30 - __main__ - INFO - CAM cache hit: /content/cam_cache/cifar100/resnet18/seed42/0d/be/0dbeb2319e7153aeffabda39abdf538fc94e00f446f788c9cda69f2672f996d5.pt
2026-06-28 05:12:30 - __main__ - INFO - CAM cache hit: /content/cam_cache/cifar100/resnet18/seed42/2d/fa/2dfaf68267ae93df1b9d319eb659d8e005d8ae9896fad4b2cd4fb7a93c096afd.pt
2026-06-28 05:12:30 - __main__ - INFO - CAM cutout window: index=41768 copy=1 cutout_mode=cam_high top=10 left=7 height=10 width=10
2026-06-28 05:12:30 - __main__ - INFO - CAM cache hit: /content/cam_cache/cifar100/resnet18/seed42/59/e8/59e8f6b391c93318841dd984f696b2cdcef6f68b8c17a8c1a9e7a0f545b46f58.pt
2026-06-28 05:12:30 - __main__ - INFO - CAM cutout window: index=7750 copy=1 cutout_mode=cam_high top=12 left=15 height=10 width=10
2026-06-28 05:12:30 - __main__ - INFO - CAM cutout window: index=44144 copy=3 cutout_mode=cam_high top=11 left=13 height=10 width=10
2026-06-28 05:12:30 - __main__ - INFO - CAM cutout window: index=21618 copy=4 cutout_mode=cam_high top=11 left=11 height=10 width=10
2026-06-28 05:12:30 - __main__ - INFO - CAM cache hit: /content/cam_cache/cifar100/resnet18/seed42/c6/1e/c61e1f11d6ffd4fe003a28ce1bcbf844c7041ecf4ced665ec862cd5545ce7247.pt
2026-06-28 05:12:30 - __main__ - INFO - CAM cache hit: /content/cam_cache/cifar100/resnet18/seed42/6b/ef/6bef4ba284b81d86e331b55f7f54a6e5f1bd862fcf194c615ae2092f024d96d6.pt
2026-06-28 05:12:30 - __main__ - INFO - CAM cutout window: index=4525 copy=1 cutout_mode=cam_high top=9 left=10 height=10 width=10
2026-06-28 05:12:30 - __main__ - INFO - CAM cutout window: index=11303 copy=3 cutout_mode=cam_high top=8 left=8 height=10 width=10
2026-06-28 05:14:32 - __main__ - INFO - Train: loss 0.2032 acc1 94.33%
2026-06-28 05:14:32 - __main__ - INFO - Val:   loss 2.4241 acc1 46.69%
2026-06-28 05:14:32 - __main__ - INFO - 
Epoch 54/100 | lr 0.049178
2026-06-28 05:14:32 - __main__ - INFO - CAM cache hit: /content/cam_cache/cifar100/resnet18/seed42/ff/75/ff7541844a72f6775742c2c0a7a85783713c1e00c014a9f6a0ef3ac5e4b533f3.pt
2026-06-28 05:14:32 - __main__ - INFO - CAM cache hit: /content/cam_cache/cifar100/resnet18/seed42/e8/54/e854b5fbdc1fda13d4e57bf5d2142f0b502c8ee7f565a6587a84fd9038bc4d1e.pt
2026-06-28 05:14:32 - __main__ - INFO - CAM cache hit: /content/cam_cache/cifar100/resnet18/seed42/2d/69/2d692a8634e71036da8dff3cd79f8f5c502f325dc2642b722ebecaf30a0832f0.pt
2026-06-28 05:14:32 - __main__ - INFO - CAM cutout window: index=32780 copy=8 cutout_mode=cam_high top=10 left=12 height=10 width=10
2026-06-28 05:14:32 - __main__ - INFO - CAM cutout window: index=26501 copy=1 cutout_mode=cam_high top=13 left=12 height=10 width=10
2026-06-28 05:14:32 - __main__ - INFO - CAM cutout window: index=15899 copy=3 cutout_mode=cam_high top=10 left=10 height=10 width=10
2026-06-28 05:14:32 - __main__ - INFO - CAM cache hit: /content/cam_cache/cifar100/resnet18/seed42/0d/d4/0dd47a1512dc823a7a9f3b007195b381475d8cccae033aa611d6f1b954e9a7e0.pt
2026-06-28 05:14:32 - __main__ - INFO - CAM cutout window: index=15475 copy=5 cutout_mode=cam_high top=6 left=12 height=10 width=10
2026-06-28 05:14:32 - __main__ - INFO - CAM cache hit: /content/cam_cache/cifar100/resnet18/seed42/64/87/64874464d8268dfd248e6476582d6d2d5385df5f01d02825b7dfb85b7f426ff0.pt
2026-06-28 05:14:32 - __main__ - INFO - CAM cache hit: /content/cam_cache/cifar100/resnet18/seed42/42/f6/42f66065f5baa1358686f7863063e01e3f5532a4472d0263718fe14758bb4908.pt
2026-06-28 05:14:32 - __main__ - INFO - CAM cache hit: /content/cam_cache/cifar100/resnet18/seed42/fb/af/fbaf4a65c574b6280c17d17731b587c8fd4732b8dad8054a019bf28cffe338de.pt
2026-06-28 05:14:32 - __main__ - INFO - CAM cutout window: index=33015 copy=3 cutout_mode=cam_high top=8 left=9 height=10 width=10
2026-06-28 05:14:32 - __main__ - INFO - CAM cutout window: index=10092 copy=8 cutout_mode=cam_high top=12 left=9 height=10 width=10
2026-06-28 05:14:32 - __main__ - INFO - CAM cutout window: index=11782 copy=3 cutout_mode=cam_high top=12 left=11 height=10 width=10
2026-06-28 05:14:32 - __main__ - INFO - CAM cache hit: /content/cam_cache/cifar100/resnet18/seed42/54/4c/544cbfd84eb1d1c937b9111610812abe80fa622fb57b84ddb6ba65ceb1653781.pt
2026-06-28 05:14:32 - __main__ - INFO - CAM cutout window: index=42035 copy=2 cutout_mode=cam_high top=13 left=11 height=10 width=10
2026-06-28 05:16:34 - __main__ - INFO - Train: loss 0.1912 acc1 94.68%
2026-06-28 05:16:34 - __main__ - INFO - Val:   loss 2.4663 acc1 47.91%
2026-06-28 05:16:34 - __main__ - INFO - saved best: 47.91%
2026-06-28 05:16:34 - __main__ - INFO - 
Epoch 55/100 | lr 0.047526
2026-06-28 05:16:34 - __main__ - INFO - CAM cache hit: /content/cam_cache/cifar100/resnet18/seed42/0f/5d/0f5d45c9728736486b3b058e3b44cde38505e80b252af25800857555c8e8a736.pt
2026-06-28 05:16:34 - __main__ - INFO - CAM cache hit: /content/cam_cache/cifar100/resnet18/seed42/66/e3/66e36c10e894f5435dbc05dfc26810cf7182a8872bddf6dcf44f60d2139541d6.pt
2026-06-28 05:16:34 - __main__ - INFO - CAM cache hit: /content/cam_cache/cifar100/resnet18/seed42/e0/23/e023d4e2f9718e4a37c187b6b8666af41161796042ecf7dfdab542a26b9579d7.pt
2026-06-28 05:16:34 - __main__ - INFO - CAM cutout window: index=39797 copy=6 cutout_mode=cam_high top=11 left=14 height=10 width=10
2026-06-28 05:16:34 - __main__ - INFO - CAM cache hit: /content/cam_cache/cifar100/resnet18/seed42/b3/92/b392f1d0772dfc4d527274e8288085b6e8ec96e58e439b303ce44ad8f0fdafeb.pt
2026-06-28 05:16:34 - __main__ - INFO - CAM cutout window: index=43878 copy=7 cutout_mode=cam_high top=14 left=14 height=10 width=10
2026-06-28 05:16:34 - __main__ - INFO - CAM cutout window: index=27875 copy=6 cutout_mode=cam_high top=1 left=6 height=10 width=10
2026-06-28 05:16:34 - __main__ - INFO - CAM cutout window: index=31261 copy=7 cutout_mode=cam_high top=11 left=14 height=10 width=10
2026-06-28 05:16:34 - __main__ - INFO - CAM cache hit: /content/cam_cache/cifar100/resnet18/seed42/0c/7b/0c7becb4151654fc4cd0f77438f3ac4dcaa3134aaf60a3e22be3f481737f4781.pt
2026-06-28 05:16:34 - __main__ - INFO - CAM cache hit: /content/cam_cache/cifar100/resnet18/seed42/44/2d/442dd06c6ac656824922fdc6cae466365c5ee36063496f6f0e0c0973ee6290c1.pt
2026-06-28 05:16:34 - __main__ - INFO - CAM cache hit: /content/cam_cache/cifar100/resnet18/seed42/e3/2f/e32fd4756c6deedad58545ad61be4ecf274a303a9840f1810d978b4f75e55a16.pt
2026-06-28 05:16:34 - __main__ - INFO - CAM cache hit: /content/cam_cache/cifar100/resnet18/seed42/ee/f7/eef704024d93a6b5a672ad0053e2d530754948d890a201fa94f416d68d494eec.pt
2026-06-28 05:16:34 - __main__ - INFO - CAM cutout window: index=10292 copy=8 cutout_mode=cam_high top=6 left=11 height=10 width=10
2026-06-28 05:16:34 - __main__ - INFO - CAM cutout window: index=14440 copy=2 cutout_mode=cam_high top=15 left=10 height=10 width=10
2026-06-28 05:16:34 - __main__ - INFO - CAM cutout window: index=7449 copy=6 cutout_mode=cam_high top=14 left=11 height=10 width=10
2026-06-28 05:16:34 - __main__ - INFO - CAM cutout window: index=15431 copy=2 cutout_mode=cam_high top=7 left=12 height=10 width=10
2026-06-28 05:18:35 - __main__ - INFO - Train: loss 0.1846 acc1 94.90%
2026-06-28 05:18:35 - __main__ - INFO - Val:   loss 2.4047 acc1 46.58%
2026-06-28 05:18:35 - __main__ - INFO - 
Epoch 56/100 | lr 0.045876
2026-06-28 05:18:35 - __main__ - INFO - CAM cache hit: /content/cam_cache/cifar100/resnet18/seed42/29/71/2971b4a658ade8edc95c48066ae90c448778bbd2797ec2176c855ebf3dc453ab.pt
2026-06-28 05:18:35 - __main__ - INFO - CAM cache hit: /content/cam_cache/cifar100/resnet18/seed42/d8/60/d860b05e5c1f2307f9c46a28a76dcadff5daf178c51deadab130515dd4e531e5.pt
2026-06-28 05:18:35 - __main__ - INFO - CAM cutout window: index=7828 copy=8 cutout_mode=cam_high top=14 left=7 height=10 width=10
2026-06-28 05:18:35 - __main__ - INFO - CAM cutout window: index=32623 copy=8 cutout_mode=cam_high top=16 left=12 height=10 width=10
2026-06-28 05:18:35 - __main__ - INFO - CAM cache hit: /content/cam_cache/cifar100/resnet18/seed42/55/c9/55c977f51ee1795cd2813dbd199b45c274edab01c5fc30358b5a8cdc4f3046ea.pt
2026-06-28 05:18:35 - __main__ - INFO - CAM cache hit: /content/cam_cache/cifar100/resnet18/seed42/ae/18/ae1846e762950e75c5182365d86eb8fe9dec62a1363fc50f2aae7d0036f81482.pt
2026-06-28 05:18:35 - __main__ - INFO - CAM cutout window: index=24820 copy=3 cutout_mode=cam_high top=9 left=10 height=10 width=10
2026-06-28 05:18:35 - __main__ - INFO - CAM cache hit: /content/cam_cache/cifar100/resnet18/seed42/03/07/03077d7952fecac671fa8eb3083cb05a96ead3d7587b9a5ad62745a6e69e965b.pt
2026-06-28 05:18:35 - __main__ - INFO - CAM cutout window: index=6884 copy=5 cutout_mode=cam_high top=12 left=11 height=10 width=10
2026-06-28 05:18:35 - __main__ - INFO - CAM cache hit: /content/cam_cache/cifar100/resnet18/seed42/e6/2f/e62f842323ced7186ed0a94ee630e730a412dfe8cc7108100f8c3337eff0792b.pt
2026-06-28 05:18:35 - __main__ - INFO - CAM cutout window: index=21077 copy=2 cutout_mode=cam_high top=14 left=10 height=10 width=10
2026-06-28 05:18:35 - __main__ - INFO - CAM cutout window: index=20682 copy=3 cutout_mode=cam_high top=10 left=11 height=10 width=10
2026-06-28 05:18:35 - __main__ - INFO - CAM cache hit: /content/cam_cache/cifar100/resnet18/seed42/8a/aa/8aaa8532a1ebfd7a110a83d3448d95d7c29256a7025c09ccba13c3f9d45b6b2d.pt
2026-06-28 05:18:35 - __main__ - INFO - CAM cache hit: /content/cam_cache/cifar100/resnet18/seed42/b1/fb/b1fba0b64bf1c1e8a88708b9660ee4758286f8cd7d31941fcaade85285d0fbbd.pt
2026-06-28 05:18:35 - __main__ - INFO - CAM cutout window: index=6364 copy=8 cutout_mode=cam_high top=7 left=13 height=10 width=10
2026-06-28 05:18:35 - __main__ - INFO - CAM cutout window: index=41578 copy=4 cutout_mode=cam_high top=10 left=12 height=10 width=10
2026-06-28 05:20:38 - __main__ - INFO - Train: loss 0.1715 acc1 95.31%
2026-06-28 05:20:38 - __main__ - INFO - Val:   loss 2.4008 acc1 47.45%
2026-06-28 05:20:38 - __main__ - INFO - 
Epoch 57/100 | lr 0.044231
2026-06-28 05:20:38 - __main__ - INFO - CAM cache hit: /content/cam_cache/cifar100/resnet18/seed42/b1/ee/b1eee435a90089a69fc1819f75951b5e0d7f1b82ff920012a027dab0952c86b2.pt
2026-06-28 05:20:38 - __main__ - INFO - CAM cache hit: /content/cam_cache/cifar100/resnet18/seed42/3b/1a/3b1a6d33da51f60719bda2bcea281d169e5693cd3763ac25d774909e6eedca26.pt
2026-06-28 05:20:38 - __main__ - INFO - CAM cutout window: index=20301 copy=4 cutout_mode=cam_high top=10 left=12 height=10 width=10
2026-06-28 05:20:38 - __main__ - INFO - CAM cache hit: /content/cam_cache/cifar100/resnet18/seed42/2f/bd/2fbd9d835efd017858146414366a0ca094ca597512ecb53f063f1994fbdb617c.pt
2026-06-28 05:20:38 - __main__ - INFO - CAM cache hit: /content/cam_cache/cifar100/resnet18/seed42/2a/39/2a39f1d41c2318dcac15b436383886bdda3dd45a8bd7bf74a8ab3d67f3883328.pt
2026-06-28 05:20:38 - __main__ - INFO - CAM cutout window: index=8619 copy=2 cutout_mode=cam_high top=11 left=10 height=10 width=10
2026-06-28 05:20:38 - __main__ - INFO - CAM cutout window: index=26539 copy=4 cutout_mode=cam_high top=15 left=7 height=10 width=10
2026-06-28 05:20:38 - __main__ - INFO - CAM cutout window: index=11927 copy=1 cutout_mode=cam_high top=18 left=10 height=10 width=10
2026-06-28 05:20:38 - __main__ - INFO - CAM cache hit: /content/cam_cache/cifar100/resnet18/seed42/83/06/830620d2654316a522194cf910165693559a0ac8f4e460f699b5dcee0e9b9b3c.pt
2026-06-28 05:20:38 - __main__ - INFO - CAM cutout window: index=32906 copy=2 cutout_mode=cam_high top=7 left=12 height=10 width=10
2026-06-28 05:20:38 - __main__ - INFO - CAM cache hit: /content/cam_cache/cifar100/resnet18/seed42/00/ad/00adac1199c425a2b50ea5f53c11ec383af26c1f54fe4bea4643a1225972f4e6.pt
2026-06-28 05:20:38 - __main__ - INFO - CAM cache hit: /content/cam_cache/cifar100/resnet18/seed42/2b/c6/2bc68196bd02acbcd6805cc7643c26a3709d2ffabcb74e865534a397840457b7.pt
2026-06-28 05:20:38 - __main__ - INFO - CAM cutout window: index=13959 copy=8 cutout_mode=cam_high top=10 left=12 height=10 width=10
2026-06-28 05:20:38 - __main__ - INFO - CAM cache hit: /content/cam_cache/cifar100/resnet18/seed42/e9/26/e92692c654ef1f3f6f4c1f6cca1d90e86b85b55b0353cc6432aa16939d9a8ef3.pt
2026-06-28 05:20:38 - __main__ - INFO - CAM cutout window: index=6955 copy=2 cutout_mode=cam_high top=10 left=14 height=10 width=10
2026-06-28 05:20:38 - __main__ - INFO - CAM cutout window: index=17402 copy=5 cutout_mode=cam_high top=11 left=12 height=10 width=10
2026-06-28 05:22:41 - __main__ - INFO - Train: loss 0.1647 acc1 95.53%
2026-06-28 05:22:41 - __main__ - INFO - Val:   loss 2.3888 acc1 47.10%
2026-06-28 05:22:41 - __main__ - INFO - 
Epoch 58/100 | lr 0.042593
2026-06-28 05:22:41 - __main__ - INFO - CAM cache hit: /content/cam_cache/cifar100/resnet18/seed42/54/c5/54c578aa387f8e6b4b918d3205a11b511b42d87d8e05c01f7a24d5d4490a7890.pt
2026-06-28 05:22:41 - __main__ - INFO - CAM cache hit: /content/cam_cache/cifar100/resnet18/seed42/55/bd/55bd11ad677bf59f91d9df45713ae4ba8788313c97f279be1ccc58e125933cad.pt
2026-06-28 05:22:41 - __main__ - INFO - CAM cutout window: index=14031 copy=4 cutout_mode=cam_high top=10 left=6 height=10 width=10
2026-06-28 05:22:41 - __main__ - INFO - CAM cache hit: /content/cam_cache/cifar100/resnet18/seed42/a2/23/a22398230206efebd716067738ed5a50121bba307aa38d153d9e0dc2680282cb.pt
2026-06-28 05:22:41 - __main__ - INFO - CAM cache hit: /content/cam_cache/cifar100/resnet18/seed42/04/fc/04fc979b519b5aaf3f60405f546dd9a497ebcf7c3c2ce3833cff00dc43adc1a3.pt
2026-06-28 05:22:41 - __main__ - INFO - CAM cutout window: index=2512 copy=8 cutout_mode=cam_high top=10 left=14 height=10 width=10
2026-06-28 05:22:41 - __main__ - INFO - CAM cutout window: index=28570 copy=2 cutout_mode=cam_high top=6 left=11 height=10 width=10
2026-06-28 05:22:41 - __main__ - INFO - CAM cutout window: index=1688 copy=5 cutout_mode=cam_high top=14 left=14 height=10 width=10
2026-06-28 05:22:41 - __main__ - INFO - CAM cache hit: /content/cam_cache/cifar100/resnet18/seed42/60/8d/608de71b50d5b5c3d1d733927192692c275cdfa495f66c941497e66c20618601.pt
2026-06-28 05:22:41 - __main__ - INFO - CAM cutout window: index=27864 copy=7 cutout_mode=cam_high top=14 left=10 height=10 width=10
2026-06-28 05:22:41 - __main__ - INFO - CAM cache hit: /content/cam_cache/cifar100/resnet18/seed42/25/47/25474a780e002f0ed7a54185d740502397d18b7835aae986c40035c52ed43c20.pt
2026-06-28 05:22:41 - __main__ - INFO - CAM cache hit: /content/cam_cache/cifar100/resnet18/seed42/6c/a9/6ca99729cc90ca0588348cbbed176130bff754adb96157986f02930201f3b786.pt
2026-06-28 05:22:41 - __main__ - INFO - CAM cache hit: /content/cam_cache/cifar100/resnet18/seed42/18/72/1872b0fdad62580b6623c9c5d1a3d46d612dba77277d62bd57573dd9c4482861.pt
2026-06-28 05:22:41 - __main__ - INFO - CAM cutout window: index=27150 copy=1 cutout_mode=cam_high top=10 left=17 height=10 width=10
2026-06-28 05:22:41 - __main__ - INFO - CAM cutout window: index=33625 copy=5 cutout_mode=cam_high top=5 left=12 height=10 width=10
2026-06-28 05:22:41 - __main__ - INFO - CAM cutout window: index=16449 copy=7 cutout_mode=cam_high top=14 left=11 height=10 width=10
2026-06-28 05:24:43 - __main__ - INFO - Train: loss 0.1611 acc1 95.60%
2026-06-28 05:24:43 - __main__ - INFO - Val:   loss 2.4419 acc1 48.26%
2026-06-28 05:24:43 - __main__ - INFO - saved best: 48.26%
2026-06-28 05:24:43 - __main__ - INFO - 
Epoch 59/100 | lr 0.040962
2026-06-28 05:24:43 - __main__ - INFO - CAM cache hit: /content/cam_cache/cifar100/resnet18/seed42/44/4e/444ee1d476d54840b481d1930ed24842ea4b0dd7e2908dbcfbb6ba0339ec047d.pt
2026-06-28 05:24:43 - __main__ - INFO - CAM cache hit: /content/cam_cache/cifar100/resnet18/seed42/a4/a1/a4a1f5aaf0b6ba85a5181e3faaf24868ad0f42a110c242d7de4028e6106cba5e.pt
2026-06-28 05:24:43 - __main__ - INFO - CAM cutout window: index=37290 copy=5 cutout_mode=cam_high top=11 left=10 height=10 width=10
2026-06-28 05:24:43 - __main__ - INFO - CAM cache hit: /content/cam_cache/cifar100/resnet18/seed42/5a/25/5a25ded88e3f191da5ef85b2ebd045094acf5562fbae3ce3a177c64e747b08a8.pt
2026-06-28 05:24:43 - __main__ - INFO - CAM cache hit: /content/cam_cache/cifar100/resnet18/seed42/ef/36/ef36439feddaafd790b57c821be471a9f3969b62cc7b82dc784e9caa628e0f34.pt
2026-06-28 05:24:43 - __main__ - INFO - CAM cutout window: index=28127 copy=1 cutout_mode=cam_high top=10 left=9 height=10 width=10
2026-06-28 05:24:43 - __main__ - INFO - CAM cutout window: index=1503 copy=2 cutout_mode=cam_high top=14 left=14 height=10 width=10
2026-06-28 05:24:43 - __main__ - INFO - CAM cutout window: index=3701 copy=5 cutout_mode=cam_high top=14 left=13 height=10 width=10
2026-06-28 05:24:43 - __main__ - INFO - CAM cache hit: /content/cam_cache/cifar100/resnet18/seed42/f4/2f/f42f45ab73e985797fa69052d5ebb3d7772231161153bf07e46f91ac1d38f19b.pt
2026-06-28 05:24:43 - __main__ - INFO - CAM cutout window: index=27978 copy=8 cutout_mode=cam_high top=9 left=10 height=10 width=10
2026-06-28 05:24:43 - __main__ - INFO - CAM cache hit: /content/cam_cache/cifar100/resnet18/seed42/a2/d8/a2d86e07ef0cbc344ea83fbb1c7bac07aea7a024895b1f5e5a34584634bc3bfc.pt
2026-06-28 05:24:43 - __main__ - INFO - CAM cache hit: /content/cam_cache/cifar100/resnet18/seed42/8b/d2/8bd22d0779ce671c7699351b47724444532c736949124b08e01606b04f708673.pt
2026-06-28 05:24:43 - __main__ - INFO - CAM cutout window: index=38485 copy=5 cutout_mode=cam_high top=15 left=9 height=10 width=10
2026-06-28 05:24:43 - __main__ - INFO - CAM cache hit: /content/cam_cache/cifar100/resnet18/seed42/4a/e1/4ae1f95db1925171e29bb7a03d81aa2a7c6dcd1234cece91cb59cdd63be7e6eb.pt
2026-06-28 05:24:43 - __main__ - INFO - CAM cutout window: index=32617 copy=6 cutout_mode=cam_high top=12 left=8 height=10 width=10
2026-06-28 05:24:43 - __main__ - INFO - CAM cutout window: index=21050 copy=2 cutout_mode=cam_high top=10 left=14 height=10 width=10
2026-06-28 05:26:46 - __main__ - INFO - Train: loss 0.1491 acc1 96.02%
2026-06-28 05:26:46 - __main__ - INFO - Val:   loss 2.3788 acc1 47.51%
2026-06-28 05:26:46 - __main__ - INFO - 
Epoch 60/100 | lr 0.039341
2026-06-28 05:26:46 - __main__ - INFO - CAM cache hit: /content/cam_cache/cifar100/resnet18/seed42/c3/f3/c3f38f2093739330d8c047150543a1b4942512c7024453886441c2fcd1efec6a.pt
2026-06-28 05:26:46 - __main__ - INFO - CAM cache hit: /content/cam_cache/cifar100/resnet18/seed42/1d/df/1ddfea43cc876c196ff229bb8cff6d36520e4b013cf35e366a6db9ab63e11900.pt
2026-06-28 05:26:46 - __main__ - INFO - CAM cache hit: /content/cam_cache/cifar100/resnet18/seed42/9b/d4/9bd4ecb8ad95d71a21b5ecb8dc19793274933c4081969ddbba2d2cd5c78ad45b.pt
2026-06-28 05:26:46 - __main__ - INFO - CAM cache hit: /content/cam_cache/cifar100/resnet18/seed42/60/6c/606caadbbad62a8e53e06d358d46b9d5613bd655a1fd2a5755ca0ffab1eb9b14.pt
2026-06-28 05:26:46 - __main__ - INFO - CAM cutout window: index=15242 copy=4 cutout_mode=cam_high top=10 left=11 height=10 width=10
2026-06-28 05:26:46 - __main__ - INFO - CAM cutout window: index=5737 copy=3 cutout_mode=cam_high top=9 left=10 height=10 width=10
2026-06-28 05:26:46 - __main__ - INFO - CAM cutout window: index=1957 copy=2 cutout_mode=cam_high top=10 left=16 height=10 width=10
2026-06-28 05:26:46 - __main__ - INFO - CAM cutout window: index=16815 copy=7 cutout_mode=cam_high top=11 left=9 height=10 width=10
2026-06-28 05:26:46 - __main__ - INFO - CAM cache hit: /content/cam_cache/cifar100/resnet18/seed42/ec/fb/ecfbdc699c905bb1e0a7b9f6b9bc712559aa4fe0681be105bf789dd0f5b1d3ae.pt
2026-06-28 05:26:46 - __main__ - INFO - CAM cache hit: /content/cam_cache/cifar100/resnet18/seed42/c0/04/c0040213ba15a2c01b882f10b7d5fb2f94e368b4eabf9d8a111ac1d8ff21c025.pt
2026-06-28 05:26:46 - __main__ - INFO - CAM cache hit: /content/cam_cache/cifar100/resnet18/seed42/7b/8e/7b8ec2e3be46161bd5a61e3fbca5fe08fac32a70d6d64b7695869c8d2606e713.pt
2026-06-28 05:26:46 - __main__ - INFO - CAM cutout window: index=40768 copy=1 cutout_mode=cam_high top=16 left=16 height=10 width=10
2026-06-28 05:26:46 - __main__ - INFO - CAM cutout window: index=44916 copy=7 cutout_mode=cam_high top=13 left=13 height=10 width=10
2026-06-28 05:26:46 - __main__ - INFO - CAM cutout window: index=29022 copy=7 cutout_mode=cam_high top=10 left=12 height=10 width=10
2026-06-28 05:26:46 - __main__ - INFO - CAM cache hit: /content/cam_cache/cifar100/resnet18/seed42/3c/f0/3cf09087dfcf3b0ef4735650b8b05a8ccf8a502d65c016bbadbff09c0072684f.pt
2026-06-28 05:26:46 - __main__ - INFO - CAM cutout window: index=2524 copy=6 cutout_mode=cam_high top=10 left=9 height=10 width=10
2026-06-28 05:28:48 - __main__ - INFO - Train: loss 0.1441 acc1 96.16%
2026-06-28 05:28:48 - __main__ - INFO - Val:   loss 2.3208 acc1 49.02%
2026-06-28 05:28:48 - __main__ - INFO - saved best: 49.02%
2026-06-28 05:28:48 - __main__ - INFO - 
Epoch 61/100 | lr 0.037732
2026-06-28 05:28:48 - __main__ - INFO - CAM cache hit: /content/cam_cache/cifar100/resnet18/seed42/0b/3c/0b3ca78e53e410d3c34870f2caeae019a301b82229fe44872d5a4b405c49e958.pt
2026-06-28 05:28:48 - __main__ - INFO - CAM cutout window: index=9608 copy=6 cutout_mode=cam_high top=14 left=7 height=10 width=10
2026-06-28 05:28:48 - __main__ - INFO - CAM cache hit: /content/cam_cache/cifar100/resnet18/seed42/11/1f/111f1111e557a0596868d7595a3a4cc2238d9ff2ffe94396ab04bd2f713e6fb9.pt
2026-06-28 05:28:48 - __main__ - INFO - CAM cutout window: index=26369 copy=3 cutout_mode=cam_high top=14 left=7 height=10 width=10
2026-06-28 05:28:48 - __main__ - INFO - CAM cache hit: /content/cam_cache/cifar100/resnet18/seed42/69/dc/69dc98b689fa94c729a067339fae01d7617ec357c6fb16f50343f4b41833c0a0.pt
2026-06-28 05:28:48 - __main__ - INFO - CAM cutout window: index=36857 copy=4 cutout_mode=cam_high top=9 left=12 height=10 width=10
2026-06-28 05:28:48 - __main__ - INFO - CAM cache hit: /content/cam_cache/cifar100/resnet18/seed42/75/c8/75c86f1a797c6f6e1f530a3aebca60332998d4f04d7afccf40dbd4c757c9d67a.pt
2026-06-28 05:28:48 - __main__ - INFO - CAM cache hit: /content/cam_cache/cifar100/resnet18/seed42/ce/3a/ce3a5ab0b4624b8fbfdaa371cfde0dbe9c679be96fbfdfb302b23ad313eacf7c.pt
2026-06-28 05:28:48 - __main__ - INFO - CAM cutout window: index=4758 copy=1 cutout_mode=cam_high top=7 left=11 height=10 width=10
2026-06-28 05:28:48 - __main__ - INFO - CAM cutout window: index=34700 copy=5 cutout_mode=cam_high top=12 left=12 height=10 width=10
2026-06-28 05:28:48 - __main__ - INFO - CAM cache hit: /content/cam_cache/cifar100/resnet18/seed42/09/2a/092a2463e30aecc62e3c078b2b85131b3229f8c9c423f373ddd49304419c9d3c.pt
2026-06-28 05:28:48 - __main__ - INFO - CAM cutout window: index=6579 copy=2 cutout_mode=cam_high top=10 left=15 height=10 width=10
2026-06-28 05:28:48 - __main__ - INFO - CAM cache hit: /content/cam_cache/cifar100/resnet18/seed42/c3/7e/c37eb7d962fd6e9a5d5f15cf3611e37413d751175ae899004bf86d0a7a0a6462.pt
2026-06-28 05:28:48 - __main__ - INFO - CAM cache hit: /content/cam_cache/cifar100/resnet18/seed42/09/3d/093d2070a544404616586ec949a46c3d014d6c490f6544aaf7368cdc3e1c7589.pt
2026-06-28 05:28:48 - __main__ - INFO - CAM cutout window: index=9641 copy=1 cutout_mode=cam_high top=13 left=7 height=10 width=10
2026-06-28 05:28:48 - __main__ - INFO - CAM cutout window: index=44689 copy=6 cutout_mode=cam_high top=13 left=15 height=10 width=10
2026-06-28 05:30:51 - __main__ - INFO - Train: loss 0.1388 acc1 96.41%
2026-06-28 05:30:51 - __main__ - INFO - Val:   loss 2.3823 acc1 48.57%
2026-06-28 05:30:51 - __main__ - INFO - 
Epoch 62/100 | lr 0.036136
2026-06-28 05:30:51 - __main__ - INFO - CAM cache hit: /content/cam_cache/cifar100/resnet18/seed42/d1/40/d140f7867f110cde6c82fa8d32a84276b3ea3e5c6b00b6b4ced7818f430e9d1c.pt
2026-06-28 05:30:51 - __main__ - INFO - CAM cache hit: /content/cam_cache/cifar100/resnet18/seed42/d2/b7/d2b7f0c2a3e30da7e1e13b5c1b389bb22fbb7f9cc2cc2a20d24f60ab9be20abc.pt
2026-06-28 05:30:51 - __main__ - INFO - CAM cache hit: /content/cam_cache/cifar100/resnet18/seed42/94/06/9406205f50585a49543603572027a6a907e0c371b0853357c5ec1d8f000f42d2.pt
2026-06-28 05:30:51 - __main__ - INFO - CAM cutout window: index=18286 copy=1 cutout_mode=cam_high top=14 left=9 height=10 width=10
2026-06-28 05:30:51 - __main__ - INFO - CAM cache hit: /content/cam_cache/cifar100/resnet18/seed42/f1/91/f191fa3a012ce896eece27c11846502f0be5bbd310a35a2c7f87f158750451f7.pt
2026-06-28 05:30:51 - __main__ - INFO - CAM cutout window: index=18346 copy=6 cutout_mode=cam_high top=13 left=7 height=10 width=10
2026-06-28 05:30:51 - __main__ - INFO - CAM cutout window: index=38011 copy=1 cutout_mode=cam_high top=8 left=12 height=10 width=10
2026-06-28 05:30:51 - __main__ - INFO - CAM cutout window: index=3570 copy=1 cutout_mode=cam_high top=7 left=13 height=10 width=10
2026-06-28 05:30:51 - __main__ - INFO - CAM cache hit: /content/cam_cache/cifar100/resnet18/seed42/3e/6b/3e6b5d180026d65054145c35d172f4ff2850988be5ffdc45e4a50614b8eb0dd2.pt
2026-06-28 05:30:51 - __main__ - INFO - CAM cutout window: index=44622 copy=4 cutout_mode=cam_high top=15 left=9 height=10 width=10
2026-06-28 05:30:51 - __main__ - INFO - CAM cache hit: /content/cam_cache/cifar100/resnet18/seed42/3d/0b/3d0be33e7e5ab7610407c94e3b7ffd3133d8d885b2927ce5d67b976b48f9a2cf.pt
2026-06-28 05:30:51 - __main__ - INFO - CAM cache hit: /content/cam_cache/cifar100/resnet18/seed42/22/5f/225f3f89baafd8aaebc52e04c6a2a1f13112558c103784159e9656fbfceebae9.pt
2026-06-28 05:30:51 - __main__ - INFO - CAM cutout window: index=16265 copy=5 cutout_mode=cam_high top=10 left=9 height=10 width=10
2026-06-28 05:30:51 - __main__ - INFO - CAM cutout window: index=14609 copy=5 cutout_mode=cam_high top=12 left=11 height=10 width=10
2026-06-28 05:30:51 - __main__ - INFO - CAM cache hit: /content/cam_cache/cifar100/resnet18/seed42/70/1d/701dc39c30ce4548047321661a9433f1290cf40a7e8fd5c6e2123801a59e1d10.pt
2026-06-28 05:30:51 - __main__ - INFO - CAM cutout window: index=2170 copy=8 cutout_mode=cam_high top=7 left=11 height=10 width=10
2026-06-28 05:32:53 - __main__ - INFO - Train: loss 0.1158 acc1 97.08%
2026-06-28 05:32:53 - __main__ - INFO - Val:   loss 2.4044 acc1 46.88%
2026-06-28 05:32:53 - __main__ - INFO - 
Epoch 63/100 | lr 0.034556
2026-06-28 05:32:53 - __main__ - INFO - CAM cache hit: /content/cam_cache/cifar100/resnet18/seed42/56/c8/56c853ef36cd187417f74dab9f96930af486059b47dce1a7df5428a83f6a39b9.pt
2026-06-28 05:32:53 - __main__ - INFO - CAM cache hit: /content/cam_cache/cifar100/resnet18/seed42/e4/fc/e4fc15627bf71c45961e2307fe10df91cb461b4c9f1d65bc379093e412059bfa.pt
2026-06-28 05:32:53 - __main__ - INFO - CAM cutout window: index=44825 copy=2 cutout_mode=cam_high top=6 left=7 height=10 width=10
2026-06-28 05:32:53 - __main__ - INFO - CAM cache hit: /content/cam_cache/cifar100/resnet18/seed42/4d/4d/4d4d06ef060608a33979b0bb95a98e500c2a5fee3ab0a18a9b3a29c289fe3239.pt
2026-06-28 05:32:53 - __main__ - INFO - CAM cache hit: /content/cam_cache/cifar100/resnet18/seed42/7b/4a/7b4a138affdff9be46b358cdc421dd6f8df4f690761db23609eb880ab9631b38.pt
2026-06-28 05:32:53 - __main__ - INFO - CAM cutout window: index=38804 copy=3 cutout_mode=cam_high top=10 left=14 height=10 width=10
2026-06-28 05:32:53 - __main__ - INFO - CAM cutout window: index=35072 copy=4 cutout_mode=cam_high top=13 left=9 height=10 width=10
2026-06-28 05:32:53 - __main__ - INFO - CAM cutout window: index=186 copy=1 cutout_mode=cam_high top=5 left=8 height=10 width=10
2026-06-28 05:32:53 - __main__ - INFO - CAM cache hit: /content/cam_cache/cifar100/resnet18/seed42/e5/91/e5915ba3248c348e6f8a5b11a4eec521bdf53cce40f7aa2744d332db430fb495.pt
2026-06-28 05:32:53 - __main__ - INFO - CAM cutout window: index=38684 copy=6 cutout_mode=cam_high top=13 left=16 height=10 width=10
2026-06-28 05:32:53 - __main__ - INFO - CAM cache hit: /content/cam_cache/cifar100/resnet18/seed42/91/4b/914bc12748faf10fafd82a2bed9d6842c321a966ec2792bc9d5c01a8121817b7.pt
2026-06-28 05:32:53 - __main__ - INFO - CAM cache hit: /content/cam_cache/cifar100/resnet18/seed42/ae/9e/ae9e4f8f70e9aa811305811d3aa1ca5a8a5af57cc20ebf3217d9492daf8deaa4.pt
2026-06-28 05:32:53 - __main__ - INFO - CAM cutout window: index=9269 copy=3 cutout_mode=cam_high top=11 left=9 height=10 width=10
2026-06-28 05:32:53 - __main__ - INFO - CAM cache hit: /content/cam_cache/cifar100/resnet18/seed42/09/69/09691022da24462bc8715a948c9d37e560141bf4ba4eb799aa4e4ea1f39dfcda.pt
2026-06-28 05:32:53 - __main__ - INFO - CAM cutout window: index=13124 copy=7 cutout_mode=cam_high top=10 left=12 height=10 width=10
2026-06-28 05:32:53 - __main__ - INFO - CAM cutout window: index=12864 copy=2 cutout_mode=cam_high top=14 left=13 height=10 width=10
2026-06-28 05:34:55 - __main__ - INFO - Train: loss 0.1109 acc1 97.18%
2026-06-28 05:34:55 - __main__ - INFO - Val:   loss 2.6149 acc1 44.36%
2026-06-28 05:34:55 - __main__ - INFO - 
Epoch 64/100 | lr 0.032992
2026-06-28 05:34:55 - __main__ - INFO - CAM cache hit: /content/cam_cache/cifar100/resnet18/seed42/ca/16/ca16333fd624d889e98a60f8339380c8e24176a8cf26265b32080dd8bcb2e789.pt
2026-06-28 05:34:55 - __main__ - INFO - CAM cache hit: /content/cam_cache/cifar100/resnet18/seed42/79/84/7984c29dcf1edf45ea4b501f064b847d1ffd0782647ce7e2aa140c1a20f4abbb.pt
2026-06-28 05:34:55 - __main__ - INFO - CAM cache hit: /content/cam_cache/cifar100/resnet18/seed42/b6/b2/b6b2cce4da8f89ced559608690b89e05b5af984a95ca54956d9876b24ca40b33.pt
2026-06-28 05:34:55 - __main__ - INFO - CAM cache hit: /content/cam_cache/cifar100/resnet18/seed42/30/cf/30cf9a502fe1fe7c844fce1a5a816ed54aa985bcf291a0a2fe46001971e4b886.pt
2026-06-28 05:34:55 - __main__ - INFO - CAM cutout window: index=26441 copy=5 cutout_mode=cam_high top=9 left=14 height=10 width=10
2026-06-28 05:34:55 - __main__ - INFO - CAM cutout window: index=32255 copy=3 cutout_mode=cam_high top=12 left=15 height=10 width=10
2026-06-28 05:34:55 - __main__ - INFO - CAM cutout window: index=35211 copy=3 cutout_mode=cam_high top=13 left=9 height=10 width=10
2026-06-28 05:34:55 - __main__ - INFO - CAM cutout window: index=7946 copy=4 cutout_mode=cam_high top=16 left=12 height=10 width=10
2026-06-28 05:34:55 - __main__ - INFO - CAM cache hit: /content/cam_cache/cifar100/resnet18/seed42/4a/e1/4ae1f95db1925171e29bb7a03d81aa2a7c6dcd1234cece91cb59cdd63be7e6eb.pt
2026-06-28 05:34:55 - __main__ - INFO - CAM cache hit: /content/cam_cache/cifar100/resnet18/seed42/09/93/0993f0d5262db30930c71795e5046c7a99cce46742158eafa54a690cd9aa2c3f.pt
2026-06-28 05:34:55 - __main__ - INFO - CAM cutout window: index=21050 copy=2 cutout_mode=cam_high top=10 left=14 height=10 width=10
2026-06-28 05:34:55 - __main__ - INFO - CAM cache hit: /content/cam_cache/cifar100/resnet18/seed42/03/16/03164ab36e5fed7574eac7475449a15e874946f6aa8becbd5ca04f72ab08bb3d.pt
2026-06-28 05:34:55 - __main__ - INFO - CAM cache hit: /content/cam_cache/cifar100/resnet18/seed42/00/53/0053b8684384d768b6d00108332555c75108cbdf6772b83917d34d529963f8d4.pt
2026-06-28 05:34:55 - __main__ - INFO - CAM cutout window: index=1028 copy=8 cutout_mode=cam_high top=9 left=13 height=10 width=10
2026-06-28 05:34:55 - __main__ - INFO - CAM cutout window: index=11796 copy=5 cutout_mode=cam_high top=12 left=10 height=10 width=10
2026-06-28 05:34:55 - __main__ - INFO - CAM cutout window: index=24335 copy=8 cutout_mode=cam_high top=15 left=12 height=10 width=10
2026-06-28 05:36:58 - __main__ - INFO - Train: loss 0.1126 acc1 97.12%
2026-06-28 05:36:58 - __main__ - INFO - Val:   loss 2.4260 acc1 48.11%
2026-06-28 05:36:58 - __main__ - INFO - 
Epoch 65/100 | lr 0.031447
2026-06-28 05:36:58 - __main__ - INFO - CAM cache hit: /content/cam_cache/cifar100/resnet18/seed42/c7/f6/c7f6bc5773499573907687bafae451c9f854c93f3fd34b09a768cb223a04340b.pt
2026-06-28 05:36:58 - __main__ - INFO - CAM cache hit: /content/cam_cache/cifar100/resnet18/seed42/36/62/366286860b3e5553285fac45effcf225ab14fcddeb67bb74acc8b8b331655e87.pt
2026-06-28 05:36:58 - __main__ - INFO - CAM cutout window: index=21585 copy=6 cutout_mode=cam_high top=11 left=8 height=10 width=10
2026-06-28 05:36:58 - __main__ - INFO - CAM cache hit: /content/cam_cache/cifar100/resnet18/seed42/aa/24/aa24ee533b767e85062cbcb6fe61f10d8976c59ea0047c60a9f2178ead8d20f0.pt
2026-06-28 05:36:58 - __main__ - INFO - CAM cache hit: /content/cam_cache/cifar100/resnet18/seed42/40/a3/40a393c12e526978effeb5b297ff42830b74ff27f75cb174a9280513980cd97d.pt
2026-06-28 05:36:58 - __main__ - INFO - CAM cutout window: index=19526 copy=4 cutout_mode=cam_high top=13 left=6 height=10 width=10
2026-06-28 05:36:58 - __main__ - INFO - CAM cutout window: index=15295 copy=2 cutout_mode=cam_high top=12 left=10 height=10 width=10
2026-06-28 05:36:58 - __main__ - INFO - CAM cutout window: index=9698 copy=7 cutout_mode=cam_high top=15 left=12 height=10 width=10
2026-06-28 05:36:58 - __main__ - INFO - CAM cache hit: /content/cam_cache/cifar100/resnet18/seed42/6f/a0/6fa0923db9891d49a0b84ae5a64530aed7eb46492fd7a1eab884ce40e6abfd5e.pt
2026-06-28 05:36:58 - __main__ - INFO - CAM cutout window: index=33038 copy=5 cutout_mode=cam_high top=13 left=7 height=10 width=10
2026-06-28 05:36:58 - __main__ - INFO - CAM cache hit: /content/cam_cache/cifar100/resnet18/seed42/69/45/694540b0cb28120cd2ad2c13a37ff59478246f83d9f35c4d0f083f1553dc0c3b.pt
2026-06-28 05:36:58 - __main__ - INFO - CAM cache hit: /content/cam_cache/cifar100/resnet18/seed42/7f/20/7f200d3f0ee9d1b69fae1c9495f47ed3418c80bdc6ca46f53ae1bc499839c79e.pt
2026-06-28 05:36:58 - __main__ - INFO - CAM cutout window: index=27208 copy=6 cutout_mode=cam_high top=10 left=13 height=10 width=10
2026-06-28 05:36:58 - __main__ - INFO - CAM cache hit: /content/cam_cache/cifar100/resnet18/seed42/31/c4/31c4e53afdde020922327edae15cd903fef634573806d683fd68c69a38f5f660.pt
2026-06-28 05:36:58 - __main__ - INFO - CAM cutout window: index=1846 copy=2 cutout_mode=cam_high top=16 left=9 height=10 width=10
2026-06-28 05:36:58 - __main__ - INFO - CAM cutout window: index=36433 copy=6 cutout_mode=cam_high top=12 left=11 height=10 width=10
2026-06-28 05:38:59 - __main__ - INFO - Train: loss 0.1084 acc1 97.28%
2026-06-28 05:38:59 - __main__ - INFO - Val:   loss 2.3025 acc1 49.31%
2026-06-28 05:38:59 - __main__ - INFO - saved best: 49.31%
2026-06-28 05:38:59 - __main__ - INFO - 
Epoch 66/100 | lr 0.029922
2026-06-28 05:39:00 - __main__ - INFO - CAM cache hit: /content/cam_cache/cifar100/resnet18/seed42/ed/a4/eda45387fc6901b45863a396c2b51c59b6ef4c39bcfe92ec0b01b956432d3048.pt
2026-06-28 05:39:00 - __main__ - INFO - CAM cutout window: index=38795 copy=6 cutout_mode=cam_high top=9 left=12 height=10 width=10
2026-06-28 05:39:00 - __main__ - INFO - CAM cache hit: /content/cam_cache/cifar100/resnet18/seed42/1a/b5/1ab522d11930ba4f3f981c177446b7c35a28c0aff0e8a6ffc271f31bd029ef9c.pt
2026-06-28 05:39:00 - __main__ - INFO - CAM cache hit: /content/cam_cache/cifar100/resnet18/seed42/93/51/93511d3deed8141f5d71f0d7c1627b8ffe48276400cb870c43554322d3cac742.pt
2026-06-28 05:39:00 - __main__ - INFO - CAM cutout window: index=40192 copy=3 cutout_mode=cam_high top=13 left=14 height=10 width=10
2026-06-28 05:39:00 - __main__ - INFO - CAM cutout window: index=39410 copy=8 cutout_mode=cam_high top=9 left=7 height=10 width=10
2026-06-28 05:39:00 - __main__ - INFO - CAM cache hit: /content/cam_cache/cifar100/resnet18/seed42/10/1d/101d647a993094e501ea3acfe7b77f19247e9e13d1a0e88ad9f1c574f593f307.pt
2026-06-28 05:39:00 - __main__ - INFO - CAM cache hit: /content/cam_cache/cifar100/resnet18/seed42/7c/9c/7c9cd0965dec11ba3db4ba6a361fd1716b94094e4d290210d51ff74f3753b4cf.pt
2026-06-28 05:39:00 - __main__ - INFO - CAM cutout window: index=13783 copy=7 cutout_mode=cam_high top=16 left=13 height=10 width=10
2026-06-28 05:39:00 - __main__ - INFO - CAM cutout window: index=11015 copy=3 cutout_mode=cam_high top=9 left=10 height=10 width=10
2026-06-28 05:39:00 - __main__ - INFO - CAM cache hit: /content/cam_cache/cifar100/resnet18/seed42/8c/cc/8cccc21ac7310805aaca1e01c30cd53bc8d0bfb867464d9de7e25b56b6476515.pt
2026-06-28 05:39:00 - __main__ - INFO - CAM cutout window: index=12321 copy=5 cutout_mode=cam_high top=19 left=15 height=10 width=10
2026-06-28 05:39:00 - __main__ - INFO - CAM cache hit: /content/cam_cache/cifar100/resnet18/seed42/36/bc/36bc7789f4c786831c89be58e0dee994509733bc077ab2acabb7cc154d9f941a.pt
2026-06-28 05:39:00 - __main__ - INFO - CAM cutout window: index=6147 copy=3 cutout_mode=cam_high top=15 left=10 height=10 width=10
2026-06-28 05:39:00 - __main__ - INFO - CAM cache hit: /content/cam_cache/cifar100/resnet18/seed42/28/29/2829b74aa1446b241833244569d218d684643c7f0b26f54aca6a776cf8846557.pt
2026-06-28 05:39:00 - __main__ - INFO - CAM cutout window: index=16559 copy=6 cutout_mode=cam_high top=11 left=12 height=10 width=10
2026-06-28 05:41:02 - __main__ - INFO - Train: loss 0.0478 acc1 99.02%
2026-06-28 05:41:02 - __main__ - INFO - Val:   loss 2.0856 acc1 51.70%
2026-06-28 05:41:02 - __main__ - INFO - saved best: 51.70%
2026-06-28 05:41:02 - __main__ - INFO - 
Epoch 67/100 | lr 0.028419
2026-06-28 05:41:02 - __main__ - INFO - CAM cache hit: /content/cam_cache/cifar100/resnet18/seed42/ab/de/abde038349448c363b5f772136257704a5559d761a3c0b55bdb00688911ad1bd.pt
2026-06-28 05:41:02 - __main__ - INFO - CAM cache hit: /content/cam_cache/cifar100/resnet18/seed42/5f/5f/5f5fb296c2b58d23bb125815119739547504305803d1db32d8ae110b4eb8ca8c.pt
2026-06-28 05:41:02 - __main__ - INFO - CAM cache hit: /content/cam_cache/cifar100/resnet18/seed42/80/74/8074c467692d61a29bce990069e1fabcf54c7f5cce3484e64837a00f7bb2d0b8.pt
2026-06-28 05:41:02 - __main__ - INFO - CAM cutout window: index=15129 copy=5 cutout_mode=cam_high top=10 left=10 height=10 width=10
2026-06-28 05:41:02 - __main__ - INFO - CAM cache hit: /content/cam_cache/cifar100/resnet18/seed42/29/75/29753b7df99b304606b0b607560b39d795adcad7dcaa06609ff4a1b5bcfade41.pt
2026-06-28 05:41:02 - __main__ - INFO - CAM cutout window: index=24322 copy=2 cutout_mode=cam_high top=11 left=12 height=10 width=10
2026-06-28 05:41:02 - __main__ - INFO - CAM cutout window: index=25907 copy=1 cutout_mode=cam_high top=13 left=10 height=10 width=10
2026-06-28 05:41:02 - __main__ - INFO - CAM cutout window: index=8344 copy=5 cutout_mode=cam_high top=1 left=9 height=10 width=10
2026-06-28 05:41:02 - __main__ - INFO - CAM cache hit: /content/cam_cache/cifar100/resnet18/seed42/5b/4a/5b4a04a173bf8e6e362b7d06ed96c56d02e8648b12d40b9b8b018670898d736c.pt
2026-06-28 05:41:02 - __main__ - INFO - CAM cutout window: index=24174 copy=7 cutout_mode=cam_high top=10 left=14 height=10 width=10
2026-06-28 05:41:02 - __main__ - INFO - CAM cache hit: /content/cam_cache/cifar100/resnet18/seed42/60/e9/60e966d4aa81c992c86a653e909b16d145e8ad96659453b3945cd3595da51659.pt
2026-06-28 05:41:02 - __main__ - INFO - CAM cache hit: /content/cam_cache/cifar100/resnet18/seed42/a8/e2/a8e27f81a17f597aa62dc7ea94b49e2d751e7a3d0ffde16b02df6962b8f46a47.pt
2026-06-28 05:41:02 - __main__ - INFO - CAM cutout window: index=6548 copy=7 cutout_mode=cam_high top=10 left=15 height=10 width=10
2026-06-28 05:41:02 - __main__ - INFO - CAM cutout window: index=3305 copy=3 cutout_mode=cam_high top=13 left=14 height=10 width=10
2026-06-28 05:41:02 - __main__ - INFO - CAM cache hit: /content/cam_cache/cifar100/resnet18/seed42/90/e5/90e5279a33e575bb04f46fc9cea058ffbdccec21102852c12968533edfd40a36.pt
2026-06-28 05:41:02 - __main__ - INFO - CAM cutout window: index=18511 copy=8 cutout_mode=cam_high top=12 left=12 height=10 width=10
2026-06-28 05:43:04 - __main__ - INFO - Train: loss 0.1770 acc1 95.44%
2026-06-28 05:43:04 - __main__ - INFO - Val:   loss 2.3410 acc1 47.39%
2026-06-28 05:43:04 - __main__ - INFO - 
Epoch 68/100 | lr 0.026940
2026-06-28 05:43:04 - __main__ - INFO - CAM cache hit: /content/cam_cache/cifar100/resnet18/seed42/e5/66/e5666264f4c4b118eb5963410e56b2eb2b7a8330552b87cbd89143a70b351e14.pt
2026-06-28 05:43:04 - __main__ - INFO - CAM cache hit: /content/cam_cache/cifar100/resnet18/seed42/6a/c4/6ac440a71efb25ccf5bf92e7e8eaa2b01ba9e020984482eada6423d309213b5a.pt
2026-06-28 05:43:04 - __main__ - INFO - CAM cutout window: index=29364 copy=5 cutout_mode=cam_high top=14 left=14 height=10 width=10
2026-06-28 05:43:04 - __main__ - INFO - CAM cutout window: index=218 copy=4 cutout_mode=cam_high top=12 left=10 height=10 width=10
2026-06-28 05:43:04 - __main__ - INFO - CAM cache hit: /content/cam_cache/cifar100/resnet18/seed42/27/c1/27c1e1fc0d3cda8c901312301d7ea511ccb379881ddd0f22621131920dd2c453.pt
2026-06-28 05:43:04 - __main__ - INFO - CAM cache hit: /content/cam_cache/cifar100/resnet18/seed42/f2/57/f25784d6ea44b18c6ef75fea59c36f3621fd051accca615cc5864f1734af9e4d.pt
2026-06-28 05:43:04 - __main__ - INFO - CAM cutout window: index=39678 copy=4 cutout_mode=cam_high top=13 left=8 height=10 width=10
2026-06-28 05:43:04 - __main__ - INFO - CAM cutout window: index=25174 copy=5 cutout_mode=cam_high top=19 left=11 height=10 width=10
2026-06-28 05:43:04 - __main__ - INFO - CAM cache hit: /content/cam_cache/cifar100/resnet18/seed42/0a/e2/0ae2820746d90eae5fd0d297f9f859181af8cedf5506f9edc3f4b58b352d790b.pt
2026-06-28 05:43:04 - __main__ - INFO - CAM cache hit: /content/cam_cache/cifar100/resnet18/seed42/d7/27/d7273aa7caaf7d97e699140640d868b835ab4f81c4ca9945023dec8cc83c1a68.pt
2026-06-28 05:43:04 - __main__ - INFO - CAM cutout window: index=1366 copy=4 cutout_mode=cam_high top=6 left=14 height=10 width=10
2026-06-28 05:43:04 - __main__ - INFO - CAM cutout window: index=44795 copy=3 cutout_mode=cam_high top=13 left=15 height=10 width=10
2026-06-28 05:43:04 - __main__ - INFO - CAM cache hit: /content/cam_cache/cifar100/resnet18/seed42/27/8b/278b32690629943c9976868b02bbc7bc28409b5b9ed842bae0d3ba5465ac1eae.pt
2026-06-28 05:43:04 - __main__ - INFO - CAM cache hit: /content/cam_cache/cifar100/resnet18/seed42/29/58/2958457eee87ce89e7d05fcc1541de1c616fe93117f08d4ab95d2f16953a5675.pt
2026-06-28 05:43:04 - __main__ - INFO - CAM cutout window: index=24907 copy=1 cutout_mode=cam_high top=13 left=10 height=10 width=10
2026-06-28 05:43:04 - __main__ - INFO - CAM cutout window: index=44412 copy=7 cutout_mode=cam_high top=9 left=11 height=10 width=10
2026-06-28 05:45:07 - __main__ - INFO - Train: loss 0.0355 acc1 99.31%
2026-06-28 05:45:07 - __main__ - INFO - Val:   loss 1.8740 acc1 55.51%
2026-06-28 05:45:07 - __main__ - INFO - saved best: 55.51%
2026-06-28 05:45:07 - __main__ - INFO - 
Epoch 69/100 | lr 0.025486
2026-06-28 05:45:07 - __main__ - INFO - CAM cache hit: /content/cam_cache/cifar100/resnet18/seed42/13/ff/13ffb06cbdc84f6647e659191a3b12a243539a782ec4966a2f4e04611d9876c6.pt
2026-06-28 05:45:07 - __main__ - INFO - CAM cache hit: /content/cam_cache/cifar100/resnet18/seed42/09/19/09196d14c0e28603adc4747cc51c1264fe86acc26279c27ca3daf864ccaf70dc.pt
2026-06-28 05:45:07 - __main__ - INFO - CAM cutout window: index=3796 copy=3 cutout_mode=cam_high top=11 left=8 height=10 width=10
2026-06-28 05:45:07 - __main__ - INFO - CAM cutout window: index=35918 copy=4 cutout_mode=cam_high top=11 left=15 height=10 width=10
2026-06-28 05:45:07 - __main__ - INFO - CAM cache hit: /content/cam_cache/cifar100/resnet18/seed42/e8/b4/e8b4ce967f396ab496c4b3f095ab037651778e7a6611c41d303ed5276ecffce9.pt
2026-06-28 05:45:07 - __main__ - INFO - CAM cache hit: /content/cam_cache/cifar100/resnet18/seed42/f1/e5/f1e56f0a569b2c61c7cafdb922e8f96d00c72f64ef07d1197a84791b5880f734.pt
2026-06-28 05:45:07 - __main__ - INFO - CAM cache hit: /content/cam_cache/cifar100/resnet18/seed42/46/73/46737a4a795e66fb4097918dd04250f8cd42ff4c9200b41890699f0993687886.pt
2026-06-28 05:45:07 - __main__ - INFO - CAM cache hit: /content/cam_cache/cifar100/resnet18/seed42/2a/db/2adb83c7781f6092109dcdfa696d50aa3161cd88d7f14f5a8225ea20fab907ac.pt
2026-06-28 05:45:07 - __main__ - INFO - CAM cutout window: index=7766 copy=5 cutout_mode=cam_high top=17 left=9 height=10 width=10
2026-06-28 05:45:07 - __main__ - INFO - CAM cutout window: index=35771 copy=2 cutout_mode=cam_high top=13 left=13 height=10 width=10
2026-06-28 05:45:07 - __main__ - INFO - CAM cutout window: index=22015 copy=2 cutout_mode=cam_high top=8 left=12 height=10 width=10
2026-06-28 05:45:07 - __main__ - INFO - CAM cutout window: index=18712 copy=6 cutout_mode=cam_high top=13 left=12 height=10 width=10
2026-06-28 05:45:07 - __main__ - INFO - CAM cache hit: /content/cam_cache/cifar100/resnet18/seed42/32/84/3284bcb327736fcb6a018a22553cbe5c4309ad86c74bdf67a2e0705bec94f986.pt
2026-06-28 05:45:07 - __main__ - INFO - CAM cache hit: /content/cam_cache/cifar100/resnet18/seed42/de/8c/de8c5f6e20a2ed6cf974b15b59829c0543c7a3384906da24cf3d2c3cd5b5c1ba.pt
2026-06-28 05:45:07 - __main__ - INFO - CAM cutout window: index=11138 copy=7 cutout_mode=cam_high top=12 left=12 height=10 width=10
2026-06-28 05:45:07 - __main__ - INFO - CAM cutout window: index=30541 copy=2 cutout_mode=cam_high top=13 left=14 height=10 width=10
2026-06-28 05:47:09 - __main__ - INFO - Train: loss 0.0096 acc1 99.97%
2026-06-28 05:47:09 - __main__ - INFO - Val:   loss 1.9120 acc1 56.67%
2026-06-28 05:47:09 - __main__ - INFO - saved best: 56.67%
2026-06-28 05:47:09 - __main__ - INFO - 
Epoch 70/100 | lr 0.024059
2026-06-28 05:47:09 - __main__ - INFO - CAM cache hit: /content/cam_cache/cifar100/resnet18/seed42/96/9e/969e8559d66dcc1e67f6e439ffd0aa6e5ecaa96c530c177f6546242f39edca4b.pt
2026-06-28 05:47:09 - __main__ - INFO - CAM cache hit: /content/cam_cache/cifar100/resnet18/seed42/07/dc/07dca280ed320f86964773a41e6c15d320f49aa72f624eddcdcf5b1a557cc09a.pt
2026-06-28 05:47:09 - __main__ - INFO - CAM cache hit: /content/cam_cache/cifar100/resnet18/seed42/2c/36/2c365edaa4d9963af3e57a6d543560298ee4ccc900e5348d80f80bdbc0045089.pt
2026-06-28 05:47:09 - __main__ - INFO - CAM cutout window: index=43927 copy=3 cutout_mode=cam_high top=15 left=14 height=10 width=10
2026-06-28 05:47:09 - __main__ - INFO - CAM cache hit: /content/cam_cache/cifar100/resnet18/seed42/1a/f6/1af6bbb83a1ef3a88d75d32c31607fa01ae20bceb05aa90c3d8d7d36cac10c0e.pt
2026-06-28 05:47:09 - __main__ - INFO - CAM cutout window: index=19351 copy=7 cutout_mode=cam_high top=9 left=4 height=10 width=10
2026-06-28 05:47:09 - __main__ - INFO - CAM cutout window: index=16101 copy=7 cutout_mode=cam_high top=10 left=13 height=10 width=10
2026-06-28 05:47:09 - __main__ - INFO - CAM cutout window: index=16103 copy=3 cutout_mode=cam_high top=12 left=13 height=10 width=10
2026-06-28 05:47:09 - __main__ - INFO - CAM cache hit: /content/cam_cache/cifar100/resnet18/seed42/82/b0/82b03f0928b02e37c66dfa126a71a476079e2bf01cf515865035e0b04d811fd4.pt
2026-06-28 05:47:09 - __main__ - INFO - CAM cache hit: /content/cam_cache/cifar100/resnet18/seed42/3f/c3/3fc34656f464b179f15a5050c03e2540273b0368f010b535d965afe6bafa0c7f.pt
2026-06-28 05:47:09 - __main__ - INFO - CAM cache hit: /content/cam_cache/cifar100/resnet18/seed42/d4/ec/d4ec9fb4a823f4721b0669d4ba92823f41add0f960b3e6f36c545f4e0f0b9c8c.pt
2026-06-28 05:47:09 - __main__ - INFO - CAM cutout window: index=35602 copy=4 cutout_mode=cam_high top=10 left=9 height=10 width=10
2026-06-28 05:47:09 - __main__ - INFO - CAM cutout window: index=16683 copy=6 cutout_mode=cam_high top=14 left=10 height=10 width=10
2026-06-28 05:47:09 - __main__ - INFO - CAM cutout window: index=20375 copy=1 cutout_mode=cam_high top=11 left=8 height=10 width=10
2026-06-28 05:47:09 - __main__ - INFO - CAM cache hit: /content/cam_cache/cifar100/resnet18/seed42/ab/e7/abe7911b7dda90470ce4c04de016fdc8ef56e39ebe70f411a03aee7ac353f8d4.pt
2026-06-28 05:47:09 - __main__ - INFO - CAM cutout window: index=29169 copy=7 cutout_mode=cam_high top=9 left=10 height=10 width=10
2026-06-28 05:49:12 - __main__ - INFO - Train: loss 0.2954 acc1 92.31%
2026-06-28 05:49:12 - __main__ - INFO - Val:   loss 2.1660 acc1 51.25%
2026-06-28 05:49:12 - __main__ - INFO - 
Epoch 71/100 | lr 0.022660
2026-06-28 05:49:12 - __main__ - INFO - CAM cache hit: /content/cam_cache/cifar100/resnet18/seed42/89/ab/89abcdf44098eafb54bdf46f55a84bd0a4c50e26e62b37f567d472b617e15dd6.pt
2026-06-28 05:49:12 - __main__ - INFO - CAM cache hit: /content/cam_cache/cifar100/resnet18/seed42/c5/fe/c5fe31a34f98700015608394a63def37bc7e9f872b53787604e09793a30a694a.pt
2026-06-28 05:49:12 - __main__ - INFO - CAM cutout window: index=44322 copy=2 cutout_mode=cam_high top=7 left=10 height=10 width=10
2026-06-28 05:49:12 - __main__ - INFO - CAM cutout window: index=33164 copy=2 cutout_mode=cam_high top=16 left=10 height=10 width=10
2026-06-28 05:49:12 - __main__ - INFO - CAM cache hit: /content/cam_cache/cifar100/resnet18/seed42/d2/02/d202ccc6b4975c70ba89a1c856190e64a094adf3ec2c114cd71fcab64d4e76d6.pt
2026-06-28 05:49:12 - __main__ - INFO - CAM cache hit: /content/cam_cache/cifar100/resnet18/seed42/6c/dd/6cdd99df86aa3e36031a1be9b980bb81abb2d4b002e647028aea475e71c219ca.pt
2026-06-28 05:49:12 - __main__ - INFO - CAM cache hit: /content/cam_cache/cifar100/resnet18/seed42/56/b9/56b96aa4dccc880795a6ce2727ca367505c1f34eff0b26e4fda74fff4c259a8a.pt
2026-06-28 05:49:12 - __main__ - INFO - CAM cache hit: /content/cam_cache/cifar100/resnet18/seed42/ae/02/ae02ce6f2a7e0b822783def2305f14497501172e445907ad4a3281f8e63cc671.pt
2026-06-28 05:49:12 - __main__ - INFO - CAM cutout window: index=622 copy=5 cutout_mode=cam_high top=10 left=14 height=10 width=10
2026-06-28 05:49:12 - __main__ - INFO - CAM cutout window: index=30525 copy=2 cutout_mode=cam_high top=7 left=14 height=10 width=10
2026-06-28 05:49:12 - __main__ - INFO - CAM cutout window: index=26280 copy=5 cutout_mode=cam_high top=5 left=7 height=10 width=10
2026-06-28 05:49:12 - __main__ - INFO - CAM cutout window: index=19739 copy=1 cutout_mode=cam_high top=6 left=15 height=10 width=10
2026-06-28 05:49:12 - __main__ - INFO - CAM cache hit: /content/cam_cache/cifar100/resnet18/seed42/d5/2f/d52f9bf9426419cab467bb4bb990a0bedb6e417e26e9065b50d8954f60459cfb.pt
2026-06-28 05:49:12 - __main__ - INFO - CAM cache hit: /content/cam_cache/cifar100/resnet18/seed42/79/45/794509f98ac28f3c84f49ad0ffd2ba60a3d2053f72926f2f1a3625eb7319afe2.pt
2026-06-28 05:49:12 - __main__ - INFO - CAM cutout window: index=32808 copy=5 cutout_mode=cam_high top=13 left=11 height=10 width=10
2026-06-28 05:49:12 - __main__ - INFO - CAM cutout window: index=14798 copy=6 cutout_mode=cam_high top=12 left=13 height=10 width=10
2026-06-28 05:51:14 - __main__ - INFO - Train: loss 0.0225 acc1 99.64%
2026-06-28 05:51:14 - __main__ - INFO - Val:   loss 1.8690 acc1 56.12%
2026-06-28 05:51:14 - __main__ - INFO - 
Epoch 72/100 | lr 0.021291
2026-06-28 05:51:14 - __main__ - INFO - CAM cache hit: /content/cam_cache/cifar100/resnet18/seed42/06/c5/06c528a0d7492d53d40b731d8a598b432632c80fd460d93f672b0ddc02ac6141.pt
2026-06-28 05:51:14 - __main__ - INFO - CAM cache hit: /content/cam_cache/cifar100/resnet18/seed42/4c/5a/4c5a0144a9d03817f10fb4376b063ce72f562892fc7dca09e21061475a5de6b0.pt
2026-06-28 05:51:14 - __main__ - INFO - CAM cache hit: /content/cam_cache/cifar100/resnet18/seed42/e1/2e/e12ec6ef46069d0a89808efb3ad537bec0d2427237eb4e44b5ce1ce4497ff3e2.pt
2026-06-28 05:51:14 - __main__ - INFO - CAM cache hit: /content/cam_cache/cifar100/resnet18/seed42/84/72/84728d260c521b1a29c90e86032159e02acb26603cd2e404f29236de46e9cd60.pt
2026-06-28 05:51:14 - __main__ - INFO - CAM cutout window: index=13837 copy=1 cutout_mode=cam_high top=10 left=15 height=10 width=10
2026-06-28 05:51:14 - __main__ - INFO - CAM cutout window: index=31363 copy=7 cutout_mode=cam_high top=8 left=11 height=10 width=10
2026-06-28 05:51:14 - __main__ - INFO - CAM cutout window: index=26178 copy=2 cutout_mode=cam_high top=11 left=9 height=10 width=10
2026-06-28 05:51:14 - __main__ - INFO - CAM cutout window: index=17769 copy=6 cutout_mode=cam_high top=13 left=11 height=10 width=10
2026-06-28 05:51:14 - __main__ - INFO - CAM cache hit: /content/cam_cache/cifar100/resnet18/seed42/fd/76/fd766d0a78d38d7d7b3bced2f20cd25a7c524c94b0854f574fcaeb1ce978562a.pt
2026-06-28 05:51:14 - __main__ - INFO - CAM cache hit: /content/cam_cache/cifar100/resnet18/seed42/1e/b6/1eb6309a370f4730636754f19c8c840888f9515e0cb1c9a8ca7a26b9326b68ca.pt
2026-06-28 05:51:14 - __main__ - INFO - CAM cache hit: /content/cam_cache/cifar100/resnet18/seed42/96/6d/966d0b01d65ecf820ca9511470d6194e3ed177ce9d59fde3126d3618477e9bfd.pt
2026-06-28 05:51:14 - __main__ - INFO - CAM cache hit: /content/cam_cache/cifar100/resnet18/seed42/8d/e3/8de3a21d7244a844143dfa0aed0c4d0e25785327ec7f8f0f8e17ca60b07a4d0e.pt
2026-06-28 05:51:14 - __main__ - INFO - CAM cutout window: index=34163 copy=1 cutout_mode=cam_high top=10 left=15 height=10 width=10
2026-06-28 05:51:14 - __main__ - INFO - CAM cutout window: index=27617 copy=1 cutout_mode=cam_high top=11 left=16 height=10 width=10
2026-06-28 05:51:14 - __main__ - INFO - CAM cutout window: index=15011 copy=6 cutout_mode=cam_high top=9 left=7 height=10 width=10
2026-06-28 05:51:14 - __main__ - INFO - CAM cutout window: index=13129 copy=3 cutout_mode=cam_high top=8 left=12 height=10 width=10
2026-06-28 05:53:16 - __main__ - INFO - Train: loss 0.0097 acc1 99.97%
2026-06-28 05:53:16 - __main__ - INFO - Val:   loss 1.8895 acc1 56.98%
2026-06-28 05:53:16 - __main__ - INFO - saved best: 56.98%
2026-06-28 05:53:16 - __main__ - INFO - 
Epoch 73/100 | lr 0.019954
2026-06-28 05:53:16 - __main__ - INFO - CAM cache hit: /content/cam_cache/cifar100/resnet18/seed42/ac/5c/ac5cecb72fcf798170f34d01f865880102802003f868e830f352f55518934148.pt
2026-06-28 05:53:16 - __main__ - INFO - CAM cache hit: /content/cam_cache/cifar100/resnet18/seed42/1d/57/1d57ef319773c2c7f97f7b62e6357677f70a882d1134de50e1d1c82d8702dc8f.pt
2026-06-28 05:53:16 - __main__ - INFO - CAM cache hit: /content/cam_cache/cifar100/resnet18/seed42/d2/89/d28941c79dabffee29a04f4b96135156f5d8b4f99a8930df4a9a8b760050ca17.pt
2026-06-28 05:53:16 - __main__ - INFO - CAM cutout window: index=38192 copy=4 cutout_mode=cam_high top=11 left=11 height=10 width=10
2026-06-28 05:53:16 - __main__ - INFO - CAM cache hit: /content/cam_cache/cifar100/resnet18/seed42/7f/9d/7f9d56bcc5c683ad8ca31e1bd9a60ab0ff58fac97c1ccdfaeacc585add1e701d.pt
2026-06-28 05:53:16 - __main__ - INFO - CAM cutout window: index=7852 copy=1 cutout_mode=cam_high top=7 left=12 height=10 width=10
2026-06-28 05:53:16 - __main__ - INFO - CAM cutout window: index=4644 copy=4 cutout_mode=cam_high top=11 left=16 height=10 width=10
2026-06-28 05:53:16 - __main__ - INFO - CAM cutout window: index=34275 copy=8 cutout_mode=cam_high top=10 left=6 height=10 width=10
2026-06-28 05:53:16 - __main__ - INFO - CAM cache hit: /content/cam_cache/cifar100/resnet18/seed42/0f/ed/0fed38b33f2f4f61c73687cceb2d15004593e9ddd85a46647a851c42cfa0a770.pt
2026-06-28 05:53:16 - __main__ - INFO - CAM cutout window: index=24704 copy=5 cutout_mode=cam_high top=10 left=5 height=10 width=10
2026-06-28 05:53:16 - __main__ - INFO - CAM cache hit: /content/cam_cache/cifar100/resnet18/seed42/63/9a/639ab36e690629f5c40e55ff022cfd259e77f90c241099c02fcb89434d8aa29e.pt
2026-06-28 05:53:16 - __main__ - INFO - CAM cache hit: /content/cam_cache/cifar100/resnet18/seed42/e8/6a/e86a051fe89a14aa1bd8040e43ebfa31c8e321e799127449ebf17aaeb0e94f50.pt
2026-06-28 05:53:16 - __main__ - INFO - CAM cache hit: /content/cam_cache/cifar100/resnet18/seed42/74/ba/74bae0a8bbfe2b8390111483a1ea3f5626feaa91f5a7ec68b5b4cb119ba31271.pt
2026-06-28 05:53:16 - __main__ - INFO - CAM cutout window: index=38204 copy=7 cutout_mode=cam_high top=13 left=9 height=10 width=10
2026-06-28 05:53:16 - __main__ - INFO - CAM cutout window: index=5284 copy=5 cutout_mode=cam_high top=9 left=10 height=10 width=10
2026-06-28 05:53:16 - __main__ - INFO - CAM cutout window: index=26386 copy=3 cutout_mode=cam_high top=9 left=8 height=10 width=10
2026-06-28 05:55:18 - __main__ - INFO - Train: loss 0.2445 acc1 93.65%
2026-06-28 05:55:18 - __main__ - INFO - Val:   loss 2.1947 acc1 50.04%
2026-06-28 05:55:18 - __main__ - INFO - 
Epoch 74/100 | lr 0.018649
2026-06-28 05:55:18 - __main__ - INFO - CAM cache hit: /content/cam_cache/cifar100/resnet18/seed42/57/22/572278ebf2699993c4dda92b3099ab9a9754e85e1aaa48bfc77b089afb3049e0.pt
2026-06-28 05:55:18 - __main__ - INFO - CAM cutout window: index=14014 copy=2 cutout_mode=cam_high top=14 left=12 height=10 width=10
2026-06-28 05:55:18 - __main__ - INFO - CAM cache hit: /content/cam_cache/cifar100/resnet18/seed42/21/58/21580b6fcfd45a03db862ab1e55826dee6d38df754573568f171512c2e51add2.pt
2026-06-28 05:55:18 - __main__ - INFO - CAM cache hit: /content/cam_cache/cifar100/resnet18/seed42/2b/62/2b6289b5871af1f0513d7b423f9c0f73756058e134e9ee5eb6b072948ad18e49.pt
2026-06-28 05:55:18 - __main__ - INFO - CAM cutout window: index=34033 copy=1 cutout_mode=cam_high top=16 left=15 height=10 width=10
2026-06-28 05:55:18 - __main__ - INFO - CAM cache hit: /content/cam_cache/cifar100/resnet18/seed42/9f/92/9f9240f1b06e2ed32e2d026d1678febc46c84d332fb7858b51cf4a674d6a6f0b.pt
2026-06-28 05:55:18 - __main__ - INFO - CAM cutout window: index=10742 copy=7 cutout_mode=cam_high top=8 left=13 height=10 width=10
2026-06-28 05:55:18 - __main__ - INFO - CAM cutout window: index=9954 copy=5 cutout_mode=cam_high top=11 left=7 height=10 width=10
2026-06-28 05:55:18 - __main__ - INFO - CAM cache hit: /content/cam_cache/cifar100/resnet18/seed42/16/ba/16ba937f49e0fd4b5edf8a4e8b6aa125cd9371d3ed85b0ea2a822b750f8aea8f.pt
2026-06-28 05:55:18 - __main__ - INFO - CAM cutout window: index=42 copy=7 cutout_mode=cam_high top=11 left=14 height=10 width=10
2026-06-28 05:55:18 - __main__ - INFO - CAM cache hit: /content/cam_cache/cifar100/resnet18/seed42/2d/11/2d1159dc437d077344d461dffafa36e9560449cec13c5e3f637301aa5a4f8ac0.pt
2026-06-28 05:55:18 - __main__ - INFO - CAM cutout window: index=14990 copy=2 cutout_mode=cam_high top=14 left=14 height=10 width=10
2026-06-28 05:55:18 - __main__ - INFO - CAM cache hit: /content/cam_cache/cifar100/resnet18/seed42/ea/d7/ead7d1f1bf391cda8ef367b5132b3edd0e0e97cd2f3e08b721967063f8e52d5f.pt
2026-06-28 05:55:18 - __main__ - INFO - CAM cutout window: index=20568 copy=1 cutout_mode=cam_high top=15 left=12 height=10 width=10
2026-06-28 05:55:18 - __main__ - INFO - CAM cache hit: /content/cam_cache/cifar100/resnet18/seed42/65/06/6506c9585cec22fe3e3eb90a961b76125f3eb1de5bde09ef994a02bc420b47f5.pt
2026-06-28 05:55:18 - __main__ - INFO - CAM cutout window: index=28001 copy=8 cutout_mode=cam_high top=10 left=14 height=10 width=10
2026-06-28 05:57:20 - __main__ - INFO - Train: loss 0.0220 acc1 99.63%
2026-06-28 05:57:20 - __main__ - INFO - Val:   loss 1.8763 acc1 55.86%
2026-06-28 05:57:20 - __main__ - INFO - 
Epoch 75/100 | lr 0.017379
2026-06-28 05:57:20 - __main__ - INFO - CAM cache hit: /content/cam_cache/cifar100/resnet18/seed42/01/72/0172374de6ecca1825d79938cdd7a5fb3b21bb2bc6f95ef73c70aaabc949c5ba.pt
2026-06-28 05:57:20 - __main__ - INFO - CAM cache hit: /content/cam_cache/cifar100/resnet18/seed42/5c/7c/5c7c951aa72b096f1e6aeb04697f27c369201837087c13123e3862bcb7ff7012.pt
2026-06-28 05:57:20 - __main__ - INFO - CAM cache hit: /content/cam_cache/cifar100/resnet18/seed42/9a/61/9a6187b032f7e00d5ff651b400dff67ea13b664916b3f0c8cecff028df91f6bf.pt
2026-06-28 05:57:20 - __main__ - INFO - CAM cache hit: /content/cam_cache/cifar100/resnet18/seed42/7c/4c/7c4ce36b27d9b8eafbd30c0746720b51337dfbd76bb83a86c22031c0f6dbf135.pt
2026-06-28 05:57:20 - __main__ - INFO - CAM cutout window: index=15874 copy=3 cutout_mode=cam_high top=12 left=11 height=10 width=10
2026-06-28 05:57:20 - __main__ - INFO - CAM cutout window: index=34002 copy=5 cutout_mode=cam_high top=7 left=15 height=10 width=10
2026-06-28 05:57:20 - __main__ - INFO - CAM cutout window: index=42359 copy=8 cutout_mode=cam_high top=11 left=16 height=10 width=10
2026-06-28 05:57:20 - __main__ - INFO - CAM cutout window: index=30818 copy=4 cutout_mode=cam_high top=10 left=13 height=10 width=10
2026-06-28 05:57:20 - __main__ - INFO - CAM cache hit: /content/cam_cache/cifar100/resnet18/seed42/c8/83/c88309f7e89825113f33b380b8a3fdd906c7852a0d47c2b4a31f40cb77628345.pt
2026-06-28 05:57:20 - __main__ - INFO - CAM cache hit: /content/cam_cache/cifar100/resnet18/seed42/8a/de/8ade60b66ccf9daa8daf667473989fcc6b12388fee8a9e92fdb248e4c8515b0f.pt
2026-06-28 05:57:20 - __main__ - INFO - CAM cache hit: /content/cam_cache/cifar100/resnet18/seed42/51/d5/51d5cfe332f4051dd61123467041a16d761f86a88634f609ed95e103bb834087.pt
2026-06-28 05:57:20 - __main__ - INFO - CAM cutout window: index=4530 copy=8 cutout_mode=cam_high top=15 left=14 height=10 width=10
2026-06-28 05:57:20 - __main__ - INFO - CAM cutout window: index=42997 copy=3 cutout_mode=cam_high top=16 left=9 height=10 width=10
2026-06-28 05:57:20 - __main__ - INFO - CAM cutout window: index=10902 copy=5 cutout_mode=cam_high top=8 left=11 height=10 width=10
2026-06-28 05:57:20 - __main__ - INFO - CAM cache hit: /content/cam_cache/cifar100/resnet18/seed42/0c/b4/0cb4f9b22c8d9265899869d4efb2c28fdea333046dda308fc4f044cfaeddba1a.pt
2026-06-28 05:57:20 - __main__ - INFO - CAM cutout window: index=19459 copy=4 cutout_mode=cam_high top=12 left=14 height=10 width=10
2026-06-28 05:59:21 - __main__ - INFO - Train: loss 0.0082 acc1 99.98%
2026-06-28 05:59:21 - __main__ - INFO - Val:   loss 1.8856 acc1 57.10%
2026-06-28 05:59:21 - __main__ - INFO - saved best: 57.10%
2026-06-28 05:59:21 - __main__ - INFO - 
Epoch 76/100 | lr 0.016144
2026-06-28 05:59:21 - __main__ - INFO - CAM cache hit: /content/cam_cache/cifar100/resnet18/seed42/dc/fa/dcfa15583f68de282f1e841f65091c4964ac5f9739b81859234f4e7c9c172113.pt
2026-06-28 05:59:21 - __main__ - INFO - CAM cutout window: index=30455 copy=2 cutout_mode=cam_high top=13 left=8 height=10 width=10
2026-06-28 05:59:21 - __main__ - INFO - CAM cache hit: /content/cam_cache/cifar100/resnet18/seed42/80/23/8023c5e9cdaf0ebea12f4db3b096e7afecf0a3d44748b0c1de23894630edba9e.pt
2026-06-28 05:59:21 - __main__ - INFO - CAM cache hit: /content/cam_cache/cifar100/resnet18/seed42/21/4a/214a5877607fae7a736869d786a649d591195632d7a9fa1b97a748562b28ab57.pt
2026-06-28 05:59:21 - __main__ - INFO - CAM cache hit: /content/cam_cache/cifar100/resnet18/seed42/b4/12/b4123708270a3e9bfd1b0f6bba8afbb3b77ece56cdf83fa6036734b51ebea2d1.pt
2026-06-28 05:59:21 - __main__ - INFO - CAM cutout window: index=29943 copy=2 cutout_mode=cam_high top=11 left=10 height=10 width=10
2026-06-28 05:59:21 - __main__ - INFO - CAM cutout window: index=22472 copy=6 cutout_mode=cam_high top=21 left=9 height=10 width=10
2026-06-28 05:59:21 - __main__ - INFO - CAM cutout window: index=15419 copy=4 cutout_mode=cam_high top=13 left=11 height=10 width=10
2026-06-28 05:59:21 - __main__ - INFO - CAM cache hit: /content/cam_cache/cifar100/resnet18/seed42/4a/f7/4af71a6c4281366e6d3800cc6ec0a98a371ee03fbc214accfa5c802235c5670e.pt
2026-06-28 05:59:21 - __main__ - INFO - CAM cutout window: index=6386 copy=6 cutout_mode=cam_high top=10 left=8 height=10 width=10
2026-06-28 05:59:21 - __main__ - INFO - CAM cache hit: /content/cam_cache/cifar100/resnet18/seed42/0f/fb/0ffb7b2878df81e9508e3e2bfd2f2073835827837d5fe1f694cd7bff9b659328.pt
2026-06-28 05:59:21 - __main__ - INFO - CAM cache hit: /content/cam_cache/cifar100/resnet18/seed42/27/98/2798a023ec5d40f12cc09242ea357ce388199c9469ccf249862933f9748a8006.pt
2026-06-28 05:59:21 - __main__ - INFO - CAM cache hit: /content/cam_cache/cifar100/resnet18/seed42/b4/4e/b44ea5250664e7085742e6e3557358ebcffeb16e7a2140a0a1a791925a2dccb5.pt
2026-06-28 05:59:21 - __main__ - INFO - CAM cutout window: index=40659 copy=4 cutout_mode=cam_high top=15 left=14 height=10 width=10
2026-06-28 05:59:21 - __main__ - INFO - CAM cutout window: index=16372 copy=6 cutout_mode=cam_high top=10 left=6 height=10 width=10
2026-06-28 05:59:21 - __main__ - INFO - CAM cutout window: index=25184 copy=4 cutout_mode=cam_high top=7 left=9 height=10 width=10
2026-06-28 06:01:23 - __main__ - INFO - Train: loss 0.0090 acc1 99.98%
2026-06-28 06:01:23 - __main__ - INFO - Val:   loss 1.9487 acc1 56.30%
2026-06-28 06:01:23 - __main__ - INFO - 
Epoch 77/100 | lr 0.014947
2026-06-28 06:01:23 - __main__ - INFO - CAM cache hit: /content/cam_cache/cifar100/resnet18/seed42/a5/0a/a50aa3f9a1b96a4882926eb864b281afc2d744ddd950e7c0075a4eb2874b46a1.pt
2026-06-28 06:01:23 - __main__ - INFO - CAM cache hit: /content/cam_cache/cifar100/resnet18/seed42/1d/f5/1df58deb45dc8417217997b66ab93a70e4c0674b7f68c7f8dcf6446bd1345881.pt
2026-06-28 06:01:23 - __main__ - INFO - CAM cache hit: /content/cam_cache/cifar100/resnet18/seed42/e4/31/e43197ee98901affcfe34869c5b4468b8986ec784e8fd29e1b47f9153c89f17c.pt
2026-06-28 06:01:23 - __main__ - INFO - CAM cache hit: /content/cam_cache/cifar100/resnet18/seed42/b8/8d/b88d6357c62f7271b3106b64e6d31ce920984b92d6d659d90341b923abaecbfe.pt
2026-06-28 06:01:23 - __main__ - INFO - CAM cutout window: index=22222 copy=8 cutout_mode=cam_high top=8 left=7 height=10 width=10
2026-06-28 06:01:23 - __main__ - INFO - CAM cutout window: index=15249 copy=1 cutout_mode=cam_high top=10 left=10 height=10 width=10
2026-06-28 06:01:23 - __main__ - INFO - CAM cutout window: index=11575 copy=7 cutout_mode=cam_high top=11 left=7 height=10 width=10
2026-06-28 06:01:23 - __main__ - INFO - CAM cutout window: index=38270 copy=3 cutout_mode=cam_high top=12 left=10 height=10 width=10
2026-06-28 06:01:23 - __main__ - INFO - CAM cache hit: /content/cam_cache/cifar100/resnet18/seed42/a2/98/a298c7adbad8cc77441214ce5c016f4cd2bec85195c9c1b684f09a0774334c8d.pt
2026-06-28 06:01:23 - __main__ - INFO - CAM cache hit: /content/cam_cache/cifar100/resnet18/seed42/59/da/59da183730e4f9a18354ac0bdc95963b28724463dad9ea4c510b75db8dfe571c.pt
2026-06-28 06:01:23 - __main__ - INFO - CAM cutout window: index=38004 copy=2 cutout_mode=cam_high top=12 left=9 height=10 width=10
2026-06-28 06:01:23 - __main__ - INFO - CAM cache hit: /content/cam_cache/cifar100/resnet18/seed42/ef/55/ef559ff4fb47df7a498383f6290f0403b6ec302bdeb345d4d2d24ec9847c097d.pt
2026-06-28 06:01:23 - __main__ - INFO - CAM cache hit: /content/cam_cache/cifar100/resnet18/seed42/05/83/0583cdefd8a438a9a1bdb7988a72f158631a59bebe7c93ed87c4bd37e36845d4.pt
2026-06-28 06:01:23 - __main__ - INFO - CAM cutout window: index=10984 copy=6 cutout_mode=cam_high top=14 left=11 height=10 width=10
2026-06-28 06:01:23 - __main__ - INFO - CAM cutout window: index=24425 copy=6 cutout_mode=cam_high top=10 left=11 height=10 width=10
2026-06-28 06:01:23 - __main__ - INFO - CAM cutout window: index=1812 copy=7 cutout_mode=cam_high top=11 left=12 height=10 width=10
2026-06-28 06:03:25 - __main__ - INFO - Train: loss 0.2480 acc1 93.67%
2026-06-28 06:03:25 - __main__ - INFO - Val:   loss 2.1428 acc1 50.23%
2026-06-28 06:03:25 - __main__ - INFO - 
Epoch 78/100 | lr 0.013787
2026-06-28 06:03:25 - __main__ - INFO - CAM cache hit: /content/cam_cache/cifar100/resnet18/seed42/45/82/4582e6d25649959f78bb6ec28cce0adf23340a495e49c07fb93c8fcd1b808cad.pt
2026-06-28 06:03:25 - __main__ - INFO - CAM cutout window: index=26352 copy=5 cutout_mode=cam_high top=13 left=9 height=10 width=10
2026-06-28 06:03:25 - __main__ - INFO - CAM cache hit: /content/cam_cache/cifar100/resnet18/seed42/f0/1f/f01f6d69408eba275b567de628f944f0098ae69c07baa1441185ad00d4e026ec.pt
2026-06-28 06:03:25 - __main__ - INFO - CAM cutout window: index=30959 copy=4 cutout_mode=cam_high top=15 left=14 height=10 width=10
2026-06-28 06:03:25 - __main__ - INFO - CAM cache hit: /content/cam_cache/cifar100/resnet18/seed42/e1/c3/e1c30e1bf3ca7f74cb189da9498e53e2418447f4add200a55dad735bdb58caa2.pt
2026-06-28 06:03:25 - __main__ - INFO - CAM cache hit: /content/cam_cache/cifar100/resnet18/seed42/d0/19/d019d8a8aac9b5e2787ea518020da8f11dae7caf3fc580e99ddb4f502ae2d386.pt
2026-06-28 06:03:25 - __main__ - INFO - CAM cache hit: /content/cam_cache/cifar100/resnet18/seed42/47/06/470628122c767201cf2e5d9b064a66b866fc5c8f949cc2bd02aced4581e778f8.pt
2026-06-28 06:03:25 - __main__ - INFO - CAM cutout window: index=3077 copy=5 cutout_mode=cam_high top=15 left=10 height=10 width=10
2026-06-28 06:03:25 - __main__ - INFO - CAM cutout window: index=39892 copy=2 cutout_mode=cam_high top=7 left=4 height=10 width=10
2026-06-28 06:03:25 - __main__ - INFO - CAM cutout window: index=2275 copy=7 cutout_mode=cam_high top=7 left=12 height=10 width=10
2026-06-28 06:03:25 - __main__ - INFO - CAM cache hit: /content/cam_cache/cifar100/resnet18/seed42/4a/4e/4a4e97e1ac46bfacc465ce697031fcf8e481c49b62d5e919eb37f34b36ed18cc.pt
2026-06-28 06:03:25 - __main__ - INFO - CAM cutout window: index=21108 copy=4 cutout_mode=cam_high top=16 left=8 height=10 width=10
2026-06-28 06:03:25 - __main__ - INFO - CAM cache hit: /content/cam_cache/cifar100/resnet18/seed42/d6/73/d673e1c7f8ab0bf8c5ccc55127642b942adc7f54de9fd5599eb73388d1791fe1.pt
2026-06-28 06:03:25 - __main__ - INFO - CAM cache hit: /content/cam_cache/cifar100/resnet18/seed42/37/37/3737bdb7b6df630fa9ff49d1609ec96899836f04ea5d2f85760a438101190bbc.pt
2026-06-28 06:03:25 - __main__ - INFO - CAM cutout window: index=9007 copy=7 cutout_mode=cam_high top=13 left=8 height=10 width=10
2026-06-28 06:03:25 - __main__ - INFO - CAM cutout window: index=23188 copy=1 cutout_mode=cam_high top=9 left=12 height=10 width=10
2026-06-28 06:05:26 - __main__ - INFO - Train: loss 0.0289 acc1 99.45%
2026-06-28 06:05:26 - __main__ - INFO - Val:   loss 1.8409 acc1 56.33%
2026-06-28 06:05:26 - __main__ - INFO - 
Epoch 79/100 | lr 0.012668
2026-06-28 06:05:26 - __main__ - INFO - CAM cache hit: /content/cam_cache/cifar100/resnet18/seed42/1d/4f/1d4f1ac7221d3cd0a0c8bb0426fec5a50c0ca5df0a945d93e91f20ba5d4b669f.pt
2026-06-28 06:05:26 - __main__ - INFO - CAM cutout window: index=2113 copy=3 cutout_mode=cam_high top=12 left=10 height=10 width=10
2026-06-28 06:05:26 - __main__ - INFO - CAM cache hit: /content/cam_cache/cifar100/resnet18/seed42/e3/17/e317b5297acd9b181904f28ce2feeb1fafb758390f43c383e6babab26115e725.pt
2026-06-28 06:05:26 - __main__ - INFO - CAM cache hit: /content/cam_cache/cifar100/resnet18/seed42/56/29/5629532a482c336b54d77d571246a9279e55c129e0e751c9b5d2399e00d53a76.pt
2026-06-28 06:05:26 - __main__ - INFO - CAM cache hit: /content/cam_cache/cifar100/resnet18/seed42/18/a9/18a93a47da78d5790b120168ea7493c6f3f6cceaffdcd3dfb65018f5bbb45b60.pt
2026-06-28 06:05:26 - __main__ - INFO - CAM cutout window: index=5888 copy=6 cutout_mode=cam_high top=13 left=14 height=10 width=10
2026-06-28 06:05:26 - __main__ - INFO - CAM cutout window: index=17884 copy=4 cutout_mode=cam_high top=10 left=11 height=10 width=10
2026-06-28 06:05:26 - __main__ - INFO - CAM cutout window: index=11748 copy=7 cutout_mode=cam_high top=10 left=15 height=10 width=10
2026-06-28 06:05:26 - __main__ - INFO - CAM cache hit: /content/cam_cache/cifar100/resnet18/seed42/7b/64/7b643e6c5d505d5c50a76a26d59eef5ce522cae2df03c2700d4ac64a2bd7f875.pt
2026-06-28 06:05:26 - __main__ - INFO - CAM cutout window: index=22442 copy=4 cutout_mode=cam_high top=6 left=20 height=10 width=10
2026-06-28 06:05:26 - __main__ - INFO - CAM cache hit: /content/cam_cache/cifar100/resnet18/seed42/b2/23/b223d63fbe2c0f32edf50de1e186f73b7441b17fd6569b8ae6c679359e28f516.pt
2026-06-28 06:05:26 - __main__ - INFO - CAM cache hit: /content/cam_cache/cifar100/resnet18/seed42/7e/d7/7ed7933d0bf1104afb6cda16c5da241ffef73735bd9226c897e45dd82677ca3e.pt
2026-06-28 06:05:26 - __main__ - INFO - CAM cutout window: index=13861 copy=1 cutout_mode=cam_high top=11 left=9 height=10 width=10
2026-06-28 06:05:26 - __main__ - INFO - CAM cutout window: index=819 copy=1 cutout_mode=cam_high top=11 left=8 height=10 width=10
2026-06-28 06:05:26 - __main__ - INFO - CAM cache hit: /content/cam_cache/cifar100/resnet18/seed42/44/51/4451c1a7923f9dc93c4ef485921ce3b64f177827eb09467abfece24402c417cd.pt
2026-06-28 06:05:26 - __main__ - INFO - CAM cutout window: index=36560 copy=5 cutout_mode=cam_high top=12 left=10 height=10 width=10
2026-06-28 06:07:28 - __main__ - INFO - Train: loss 0.0068 acc1 99.98%
2026-06-28 06:07:28 - __main__ - INFO - Val:   loss 1.8550 acc1 57.39%
2026-06-28 06:07:28 - __main__ - INFO - saved best: 57.39%
2026-06-28 06:07:28 - __main__ - INFO - 
Epoch 80/100 | lr 0.011589
2026-06-28 06:07:28 - __main__ - INFO - CAM cache hit: /content/cam_cache/cifar100/resnet18/seed42/1c/e1/1ce1b68da0ad1442eccb2d220e6e4b605e53d05060cb883a4fd055339e81df49.pt
2026-06-28 06:07:28 - __main__ - INFO - CAM cache hit: /content/cam_cache/cifar100/resnet18/seed42/ae/ad/aead06f1c0dc440c9f9e96f66b7c05c73ddc0924f412bcefc154c93638407a91.pt
2026-06-28 06:07:28 - __main__ - INFO - CAM cache hit: /content/cam_cache/cifar100/resnet18/seed42/d3/d5/d3d5ffd633c92bf05efa971a41e500085404fbaa0c2d8b7a56c435ce100631a6.pt
2026-06-28 06:07:28 - __main__ - INFO - CAM cutout window: index=40316 copy=6 cutout_mode=cam_high top=12 left=12 height=10 width=10
2026-06-28 06:07:28 - __main__ - INFO - CAM cache hit: /content/cam_cache/cifar100/resnet18/seed42/78/fb/78fb744c23e4d4f761baf3b8129d065286add84e16cfc2475daec5d6a6e595ad.pt
2026-06-28 06:07:28 - __main__ - INFO - CAM cutout window: index=7453 copy=2 cutout_mode=cam_high top=13 left=12 height=10 width=10
2026-06-28 06:07:28 - __main__ - INFO - CAM cutout window: index=38119 copy=8 cutout_mode=cam_high top=6 left=11 height=10 width=10
2026-06-28 06:07:28 - __main__ - INFO - CAM cutout window: index=5525 copy=7 cutout_mode=cam_high top=8 left=6 height=10 width=10
2026-06-28 06:07:28 - __main__ - INFO - CAM cache hit: /content/cam_cache/cifar100/resnet18/seed42/05/b4/05b4d1cf8747158e72ab4e994fe1057a40e2c69f58fae85ddf84f960a1272861.pt
2026-06-28 06:07:28 - __main__ - INFO - CAM cache hit: /content/cam_cache/cifar100/resnet18/seed42/19/6d/196d05dd45d4bf49cc6963cbd215191991c815a76ed13663522752eab016737e.pt
2026-06-28 06:07:28 - __main__ - INFO - CAM cache hit: /content/cam_cache/cifar100/resnet18/seed42/95/8f/958fdf096770409235f39bed56adaa6ef495420823e6b20e9a71b91176d9a28c.pt
2026-06-28 06:07:28 - __main__ - INFO - CAM cache hit: /content/cam_cache/cifar100/resnet18/seed42/4c/c3/4cc380972bccb4c19bd1352c07330c6c46427ca988a036db9c28f98bbb330296.pt
2026-06-28 06:07:28 - __main__ - INFO - CAM cutout window: index=12780 copy=2 cutout_mode=cam_high top=12 left=6 height=10 width=10
2026-06-28 06:07:28 - __main__ - INFO - CAM cutout window: index=26210 copy=2 cutout_mode=cam_high top=14 left=8 height=10 width=10
2026-06-28 06:07:28 - __main__ - INFO - CAM cutout window: index=6743 copy=4 cutout_mode=cam_high top=12 left=17 height=10 width=10
2026-06-28 06:07:28 - __main__ - INFO - CAM cutout window: index=12198 copy=8 cutout_mode=cam_high top=14 left=15 height=10 width=10
2026-06-28 06:09:30 - __main__ - INFO - Train: loss 0.0079 acc1 99.98%
2026-06-28 06:09:30 - __main__ - INFO - Val:   loss 1.8939 acc1 57.52%
2026-06-28 06:09:30 - __main__ - INFO - saved best: 57.52%
2026-06-28 06:09:30 - __main__ - INFO - 
Epoch 81/100 | lr 0.010552
2026-06-28 06:09:30 - __main__ - INFO - CAM cache hit: /content/cam_cache/cifar100/resnet18/seed42/66/33/6633f908f3ab8ad6844bd202485cdd9ebf9a5d04016f1f34afcf4b093ced1e20.pt
2026-06-28 06:09:30 - __main__ - INFO - CAM cache hit: /content/cam_cache/cifar100/resnet18/seed42/18/4a/184ad3156689ddfb80c78da073fdf6a1e3b7a185972d85c0f88c0e495ce6d93c.pt
2026-06-28 06:09:30 - __main__ - INFO - CAM cutout window: index=23257 copy=1 cutout_mode=cam_high top=15 left=13 height=10 width=10
2026-06-28 06:09:30 - __main__ - INFO - CAM cache hit: /content/cam_cache/cifar100/resnet18/seed42/8b/72/8b729d7db2ac6927db9e0ee42c7943e31eda61b56a3dcbc4f9ca1062ccae4857.pt
2026-06-28 06:09:30 - __main__ - INFO - CAM cache hit: /content/cam_cache/cifar100/resnet18/seed42/30/9b/309bd5d6c4f9447053f70383ac639ee1180721abb775859b84cd0e2bcaec7528.pt
2026-06-28 06:09:30 - __main__ - INFO - CAM cutout window: index=42300 copy=8 cutout_mode=cam_high top=10 left=6 height=10 width=10
2026-06-28 06:09:30 - __main__ - INFO - CAM cutout window: index=44362 copy=5 cutout_mode=cam_high top=14 left=10 height=10 width=10
2026-06-28 06:09:30 - __main__ - INFO - CAM cutout window: index=12887 copy=6 cutout_mode=cam_high top=10 left=15 height=10 width=10
2026-06-28 06:09:30 - __main__ - INFO - CAM cache hit: /content/cam_cache/cifar100/resnet18/seed42/41/e8/41e806b88bb314dc962f9059500a797d4393db0a74a247b7721d4a848abdd704.pt
2026-06-28 06:09:30 - __main__ - INFO - CAM cutout window: index=18979 copy=3 cutout_mode=cam_high top=13 left=10 height=10 width=10
2026-06-28 06:09:30 - __main__ - INFO - CAM cache hit: /content/cam_cache/cifar100/resnet18/seed42/25/1c/251c338fdba31eba88f31abe93dccb06645ce97dd95e51c63f4e6da5118fb211.pt
2026-06-28 06:09:30 - __main__ - INFO - CAM cutout window: index=36879 copy=2 cutout_mode=cam_high top=9 left=12 height=10 width=10
2026-06-28 06:09:30 - __main__ - INFO - CAM cache hit: /content/cam_cache/cifar100/resnet18/seed42/d1/f0/d1f09bcddbfec9e7343a8621cf5de49f7b25d3ea7a024f2e6e897e9fa074bcaa.pt
2026-06-28 06:09:30 - __main__ - INFO - CAM cache hit: /content/cam_cache/cifar100/resnet18/seed42/c1/46/c146da5a7d06c4dd6264bd63daec0b8e8f52123629e41333c77dc58f09c0f31c.pt
2026-06-28 06:09:30 - __main__ - INFO - CAM cutout window: index=27582 copy=8 cutout_mode=cam_high top=10 left=14 height=10 width=10
2026-06-28 06:09:30 - __main__ - INFO - CAM cutout window: index=5947 copy=6 cutout_mode=cam_high top=16 left=11 height=10 width=10
2026-06-28 06:11:32 - __main__ - INFO - Train: loss 0.0083 acc1 99.98%
2026-06-28 06:11:32 - __main__ - INFO - Val:   loss 1.9395 acc1 56.99%
2026-06-28 06:11:32 - __main__ - INFO - 
Epoch 82/100 | lr 0.009558
2026-06-28 06:11:32 - __main__ - INFO - CAM cache hit: /content/cam_cache/cifar100/resnet18/seed42/fd/52/fd522eb1bba96f389d75cc4e6e6f61209fbdbabb8f13a762874c7617687ecb22.pt
2026-06-28 06:11:32 - __main__ - INFO - CAM cache hit: /content/cam_cache/cifar100/resnet18/seed42/8b/e2/8be2d29c8571743fc8f3efaa8e001adeb800159547012e9bb55aff846dd499f9.pt
2026-06-28 06:11:32 - __main__ - INFO - CAM cutout window: index=2331 copy=2 cutout_mode=cam_high top=14 left=13 height=10 width=10
2026-06-28 06:11:32 - __main__ - INFO - CAM cache hit: /content/cam_cache/cifar100/resnet18/seed42/36/fc/36fc36569af9d3f3a9714907cc06cca45c40151502a88be034410ce64eba91c7.pt
2026-06-28 06:11:32 - __main__ - INFO - CAM cache hit: /content/cam_cache/cifar100/resnet18/seed42/ca/6d/ca6da29a90f7c3b8d1240e55e13eb239b842df633187e26a4da0679bec7bb47d.pt
2026-06-28 06:11:32 - __main__ - INFO - CAM cutout window: index=509 copy=3 cutout_mode=cam_high top=6 left=9 height=10 width=10
2026-06-28 06:11:32 - __main__ - INFO - CAM cutout window: index=10133 copy=4 cutout_mode=cam_high top=13 left=7 height=10 width=10
2026-06-28 06:11:32 - __main__ - INFO - CAM cutout window: index=42658 copy=6 cutout_mode=cam_high top=7 left=11 height=10 width=10
2026-06-28 06:11:32 - __main__ - INFO - CAM cache hit: /content/cam_cache/cifar100/resnet18/seed42/b7/22/b72255524e46b20f3cbc23a834b54e81f97c04d4f2b3393cc285694de58c89be.pt
2026-06-28 06:11:32 - __main__ - INFO - CAM cutout window: index=32694 copy=2 cutout_mode=cam_high top=12 left=17 height=10 width=10
2026-06-28 06:11:32 - __main__ - INFO - CAM cache hit: /content/cam_cache/cifar100/resnet18/seed42/52/c4/52c409a5c6a4f696ed3561f05e33d29c90cfd80e8ad81036fc98adae9a0c32e3.pt
2026-06-28 06:11:32 - __main__ - INFO - CAM cache hit: /content/cam_cache/cifar100/resnet18/seed42/37/35/37358f9b8200c87d5ee4d6e2ec4f0601359d06ed9fe745a15e952fd3c098ac4c.pt
2026-06-28 06:11:32 - __main__ - INFO - CAM cache hit: /content/cam_cache/cifar100/resnet18/seed42/8b/12/8b121ace3d7deca7e7efed91e4235b5f47e4f441ed65e8d46550e7603bda911a.pt
2026-06-28 06:11:32 - __main__ - INFO - CAM cutout window: index=26432 copy=2 cutout_mode=cam_high top=10 left=8 height=10 width=10
2026-06-28 06:11:32 - __main__ - INFO - CAM cutout window: index=34508 copy=2 cutout_mode=cam_high top=12 left=9 height=10 width=10
2026-06-28 06:11:32 - __main__ - INFO - CAM cutout window: index=40231 copy=2 cutout_mode=cam_high top=11 left=9 height=10 width=10
2026-06-28 06:13:34 - __main__ - INFO - Train: loss 0.0085 acc1 99.98%
2026-06-28 06:13:34 - __main__ - INFO - Val:   loss 1.9507 acc1 57.43%
2026-06-28 06:13:34 - __main__ - INFO - 
Epoch 83/100 | lr 0.008609
2026-06-28 06:13:34 - __main__ - INFO - CAM cache hit: /content/cam_cache/cifar100/resnet18/seed42/b0/6c/b06cacb67b4ee9ee2c4ae9a147b9039ac91750511d9a22446c309d6931d4a788.pt
2026-06-28 06:13:34 - __main__ - INFO - CAM cache hit: /content/cam_cache/cifar100/resnet18/seed42/d3/18/d318610ee19012dc3a84e3c6a85304a4bb25822e67ffb0ed0509f5a3d5855961.pt
2026-06-28 06:13:34 - __main__ - INFO - CAM cache hit: /content/cam_cache/cifar100/resnet18/seed42/55/95/5595a56b503e1d79839de1957e4c5408aad1b2a0f3afc90909c55da2eb448300.pt
2026-06-28 06:13:34 - __main__ - INFO - CAM cutout window: index=38667 copy=2 cutout_mode=cam_high top=18 left=13 height=10 width=10
2026-06-28 06:13:34 - __main__ - INFO - CAM cache hit: /content/cam_cache/cifar100/resnet18/seed42/0e/a8/0ea894193ad21c1437fa9e06963015123b43b166302aa1dc37319ba7ad0ae08f.pt
2026-06-28 06:13:34 - __main__ - INFO - CAM cutout window: index=7972 copy=2 cutout_mode=cam_high top=15 left=17 height=10 width=10
2026-06-28 06:13:34 - __main__ - INFO - CAM cutout window: index=11318 copy=6 cutout_mode=cam_high top=13 left=14 height=10 width=10
2026-06-28 06:13:34 - __main__ - INFO - CAM cutout window: index=29605 copy=8 cutout_mode=cam_high top=17 left=9 height=10 width=10
2026-06-28 06:13:34 - __main__ - INFO - CAM cache hit: /content/cam_cache/cifar100/resnet18/seed42/9f/d1/9fd135b19896bb51b912353e775231723bc3fd4ff455991afa057be4f2b30512.pt
2026-06-28 06:13:34 - __main__ - INFO - CAM cutout window: index=22578 copy=6 cutout_mode=cam_high top=8 left=13 height=10 width=10
2026-06-28 06:13:34 - __main__ - INFO - CAM cache hit: /content/cam_cache/cifar100/resnet18/seed42/e0/49/e049c6e76ecabd08ece5a458fe0080b4b618a2bcd1b2be00a2072cf85d417d5b.pt
2026-06-28 06:13:34 - __main__ - INFO - CAM cache hit: /content/cam_cache/cifar100/resnet18/seed42/a7/5e/a75ef602f067d84d77716b3d36adf087242267527e37ff23728c35d90be6ccd4.pt
2026-06-28 06:13:34 - __main__ - INFO - CAM cache hit: /content/cam_cache/cifar100/resnet18/seed42/f0/f1/f0f1f786f912a88e5ce0b23205c37211ed26000d1f3f88d00462dc2fd8cdc92e.pt
2026-06-28 06:13:34 - __main__ - INFO - CAM cutout window: index=37277 copy=5 cutout_mode=cam_high top=12 left=11 height=10 width=10
2026-06-28 06:13:34 - __main__ - INFO - CAM cutout window: index=27673 copy=5 cutout_mode=cam_high top=10 left=11 height=10 width=10
2026-06-28 06:13:34 - __main__ - INFO - CAM cutout window: index=23308 copy=6 cutout_mode=cam_high top=11 left=8 height=10 width=10
2026-06-28 06:15:36 - __main__ - INFO - Train: loss 0.0088 acc1 99.98%
2026-06-28 06:15:36 - __main__ - INFO - Val:   loss 1.9599 acc1 56.77%
2026-06-28 06:15:36 - __main__ - INFO - 
Epoch 84/100 | lr 0.007704
2026-06-28 06:15:36 - __main__ - INFO - CAM cache hit: /content/cam_cache/cifar100/resnet18/seed42/c6/4a/c64af6c0452d27b43c3e533f59752965f3dcc9c854a38f5e61ba8585fa52b531.pt
2026-06-28 06:15:36 - __main__ - INFO - CAM cache hit: /content/cam_cache/cifar100/resnet18/seed42/c7/21/c72123dd3acfefd346ffd0cc4e83ea5a0fc89a1de4b0b28117d06ca063fc103d.pt
2026-06-28 06:15:36 - __main__ - INFO - CAM cache hit: /content/cam_cache/cifar100/resnet18/seed42/0a/c4/0ac497ff0afae932e3cf9d16d1ff31f9353a3d3cf4eb6e834df5e709545664f1.pt
2026-06-28 06:15:36 - __main__ - INFO - CAM cache hit: /content/cam_cache/cifar100/resnet18/seed42/9a/79/9a7912f7253991cfc8faacfe6fc726e48d5c74368a285407209f3b7e3d5d83a3.pt
2026-06-28 06:15:36 - __main__ - INFO - CAM cutout window: index=3695 copy=5 cutout_mode=cam_high top=16 left=14 height=10 width=10
2026-06-28 06:15:36 - __main__ - INFO - CAM cutout window: index=29526 copy=6 cutout_mode=cam_high top=13 left=14 height=10 width=10
2026-06-28 06:15:36 - __main__ - INFO - CAM cutout window: index=38169 copy=6 cutout_mode=cam_high top=12 left=11 height=10 width=10
2026-06-28 06:15:36 - __main__ - INFO - CAM cutout window: index=36142 copy=3 cutout_mode=cam_high top=12 left=13 height=10 width=10
2026-06-28 06:15:36 - __main__ - INFO - CAM cache hit: /content/cam_cache/cifar100/resnet18/seed42/9f/fb/9ffb161efe0c67ac2aa5ae533ef656a9b7d9d9ba280d726e1669526b95bca9db.pt
2026-06-28 06:15:36 - __main__ - INFO - CAM cache hit: /content/cam_cache/cifar100/resnet18/seed42/cd/5e/cd5eba5f91291878150698fea06bc385f591ead1fac5c4051bbf852996881f65.pt
2026-06-28 06:15:36 - __main__ - INFO - CAM cache hit: /content/cam_cache/cifar100/resnet18/seed42/bc/6a/bc6ad8833b5fe046c5f73fb5d410ca469f7087ebe7ae6204241888a61886fe13.pt
2026-06-28 06:15:36 - __main__ - INFO - CAM cutout window: index=35807 copy=6 cutout_mode=cam_high top=9 left=12 height=10 width=10
2026-06-28 06:15:36 - __main__ - INFO - CAM cutout window: index=25681 copy=8 cutout_mode=cam_high top=14 left=10 height=10 width=10
2026-06-28 06:15:36 - __main__ - INFO - CAM cutout window: index=22547 copy=5 cutout_mode=cam_high top=8 left=9 height=10 width=10
2026-06-28 06:15:36 - __main__ - INFO - CAM cache hit: /content/cam_cache/cifar100/resnet18/seed42/ff/6e/ff6ee815cef710d2c51167b45f9aefb415330dd6a92dd4bef21e57e6e6f18f1f.pt
2026-06-28 06:15:36 - __main__ - INFO - CAM cutout window: index=43969 copy=4 cutout_mode=cam_high top=13 left=8 height=10 width=10
2026-06-28 06:17:37 - __main__ - INFO - Train: loss 0.0083 acc1 99.99%
2026-06-28 06:17:37 - __main__ - INFO - Val:   loss 1.9560 acc1 56.97%
2026-06-28 06:17:37 - __main__ - INFO - 
Epoch 85/100 | lr 0.006846
2026-06-28 06:17:37 - __main__ - INFO - CAM cache hit: /content/cam_cache/cifar100/resnet18/seed42/75/92/7592dec0154bb5fb8e9de097316aa3c61d244773ac27fb643397aef4d4241612.pt
2026-06-28 06:17:37 - __main__ - INFO - CAM cache hit: /content/cam_cache/cifar100/resnet18/seed42/b4/36/b436c071ba305440384ff0ed867ff542ba102d32a694c749c4b8c3c3937b3e39.pt
2026-06-28 06:17:37 - __main__ - INFO - CAM cutout window: index=12143 copy=5 cutout_mode=cam_high top=13 left=13 height=10 width=10
2026-06-28 06:17:37 - __main__ - INFO - CAM cutout window: index=21894 copy=2 cutout_mode=cam_high top=13 left=14 height=10 width=10
2026-06-28 06:17:37 - __main__ - INFO - CAM cache hit: /content/cam_cache/cifar100/resnet18/seed42/23/69/236904e26b817496b9cee44d50ff4083d61d515e16635e5319e2599dc04b4ad8.pt
2026-06-28 06:17:37 - __main__ - INFO - CAM cache hit: /content/cam_cache/cifar100/resnet18/seed42/24/2e/242e37b954f14b4dd8c5a921d5ad8717fe03f0c1ce9df4e5fb68ed7f59c3c8d9.pt
2026-06-28 06:17:37 - __main__ - INFO - CAM cutout window: index=35490 copy=8 cutout_mode=cam_high top=8 left=12 height=10 width=10
2026-06-28 06:17:37 - __main__ - INFO - CAM cutout window: index=23525 copy=3 cutout_mode=cam_high top=13 left=10 height=10 width=10
2026-06-28 06:17:37 - __main__ - INFO - CAM cache hit: /content/cam_cache/cifar100/resnet18/seed42/3b/31/3b31a5902cf46d26917ccb1af9c394b82a01d83d5d92f26467617783ca51765e.pt
2026-06-28 06:17:37 - __main__ - INFO - CAM cache hit: /content/cam_cache/cifar100/resnet18/seed42/73/5b/735b1cec51fb93179b4faf648c2c8e36903131dd391452657dedb070b3064cbb.pt
2026-06-28 06:17:37 - __main__ - INFO - CAM cutout window: index=2433 copy=7 cutout_mode=cam_high top=11 left=14 height=10 width=10
2026-06-28 06:17:37 - __main__ - INFO - CAM cutout window: index=35829 copy=6 cutout_mode=cam_high top=7 left=11 height=10 width=10
2026-06-28 06:17:37 - __main__ - INFO - CAM cache hit: /content/cam_cache/cifar100/resnet18/seed42/05/e0/05e0a890f1277ce82c8a40adaa8301ffd55c6bf51903231f2c1b0859d6ace952.pt
2026-06-28 06:17:37 - __main__ - INFO - CAM cache hit: /content/cam_cache/cifar100/resnet18/seed42/80/01/8001ab7dd8320849c87b6fe8be04a9c450c6130efa22f7984397e9681d2189f8.pt
2026-06-28 06:17:37 - __main__ - INFO - CAM cutout window: index=28492 copy=2 cutout_mode=cam_high top=9 left=13 height=10 width=10
2026-06-28 06:17:37 - __main__ - INFO - CAM cutout window: index=23636 copy=1 cutout_mode=cam_high top=13 left=6 height=10 width=10
2026-06-28 06:19:39 - __main__ - INFO - Train: loss 0.0090 acc1 99.98%
2026-06-28 06:19:39 - __main__ - INFO - Val:   loss 1.9810 acc1 57.23%
2026-06-28 06:19:39 - __main__ - INFO - 
Epoch 86/100 | lr 0.006036
2026-06-28 06:19:39 - __main__ - INFO - CAM cache hit: /content/cam_cache/cifar100/resnet18/seed42/b3/ac/b3ac3b5fc586fe53a09d1bc30b07f44d5c4bd5c309de7542e2d374d7f7987e81.pt
2026-06-28 06:19:39 - __main__ - INFO - CAM cutout window: index=25944 copy=8 cutout_mode=cam_high top=14 left=11 height=10 width=10
2026-06-28 06:19:39 - __main__ - INFO - CAM cache hit: /content/cam_cache/cifar100/resnet18/seed42/84/19/84198e47895760ba181a791ed825064d618e3751ae3993511204354d1d3415c4.pt
2026-06-28 06:19:39 - __main__ - INFO - CAM cache hit: /content/cam_cache/cifar100/resnet18/seed42/70/7a/707a14e2edcc3c610d7fdeea2384e83fdb50714ae5c0a1604382370b2bd1a4ad.pt
2026-06-28 06:19:39 - __main__ - INFO - CAM cache hit: /content/cam_cache/cifar100/resnet18/seed42/72/2a/722a651c6149927bae89814407e786f7a56ae2bb1ada5107859db43de8e5b558.pt
2026-06-28 06:19:39 - __main__ - INFO - CAM cutout window: index=43042 copy=7 cutout_mode=cam_high top=7 left=10 height=10 width=10
2026-06-28 06:19:39 - __main__ - INFO - CAM cutout window: index=21375 copy=5 cutout_mode=cam_high top=8 left=14 height=10 width=10
2026-06-28 06:19:39 - __main__ - INFO - CAM cutout window: index=20502 copy=4 cutout_mode=cam_high top=9 left=14 height=10 width=10
2026-06-28 06:19:39 - __main__ - INFO - CAM cache hit: /content/cam_cache/cifar100/resnet18/seed42/b3/82/b382465f9589b0ea366ee0103c541a071400f47240b1105f050220b7bcde7540.pt
2026-06-28 06:19:39 - __main__ - INFO - CAM cutout window: index=616 copy=6 cutout_mode=cam_high top=8 left=10 height=10 width=10
2026-06-28 06:19:39 - __main__ - INFO - CAM cache hit: /content/cam_cache/cifar100/resnet18/seed42/b0/b6/b0b638dbd7975eda17cbd1292d17f4962a3b75801beb5a6a281e985db6e4a84c.pt
2026-06-28 06:19:39 - __main__ - INFO - CAM cache hit: /content/cam_cache/cifar100/resnet18/seed42/8b/5b/8b5b04487194dc9e149aa7862620ccff45701736db678d538101e4a22e42edb0.pt
2026-06-28 06:19:39 - __main__ - INFO - CAM cutout window: index=25072 copy=8 cutout_mode=cam_high top=15 left=17 height=10 width=10
2026-06-28 06:19:39 - __main__ - INFO - CAM cutout window: index=19057 copy=3 cutout_mode=cam_high top=16 left=10 height=10 width=10
2026-06-28 06:19:39 - __main__ - INFO - CAM cache hit: /content/cam_cache/cifar100/resnet18/seed42/53/e4/53e4f762ab762125fe095fdc4e77e1a4600546ec371c632ef0855435e61e1eaf.pt
2026-06-28 06:19:39 - __main__ - INFO - CAM cutout window: index=13722 copy=8 cutout_mode=cam_high top=10 left=9 height=10 width=10
2026-06-28 06:21:41 - __main__ - INFO - Train: loss 0.2242 acc1 94.66%
2026-06-28 06:21:41 - __main__ - INFO - Val:   loss 1.8899 acc1 55.87%
2026-06-28 06:21:41 - __main__ - INFO - 
Epoch 87/100 | lr 0.005273
2026-06-28 06:21:41 - __main__ - INFO - CAM cache hit: /content/cam_cache/cifar100/resnet18/seed42/59/c9/59c97b64e187fa0801a849633548ab4644db85a71f77b050cafc3450f9cf2f04.pt
2026-06-28 06:21:41 - __main__ - INFO - CAM cache hit: /content/cam_cache/cifar100/resnet18/seed42/f8/ab/f8ab29a6d8e2c877d96fde8d3f78d04022b32ae7f7e0e98e718060d981895fef.pt
2026-06-28 06:21:41 - __main__ - INFO - CAM cutout window: index=28848 copy=3 cutout_mode=cam_high top=11 left=9 height=10 width=10
2026-06-28 06:21:41 - __main__ - INFO - CAM cutout window: index=17276 copy=8 cutout_mode=cam_high top=11 left=11 height=10 width=10
2026-06-28 06:21:41 - __main__ - INFO - CAM cache hit: /content/cam_cache/cifar100/resnet18/seed42/d2/9d/d29d26b5d481976a63081cdaed64eabf9e300f39416901bc5e863c04045bf3c1.pt
2026-06-28 06:21:41 - __main__ - INFO - CAM cutout window: index=40413 copy=1 cutout_mode=cam_high top=18 left=11 height=10 width=10
2026-06-28 06:21:41 - __main__ - INFO - CAM cache hit: /content/cam_cache/cifar100/resnet18/seed42/b1/70/b1702aab69082532093ce4f8192ed897c2bc5be8ffb35ee4e6caf10a227f0042.pt
2026-06-28 06:21:41 - __main__ - INFO - CAM cache hit: /content/cam_cache/cifar100/resnet18/seed42/3f/dc/3fdc17078da3806592e0fc425a8f81c46cdba7ca80e26b142edead8cb1d0001c.pt
2026-06-28 06:21:41 - __main__ - INFO - CAM cutout window: index=31863 copy=7 cutout_mode=cam_high top=10 left=9 height=10 width=10
2026-06-28 06:21:41 - __main__ - INFO - CAM cutout window: index=41539 copy=1 cutout_mode=cam_high top=10 left=14 height=10 width=10
2026-06-28 06:21:41 - __main__ - INFO - CAM cache hit: /content/cam_cache/cifar100/resnet18/seed42/da/b9/dab940c1612d033202e5edad12b65f47c8543d23198eedcfa1bf049f158bbe6b.pt
2026-06-28 06:21:41 - __main__ - INFO - CAM cutout window: index=10291 copy=8 cutout_mode=cam_high top=12 left=14 height=10 width=10
2026-06-28 06:21:41 - __main__ - INFO - CAM cache hit: /content/cam_cache/cifar100/resnet18/seed42/43/d9/43d9caa7677248d45b9211385b6593784ddd29291fa2d1dc804f8b21769be0e0.pt
2026-06-28 06:21:41 - __main__ - INFO - CAM cutout window: index=32824 copy=2 cutout_mode=cam_high top=14 left=9 height=10 width=10
2026-06-28 06:21:41 - __main__ - INFO - CAM cache hit: /content/cam_cache/cifar100/resnet18/seed42/4e/52/4e52a62dd1de83faeb6282cd998392a080efdf42c07b9a414627605a6b45f402.pt
2026-06-28 06:21:41 - __main__ - INFO - CAM cutout window: index=21500 copy=3 cutout_mode=cam_high top=11 left=11 height=10 width=10
2026-06-28 06:23:42 - __main__ - INFO - Train: loss 0.0049 acc1 99.98%
2026-06-28 06:23:42 - __main__ - INFO - Val:   loss 1.8654 acc1 57.26%
2026-06-28 06:23:42 - __main__ - INFO - 
Epoch 88/100 | lr 0.004559
2026-06-28 06:23:42 - __main__ - INFO - CAM cache hit: /content/cam_cache/cifar100/resnet18/seed42/10/99/109960bd2243da2639f71a879c35c94526aaea9f0e17eccd177ae5bb22bd7526.pt
2026-06-28 06:23:42 - __main__ - INFO - CAM cache hit: /content/cam_cache/cifar100/resnet18/seed42/18/88/1888061e6c488db3409059204c0b629976b33ab7cf4946899a19dbdf5029f494.pt
2026-06-28 06:23:42 - __main__ - INFO - CAM cache hit: /content/cam_cache/cifar100/resnet18/seed42/4d/c0/4dc0f9f67cd1ab902e91f50c1b1b1b5fab13bfd615121b05366b7641f278b375.pt
2026-06-28 06:23:42 - __main__ - INFO - CAM cache hit: /content/cam_cache/cifar100/resnet18/seed42/01/b7/01b7c6f32b871cf2eef31132c8c4020bf0550f57684c92da787dfcd284346fd4.pt
2026-06-28 06:23:42 - __main__ - INFO - CAM cutout window: index=40816 copy=7 cutout_mode=cam_high top=9 left=10 height=10 width=10
2026-06-28 06:23:42 - __main__ - INFO - CAM cutout window: index=44990 copy=4 cutout_mode=cam_high top=12 left=10 height=10 width=10
2026-06-28 06:23:42 - __main__ - INFO - CAM cutout window: index=34443 copy=3 cutout_mode=cam_high top=8 left=9 height=10 width=10
2026-06-28 06:23:42 - __main__ - INFO - CAM cutout window: index=24112 copy=7 cutout_mode=cam_high top=18 left=7 height=10 width=10
2026-06-28 06:23:42 - __main__ - INFO - CAM cache hit: /content/cam_cache/cifar100/resnet18/seed42/db/18/db186d9d582f6705b9002506b88cdcc5a5f3116a1bdde8cf91244d2c96236e08.pt
2026-06-28 06:23:42 - __main__ - INFO - CAM cache hit: /content/cam_cache/cifar100/resnet18/seed42/3c/65/3c65dafb927e9202473f5d59733c65c79382bd0393b4bb4ce77105e4a57b7fdf.pt
2026-06-28 06:23:42 - __main__ - INFO - CAM cutout window: index=9983 copy=5 cutout_mode=cam_high top=10 left=11 height=10 width=10
2026-06-28 06:23:42 - __main__ - INFO - CAM cache hit: /content/cam_cache/cifar100/resnet18/seed42/5f/b8/5fb8d4622a7b7c779ee0ff76eaac45c6a5bd4f2a83b6f520ee83979dd2da01fe.pt
2026-06-28 06:23:42 - __main__ - INFO - CAM cutout window: index=29776 copy=2 cutout_mode=cam_high top=11 left=9 height=10 width=10
2026-06-28 06:23:42 - __main__ - INFO - CAM cutout window: index=21285 copy=3 cutout_mode=cam_high top=9 left=9 height=10 width=10
2026-06-28 06:23:42 - __main__ - INFO - CAM cache hit: /content/cam_cache/cifar100/resnet18/seed42/71/b6/71b64bf138a8ff34a9a4bd9354d2db3bbba295c1c66cc7b52bd51313a70503fb.pt
2026-06-28 06:23:42 - __main__ - INFO - CAM cutout window: index=28700 copy=5 cutout_mode=cam_high top=14 left=5 height=10 width=10
2026-06-28 06:25:44 - __main__ - INFO - Train: loss 0.0049 acc1 99.98%
2026-06-28 06:25:44 - __main__ - INFO - Val:   loss 1.8751 acc1 57.94%
2026-06-28 06:25:44 - __main__ - INFO - saved best: 57.94%
2026-06-28 06:25:44 - __main__ - INFO - 
Epoch 89/100 | lr 0.003895
2026-06-28 06:25:44 - __main__ - INFO - CAM cache hit: /content/cam_cache/cifar100/resnet18/seed42/f9/a3/f9a38a63fadac49f549a01325ba8bce7bc6a7751c6385c0afb9ed00230c4b7ca.pt
2026-06-28 06:25:44 - __main__ - INFO - CAM cache hit: /content/cam_cache/cifar100/resnet18/seed42/d8/2c/d82cd5647c63fb39b16965ab8ccd62d1259628affb04b37d248f9d4bff97c651.pt
2026-06-28 06:25:44 - __main__ - INFO - CAM cutout window: index=30675 copy=3 cutout_mode=cam_high top=5 left=5 height=10 width=10
2026-06-28 06:25:44 - __main__ - INFO - CAM cutout window: index=16750 copy=3 cutout_mode=cam_high top=16 left=12 height=10 width=10
2026-06-28 06:25:44 - __main__ - INFO - CAM cache hit: /content/cam_cache/cifar100/resnet18/seed42/29/89/298974735e72094e26622932085e1abcf03b0f4b5aa433ecfa6bb4bb4048e652.pt
2026-06-28 06:25:44 - __main__ - INFO - CAM cache hit: /content/cam_cache/cifar100/resnet18/seed42/09/3e/093e9d13101728e907d166176961779a680ee83eb8f81481900f12745815423a.pt
2026-06-28 06:25:44 - __main__ - INFO - CAM cutout window: index=34911 copy=1 cutout_mode=cam_high top=9 left=12 height=10 width=10
2026-06-28 06:25:44 - __main__ - INFO - CAM cache hit: /content/cam_cache/cifar100/resnet18/seed42/3c/10/3c10ab6e6412f8629c71e5a45cef47905b81c7b2f412f90f37360e3a85f101f9.pt
2026-06-28 06:25:44 - __main__ - INFO - CAM cache hit: /content/cam_cache/cifar100/resnet18/seed42/d9/4e/d94eac3a9511f94222b47ecf130656a3d6ccd0b195cb389622f56b6ad95c12ad.pt
2026-06-28 06:25:44 - __main__ - INFO - CAM cutout window: index=40359 copy=6 cutout_mode=cam_high top=21 left=11 height=10 width=10
2026-06-28 06:25:44 - __main__ - INFO - CAM cutout window: index=40341 copy=8 cutout_mode=cam_high top=11 left=7 height=10 width=10
2026-06-28 06:25:44 - __main__ - INFO - CAM cutout window: index=10361 copy=1 cutout_mode=cam_high top=13 left=9 height=10 width=10
2026-06-28 06:25:44 - __main__ - INFO - CAM cache hit: /content/cam_cache/cifar100/resnet18/seed42/85/80/85809dcbfc2c2072c5a42878e9469df9be5fb333249fecc9b1bb3617e2b50ef2.pt
2026-06-28 06:25:44 - __main__ - INFO - CAM cutout window: index=4189 copy=5 cutout_mode=cam_high top=14 left=14 height=10 width=10
2026-06-28 06:25:44 - __main__ - INFO - CAM cache hit: /content/cam_cache/cifar100/resnet18/seed42/7a/76/7a765faea05f03d5ea3937c696396e8f7632b3c99f4460ca923e3c7b25535b48.pt
2026-06-28 06:25:44 - __main__ - INFO - CAM cutout window: index=16151 copy=4 cutout_mode=cam_high top=8 left=12 height=10 width=10
2026-06-28 06:27:46 - __main__ - INFO - Train: loss 0.0057 acc1 99.98%
2026-06-28 06:27:46 - __main__ - INFO - Val:   loss 1.9068 acc1 57.92%
2026-06-28 06:27:46 - __main__ - INFO - 
Epoch 90/100 | lr 0.003281
2026-06-28 06:27:46 - __main__ - INFO - CAM cache hit: /content/cam_cache/cifar100/resnet18/seed42/91/3b/913baca24ee6df30f9f4ce52b7822977a16b1a73159b6d73eae9c103f3536d95.pt
2026-06-28 06:27:46 - __main__ - INFO - CAM cache hit: /content/cam_cache/cifar100/resnet18/seed42/80/a7/80a7a410db8121214cd960ab0141a0fd3a295394828e8dc2cb1ce1aac480d3ce.pt
2026-06-28 06:27:46 - __main__ - INFO - CAM cutout window: index=31185 copy=4 cutout_mode=cam_high top=10 left=14 height=10 width=10
2026-06-28 06:27:46 - __main__ - INFO - CAM cache hit: /content/cam_cache/cifar100/resnet18/seed42/04/cb/04cb9889425bc1cfd353658fb3e49b1db4a5c401c7783eb7a521b37eef74ef40.pt
2026-06-28 06:27:46 - __main__ - INFO - CAM cutout window: index=17368 copy=7 cutout_mode=cam_high top=12 left=15 height=10 width=10
2026-06-28 06:27:46 - __main__ - INFO - CAM cache hit: /content/cam_cache/cifar100/resnet18/seed42/39/09/39095b6474fbf2fe8a0708dac4bb78eeb1e79862c93efe2ae7ea08b9d012e9d3.pt
2026-06-28 06:27:46 - __main__ - INFO - CAM cutout window: index=6511 copy=6 cutout_mode=cam_high top=10 left=5 height=10 width=10
2026-06-28 06:27:46 - __main__ - INFO - CAM cutout window: index=30688 copy=8 cutout_mode=cam_high top=11 left=15 height=10 width=10
2026-06-28 06:27:46 - __main__ - INFO - CAM cache hit: /content/cam_cache/cifar100/resnet18/seed42/14/82/1482785bb95192a50d0c63a241e8106c5f80c862c7bb6b760f3a8122d6a21b72.pt
2026-06-28 06:27:46 - __main__ - INFO - CAM cache hit: /content/cam_cache/cifar100/resnet18/seed42/23/5e/235e9d671794a226d849210cbdb3a5519ab59e80e461ba40888e9a40d2a42c01.pt
2026-06-28 06:27:46 - __main__ - INFO - CAM cache hit: /content/cam_cache/cifar100/resnet18/seed42/d9/e5/d9e5f4ad36758cef177177571a40d7934f2148644be8618cc2aeeb2cbeae1536.pt
2026-06-28 06:27:46 - __main__ - INFO - CAM cutout window: index=44440 copy=8 cutout_mode=cam_high top=9 left=13 height=10 width=10
2026-06-28 06:27:46 - __main__ - INFO - CAM cutout window: index=43652 copy=4 cutout_mode=cam_high top=9 left=13 height=10 width=10
2026-06-28 06:27:46 - __main__ - INFO - CAM cutout window: index=44650 copy=4 cutout_mode=cam_high top=13 left=8 height=10 width=10
2026-06-28 06:27:46 - __main__ - INFO - CAM cache hit: /content/cam_cache/cifar100/resnet18/seed42/69/9c/699ce479c0830ff7fc10b74ad6014da077e49d96ab8dbcee1c2529093ef3b2a3.pt
2026-06-28 06:27:46 - __main__ - INFO - CAM cutout window: index=5847 copy=6 cutout_mode=cam_high top=14 left=10 height=10 width=10
2026-06-28 06:29:48 - __main__ - INFO - Train: loss 0.0061 acc1 99.99%
2026-06-28 06:29:48 - __main__ - INFO - Val:   loss 1.9393 acc1 57.20%
2026-06-28 06:29:48 - __main__ - INFO - 
Epoch 91/100 | lr 0.002719
2026-06-28 06:29:48 - __main__ - INFO - CAM cache hit: /content/cam_cache/cifar100/resnet18/seed42/a6/11/a61106b7db0d868e4c8e85e0fd737a4b76640c5c83ab2fc8fa7fe753a0975136.pt
2026-06-28 06:29:48 - __main__ - INFO - CAM cache hit: /content/cam_cache/cifar100/resnet18/seed42/4e/ff/4eff1ff9142691ac63c64539d7bc0c7c2b241778c80d2e094cdb2aba50a51d29.pt
2026-06-28 06:29:48 - __main__ - INFO - CAM cache hit: /content/cam_cache/cifar100/resnet18/seed42/c4/a5/c4a544d04a10c69b6e959cef2c5df62a7f25ac1bd803e8d38832db4eab40bef9.pt
2026-06-28 06:29:48 - __main__ - INFO - CAM cutout window: index=31216 copy=1 cutout_mode=cam_high top=10 left=10 height=10 width=10
2026-06-28 06:29:48 - __main__ - INFO - CAM cache hit: /content/cam_cache/cifar100/resnet18/seed42/18/d7/18d7e4920cb89dbacbbbdf213107799f65c3a7219a73e3fc99bafb01346bb7be.pt
2026-06-28 06:29:48 - __main__ - INFO - CAM cutout window: index=27495 copy=7 cutout_mode=cam_high top=11 left=9 height=10 width=10
2026-06-28 06:29:48 - __main__ - INFO - CAM cutout window: index=2384 copy=8 cutout_mode=cam_high top=7 left=12 height=10 width=10
2026-06-28 06:29:48 - __main__ - INFO - CAM cutout window: index=12017 copy=5 cutout_mode=cam_high top=12 left=11 height=10 width=10
2026-06-28 06:29:48 - __main__ - INFO - CAM cache hit: /content/cam_cache/cifar100/resnet18/seed42/f8/14/f8148c87887c09aaeeea48b4a933984f2a68ea9eaa65a8221cde615e22782f4f.pt
2026-06-28 06:29:48 - __main__ - INFO - CAM cutout window: index=7020 copy=7 cutout_mode=cam_high top=10 left=10 height=10 width=10
2026-06-28 06:29:48 - __main__ - INFO - CAM cache hit: /content/cam_cache/cifar100/resnet18/seed42/ed/b6/edb6b1b2a545e9e89aaf5a8aff3ff9d9061f89167dd4d44973fd0ac344326508.pt
2026-06-28 06:29:48 - __main__ - INFO - CAM cache hit: /content/cam_cache/cifar100/resnet18/seed42/fa/fd/fafd76279d7557af30f0fefe559285d19aa3d3615250d7289950126f32036fbb.pt
2026-06-28 06:29:48 - __main__ - INFO - CAM cache hit: /content/cam_cache/cifar100/resnet18/seed42/bd/87/bd872dbc8e25203cd11a99d14ad52d9b8e1f3fe99e97b8b99d4693637b45a0c9.pt
2026-06-28 06:29:48 - __main__ - INFO - CAM cutout window: index=7626 copy=1 cutout_mode=cam_high top=11 left=16 height=10 width=10
2026-06-28 06:29:48 - __main__ - INFO - CAM cutout window: index=26015 copy=4 cutout_mode=cam_high top=10 left=11 height=10 width=10
2026-06-28 06:29:48 - __main__ - INFO - CAM cutout window: index=4914 copy=1 cutout_mode=cam_high top=9 left=14 height=10 width=10
2026-06-28 06:31:50 - __main__ - INFO - Train: loss 0.0065 acc1 99.99%
2026-06-28 06:31:50 - __main__ - INFO - Val:   loss 1.9657 acc1 57.17%
2026-06-28 06:31:50 - __main__ - INFO - 
Epoch 92/100 | lr 0.002208
2026-06-28 06:31:50 - __main__ - INFO - CAM cache hit: /content/cam_cache/cifar100/resnet18/seed42/ed/c5/edc571c5835198a71be766763101c5f6d312617a4db6e0e20e82a4abcb04b3e8.pt
2026-06-28 06:31:50 - __main__ - INFO - CAM cache hit: /content/cam_cache/cifar100/resnet18/seed42/d4/b7/d4b71a1baef9cb6e0aa5931efa3ba79b7ee83f3e52f785ed3c68816c19a4c843.pt
2026-06-28 06:31:50 - __main__ - INFO - CAM cache hit: /content/cam_cache/cifar100/resnet18/seed42/81/68/81680c03128784042136a606c24aa0b20c52981ef7d80ac54e04ffb9f72af5c7.pt
2026-06-28 06:31:50 - __main__ - INFO - CAM cutout window: index=33206 copy=7 cutout_mode=cam_high top=13 left=10 height=10 width=10
2026-06-28 06:31:50 - __main__ - INFO - CAM cutout window: index=14582 copy=7 cutout_mode=cam_high top=10 left=9 height=10 width=10
2026-06-28 06:31:50 - __main__ - INFO - CAM cache hit: /content/cam_cache/cifar100/resnet18/seed42/41/65/4165ef8df9666e5e174675e02d735ecd2de24e8dc2b60da566435c9a0408e118.pt
2026-06-28 06:31:50 - __main__ - INFO - CAM cutout window: index=42854 copy=3 cutout_mode=cam_high top=10 left=9 height=10 width=10
2026-06-28 06:31:50 - __main__ - INFO - CAM cutout window: index=29778 copy=8 cutout_mode=cam_high top=12 left=9 height=10 width=10
2026-06-28 06:31:50 - __main__ - INFO - CAM cache hit: /content/cam_cache/cifar100/resnet18/seed42/54/54/5454356d2c4f6800648dea42b19afd503dce1e614fc1f700f6692e385d54a4c8.pt
2026-06-28 06:31:50 - __main__ - INFO - CAM cache hit: /content/cam_cache/cifar100/resnet18/seed42/6d/1a/6d1ae79bb3032582ea3cb06edf2a246593cde2400080fb379968864fa189ef34.pt
2026-06-28 06:31:50 - __main__ - INFO - CAM cache hit: /content/cam_cache/cifar100/resnet18/seed42/b8/68/b868f14239edd6e5eb073c4763492c9d478f015cb2dad4c93d317d483d7e7c61.pt
2026-06-28 06:31:50 - __main__ - INFO - CAM cutout window: index=4621 copy=6 cutout_mode=cam_high top=9 left=13 height=10 width=10
2026-06-28 06:31:50 - __main__ - INFO - CAM cutout window: index=41394 copy=6 cutout_mode=cam_high top=10 left=10 height=10 width=10
2026-06-28 06:31:50 - __main__ - INFO - CAM cutout window: index=24878 copy=7 cutout_mode=cam_high top=13 left=11 height=10 width=10
2026-06-28 06:31:50 - __main__ - INFO - CAM cache hit: /content/cam_cache/cifar100/resnet18/seed42/87/57/8757fe2ae498254ab1cff046478e7f43f74f03219be44c480c765d1ad88f9331.pt
2026-06-28 06:31:50 - __main__ - INFO - CAM cutout window: index=3296 copy=8 cutout_mode=cam_high top=9 left=14 height=10 width=10
2026-06-28 06:33:52 - __main__ - INFO - Train: loss 0.0067 acc1 99.99%
2026-06-28 06:33:52 - __main__ - INFO - Val:   loss 1.9822 acc1 57.20%
2026-06-28 06:33:52 - __main__ - INFO - 
Epoch 93/100 | lr 0.001749
2026-06-28 06:33:52 - __main__ - INFO - CAM cache hit: /content/cam_cache/cifar100/resnet18/seed42/d4/c0/d4c07591be4548c7cf305ce2cc37ba919825e151abe8acbbf1d25ea6c8ecc2c8.pt
2026-06-28 06:33:52 - __main__ - INFO - CAM cache hit: /content/cam_cache/cifar100/resnet18/seed42/13/0d/130de10d6da6ab43288be248fe3d54c55607f9048561e4fd9a9a9576b7dd524d.pt
2026-06-28 06:33:52 - __main__ - INFO - CAM cache hit: /content/cam_cache/cifar100/resnet18/seed42/93/e7/93e729d37fcc51cf1fe79860ed7fa183fdffa8e13341683f034a3915b9ed5313.pt
2026-06-28 06:33:52 - __main__ - INFO - CAM cache hit: /content/cam_cache/cifar100/resnet18/seed42/23/a6/23a6554112090410d7e6ca7151fdb54c79c88145e529149331512ce51f148bcd.pt
2026-06-28 06:33:52 - __main__ - INFO - CAM cutout window: index=1885 copy=4 cutout_mode=cam_high top=13 left=11 height=10 width=10
2026-06-28 06:33:52 - __main__ - INFO - CAM cutout window: index=10120 copy=1 cutout_mode=cam_high top=7 left=4 height=10 width=10
2026-06-28 06:33:52 - __main__ - INFO - CAM cutout window: index=43109 copy=8 cutout_mode=cam_high top=6 left=12 height=10 width=10
2026-06-28 06:33:52 - __main__ - INFO - CAM cutout window: index=23681 copy=8 cutout_mode=cam_high top=7 left=12 height=10 width=10
2026-06-28 06:33:52 - __main__ - INFO - CAM cache hit: /content/cam_cache/cifar100/resnet18/seed42/45/de/45de638844c89bdb5b616fdbc7858b8f3cefefe113cfdbcd80a3b072545b9e51.pt
2026-06-28 06:33:52 - __main__ - INFO - CAM cache hit: /content/cam_cache/cifar100/resnet18/seed42/17/5c/175cec317b09a2a901a6ec43ddc7ca3a60b21a6ee573af32fcc23185ad594465.pt
2026-06-28 06:33:52 - __main__ - INFO - CAM cache hit: /content/cam_cache/cifar100/resnet18/seed42/52/d6/52d67e0dc310679c4c930c43e4f789076fa22a8288ebcbff4f015620f17cd7d4.pt
2026-06-28 06:33:52 - __main__ - INFO - CAM cutout window: index=12855 copy=6 cutout_mode=cam_high top=16 left=10 height=10 width=10
2026-06-28 06:33:52 - __main__ - INFO - CAM cutout window: index=21579 copy=4 cutout_mode=cam_high top=13 left=16 height=10 width=10
2026-06-28 06:33:52 - __main__ - INFO - CAM cutout window: index=1877 copy=2 cutout_mode=cam_high top=9 left=8 height=10 width=10
2026-06-28 06:33:52 - __main__ - INFO - CAM cache hit: /content/cam_cache/cifar100/resnet18/seed42/93/ad/93ad192f6af5bb92a46016a3887d430033872d3151388b5c60d8ab7b66c9d58f.pt
2026-06-28 06:33:52 - __main__ - INFO - CAM cutout window: index=13759 copy=7 cutout_mode=cam_high top=10 left=8 height=10 width=10
2026-06-28 06:35:53 - __main__ - INFO - Train: loss 0.0068 acc1 99.99%
2026-06-28 06:35:53 - __main__ - INFO - Val:   loss 1.9973 acc1 57.12%
2026-06-28 06:35:53 - __main__ - INFO - 
Epoch 94/100 | lr 0.001344
2026-06-28 06:35:54 - __main__ - INFO - CAM cache hit: /content/cam_cache/cifar100/resnet18/seed42/c7/ea/c7ea2a09196172b3df388a54061ffa3bfa85c7ab9e5c0507bcc537e40dc9f806.pt
2026-06-28 06:35:54 - __main__ - INFO - CAM cache hit: /content/cam_cache/cifar100/resnet18/seed42/42/28/4228564b857e42c044dd79f4e57892a7f1d1b7e998e5953fcc2f8e0d90188b22.pt
2026-06-28 06:35:54 - __main__ - INFO - CAM cache hit: /content/cam_cache/cifar100/resnet18/seed42/cb/df/cbdfeb7bf7f73a191bed206aede7df350cde659fec4d0368dcd24914a7d92a59.pt
2026-06-28 06:35:54 - __main__ - INFO - CAM cutout window: index=24288 copy=6 cutout_mode=cam_high top=14 left=10 height=10 width=10
2026-06-28 06:35:54 - __main__ - INFO - CAM cutout window: index=16594 copy=2 cutout_mode=cam_high top=12 left=13 height=10 width=10
2026-06-28 06:35:54 - __main__ - INFO - CAM cache hit: /content/cam_cache/cifar100/resnet18/seed42/5c/9a/5c9a296833830658f71afc88b63c5cf76c5a3e30403fc78734e2fb298cd21843.pt
2026-06-28 06:35:54 - __main__ - INFO - CAM cutout window: index=23256 copy=7 cutout_mode=cam_high top=13 left=11 height=10 width=10
2026-06-28 06:35:54 - __main__ - INFO - CAM cutout window: index=40257 copy=6 cutout_mode=cam_high top=13 left=8 height=10 width=10
2026-06-28 06:35:54 - __main__ - INFO - CAM cache hit: /content/cam_cache/cifar100/resnet18/seed42/73/c1/73c1ae79d7d1deaf654b549f5cc547bf82f4a43ee9a1a43e53999cca4be18279.pt
2026-06-28 06:35:54 - __main__ - INFO - CAM cache hit: /content/cam_cache/cifar100/resnet18/seed42/d8/25/d8259eca16c73211ba574a9298f945913e94bac71779dc23b51f0d16fdb3f62c.pt
2026-06-28 06:35:54 - __main__ - INFO - CAM cutout window: index=9996 copy=3 cutout_mode=cam_high top=11 left=15 height=10 width=10
2026-06-28 06:35:54 - __main__ - INFO - CAM cache hit: /content/cam_cache/cifar100/resnet18/seed42/fb/35/fb35178497155fd7c537c89d90705a09ec2d10ab1da0e2655eaeeac17391ecb7.pt
2026-06-28 06:35:54 - __main__ - INFO - CAM cache hit: /content/cam_cache/cifar100/resnet18/seed42/62/c3/62c3d8dda7af56f3c88d796c5c926931218293a6957d9131a9ae2ea95aa9748c.pt
2026-06-28 06:35:54 - __main__ - INFO - CAM cutout window: index=5842 copy=3 cutout_mode=cam_high top=7 left=6 height=10 width=10
2026-06-28 06:35:54 - __main__ - INFO - CAM cutout window: index=10282 copy=1 cutout_mode=cam_high top=14 left=10 height=10 width=10
2026-06-28 06:35:54 - __main__ - INFO - CAM cutout window: index=32367 copy=7 cutout_mode=cam_high top=8 left=13 height=10 width=10
2026-06-28 06:37:55 - __main__ - INFO - Train: loss 0.0067 acc1 99.99%
2026-06-28 06:37:55 - __main__ - INFO - Val:   loss 2.0086 acc1 57.20%
2026-06-28 06:37:55 - __main__ - INFO - 
Epoch 95/100 | lr 0.000991
2026-06-28 06:37:55 - __main__ - INFO - CAM cache hit: /content/cam_cache/cifar100/resnet18/seed42/6b/5c/6b5c3855ebf9e913b7be70b767abb4f07cf527a5ecd26d984b0c6f8b7a58e330.pt
2026-06-28 06:37:55 - __main__ - INFO - CAM cache hit: /content/cam_cache/cifar100/resnet18/seed42/85/13/85134898c1007329c7a4a2233a751db927e60329e59609ced7ae0ddf55a196bf.pt
2026-06-28 06:37:55 - __main__ - INFO - CAM cache hit: /content/cam_cache/cifar100/resnet18/seed42/ab/89/ab89ef9254824864d117730ed3670af53be792b2725c4ebf5205dfc418f5290e.pt
2026-06-28 06:37:55 - __main__ - INFO - CAM cutout window: index=44204 copy=6 cutout_mode=cam_high top=15 left=9 height=10 width=10
2026-06-28 06:37:55 - __main__ - INFO - CAM cutout window: index=32706 copy=8 cutout_mode=cam_high top=11 left=12 height=10 width=10
2026-06-28 06:37:55 - __main__ - INFO - CAM cutout window: index=33732 copy=8 cutout_mode=cam_high top=9 left=9 height=10 width=10
2026-06-28 06:37:55 - __main__ - INFO - CAM cache hit: /content/cam_cache/cifar100/resnet18/seed42/9b/2c/9b2c1909fe5e7b65f6118e5c7dbf6c80a76d82773fb5144b2c86999c5e9b266d.pt
2026-06-28 06:37:55 - __main__ - INFO - CAM cutout window: index=43227 copy=5 cutout_mode=cam_high top=9 left=14 height=10 width=10
2026-06-28 06:37:55 - __main__ - INFO - CAM cache hit: /content/cam_cache/cifar100/resnet18/seed42/c3/d7/c3d76fd68d385de596d7004a35a83d212b45b2605c6f21d72ec06fb9b255b093.pt
2026-06-28 06:37:55 - __main__ - INFO - CAM cache hit: /content/cam_cache/cifar100/resnet18/seed42/5a/88/5a88609e3105b705dfbca5d30ba97f97736b3a1f232b15ba2c645985c3d109b0.pt
2026-06-28 06:37:55 - __main__ - INFO - CAM cutout window: index=18069 copy=5 cutout_mode=cam_high top=8 left=12 height=10 width=10
2026-06-28 06:37:55 - __main__ - INFO - CAM cutout window: index=27334 copy=6 cutout_mode=cam_high top=11 left=8 height=10 width=10
2026-06-28 06:37:55 - __main__ - INFO - CAM cache hit: /content/cam_cache/cifar100/resnet18/seed42/b5/81/b581b43fe85e007004ff870c65308ad491d5d065932acaba54c054d78473266b.pt
2026-06-28 06:37:55 - __main__ - INFO - CAM cutout window: index=11797 copy=5 cutout_mode=cam_high top=11 left=8 height=10 width=10
2026-06-28 06:37:55 - __main__ - INFO - CAM cache hit: /content/cam_cache/cifar100/resnet18/seed42/55/df/55dfb0d2f09852250a73f206f496413d6641c466996763d9e4374dfcf92b4b05.pt
2026-06-28 06:37:55 - __main__ - INFO - CAM cutout window: index=2958 copy=5 cutout_mode=cam_high top=13 left=12 height=10 width=10
2026-06-28 06:39:57 - __main__ - INFO - Train: loss 0.0067 acc1 99.99%
2026-06-28 06:39:57 - __main__ - INFO - Val:   loss 2.0101 acc1 57.01%
2026-06-28 06:39:57 - __main__ - INFO - 
Epoch 96/100 | lr 0.000692
2026-06-28 06:39:57 - __main__ - INFO - CAM cache hit: /content/cam_cache/cifar100/resnet18/seed42/ce/70/ce705a5945538b1a69e27f0ec986e36b5436e2425a45975601746f0d0a51a5bc.pt
2026-06-28 06:39:57 - __main__ - INFO - CAM cache hit: /content/cam_cache/cifar100/resnet18/seed42/c7/d4/c7d4b38b2ac1cb44e784571320b8d3c7948025219c1afd56d743a84d239543f5.pt
2026-06-28 06:39:57 - __main__ - INFO - CAM cache hit: /content/cam_cache/cifar100/resnet18/seed42/5f/a2/5fa2f4bbef18e7225187c8dd4987c31a965f80c7ba177bb7f3569b20910bcbea.pt
2026-06-28 06:39:57 - __main__ - INFO - CAM cache hit: /content/cam_cache/cifar100/resnet18/seed42/e8/e6/e8e6359c8f5483e159d0621e0032e395658a13bf5294dc0fb81f2a09ce72a157.pt
2026-06-28 06:39:57 - __main__ - INFO - CAM cutout window: index=33977 copy=5 cutout_mode=cam_high top=9 left=15 height=10 width=10
2026-06-28 06:39:57 - __main__ - INFO - CAM cutout window: index=21464 copy=3 cutout_mode=cam_high top=13 left=11 height=10 width=10
2026-06-28 06:39:57 - __main__ - INFO - CAM cutout window: index=22907 copy=8 cutout_mode=cam_high top=9 left=12 height=10 width=10
2026-06-28 06:39:57 - __main__ - INFO - CAM cutout window: index=11098 copy=7 cutout_mode=cam_high top=14 left=11 height=10 width=10
2026-06-28 06:39:57 - __main__ - INFO - CAM cache hit: /content/cam_cache/cifar100/resnet18/seed42/89/85/8985ae2110128281ba9895059f0647f6dcfd72c6fa442d283f73e8b874f04959.pt
2026-06-28 06:39:57 - __main__ - INFO - CAM cache hit: /content/cam_cache/cifar100/resnet18/seed42/b2/31/b23113010c07821c3d5606b33e66e0ab17c46dae1c06b8d1f298f18d4dc6fa13.pt
2026-06-28 06:39:57 - __main__ - INFO - CAM cache hit: /content/cam_cache/cifar100/resnet18/seed42/48/17/4817489d3ffa6bef3d682b10d5dd8fe537e779305d0b7dafa489a12fb7b39458.pt
2026-06-28 06:39:57 - __main__ - INFO - CAM cutout window: index=5082 copy=4 cutout_mode=cam_high top=15 left=9 height=10 width=10
2026-06-28 06:39:57 - __main__ - INFO - CAM cutout window: index=4363 copy=7 cutout_mode=cam_high top=8 left=14 height=10 width=10
2026-06-28 06:39:57 - __main__ - INFO - CAM cache hit: /content/cam_cache/cifar100/resnet18/seed42/2c/e6/2ce6efab35647dd75ad3325fc08ddf7287fa45e7f6eb08edccfede73853dd482.pt
2026-06-28 06:39:57 - __main__ - INFO - CAM cutout window: index=7401 copy=4 cutout_mode=cam_high top=15 left=11 height=10 width=10
2026-06-28 06:39:57 - __main__ - INFO - CAM cutout window: index=2205 copy=2 cutout_mode=cam_high top=8 left=12 height=10 width=10
2026-06-28 06:41:59 - __main__ - INFO - Train: loss 0.0067 acc1 99.99%
2026-06-28 06:41:59 - __main__ - INFO - Val:   loss 2.0272 acc1 56.87%
2026-06-28 06:41:59 - __main__ - INFO - 
Epoch 97/100 | lr 0.000447
2026-06-28 06:41:59 - __main__ - INFO - CAM cache hit: /content/cam_cache/cifar100/resnet18/seed42/cc/b3/ccb3430dce1e9f232fdec570fa53e27d0c2e68f4b67bf6f6eee3a0b6ffc438ef.pt
2026-06-28 06:41:59 - __main__ - INFO - CAM cache hit: /content/cam_cache/cifar100/resnet18/seed42/07/ee/07eefe1daf14ee03d05eb79d1c189c4eda57b7d50d23c65d4e44ea550ddc078c.pt
2026-06-28 06:41:59 - __main__ - INFO - CAM cache hit: /content/cam_cache/cifar100/resnet18/seed42/2e/e7/2ee7ffcfdf4345506b3c482a83ea0f36ba5b898e5cc480e0f1f102bfbacd5db6.pt
2026-06-28 06:41:59 - __main__ - INFO - CAM cutout window: index=31919 copy=7 cutout_mode=cam_high top=10 left=17 height=10 width=10
2026-06-28 06:41:59 - __main__ - INFO - CAM cache hit: /content/cam_cache/cifar100/resnet18/seed42/73/5a/735ad8e2f235c06b649ece0afdb741a7129c50b6c1685d38840edfca1d1d28b4.pt
2026-06-28 06:41:59 - __main__ - INFO - CAM cutout window: index=2223 copy=1 cutout_mode=cam_high top=10 left=14 height=10 width=10
2026-06-28 06:41:59 - __main__ - INFO - CAM cutout window: index=18902 copy=8 cutout_mode=cam_high top=14 left=12 height=10 width=10
2026-06-28 06:41:59 - __main__ - INFO - CAM cutout window: index=8724 copy=7 cutout_mode=cam_high top=9 left=14 height=10 width=10
2026-06-28 06:41:59 - __main__ - INFO - CAM cache hit: /content/cam_cache/cifar100/resnet18/seed42/c2/69/c269b8d19bf2d27b9facb6bd470541e35c3507a7a62ebd0a377284eccdf9e1d7.pt
2026-06-28 06:41:59 - __main__ - INFO - CAM cache hit: /content/cam_cache/cifar100/resnet18/seed42/de/b1/deb1e0500cbd9d436445993e259eabf8536b33f26627033eb6175a5be1e9f280.pt
2026-06-28 06:41:59 - __main__ - INFO - CAM cutout window: index=39690 copy=1 cutout_mode=cam_high top=1 left=9 height=10 width=10
2026-06-28 06:41:59 - __main__ - INFO - CAM cache hit: /content/cam_cache/cifar100/resnet18/seed42/d7/32/d732bcd1d3c4d0203630ef107845b0977dfecbfb2ca7ce0eb00e00b0815f27fd.pt
2026-06-28 06:41:59 - __main__ - INFO - CAM cutout window: index=21073 copy=3 cutout_mode=cam_high top=8 left=9 height=10 width=10
2026-06-28 06:41:59 - __main__ - INFO - CAM cache hit: /content/cam_cache/cifar100/resnet18/seed42/c1/92/c1922abcfde3cc8ee36eadd93879709c836d40bf0e5d9c17463b340b8bcb34c5.pt
2026-06-28 06:41:59 - __main__ - INFO - CAM cutout window: index=12826 copy=2 cutout_mode=cam_high top=8 left=10 height=10 width=10
2026-06-28 06:41:59 - __main__ - INFO - CAM cutout window: index=29089 copy=2 cutout_mode=cam_high top=12 left=10 height=10 width=10
2026-06-28 06:44:01 - __main__ - INFO - Train: loss 0.0067 acc1 99.99%
2026-06-28 06:44:01 - __main__ - INFO - Val:   loss 2.0208 acc1 56.36%
2026-06-28 06:44:01 - __main__ - INFO - 
Epoch 98/100 | lr 0.000256
2026-06-28 06:44:01 - __main__ - INFO - CAM cache hit: /content/cam_cache/cifar100/resnet18/seed42/c7/dd/c7dd42ac825764040918c6c77baca267477afe206a6f7b5b1af6db12514aaa9b.pt
2026-06-28 06:44:01 - __main__ - INFO - CAM cache hit: /content/cam_cache/cifar100/resnet18/seed42/08/ac/08aca5eea2bcc012923a36f4dac34791e8e5c0dd8bdfbad43e8e065d5d942b14.pt
2026-06-28 06:44:01 - __main__ - INFO - CAM cache hit: /content/cam_cache/cifar100/resnet18/seed42/5b/c5/5bc5690debd9109781df7aebf029afe93c13eec979b122f4e44240db80b1e6da.pt
2026-06-28 06:44:01 - __main__ - INFO - CAM cutout window: index=16738 copy=8 cutout_mode=cam_high top=13 left=13 height=10 width=10
2026-06-28 06:44:01 - __main__ - INFO - CAM cutout window: index=22973 copy=3 cutout_mode=cam_high top=11 left=13 height=10 width=10
2026-06-28 06:44:01 - __main__ - INFO - CAM cutout window: index=7331 copy=3 cutout_mode=cam_high top=13 left=13 height=10 width=10
2026-06-28 06:44:01 - __main__ - INFO - CAM cache hit: /content/cam_cache/cifar100/resnet18/seed42/d9/9e/d99ead7a17864fa979227afc363f21f7fe563a6b572e10e153cebee2ba5ffa8d.pt
2026-06-28 06:44:01 - __main__ - INFO - CAM cutout window: index=32944 copy=4 cutout_mode=cam_high top=12 left=11 height=10 width=10
2026-06-28 06:44:01 - __main__ - INFO - CAM cache hit: /content/cam_cache/cifar100/resnet18/seed42/4e/c0/4ec056a27529dc88450175e2e643c163c065a21ffd46d2ebdcb76b0791de6533.pt
2026-06-28 06:44:01 - __main__ - INFO - CAM cache hit: /content/cam_cache/cifar100/resnet18/seed42/64/94/6494ce15192c8bd37ac3e67e84ed7e4178cedf72ddb98ad3a882a7f1d246a00a.pt
2026-06-28 06:44:01 - __main__ - INFO - CAM cache hit: /content/cam_cache/cifar100/resnet18/seed42/cf/04/cf047882072d3dd6fe220671f1fb9b674e1a2b83d4e0705d3ab55389c528e1ff.pt
2026-06-28 06:44:01 - __main__ - INFO - CAM cutout window: index=38883 copy=5 cutout_mode=cam_high top=11 left=8 height=10 width=10
2026-06-28 06:44:01 - __main__ - INFO - CAM cutout window: index=42644 copy=5 cutout_mode=cam_high top=12 left=15 height=10 width=10
2026-06-28 06:44:01 - __main__ - INFO - CAM cutout window: index=28911 copy=5 cutout_mode=cam_high top=11 left=13 height=10 width=10
2026-06-28 06:44:01 - __main__ - INFO - CAM cache hit: /content/cam_cache/cifar100/resnet18/seed42/a3/15/a315b296152ffe9efdf091c70694116ddd069b282458e85fa147c08ede82c44d.pt
2026-06-28 06:44:01 - __main__ - INFO - CAM cutout window: index=35482 copy=8 cutout_mode=cam_high top=9 left=10 height=10 width=10
2026-06-28 06:46:03 - __main__ - INFO - Train: loss 0.0067 acc1 99.99%
2026-06-28 06:46:03 - __main__ - INFO - Val:   loss 2.0236 acc1 56.91%
2026-06-28 06:46:03 - __main__ - INFO - 
Epoch 99/100 | lr 0.000119
2026-06-28 06:46:03 - __main__ - INFO - CAM cache hit: /content/cam_cache/cifar100/resnet18/seed42/7f/0a/7f0a8a41bb401574248d95d0511c65c5067df731ca02af0b3dd1281f52156272.pt
2026-06-28 06:46:03 - __main__ - INFO - CAM cache hit: /content/cam_cache/cifar100/resnet18/seed42/90/ad/90add2970316b0d34e9189b6804724fcc35a0ecbf885f1b0652c41040043f2b4.pt
2026-06-28 06:46:03 - __main__ - INFO - CAM cutout window: index=18888 copy=1 cutout_mode=cam_high top=13 left=10 height=10 width=10
2026-06-28 06:46:03 - __main__ - INFO - CAM cache hit: /content/cam_cache/cifar100/resnet18/seed42/da/9b/da9b6d4d1ab7b3d291ee7562e5e352cd4e817bb227046a5c4f1b62850eda49a8.pt
2026-06-28 06:46:03 - __main__ - INFO - CAM cutout window: index=19094 copy=3 cutout_mode=cam_high top=13 left=17 height=10 width=10
2026-06-28 06:46:03 - __main__ - INFO - CAM cache hit: /content/cam_cache/cifar100/resnet18/seed42/4b/e6/4be6136ec9afd76da320b427a6a9d36085e5ba8d54cb26769e7e702ec25287ee.pt
2026-06-28 06:46:03 - __main__ - INFO - CAM cutout window: index=32753 copy=4 cutout_mode=cam_high top=5 left=7 height=10 width=10
2026-06-28 06:46:03 - __main__ - INFO - CAM cutout window: index=15271 copy=5 cutout_mode=cam_high top=9 left=11 height=10 width=10
2026-06-28 06:46:03 - __main__ - INFO - CAM cache hit: /content/cam_cache/cifar100/resnet18/seed42/03/1f/031fa07607ff7e821c4b535f3a1248d3d534d990305b3b6bdb85aaa8ecf2aa53.pt
2026-06-28 06:46:03 - __main__ - INFO - CAM cutout window: index=27754 copy=3 cutout_mode=cam_high top=7 left=10 height=10 width=10
2026-06-28 06:46:03 - __main__ - INFO - CAM cache hit: /content/cam_cache/cifar100/resnet18/seed42/d6/03/d603363f2489d117261e20503671f519baf6904beff05b3a9164d11be42e84cf.pt
2026-06-28 06:46:03 - __main__ - INFO - CAM cache hit: /content/cam_cache/cifar100/resnet18/seed42/45/a9/45a9f72ec2f018c5eb0f53a8d8b971d7dcf5d7645d2e0ca058ca2d524cee9e5f.pt
2026-06-28 06:46:03 - __main__ - INFO - CAM cutout window: index=9527 copy=3 cutout_mode=cam_high top=11 left=15 height=10 width=10
2026-06-28 06:46:03 - __main__ - INFO - CAM cutout window: index=829 copy=4 cutout_mode=cam_high top=9 left=13 height=10 width=10
2026-06-28 06:46:03 - __main__ - INFO - CAM cache hit: /content/cam_cache/cifar100/resnet18/seed42/27/c2/27c23d2f75267be6fbd5deeeadda559079f10bdbc5232c8c9088e2725c6d0d6c.pt
2026-06-28 06:46:03 - __main__ - INFO - CAM cutout window: index=2746 copy=6 cutout_mode=cam_high top=12 left=17 height=10 width=10
2026-06-28 06:48:05 - __main__ - INFO - Train: loss 0.0067 acc1 99.99%
2026-06-28 06:48:05 - __main__ - INFO - Val:   loss 2.0284 acc1 56.69%
2026-06-28 06:48:05 - __main__ - INFO - 
Epoch 100/100 | lr 0.000037
2026-06-28 06:48:05 - __main__ - INFO - CAM cache hit: /content/cam_cache/cifar100/resnet18/seed42/ed/cb/edcb1f1942622376ba048b4854fd4775eca3d82313167c4f0dc0bbd61ac43205.pt
2026-06-28 06:48:05 - __main__ - INFO - CAM cache hit: /content/cam_cache/cifar100/resnet18/seed42/d3/8b/d38b4c44da67d5b2eef250cd47f91aac568816617ad2cc1429519be3afffc248.pt
2026-06-28 06:48:05 - __main__ - INFO - CAM cache hit: /content/cam_cache/cifar100/resnet18/seed42/2e/77/2e77b836a8e2980e7e9476a499d57e7a62789d30294cc33bdf2d0b7461143457.pt
2026-06-28 06:48:05 - __main__ - INFO - CAM cache hit: /content/cam_cache/cifar100/resnet18/seed42/9d/e5/9de52030036470d73292dde958c7c1e87e7b8af536b7e984484c8742840604be.pt
2026-06-28 06:48:05 - __main__ - INFO - CAM cutout window: index=10663 copy=3 cutout_mode=cam_high top=15 left=13 height=10 width=10
2026-06-28 06:48:05 - __main__ - INFO - CAM cutout window: index=6703 copy=7 cutout_mode=cam_high top=14 left=10 height=10 width=10
2026-06-28 06:48:05 - __main__ - INFO - CAM cutout window: index=13007 copy=2 cutout_mode=cam_high top=9 left=8 height=10 width=10
2026-06-28 06:48:05 - __main__ - INFO - CAM cutout window: index=12696 copy=4 cutout_mode=cam_high top=11 left=7 height=10 width=10
2026-06-28 06:48:05 - __main__ - INFO - CAM cache hit: /content/cam_cache/cifar100/resnet18/seed42/31/10/3110a7febb642182750bc99683724d2238a5adfcf67bc4595761e3bb6659fee5.pt
2026-06-28 06:48:05 - __main__ - INFO - CAM cache hit: /content/cam_cache/cifar100/resnet18/seed42/c7/65/c76589fadb399113a3335e6440fe49a67823598cfaf3c0634d57b13ba20726f1.pt
2026-06-28 06:48:05 - __main__ - INFO - CAM cache hit: /content/cam_cache/cifar100/resnet18/seed42/52/91/52912c3b986ada6c53f9090d09b0504c60c24abc84eb10622a622659b0d55b2a.pt
2026-06-28 06:48:05 - __main__ - INFO - CAM cutout window: index=42807 copy=4 cutout_mode=cam_high top=15 left=11 height=10 width=10
2026-06-28 06:48:05 - __main__ - INFO - CAM cache hit: /content/cam_cache/cifar100/resnet18/seed42/cd/e7/cde73113d40f211426e52703a2cd703f700a7269f0edf52844775d644550bc1e.pt
2026-06-28 06:48:05 - __main__ - INFO - CAM cutout window: index=13902 copy=2 cutout_mode=cam_high top=12 left=9 height=10 width=10
2026-06-28 06:48:05 - __main__ - INFO - CAM cutout window: index=32730 copy=5 cutout_mode=cam_high top=15 left=8 height=10 width=10
2026-06-28 06:48:05 - __main__ - INFO - CAM cutout window: index=33378 copy=8 cutout_mode=cam_high top=14 left=12 height=10 width=10
2026-06-28 06:50:06 - __main__ - INFO - Train: loss 0.0066 acc1 99.99%
2026-06-28 06:50:06 - __main__ - INFO - Val:   loss 2.0270 acc1 56.46%
2026-06-28 06:50:06 - __main__ - INFO - Loaded best checkpoint weights for final test evaluation.
2026-06-28 06:50:07 - __main__ - INFO - 
Best tracked (val): 57.94%
2026-06-28 06:50:07 - __main__ - INFO - Final test: loss 1.8711 acc1 56.75%
2026-06-28 06:50:07 - __main__ - INFO - Saved best model checkpoint to runs/cifar100/resnet18/42/resnet18_seed42_cam_high_M8_area0.1/best_model.pt
