2026-03-15 20:06:47 - __main__ - INFO - Comparison pipeline | device=cuda | out_dir=./runs/cifar100_2026_03/15 | args={"amp": false, "batch_size": 128, "cam_layer": "auto", "config": "/content/CAMRegularization/configs.json", "data_dir": "./data", "dataset": "cifar100", "epochs": 100, "gamma": 0.1, "input_models": ["resnet18", "resnet34"], "label_smoothing": 0.0, "log_every": 100, "lr": 0.1, "milestones": "60,80", "min_lr": 1e-05, "momentum": 0.9, "nesterov": false, "num_workers": 2, "out_dir": "./runs/cifar100_2026_03/15", "output_models": ["resnet50", "densenet121"], "run_name": "", "scheduler": "cosine", "seed": 42, "threshold": 0.3, "val_split": 0.1, "warmup_epochs": 5, "weight_decay": 0.0005}
2026-03-15 20:06:47 - __main__ - INFO - 
============================================================
2026-03-15 20:06:47 - __main__ - INFO - Training input model: resnet18
2026-03-15 20:06:47 - __main__ - INFO -   Resolved config → lr=0.1, wd=0.0005, bs=128, epochs=200, scheduler=cosine, warmup=5
2026-03-15 20:06:47 - __main__ - INFO - ============================================================
2026-03-15 20:06:47 - __main__ - INFO - device: cuda | cuda: True | gpu: NVIDIA L4
2026-03-15 20:07:07 - __main__ - INFO - Model: resnet18 | Dataset: cifar100 | Classes: 100
2026-03-15 20:07:07 - __main__ - INFO - 
Epoch 1/200 | lr 0.000100
2026-03-15 20:07:25 - __main__ - INFO - Train: loss 4.6421 acc1 1.41% precision 0.99% recall 1.40% f1 0.53%
2026-03-15 20:07:25 - __main__ - INFO - Val:   loss 4.5785 acc1 2.06% precision 1.06% recall 2.17% f1 0.92%
2026-03-15 20:07:25 - __main__ - INFO - saved best: 2.06%
2026-03-15 20:07:25 - __main__ - INFO - 
Epoch 2/200 | lr 0.020080
2026-03-15 20:07:41 - __main__ - INFO - Train: loss 3.7111 acc1 13.22% precision 11.96% recall 13.23% f1 12.08%
2026-03-15 20:07:41 - __main__ - INFO - Val:   loss 3.3404 acc1 20.15% precision 25.81% recall 19.84% f1 17.26%
2026-03-15 20:07:41 - __main__ - INFO - saved best: 20.15%
2026-03-15 20:07:41 - __main__ - INFO - 
Epoch 3/200 | lr 0.040060
2026-03-15 20:07:57 - __main__ - INFO - Train: loss 3.0407 acc1 24.16% precision 22.57% recall 24.17% f1 23.04%
2026-03-15 20:07:57 - __main__ - INFO - Val:   loss 2.7656 acc1 30.80% precision 37.50% recall 30.95% f1 29.09%
2026-03-15 20:07:57 - __main__ - INFO - saved best: 30.80%
2026-03-15 20:07:57 - __main__ - INFO - 
Epoch 4/200 | lr 0.060040
2026-03-15 20:08:14 - __main__ - INFO - Train: loss 2.5153 acc1 34.17% precision 33.05% recall 34.20% f1 33.42%
2026-03-15 20:08:14 - __main__ - INFO - Val:   loss 2.4522 acc1 35.81% precision 42.83% recall 35.73% f1 33.85%
2026-03-15 20:08:14 - __main__ - INFO - saved best: 35.81%
2026-03-15 20:08:14 - __main__ - INFO - 
Epoch 5/200 | lr 0.080020
2026-03-15 20:08:30 - __main__ - INFO - Train: loss 2.1689 acc1 41.64% precision 40.72% recall 41.66% f1 41.05%
2026-03-15 20:08:30 - __main__ - INFO - Val:   loss 2.6624 acc1 34.07% precision 45.22% recall 33.63% f1 33.37%
2026-03-15 20:08:30 - __main__ - INFO - 
Epoch 6/200 | lr 0.100000
2026-03-15 20:08:47 - __main__ - INFO - Train: loss 1.9504 acc1 46.50% precision 45.62% recall 46.53% f1 45.95%
2026-03-15 20:08:47 - __main__ - INFO - Val:   loss 2.2897 acc1 40.96% precision 52.06% recall 40.61% f1 39.80%
2026-03-15 20:08:47 - __main__ - INFO - saved best: 40.96%
2026-03-15 20:08:47 - __main__ - INFO - 
Epoch 7/200 | lr 0.099994
2026-03-15 20:09:04 - __main__ - INFO - Train: loss 1.7374 acc1 51.35% precision 50.67% recall 51.39% f1 50.93%
2026-03-15 20:09:04 - __main__ - INFO - Val:   loss 2.1851 acc1 43.40% precision 50.78% recall 43.22% f1 42.08%
2026-03-15 20:09:04 - __main__ - INFO - saved best: 43.40%
2026-03-15 20:09:04 - __main__ - INFO - 
Epoch 8/200 | lr 0.099974
2026-03-15 20:09:21 - __main__ - INFO - Train: loss 1.5976 acc1 54.89% precision 54.30% recall 54.93% f1 54.53%
2026-03-15 20:09:21 - __main__ - INFO - Val:   loss 1.9526 acc1 48.24% precision 57.19% recall 48.01% f1 47.88%
2026-03-15 20:09:21 - __main__ - INFO - saved best: 48.24%
2026-03-15 20:09:21 - __main__ - INFO - 
Epoch 9/200 | lr 0.099942
2026-03-15 20:09:37 - __main__ - INFO - Train: loss 1.4998 acc1 57.26% precision 56.82% recall 57.31% f1 56.99%
2026-03-15 20:09:37 - __main__ - INFO - Val:   loss 2.0062 acc1 48.18% precision 58.08% recall 47.63% f1 47.42%
2026-03-15 20:09:37 - __main__ - INFO - 
Epoch 10/200 | lr 0.099896
2026-03-15 20:09:54 - __main__ - INFO - Train: loss 1.4405 acc1 58.99% precision 58.57% recall 59.02% f1 58.73%
2026-03-15 20:09:54 - __main__ - INFO - Val:   loss 1.7099 acc1 53.82% precision 58.92% recall 53.32% f1 52.96%
2026-03-15 20:09:54 - __main__ - INFO - saved best: 53.82%
2026-03-15 20:09:54 - __main__ - INFO - 
Epoch 11/200 | lr 0.099838
2026-03-15 20:10:11 - __main__ - INFO - Train: loss 1.3835 acc1 60.34% precision 59.98% recall 60.37% f1 60.11%
2026-03-15 20:10:11 - __main__ - INFO - Val:   loss 1.8452 acc1 52.39% precision 58.07% recall 52.07% f1 51.16%
2026-03-15 20:10:11 - __main__ - INFO - 
Epoch 12/200 | lr 0.099767
2026-03-15 20:10:28 - __main__ - INFO - Train: loss 1.3463 acc1 61.44% precision 61.11% recall 61.49% f1 61.25%
2026-03-15 20:10:28 - __main__ - INFO - Val:   loss 1.8431 acc1 50.92% precision 59.16% recall 50.68% f1 50.98%
2026-03-15 20:10:28 - __main__ - INFO - 
Epoch 13/200 | lr 0.099682
2026-03-15 20:10:44 - __main__ - INFO - Train: loss 1.3000 acc1 62.48% precision 62.18% recall 62.53% f1 62.30%
2026-03-15 20:10:44 - __main__ - INFO - Val:   loss 1.9048 acc1 51.05% precision 60.94% recall 50.70% f1 51.20%
2026-03-15 20:10:44 - __main__ - INFO - 
Epoch 14/200 | lr 0.099585
2026-03-15 20:11:01 - __main__ - INFO - Train: loss 1.2708 acc1 63.35% precision 63.12% recall 63.39% f1 63.21%
2026-03-15 20:11:01 - __main__ - INFO - Val:   loss 1.8279 acc1 51.33% precision 61.51% recall 51.33% f1 51.26%
2026-03-15 20:11:01 - __main__ - INFO - 
Epoch 15/200 | lr 0.099475
2026-03-15 20:11:18 - __main__ - INFO - Train: loss 1.2346 acc1 64.35% precision 64.11% recall 64.38% f1 64.20%
2026-03-15 20:11:18 - __main__ - INFO - Val:   loss 1.8215 acc1 51.92% precision 59.84% recall 51.59% f1 50.81%
2026-03-15 20:11:18 - __main__ - INFO - 
Epoch 16/200 | lr 0.099353
2026-03-15 20:11:34 - __main__ - INFO - Train: loss 1.2139 acc1 65.01% precision 64.82% recall 65.07% f1 64.89%
2026-03-15 20:11:34 - __main__ - INFO - Val:   loss 1.5638 acc1 56.92% precision 60.67% recall 56.57% f1 55.70%
2026-03-15 20:11:34 - __main__ - INFO - saved best: 56.92%
2026-03-15 20:11:34 - __main__ - INFO - 
Epoch 17/200 | lr 0.099217
2026-03-15 20:11:51 - __main__ - INFO - Train: loss 1.1894 acc1 65.53% precision 65.36% recall 65.57% f1 65.42%
2026-03-15 20:11:51 - __main__ - INFO - Val:   loss 1.5990 acc1 56.54% precision 61.05% recall 55.90% f1 55.57%
2026-03-15 20:11:51 - __main__ - INFO - 
Epoch 18/200 | lr 0.099069
2026-03-15 20:12:08 - __main__ - INFO - Train: loss 1.1673 acc1 65.64% precision 65.45% recall 65.67% f1 65.52%
2026-03-15 20:12:08 - __main__ - INFO - Val:   loss 1.7942 acc1 53.60% precision 61.58% recall 52.99% f1 53.04%
2026-03-15 20:12:08 - __main__ - INFO - 
Epoch 19/200 | lr 0.098907
2026-03-15 20:12:25 - __main__ - INFO - Train: loss 1.1366 acc1 66.91% precision 66.79% recall 66.96% f1 66.84%
2026-03-15 20:12:25 - __main__ - INFO - Val:   loss 1.8441 acc1 52.99% precision 61.02% recall 52.62% f1 52.20%
2026-03-15 20:12:25 - __main__ - INFO - 
Epoch 20/200 | lr 0.098734
2026-03-15 20:12:41 - __main__ - INFO - Train: loss 1.1184 acc1 67.22% precision 67.07% recall 67.26% f1 67.13%
2026-03-15 20:12:41 - __main__ - INFO - Val:   loss 1.8265 acc1 54.12% precision 61.95% recall 53.69% f1 53.27%
2026-03-15 20:12:41 - __main__ - INFO - 
Epoch 21/200 | lr 0.098547
2026-03-15 20:12:58 - __main__ - INFO - Train: loss 1.1150 acc1 67.53% precision 67.35% recall 67.57% f1 67.42%
2026-03-15 20:12:58 - __main__ - INFO - Val:   loss 1.5987 acc1 58.34% precision 64.21% recall 57.90% f1 57.73%
2026-03-15 20:12:58 - __main__ - INFO - saved best: 58.34%
2026-03-15 20:12:58 - __main__ - INFO - 
Epoch 22/200 | lr 0.098348
2026-03-15 20:13:15 - __main__ - INFO - Train: loss 1.0883 acc1 68.22% precision 68.10% recall 68.27% f1 68.15%
2026-03-15 20:13:15 - __main__ - INFO - Val:   loss 1.6410 acc1 54.88% precision 59.90% recall 54.45% f1 54.36%
2026-03-15 20:13:15 - __main__ - INFO - 
Epoch 23/200 | lr 0.098137
2026-03-15 20:13:32 - __main__ - INFO - Train: loss 1.0794 acc1 68.37% precision 68.23% recall 68.40% f1 68.28%
2026-03-15 20:13:32 - __main__ - INFO - Val:   loss 1.8888 acc1 50.98% precision 62.25% recall 50.49% f1 50.46%
2026-03-15 20:13:32 - __main__ - INFO - 
Epoch 24/200 | lr 0.097913
2026-03-15 20:13:48 - __main__ - INFO - Train: loss 1.0641 acc1 68.95% precision 68.85% recall 68.98% f1 68.88%
2026-03-15 20:13:48 - __main__ - INFO - Val:   loss 1.6790 acc1 56.12% precision 61.35% recall 55.83% f1 55.78%
2026-03-15 20:13:48 - __main__ - INFO - 
Epoch 25/200 | lr 0.097676
2026-03-15 20:14:05 - __main__ - INFO - Train: loss 1.0501 acc1 69.30% precision 69.18% recall 69.33% f1 69.23%
2026-03-15 20:14:05 - __main__ - INFO - Val:   loss 1.7080 acc1 56.05% precision 62.94% recall 55.61% f1 55.59%
2026-03-15 20:14:05 - __main__ - INFO - 
Epoch 26/200 | lr 0.097427
2026-03-15 20:14:22 - __main__ - INFO - Train: loss 1.0432 acc1 69.31% precision 69.20% recall 69.34% f1 69.24%
2026-03-15 20:14:22 - __main__ - INFO - Val:   loss 1.8417 acc1 53.67% precision 61.01% recall 52.82% f1 52.46%
2026-03-15 20:14:22 - __main__ - INFO - 
Epoch 27/200 | lr 0.097166
2026-03-15 20:14:38 - __main__ - INFO - Train: loss 1.0304 acc1 69.61% precision 69.54% recall 69.66% f1 69.57%
2026-03-15 20:14:38 - __main__ - INFO - Val:   loss 1.7689 acc1 53.82% precision 61.92% recall 53.27% f1 52.66%
2026-03-15 20:14:38 - __main__ - INFO - 
Epoch 28/200 | lr 0.096892
2026-03-15 20:14:55 - __main__ - INFO - Train: loss 1.0279 acc1 69.91% precision 69.82% recall 69.95% f1 69.86%
2026-03-15 20:14:55 - __main__ - INFO - Val:   loss 1.6699 acc1 55.75% precision 62.42% recall 55.39% f1 55.17%
2026-03-15 20:14:55 - __main__ - INFO - 
Epoch 29/200 | lr 0.096607
2026-03-15 20:15:12 - __main__ - INFO - Train: loss 1.0112 acc1 70.25% precision 70.15% recall 70.30% f1 70.19%
2026-03-15 20:15:12 - __main__ - INFO - Val:   loss 1.8819 acc1 53.41% precision 62.96% recall 53.06% f1 54.26%
2026-03-15 20:15:12 - __main__ - INFO - 
Epoch 30/200 | lr 0.096309
2026-03-15 20:15:29 - __main__ - INFO - Train: loss 1.0040 acc1 70.50% precision 70.44% recall 70.54% f1 70.46%
2026-03-15 20:15:29 - __main__ - INFO - Val:   loss 1.5527 acc1 57.99% precision 64.10% recall 57.71% f1 57.46%
2026-03-15 20:15:29 - __main__ - INFO - 
Epoch 31/200 | lr 0.095999
2026-03-15 20:15:45 - __main__ - INFO - Train: loss 0.9832 acc1 70.91% precision 70.80% recall 70.94% f1 70.84%
2026-03-15 20:15:45 - __main__ - INFO - Val:   loss 1.7577 acc1 55.60% precision 62.18% recall 55.18% f1 54.60%
2026-03-15 20:15:45 - __main__ - INFO - 
Epoch 32/200 | lr 0.095678
2026-03-15 20:16:02 - __main__ - INFO - Train: loss 0.9941 acc1 70.61% precision 70.53% recall 70.66% f1 70.57%
2026-03-15 20:16:02 - __main__ - INFO - Val:   loss 1.5227 acc1 60.14% precision 63.93% recall 59.53% f1 59.13%
2026-03-15 20:16:02 - __main__ - INFO - saved best: 60.14%
2026-03-15 20:16:02 - __main__ - INFO - 
Epoch 33/200 | lr 0.095344
2026-03-15 20:16:19 - __main__ - INFO - Train: loss 0.9853 acc1 70.85% precision 70.75% recall 70.88% f1 70.79%
2026-03-15 20:16:19 - __main__ - INFO - Val:   loss 1.7426 acc1 55.73% precision 64.52% recall 55.24% f1 55.73%
2026-03-15 20:16:19 - __main__ - INFO - 
Epoch 34/200 | lr 0.094999
2026-03-15 20:16:35 - __main__ - INFO - Train: loss 0.9677 acc1 71.48% precision 71.42% recall 71.53% f1 71.45%
2026-03-15 20:16:35 - __main__ - INFO - Val:   loss 1.6866 acc1 56.71% precision 62.41% recall 56.22% f1 55.64%
2026-03-15 20:16:35 - __main__ - INFO - 
Epoch 35/200 | lr 0.094642
2026-03-15 20:16:52 - __main__ - INFO - Train: loss 0.9570 acc1 71.66% precision 71.63% recall 71.70% f1 71.64%
2026-03-15 20:16:52 - __main__ - INFO - Val:   loss 1.5746 acc1 58.55% precision 63.27% recall 58.37% f1 58.00%
2026-03-15 20:16:52 - __main__ - INFO - 
Epoch 36/200 | lr 0.094273
2026-03-15 20:17:09 - __main__ - INFO - Train: loss 0.9580 acc1 71.51% precision 71.46% recall 71.55% f1 71.48%
2026-03-15 20:17:09 - __main__ - INFO - Val:   loss 1.4871 acc1 60.74% precision 65.35% recall 60.38% f1 60.28%
2026-03-15 20:17:09 - __main__ - INFO - saved best: 60.74%
2026-03-15 20:17:09 - __main__ - INFO - 
Epoch 37/200 | lr 0.093893
2026-03-15 20:17:26 - __main__ - INFO - Train: loss 0.9393 acc1 72.45% precision 72.38% recall 72.47% f1 72.40%
2026-03-15 20:17:26 - __main__ - INFO - Val:   loss 1.8069 acc1 56.40% precision 63.95% recall 56.30% f1 55.84%
2026-03-15 20:17:26 - __main__ - INFO - 
Epoch 38/200 | lr 0.093502
2026-03-15 20:17:42 - __main__ - INFO - Train: loss 0.9439 acc1 72.12% precision 72.04% recall 72.16% f1 72.08%
2026-03-15 20:17:42 - __main__ - INFO - Val:   loss 1.6264 acc1 57.51% precision 63.12% recall 56.97% f1 56.56%
2026-03-15 20:17:42 - __main__ - INFO - 
Epoch 39/200 | lr 0.093099
2026-03-15 20:17:59 - __main__ - INFO - Train: loss 0.9246 acc1 72.49% precision 72.42% recall 72.52% f1 72.44%
2026-03-15 20:17:59 - __main__ - INFO - Val:   loss 1.6262 acc1 59.35% precision 65.21% recall 58.93% f1 58.65%
2026-03-15 20:17:59 - __main__ - INFO - 
Epoch 40/200 | lr 0.092685
2026-03-15 20:18:16 - __main__ - INFO - Train: loss 0.9216 acc1 72.84% precision 72.79% recall 72.88% f1 72.81%
2026-03-15 20:18:16 - __main__ - INFO - Val:   loss 1.7657 acc1 55.57% precision 63.10% recall 55.17% f1 55.59%
2026-03-15 20:18:16 - __main__ - INFO - 
Epoch 41/200 | lr 0.092260
2026-03-15 20:18:32 - __main__ - INFO - Train: loss 0.9216 acc1 72.80% precision 72.71% recall 72.83% f1 72.75%
2026-03-15 20:18:32 - __main__ - INFO - Val:   loss 1.6570 acc1 56.86% precision 63.75% recall 56.21% f1 55.91%
2026-03-15 20:18:32 - __main__ - INFO - 
Epoch 42/200 | lr 0.091824
2026-03-15 20:18:49 - __main__ - INFO - Train: loss 0.9163 acc1 72.78% precision 72.78% recall 72.83% f1 72.78%
2026-03-15 20:18:49 - __main__ - INFO - Val:   loss 1.8418 acc1 53.43% precision 61.64% recall 52.94% f1 52.91%
2026-03-15 20:18:49 - __main__ - INFO - 
Epoch 43/200 | lr 0.091378
2026-03-15 20:19:06 - __main__ - INFO - Train: loss 0.9049 acc1 73.36% precision 73.33% recall 73.40% f1 73.34%
2026-03-15 20:19:06 - __main__ - INFO - Val:   loss 1.6284 acc1 58.45% precision 64.55% recall 58.08% f1 58.07%
2026-03-15 20:19:06 - __main__ - INFO - 
Epoch 44/200 | lr 0.090920
2026-03-15 20:19:22 - __main__ - INFO - Train: loss 0.8910 acc1 73.46% precision 73.42% recall 73.48% f1 73.43%
2026-03-15 20:19:22 - __main__ - INFO - Val:   loss 1.8468 acc1 54.69% precision 62.49% recall 54.18% f1 53.85%
2026-03-15 20:19:22 - __main__ - INFO - 
Epoch 45/200 | lr 0.090452
2026-03-15 20:19:39 - __main__ - INFO - Train: loss 0.9045 acc1 73.14% precision 73.09% recall 73.16% f1 73.10%
2026-03-15 20:19:39 - __main__ - INFO - Val:   loss 1.5295 acc1 60.22% precision 64.96% recall 59.77% f1 59.83%
2026-03-15 20:19:39 - __main__ - INFO - 
Epoch 46/200 | lr 0.089973
2026-03-15 20:19:56 - __main__ - INFO - Train: loss 0.8741 acc1 74.05% precision 73.99% recall 74.08% f1 74.01%
2026-03-15 20:19:56 - __main__ - INFO - Val:   loss 1.7592 acc1 55.78% precision 63.72% recall 55.44% f1 55.52%
2026-03-15 20:19:56 - __main__ - INFO - 
Epoch 47/200 | lr 0.089484
2026-03-15 20:20:12 - __main__ - INFO - Train: loss 0.8844 acc1 73.79% precision 73.78% recall 73.83% f1 73.78%
2026-03-15 20:20:12 - __main__ - INFO - Val:   loss 1.6186 acc1 57.94% precision 64.04% recall 57.67% f1 57.57%
2026-03-15 20:20:12 - __main__ - INFO - 
Epoch 48/200 | lr 0.088985
2026-03-15 20:20:29 - __main__ - INFO - Train: loss 0.8690 acc1 74.00% precision 73.99% recall 74.04% f1 73.99%
2026-03-15 20:20:29 - __main__ - INFO - Val:   loss 1.6913 acc1 58.63% precision 65.57% recall 58.34% f1 58.96%
2026-03-15 20:20:29 - __main__ - INFO - 
Epoch 49/200 | lr 0.088475
2026-03-15 20:20:46 - __main__ - INFO - Train: loss 0.8629 acc1 73.92% precision 73.91% recall 73.95% f1 73.91%
2026-03-15 20:20:46 - __main__ - INFO - Val:   loss 1.6617 acc1 57.88% precision 63.48% recall 57.62% f1 57.76%
2026-03-15 20:20:46 - __main__ - INFO - 
Epoch 50/200 | lr 0.087956
2026-03-15 20:21:02 - __main__ - INFO - Train: loss 0.8529 acc1 74.56% precision 74.48% recall 74.59% f1 74.51%
2026-03-15 20:21:02 - __main__ - INFO - Val:   loss 1.5017 acc1 60.35% precision 64.65% recall 60.15% f1 59.89%
2026-03-15 20:21:02 - __main__ - INFO - 
Epoch 51/200 | lr 0.087427
2026-03-15 20:21:19 - __main__ - INFO - Train: loss 0.8560 acc1 74.35% precision 74.30% recall 74.37% f1 74.32%
2026-03-15 20:21:19 - __main__ - INFO - Val:   loss 1.7346 acc1 56.74% precision 63.88% recall 56.13% f1 56.18%
2026-03-15 20:21:19 - __main__ - INFO - 
Epoch 52/200 | lr 0.086888
2026-03-15 20:21:36 - __main__ - INFO - Train: loss 0.8457 acc1 74.67% precision 74.68% recall 74.71% f1 74.67%
2026-03-15 20:21:36 - __main__ - INFO - Val:   loss 1.5355 acc1 60.87% precision 64.58% recall 60.18% f1 59.26%
2026-03-15 20:21:36 - __main__ - INFO - saved best: 60.87%
2026-03-15 20:21:36 - __main__ - INFO - 
Epoch 53/200 | lr 0.086339
2026-03-15 20:21:53 - __main__ - INFO - Train: loss 0.8423 acc1 74.81% precision 74.77% recall 74.85% f1 74.78%
2026-03-15 20:21:53 - __main__ - INFO - Val:   loss 1.5010 acc1 61.40% precision 65.45% recall 60.91% f1 60.65%
2026-03-15 20:21:53 - __main__ - INFO - saved best: 61.40%
2026-03-15 20:21:53 - __main__ - INFO - 
Epoch 54/200 | lr 0.085781
2026-03-15 20:22:09 - __main__ - INFO - Train: loss 0.8286 acc1 75.17% precision 75.13% recall 75.21% f1 75.15%
2026-03-15 20:22:09 - __main__ - INFO - Val:   loss 1.4673 acc1 60.93% precision 65.23% recall 60.76% f1 60.50%
2026-03-15 20:22:09 - __main__ - INFO - 
Epoch 55/200 | lr 0.085214
2026-03-15 20:22:26 - __main__ - INFO - Train: loss 0.8235 acc1 75.28% precision 75.24% recall 75.32% f1 75.26%
2026-03-15 20:22:26 - __main__ - INFO - Val:   loss 1.6200 acc1 58.10% precision 65.64% recall 57.70% f1 58.08%
2026-03-15 20:22:26 - __main__ - INFO - 
Epoch 56/200 | lr 0.084638
2026-03-15 20:22:43 - __main__ - INFO - Train: loss 0.8200 acc1 75.42% precision 75.41% recall 75.44% f1 75.41%
2026-03-15 20:22:43 - __main__ - INFO - Val:   loss 1.6038 acc1 59.52% precision 64.74% recall 58.99% f1 58.39%
2026-03-15 20:22:43 - __main__ - INFO - 
Epoch 57/200 | lr 0.084052
2026-03-15 20:22:59 - __main__ - INFO - Train: loss 0.8164 acc1 75.56% precision 75.53% recall 75.58% f1 75.54%
2026-03-15 20:22:59 - __main__ - INFO - Val:   loss 1.5387 acc1 60.90% precision 66.14% recall 60.33% f1 60.16%
2026-03-15 20:22:59 - __main__ - INFO - 
Epoch 58/200 | lr 0.083458
2026-03-15 20:23:16 - __main__ - INFO - Train: loss 0.8028 acc1 76.08% precision 76.09% recall 76.11% f1 76.08%
2026-03-15 20:23:16 - __main__ - INFO - Val:   loss 1.5984 acc1 59.90% precision 65.65% recall 59.32% f1 59.64%
2026-03-15 20:23:16 - __main__ - INFO - 
Epoch 59/200 | lr 0.082855
2026-03-15 20:23:33 - __main__ - INFO - Train: loss 0.7996 acc1 75.90% precision 75.89% recall 75.94% f1 75.89%
2026-03-15 20:23:33 - __main__ - INFO - Val:   loss 1.4597 acc1 61.39% precision 65.82% recall 61.22% f1 61.33%
2026-03-15 20:23:33 - __main__ - INFO - 
Epoch 60/200 | lr 0.082244
2026-03-15 20:23:49 - __main__ - INFO - Train: loss 0.7995 acc1 75.87% precision 75.85% recall 75.90% f1 75.86%
2026-03-15 20:23:49 - __main__ - INFO - Val:   loss 1.4846 acc1 61.87% precision 65.95% recall 61.31% f1 61.10%
2026-03-15 20:23:49 - __main__ - INFO - saved best: 61.87%
2026-03-15 20:23:49 - __main__ - INFO - 
Epoch 61/200 | lr 0.081624
2026-03-15 20:24:06 - __main__ - INFO - Train: loss 0.7815 acc1 76.36% precision 76.34% recall 76.39% f1 76.35%
2026-03-15 20:24:06 - __main__ - INFO - Val:   loss 1.6157 acc1 59.18% precision 65.25% recall 58.68% f1 58.57%
2026-03-15 20:24:06 - __main__ - INFO - 
Epoch 62/200 | lr 0.080996
2026-03-15 20:24:23 - __main__ - INFO - Train: loss 0.7713 acc1 76.62% precision 76.58% recall 76.64% f1 76.59%
2026-03-15 20:24:23 - __main__ - INFO - Val:   loss 1.6454 acc1 59.36% precision 66.84% recall 59.00% f1 58.70%
2026-03-15 20:24:23 - __main__ - INFO - 
Epoch 63/200 | lr 0.080360
2026-03-15 20:24:39 - __main__ - INFO - Train: loss 0.7776 acc1 76.48% precision 76.47% recall 76.51% f1 76.47%
2026-03-15 20:24:39 - __main__ - INFO - Val:   loss 1.4809 acc1 61.76% precision 67.42% recall 61.54% f1 62.11%
2026-03-15 20:24:39 - __main__ - INFO - 
Epoch 64/200 | lr 0.079716
2026-03-15 20:24:56 - __main__ - INFO - Train: loss 0.7611 acc1 76.95% precision 76.94% recall 76.98% f1 76.94%
2026-03-15 20:24:56 - __main__ - INFO - Val:   loss 1.4393 acc1 63.21% precision 67.42% recall 62.79% f1 62.78%
2026-03-15 20:24:56 - __main__ - INFO - saved best: 63.21%
2026-03-15 20:24:56 - __main__ - INFO - 
Epoch 65/200 | lr 0.079065
2026-03-15 20:25:13 - __main__ - INFO - Train: loss 0.7620 acc1 76.84% precision 76.81% recall 76.88% f1 76.83%
2026-03-15 20:25:13 - __main__ - INFO - Val:   loss 1.4939 acc1 62.15% precision 66.28% recall 61.57% f1 61.61%
2026-03-15 20:25:13 - __main__ - INFO - 
Epoch 66/200 | lr 0.078405
2026-03-15 20:25:30 - __main__ - INFO - Train: loss 0.7578 acc1 77.25% precision 77.23% recall 77.27% f1 77.23%
2026-03-15 20:25:30 - __main__ - INFO - Val:   loss 1.5615 acc1 60.46% precision 64.05% recall 60.36% f1 59.91%
2026-03-15 20:25:30 - __main__ - INFO - 
Epoch 67/200 | lr 0.077739
2026-03-15 20:25:46 - __main__ - INFO - Train: loss 0.7526 acc1 77.26% precision 77.24% recall 77.29% f1 77.25%
2026-03-15 20:25:46 - __main__ - INFO - Val:   loss 1.7342 acc1 58.14% precision 64.75% recall 57.56% f1 57.62%
2026-03-15 20:25:46 - __main__ - INFO - 
Epoch 68/200 | lr 0.077065
2026-03-15 20:26:03 - __main__ - INFO - Train: loss 0.7235 acc1 77.96% precision 77.95% recall 77.99% f1 77.96%
2026-03-15 20:26:03 - __main__ - INFO - Val:   loss 1.6818 acc1 58.44% precision 65.61% recall 58.23% f1 58.14%
2026-03-15 20:26:03 - __main__ - INFO - 
Epoch 69/200 | lr 0.076384
2026-03-15 20:26:20 - __main__ - INFO - Train: loss 0.7356 acc1 77.87% precision 77.90% recall 77.91% f1 77.89%
2026-03-15 20:26:20 - __main__ - INFO - Val:   loss 1.7687 acc1 58.27% precision 67.23% recall 57.81% f1 59.25%
2026-03-15 20:26:20 - __main__ - INFO - 
Epoch 70/200 | lr 0.075697
2026-03-15 20:26:36 - __main__ - INFO - Train: loss 0.7296 acc1 77.84% precision 77.83% recall 77.87% f1 77.84%
2026-03-15 20:26:36 - __main__ - INFO - Val:   loss 1.6204 acc1 59.66% precision 65.77% recall 59.06% f1 59.14%
2026-03-15 20:26:36 - __main__ - INFO - 
Epoch 71/200 | lr 0.075003
2026-03-15 20:26:53 - __main__ - INFO - Train: loss 0.7047 acc1 78.60% precision 78.60% recall 78.63% f1 78.60%
2026-03-15 20:26:53 - __main__ - INFO - Val:   loss 1.5575 acc1 60.39% precision 63.66% recall 59.77% f1 59.57%
2026-03-15 20:26:53 - __main__ - INFO - 
Epoch 72/200 | lr 0.074302
2026-03-15 20:27:10 - __main__ - INFO - Train: loss 0.7057 acc1 78.56% precision 78.54% recall 78.58% f1 78.54%
2026-03-15 20:27:10 - __main__ - INFO - Val:   loss 1.6840 acc1 58.48% precision 64.28% recall 58.06% f1 57.76%
2026-03-15 20:27:10 - __main__ - INFO - 
Epoch 73/200 | lr 0.073595
2026-03-15 20:27:26 - __main__ - INFO - Train: loss 0.6999 acc1 78.92% precision 78.92% recall 78.95% f1 78.92%
2026-03-15 20:27:26 - __main__ - INFO - Val:   loss 1.6625 acc1 58.93% precision 66.64% recall 58.48% f1 58.81%
2026-03-15 20:27:26 - __main__ - INFO - 
Epoch 74/200 | lr 0.072881
2026-03-15 20:27:43 - __main__ - INFO - Train: loss 0.6902 acc1 79.04% precision 79.05% recall 79.08% f1 79.05%
2026-03-15 20:27:43 - __main__ - INFO - Val:   loss 1.6245 acc1 60.00% precision 64.84% recall 59.50% f1 59.43%
2026-03-15 20:27:43 - __main__ - INFO - 
Epoch 75/200 | lr 0.072162
2026-03-15 20:28:00 - __main__ - INFO - Train: loss 0.6887 acc1 79.12% precision 79.10% recall 79.13% f1 79.10%
2026-03-15 20:28:00 - __main__ - INFO - Val:   loss 1.6130 acc1 60.44% precision 66.53% recall 59.99% f1 60.22%
2026-03-15 20:28:00 - __main__ - INFO - 
Epoch 76/200 | lr 0.071437
2026-03-15 20:28:16 - __main__ - INFO - Train: loss 0.6772 acc1 79.31% precision 79.29% recall 79.32% f1 79.29%
2026-03-15 20:28:16 - __main__ - INFO - Val:   loss 1.4696 acc1 62.59% precision 66.83% recall 62.36% f1 62.52%
2026-03-15 20:28:16 - __main__ - INFO - 
Epoch 77/200 | lr 0.070707
2026-03-15 20:28:33 - __main__ - INFO - Train: loss 0.6753 acc1 79.46% precision 79.46% recall 79.49% f1 79.46%
2026-03-15 20:28:33 - __main__ - INFO - Val:   loss 1.5203 acc1 61.30% precision 64.22% recall 60.91% f1 60.12%
2026-03-15 20:28:33 - __main__ - INFO - 
Epoch 78/200 | lr 0.069971
2026-03-15 20:28:50 - __main__ - INFO - Train: loss 0.6564 acc1 79.85% precision 79.86% recall 79.87% f1 79.85%
2026-03-15 20:28:50 - __main__ - INFO - Val:   loss 1.5847 acc1 60.78% precision 65.40% recall 60.67% f1 60.28%
2026-03-15 20:28:50 - __main__ - INFO - 
Epoch 79/200 | lr 0.069230
2026-03-15 20:29:06 - __main__ - INFO - Train: loss 0.6559 acc1 79.99% precision 80.01% recall 80.02% f1 80.01%
2026-03-15 20:29:06 - __main__ - INFO - Val:   loss 1.4444 acc1 63.58% precision 66.18% recall 62.94% f1 62.86%
2026-03-15 20:29:06 - __main__ - INFO - saved best: 63.58%
2026-03-15 20:29:06 - __main__ - INFO - 
Epoch 80/200 | lr 0.068484
2026-03-15 20:29:23 - __main__ - INFO - Train: loss 0.6434 acc1 80.49% precision 80.50% recall 80.52% f1 80.50%
2026-03-15 20:29:23 - __main__ - INFO - Val:   loss 1.5329 acc1 61.48% precision 65.14% recall 60.89% f1 60.34%
2026-03-15 20:29:23 - __main__ - INFO - 
Epoch 81/200 | lr 0.067733
2026-03-15 20:29:40 - __main__ - INFO - Train: loss 0.6504 acc1 80.13% precision 80.15% recall 80.17% f1 80.15%
2026-03-15 20:29:40 - __main__ - INFO - Val:   loss 1.6029 acc1 60.75% precision 65.64% recall 60.29% f1 60.10%
2026-03-15 20:29:40 - __main__ - INFO - 
Epoch 82/200 | lr 0.066978
2026-03-15 20:29:56 - __main__ - INFO - Train: loss 0.6275 acc1 80.86% precision 80.85% recall 80.88% f1 80.85%
2026-03-15 20:29:56 - __main__ - INFO - Val:   loss 1.4807 acc1 62.60% precision 66.69% recall 62.13% f1 62.09%
2026-03-15 20:29:56 - __main__ - INFO - 
Epoch 83/200 | lr 0.066218
2026-03-15 20:30:13 - __main__ - INFO - Train: loss 0.6252 acc1 80.81% precision 80.82% recall 80.84% f1 80.82%
2026-03-15 20:30:13 - __main__ - INFO - Val:   loss 1.5622 acc1 62.18% precision 66.25% recall 61.98% f1 61.79%
2026-03-15 20:30:13 - __main__ - INFO - 
Epoch 84/200 | lr 0.065454
2026-03-15 20:30:30 - __main__ - INFO - Train: loss 0.6177 acc1 81.10% precision 81.11% recall 81.13% f1 81.11%
2026-03-15 20:30:30 - __main__ - INFO - Val:   loss 1.4535 acc1 63.65% precision 67.67% recall 63.28% f1 63.32%
2026-03-15 20:30:30 - __main__ - INFO - saved best: 63.65%
2026-03-15 20:30:30 - __main__ - INFO - 
Epoch 85/200 | lr 0.064686
2026-03-15 20:30:47 - __main__ - INFO - Train: loss 0.6027 acc1 81.59% precision 81.60% recall 81.61% f1 81.59%
2026-03-15 20:30:47 - __main__ - INFO - Val:   loss 1.5774 acc1 61.35% precision 66.28% recall 61.03% f1 61.25%
2026-03-15 20:30:47 - __main__ - INFO - 
Epoch 86/200 | lr 0.063914
2026-03-15 20:31:03 - __main__ - INFO - Train: loss 0.6070 acc1 81.36% precision 81.38% recall 81.39% f1 81.37%
2026-03-15 20:31:03 - __main__ - INFO - Val:   loss 1.5838 acc1 61.39% precision 66.19% recall 61.06% f1 61.22%
2026-03-15 20:31:03 - __main__ - INFO - 
Epoch 87/200 | lr 0.063139
2026-03-15 20:31:20 - __main__ - INFO - Train: loss 0.5845 acc1 82.06% precision 82.09% recall 82.09% f1 82.08%
2026-03-15 20:31:20 - __main__ - INFO - Val:   loss 1.6144 acc1 59.44% precision 64.57% recall 59.14% f1 58.53%
2026-03-15 20:31:20 - __main__ - INFO - 
Epoch 88/200 | lr 0.062360
2026-03-15 20:31:37 - __main__ - INFO - Train: loss 0.5684 acc1 82.37% precision 82.37% recall 82.40% f1 82.37%
2026-03-15 20:31:37 - __main__ - INFO - Val:   loss 1.3644 acc1 64.25% precision 67.74% recall 63.35% f1 63.73%
2026-03-15 20:31:37 - __main__ - INFO - saved best: 64.25%
2026-03-15 20:31:37 - __main__ - INFO - 
Epoch 89/200 | lr 0.061578
2026-03-15 20:31:53 - __main__ - INFO - Train: loss 0.5824 acc1 81.95% precision 81.94% recall 81.97% f1 81.94%
2026-03-15 20:31:53 - __main__ - INFO - Val:   loss 1.7140 acc1 59.49% precision 65.24% recall 59.03% f1 59.28%
2026-03-15 20:31:53 - __main__ - INFO - 
Epoch 90/200 | lr 0.060793
2026-03-15 20:32:10 - __main__ - INFO - Train: loss 0.5607 acc1 82.64% precision 82.64% recall 82.66% f1 82.64%
2026-03-15 20:32:10 - __main__ - INFO - Val:   loss 1.5073 acc1 62.34% precision 66.54% recall 62.03% f1 61.71%
2026-03-15 20:32:10 - __main__ - INFO - 
Epoch 91/200 | lr 0.060005
2026-03-15 20:32:27 - __main__ - INFO - Train: loss 0.5560 acc1 82.90% precision 82.93% recall 82.93% f1 82.92%
2026-03-15 20:32:27 - __main__ - INFO - Val:   loss 1.5563 acc1 61.94% precision 65.55% recall 61.50% f1 61.41%
2026-03-15 20:32:27 - __main__ - INFO - 
Epoch 92/200 | lr 0.059215
2026-03-15 20:32:43 - __main__ - INFO - Train: loss 0.5494 acc1 83.06% precision 83.07% recall 83.08% f1 83.07%
2026-03-15 20:32:43 - __main__ - INFO - Val:   loss 1.6281 acc1 61.63% precision 67.45% recall 60.84% f1 61.12%
2026-03-15 20:32:43 - __main__ - INFO - 
Epoch 93/200 | lr 0.058422
2026-03-15 20:33:00 - __main__ - INFO - Train: loss 0.5414 acc1 83.51% precision 83.52% recall 83.53% f1 83.52%
2026-03-15 20:33:00 - __main__ - INFO - Val:   loss 1.5120 acc1 63.12% precision 66.86% recall 62.66% f1 62.83%
2026-03-15 20:33:00 - __main__ - INFO - 
Epoch 94/200 | lr 0.057627
2026-03-15 20:33:17 - __main__ - INFO - Train: loss 0.5193 acc1 84.02% precision 84.03% recall 84.05% f1 84.03%
2026-03-15 20:33:17 - __main__ - INFO - Val:   loss 1.5017 acc1 63.40% precision 67.22% recall 62.81% f1 62.97%
2026-03-15 20:33:17 - __main__ - INFO - 
Epoch 95/200 | lr 0.056830
2026-03-15 20:33:33 - __main__ - INFO - Train: loss 0.5224 acc1 83.98% precision 83.98% recall 83.99% f1 83.97%
2026-03-15 20:33:33 - __main__ - INFO - Val:   loss 1.5971 acc1 61.82% precision 65.72% recall 61.17% f1 60.62%
2026-03-15 20:33:33 - __main__ - INFO - 
Epoch 96/200 | lr 0.056031
2026-03-15 20:33:50 - __main__ - INFO - Train: loss 0.5205 acc1 84.08% precision 84.09% recall 84.10% f1 84.09%
2026-03-15 20:33:50 - __main__ - INFO - Val:   loss 1.3911 acc1 65.08% precision 68.10% recall 64.68% f1 64.63%
2026-03-15 20:33:50 - __main__ - INFO - saved best: 65.08%
2026-03-15 20:33:50 - __main__ - INFO - 
Epoch 97/200 | lr 0.055231
2026-03-15 20:34:07 - __main__ - INFO - Train: loss 0.4980 acc1 84.70% precision 84.74% recall 84.72% f1 84.72%
2026-03-15 20:34:07 - __main__ - INFO - Val:   loss 1.5037 acc1 62.80% precision 65.95% recall 62.35% f1 62.32%
2026-03-15 20:34:07 - __main__ - INFO - 
Epoch 98/200 | lr 0.054429
2026-03-15 20:34:23 - __main__ - INFO - Train: loss 0.5022 acc1 84.56% precision 84.57% recall 84.58% f1 84.56%
2026-03-15 20:34:23 - __main__ - INFO - Val:   loss 1.4706 acc1 63.84% precision 66.66% recall 63.57% f1 63.54%
2026-03-15 20:34:23 - __main__ - INFO - 
Epoch 99/200 | lr 0.053626
2026-03-15 20:34:40 - __main__ - INFO - Train: loss 0.4899 acc1 84.80% precision 84.83% recall 84.82% f1 84.82%
2026-03-15 20:34:40 - __main__ - INFO - Val:   loss 1.5648 acc1 62.18% precision 67.25% recall 61.77% f1 61.59%
2026-03-15 20:34:40 - __main__ - INFO - 
Epoch 100/200 | lr 0.052823
2026-03-15 20:34:57 - __main__ - INFO - Train: loss 0.4848 acc1 85.05% precision 85.08% recall 85.07% f1 85.07%
2026-03-15 20:34:57 - __main__ - INFO - Val:   loss 1.6033 acc1 61.49% precision 65.40% recall 61.04% f1 60.80%
2026-03-15 20:34:57 - __main__ - INFO - 
Epoch 101/200 | lr 0.052018
2026-03-15 20:35:13 - __main__ - INFO - Train: loss 0.4565 acc1 85.77% precision 85.79% recall 85.80% f1 85.79%
2026-03-15 20:35:13 - __main__ - INFO - Val:   loss 1.6120 acc1 61.09% precision 64.83% recall 60.61% f1 60.66%
2026-03-15 20:35:13 - __main__ - INFO - 
Epoch 102/200 | lr 0.051213
2026-03-15 20:35:30 - __main__ - INFO - Train: loss 0.4672 acc1 85.50% precision 85.51% recall 85.51% f1 85.50%
2026-03-15 20:35:30 - __main__ - INFO - Val:   loss 1.5067 acc1 63.03% precision 66.97% recall 62.69% f1 62.66%
2026-03-15 20:35:30 - __main__ - INFO - 
Epoch 103/200 | lr 0.050408
2026-03-15 20:35:47 - __main__ - INFO - Train: loss 0.4432 acc1 86.32% precision 86.37% recall 86.35% f1 86.35%
2026-03-15 20:35:47 - __main__ - INFO - Val:   loss 1.5180 acc1 63.78% precision 67.28% recall 63.32% f1 63.44%
2026-03-15 20:35:47 - __main__ - INFO - 
Epoch 104/200 | lr 0.049602
2026-03-15 20:36:03 - __main__ - INFO - Train: loss 0.4380 acc1 86.42% precision 86.44% recall 86.43% f1 86.43%
2026-03-15 20:36:03 - __main__ - INFO - Val:   loss 1.6548 acc1 61.45% precision 66.06% recall 60.91% f1 60.95%
2026-03-15 20:36:03 - __main__ - INFO - 
Epoch 105/200 | lr 0.048797
2026-03-15 20:36:20 - __main__ - INFO - Train: loss 0.4381 acc1 86.27% precision 86.29% recall 86.29% f1 86.28%
2026-03-15 20:36:20 - __main__ - INFO - Val:   loss 1.5503 acc1 63.92% precision 67.71% recall 63.55% f1 63.43%
2026-03-15 20:36:20 - __main__ - INFO - 
Epoch 106/200 | lr 0.047992
2026-03-15 20:36:37 - __main__ - INFO - Train: loss 0.4316 acc1 86.50% precision 86.53% recall 86.52% f1 86.52%
2026-03-15 20:36:37 - __main__ - INFO - Val:   loss 1.4882 acc1 64.59% precision 68.08% recall 64.12% f1 64.32%
2026-03-15 20:36:37 - __main__ - INFO - 
Epoch 107/200 | lr 0.047187
2026-03-15 20:36:53 - __main__ - INFO - Train: loss 0.3957 acc1 87.66% precision 87.68% recall 87.68% f1 87.67%
2026-03-15 20:36:53 - __main__ - INFO - Val:   loss 1.4288 acc1 65.13% precision 68.53% recall 64.73% f1 64.90%
2026-03-15 20:36:53 - __main__ - INFO - saved best: 65.13%
2026-03-15 20:36:53 - __main__ - INFO - 
Epoch 108/200 | lr 0.046384
2026-03-15 20:37:10 - __main__ - INFO - Train: loss 0.4024 acc1 87.54% precision 87.57% recall 87.57% f1 87.56%
2026-03-15 20:37:10 - __main__ - INFO - Val:   loss 1.5224 acc1 63.95% precision 66.78% recall 63.62% f1 63.52%
2026-03-15 20:37:10 - __main__ - INFO - 
Epoch 109/200 | lr 0.045581
2026-03-15 20:37:27 - __main__ - INFO - Train: loss 0.3983 acc1 87.68% precision 87.69% recall 87.69% f1 87.68%
2026-03-15 20:37:27 - __main__ - INFO - Val:   loss 1.4979 acc1 63.65% precision 67.98% recall 63.08% f1 63.43%
2026-03-15 20:37:27 - __main__ - INFO - 
Epoch 110/200 | lr 0.044779
2026-03-15 20:37:43 - __main__ - INFO - Train: loss 0.3848 acc1 88.05% precision 88.06% recall 88.07% f1 88.06%
2026-03-15 20:37:43 - __main__ - INFO - Val:   loss 1.7019 acc1 62.10% precision 68.07% recall 61.66% f1 62.47%
2026-03-15 20:37:43 - __main__ - INFO - 
Epoch 111/200 | lr 0.043979
2026-03-15 20:38:00 - __main__ - INFO - Train: loss 0.3748 acc1 88.35% precision 88.37% recall 88.37% f1 88.37%
2026-03-15 20:38:00 - __main__ - INFO - Val:   loss 1.5803 acc1 62.78% precision 66.24% recall 62.21% f1 62.50%
2026-03-15 20:38:00 - __main__ - INFO - 
Epoch 112/200 | lr 0.043180
2026-03-15 20:38:17 - __main__ - INFO - Train: loss 0.3599 acc1 88.89% precision 88.91% recall 88.91% f1 88.90%
2026-03-15 20:38:17 - __main__ - INFO - Val:   loss 1.5147 acc1 63.19% precision 66.10% recall 62.82% f1 62.60%
2026-03-15 20:38:17 - __main__ - INFO - 
Epoch 113/200 | lr 0.042383
2026-03-15 20:38:34 - __main__ - INFO - Train: loss 0.3588 acc1 89.05% precision 89.05% recall 89.06% f1 89.05%
2026-03-15 20:38:34 - __main__ - INFO - Val:   loss 1.5066 acc1 65.12% precision 68.87% recall 65.14% f1 64.95%
2026-03-15 20:38:34 - __main__ - INFO - 
Epoch 114/200 | lr 0.041588
2026-03-15 20:38:50 - __main__ - INFO - Train: loss 0.3491 acc1 89.21% precision 89.23% recall 89.22% f1 89.22%
2026-03-15 20:38:50 - __main__ - INFO - Val:   loss 1.4930 acc1 64.60% precision 67.83% recall 64.15% f1 64.33%
2026-03-15 20:38:50 - __main__ - INFO - 
Epoch 115/200 | lr 0.040795
2026-03-15 20:39:07 - __main__ - INFO - Train: loss 0.3364 acc1 89.56% precision 89.59% recall 89.57% f1 89.57%
2026-03-15 20:39:07 - __main__ - INFO - Val:   loss 1.5044 acc1 65.08% precision 68.48% recall 64.57% f1 64.61%
2026-03-15 20:39:07 - __main__ - INFO - 
Epoch 116/200 | lr 0.040005
2026-03-15 20:39:24 - __main__ - INFO - Train: loss 0.3229 acc1 89.92% precision 89.94% recall 89.94% f1 89.93%
2026-03-15 20:39:24 - __main__ - INFO - Val:   loss 1.4989 acc1 65.15% precision 68.70% recall 64.70% f1 64.93%
2026-03-15 20:39:24 - __main__ - INFO - saved best: 65.15%
2026-03-15 20:39:24 - __main__ - INFO - 
Epoch 117/200 | lr 0.039217
2026-03-15 20:39:40 - __main__ - INFO - Train: loss 0.3002 acc1 90.80% precision 90.82% recall 90.81% f1 90.81%
2026-03-15 20:39:40 - __main__ - INFO - Val:   loss 1.4726 acc1 66.05% precision 68.49% recall 65.70% f1 65.75%
2026-03-15 20:39:40 - __main__ - INFO - saved best: 66.05%
2026-03-15 20:39:40 - __main__ - INFO - 
Epoch 118/200 | lr 0.038432
2026-03-15 20:39:57 - __main__ - INFO - Train: loss 0.3135 acc1 90.25% precision 90.27% recall 90.27% f1 90.26%
2026-03-15 20:39:57 - __main__ - INFO - Val:   loss 1.4037 acc1 66.22% precision 68.53% recall 65.83% f1 65.82%
2026-03-15 20:39:57 - __main__ - INFO - saved best: 66.22%
2026-03-15 20:39:57 - __main__ - INFO - 
Epoch 119/200 | lr 0.037650
2026-03-15 20:40:14 - __main__ - INFO - Train: loss 0.2907 acc1 91.10% precision 91.13% recall 91.12% f1 91.13%
2026-03-15 20:40:14 - __main__ - INFO - Val:   loss 1.4904 acc1 65.45% precision 68.48% recall 64.95% f1 65.25%
2026-03-15 20:40:14 - __main__ - INFO - 
Epoch 120/200 | lr 0.036871
2026-03-15 20:40:30 - __main__ - INFO - Train: loss 0.2833 acc1 91.38% precision 91.40% recall 91.40% f1 91.39%
2026-03-15 20:40:30 - __main__ - INFO - Val:   loss 1.5499 acc1 64.16% precision 67.74% recall 63.91% f1 64.06%
2026-03-15 20:40:30 - __main__ - INFO - 
Epoch 121/200 | lr 0.036096
2026-03-15 20:40:47 - __main__ - INFO - Train: loss 0.2826 acc1 91.41% precision 91.42% recall 91.42% f1 91.42%
2026-03-15 20:40:47 - __main__ - INFO - Val:   loss 1.5152 acc1 63.71% precision 66.98% recall 63.25% f1 63.08%
2026-03-15 20:40:47 - __main__ - INFO - 
Epoch 122/200 | lr 0.035324
2026-03-15 20:41:04 - __main__ - INFO - Train: loss 0.2854 acc1 91.22% precision 91.24% recall 91.23% f1 91.23%
2026-03-15 20:41:04 - __main__ - INFO - Val:   loss 1.4792 acc1 65.67% precision 69.72% recall 65.35% f1 65.79%
2026-03-15 20:41:04 - __main__ - INFO - 
Epoch 123/200 | lr 0.034556
2026-03-15 20:41:20 - __main__ - INFO - Train: loss 0.2676 acc1 91.88% precision 91.90% recall 91.90% f1 91.90%
2026-03-15 20:41:20 - __main__ - INFO - Val:   loss 1.4635 acc1 66.47% precision 69.57% recall 66.13% f1 66.20%
2026-03-15 20:41:20 - __main__ - INFO - saved best: 66.47%
2026-03-15 20:41:20 - __main__ - INFO - 
Epoch 124/200 | lr 0.033792
2026-03-15 20:41:37 - __main__ - INFO - Train: loss 0.2400 acc1 92.77% precision 92.79% recall 92.78% f1 92.78%
2026-03-15 20:41:37 - __main__ - INFO - Val:   loss 1.4696 acc1 66.10% precision 68.42% recall 65.86% f1 65.65%
2026-03-15 20:41:37 - __main__ - INFO - 
Epoch 125/200 | lr 0.033032
2026-03-15 20:41:54 - __main__ - INFO - Train: loss 0.2348 acc1 93.10% precision 93.12% recall 93.11% f1 93.11%
2026-03-15 20:41:54 - __main__ - INFO - Val:   loss 1.4789 acc1 66.19% precision 68.77% recall 65.70% f1 65.73%
2026-03-15 20:41:54 - __main__ - INFO - 
Epoch 126/200 | lr 0.032277
2026-03-15 20:42:11 - __main__ - INFO - Train: loss 0.2316 acc1 93.04% precision 93.06% recall 93.06% f1 93.06%
2026-03-15 20:42:11 - __main__ - INFO - Val:   loss 1.5482 acc1 66.58% precision 69.59% recall 66.00% f1 66.22%
2026-03-15 20:42:11 - __main__ - INFO - saved best: 66.58%
2026-03-15 20:42:11 - __main__ - INFO - 
Epoch 127/200 | lr 0.031526
2026-03-15 20:42:27 - __main__ - INFO - Train: loss 0.2370 acc1 92.83% precision 92.85% recall 92.85% f1 92.85%
2026-03-15 20:42:27 - __main__ - INFO - Val:   loss 1.3928 acc1 67.06% precision 69.21% recall 66.81% f1 66.56%
2026-03-15 20:42:27 - __main__ - INFO - saved best: 67.06%
2026-03-15 20:42:27 - __main__ - INFO - 
Epoch 128/200 | lr 0.030780
2026-03-15 20:42:44 - __main__ - INFO - Train: loss 0.2300 acc1 93.14% precision 93.17% recall 93.16% f1 93.16%
2026-03-15 20:42:44 - __main__ - INFO - Val:   loss 1.3808 acc1 67.16% precision 69.35% recall 66.69% f1 66.73%
2026-03-15 20:42:44 - __main__ - INFO - saved best: 67.16%
2026-03-15 20:42:44 - __main__ - INFO - 
Epoch 129/200 | lr 0.030039
2026-03-15 20:43:01 - __main__ - INFO - Train: loss 0.2215 acc1 93.37% precision 93.40% recall 93.39% f1 93.39%
2026-03-15 20:43:01 - __main__ - INFO - Val:   loss 1.4503 acc1 66.29% precision 68.92% recall 65.78% f1 65.83%
2026-03-15 20:43:01 - __main__ - INFO - 
Epoch 130/200 | lr 0.029303
2026-03-15 20:43:17 - __main__ - INFO - Train: loss 0.1985 acc1 94.06% precision 94.08% recall 94.07% f1 94.07%
2026-03-15 20:43:17 - __main__ - INFO - Val:   loss 1.4002 acc1 67.18% precision 69.22% recall 66.82% f1 66.77%
2026-03-15 20:43:17 - __main__ - INFO - saved best: 67.18%
2026-03-15 20:43:17 - __main__ - INFO - 
Epoch 131/200 | lr 0.028573
2026-03-15 20:43:34 - __main__ - INFO - Train: loss 0.1870 acc1 94.54% precision 94.56% recall 94.56% f1 94.56%
2026-03-15 20:43:34 - __main__ - INFO - Val:   loss 1.4359 acc1 66.38% precision 68.95% recall 65.95% f1 66.04%
2026-03-15 20:43:34 - __main__ - INFO - 
Epoch 132/200 | lr 0.027848
2026-03-15 20:43:51 - __main__ - INFO - Train: loss 0.1908 acc1 94.38% precision 94.40% recall 94.40% f1 94.40%
2026-03-15 20:43:51 - __main__ - INFO - Val:   loss 1.4557 acc1 67.35% precision 69.75% recall 66.78% f1 66.88%
2026-03-15 20:43:51 - __main__ - INFO - saved best: 67.35%
2026-03-15 20:43:51 - __main__ - INFO - 
Epoch 133/200 | lr 0.027129
2026-03-15 20:44:08 - __main__ - INFO - Train: loss 0.1678 acc1 95.22% precision 95.23% recall 95.22% f1 95.22%
2026-03-15 20:44:08 - __main__ - INFO - Val:   loss 1.3103 acc1 68.71% precision 70.21% recall 68.12% f1 68.08%
2026-03-15 20:44:08 - __main__ - INFO - saved best: 68.71%
2026-03-15 20:44:08 - __main__ - INFO - 
Epoch 134/200 | lr 0.026415
2026-03-15 20:44:24 - __main__ - INFO - Train: loss 0.1505 acc1 95.69% precision 95.71% recall 95.70% f1 95.71%
2026-03-15 20:44:24 - __main__ - INFO - Val:   loss 1.3045 acc1 69.17% precision 70.11% recall 68.64% f1 68.48%
2026-03-15 20:44:24 - __main__ - INFO - saved best: 69.17%
2026-03-15 20:44:24 - __main__ - INFO - 
Epoch 135/200 | lr 0.025708
2026-03-15 20:44:41 - __main__ - INFO - Train: loss 0.1475 acc1 95.87% precision 95.88% recall 95.88% f1 95.88%
2026-03-15 20:44:41 - __main__ - INFO - Val:   loss 1.3322 acc1 68.55% precision 70.66% recall 68.07% f1 68.21%
2026-03-15 20:44:41 - __main__ - INFO - 
Epoch 136/200 | lr 0.025008
2026-03-15 20:44:58 - __main__ - INFO - Train: loss 0.1513 acc1 95.69% precision 95.70% recall 95.70% f1 95.69%
2026-03-15 20:44:58 - __main__ - INFO - Val:   loss 1.3591 acc1 68.17% precision 69.82% recall 67.75% f1 67.81%
2026-03-15 20:44:58 - __main__ - INFO - 
Epoch 137/200 | lr 0.024313
2026-03-15 20:45:14 - __main__ - INFO - Train: loss 0.1422 acc1 96.17% precision 96.18% recall 96.18% f1 96.18%
2026-03-15 20:45:14 - __main__ - INFO - Val:   loss 1.4030 acc1 68.09% precision 69.81% recall 67.73% f1 67.60%
2026-03-15 20:45:14 - __main__ - INFO - 
Epoch 138/200 | lr 0.023626
2026-03-15 20:45:31 - __main__ - INFO - Train: loss 0.1308 acc1 96.39% precision 96.39% recall 96.39% f1 96.39%
2026-03-15 20:45:31 - __main__ - INFO - Val:   loss 1.3005 acc1 70.24% precision 71.81% recall 69.87% f1 70.00%
2026-03-15 20:45:31 - __main__ - INFO - saved best: 70.24%
2026-03-15 20:45:31 - __main__ - INFO - 
Epoch 139/200 | lr 0.022945
2026-03-15 20:45:48 - __main__ - INFO - Train: loss 0.1239 acc1 96.70% precision 96.71% recall 96.70% f1 96.71%
2026-03-15 20:45:48 - __main__ - INFO - Val:   loss 1.3040 acc1 69.45% precision 71.16% recall 69.10% f1 68.94%
2026-03-15 20:45:48 - __main__ - INFO - 
Epoch 140/200 | lr 0.022271
2026-03-15 20:46:04 - __main__ - INFO - Train: loss 0.1154 acc1 96.92% precision 96.92% recall 96.92% f1 96.92%
2026-03-15 20:46:04 - __main__ - INFO - Val:   loss 1.2774 acc1 69.94% precision 71.08% recall 69.53% f1 69.39%
2026-03-15 20:46:04 - __main__ - INFO - 
Epoch 141/200 | lr 0.021605
2026-03-15 20:46:21 - __main__ - INFO - Train: loss 0.1116 acc1 97.05% precision 97.06% recall 97.06% f1 97.06%
2026-03-15 20:46:21 - __main__ - INFO - Val:   loss 1.2888 acc1 70.01% precision 71.57% recall 69.63% f1 69.65%
2026-03-15 20:46:21 - __main__ - INFO - 
Epoch 142/200 | lr 0.020945
2026-03-15 20:46:38 - __main__ - INFO - Train: loss 0.1083 acc1 97.24% precision 97.25% recall 97.24% f1 97.25%
2026-03-15 20:46:38 - __main__ - INFO - Val:   loss 1.2624 acc1 70.39% precision 71.08% recall 69.89% f1 69.79%
2026-03-15 20:46:38 - __main__ - INFO - saved best: 70.39%
2026-03-15 20:46:38 - __main__ - INFO - 
Epoch 143/200 | lr 0.020294
2026-03-15 20:46:55 - __main__ - INFO - Train: loss 0.0999 acc1 97.46% precision 97.47% recall 97.47% f1 97.47%
2026-03-15 20:46:55 - __main__ - INFO - Val:   loss 1.2071 acc1 71.08% precision 71.86% recall 70.65% f1 70.67%
2026-03-15 20:46:55 - __main__ - INFO - saved best: 71.08%
2026-03-15 20:46:55 - __main__ - INFO - 
Epoch 144/200 | lr 0.019650
2026-03-15 20:47:11 - __main__ - INFO - Train: loss 0.0896 acc1 97.75% precision 97.76% recall 97.76% f1 97.76%
2026-03-15 20:47:11 - __main__ - INFO - Val:   loss 1.2749 acc1 69.98% precision 70.80% recall 69.67% f1 69.36%
2026-03-15 20:47:11 - __main__ - INFO - 
Epoch 145/200 | lr 0.019014
2026-03-15 20:47:28 - __main__ - INFO - Train: loss 0.0866 acc1 97.90% precision 97.91% recall 97.91% f1 97.91%
2026-03-15 20:47:28 - __main__ - INFO - Val:   loss 1.2186 acc1 70.87% precision 72.27% recall 70.43% f1 70.61%
2026-03-15 20:47:28 - __main__ - INFO - 
Epoch 146/200 | lr 0.018386
2026-03-15 20:47:45 - __main__ - INFO - Train: loss 0.0688 acc1 98.40% precision 98.41% recall 98.41% f1 98.41%
2026-03-15 20:47:45 - __main__ - INFO - Val:   loss 1.1768 acc1 71.86% precision 72.48% recall 71.46% f1 71.40%
2026-03-15 20:47:45 - __main__ - INFO - saved best: 71.86%
2026-03-15 20:47:45 - __main__ - INFO - 
Epoch 147/200 | lr 0.017766
2026-03-15 20:48:01 - __main__ - INFO - Train: loss 0.0636 acc1 98.63% precision 98.63% recall 98.63% f1 98.63%
2026-03-15 20:48:01 - __main__ - INFO - Val:   loss 1.1992 acc1 71.48% precision 72.04% recall 70.99% f1 70.92%
2026-03-15 20:48:01 - __main__ - INFO - 
Epoch 148/200 | lr 0.017155
2026-03-15 20:48:18 - __main__ - INFO - Train: loss 0.0541 acc1 98.85% precision 98.85% recall 98.85% f1 98.85%
2026-03-15 20:48:18 - __main__ - INFO - Val:   loss 1.1615 acc1 72.33% precision 73.02% recall 71.94% f1 71.85%
2026-03-15 20:48:18 - __main__ - INFO - saved best: 72.33%
2026-03-15 20:48:18 - __main__ - INFO - 
Epoch 149/200 | lr 0.016552
2026-03-15 20:48:35 - __main__ - INFO - Train: loss 0.0466 acc1 99.17% precision 99.17% recall 99.16% f1 99.17%
2026-03-15 20:48:35 - __main__ - INFO - Val:   loss 1.1361 acc1 73.56% precision 73.96% recall 73.28% f1 73.17%
2026-03-15 20:48:35 - __main__ - INFO - saved best: 73.56%
2026-03-15 20:48:35 - __main__ - INFO - 
Epoch 150/200 | lr 0.015958
2026-03-15 20:48:51 - __main__ - INFO - Train: loss 0.0390 acc1 99.31% precision 99.32% recall 99.32% f1 99.32%
2026-03-15 20:48:51 - __main__ - INFO - Val:   loss 1.1112 acc1 73.66% precision 73.86% recall 73.20% f1 73.11%
2026-03-15 20:48:51 - __main__ - INFO - saved best: 73.66%
2026-03-15 20:48:51 - __main__ - INFO - 
Epoch 151/200 | lr 0.015372
2026-03-15 20:49:08 - __main__ - INFO - Train: loss 0.0366 acc1 99.40% precision 99.40% recall 99.40% f1 99.40%
2026-03-15 20:49:08 - __main__ - INFO - Val:   loss 1.0936 acc1 73.16% precision 73.53% recall 72.73% f1 72.71%
2026-03-15 20:49:08 - __main__ - INFO - 
Epoch 152/200 | lr 0.014796
2026-03-15 20:49:25 - __main__ - INFO - Train: loss 0.0327 acc1 99.46% precision 99.46% recall 99.46% f1 99.46%
2026-03-15 20:49:25 - __main__ - INFO - Val:   loss 1.0785 acc1 74.12% precision 74.14% recall 73.63% f1 73.54%
2026-03-15 20:49:25 - __main__ - INFO - saved best: 74.12%
2026-03-15 20:49:25 - __main__ - INFO - 
Epoch 153/200 | lr 0.014229
2026-03-15 20:49:42 - __main__ - INFO - Train: loss 0.0241 acc1 99.69% precision 99.69% recall 99.69% f1 99.69%
2026-03-15 20:49:42 - __main__ - INFO - Val:   loss 1.0501 acc1 74.23% precision 74.11% recall 73.79% f1 73.64%
2026-03-15 20:49:42 - __main__ - INFO - saved best: 74.23%
2026-03-15 20:49:42 - __main__ - INFO - 
Epoch 154/200 | lr 0.013671
2026-03-15 20:49:58 - __main__ - INFO - Train: loss 0.0186 acc1 99.80% precision 99.80% recall 99.80% f1 99.80%
2026-03-15 20:49:58 - __main__ - INFO - Val:   loss 1.0283 acc1 74.95% precision 75.00% recall 74.59% f1 74.49%
2026-03-15 20:49:58 - __main__ - INFO - saved best: 74.95%
2026-03-15 20:49:58 - __main__ - INFO - 
Epoch 155/200 | lr 0.013122
2026-03-15 20:50:15 - __main__ - INFO - Train: loss 0.0163 acc1 99.86% precision 99.86% recall 99.86% f1 99.86%
2026-03-15 20:50:15 - __main__ - INFO - Val:   loss 0.9964 acc1 75.83% precision 75.82% recall 75.35% f1 75.28%
2026-03-15 20:50:15 - __main__ - INFO - saved best: 75.83%
2026-03-15 20:50:15 - __main__ - INFO - 
Epoch 156/200 | lr 0.012583
2026-03-15 20:50:32 - __main__ - INFO - Train: loss 0.0152 acc1 99.87% precision 99.87% recall 99.87% f1 99.87%
2026-03-15 20:50:32 - __main__ - INFO - Val:   loss 0.9924 acc1 75.35% precision 75.27% recall 75.07% f1 74.86%
2026-03-15 20:50:32 - __main__ - INFO - 
Epoch 157/200 | lr 0.012054
2026-03-15 20:50:48 - __main__ - INFO - Train: loss 0.0139 acc1 99.89% precision 99.89% recall 99.89% f1 99.89%
2026-03-15 20:50:48 - __main__ - INFO - Val:   loss 0.9755 acc1 75.82% precision 75.64% recall 75.48% f1 75.30%
2026-03-15 20:50:48 - __main__ - INFO - 
Epoch 158/200 | lr 0.011535
2026-03-15 20:51:05 - __main__ - INFO - Train: loss 0.0122 acc1 99.94% precision 99.94% recall 99.94% f1 99.94%
2026-03-15 20:51:05 - __main__ - INFO - Val:   loss 0.9716 acc1 75.49% precision 75.53% recall 75.21% f1 75.08%
2026-03-15 20:51:05 - __main__ - INFO - 
Epoch 159/200 | lr 0.011025
2026-03-15 20:51:22 - __main__ - INFO - Train: loss 0.0113 acc1 99.94% precision 99.94% recall 99.94% f1 99.94%
2026-03-15 20:51:22 - __main__ - INFO - Val:   loss 0.9400 acc1 76.58% precision 76.40% recall 76.22% f1 76.08%
2026-03-15 20:51:22 - __main__ - INFO - saved best: 76.58%
2026-03-15 20:51:22 - __main__ - INFO - 
Epoch 160/200 | lr 0.010526
2026-03-15 20:51:38 - __main__ - INFO - Train: loss 0.0113 acc1 99.94% precision 99.94% recall 99.94% f1 99.94%
2026-03-15 20:51:38 - __main__ - INFO - Val:   loss 0.9374 acc1 76.10% precision 75.95% recall 75.72% f1 75.60%
2026-03-15 20:51:38 - __main__ - INFO - 
Epoch 161/200 | lr 0.010037
2026-03-15 20:51:55 - __main__ - INFO - Train: loss 0.0101 acc1 99.95% precision 99.95% recall 99.95% f1 99.95%
2026-03-15 20:51:55 - __main__ - INFO - Val:   loss 0.9409 acc1 76.24% precision 76.01% recall 75.89% f1 75.74%
2026-03-15 20:51:55 - __main__ - INFO - 
Epoch 162/200 | lr 0.009558
2026-03-15 20:52:12 - __main__ - INFO - Train: loss 0.0106 acc1 99.95% precision 99.95% recall 99.95% f1 99.95%
2026-03-15 20:52:12 - __main__ - INFO - Val:   loss 0.9342 acc1 76.68% precision 76.53% recall 76.31% f1 76.20%
2026-03-15 20:52:12 - __main__ - INFO - saved best: 76.68%
2026-03-15 20:52:12 - __main__ - INFO - 
Epoch 163/200 | lr 0.009090
2026-03-15 20:52:28 - __main__ - INFO - Train: loss 0.0103 acc1 99.96% precision 99.96% recall 99.96% f1 99.96%
2026-03-15 20:52:28 - __main__ - INFO - Val:   loss 0.9355 acc1 76.80% precision 76.61% recall 76.41% f1 76.25%
2026-03-15 20:52:28 - __main__ - INFO - saved best: 76.80%
2026-03-15 20:52:28 - __main__ - INFO - 
Epoch 164/200 | lr 0.008632
2026-03-15 20:52:45 - __main__ - INFO - Train: loss 0.0107 acc1 99.95% precision 99.95% recall 99.95% f1 99.95%
2026-03-15 20:52:45 - __main__ - INFO - Val:   loss 0.9285 acc1 77.03% precision 76.71% recall 76.61% f1 76.50%
2026-03-15 20:52:45 - __main__ - INFO - saved best: 77.03%
2026-03-15 20:52:45 - __main__ - INFO - 
Epoch 165/200 | lr 0.008186
2026-03-15 20:53:02 - __main__ - INFO - Train: loss 0.0108 acc1 99.95% precision 99.95% recall 99.95% f1 99.95%
2026-03-15 20:53:02 - __main__ - INFO - Val:   loss 0.9308 acc1 76.84% precision 76.65% recall 76.46% f1 76.35%
2026-03-15 20:53:02 - __main__ - INFO - 
Epoch 166/200 | lr 0.007750
2026-03-15 20:53:19 - __main__ - INFO - Train: loss 0.0104 acc1 99.96% precision 99.96% recall 99.96% f1 99.96%
2026-03-15 20:53:19 - __main__ - INFO - Val:   loss 0.9248 acc1 76.67% precision 76.43% recall 76.30% f1 76.15%
2026-03-15 20:53:19 - __main__ - INFO - 
Epoch 167/200 | lr 0.007325
2026-03-15 20:53:35 - __main__ - INFO - Train: loss 0.0102 acc1 99.97% precision 99.97% recall 99.97% f1 99.97%
2026-03-15 20:53:35 - __main__ - INFO - Val:   loss 0.9223 acc1 76.97% precision 76.76% recall 76.64% f1 76.48%
2026-03-15 20:53:35 - __main__ - INFO - 
Epoch 168/200 | lr 0.006911
2026-03-15 20:53:52 - __main__ - INFO - Train: loss 0.0100 acc1 99.97% precision 99.97% recall 99.97% f1 99.97%
2026-03-15 20:53:52 - __main__ - INFO - Val:   loss 0.9243 acc1 77.06% precision 76.80% recall 76.68% f1 76.57%
2026-03-15 20:53:52 - __main__ - INFO - saved best: 77.06%
2026-03-15 20:53:52 - __main__ - INFO - 
Epoch 169/200 | lr 0.006508
2026-03-15 20:54:09 - __main__ - INFO - Train: loss 0.0101 acc1 99.96% precision 99.96% recall 99.96% f1 99.96%
2026-03-15 20:54:09 - __main__ - INFO - Val:   loss 0.9239 acc1 76.63% precision 76.35% recall 76.30% f1 76.14%
2026-03-15 20:54:09 - __main__ - INFO - 
Epoch 170/200 | lr 0.006117
2026-03-15 20:54:25 - __main__ - INFO - Train: loss 0.0099 acc1 99.96% precision 99.96% recall 99.96% f1 99.96%
2026-03-15 20:54:25 - __main__ - INFO - Val:   loss 0.9239 acc1 77.18% precision 76.99% recall 76.85% f1 76.73%
2026-03-15 20:54:25 - __main__ - INFO - saved best: 77.18%
2026-03-15 20:54:25 - __main__ - INFO - 
Epoch 171/200 | lr 0.005737
2026-03-15 20:54:42 - __main__ - INFO - Train: loss 0.0097 acc1 99.96% precision 99.96% recall 99.96% f1 99.96%
2026-03-15 20:54:42 - __main__ - INFO - Val:   loss 0.9155 acc1 76.94% precision 76.66% recall 76.58% f1 76.46%
2026-03-15 20:54:42 - __main__ - INFO - 
Epoch 172/200 | lr 0.005368
2026-03-15 20:54:59 - __main__ - INFO - Train: loss 0.0097 acc1 99.97% precision 99.97% recall 99.97% f1 99.97%
2026-03-15 20:54:59 - __main__ - INFO - Val:   loss 0.9143 acc1 77.53% precision 77.31% recall 77.18% f1 77.03%
2026-03-15 20:54:59 - __main__ - INFO - saved best: 77.53%
2026-03-15 20:54:59 - __main__ - INFO - 
Epoch 173/200 | lr 0.005011
2026-03-15 20:55:15 - __main__ - INFO - Train: loss 0.0096 acc1 99.97% precision 99.97% recall 99.97% f1 99.97%
2026-03-15 20:55:15 - __main__ - INFO - Val:   loss 0.9084 acc1 77.44% precision 77.21% recall 77.04% f1 76.93%
2026-03-15 20:55:15 - __main__ - INFO - 
Epoch 174/200 | lr 0.004666
2026-03-15 20:55:32 - __main__ - INFO - Train: loss 0.0095 acc1 99.96% precision 99.96% recall 99.96% f1 99.96%
2026-03-15 20:55:32 - __main__ - INFO - Val:   loss 0.9190 acc1 77.33% precision 77.08% recall 76.97% f1 76.85%
2026-03-15 20:55:32 - __main__ - INFO - 
Epoch 175/200 | lr 0.004332
2026-03-15 20:55:49 - __main__ - INFO - Train: loss 0.0096 acc1 99.97% precision 99.97% recall 99.97% f1 99.97%
2026-03-15 20:55:49 - __main__ - INFO - Val:   loss 0.9144 acc1 77.17% precision 76.89% recall 76.78% f1 76.65%
2026-03-15 20:55:49 - __main__ - INFO - 
Epoch 176/200 | lr 0.004011
2026-03-15 20:56:06 - __main__ - INFO - Train: loss 0.0094 acc1 99.98% precision 99.98% recall 99.98% f1 99.98%
2026-03-15 20:56:06 - __main__ - INFO - Val:   loss 0.9151 acc1 77.31% precision 76.98% recall 76.93% f1 76.79%
2026-03-15 20:56:06 - __main__ - INFO - 
Epoch 177/200 | lr 0.003701
2026-03-15 20:56:22 - __main__ - INFO - Train: loss 0.0093 acc1 99.98% precision 99.98% recall 99.98% f1 99.98%
2026-03-15 20:56:22 - __main__ - INFO - Val:   loss 0.9137 acc1 77.43% precision 77.22% recall 77.07% f1 76.93%
2026-03-15 20:56:22 - __main__ - INFO - 
Epoch 178/200 | lr 0.003403
2026-03-15 20:56:39 - __main__ - INFO - Train: loss 0.0093 acc1 99.97% precision 99.97% recall 99.97% f1 99.97%
2026-03-15 20:56:39 - __main__ - INFO - Val:   loss 0.9140 acc1 77.41% precision 77.09% recall 77.04% f1 76.89%
2026-03-15 20:56:39 - __main__ - INFO - 
Epoch 179/200 | lr 0.003118
2026-03-15 20:56:56 - __main__ - INFO - Train: loss 0.0093 acc1 99.97% precision 99.97% recall 99.97% f1 99.97%
2026-03-15 20:56:56 - __main__ - INFO - Val:   loss 0.9110 acc1 77.39% precision 77.08% recall 76.98% f1 76.87%
2026-03-15 20:56:56 - __main__ - INFO - 
Epoch 180/200 | lr 0.002844
2026-03-15 20:57:12 - __main__ - INFO - Train: loss 0.0092 acc1 99.97% precision 99.97% recall 99.97% f1 99.97%
2026-03-15 20:57:12 - __main__ - INFO - Val:   loss 0.9123 acc1 77.27% precision 77.04% recall 76.90% f1 76.81%
2026-03-15 20:57:12 - __main__ - INFO - 
Epoch 181/200 | lr 0.002583
2026-03-15 20:57:29 - __main__ - INFO - Train: loss 0.0092 acc1 99.98% precision 99.98% recall 99.98% f1 99.98%
2026-03-15 20:57:29 - __main__ - INFO - Val:   loss 0.9117 acc1 77.35% precision 77.10% recall 76.99% f1 76.87%
2026-03-15 20:57:29 - __main__ - INFO - 
Epoch 182/200 | lr 0.002334
2026-03-15 20:57:46 - __main__ - INFO - Train: loss 0.0093 acc1 99.98% precision 99.98% recall 99.98% f1 99.98%
2026-03-15 20:57:46 - __main__ - INFO - Val:   loss 0.9157 acc1 77.08% precision 76.79% recall 76.73% f1 76.57%
2026-03-15 20:57:46 - __main__ - INFO - 
Epoch 183/200 | lr 0.002097
2026-03-15 20:58:02 - __main__ - INFO - Train: loss 0.0090 acc1 99.97% precision 99.97% recall 99.97% f1 99.97%
2026-03-15 20:58:02 - __main__ - INFO - Val:   loss 0.9115 acc1 77.51% precision 77.23% recall 77.12% f1 77.01%
2026-03-15 20:58:02 - __main__ - INFO - 
Epoch 184/200 | lr 0.001873
2026-03-15 20:58:19 - __main__ - INFO - Train: loss 0.0090 acc1 99.98% precision 99.98% recall 99.98% f1 99.98%
2026-03-15 20:58:19 - __main__ - INFO - Val:   loss 0.9155 acc1 77.44% precision 77.14% recall 77.07% f1 76.92%
2026-03-15 20:58:19 - __main__ - INFO - 
Epoch 185/200 | lr 0.001662
2026-03-15 20:58:36 - __main__ - INFO - Train: loss 0.0089 acc1 99.98% precision 99.98% recall 99.98% f1 99.98%
2026-03-15 20:58:36 - __main__ - INFO - Val:   loss 0.9098 acc1 77.16% precision 77.00% recall 76.81% f1 76.70%
2026-03-15 20:58:36 - __main__ - INFO - 
Epoch 186/200 | lr 0.001463
2026-03-15 20:58:52 - __main__ - INFO - Train: loss 0.0089 acc1 99.97% precision 99.97% recall 99.97% f1 99.97%
2026-03-15 20:58:52 - __main__ - INFO - Val:   loss 0.9151 acc1 77.50% precision 77.17% recall 77.09% f1 76.96%
2026-03-15 20:58:52 - __main__ - INFO - 
Epoch 187/200 | lr 0.001276
2026-03-15 20:59:09 - __main__ - INFO - Train: loss 0.0090 acc1 99.96% precision 99.96% recall 99.96% f1 99.96%
2026-03-15 20:59:09 - __main__ - INFO - Val:   loss 0.9117 acc1 77.44% precision 77.13% recall 77.05% f1 76.94%
2026-03-15 20:59:09 - __main__ - INFO - 
Epoch 188/200 | lr 0.001103
2026-03-15 20:59:26 - __main__ - INFO - Train: loss 0.0088 acc1 99.98% precision 99.98% recall 99.98% f1 99.98%
2026-03-15 20:59:26 - __main__ - INFO - Val:   loss 0.9157 acc1 77.47% precision 77.23% recall 77.08% f1 76.95%
2026-03-15 20:59:26 - __main__ - INFO - 
Epoch 189/200 | lr 0.000941
2026-03-15 20:59:42 - __main__ - INFO - Train: loss 0.0088 acc1 99.98% precision 99.98% recall 99.98% f1 99.98%
2026-03-15 20:59:42 - __main__ - INFO - Val:   loss 0.9130 acc1 77.43% precision 77.22% recall 77.07% f1 76.95%
2026-03-15 20:59:42 - __main__ - INFO - 
Epoch 190/200 | lr 0.000793
2026-03-15 20:59:59 - __main__ - INFO - Train: loss 0.0087 acc1 99.98% precision 99.98% recall 99.98% f1 99.98%
2026-03-15 20:59:59 - __main__ - INFO - Val:   loss 0.9132 acc1 77.27% precision 77.09% recall 76.86% f1 76.76%
2026-03-15 20:59:59 - __main__ - INFO - 
Epoch 191/200 | lr 0.000657
2026-03-15 21:00:16 - __main__ - INFO - Train: loss 0.0087 acc1 99.98% precision 99.98% recall 99.98% f1 99.98%
2026-03-15 21:00:16 - __main__ - INFO - Val:   loss 0.9137 acc1 77.64% precision 77.38% recall 77.22% f1 77.11%
2026-03-15 21:00:16 - __main__ - INFO - saved best: 77.64%
2026-03-15 21:00:16 - __main__ - INFO - 
Epoch 192/200 | lr 0.000535
2026-03-15 21:00:32 - __main__ - INFO - Train: loss 0.0086 acc1 99.99% precision 99.99% recall 99.99% f1 99.99%
2026-03-15 21:00:32 - __main__ - INFO - Val:   loss 0.9117 acc1 77.33% precision 77.00% recall 76.95% f1 76.79%
2026-03-15 21:00:32 - __main__ - INFO - 
Epoch 193/200 | lr 0.000425
2026-03-15 21:00:49 - __main__ - INFO - Train: loss 0.0088 acc1 99.98% precision 99.98% recall 99.98% f1 99.98%
2026-03-15 21:00:49 - __main__ - INFO - Val:   loss 0.9113 acc1 77.56% precision 77.36% recall 77.18% f1 77.08%
2026-03-15 21:00:49 - __main__ - INFO - 
Epoch 194/200 | lr 0.000328
2026-03-15 21:01:06 - __main__ - INFO - Train: loss 0.0087 acc1 99.99% precision 99.99% recall 99.99% f1 99.99%
2026-03-15 21:01:06 - __main__ - INFO - Val:   loss 0.9146 acc1 77.48% precision 77.12% recall 77.07% f1 76.92%
2026-03-15 21:01:06 - __main__ - INFO - 
Epoch 195/200 | lr 0.000243
2026-03-15 21:01:23 - __main__ - INFO - Train: loss 0.0087 acc1 99.98% precision 99.98% recall 99.98% f1 99.98%
2026-03-15 21:01:23 - __main__ - INFO - Val:   loss 0.9138 acc1 77.51% precision 77.33% recall 77.10% f1 77.01%
2026-03-15 21:01:23 - __main__ - INFO - 
Epoch 196/200 | lr 0.000172
2026-03-15 21:01:39 - __main__ - INFO - Train: loss 0.0086 acc1 99.99% precision 99.99% recall 99.99% f1 99.99%
2026-03-15 21:01:39 - __main__ - INFO - Val:   loss 0.9157 acc1 77.33% precision 77.11% recall 76.99% f1 76.85%
2026-03-15 21:01:39 - __main__ - INFO - 
Epoch 197/200 | lr 0.000114
2026-03-15 21:01:56 - __main__ - INFO - Train: loss 0.0085 acc1 99.99% precision 99.99% recall 99.99% f1 99.99%
2026-03-15 21:01:56 - __main__ - INFO - Val:   loss 0.9136 acc1 77.20% precision 76.94% recall 76.84% f1 76.68%
2026-03-15 21:01:56 - __main__ - INFO - 
Epoch 198/200 | lr 0.000068
2026-03-15 21:02:13 - __main__ - INFO - Train: loss 0.0088 acc1 99.97% precision 99.97% recall 99.97% f1 99.97%
2026-03-15 21:02:13 - __main__ - INFO - Val:   loss 0.9154 acc1 77.35% precision 77.04% recall 76.95% f1 76.82%
2026-03-15 21:02:13 - __main__ - INFO - 
Epoch 199/200 | lr 0.000036
2026-03-15 21:02:29 - __main__ - INFO - Train: loss 0.0085 acc1 99.98% precision 99.98% recall 99.98% f1 99.98%
2026-03-15 21:02:29 - __main__ - INFO - Val:   loss 0.9089 acc1 77.19% precision 76.87% recall 76.79% f1 76.66%
2026-03-15 21:02:29 - __main__ - INFO - 
Epoch 200/200 | lr 0.000016
2026-03-15 21:02:46 - __main__ - INFO - Train: loss 0.0087 acc1 99.98% precision 99.98% recall 99.98% f1 99.98%
2026-03-15 21:02:46 - __main__ - INFO - Val:   loss 0.9157 acc1 77.56% precision 77.35% recall 77.22% f1 77.10%
2026-03-15 21:02:46 - __main__ - INFO - Loaded best checkpoint weights for final test evaluation.
2026-03-15 21:02:47 - __main__ - INFO - 
Best tracked (val): 77.64%
2026-03-15 21:02:47 - __main__ - INFO - Final test: loss 0.9005 acc1 77.64% precision 77.87% recall 77.85% f1 77.76%
2026-03-15 21:02:48 - __main__ - INFO - Input model resnet18 done — test acc 77.64%, test F1 77.76%
2026-03-15 21:02:48 - __main__ - INFO - 
============================================================
2026-03-15 21:02:48 - __main__ - INFO - Training input model: resnet34
2026-03-15 21:02:48 - __main__ - INFO -   Resolved config → lr=0.1, wd=0.0005, bs=128, epochs=200, scheduler=cosine, warmup=5
2026-03-15 21:02:48 - __main__ - INFO - ============================================================
2026-03-15 21:02:48 - __main__ - INFO - device: cuda | cuda: True | gpu: NVIDIA L4
2026-03-15 21:02:52 - __main__ - INFO - Model: resnet34 | Dataset: cifar100 | Classes: 100
2026-03-15 21:02:52 - __main__ - INFO - 
Epoch 1/200 | lr 0.000100
2026-03-15 21:03:21 - __main__ - INFO - Train: loss 4.6396 acc1 1.34% precision 1.12% recall 1.34% f1 0.52%
2026-03-15 21:03:21 - __main__ - INFO - Val:   loss 4.5717 acc1 1.77% precision 1.04% recall 1.71% f1 0.87%
2026-03-15 21:03:21 - __main__ - INFO - saved best: 1.77%
2026-03-15 21:03:21 - __main__ - INFO - 
Epoch 2/200 | lr 0.020080
2026-03-15 21:03:51 - __main__ - INFO - Train: loss 3.8484 acc1 10.99% precision 9.82% recall 11.00% f1 10.07%
2026-03-15 21:03:51 - __main__ - INFO - Val:   loss 3.4437 acc1 17.70% precision 19.48% recall 17.54% f1 14.26%
2026-03-15 21:03:51 - __main__ - INFO - saved best: 17.70%
2026-03-15 21:03:51 - __main__ - INFO - 
Epoch 3/200 | lr 0.040060
2026-03-15 21:04:20 - __main__ - INFO - Train: loss 3.2182 acc1 21.06% precision 19.38% recall 21.08% f1 19.81%
2026-03-15 21:04:20 - __main__ - INFO - Val:   loss 3.0562 acc1 25.23% precision 28.71% recall 24.74% f1 22.24%
2026-03-15 21:04:20 - __main__ - INFO - saved best: 25.23%
2026-03-15 21:04:20 - __main__ - INFO - 
Epoch 4/200 | lr 0.060040
2026-03-15 21:04:49 - __main__ - INFO - Train: loss 2.7299 acc1 29.79% precision 28.33% recall 29.81% f1 28.79%
2026-03-15 21:04:49 - __main__ - INFO - Val:   loss 2.7266 acc1 32.33% precision 40.73% recall 31.94% f1 30.50%
2026-03-15 21:04:49 - __main__ - INFO - saved best: 32.33%
2026-03-15 21:04:49 - __main__ - INFO - 
Epoch 5/200 | lr 0.080020
2026-03-15 21:05:19 - __main__ - INFO - Train: loss 2.3389 acc1 37.65% precision 36.53% recall 37.69% f1 36.92%
2026-03-15 21:05:19 - __main__ - INFO - Val:   loss 2.3395 acc1 38.28% precision 44.59% recall 38.06% f1 36.76%
2026-03-15 21:05:19 - __main__ - INFO - saved best: 38.28%
2026-03-15 21:05:19 - __main__ - INFO - 
Epoch 6/200 | lr 0.100000
2026-03-15 21:05:48 - __main__ - INFO - Train: loss 2.0903 acc1 42.95% precision 42.12% recall 43.00% f1 42.41%
2026-03-15 21:05:48 - __main__ - INFO - Val:   loss 2.2765 acc1 39.54% precision 50.91% recall 39.24% f1 38.67%
2026-03-15 21:05:48 - __main__ - INFO - saved best: 39.54%
2026-03-15 21:05:48 - __main__ - INFO - 
Epoch 7/200 | lr 0.099994
2026-03-15 21:06:17 - __main__ - INFO - Train: loss 1.8652 acc1 48.37% precision 47.62% recall 48.42% f1 47.90%
2026-03-15 21:06:17 - __main__ - INFO - Val:   loss 2.0090 acc1 45.94% precision 50.58% recall 45.76% f1 44.41%
2026-03-15 21:06:17 - __main__ - INFO - saved best: 45.94%
2026-03-15 21:06:17 - __main__ - INFO - 
Epoch 8/200 | lr 0.099974
2026-03-15 21:06:47 - __main__ - INFO - Train: loss 1.7076 acc1 52.03% precision 51.36% recall 52.06% f1 51.60%
2026-03-15 21:06:47 - __main__ - INFO - Val:   loss 2.1103 acc1 43.75% precision 53.26% recall 43.22% f1 42.59%
2026-03-15 21:06:47 - __main__ - INFO - 
Epoch 9/200 | lr 0.099942
2026-03-15 21:07:16 - __main__ - INFO - Train: loss 1.5913 acc1 54.77% precision 54.22% recall 54.81% f1 54.44%
2026-03-15 21:07:16 - __main__ - INFO - Val:   loss 2.0823 acc1 44.75% precision 54.41% recall 44.39% f1 44.07%
2026-03-15 21:07:16 - __main__ - INFO - 
Epoch 10/200 | lr 0.099896
2026-03-15 21:07:46 - __main__ - INFO - Train: loss 1.5010 acc1 57.23% precision 56.75% recall 57.26% f1 56.93%
2026-03-15 21:07:46 - __main__ - INFO - Val:   loss 1.7575 acc1 52.39% precision 57.47% recall 51.96% f1 51.62%
2026-03-15 21:07:46 - __main__ - INFO - saved best: 52.39%
2026-03-15 21:07:46 - __main__ - INFO - 
Epoch 11/200 | lr 0.099838
2026-03-15 21:08:15 - __main__ - INFO - Train: loss 1.4342 acc1 59.21% precision 58.79% recall 59.25% f1 58.95%
2026-03-15 21:08:15 - __main__ - INFO - Val:   loss 1.8998 acc1 51.00% precision 56.50% recall 50.57% f1 48.90%
2026-03-15 21:08:15 - __main__ - INFO - 
Epoch 12/200 | lr 0.099767
2026-03-15 21:08:44 - __main__ - INFO - Train: loss 1.3907 acc1 60.19% precision 59.84% recall 60.22% f1 59.96%
2026-03-15 21:08:44 - __main__ - INFO - Val:   loss 1.8163 acc1 51.66% precision 57.97% recall 51.37% f1 51.03%
2026-03-15 21:08:44 - __main__ - INFO - 
Epoch 13/200 | lr 0.099682
2026-03-15 21:09:14 - __main__ - INFO - Train: loss 1.3417 acc1 61.23% precision 60.96% recall 61.27% f1 61.05%
2026-03-15 21:09:14 - __main__ - INFO - Val:   loss 1.7832 acc1 52.58% precision 59.73% recall 51.81% f1 51.86%
2026-03-15 21:09:14 - __main__ - INFO - saved best: 52.58%
2026-03-15 21:09:14 - __main__ - INFO - 
Epoch 14/200 | lr 0.099585
2026-03-15 21:09:43 - __main__ - INFO - Train: loss 1.3036 acc1 62.33% precision 61.99% recall 62.37% f1 62.13%
2026-03-15 21:09:43 - __main__ - INFO - Val:   loss 1.7281 acc1 53.30% precision 60.62% recall 53.12% f1 52.68%
2026-03-15 21:09:43 - __main__ - INFO - saved best: 53.30%
2026-03-15 21:09:43 - __main__ - INFO - 
Epoch 15/200 | lr 0.099475
2026-03-15 21:10:12 - __main__ - INFO - Train: loss 1.2606 acc1 63.35% precision 63.06% recall 63.39% f1 63.18%
2026-03-15 21:10:12 - __main__ - INFO - Val:   loss 1.8055 acc1 52.25% precision 61.75% recall 51.99% f1 52.04%
2026-03-15 21:10:12 - __main__ - INFO - 
Epoch 16/200 | lr 0.099353
2026-03-15 21:10:42 - __main__ - INFO - Train: loss 1.2411 acc1 64.26% precision 63.99% recall 64.29% f1 64.09%
2026-03-15 21:10:42 - __main__ - INFO - Val:   loss 1.6934 acc1 55.09% precision 61.51% recall 54.69% f1 54.77%
2026-03-15 21:10:42 - __main__ - INFO - saved best: 55.09%
2026-03-15 21:10:42 - __main__ - INFO - 
Epoch 17/200 | lr 0.099217
2026-03-15 21:11:11 - __main__ - INFO - Train: loss 1.2077 acc1 64.87% precision 64.65% recall 64.91% f1 64.73%
2026-03-15 21:11:11 - __main__ - INFO - Val:   loss 1.7194 acc1 53.75% precision 60.59% recall 53.43% f1 53.18%
2026-03-15 21:11:11 - __main__ - INFO - 
Epoch 18/200 | lr 0.099069
2026-03-15 21:11:40 - __main__ - INFO - Train: loss 1.1805 acc1 65.51% precision 65.33% recall 65.54% f1 65.40%
2026-03-15 21:11:40 - __main__ - INFO - Val:   loss 1.7262 acc1 54.25% precision 61.94% recall 54.05% f1 54.17%
2026-03-15 21:11:40 - __main__ - INFO - 
Epoch 19/200 | lr 0.098907
2026-03-15 21:12:10 - __main__ - INFO - Train: loss 1.1582 acc1 66.25% precision 66.08% recall 66.29% f1 66.15%
2026-03-15 21:12:10 - __main__ - INFO - Val:   loss 1.9263 acc1 51.09% precision 59.61% recall 50.80% f1 49.99%
2026-03-15 21:12:10 - __main__ - INFO - 
Epoch 20/200 | lr 0.098734
2026-03-15 21:12:39 - __main__ - INFO - Train: loss 1.1375 acc1 67.03% precision 66.85% recall 67.06% f1 66.91%
2026-03-15 21:12:39 - __main__ - INFO - Val:   loss 1.5898 acc1 57.84% precision 62.45% recall 57.34% f1 56.65%
2026-03-15 21:12:39 - __main__ - INFO - saved best: 57.84%
2026-03-15 21:12:39 - __main__ - INFO - 
Epoch 21/200 | lr 0.098547
2026-03-15 21:13:08 - __main__ - INFO - Train: loss 1.1197 acc1 67.37% precision 67.19% recall 67.41% f1 67.27%
2026-03-15 21:13:08 - __main__ - INFO - Val:   loss 1.8903 acc1 52.04% precision 59.43% recall 51.78% f1 50.94%
2026-03-15 21:13:08 - __main__ - INFO - 
Epoch 22/200 | lr 0.098348
2026-03-15 21:13:38 - __main__ - INFO - Train: loss 1.0991 acc1 67.90% precision 67.73% recall 67.96% f1 67.80%
2026-03-15 21:13:38 - __main__ - INFO - Val:   loss 1.8443 acc1 52.29% precision 62.39% recall 51.82% f1 52.85%
2026-03-15 21:13:38 - __main__ - INFO - 
Epoch 23/200 | lr 0.098137
2026-03-15 21:14:07 - __main__ - INFO - Train: loss 1.0871 acc1 67.92% precision 67.78% recall 67.96% f1 67.82%
2026-03-15 21:14:07 - __main__ - INFO - Val:   loss 1.6029 acc1 56.06% precision 63.05% recall 55.77% f1 55.75%
2026-03-15 21:14:07 - __main__ - INFO - 
Epoch 24/200 | lr 0.097913
2026-03-15 21:14:36 - __main__ - INFO - Train: loss 1.0682 acc1 68.59% precision 68.48% recall 68.63% f1 68.52%
2026-03-15 21:14:36 - __main__ - INFO - Val:   loss 1.5332 acc1 58.89% precision 64.65% recall 58.31% f1 58.49%
2026-03-15 21:14:36 - __main__ - INFO - saved best: 58.89%
2026-03-15 21:14:36 - __main__ - INFO - 
Epoch 25/200 | lr 0.097676
2026-03-15 21:15:06 - __main__ - INFO - Train: loss 1.0465 acc1 69.21% precision 69.07% recall 69.24% f1 69.13%
2026-03-15 21:15:06 - __main__ - INFO - Val:   loss 1.8116 acc1 55.01% precision 62.27% recall 54.77% f1 54.30%
2026-03-15 21:15:06 - __main__ - INFO - 
Epoch 26/200 | lr 0.097427
2026-03-15 21:15:35 - __main__ - INFO - Train: loss 1.0439 acc1 69.29% precision 69.16% recall 69.33% f1 69.20%
2026-03-15 21:15:35 - __main__ - INFO - Val:   loss 1.6091 acc1 57.75% precision 62.60% recall 57.24% f1 57.03%
2026-03-15 21:15:35 - __main__ - INFO - 
Epoch 27/200 | lr 0.097166
2026-03-15 21:16:04 - __main__ - INFO - Train: loss 1.0295 acc1 69.60% precision 69.52% recall 69.64% f1 69.55%
2026-03-15 21:16:04 - __main__ - INFO - Val:   loss 1.5755 acc1 56.77% precision 62.00% recall 56.78% f1 56.00%
2026-03-15 21:16:04 - __main__ - INFO - 
Epoch 28/200 | lr 0.096892
2026-03-15 21:16:34 - __main__ - INFO - Train: loss 1.0185 acc1 69.94% precision 69.85% recall 69.98% f1 69.88%
2026-03-15 21:16:34 - __main__ - INFO - Val:   loss 1.7523 acc1 55.11% precision 63.07% recall 54.82% f1 54.72%
2026-03-15 21:16:34 - __main__ - INFO - 
Epoch 29/200 | lr 0.096607
2026-03-15 21:17:03 - __main__ - INFO - Train: loss 1.0078 acc1 70.26% precision 70.18% recall 70.29% f1 70.21%
2026-03-15 21:17:03 - __main__ - INFO - Val:   loss 1.5899 acc1 57.67% precision 62.35% recall 57.17% f1 56.47%
2026-03-15 21:17:03 - __main__ - INFO - 
Epoch 30/200 | lr 0.096309
2026-03-15 21:17:32 - __main__ - INFO - Train: loss 0.9949 acc1 70.65% precision 70.55% recall 70.68% f1 70.59%
2026-03-15 21:17:32 - __main__ - INFO - Val:   loss 1.4629 acc1 59.89% precision 64.33% recall 59.27% f1 58.87%
2026-03-15 21:17:32 - __main__ - INFO - saved best: 59.89%
2026-03-15 21:17:32 - __main__ - INFO - 
Epoch 31/200 | lr 0.095999
2026-03-15 21:18:02 - __main__ - INFO - Train: loss 0.9907 acc1 70.57% precision 70.49% recall 70.62% f1 70.53%
2026-03-15 21:18:02 - __main__ - INFO - Val:   loss 1.6070 acc1 57.75% precision 64.76% recall 57.23% f1 57.60%
2026-03-15 21:18:02 - __main__ - INFO - 
Epoch 32/200 | lr 0.095678
2026-03-15 21:18:31 - __main__ - INFO - Train: loss 0.9780 acc1 71.14% precision 71.05% recall 71.17% f1 71.08%
2026-03-15 21:18:31 - __main__ - INFO - Val:   loss 1.5031 acc1 59.71% precision 64.91% recall 59.20% f1 59.11%
2026-03-15 21:18:31 - __main__ - INFO - 
Epoch 33/200 | lr 0.095344
2026-03-15 21:19:00 - __main__ - INFO - Train: loss 0.9710 acc1 71.04% precision 70.96% recall 71.09% f1 70.99%
2026-03-15 21:19:00 - __main__ - INFO - Val:   loss 1.6515 acc1 56.53% precision 62.83% recall 55.92% f1 55.97%
2026-03-15 21:19:00 - __main__ - INFO - 
Epoch 34/200 | lr 0.094999
2026-03-15 21:19:30 - __main__ - INFO - Train: loss 0.9619 acc1 71.48% precision 71.40% recall 71.51% f1 71.43%
2026-03-15 21:19:30 - __main__ - INFO - Val:   loss 1.4861 acc1 59.82% precision 63.70% recall 59.34% f1 59.26%
2026-03-15 21:19:30 - __main__ - INFO - 
Epoch 35/200 | lr 0.094642
2026-03-15 21:19:59 - __main__ - INFO - Train: loss 0.9454 acc1 71.86% precision 71.78% recall 71.90% f1 71.82%
2026-03-15 21:19:59 - __main__ - INFO - Val:   loss 1.4723 acc1 60.47% precision 65.66% recall 60.03% f1 59.96%
2026-03-15 21:19:59 - __main__ - INFO - saved best: 60.47%
2026-03-15 21:19:59 - __main__ - INFO - 
Epoch 36/200 | lr 0.094273
2026-03-15 21:20:29 - __main__ - INFO - Train: loss 0.9495 acc1 71.89% precision 71.79% recall 71.91% f1 71.83%
2026-03-15 21:20:29 - __main__ - INFO - Val:   loss 1.6711 acc1 57.94% precision 64.54% recall 57.42% f1 57.13%
2026-03-15 21:20:29 - __main__ - INFO - 
Epoch 37/200 | lr 0.093893
2026-03-15 21:20:58 - __main__ - INFO - Train: loss 0.9387 acc1 72.07% precision 72.01% recall 72.10% f1 72.03%
2026-03-15 21:20:58 - __main__ - INFO - Val:   loss 1.5794 acc1 58.81% precision 65.99% recall 58.56% f1 58.13%
2026-03-15 21:20:58 - __main__ - INFO - 
Epoch 38/200 | lr 0.093502
2026-03-15 21:21:27 - __main__ - INFO - Train: loss 0.9369 acc1 72.00% precision 71.92% recall 72.03% f1 71.94%
2026-03-15 21:21:27 - __main__ - INFO - Val:   loss 1.6900 acc1 57.50% precision 65.50% recall 57.22% f1 57.80%
2026-03-15 21:21:27 - __main__ - INFO - 
Epoch 39/200 | lr 0.093099
2026-03-15 21:21:56 - __main__ - INFO - Train: loss 0.9266 acc1 72.50% precision 72.43% recall 72.53% f1 72.45%
2026-03-15 21:21:56 - __main__ - INFO - Val:   loss 1.5541 acc1 58.78% precision 64.22% recall 58.46% f1 58.30%
2026-03-15 21:21:56 - __main__ - INFO - 
Epoch 40/200 | lr 0.092685
2026-03-15 21:22:26 - __main__ - INFO - Train: loss 0.9104 acc1 73.07% precision 73.01% recall 73.10% f1 73.03%
2026-03-15 21:22:26 - __main__ - INFO - Val:   loss 1.5292 acc1 59.32% precision 65.32% recall 59.18% f1 59.20%
2026-03-15 21:22:26 - __main__ - INFO - 
Epoch 41/200 | lr 0.092260
2026-03-15 21:22:55 - __main__ - INFO - Train: loss 0.9121 acc1 72.81% precision 72.71% recall 72.83% f1 72.74%
2026-03-15 21:22:55 - __main__ - INFO - Val:   loss 1.4956 acc1 60.74% precision 66.09% recall 60.58% f1 60.07%
2026-03-15 21:22:55 - __main__ - INFO - saved best: 60.74%
2026-03-15 21:22:55 - __main__ - INFO - 
Epoch 42/200 | lr 0.091824
2026-03-15 21:23:24 - __main__ - INFO - Train: loss 0.8926 acc1 73.16% precision 73.10% recall 73.19% f1 73.12%
2026-03-15 21:23:24 - __main__ - INFO - Val:   loss 1.5979 acc1 58.25% precision 63.29% recall 57.74% f1 57.49%
2026-03-15 21:23:24 - __main__ - INFO - 
Epoch 43/200 | lr 0.091378
2026-03-15 21:23:54 - __main__ - INFO - Train: loss 0.8933 acc1 73.34% precision 73.28% recall 73.37% f1 73.30%
2026-03-15 21:23:54 - __main__ - INFO - Val:   loss 1.5066 acc1 60.06% precision 65.74% recall 59.66% f1 59.74%
2026-03-15 21:23:54 - __main__ - INFO - 
Epoch 44/200 | lr 0.090920
2026-03-15 21:24:23 - __main__ - INFO - Train: loss 0.8884 acc1 73.46% precision 73.38% recall 73.50% f1 73.42%
2026-03-15 21:24:23 - __main__ - INFO - Val:   loss 1.5449 acc1 59.60% precision 64.94% recall 59.22% f1 58.99%
2026-03-15 21:24:23 - __main__ - INFO - 
Epoch 45/200 | lr 0.090452
2026-03-15 21:24:52 - __main__ - INFO - Train: loss 0.8756 acc1 73.83% precision 73.76% recall 73.85% f1 73.79%
2026-03-15 21:24:52 - __main__ - INFO - Val:   loss 1.5562 acc1 59.66% precision 65.23% recall 59.24% f1 59.14%
2026-03-15 21:24:52 - __main__ - INFO - 
Epoch 46/200 | lr 0.089973
2026-03-15 21:25:22 - __main__ - INFO - Train: loss 0.8633 acc1 74.18% precision 74.14% recall 74.21% f1 74.15%
2026-03-15 21:25:22 - __main__ - INFO - Val:   loss 1.4212 acc1 62.27% precision 65.76% recall 61.60% f1 61.45%
2026-03-15 21:25:22 - __main__ - INFO - saved best: 62.27%
2026-03-15 21:25:22 - __main__ - INFO - 
Epoch 47/200 | lr 0.089484
2026-03-15 21:25:51 - __main__ - INFO - Train: loss 0.8555 acc1 74.36% precision 74.31% recall 74.39% f1 74.33%
2026-03-15 21:25:51 - __main__ - INFO - Val:   loss 1.7545 acc1 55.65% precision 64.39% recall 55.67% f1 55.66%
2026-03-15 21:25:51 - __main__ - INFO - 
Epoch 48/200 | lr 0.088985
2026-03-15 21:26:20 - __main__ - INFO - Train: loss 0.8702 acc1 73.90% precision 73.84% recall 73.93% f1 73.86%
2026-03-15 21:26:20 - __main__ - INFO - Val:   loss 1.4919 acc1 60.98% precision 66.29% recall 60.56% f1 60.79%
2026-03-15 21:26:20 - __main__ - INFO - 
Epoch 49/200 | lr 0.088475
2026-03-15 21:26:50 - __main__ - INFO - Train: loss 0.8537 acc1 74.42% precision 74.37% recall 74.46% f1 74.40%
2026-03-15 21:26:50 - __main__ - INFO - Val:   loss 1.5351 acc1 60.11% precision 64.24% recall 59.55% f1 59.46%
2026-03-15 21:26:50 - __main__ - INFO - 
Epoch 50/200 | lr 0.087956
2026-03-15 21:27:19 - __main__ - INFO - Train: loss 0.8475 acc1 74.87% precision 74.80% recall 74.90% f1 74.82%
2026-03-15 21:27:19 - __main__ - INFO - Val:   loss 1.7714 acc1 56.45% precision 64.27% recall 56.10% f1 56.55%
2026-03-15 21:27:19 - __main__ - INFO - 
Epoch 51/200 | lr 0.087427
2026-03-15 21:27:48 - __main__ - INFO - Train: loss 0.8435 acc1 74.81% precision 74.79% recall 74.84% f1 74.79%
2026-03-15 21:27:48 - __main__ - INFO - Val:   loss 1.5783 acc1 59.77% precision 65.19% recall 59.15% f1 59.38%
2026-03-15 21:27:48 - __main__ - INFO - 
Epoch 52/200 | lr 0.086888
2026-03-15 21:28:18 - __main__ - INFO - Train: loss 0.8353 acc1 75.12% precision 75.08% recall 75.16% f1 75.09%
2026-03-15 21:28:18 - __main__ - INFO - Val:   loss 1.5611 acc1 58.91% precision 64.91% recall 58.49% f1 58.91%
2026-03-15 21:28:18 - __main__ - INFO - 
Epoch 53/200 | lr 0.086339
2026-03-15 21:28:47 - __main__ - INFO - Train: loss 0.8183 acc1 75.33% precision 75.32% recall 75.37% f1 75.33%
2026-03-15 21:28:47 - __main__ - INFO - Val:   loss 1.6615 acc1 58.10% precision 63.73% recall 57.52% f1 57.81%
2026-03-15 21:28:47 - __main__ - INFO - 
Epoch 54/200 | lr 0.085781
2026-03-15 21:29:17 - __main__ - INFO - Train: loss 0.8320 acc1 75.13% precision 75.11% recall 75.16% f1 75.11%
2026-03-15 21:29:17 - __main__ - INFO - Val:   loss 1.6540 acc1 57.14% precision 64.69% recall 56.84% f1 56.90%
2026-03-15 21:29:17 - __main__ - INFO - 
Epoch 55/200 | lr 0.085214
2026-03-15 21:29:46 - __main__ - INFO - Train: loss 0.8144 acc1 75.40% precision 75.36% recall 75.44% f1 75.37%
2026-03-15 21:29:46 - __main__ - INFO - Val:   loss 1.5156 acc1 60.84% precision 65.56% recall 60.22% f1 60.12%
2026-03-15 21:29:46 - __main__ - INFO - 
Epoch 56/200 | lr 0.084638
2026-03-15 21:30:15 - __main__ - INFO - Train: loss 0.8094 acc1 75.61% precision 75.59% recall 75.64% f1 75.59%
2026-03-15 21:30:15 - __main__ - INFO - Val:   loss 1.3858 acc1 62.86% precision 66.05% recall 62.40% f1 61.98%
2026-03-15 21:30:15 - __main__ - INFO - saved best: 62.86%
2026-03-15 21:30:15 - __main__ - INFO - 
Epoch 57/200 | lr 0.084052
2026-03-15 21:30:45 - __main__ - INFO - Train: loss 0.7918 acc1 76.03% precision 76.01% recall 76.05% f1 76.01%
2026-03-15 21:30:45 - __main__ - INFO - Val:   loss 1.6116 acc1 58.42% precision 65.54% recall 57.71% f1 58.29%
2026-03-15 21:30:45 - __main__ - INFO - 
Epoch 58/200 | lr 0.083458
2026-03-15 21:31:14 - __main__ - INFO - Train: loss 0.7940 acc1 76.19% precision 76.14% recall 76.22% f1 76.16%
2026-03-15 21:31:14 - __main__ - INFO - Val:   loss 1.3550 acc1 64.30% precision 66.63% recall 64.17% f1 64.02%
2026-03-15 21:31:14 - __main__ - INFO - saved best: 64.30%
2026-03-15 21:31:14 - __main__ - INFO - 
Epoch 59/200 | lr 0.082855
2026-03-15 21:31:43 - __main__ - INFO - Train: loss 0.7905 acc1 76.25% precision 76.19% recall 76.27% f1 76.21%
2026-03-15 21:31:43 - __main__ - INFO - Val:   loss 1.6321 acc1 58.16% precision 63.98% recall 57.66% f1 57.89%
2026-03-15 21:31:43 - __main__ - INFO - 
Epoch 60/200 | lr 0.082244
2026-03-15 21:32:13 - __main__ - INFO - Train: loss 0.7886 acc1 76.14% precision 76.13% recall 76.17% f1 76.13%
2026-03-15 21:32:13 - __main__ - INFO - Val:   loss 1.4691 acc1 61.51% precision 65.74% recall 61.00% f1 61.22%
2026-03-15 21:32:13 - __main__ - INFO - 
Epoch 61/200 | lr 0.081624
2026-03-15 21:32:42 - __main__ - INFO - Train: loss 0.7678 acc1 76.87% precision 76.80% recall 76.89% f1 76.83%
2026-03-15 21:32:42 - __main__ - INFO - Val:   loss 1.6802 acc1 57.88% precision 66.89% recall 57.31% f1 58.12%
2026-03-15 21:32:42 - __main__ - INFO - 
Epoch 62/200 | lr 0.080996
2026-03-15 21:33:11 - __main__ - INFO - Train: loss 0.7731 acc1 76.61% precision 76.58% recall 76.64% f1 76.59%
2026-03-15 21:33:11 - __main__ - INFO - Val:   loss 1.4881 acc1 61.48% precision 66.30% recall 61.25% f1 61.02%
2026-03-15 21:33:11 - __main__ - INFO - 
Epoch 63/200 | lr 0.080360
2026-03-15 21:33:41 - __main__ - INFO - Train: loss 0.7550 acc1 77.02% precision 76.97% recall 77.03% f1 76.99%
2026-03-15 21:33:41 - __main__ - INFO - Val:   loss 1.5231 acc1 60.32% precision 65.57% recall 59.61% f1 59.62%
2026-03-15 21:33:41 - __main__ - INFO - 
Epoch 64/200 | lr 0.079716
2026-03-15 21:34:10 - __main__ - INFO - Train: loss 0.7530 acc1 76.98% precision 76.97% recall 77.01% f1 76.97%
2026-03-15 21:34:10 - __main__ - INFO - Val:   loss 1.4722 acc1 61.43% precision 66.36% recall 61.07% f1 61.12%
2026-03-15 21:34:10 - __main__ - INFO - 
Epoch 65/200 | lr 0.079065
2026-03-15 21:34:39 - __main__ - INFO - Train: loss 0.7431 acc1 77.60% precision 77.57% recall 77.62% f1 77.58%
2026-03-15 21:34:39 - __main__ - INFO - Val:   loss 1.4403 acc1 62.30% precision 67.57% recall 61.93% f1 62.05%
2026-03-15 21:34:39 - __main__ - INFO - 
Epoch 66/200 | lr 0.078405
2026-03-15 21:35:09 - __main__ - INFO - Train: loss 0.7299 acc1 77.71% precision 77.73% recall 77.75% f1 77.72%
2026-03-15 21:35:09 - __main__ - INFO - Val:   loss 1.5271 acc1 60.00% precision 65.87% recall 59.44% f1 59.52%
2026-03-15 21:35:09 - __main__ - INFO - 
Epoch 67/200 | lr 0.077739
2026-03-15 21:35:38 - __main__ - INFO - Train: loss 0.7291 acc1 77.91% precision 77.88% recall 77.93% f1 77.89%
2026-03-15 21:35:38 - __main__ - INFO - Val:   loss 1.5181 acc1 60.81% precision 65.04% recall 60.38% f1 60.12%
2026-03-15 21:35:38 - __main__ - INFO - 
Epoch 68/200 | lr 0.077065
2026-03-15 21:36:07 - __main__ - INFO - Train: loss 0.7275 acc1 77.93% precision 77.94% recall 77.96% f1 77.93%
2026-03-15 21:36:07 - __main__ - INFO - Val:   loss 1.5533 acc1 60.08% precision 66.52% recall 59.51% f1 60.36%
2026-03-15 21:36:07 - __main__ - INFO - 
Epoch 69/200 | lr 0.076384
2026-03-15 21:36:37 - __main__ - INFO - Train: loss 0.7135 acc1 78.37% precision 78.36% recall 78.40% f1 78.36%
2026-03-15 21:36:37 - __main__ - INFO - Val:   loss 1.5958 acc1 60.04% precision 66.06% recall 59.21% f1 59.35%
2026-03-15 21:36:37 - __main__ - INFO - 
Epoch 70/200 | lr 0.075697
2026-03-15 21:37:06 - __main__ - INFO - Train: loss 0.7054 acc1 78.33% precision 78.31% recall 78.35% f1 78.32%
2026-03-15 21:37:06 - __main__ - INFO - Val:   loss 1.8256 acc1 55.94% precision 65.54% recall 55.32% f1 55.11%
2026-03-15 21:37:06 - __main__ - INFO - 
Epoch 71/200 | lr 0.075003
2026-03-15 21:37:35 - __main__ - INFO - Train: loss 0.7025 acc1 78.55% precision 78.52% recall 78.58% f1 78.54%
2026-03-15 21:37:35 - __main__ - INFO - Val:   loss 1.4573 acc1 61.60% precision 66.12% recall 61.11% f1 61.26%
2026-03-15 21:37:35 - __main__ - INFO - 
Epoch 72/200 | lr 0.074302
2026-03-15 21:38:05 - __main__ - INFO - Train: loss 0.6949 acc1 78.97% precision 78.94% recall 79.00% f1 78.96%
2026-03-15 21:38:05 - __main__ - INFO - Val:   loss 1.4936 acc1 61.51% precision 66.28% recall 61.39% f1 61.44%
2026-03-15 21:38:05 - __main__ - INFO - 
Epoch 73/200 | lr 0.073595
2026-03-15 21:38:34 - __main__ - INFO - Train: loss 0.6876 acc1 79.04% precision 79.05% recall 79.07% f1 79.04%
2026-03-15 21:38:34 - __main__ - INFO - Val:   loss 1.6774 acc1 58.27% precision 65.39% recall 57.71% f1 57.97%
2026-03-15 21:38:34 - __main__ - INFO - 
Epoch 74/200 | lr 0.072881
2026-03-15 21:39:03 - __main__ - INFO - Train: loss 0.6825 acc1 79.25% precision 79.25% recall 79.28% f1 79.25%
2026-03-15 21:39:03 - __main__ - INFO - Val:   loss 1.4240 acc1 62.99% precision 66.68% recall 62.63% f1 62.45%
2026-03-15 21:39:03 - __main__ - INFO - 
Epoch 75/200 | lr 0.072162
2026-03-15 21:39:33 - __main__ - INFO - Train: loss 0.6746 acc1 79.41% precision 79.41% recall 79.44% f1 79.40%
2026-03-15 21:39:33 - __main__ - INFO - Val:   loss 1.5380 acc1 61.53% precision 67.88% recall 61.27% f1 61.58%
2026-03-15 21:39:33 - __main__ - INFO - 
Epoch 76/200 | lr 0.071437
2026-03-15 21:40:02 - __main__ - INFO - Train: loss 0.6619 acc1 79.61% precision 79.60% recall 79.64% f1 79.61%
2026-03-15 21:40:02 - __main__ - INFO - Val:   loss 1.4660 acc1 61.95% precision 67.08% recall 61.30% f1 61.40%
2026-03-15 21:40:02 - __main__ - INFO - 
Epoch 77/200 | lr 0.070707
2026-03-15 21:40:31 - __main__ - INFO - Train: loss 0.6485 acc1 80.26% precision 80.25% recall 80.29% f1 80.26%
2026-03-15 21:40:31 - __main__ - INFO - Val:   loss 1.4822 acc1 61.47% precision 66.44% recall 61.05% f1 61.24%
2026-03-15 21:40:31 - __main__ - INFO - 
Epoch 78/200 | lr 0.069971
2026-03-15 21:41:00 - __main__ - INFO - Train: loss 0.6608 acc1 79.73% precision 79.74% recall 79.76% f1 79.73%
2026-03-15 21:41:00 - __main__ - INFO - Val:   loss 1.5877 acc1 60.18% precision 66.02% recall 59.76% f1 59.54%
2026-03-15 21:41:00 - __main__ - INFO - 
Epoch 79/200 | lr 0.069230
2026-03-15 21:41:30 - __main__ - INFO - Train: loss 0.6453 acc1 80.32% precision 80.28% recall 80.34% f1 80.29%
2026-03-15 21:41:30 - __main__ - INFO - Val:   loss 1.4450 acc1 62.86% precision 67.45% recall 62.53% f1 62.48%
2026-03-15 21:41:30 - __main__ - INFO - 
Epoch 80/200 | lr 0.068484
2026-03-15 21:41:59 - __main__ - INFO - Train: loss 0.6339 acc1 80.64% precision 80.66% recall 80.67% f1 80.65%
2026-03-15 21:41:59 - __main__ - INFO - Val:   loss 1.4912 acc1 61.97% precision 66.77% recall 61.56% f1 61.55%
2026-03-15 21:41:59 - __main__ - INFO - 
Epoch 81/200 | lr 0.067733
2026-03-15 21:42:28 - __main__ - INFO - Train: loss 0.6274 acc1 80.65% precision 80.63% recall 80.67% f1 80.64%
2026-03-15 21:42:28 - __main__ - INFO - Val:   loss 1.4102 acc1 63.44% precision 67.64% recall 63.17% f1 63.50%
2026-03-15 21:42:28 - __main__ - INFO - 
Epoch 82/200 | lr 0.066978
2026-03-15 21:42:58 - __main__ - INFO - Train: loss 0.6081 acc1 81.19% precision 81.19% recall 81.21% f1 81.18%
2026-03-15 21:42:58 - __main__ - INFO - Val:   loss 1.6180 acc1 59.62% precision 64.76% recall 59.48% f1 59.04%
2026-03-15 21:42:58 - __main__ - INFO - 
Epoch 83/200 | lr 0.066218
2026-03-15 21:43:27 - __main__ - INFO - Train: loss 0.6182 acc1 80.95% precision 80.95% recall 80.98% f1 80.95%
2026-03-15 21:43:27 - __main__ - INFO - Val:   loss 1.5023 acc1 62.19% precision 65.78% recall 61.68% f1 61.58%
2026-03-15 21:43:27 - __main__ - INFO - 
Epoch 84/200 | lr 0.065454
2026-03-15 21:43:56 - __main__ - INFO - Train: loss 0.6001 acc1 81.33% precision 81.35% recall 81.36% f1 81.35%
2026-03-15 21:43:56 - __main__ - INFO - Val:   loss 1.6869 acc1 59.52% precision 65.80% recall 58.98% f1 59.51%
2026-03-15 21:43:56 - __main__ - INFO - 
Epoch 85/200 | lr 0.064686
2026-03-15 21:44:26 - __main__ - INFO - Train: loss 0.6003 acc1 81.78% precision 81.80% recall 81.81% f1 81.79%
2026-03-15 21:44:26 - __main__ - INFO - Val:   loss 1.4823 acc1 62.83% precision 67.42% recall 62.37% f1 62.46%
2026-03-15 21:44:26 - __main__ - INFO - 
Epoch 86/200 | lr 0.063914
2026-03-15 21:44:55 - __main__ - INFO - Train: loss 0.5911 acc1 81.78% precision 81.80% recall 81.81% f1 81.79%
2026-03-15 21:44:55 - __main__ - INFO - Val:   loss 1.5571 acc1 62.00% precision 66.97% recall 61.86% f1 61.65%
2026-03-15 21:44:55 - __main__ - INFO - 
Epoch 87/200 | lr 0.063139
2026-03-15 21:45:24 - __main__ - INFO - Train: loss 0.5799 acc1 81.95% precision 81.96% recall 81.99% f1 81.96%
2026-03-15 21:45:24 - __main__ - INFO - Val:   loss 1.5617 acc1 61.52% precision 66.98% recall 61.27% f1 61.49%
2026-03-15 21:45:24 - __main__ - INFO - 
Epoch 88/200 | lr 0.062360
2026-03-15 21:45:53 - __main__ - INFO - Train: loss 0.5744 acc1 82.16% precision 82.17% recall 82.19% f1 82.17%
2026-03-15 21:45:53 - __main__ - INFO - Val:   loss 1.6653 acc1 58.59% precision 65.43% recall 58.18% f1 58.46%
2026-03-15 21:45:53 - __main__ - INFO - 
Epoch 89/200 | lr 0.061578
2026-03-15 21:46:23 - __main__ - INFO - Train: loss 0.5657 acc1 82.53% precision 82.52% recall 82.55% f1 82.53%
2026-03-15 21:46:23 - __main__ - INFO - Val:   loss 1.6522 acc1 59.47% precision 65.74% recall 58.91% f1 58.75%
2026-03-15 21:46:23 - __main__ - INFO - 
Epoch 90/200 | lr 0.060793
2026-03-15 21:46:52 - __main__ - INFO - Train: loss 0.5576 acc1 82.70% precision 82.71% recall 82.72% f1 82.71%
2026-03-15 21:46:52 - __main__ - INFO - Val:   loss 1.4368 acc1 63.44% precision 67.77% recall 63.18% f1 63.44%
2026-03-15 21:46:52 - __main__ - INFO - 
Epoch 91/200 | lr 0.060005
2026-03-15 21:47:21 - __main__ - INFO - Train: loss 0.5395 acc1 83.28% precision 83.30% recall 83.31% f1 83.30%
2026-03-15 21:47:21 - __main__ - INFO - Val:   loss 1.6156 acc1 61.36% precision 67.76% recall 60.81% f1 61.03%
2026-03-15 21:47:21 - __main__ - INFO - 
Epoch 92/200 | lr 0.059215
2026-03-15 21:47:50 - __main__ - INFO - Train: loss 0.5415 acc1 83.33% precision 83.34% recall 83.35% f1 83.34%
2026-03-15 21:47:50 - __main__ - INFO - Val:   loss 1.4085 acc1 63.82% precision 67.94% recall 63.58% f1 63.50%
2026-03-15 21:47:50 - __main__ - INFO - 
Epoch 93/200 | lr 0.058422
2026-03-15 21:48:20 - __main__ - INFO - Train: loss 0.5194 acc1 83.64% precision 83.67% recall 83.67% f1 83.66%
2026-03-15 21:48:20 - __main__ - INFO - Val:   loss 1.4646 acc1 63.87% precision 67.05% recall 63.62% f1 63.46%
2026-03-15 21:48:20 - __main__ - INFO - 
Epoch 94/200 | lr 0.057627
2026-03-15 21:48:49 - __main__ - INFO - Train: loss 0.5266 acc1 83.71% precision 83.73% recall 83.74% f1 83.73%
2026-03-15 21:48:49 - __main__ - INFO - Val:   loss 1.4417 acc1 64.76% precision 67.73% recall 64.30% f1 64.26%
2026-03-15 21:48:49 - __main__ - INFO - saved best: 64.76%
2026-03-15 21:48:49 - __main__ - INFO - 
Epoch 95/200 | lr 0.056830
2026-03-15 21:49:18 - __main__ - INFO - Train: loss 0.5062 acc1 84.27% precision 84.28% recall 84.30% f1 84.28%
2026-03-15 21:49:18 - __main__ - INFO - Val:   loss 1.5545 acc1 62.56% precision 67.71% recall 61.94% f1 62.05%
2026-03-15 21:49:18 - __main__ - INFO - 
Epoch 96/200 | lr 0.056031
2026-03-15 21:49:48 - __main__ - INFO - Train: loss 0.4996 acc1 84.39% precision 84.39% recall 84.40% f1 84.39%
2026-03-15 21:49:48 - __main__ - INFO - Val:   loss 1.5276 acc1 62.91% precision 67.19% recall 62.63% f1 62.61%
2026-03-15 21:49:48 - __main__ - INFO - 
Epoch 97/200 | lr 0.055231
2026-03-15 21:50:17 - __main__ - INFO - Train: loss 0.4982 acc1 84.59% precision 84.61% recall 84.61% f1 84.60%
2026-03-15 21:50:17 - __main__ - INFO - Val:   loss 1.5715 acc1 62.49% precision 67.99% recall 62.06% f1 62.61%
2026-03-15 21:50:17 - __main__ - INFO - 
Epoch 98/200 | lr 0.054429
2026-03-15 21:50:46 - __main__ - INFO - Train: loss 0.4866 acc1 84.96% precision 84.98% recall 84.99% f1 84.97%
2026-03-15 21:50:46 - __main__ - INFO - Val:   loss 1.4485 acc1 64.35% precision 67.46% recall 63.87% f1 63.95%
2026-03-15 21:50:46 - __main__ - INFO - 
Epoch 99/200 | lr 0.053626
2026-03-15 21:51:16 - __main__ - INFO - Train: loss 0.4751 acc1 85.17% precision 85.20% recall 85.19% f1 85.18%
2026-03-15 21:51:16 - __main__ - INFO - Val:   loss 1.4367 acc1 64.87% precision 68.47% recall 64.30% f1 63.88%
2026-03-15 21:51:16 - __main__ - INFO - saved best: 64.87%
2026-03-15 21:51:16 - __main__ - INFO - 
Epoch 100/200 | lr 0.052823
2026-03-15 21:51:45 - __main__ - INFO - Train: loss 0.4648 acc1 85.60% precision 85.62% recall 85.62% f1 85.61%
2026-03-15 21:51:45 - __main__ - INFO - Val:   loss 1.3428 acc1 66.67% precision 69.51% recall 66.27% f1 66.33%
2026-03-15 21:51:45 - __main__ - INFO - saved best: 66.67%
2026-03-15 21:51:45 - __main__ - INFO - 
Epoch 101/200 | lr 0.052018
2026-03-15 21:52:14 - __main__ - INFO - Train: loss 0.4526 acc1 85.94% precision 85.96% recall 85.96% f1 85.95%
2026-03-15 21:52:14 - __main__ - INFO - Val:   loss 1.5011 acc1 62.92% precision 67.02% recall 62.28% f1 62.31%
2026-03-15 21:52:14 - __main__ - INFO - 
Epoch 102/200 | lr 0.051213
2026-03-15 21:52:44 - __main__ - INFO - Train: loss 0.4439 acc1 86.04% precision 86.05% recall 86.05% f1 86.04%
2026-03-15 21:52:44 - __main__ - INFO - Val:   loss 1.4925 acc1 63.54% precision 67.31% recall 63.49% f1 62.84%
2026-03-15 21:52:44 - __main__ - INFO - 
Epoch 103/200 | lr 0.050408
2026-03-15 21:53:13 - __main__ - INFO - Train: loss 0.4289 acc1 86.43% precision 86.45% recall 86.46% f1 86.45%
2026-03-15 21:53:13 - __main__ - INFO - Val:   loss 1.4478 acc1 65.27% precision 69.44% recall 64.76% f1 64.63%
2026-03-15 21:53:13 - __main__ - INFO - 
Epoch 104/200 | lr 0.049602
2026-03-15 21:53:42 - __main__ - INFO - Train: loss 0.4418 acc1 86.17% precision 86.19% recall 86.19% f1 86.18%
2026-03-15 21:53:42 - __main__ - INFO - Val:   loss 1.4291 acc1 64.51% precision 67.78% recall 63.91% f1 64.02%
2026-03-15 21:53:42 - __main__ - INFO - 
Epoch 105/200 | lr 0.048797
2026-03-15 21:54:12 - __main__ - INFO - Train: loss 0.4183 acc1 87.03% precision 87.05% recall 87.05% f1 87.04%
2026-03-15 21:54:12 - __main__ - INFO - Val:   loss 1.4687 acc1 63.93% precision 67.15% recall 63.56% f1 63.25%
2026-03-15 21:54:12 - __main__ - INFO - 
Epoch 106/200 | lr 0.047992
2026-03-15 21:54:41 - __main__ - INFO - Train: loss 0.4086 acc1 87.19% precision 87.22% recall 87.21% f1 87.21%
2026-03-15 21:54:41 - __main__ - INFO - Val:   loss 1.5238 acc1 62.68% precision 66.90% recall 62.20% f1 62.56%
2026-03-15 21:54:41 - __main__ - INFO - 
Epoch 107/200 | lr 0.047187
2026-03-15 21:55:10 - __main__ - INFO - Train: loss 0.3960 acc1 87.54% precision 87.54% recall 87.55% f1 87.54%
2026-03-15 21:55:10 - __main__ - INFO - Val:   loss 1.4389 acc1 65.01% precision 68.55% recall 64.61% f1 65.01%
2026-03-15 21:55:10 - __main__ - INFO - 
Epoch 108/200 | lr 0.046384
2026-03-15 21:55:40 - __main__ - INFO - Train: loss 0.3856 acc1 88.00% precision 88.01% recall 88.01% f1 88.01%
2026-03-15 21:55:40 - __main__ - INFO - Val:   loss 1.3667 acc1 66.36% precision 68.21% recall 65.87% f1 65.64%
2026-03-15 21:55:40 - __main__ - INFO - 
Epoch 109/200 | lr 0.045581
2026-03-15 21:56:09 - __main__ - INFO - Train: loss 0.3899 acc1 87.79% precision 87.81% recall 87.80% f1 87.80%
2026-03-15 21:56:09 - __main__ - INFO - Val:   loss 1.5530 acc1 63.40% precision 67.46% recall 63.01% f1 62.86%
2026-03-15 21:56:09 - __main__ - INFO - 
Epoch 110/200 | lr 0.044779
2026-03-15 21:56:38 - __main__ - INFO - Train: loss 0.3764 acc1 88.15% precision 88.18% recall 88.16% f1 88.17%
2026-03-15 21:56:38 - __main__ - INFO - Val:   loss 1.4943 acc1 64.38% precision 68.19% recall 63.79% f1 63.76%
2026-03-15 21:56:38 - __main__ - INFO - 
Epoch 111/200 | lr 0.043979
2026-03-15 21:57:08 - __main__ - INFO - Train: loss 0.3606 acc1 88.76% precision 88.77% recall 88.77% f1 88.77%
2026-03-15 21:57:08 - __main__ - INFO - Val:   loss 1.3848 acc1 66.31% precision 69.19% recall 65.69% f1 65.94%
2026-03-15 21:57:08 - __main__ - INFO - 
Epoch 112/200 | lr 0.043180
2026-03-15 21:57:37 - __main__ - INFO - Train: loss 0.3490 acc1 89.16% precision 89.20% recall 89.19% f1 89.19%
2026-03-15 21:57:37 - __main__ - INFO - Val:   loss 1.4258 acc1 66.31% precision 69.35% recall 65.70% f1 65.91%
2026-03-15 21:57:37 - __main__ - INFO - 
Epoch 113/200 | lr 0.042383
2026-03-15 21:58:06 - __main__ - INFO - Train: loss 0.3544 acc1 88.89% precision 88.90% recall 88.90% f1 88.89%
2026-03-15 21:58:06 - __main__ - INFO - Val:   loss 1.5241 acc1 64.44% precision 68.54% recall 64.06% f1 63.95%
2026-03-15 21:58:06 - __main__ - INFO - 
Epoch 114/200 | lr 0.041588
2026-03-15 21:58:36 - __main__ - INFO - Train: loss 0.3456 acc1 89.22% precision 89.23% recall 89.23% f1 89.22%
2026-03-15 21:58:36 - __main__ - INFO - Val:   loss 1.3230 acc1 67.51% precision 69.29% recall 67.11% f1 66.95%
2026-03-15 21:58:36 - __main__ - INFO - saved best: 67.51%
2026-03-15 21:58:36 - __main__ - INFO - 
Epoch 115/200 | lr 0.040795
2026-03-15 21:59:05 - __main__ - INFO - Train: loss 0.3196 acc1 90.02% precision 90.04% recall 90.04% f1 90.04%
2026-03-15 21:59:05 - __main__ - INFO - Val:   loss 1.3953 acc1 66.96% precision 69.80% recall 66.45% f1 66.75%
2026-03-15 21:59:05 - __main__ - INFO - 
Epoch 116/200 | lr 0.040005
2026-03-15 21:59:34 - __main__ - INFO - Train: loss 0.3040 acc1 90.63% precision 90.64% recall 90.64% f1 90.63%
2026-03-15 21:59:34 - __main__ - INFO - Val:   loss 1.3856 acc1 67.24% precision 69.56% recall 66.79% f1 66.93%
2026-03-15 21:59:34 - __main__ - INFO - 
Epoch 117/200 | lr 0.039217
2026-03-15 22:00:04 - __main__ - INFO - Train: loss 0.3181 acc1 90.12% precision 90.13% recall 90.13% f1 90.13%
2026-03-15 22:00:04 - __main__ - INFO - Val:   loss 1.4223 acc1 66.19% precision 70.60% recall 65.89% f1 66.34%
2026-03-15 22:00:04 - __main__ - INFO - 
Epoch 118/200 | lr 0.038432
2026-03-15 22:00:33 - __main__ - INFO - Train: loss 0.3016 acc1 90.48% precision 90.50% recall 90.49% f1 90.49%
2026-03-15 22:00:33 - __main__ - INFO - Val:   loss 1.3609 acc1 66.53% precision 68.76% recall 65.85% f1 65.75%
2026-03-15 22:00:33 - __main__ - INFO - 
Epoch 119/200 | lr 0.037650
2026-03-15 22:01:02 - __main__ - INFO - Train: loss 0.2934 acc1 90.93% precision 90.95% recall 90.95% f1 90.95%
2026-03-15 22:01:02 - __main__ - INFO - Val:   loss 1.3517 acc1 67.41% precision 69.86% recall 67.01% f1 67.00%
2026-03-15 22:01:02 - __main__ - INFO - 
Epoch 120/200 | lr 0.036871
2026-03-15 22:01:32 - __main__ - INFO - Train: loss 0.2785 acc1 91.46% precision 91.48% recall 91.47% f1 91.47%
2026-03-15 22:01:32 - __main__ - INFO - Val:   loss 1.3478 acc1 67.51% precision 70.19% recall 66.97% f1 67.04%
2026-03-15 22:01:32 - __main__ - INFO - 
Epoch 121/200 | lr 0.036096
2026-03-15 22:02:01 - __main__ - INFO - Train: loss 0.2768 acc1 91.49% precision 91.52% recall 91.51% f1 91.51%
2026-03-15 22:02:01 - __main__ - INFO - Val:   loss 1.3493 acc1 67.98% precision 69.57% recall 67.44% f1 67.37%
2026-03-15 22:02:01 - __main__ - INFO - saved best: 67.98%
2026-03-15 22:02:01 - __main__ - INFO - 
Epoch 122/200 | lr 0.035324
2026-03-15 22:02:30 - __main__ - INFO - Train: loss 0.2717 acc1 91.51% precision 91.53% recall 91.52% f1 91.52%
2026-03-15 22:02:30 - __main__ - INFO - Val:   loss 1.4962 acc1 64.90% precision 68.52% recall 64.44% f1 64.63%
2026-03-15 22:02:30 - __main__ - INFO - 
Epoch 123/200 | lr 0.034556
2026-03-15 22:03:00 - __main__ - INFO - Train: loss 0.2668 acc1 91.75% precision 91.77% recall 91.77% f1 91.77%
2026-03-15 22:03:00 - __main__ - INFO - Val:   loss 1.3849 acc1 67.69% precision 69.59% recall 67.01% f1 66.80%
2026-03-15 22:03:00 - __main__ - INFO - 
Epoch 124/200 | lr 0.033792
2026-03-15 22:03:29 - __main__ - INFO - Train: loss 0.2544 acc1 92.14% precision 92.16% recall 92.15% f1 92.15%
2026-03-15 22:03:29 - __main__ - INFO - Val:   loss 1.4858 acc1 65.99% precision 68.94% recall 65.38% f1 65.52%
2026-03-15 22:03:29 - __main__ - INFO - 
Epoch 125/200 | lr 0.033032
2026-03-15 22:03:58 - __main__ - INFO - Train: loss 0.2359 acc1 92.81% precision 92.83% recall 92.83% f1 92.82%
2026-03-15 22:03:58 - __main__ - INFO - Val:   loss 1.3560 acc1 68.51% precision 70.72% recall 68.09% f1 67.94%
2026-03-15 22:03:58 - __main__ - INFO - saved best: 68.51%
2026-03-15 22:03:58 - __main__ - INFO - 
Epoch 126/200 | lr 0.032277
2026-03-15 22:04:27 - __main__ - INFO - Train: loss 0.2318 acc1 92.99% precision 93.01% recall 93.01% f1 93.01%
2026-03-15 22:04:27 - __main__ - INFO - Val:   loss 1.3156 acc1 68.55% precision 70.48% recall 68.14% f1 68.08%
2026-03-15 22:04:27 - __main__ - INFO - saved best: 68.55%
2026-03-15 22:04:27 - __main__ - INFO - 
Epoch 127/200 | lr 0.031526
2026-03-15 22:04:57 - __main__ - INFO - Train: loss 0.2307 acc1 92.86% precision 92.88% recall 92.87% f1 92.87%
2026-03-15 22:04:57 - __main__ - INFO - Val:   loss 1.5053 acc1 66.47% precision 69.71% recall 65.85% f1 65.80%
2026-03-15 22:04:57 - __main__ - INFO - 
Epoch 128/200 | lr 0.030780
2026-03-15 22:05:26 - __main__ - INFO - Train: loss 0.2129 acc1 93.68% precision 93.70% recall 93.68% f1 93.69%
2026-03-15 22:05:26 - __main__ - INFO - Val:   loss 1.3975 acc1 67.98% precision 71.62% recall 67.60% f1 68.06%
2026-03-15 22:05:26 - __main__ - INFO - 
Epoch 129/200 | lr 0.030039
2026-03-15 22:05:55 - __main__ - INFO - Train: loss 0.2029 acc1 93.87% precision 93.90% recall 93.89% f1 93.89%
2026-03-15 22:05:55 - __main__ - INFO - Val:   loss 1.2941 acc1 68.98% precision 70.51% recall 68.29% f1 68.26%
2026-03-15 22:05:55 - __main__ - INFO - saved best: 68.98%
2026-03-15 22:05:55 - __main__ - INFO - 
Epoch 130/200 | lr 0.029303
2026-03-15 22:06:25 - __main__ - INFO - Train: loss 0.2069 acc1 93.70% precision 93.72% recall 93.71% f1 93.71%
2026-03-15 22:06:25 - __main__ - INFO - Val:   loss 1.3846 acc1 68.55% precision 71.03% recall 68.14% f1 68.27%
2026-03-15 22:06:25 - __main__ - INFO - 
Epoch 131/200 | lr 0.028573
2026-03-15 22:06:54 - __main__ - INFO - Train: loss 0.1791 acc1 94.76% precision 94.78% recall 94.77% f1 94.77%
2026-03-15 22:06:54 - __main__ - INFO - Val:   loss 1.3767 acc1 68.11% precision 70.14% recall 67.50% f1 67.40%
2026-03-15 22:06:54 - __main__ - INFO - 
Epoch 132/200 | lr 0.027848
2026-03-15 22:07:23 - __main__ - INFO - Train: loss 0.1864 acc1 94.50% precision 94.51% recall 94.51% f1 94.51%
2026-03-15 22:07:23 - __main__ - INFO - Val:   loss 1.2633 acc1 69.25% precision 71.30% recall 68.93% f1 69.07%
2026-03-15 22:07:23 - __main__ - INFO - saved best: 69.25%
2026-03-15 22:07:23 - __main__ - INFO - 
Epoch 133/200 | lr 0.027129
2026-03-15 22:07:52 - __main__ - INFO - Train: loss 0.1673 acc1 95.06% precision 95.07% recall 95.07% f1 95.07%
2026-03-15 22:07:52 - __main__ - INFO - Val:   loss 1.3102 acc1 69.74% precision 71.69% recall 69.38% f1 69.38%
2026-03-15 22:07:52 - __main__ - INFO - saved best: 69.74%
2026-03-15 22:07:52 - __main__ - INFO - 
Epoch 134/200 | lr 0.026415
2026-03-15 22:08:22 - __main__ - INFO - Train: loss 0.1699 acc1 94.95% precision 94.96% recall 94.96% f1 94.95%
2026-03-15 22:08:22 - __main__ - INFO - Val:   loss 1.3192 acc1 68.94% precision 71.39% recall 68.61% f1 68.87%
2026-03-15 22:08:22 - __main__ - INFO - 
Epoch 135/200 | lr 0.025708
2026-03-15 22:08:51 - __main__ - INFO - Train: loss 0.1498 acc1 95.60% precision 95.62% recall 95.61% f1 95.61%
2026-03-15 22:08:51 - __main__ - INFO - Val:   loss 1.2399 acc1 70.20% precision 71.86% recall 69.76% f1 69.96%
2026-03-15 22:08:51 - __main__ - INFO - saved best: 70.20%
2026-03-15 22:08:51 - __main__ - INFO - 
Epoch 136/200 | lr 0.025008
2026-03-15 22:09:20 - __main__ - INFO - Train: loss 0.1441 acc1 95.77% precision 95.78% recall 95.78% f1 95.78%
2026-03-15 22:09:20 - __main__ - INFO - Val:   loss 1.3437 acc1 68.83% precision 70.57% recall 68.42% f1 68.43%
2026-03-15 22:09:20 - __main__ - INFO - 
Epoch 137/200 | lr 0.024313
2026-03-15 22:09:50 - __main__ - INFO - Train: loss 0.1478 acc1 95.64% precision 95.66% recall 95.65% f1 95.65%
2026-03-15 22:09:50 - __main__ - INFO - Val:   loss 1.3120 acc1 69.37% precision 71.17% recall 69.01% f1 69.01%
2026-03-15 22:09:50 - __main__ - INFO - 
Epoch 138/200 | lr 0.023626
2026-03-15 22:10:19 - __main__ - INFO - Train: loss 0.1385 acc1 95.87% precision 95.88% recall 95.88% f1 95.88%
2026-03-15 22:10:19 - __main__ - INFO - Val:   loss 1.2901 acc1 70.55% precision 71.64% recall 70.09% f1 70.03%
2026-03-15 22:10:19 - __main__ - INFO - saved best: 70.55%
2026-03-15 22:10:19 - __main__ - INFO - 
Epoch 139/200 | lr 0.022945
2026-03-15 22:10:48 - __main__ - INFO - Train: loss 0.1288 acc1 96.41% precision 96.42% recall 96.42% f1 96.42%
2026-03-15 22:10:48 - __main__ - INFO - Val:   loss 1.1995 acc1 71.82% precision 72.49% recall 71.35% f1 71.09%
2026-03-15 22:10:48 - __main__ - INFO - saved best: 71.82%
2026-03-15 22:10:48 - __main__ - INFO - 
Epoch 140/200 | lr 0.022271
2026-03-15 22:11:18 - __main__ - INFO - Train: loss 0.1207 acc1 96.61% precision 96.62% recall 96.62% f1 96.62%
2026-03-15 22:11:18 - __main__ - INFO - Val:   loss 1.2671 acc1 70.69% precision 71.81% recall 70.25% f1 70.19%
2026-03-15 22:11:18 - __main__ - INFO - 
Epoch 141/200 | lr 0.021605
2026-03-15 22:11:47 - __main__ - INFO - Train: loss 0.1125 acc1 96.77% precision 96.78% recall 96.77% f1 96.77%
2026-03-15 22:11:47 - __main__ - INFO - Val:   loss 1.2354 acc1 71.10% precision 72.58% recall 70.64% f1 70.66%
2026-03-15 22:11:47 - __main__ - INFO - 
Epoch 142/200 | lr 0.020945
2026-03-15 22:12:16 - __main__ - INFO - Train: loss 0.1015 acc1 97.16% precision 97.17% recall 97.16% f1 97.16%
2026-03-15 22:12:16 - __main__ - INFO - Val:   loss 1.2506 acc1 71.51% precision 72.71% recall 71.11% f1 71.12%
2026-03-15 22:12:16 - __main__ - INFO - 
Epoch 143/200 | lr 0.020294
2026-03-15 22:12:46 - __main__ - INFO - Train: loss 0.1085 acc1 97.05% precision 97.06% recall 97.05% f1 97.05%
2026-03-15 22:12:46 - __main__ - INFO - Val:   loss 1.2410 acc1 71.05% precision 71.98% recall 70.52% f1 70.55%
2026-03-15 22:12:46 - __main__ - INFO - 
Epoch 144/200 | lr 0.019650
2026-03-15 22:13:15 - __main__ - INFO - Train: loss 0.0909 acc1 97.51% precision 97.51% recall 97.51% f1 97.51%
2026-03-15 22:13:15 - __main__ - INFO - Val:   loss 1.1813 acc1 71.97% precision 72.47% recall 71.43% f1 71.45%
2026-03-15 22:13:15 - __main__ - INFO - saved best: 71.97%
2026-03-15 22:13:15 - __main__ - INFO - 
Epoch 145/200 | lr 0.019014
2026-03-15 22:13:44 - __main__ - INFO - Train: loss 0.0818 acc1 97.87% precision 97.88% recall 97.87% f1 97.87%
2026-03-15 22:13:44 - __main__ - INFO - Val:   loss 1.2000 acc1 72.31% precision 73.40% recall 71.85% f1 71.82%
2026-03-15 22:13:44 - __main__ - INFO - saved best: 72.31%
2026-03-15 22:13:44 - __main__ - INFO - 
Epoch 146/200 | lr 0.018386
2026-03-15 22:14:14 - __main__ - INFO - Train: loss 0.0721 acc1 98.10% precision 98.10% recall 98.10% f1 98.10%
2026-03-15 22:14:14 - __main__ - INFO - Val:   loss 1.2432 acc1 71.75% precision 72.69% recall 71.11% f1 71.08%
2026-03-15 22:14:14 - __main__ - INFO - 
Epoch 147/200 | lr 0.017766
2026-03-15 22:14:43 - __main__ - INFO - Train: loss 0.0629 acc1 98.42% precision 98.42% recall 98.42% f1 98.42%
2026-03-15 22:14:43 - __main__ - INFO - Val:   loss 1.1532 acc1 73.56% precision 74.17% recall 73.08% f1 73.13%
2026-03-15 22:14:43 - __main__ - INFO - saved best: 73.56%
2026-03-15 22:14:43 - __main__ - INFO - 
Epoch 148/200 | lr 0.017155
2026-03-15 22:15:12 - __main__ - INFO - Train: loss 0.0550 acc1 98.68% precision 98.68% recall 98.68% f1 98.68%
2026-03-15 22:15:12 - __main__ - INFO - Val:   loss 1.1472 acc1 73.89% precision 74.34% recall 73.39% f1 73.25%
2026-03-15 22:15:12 - __main__ - INFO - saved best: 73.89%
2026-03-15 22:15:12 - __main__ - INFO - 
Epoch 149/200 | lr 0.016552
2026-03-15 22:15:42 - __main__ - INFO - Train: loss 0.0576 acc1 98.58% precision 98.58% recall 98.58% f1 98.58%
2026-03-15 22:15:42 - __main__ - INFO - Val:   loss 1.1897 acc1 72.60% precision 73.48% recall 71.98% f1 71.98%
2026-03-15 22:15:42 - __main__ - INFO - 
Epoch 150/200 | lr 0.015958
2026-03-15 22:16:11 - __main__ - INFO - Train: loss 0.0535 acc1 98.70% precision 98.70% recall 98.70% f1 98.70%
2026-03-15 22:16:11 - __main__ - INFO - Val:   loss 1.1001 acc1 73.89% precision 74.42% recall 73.27% f1 73.27%
2026-03-15 22:16:11 - __main__ - INFO - 
Epoch 151/200 | lr 0.015372
2026-03-15 22:16:40 - __main__ - INFO - Train: loss 0.0386 acc1 99.25% precision 99.26% recall 99.26% f1 99.26%
2026-03-15 22:16:40 - __main__ - INFO - Val:   loss 1.0953 acc1 74.86% precision 75.16% recall 74.51% f1 74.33%
2026-03-15 22:16:40 - __main__ - INFO - saved best: 74.86%
2026-03-15 22:16:40 - __main__ - INFO - 
Epoch 152/200 | lr 0.014796
2026-03-15 22:17:10 - __main__ - INFO - Train: loss 0.0369 acc1 99.22% precision 99.22% recall 99.22% f1 99.22%
2026-03-15 22:17:10 - __main__ - INFO - Val:   loss 1.0936 acc1 74.17% precision 74.71% recall 73.64% f1 73.70%
2026-03-15 22:17:10 - __main__ - INFO - 
Epoch 153/200 | lr 0.014229
2026-03-15 22:17:39 - __main__ - INFO - Train: loss 0.0329 acc1 99.36% precision 99.36% recall 99.36% f1 99.36%
2026-03-15 22:17:39 - __main__ - INFO - Val:   loss 1.0622 acc1 75.64% precision 75.55% recall 75.26% f1 75.13%
2026-03-15 22:17:39 - __main__ - INFO - saved best: 75.64%
2026-03-15 22:17:39 - __main__ - INFO - 
Epoch 154/200 | lr 0.013671
2026-03-15 22:18:08 - __main__ - INFO - Train: loss 0.0239 acc1 99.57% precision 99.57% recall 99.57% f1 99.57%
2026-03-15 22:18:08 - __main__ - INFO - Val:   loss 1.0255 acc1 76.05% precision 76.21% recall 75.67% f1 75.56%
2026-03-15 22:18:08 - __main__ - INFO - saved best: 76.05%
2026-03-15 22:18:08 - __main__ - INFO - 
Epoch 155/200 | lr 0.013122
2026-03-15 22:18:38 - __main__ - INFO - Train: loss 0.0185 acc1 99.72% precision 99.72% recall 99.72% f1 99.72%
2026-03-15 22:18:38 - __main__ - INFO - Val:   loss 1.0245 acc1 76.34% precision 76.25% recall 75.98% f1 75.85%
2026-03-15 22:18:38 - __main__ - INFO - saved best: 76.34%
2026-03-15 22:18:38 - __main__ - INFO - 
Epoch 156/200 | lr 0.012583
2026-03-15 22:19:07 - __main__ - INFO - Train: loss 0.0158 acc1 99.80% precision 99.80% recall 99.80% f1 99.80%
2026-03-15 22:19:07 - __main__ - INFO - Val:   loss 1.0043 acc1 76.00% precision 76.12% recall 75.66% f1 75.54%
2026-03-15 22:19:07 - __main__ - INFO - 
Epoch 157/200 | lr 0.012054
2026-03-15 22:19:36 - __main__ - INFO - Train: loss 0.0148 acc1 99.81% precision 99.81% recall 99.81% f1 99.81%
2026-03-15 22:19:36 - __main__ - INFO - Val:   loss 0.9575 acc1 77.04% precision 77.01% recall 76.68% f1 76.57%
2026-03-15 22:19:36 - __main__ - INFO - saved best: 77.04%
2026-03-15 22:19:36 - __main__ - INFO - 
Epoch 158/200 | lr 0.011535
2026-03-15 22:20:06 - __main__ - INFO - Train: loss 0.0135 acc1 99.84% precision 99.84% recall 99.84% f1 99.84%
2026-03-15 22:20:06 - __main__ - INFO - Val:   loss 0.9775 acc1 76.97% precision 77.06% recall 76.76% f1 76.63%
2026-03-15 22:20:06 - __main__ - INFO - 
Epoch 159/200 | lr 0.011025
2026-03-15 22:20:35 - __main__ - INFO - Train: loss 0.0115 acc1 99.89% precision 99.89% recall 99.89% f1 99.89%
2026-03-15 22:20:35 - __main__ - INFO - Val:   loss 0.9406 acc1 77.91% precision 77.57% recall 77.53% f1 77.34%
2026-03-15 22:20:35 - __main__ - INFO - saved best: 77.91%
2026-03-15 22:20:35 - __main__ - INFO - 
Epoch 160/200 | lr 0.010526
2026-03-15 22:21:04 - __main__ - INFO - Train: loss 0.0099 acc1 99.91% precision 99.91% recall 99.91% f1 99.91%
2026-03-15 22:21:04 - __main__ - INFO - Val:   loss 0.9321 acc1 77.68% precision 77.48% recall 77.32% f1 77.20%
2026-03-15 22:21:04 - __main__ - INFO - 
Epoch 161/200 | lr 0.010037
2026-03-15 22:21:34 - __main__ - INFO - Train: loss 0.0087 acc1 99.93% precision 99.93% recall 99.93% f1 99.93%
2026-03-15 22:21:34 - __main__ - INFO - Val:   loss 0.9068 acc1 78.13% precision 77.92% recall 77.80% f1 77.67%
2026-03-15 22:21:34 - __main__ - INFO - saved best: 78.13%
2026-03-15 22:21:34 - __main__ - INFO - 
Epoch 162/200 | lr 0.009558
2026-03-15 22:22:03 - __main__ - INFO - Train: loss 0.0091 acc1 99.91% precision 99.91% recall 99.91% f1 99.91%
2026-03-15 22:22:03 - __main__ - INFO - Val:   loss 0.9021 acc1 78.63% precision 78.46% recall 78.24% f1 78.14%
2026-03-15 22:22:03 - __main__ - INFO - saved best: 78.63%
2026-03-15 22:22:03 - __main__ - INFO - 
Epoch 163/200 | lr 0.009090
2026-03-15 22:22:32 - __main__ - INFO - Train: loss 0.0079 acc1 99.95% precision 99.95% recall 99.95% f1 99.95%
2026-03-15 22:22:32 - __main__ - INFO - Val:   loss 0.8929 acc1 78.79% precision 78.57% recall 78.48% f1 78.32%
2026-03-15 22:22:32 - __main__ - INFO - saved best: 78.79%
2026-03-15 22:22:32 - __main__ - INFO - 
Epoch 164/200 | lr 0.008632
2026-03-15 22:23:02 - __main__ - INFO - Train: loss 0.0078 acc1 99.96% precision 99.96% recall 99.96% f1 99.96%
2026-03-15 22:23:02 - __main__ - INFO - Val:   loss 0.8887 acc1 78.59% precision 78.41% recall 78.19% f1 78.12%
2026-03-15 22:23:02 - __main__ - INFO - 
Epoch 165/200 | lr 0.008186
2026-03-15 22:23:31 - __main__ - INFO - Train: loss 0.0078 acc1 99.95% precision 99.95% recall 99.95% f1 99.95%
2026-03-15 22:23:31 - __main__ - INFO - Val:   loss 0.8895 acc1 78.82% precision 78.58% recall 78.43% f1 78.29%
2026-03-15 22:23:31 - __main__ - INFO - saved best: 78.82%
2026-03-15 22:23:31 - __main__ - INFO - 
Epoch 166/200 | lr 0.007750
2026-03-15 22:24:00 - __main__ - INFO - Train: loss 0.0076 acc1 99.95% precision 99.95% recall 99.95% f1 99.95%
2026-03-15 22:24:00 - __main__ - INFO - Val:   loss 0.8828 acc1 78.68% precision 78.49% recall 78.32% f1 78.21%
2026-03-15 22:24:00 - __main__ - INFO - 
Epoch 167/200 | lr 0.007325
2026-03-15 22:24:30 - __main__ - INFO - Train: loss 0.0076 acc1 99.95% precision 99.95% recall 99.95% f1 99.95%
2026-03-15 22:24:30 - __main__ - INFO - Val:   loss 0.8824 acc1 78.49% precision 78.33% recall 78.02% f1 77.97%
2026-03-15 22:24:30 - __main__ - INFO - 
Epoch 168/200 | lr 0.006911
2026-03-15 22:24:59 - __main__ - INFO - Train: loss 0.0079 acc1 99.95% precision 99.95% recall 99.95% f1 99.95%
2026-03-15 22:24:59 - __main__ - INFO - Val:   loss 0.8765 acc1 79.04% precision 78.80% recall 78.59% f1 78.51%
2026-03-15 22:24:59 - __main__ - INFO - saved best: 79.04%
2026-03-15 22:24:59 - __main__ - INFO - 
Epoch 169/200 | lr 0.006508
2026-03-15 22:25:28 - __main__ - INFO - Train: loss 0.0075 acc1 99.95% precision 99.95% recall 99.95% f1 99.95%
2026-03-15 22:25:28 - __main__ - INFO - Val:   loss 0.8793 acc1 78.81% precision 78.63% recall 78.36% f1 78.30%
2026-03-15 22:25:28 - __main__ - INFO - 
Epoch 170/200 | lr 0.006117
2026-03-15 22:25:57 - __main__ - INFO - Train: loss 0.0076 acc1 99.95% precision 99.95% recall 99.95% f1 99.95%
2026-03-15 22:25:57 - __main__ - INFO - Val:   loss 0.8736 acc1 78.95% precision 78.75% recall 78.56% f1 78.49%
2026-03-15 22:25:57 - __main__ - INFO - 
Epoch 171/200 | lr 0.005737
2026-03-15 22:26:27 - __main__ - INFO - Train: loss 0.0074 acc1 99.96% precision 99.96% recall 99.96% f1 99.96%
2026-03-15 22:26:27 - __main__ - INFO - Val:   loss 0.8843 acc1 78.60% precision 78.45% recall 78.24% f1 78.11%
2026-03-15 22:26:27 - __main__ - INFO - 
Epoch 172/200 | lr 0.005368
2026-03-15 22:26:56 - __main__ - INFO - Train: loss 0.0074 acc1 99.96% precision 99.96% recall 99.96% f1 99.96%
2026-03-15 22:26:56 - __main__ - INFO - Val:   loss 0.8657 acc1 79.24% precision 79.01% recall 78.88% f1 78.73%
2026-03-15 22:26:56 - __main__ - INFO - saved best: 79.24%
2026-03-15 22:26:56 - __main__ - INFO - 
Epoch 173/200 | lr 0.005011
2026-03-15 22:27:25 - __main__ - INFO - Train: loss 0.0073 acc1 99.97% precision 99.97% recall 99.97% f1 99.97%
2026-03-15 22:27:25 - __main__ - INFO - Val:   loss 0.8730 acc1 79.03% precision 78.85% recall 78.72% f1 78.57%
2026-03-15 22:27:25 - __main__ - INFO - 
Epoch 174/200 | lr 0.004666
2026-03-15 22:27:55 - __main__ - INFO - Train: loss 0.0072 acc1 99.96% precision 99.96% recall 99.96% f1 99.96%
2026-03-15 22:27:55 - __main__ - INFO - Val:   loss 0.8689 acc1 79.41% precision 79.26% recall 79.07% f1 78.95%
2026-03-15 22:27:55 - __main__ - INFO - saved best: 79.41%
2026-03-15 22:27:55 - __main__ - INFO - 
Epoch 175/200 | lr 0.004332
2026-03-15 22:28:24 - __main__ - INFO - Train: loss 0.0071 acc1 99.96% precision 99.96% recall 99.96% f1 99.96%
2026-03-15 22:28:24 - __main__ - INFO - Val:   loss 0.8723 acc1 79.26% precision 79.17% recall 78.92% f1 78.83%
2026-03-15 22:28:24 - __main__ - INFO - 
Epoch 176/200 | lr 0.004011
2026-03-15 22:28:53 - __main__ - INFO - Train: loss 0.0070 acc1 99.97% precision 99.97% recall 99.97% f1 99.97%
2026-03-15 22:28:53 - __main__ - INFO - Val:   loss 0.8635 acc1 79.09% precision 78.99% recall 78.76% f1 78.67%
2026-03-15 22:28:53 - __main__ - INFO - 
Epoch 177/200 | lr 0.003701
2026-03-15 22:29:23 - __main__ - INFO - Train: loss 0.0072 acc1 99.97% precision 99.97% recall 99.97% f1 99.97%
2026-03-15 22:29:23 - __main__ - INFO - Val:   loss 0.8731 acc1 79.01% precision 78.88% recall 78.63% f1 78.56%
2026-03-15 22:29:23 - __main__ - INFO - 
Epoch 178/200 | lr 0.003403
2026-03-15 22:29:52 - __main__ - INFO - Train: loss 0.0072 acc1 99.97% precision 99.97% recall 99.97% f1 99.97%
2026-03-15 22:29:52 - __main__ - INFO - Val:   loss 0.8677 acc1 79.35% precision 79.30% recall 78.97% f1 78.92%
2026-03-15 22:29:52 - __main__ - INFO - 
Epoch 179/200 | lr 0.003118
2026-03-15 22:30:21 - __main__ - INFO - Train: loss 0.0071 acc1 99.96% precision 99.96% recall 99.96% f1 99.96%
2026-03-15 22:30:21 - __main__ - INFO - Val:   loss 0.8663 acc1 79.55% precision 79.41% recall 79.19% f1 79.11%
2026-03-15 22:30:21 - __main__ - INFO - saved best: 79.55%
2026-03-15 22:30:21 - __main__ - INFO - 
Epoch 180/200 | lr 0.002844
2026-03-15 22:30:51 - __main__ - INFO - Train: loss 0.0070 acc1 99.97% precision 99.97% recall 99.97% f1 99.97%
2026-03-15 22:30:51 - __main__ - INFO - Val:   loss 0.8634 acc1 79.53% precision 79.42% recall 79.12% f1 79.04%
2026-03-15 22:30:51 - __main__ - INFO - 
Epoch 181/200 | lr 0.002583
2026-03-15 22:31:20 - __main__ - INFO - Train: loss 0.0071 acc1 99.97% precision 99.97% recall 99.97% f1 99.97%
2026-03-15 22:31:20 - __main__ - INFO - Val:   loss 0.8602 acc1 79.51% precision 79.29% recall 79.15% f1 79.02%
2026-03-15 22:31:20 - __main__ - INFO - 
Epoch 182/200 | lr 0.002334
2026-03-15 22:31:49 - __main__ - INFO - Train: loss 0.0069 acc1 99.98% precision 99.98% recall 99.98% f1 99.98%
2026-03-15 22:31:49 - __main__ - INFO - Val:   loss 0.8658 acc1 79.53% precision 79.36% recall 79.19% f1 79.09%
2026-03-15 22:31:49 - __main__ - INFO - 
Epoch 183/200 | lr 0.002097
2026-03-15 22:32:18 - __main__ - INFO - Train: loss 0.0067 acc1 99.98% precision 99.98% recall 99.98% f1 99.98%
2026-03-15 22:32:18 - __main__ - INFO - Val:   loss 0.8666 acc1 79.36% precision 79.21% recall 79.04% f1 78.93%
2026-03-15 22:32:18 - __main__ - INFO - 
Epoch 184/200 | lr 0.001873
2026-03-15 22:32:48 - __main__ - INFO - Train: loss 0.0069 acc1 99.96% precision 99.96% recall 99.96% f1 99.96%
2026-03-15 22:32:48 - __main__ - INFO - Val:   loss 0.8666 acc1 79.34% precision 79.21% recall 78.98% f1 78.89%
2026-03-15 22:32:48 - __main__ - INFO - 
Epoch 185/200 | lr 0.001662
2026-03-15 22:33:17 - __main__ - INFO - Train: loss 0.0067 acc1 99.97% precision 99.97% recall 99.97% f1 99.97%
2026-03-15 22:33:17 - __main__ - INFO - Val:   loss 0.8630 acc1 79.18% precision 79.03% recall 78.85% f1 78.74%
2026-03-15 22:33:17 - __main__ - INFO - 
Epoch 186/200 | lr 0.001463
2026-03-15 22:33:46 - __main__ - INFO - Train: loss 0.0067 acc1 99.97% precision 99.97% recall 99.97% f1 99.97%
2026-03-15 22:33:46 - __main__ - INFO - Val:   loss 0.8608 acc1 79.34% precision 79.25% recall 78.98% f1 78.93%
2026-03-15 22:33:46 - __main__ - INFO - 
Epoch 187/200 | lr 0.001276
2026-03-15 22:34:16 - __main__ - INFO - Train: loss 0.0068 acc1 99.97% precision 99.97% recall 99.97% f1 99.97%
2026-03-15 22:34:16 - __main__ - INFO - Val:   loss 0.8690 acc1 79.26% precision 79.14% recall 78.90% f1 78.82%
2026-03-15 22:34:16 - __main__ - INFO - 
Epoch 188/200 | lr 0.001103
2026-03-15 22:34:45 - __main__ - INFO - Train: loss 0.0067 acc1 99.98% precision 99.98% recall 99.98% f1 99.98%
2026-03-15 22:34:45 - __main__ - INFO - Val:   loss 0.8646 acc1 79.20% precision 79.12% recall 78.85% f1 78.76%
2026-03-15 22:34:45 - __main__ - INFO - 
Epoch 189/200 | lr 0.000941
2026-03-15 22:35:14 - __main__ - INFO - Train: loss 0.0067 acc1 99.97% precision 99.97% recall 99.97% f1 99.97%
2026-03-15 22:35:14 - __main__ - INFO - Val:   loss 0.8623 acc1 79.22% precision 79.13% recall 78.91% f1 78.82%
2026-03-15 22:35:14 - __main__ - INFO - 
Epoch 190/200 | lr 0.000793
2026-03-15 22:35:44 - __main__ - INFO - Train: loss 0.0067 acc1 99.96% precision 99.96% recall 99.96% f1 99.96%
2026-03-15 22:35:44 - __main__ - INFO - Val:   loss 0.8656 acc1 79.59% precision 79.51% recall 79.23% f1 79.15%
2026-03-15 22:35:44 - __main__ - INFO - saved best: 79.59%
2026-03-15 22:35:44 - __main__ - INFO - 
Epoch 191/200 | lr 0.000657
2026-03-15 22:36:13 - __main__ - INFO - Train: loss 0.0068 acc1 99.97% precision 99.97% recall 99.97% f1 99.97%
2026-03-15 22:36:13 - __main__ - INFO - Val:   loss 0.8704 acc1 79.18% precision 79.08% recall 78.86% f1 78.75%
2026-03-15 22:36:13 - __main__ - INFO - 
Epoch 192/200 | lr 0.000535
2026-03-15 22:36:42 - __main__ - INFO - Train: loss 0.0067 acc1 99.98% precision 99.98% recall 99.98% f1 99.98%
2026-03-15 22:36:42 - __main__ - INFO - Val:   loss 0.8632 acc1 79.51% precision 79.34% recall 79.15% f1 79.06%
2026-03-15 22:36:42 - __main__ - INFO - 
Epoch 193/200 | lr 0.000425
2026-03-15 22:37:12 - __main__ - INFO - Train: loss 0.0068 acc1 99.98% precision 99.98% recall 99.98% f1 99.98%
2026-03-15 22:37:12 - __main__ - INFO - Val:   loss 0.8656 acc1 79.30% precision 79.20% recall 78.98% f1 78.89%
2026-03-15 22:37:12 - __main__ - INFO - 
Epoch 194/200 | lr 0.000328
2026-03-15 22:37:41 - __main__ - INFO - Train: loss 0.0067 acc1 99.98% precision 99.98% recall 99.98% f1 99.98%
2026-03-15 22:37:41 - __main__ - INFO - Val:   loss 0.8659 acc1 79.47% precision 79.37% recall 79.11% f1 79.03%
2026-03-15 22:37:41 - __main__ - INFO - 
Epoch 195/200 | lr 0.000243
2026-03-15 22:38:10 - __main__ - INFO - Train: loss 0.0067 acc1 99.98% precision 99.98% recall 99.98% f1 99.98%
2026-03-15 22:38:10 - __main__ - INFO - Val:   loss 0.8666 acc1 79.45% precision 79.34% recall 79.08% f1 78.98%
2026-03-15 22:38:10 - __main__ - INFO - 
Epoch 196/200 | lr 0.000172
2026-03-15 22:38:40 - __main__ - INFO - Train: loss 0.0065 acc1 99.99% precision 99.99% recall 99.99% f1 99.99%
2026-03-15 22:38:40 - __main__ - INFO - Val:   loss 0.8600 acc1 79.63% precision 79.51% recall 79.30% f1 79.21%
2026-03-15 22:38:40 - __main__ - INFO - saved best: 79.63%
2026-03-15 22:38:40 - __main__ - INFO - 
Epoch 197/200 | lr 0.000114
2026-03-15 22:39:09 - __main__ - INFO - Train: loss 0.0066 acc1 99.99% precision 99.99% recall 99.99% f1 99.99%
2026-03-15 22:39:09 - __main__ - INFO - Val:   loss 0.8675 acc1 79.24% precision 79.10% recall 78.90% f1 78.79%
2026-03-15 22:39:09 - __main__ - INFO - 
Epoch 198/200 | lr 0.000068
2026-03-15 22:39:38 - __main__ - INFO - Train: loss 0.0065 acc1 99.97% precision 99.97% recall 99.97% f1 99.97%
2026-03-15 22:39:38 - __main__ - INFO - Val:   loss 0.8653 acc1 79.16% precision 79.10% recall 78.83% f1 78.73%
2026-03-15 22:39:38 - __main__ - INFO - 
Epoch 199/200 | lr 0.000036
2026-03-15 22:40:07 - __main__ - INFO - Train: loss 0.0065 acc1 99.97% precision 99.97% recall 99.97% f1 99.97%
2026-03-15 22:40:07 - __main__ - INFO - Val:   loss 0.8672 acc1 79.47% precision 79.40% recall 79.13% f1 79.07%
2026-03-15 22:40:07 - __main__ - INFO - 
Epoch 200/200 | lr 0.000016
2026-03-15 22:40:36 - __main__ - INFO - Train: loss 0.0066 acc1 99.98% precision 99.98% recall 99.98% f1 99.98%
2026-03-15 22:40:36 - __main__ - INFO - Val:   loss 0.8655 acc1 79.26% precision 79.17% recall 78.93% f1 78.86%
2026-03-15 22:40:36 - __main__ - INFO - Loaded best checkpoint weights for final test evaluation.
2026-03-15 22:40:38 - __main__ - INFO - 
Best tracked (val): 79.63%
2026-03-15 22:40:38 - __main__ - INFO - Final test: loss 0.8589 acc1 79.28% precision 79.30% recall 79.23% f1 79.17%
2026-03-15 22:40:39 - __main__ - INFO - Input model resnet34 done — test acc 79.28%, test F1 79.17%
2026-03-15 22:40:39 - __main__ - INFO - 
Preparing eval dataloaders for HiResCAM computation …
2026-03-15 22:40:42 - __main__ - INFO - 
Saving variant datasets to data/comparison_cifar100_2026_03/15
2026-03-15 22:40:42 - __main__ - INFO - Generating train variants → data/comparison_cifar100_2026_03/15
2026-03-15 22:40:44 - __main__ - INFO -   [train] processed 1280 images …
2026-03-15 22:40:46 - __main__ - INFO -   [train] processed 2560 images …
2026-03-15 22:40:48 - __main__ - INFO -   [train] processed 3840 images …
2026-03-15 22:40:50 - __main__ - INFO -   [train] processed 5120 images …
2026-03-15 22:40:51 - __main__ - INFO -   [train] processed 6400 images …
2026-03-15 22:40:53 - __main__ - INFO -   [train] processed 7680 images …
2026-03-15 22:40:55 - __main__ - INFO -   [train] processed 8960 images …
2026-03-15 22:40:57 - __main__ - INFO -   [train] processed 10240 images …
2026-03-15 22:40:59 - __main__ - INFO -   [train] processed 11520 images …
2026-03-15 22:41:00 - __main__ - INFO -   [train] processed 12800 images …
2026-03-15 22:41:02 - __main__ - INFO -   [train] processed 14080 images …
2026-03-15 22:41:04 - __main__ - INFO -   [train] processed 15360 images …
2026-03-15 22:41:06 - __main__ - INFO -   [train] processed 16640 images …
2026-03-15 22:41:08 - __main__ - INFO -   [train] processed 17920 images …
2026-03-15 22:41:09 - __main__ - INFO -   [train] processed 19200 images …
2026-03-15 22:41:11 - __main__ - INFO -   [train] processed 20480 images …
2026-03-15 22:41:13 - __main__ - INFO -   [train] processed 21760 images …
2026-03-15 22:41:15 - __main__ - INFO -   [train] processed 23040 images …
2026-03-15 22:41:16 - __main__ - INFO -   [train] processed 24320 images …
2026-03-15 22:41:18 - __main__ - INFO -   [train] processed 25600 images …
2026-03-15 22:41:20 - __main__ - INFO -   [train] processed 26880 images …
2026-03-15 22:41:22 - __main__ - INFO -   [train] processed 28160 images …
2026-03-15 22:41:24 - __main__ - INFO -   [train] processed 29440 images …
2026-03-15 22:41:26 - __main__ - INFO -   [train] processed 30720 images …
2026-03-15 22:41:27 - __main__ - INFO -   [train] processed 32000 images …
2026-03-15 22:41:29 - __main__ - INFO -   [train] processed 33280 images …
2026-03-15 22:41:31 - __main__ - INFO -   [train] processed 34560 images …
2026-03-15 22:41:33 - __main__ - INFO -   [train] processed 35840 images …
2026-03-15 22:41:35 - __main__ - INFO -   [train] processed 37120 images …
2026-03-15 22:41:36 - __main__ - INFO -   [train] processed 38400 images …
2026-03-15 22:41:38 - __main__ - INFO -   [train] processed 39680 images …
2026-03-15 22:41:40 - __main__ - INFO -   [train] processed 40960 images …
2026-03-15 22:41:42 - __main__ - INFO -   [train] processed 42240 images …
2026-03-15 22:41:44 - __main__ - INFO -   [train] processed 43520 images …
2026-03-15 22:41:45 - __main__ - INFO -   [train] processed 44800 images …
2026-03-15 22:41:46 - __main__ - INFO -   [train] processed 45000 images …
2026-03-15 22:41:46 - __main__ - INFO -   [train] saved 45000 images for all 2 variants
2026-03-15 22:41:46 - __main__ - INFO - Generating test variants → data/comparison_cifar100_2026_03/15
2026-03-15 22:41:48 - __main__ - INFO -   [test] processed 1280 images …
2026-03-15 22:41:49 - __main__ - INFO -   [test] processed 2560 images …
2026-03-15 22:41:51 - __main__ - INFO -   [test] processed 3840 images …
2026-03-15 22:41:53 - __main__ - INFO -   [test] processed 5120 images …
2026-03-15 22:41:55 - __main__ - INFO -   [test] processed 6400 images …
2026-03-15 22:41:56 - __main__ - INFO -   [test] processed 7680 images …
2026-03-15 22:41:58 - __main__ - INFO -   [test] processed 8960 images …
2026-03-15 22:42:00 - __main__ - INFO -   [test] processed 10000 images …
2026-03-15 22:42:00 - __main__ - INFO -   [test] saved 10000 images for all 2 variants
2026-03-15 22:42:00 - __main__ - INFO - 
Starting output model sweep: resnet50
2026-03-15 22:42:00 - __main__ - INFO - 
============================================================
2026-03-15 22:42:00 - __main__ - INFO - Training output model: resnet50 [original]
2026-03-15 22:42:00 - __main__ - INFO -   Resolved config → lr=0.1, wd=0.0001, bs=128, epochs=200, scheduler=cosine, warmup=5
2026-03-15 22:42:00 - __main__ - INFO - ============================================================
2026-03-15 22:42:00 - __main__ - INFO -   Validation during training uses variant split with val_split=0.1
2026-03-15 22:42:00 - __main__ - INFO -   Final test remains on original test split for fair comparability
2026-03-15 22:42:00 - __main__ - INFO - device: cuda | cuda: True | gpu: NVIDIA L4
2026-03-15 22:42:01 - __main__ - INFO - Model: resnet50 | Dataset: cifar100 | Classes: 100
2026-03-15 22:42:01 - __main__ - INFO - 
Epoch 1/200 | lr 0.000100
2026-03-15 22:43:02 - __main__ - INFO - Train: loss 4.6017 acc1 1.35% precision 1.25% recall 1.34% f1 0.90%
2026-03-15 22:43:02 - __main__ - INFO - Val:   loss 4.5539 acc1 2.06% precision 1.11% recall 2.12% f1 1.13%
2026-03-15 22:43:02 - __main__ - INFO - saved best: 2.06%
2026-03-15 22:43:02 - __main__ - INFO - 
Epoch 2/200 | lr 0.020080
2026-03-15 22:44:03 - __main__ - INFO - Train: loss 4.4695 acc1 4.66% precision 4.27% recall 4.66% f1 3.97%
2026-03-15 22:44:03 - __main__ - INFO - Val:   loss 3.8856 acc1 8.98% precision 6.69% recall 9.06% f1 5.60%
2026-03-15 22:44:03 - __main__ - INFO - saved best: 8.98%
2026-03-15 22:44:03 - __main__ - INFO - 
Epoch 3/200 | lr 0.040060
2026-03-15 22:45:03 - __main__ - INFO - Train: loss 3.7632 acc1 11.21% precision 9.50% recall 11.21% f1 9.79%
2026-03-15 22:45:03 - __main__ - INFO - Val:   loss 3.8732 acc1 14.50% precision 14.38% recall 14.86% f1 11.77%
2026-03-15 22:45:04 - __main__ - INFO - saved best: 14.50%
2026-03-15 22:45:04 - __main__ - INFO - 
Epoch 4/200 | lr 0.060040
2026-03-15 22:46:04 - __main__ - INFO - Train: loss 3.3935 acc1 17.56% precision 15.72% recall 17.56% f1 16.12%
2026-03-15 22:46:04 - __main__ - INFO - Val:   loss 3.3180 acc1 21.71% precision 23.11% recall 21.96% f1 19.34%
2026-03-15 22:46:04 - __main__ - INFO - saved best: 21.71%
2026-03-15 22:46:04 - __main__ - INFO - 
Epoch 5/200 | lr 0.080020
2026-03-15 22:47:05 - __main__ - INFO - Train: loss 2.9687 acc1 25.34% precision 23.74% recall 25.34% f1 24.14%
2026-03-15 22:47:05 - __main__ - INFO - Val:   loss 2.8859 acc1 27.96% precision 32.19% recall 28.45% f1 26.22%
2026-03-15 22:47:05 - __main__ - INFO - saved best: 27.96%
2026-03-15 22:47:05 - __main__ - INFO - 
Epoch 6/200 | lr 0.100000
2026-03-15 22:48:06 - __main__ - INFO - Train: loss 2.5353 acc1 33.46% precision 32.18% recall 33.48% f1 32.58%
2026-03-15 22:48:06 - __main__ - INFO - Val:   loss 2.4070 acc1 36.95% precision 40.23% recall 37.26% f1 35.26%
2026-03-15 22:48:06 - __main__ - INFO - saved best: 36.95%
2026-03-15 22:48:06 - __main__ - INFO - 
Epoch 7/200 | lr 0.099994
2026-03-15 22:49:07 - __main__ - INFO - Train: loss 2.1852 acc1 40.98% precision 39.97% recall 40.97% f1 40.29%
2026-03-15 22:49:07 - __main__ - INFO - Val:   loss 5.6243 acc1 2.03% precision 7.88% recall 2.01% f1 1.62%
2026-03-15 22:49:07 - __main__ - INFO - 
Epoch 8/200 | lr 0.099974
2026-03-15 22:50:08 - __main__ - INFO - Train: loss 1.9612 acc1 45.96% precision 45.08% recall 45.98% f1 45.41%
2026-03-15 22:50:08 - __main__ - INFO - Val:   loss 2.0982 acc1 43.86% precision 48.74% recall 44.05% f1 42.41%
2026-03-15 22:50:08 - __main__ - INFO - saved best: 43.86%
2026-03-15 22:50:08 - __main__ - INFO - 
Epoch 9/200 | lr 0.099942
2026-03-15 22:51:09 - __main__ - INFO - Train: loss 1.7338 acc1 51.55% precision 50.82% recall 51.55% f1 51.07%
2026-03-15 22:51:09 - __main__ - INFO - Val:   loss 1.9249 acc1 47.90% precision 52.89% recall 48.43% f1 47.44%
2026-03-15 22:51:09 - __main__ - INFO - saved best: 47.90%
2026-03-15 22:51:09 - __main__ - INFO - 
Epoch 10/200 | lr 0.099896
2026-03-15 22:52:10 - __main__ - INFO - Train: loss 1.5929 acc1 54.82% precision 54.25% recall 54.82% f1 54.45%
2026-03-15 22:52:10 - __main__ - INFO - Val:   loss 1.8854 acc1 49.98% precision 55.16% recall 50.22% f1 49.81%
2026-03-15 22:52:10 - __main__ - INFO - saved best: 49.98%
2026-03-15 22:52:10 - __main__ - INFO - 
Epoch 11/200 | lr 0.099838
2026-03-15 22:53:11 - __main__ - INFO - Train: loss 1.4581 acc1 58.13% precision 57.61% recall 58.14% f1 57.79%
2026-03-15 22:53:11 - __main__ - INFO - Val:   loss 2.0804 acc1 50.81% precision 58.18% recall 51.25% f1 50.84%
2026-03-15 22:53:11 - __main__ - INFO - saved best: 50.81%
2026-03-15 22:53:11 - __main__ - INFO - 
Epoch 12/200 | lr 0.099767
2026-03-15 22:54:11 - __main__ - INFO - Train: loss 1.3440 acc1 61.31% precision 60.92% recall 61.34% f1 61.06%
2026-03-15 22:54:11 - __main__ - INFO - Val:   loss 1.6562 acc1 54.73% precision 59.09% recall 54.87% f1 53.46%
2026-03-15 22:54:11 - __main__ - INFO - saved best: 54.73%
2026-03-15 22:54:11 - __main__ - INFO - 
Epoch 13/200 | lr 0.099682
2026-03-15 22:55:12 - __main__ - INFO - Train: loss 1.2547 acc1 63.53% precision 63.20% recall 63.56% f1 63.33%
2026-03-15 22:55:12 - __main__ - INFO - Val:   loss 1.6141 acc1 56.38% precision 60.07% recall 56.54% f1 55.45%
2026-03-15 22:55:12 - __main__ - INFO - saved best: 56.38%
2026-03-15 22:55:12 - __main__ - INFO - 
Epoch 14/200 | lr 0.099585
2026-03-15 22:56:13 - __main__ - INFO - Train: loss 1.1679 acc1 65.42% precision 65.13% recall 65.44% f1 65.24%
2026-03-15 22:56:13 - __main__ - INFO - Val:   loss 1.6461 acc1 57.23% precision 61.06% recall 57.24% f1 56.45%
2026-03-15 22:56:13 - __main__ - INFO - saved best: 57.23%
2026-03-15 22:56:13 - __main__ - INFO - 
Epoch 15/200 | lr 0.099475
2026-03-15 22:57:14 - __main__ - INFO - Train: loss 1.0919 acc1 67.69% precision 67.46% recall 67.71% f1 67.55%
2026-03-15 22:57:14 - __main__ - INFO - Val:   loss 1.5126 acc1 58.40% precision 61.86% recall 58.33% f1 58.02%
2026-03-15 22:57:14 - __main__ - INFO - saved best: 58.40%
2026-03-15 22:57:14 - __main__ - INFO - 
Epoch 16/200 | lr 0.099353
2026-03-15 22:58:15 - __main__ - INFO - Train: loss 1.0297 acc1 69.20% precision 69.05% recall 69.23% f1 69.10%
2026-03-15 22:58:15 - __main__ - INFO - Val:   loss 1.5643 acc1 57.86% precision 62.79% recall 57.91% f1 57.83%
2026-03-15 22:58:15 - __main__ - INFO - 
Epoch 17/200 | lr 0.099217
2026-03-15 22:59:16 - __main__ - INFO - Train: loss 0.9658 acc1 71.19% precision 71.04% recall 71.20% f1 71.09%
2026-03-15 22:59:16 - __main__ - INFO - Val:   loss 1.5999 acc1 57.48% precision 63.12% recall 57.64% f1 57.53%
2026-03-15 22:59:16 - __main__ - INFO - 
Epoch 18/200 | lr 0.099069
2026-03-15 23:00:17 - __main__ - INFO - Train: loss 0.9127 acc1 72.54% precision 72.41% recall 72.57% f1 72.47%
2026-03-15 23:00:17 - __main__ - INFO - Val:   loss 1.5104 acc1 59.50% precision 64.35% recall 59.83% f1 59.50%
2026-03-15 23:00:17 - __main__ - INFO - saved best: 59.50%
2026-03-15 23:00:17 - __main__ - INFO - 
Epoch 19/200 | lr 0.098907
2026-03-15 23:01:17 - __main__ - INFO - Train: loss 0.8585 acc1 73.66% precision 73.54% recall 73.68% f1 73.58%
2026-03-15 23:01:17 - __main__ - INFO - Val:   loss 1.5380 acc1 59.57% precision 64.73% recall 59.76% f1 60.18%
2026-03-15 23:01:17 - __main__ - INFO - saved best: 59.57%
2026-03-15 23:01:17 - __main__ - INFO - 
Epoch 20/200 | lr 0.098734
2026-03-15 23:02:18 - __main__ - INFO - Train: loss 0.8154 acc1 74.90% precision 74.81% recall 74.93% f1 74.85%
2026-03-15 23:02:18 - __main__ - INFO - Val:   loss 1.5181 acc1 61.11% precision 66.41% recall 61.60% f1 61.42%
2026-03-15 23:02:18 - __main__ - INFO - saved best: 61.11%
2026-03-15 23:02:18 - __main__ - INFO - 
Epoch 21/200 | lr 0.098547
2026-03-15 23:03:19 - __main__ - INFO - Train: loss 0.7703 acc1 76.44% precision 76.39% recall 76.47% f1 76.41%
2026-03-15 23:03:19 - __main__ - INFO - Val:   loss 1.6055 acc1 61.12% precision 64.71% recall 61.51% f1 60.65%
2026-03-15 23:03:19 - __main__ - INFO - saved best: 61.12%
2026-03-15 23:03:19 - __main__ - INFO - 
Epoch 22/200 | lr 0.098348
2026-03-15 23:04:20 - __main__ - INFO - Train: loss 0.7233 acc1 77.44% precision 77.38% recall 77.48% f1 77.42%
2026-03-15 23:04:20 - __main__ - INFO - Val:   loss 1.4951 acc1 61.97% precision 64.83% recall 62.30% f1 61.81%
2026-03-15 23:04:20 - __main__ - INFO - saved best: 61.97%
2026-03-15 23:04:20 - __main__ - INFO - 
Epoch 23/200 | lr 0.098137
2026-03-15 23:05:21 - __main__ - INFO - Train: loss 0.6919 acc1 78.38% precision 78.32% recall 78.40% f1 78.34%
2026-03-15 23:05:21 - __main__ - INFO - Val:   loss 1.4427 acc1 64.10% precision 66.50% recall 64.34% f1 63.86%
2026-03-15 23:05:21 - __main__ - INFO - saved best: 64.10%
2026-03-15 23:05:21 - __main__ - INFO - 
Epoch 24/200 | lr 0.097913
2026-03-15 23:06:22 - __main__ - INFO - Train: loss 0.6429 acc1 79.82% precision 79.82% recall 79.85% f1 79.82%
2026-03-15 23:06:22 - __main__ - INFO - Val:   loss 1.4813 acc1 62.65% precision 65.68% recall 62.73% f1 62.57%
2026-03-15 23:06:22 - __main__ - INFO - 
Epoch 25/200 | lr 0.097676
2026-03-15 23:07:22 - __main__ - INFO - Train: loss 0.6123 acc1 80.71% precision 80.69% recall 80.73% f1 80.70%
2026-03-15 23:07:22 - __main__ - INFO - Val:   loss 1.5156 acc1 62.34% precision 65.22% recall 62.87% f1 62.19%
2026-03-15 23:07:22 - __main__ - INFO - 
Epoch 26/200 | lr 0.097427
2026-03-15 23:08:23 - __main__ - INFO - Train: loss 0.5731 acc1 81.70% precision 81.68% recall 81.71% f1 81.68%
2026-03-15 23:08:23 - __main__ - INFO - Val:   loss 1.5327 acc1 63.68% precision 66.30% recall 63.75% f1 63.46%
2026-03-15 23:08:23 - __main__ - INFO - 
Epoch 27/200 | lr 0.097166
2026-03-15 23:09:24 - __main__ - INFO - Train: loss 0.5481 acc1 82.61% precision 82.64% recall 82.64% f1 82.63%
2026-03-15 23:09:24 - __main__ - INFO - Val:   loss 1.4912 acc1 63.16% precision 66.69% recall 63.22% f1 63.07%
2026-03-15 23:09:24 - __main__ - INFO - 
Epoch 28/200 | lr 0.096892
2026-03-15 23:10:25 - __main__ - INFO - Train: loss 0.5181 acc1 83.25% precision 83.23% recall 83.25% f1 83.23%
2026-03-15 23:10:25 - __main__ - INFO - Val:   loss 1.5004 acc1 64.14% precision 67.04% recall 64.18% f1 64.18%
2026-03-15 23:10:25 - __main__ - INFO - saved best: 64.14%
2026-03-15 23:10:25 - __main__ - INFO - 
Epoch 29/200 | lr 0.096607
2026-03-15 23:11:26 - __main__ - INFO - Train: loss 0.4796 acc1 84.60% precision 84.58% recall 84.60% f1 84.58%
2026-03-15 23:11:26 - __main__ - INFO - Val:   loss 1.5883 acc1 62.92% precision 65.70% recall 63.03% f1 62.73%
2026-03-15 23:11:26 - __main__ - INFO - 
Epoch 30/200 | lr 0.096309
2026-03-15 23:12:26 - __main__ - INFO - Train: loss 0.4603 acc1 84.95% precision 84.95% recall 84.98% f1 84.96%
2026-03-15 23:12:26 - __main__ - INFO - Val:   loss 1.5700 acc1 63.89% precision 66.73% recall 64.06% f1 63.78%
2026-03-15 23:12:26 - __main__ - INFO - 
Epoch 31/200 | lr 0.095999
2026-03-15 23:13:27 - __main__ - INFO - Train: loss 0.4458 acc1 85.50% precision 85.52% recall 85.52% f1 85.51%
2026-03-15 23:13:27 - __main__ - INFO - Val:   loss 1.5225 acc1 64.58% precision 67.82% recall 64.51% f1 64.54%
2026-03-15 23:13:27 - __main__ - INFO - saved best: 64.58%
2026-03-15 23:13:27 - __main__ - INFO - 
Epoch 32/200 | lr 0.095678
2026-03-15 23:14:28 - __main__ - INFO - Train: loss 0.4200 acc1 86.32% precision 86.35% recall 86.34% f1 86.33%
2026-03-15 23:14:28 - __main__ - INFO - Val:   loss 1.6194 acc1 64.52% precision 68.68% recall 64.72% f1 64.62%
2026-03-15 23:14:28 - __main__ - INFO - 
Epoch 33/200 | lr 0.095344
2026-03-15 23:15:29 - __main__ - INFO - Train: loss 0.3910 acc1 87.35% precision 87.36% recall 87.36% f1 87.36%
2026-03-15 23:15:29 - __main__ - INFO - Val:   loss 1.5054 acc1 65.03% precision 67.63% recall 65.09% f1 64.94%
2026-03-15 23:15:29 - __main__ - INFO - saved best: 65.03%
2026-03-15 23:15:29 - __main__ - INFO - 
Epoch 34/200 | lr 0.094999
2026-03-15 23:16:30 - __main__ - INFO - Train: loss 0.3826 acc1 87.69% precision 87.71% recall 87.71% f1 87.70%
2026-03-15 23:16:30 - __main__ - INFO - Val:   loss 1.6184 acc1 64.18% precision 68.32% recall 64.60% f1 64.54%
2026-03-15 23:16:30 - __main__ - INFO - 
Epoch 35/200 | lr 0.094642
2026-03-15 23:17:31 - __main__ - INFO - Train: loss 0.3706 acc1 87.93% precision 87.97% recall 87.96% f1 87.96%
2026-03-15 23:17:31 - __main__ - INFO - Val:   loss 1.6396 acc1 62.99% precision 66.09% recall 63.43% f1 62.81%
2026-03-15 23:17:31 - __main__ - INFO - 
Epoch 36/200 | lr 0.094273
2026-03-15 23:18:31 - __main__ - INFO - Train: loss 0.3508 acc1 88.68% precision 88.70% recall 88.69% f1 88.69%
2026-03-15 23:18:31 - __main__ - INFO - Val:   loss 1.6010 acc1 64.20% precision 68.29% recall 64.32% f1 64.75%
2026-03-15 23:18:31 - __main__ - INFO - 
Epoch 37/200 | lr 0.093893
2026-03-15 23:19:32 - __main__ - INFO - Train: loss 0.3344 acc1 89.14% precision 89.16% recall 89.16% f1 89.16%
2026-03-15 23:19:32 - __main__ - INFO - Val:   loss 1.6861 acc1 63.43% precision 67.30% recall 63.53% f1 63.13%
2026-03-15 23:19:32 - __main__ - INFO - 
Epoch 38/200 | lr 0.093502
2026-03-15 23:20:33 - __main__ - INFO - Train: loss 0.3276 acc1 89.21% precision 89.24% recall 89.23% f1 89.23%
2026-03-15 23:20:33 - __main__ - INFO - Val:   loss 1.6117 acc1 64.30% precision 67.03% recall 64.48% f1 64.33%
2026-03-15 23:20:33 - __main__ - INFO - 
Epoch 39/200 | lr 0.093099
2026-03-15 23:21:34 - __main__ - INFO - Train: loss 0.3083 acc1 89.99% precision 90.01% recall 90.00% f1 90.00%
2026-03-15 23:21:34 - __main__ - INFO - Val:   loss 1.6992 acc1 64.45% precision 66.90% recall 64.62% f1 64.32%
2026-03-15 23:21:34 - __main__ - INFO - 
Epoch 40/200 | lr 0.092685
2026-03-15 23:22:35 - __main__ - INFO - Train: loss 0.2952 acc1 90.40% precision 90.42% recall 90.42% f1 90.42%
2026-03-15 23:22:35 - __main__ - INFO - Val:   loss 1.7031 acc1 63.75% precision 67.42% recall 64.06% f1 63.93%
2026-03-15 23:22:35 - __main__ - INFO - 
Epoch 41/200 | lr 0.092260
2026-03-15 23:23:35 - __main__ - INFO - Train: loss 0.2859 acc1 90.64% precision 90.65% recall 90.64% f1 90.64%
2026-03-15 23:23:35 - __main__ - INFO - Val:   loss 1.5726 acc1 66.49% precision 68.42% recall 66.72% f1 66.35%
2026-03-15 23:23:35 - __main__ - INFO - saved best: 66.49%
2026-03-15 23:23:35 - __main__ - INFO - 
Epoch 42/200 | lr 0.091824
2026-03-15 23:24:36 - __main__ - INFO - Train: loss 0.2796 acc1 91.09% precision 91.14% recall 91.12% f1 91.12%
2026-03-15 23:24:36 - __main__ - INFO - Val:   loss 1.7246 acc1 64.07% precision 68.42% recall 64.29% f1 64.64%
2026-03-15 23:24:36 - __main__ - INFO - 
Epoch 43/200 | lr 0.091378
2026-03-15 23:25:37 - __main__ - INFO - Train: loss 0.2814 acc1 90.83% precision 90.83% recall 90.83% f1 90.83%
2026-03-15 23:25:37 - __main__ - INFO - Val:   loss 1.7961 acc1 63.30% precision 65.67% recall 63.46% f1 62.74%
2026-03-15 23:25:37 - __main__ - INFO - 
Epoch 44/200 | lr 0.090920
2026-03-15 23:26:38 - __main__ - INFO - Train: loss 0.2722 acc1 91.27% precision 91.29% recall 91.28% f1 91.28%
2026-03-15 23:26:38 - __main__ - INFO - Val:   loss 1.6894 acc1 64.58% precision 68.09% recall 64.84% f1 64.58%
2026-03-15 23:26:38 - __main__ - INFO - 
Epoch 45/200 | lr 0.090452
2026-03-15 23:27:39 - __main__ - INFO - Train: loss 0.2507 acc1 91.92% precision 91.94% recall 91.93% f1 91.94%
2026-03-15 23:27:39 - __main__ - INFO - Val:   loss 1.7205 acc1 64.07% precision 67.57% recall 64.21% f1 64.22%
2026-03-15 23:27:39 - __main__ - INFO - 
Epoch 46/200 | lr 0.089973
2026-03-15 23:28:39 - __main__ - INFO - Train: loss 0.2600 acc1 91.57% precision 91.61% recall 91.61% f1 91.61%
2026-03-15 23:28:39 - __main__ - INFO - Val:   loss 1.6584 acc1 65.59% precision 68.44% recall 66.06% f1 65.69%
2026-03-15 23:28:39 - __main__ - INFO - 
Epoch 47/200 | lr 0.089484
2026-03-15 23:29:40 - __main__ - INFO - Train: loss 0.2530 acc1 91.81% precision 91.84% recall 91.83% f1 91.83%
2026-03-15 23:29:40 - __main__ - INFO - Val:   loss 1.6475 acc1 65.87% precision 68.24% recall 66.08% f1 65.88%
2026-03-15 23:29:40 - __main__ - INFO - 
Epoch 48/200 | lr 0.088985
2026-03-15 23:30:41 - __main__ - INFO - Train: loss 0.2373 acc1 92.47% precision 92.49% recall 92.48% f1 92.48%
2026-03-15 23:30:41 - __main__ - INFO - Val:   loss 1.7064 acc1 64.39% precision 67.27% recall 64.52% f1 64.33%
2026-03-15 23:30:41 - __main__ - INFO - 
Epoch 49/200 | lr 0.088475
2026-03-15 23:31:42 - __main__ - INFO - Train: loss 0.2346 acc1 92.46% precision 92.46% recall 92.46% f1 92.46%
2026-03-15 23:31:42 - __main__ - INFO - Val:   loss 1.7783 acc1 62.81% precision 66.56% recall 63.16% f1 62.88%
2026-03-15 23:31:42 - __main__ - INFO - 
Epoch 50/200 | lr 0.087956
2026-03-15 23:32:42 - __main__ - INFO - Train: loss 0.2305 acc1 92.54% precision 92.56% recall 92.55% f1 92.55%
2026-03-15 23:32:42 - __main__ - INFO - Val:   loss 1.7241 acc1 63.57% precision 66.33% recall 63.88% f1 63.46%
2026-03-15 23:32:42 - __main__ - INFO - 
Epoch 51/200 | lr 0.087427
2026-03-15 23:33:43 - __main__ - INFO - Train: loss 0.2402 acc1 92.11% precision 92.12% recall 92.12% f1 92.12%
2026-03-15 23:33:43 - __main__ - INFO - Val:   loss 1.6516 acc1 65.60% precision 67.80% recall 65.81% f1 65.59%
2026-03-15 23:33:43 - __main__ - INFO - 
Epoch 52/200 | lr 0.086888
2026-03-15 23:34:44 - __main__ - INFO - Train: loss 0.2220 acc1 92.76% precision 92.78% recall 92.78% f1 92.78%
2026-03-15 23:34:44 - __main__ - INFO - Val:   loss 1.6224 acc1 65.80% precision 68.81% recall 66.10% f1 65.77%
2026-03-15 23:34:44 - __main__ - INFO - 
Epoch 53/200 | lr 0.086339
2026-03-15 23:35:45 - __main__ - INFO - Train: loss 0.2099 acc1 93.27% precision 93.29% recall 93.29% f1 93.28%
2026-03-15 23:35:45 - __main__ - INFO - Val:   loss 1.6378 acc1 66.16% precision 69.18% recall 66.44% f1 66.47%
2026-03-15 23:35:45 - __main__ - INFO - 
Epoch 54/200 | lr 0.085781
2026-03-15 23:36:45 - __main__ - INFO - Train: loss 0.2177 acc1 93.02% precision 93.04% recall 93.04% f1 93.04%
2026-03-15 23:36:45 - __main__ - INFO - Val:   loss 1.8550 acc1 63.63% precision 67.21% recall 63.71% f1 63.62%
2026-03-15 23:36:45 - __main__ - INFO - 
Epoch 55/200 | lr 0.085214
2026-03-15 23:37:46 - __main__ - INFO - Train: loss 0.1958 acc1 93.92% precision 93.94% recall 93.93% f1 93.93%
2026-03-15 23:37:46 - __main__ - INFO - Val:   loss 1.7174 acc1 65.67% precision 68.32% recall 66.11% f1 65.99%
2026-03-15 23:37:46 - __main__ - INFO - 
Epoch 56/200 | lr 0.084638
2026-03-15 23:38:47 - __main__ - INFO - Train: loss 0.2022 acc1 93.49% precision 93.50% recall 93.50% f1 93.50%
2026-03-15 23:38:47 - __main__ - INFO - Val:   loss 1.7128 acc1 65.88% precision 68.58% recall 66.09% f1 65.92%
2026-03-15 23:38:47 - __main__ - INFO - 
Epoch 57/200 | lr 0.084052
2026-03-15 23:39:48 - __main__ - INFO - Train: loss 0.1840 acc1 94.18% precision 94.20% recall 94.19% f1 94.19%
2026-03-15 23:39:48 - __main__ - INFO - Val:   loss 1.7305 acc1 64.53% precision 68.36% recall 64.63% f1 64.38%
2026-03-15 23:39:48 - __main__ - INFO - 
Epoch 58/200 | lr 0.083458
2026-03-15 23:40:49 - __main__ - INFO - Train: loss 0.1962 acc1 93.80% precision 93.83% recall 93.83% f1 93.82%
2026-03-15 23:40:49 - __main__ - INFO - Val:   loss 1.6098 acc1 66.30% precision 68.76% recall 66.40% f1 66.15%
2026-03-15 23:40:49 - __main__ - INFO - 
Epoch 59/200 | lr 0.082855
2026-03-15 23:41:49 - __main__ - INFO - Train: loss 0.1898 acc1 93.93% precision 93.94% recall 93.94% f1 93.93%
2026-03-15 23:41:49 - __main__ - INFO - Val:   loss 1.7631 acc1 64.86% precision 67.62% recall 65.09% f1 64.94%
2026-03-15 23:41:49 - __main__ - INFO - 
Epoch 60/200 | lr 0.082244
2026-03-15 23:42:50 - __main__ - INFO - Train: loss 0.1810 acc1 94.12% precision 94.13% recall 94.12% f1 94.12%
2026-03-15 23:42:50 - __main__ - INFO - Val:   loss 1.8888 acc1 63.71% precision 66.79% recall 63.83% f1 63.45%
2026-03-15 23:42:50 - __main__ - INFO - 
Epoch 61/200 | lr 0.081624
2026-03-15 23:43:51 - __main__ - INFO - Train: loss 0.2020 acc1 93.59% precision 93.61% recall 93.61% f1 93.61%
2026-03-15 23:43:51 - __main__ - INFO - Val:   loss 1.8342 acc1 64.35% precision 68.40% recall 64.40% f1 64.48%
2026-03-15 23:43:51 - __main__ - INFO - 
Epoch 62/200 | lr 0.080996
2026-03-15 23:44:52 - __main__ - INFO - Train: loss 0.1860 acc1 94.14% precision 94.13% recall 94.13% f1 94.13%
2026-03-15 23:44:52 - __main__ - INFO - Val:   loss 1.8083 acc1 64.71% precision 67.23% recall 64.90% f1 64.71%
2026-03-15 23:44:52 - __main__ - INFO - 
Epoch 63/200 | lr 0.080360
2026-03-15 23:45:52 - __main__ - INFO - Train: loss 0.1736 acc1 94.61% precision 94.61% recall 94.61% f1 94.60%
2026-03-15 23:45:52 - __main__ - INFO - Val:   loss 1.8762 acc1 63.77% precision 67.81% recall 64.07% f1 64.13%
2026-03-15 23:45:52 - __main__ - INFO - 
Epoch 64/200 | lr 0.079716
2026-03-15 23:46:53 - __main__ - INFO - Train: loss 0.1521 acc1 95.19% precision 95.20% recall 95.20% f1 95.20%
2026-03-15 23:46:53 - __main__ - INFO - Val:   loss 1.7079 acc1 66.23% precision 68.81% recall 66.54% f1 66.32%
2026-03-15 23:46:53 - __main__ - INFO - 
Epoch 65/200 | lr 0.079065
2026-03-15 23:47:54 - __main__ - INFO - Train: loss 0.1673 acc1 94.65% precision 94.67% recall 94.66% f1 94.66%
2026-03-15 23:47:54 - __main__ - INFO - Val:   loss 1.7259 acc1 65.68% precision 68.29% recall 65.95% f1 65.98%
2026-03-15 23:47:54 - __main__ - INFO - 
Epoch 66/200 | lr 0.078405
2026-03-15 23:48:55 - __main__ - INFO - Train: loss 0.1699 acc1 94.64% precision 94.65% recall 94.65% f1 94.65%
2026-03-15 23:48:55 - __main__ - INFO - Val:   loss 1.7112 acc1 65.30% precision 68.72% recall 65.72% f1 65.78%
2026-03-15 23:48:55 - __main__ - INFO - 
Epoch 67/200 | lr 0.077739
2026-03-15 23:49:55 - __main__ - INFO - Train: loss 0.1510 acc1 95.17% precision 95.19% recall 95.19% f1 95.19%
2026-03-15 23:49:55 - __main__ - INFO - Val:   loss 1.7172 acc1 65.92% precision 68.44% recall 66.05% f1 65.75%
2026-03-15 23:49:55 - __main__ - INFO - 
Epoch 68/200 | lr 0.077065
2026-03-15 23:50:56 - __main__ - INFO - Train: loss 0.1674 acc1 94.59% precision 94.61% recall 94.60% f1 94.60%
2026-03-15 23:50:56 - __main__ - INFO - Val:   loss 1.7997 acc1 64.60% precision 67.13% recall 64.87% f1 64.67%
2026-03-15 23:50:56 - __main__ - INFO - 
Epoch 69/200 | lr 0.076384
2026-03-15 23:51:57 - __main__ - INFO - Train: loss 0.1681 acc1 94.56% precision 94.58% recall 94.57% f1 94.57%
2026-03-15 23:51:57 - __main__ - INFO - Val:   loss 1.8025 acc1 64.32% precision 67.11% recall 64.55% f1 64.09%
2026-03-15 23:51:57 - __main__ - INFO - 
Epoch 70/200 | lr 0.075697
2026-03-15 23:52:58 - __main__ - INFO - Train: loss 0.1666 acc1 94.75% precision 94.77% recall 94.76% f1 94.76%
2026-03-15 23:52:58 - __main__ - INFO - Val:   loss 1.6943 acc1 65.99% precision 67.81% recall 66.19% f1 65.66%
2026-03-15 23:52:58 - __main__ - INFO - 
Epoch 71/200 | lr 0.075003
2026-03-15 23:53:58 - __main__ - INFO - Train: loss 0.1439 acc1 95.53% precision 95.53% recall 95.52% f1 95.53%
2026-03-15 23:53:58 - __main__ - INFO - Val:   loss 1.7150 acc1 65.46% precision 68.86% recall 65.72% f1 65.61%
2026-03-15 23:53:58 - __main__ - INFO - 
Epoch 72/200 | lr 0.074302
2026-03-15 23:54:59 - __main__ - INFO - Train: loss 0.1404 acc1 95.72% precision 95.74% recall 95.73% f1 95.73%
2026-03-15 23:54:59 - __main__ - INFO - Val:   loss 1.7103 acc1 65.69% precision 67.23% recall 65.91% f1 65.40%
2026-03-15 23:54:59 - __main__ - INFO - 
Epoch 73/200 | lr 0.073595
2026-03-15 23:56:00 - __main__ - INFO - Train: loss 0.1469 acc1 95.54% precision 95.57% recall 95.56% f1 95.56%
2026-03-15 23:56:00 - __main__ - INFO - Val:   loss 1.6261 acc1 66.70% precision 68.48% recall 66.82% f1 66.56%
2026-03-15 23:56:00 - __main__ - INFO - saved best: 66.70%
2026-03-15 23:56:00 - __main__ - INFO - 
Epoch 74/200 | lr 0.072881
2026-03-15 23:57:01 - __main__ - INFO - Train: loss 0.1362 acc1 95.78% precision 95.78% recall 95.78% f1 95.78%
2026-03-15 23:57:01 - __main__ - INFO - Val:   loss 1.7391 acc1 66.65% precision 68.36% recall 67.01% f1 66.53%
2026-03-15 23:57:01 - __main__ - INFO - 
Epoch 75/200 | lr 0.072162
2026-03-15 23:58:02 - __main__ - INFO - Train: loss 0.1367 acc1 95.72% precision 95.73% recall 95.73% f1 95.73%
2026-03-15 23:58:02 - __main__ - INFO - Val:   loss 1.7437 acc1 66.18% precision 68.22% recall 66.49% f1 66.13%
2026-03-15 23:58:02 - __main__ - INFO - 
Epoch 76/200 | lr 0.071437
2026-03-15 23:59:02 - __main__ - INFO - Train: loss 0.1395 acc1 95.56% precision 95.57% recall 95.56% f1 95.56%
2026-03-15 23:59:02 - __main__ - INFO - Val:   loss 1.7506 acc1 65.85% precision 68.51% recall 66.16% f1 65.94%
2026-03-15 23:59:02 - __main__ - INFO - 
Epoch 77/200 | lr 0.070707
2026-03-16 00:00:03 - __main__ - INFO - Train: loss 0.1155 acc1 96.42% precision 96.43% recall 96.43% f1 96.43%
2026-03-16 00:00:03 - __main__ - INFO - Val:   loss 1.8361 acc1 66.61% precision 68.61% recall 67.00% f1 66.45%
2026-03-16 00:00:03 - __main__ - INFO - 
Epoch 78/200 | lr 0.069971
2026-03-16 00:01:04 - __main__ - INFO - Train: loss 0.1206 acc1 96.24% precision 96.25% recall 96.25% f1 96.25%
2026-03-16 00:01:04 - __main__ - INFO - Val:   loss 1.7321 acc1 66.61% precision 67.97% recall 66.90% f1 66.41%
2026-03-16 00:01:04 - __main__ - INFO - 
Epoch 79/200 | lr 0.069230
2026-03-16 00:02:05 - __main__ - INFO - Train: loss 0.1390 acc1 95.70% precision 95.71% recall 95.71% f1 95.71%
2026-03-16 00:02:05 - __main__ - INFO - Val:   loss 1.7643 acc1 65.04% precision 68.19% recall 65.17% f1 65.21%
2026-03-16 00:02:05 - __main__ - INFO - 
Epoch 80/200 | lr 0.068484
2026-03-16 00:03:05 - __main__ - INFO - Train: loss 0.1178 acc1 96.39% precision 96.40% recall 96.39% f1 96.40%
2026-03-16 00:03:05 - __main__ - INFO - Val:   loss 1.7069 acc1 67.05% precision 68.74% recall 67.00% f1 66.96%
2026-03-16 00:03:06 - __main__ - INFO - saved best: 67.05%
2026-03-16 00:03:06 - __main__ - INFO - 
Epoch 81/200 | lr 0.067733
2026-03-16 00:04:06 - __main__ - INFO - Train: loss 0.1176 acc1 96.36% precision 96.37% recall 96.37% f1 96.37%
2026-03-16 00:04:06 - __main__ - INFO - Val:   loss 1.7805 acc1 66.40% precision 68.81% recall 66.74% f1 66.23%
2026-03-16 00:04:06 - __main__ - INFO - 
Epoch 82/200 | lr 0.066978
2026-03-16 00:05:07 - __main__ - INFO - Train: loss 0.1055 acc1 96.87% precision 96.90% recall 96.89% f1 96.89%
2026-03-16 00:05:07 - __main__ - INFO - Val:   loss 1.6153 acc1 67.77% precision 68.68% recall 67.83% f1 67.39%
2026-03-16 00:05:07 - __main__ - INFO - saved best: 67.77%
2026-03-16 00:05:07 - __main__ - INFO - 
Epoch 83/200 | lr 0.066218
2026-03-16 00:06:08 - __main__ - INFO - Train: loss 0.1116 acc1 96.63% precision 96.63% recall 96.62% f1 96.62%
2026-03-16 00:06:08 - __main__ - INFO - Val:   loss 1.7453 acc1 67.50% precision 70.15% recall 67.84% f1 67.60%
2026-03-16 00:06:08 - __main__ - INFO - 
Epoch 84/200 | lr 0.065454
2026-03-16 00:07:09 - __main__ - INFO - Train: loss 0.1122 acc1 96.63% precision 96.66% recall 96.66% f1 96.66%
2026-03-16 00:07:09 - __main__ - INFO - Val:   loss 1.7641 acc1 65.86% precision 68.10% recall 66.10% f1 65.73%
2026-03-16 00:07:09 - __main__ - INFO - 
Epoch 85/200 | lr 0.064686
2026-03-16 00:08:09 - __main__ - INFO - Train: loss 0.1134 acc1 96.50% precision 96.52% recall 96.51% f1 96.51%
2026-03-16 00:08:09 - __main__ - INFO - Val:   loss 1.6587 acc1 67.22% precision 69.39% recall 67.44% f1 67.39%
2026-03-16 00:08:09 - __main__ - INFO - 
Epoch 86/200 | lr 0.063914
2026-03-16 00:09:10 - __main__ - INFO - Train: loss 0.1114 acc1 96.56% precision 96.56% recall 96.56% f1 96.56%
2026-03-16 00:09:10 - __main__ - INFO - Val:   loss 1.7108 acc1 67.74% precision 69.38% recall 68.01% f1 67.71%
2026-03-16 00:09:10 - __main__ - INFO - 
Epoch 87/200 | lr 0.063139
2026-03-16 00:10:11 - __main__ - INFO - Train: loss 0.1110 acc1 96.50% precision 96.51% recall 96.51% f1 96.51%
2026-03-16 00:10:11 - __main__ - INFO - Val:   loss 1.7656 acc1 66.61% precision 68.66% recall 66.86% f1 66.47%
2026-03-16 00:10:11 - __main__ - INFO - 
Epoch 88/200 | lr 0.062360
2026-03-16 00:11:12 - __main__ - INFO - Train: loss 0.1082 acc1 96.68% precision 96.68% recall 96.69% f1 96.68%
2026-03-16 00:11:12 - __main__ - INFO - Val:   loss 1.5962 acc1 68.43% precision 70.10% recall 68.71% f1 68.41%
2026-03-16 00:11:12 - __main__ - INFO - saved best: 68.43%
2026-03-16 00:11:12 - __main__ - INFO - 
Epoch 89/200 | lr 0.061578
2026-03-16 00:12:13 - __main__ - INFO - Train: loss 0.0827 acc1 97.56% precision 97.57% recall 97.57% f1 97.57%
2026-03-16 00:12:13 - __main__ - INFO - Val:   loss 1.5568 acc1 69.51% precision 70.95% recall 69.70% f1 69.59%
2026-03-16 00:12:13 - __main__ - INFO - saved best: 69.51%
2026-03-16 00:12:13 - __main__ - INFO - 
Epoch 90/200 | lr 0.060793
2026-03-16 00:13:13 - __main__ - INFO - Train: loss 0.0681 acc1 97.98% precision 97.99% recall 97.99% f1 97.99%
2026-03-16 00:13:13 - __main__ - INFO - Val:   loss 1.7445 acc1 66.97% precision 69.10% recall 66.90% f1 67.03%
2026-03-16 00:13:13 - __main__ - INFO - 
Epoch 91/200 | lr 0.060005
2026-03-16 00:14:14 - __main__ - INFO - Train: loss 0.0787 acc1 97.70% precision 97.71% recall 97.70% f1 97.70%
2026-03-16 00:14:14 - __main__ - INFO - Val:   loss 1.6859 acc1 67.90% precision 69.10% recall 68.03% f1 67.54%
2026-03-16 00:14:14 - __main__ - INFO - 
Epoch 92/200 | lr 0.059215
2026-03-16 00:15:15 - __main__ - INFO - Train: loss 0.0739 acc1 97.83% precision 97.83% recall 97.83% f1 97.83%
2026-03-16 00:15:15 - __main__ - INFO - Val:   loss 1.6521 acc1 69.54% precision 71.43% recall 69.72% f1 69.64%
2026-03-16 00:15:15 - __main__ - INFO - saved best: 69.54%
2026-03-16 00:15:15 - __main__ - INFO - 
Epoch 93/200 | lr 0.058422
2026-03-16 00:16:16 - __main__ - INFO - Train: loss 0.0708 acc1 97.94% precision 97.94% recall 97.94% f1 97.94%
2026-03-16 00:16:16 - __main__ - INFO - Val:   loss 1.6614 acc1 68.48% precision 70.26% recall 68.78% f1 68.51%
2026-03-16 00:16:16 - __main__ - INFO - 
Epoch 94/200 | lr 0.057627
2026-03-16 00:17:17 - __main__ - INFO - Train: loss 0.0779 acc1 97.74% precision 97.74% recall 97.74% f1 97.74%
2026-03-16 00:17:17 - __main__ - INFO - Val:   loss 1.6936 acc1 67.86% precision 69.91% recall 68.21% f1 67.88%
2026-03-16 00:17:17 - __main__ - INFO - 
Epoch 95/200 | lr 0.056830
2026-03-16 00:18:17 - __main__ - INFO - Train: loss 0.0875 acc1 97.36% precision 97.37% recall 97.37% f1 97.37%
2026-03-16 00:18:17 - __main__ - INFO - Val:   loss 1.6376 acc1 68.14% precision 69.79% recall 68.27% f1 68.12%
2026-03-16 00:18:17 - __main__ - INFO - 
Epoch 96/200 | lr 0.056031
2026-03-16 00:19:18 - __main__ - INFO - Train: loss 0.0963 acc1 97.11% precision 97.11% recall 97.11% f1 97.11%
2026-03-16 00:19:18 - __main__ - INFO - Val:   loss 1.6593 acc1 68.24% precision 69.98% recall 68.46% f1 68.24%
2026-03-16 00:19:18 - __main__ - INFO - 
Epoch 97/200 | lr 0.055231
2026-03-16 00:20:19 - __main__ - INFO - Train: loss 0.0662 acc1 98.13% precision 98.13% recall 98.13% f1 98.13%
2026-03-16 00:20:19 - __main__ - INFO - Val:   loss 1.6967 acc1 67.71% precision 69.51% recall 68.09% f1 67.51%
2026-03-16 00:20:19 - __main__ - INFO - 
Epoch 98/200 | lr 0.054429
2026-03-16 00:21:20 - __main__ - INFO - Train: loss 0.0671 acc1 97.98% precision 98.00% recall 97.99% f1 97.99%
2026-03-16 00:21:20 - __main__ - INFO - Val:   loss 1.5755 acc1 69.47% precision 70.75% recall 69.73% f1 69.45%
2026-03-16 00:21:20 - __main__ - INFO - 
Epoch 99/200 | lr 0.053626
2026-03-16 00:22:20 - __main__ - INFO - Train: loss 0.0573 acc1 98.35% precision 98.35% recall 98.35% f1 98.35%
2026-03-16 00:22:20 - __main__ - INFO - Val:   loss 1.6227 acc1 69.11% precision 70.49% recall 69.47% f1 68.89%
2026-03-16 00:22:20 - __main__ - INFO - 
Epoch 100/200 | lr 0.052823
2026-03-16 00:23:21 - __main__ - INFO - Train: loss 0.0571 acc1 98.37% precision 98.37% recall 98.37% f1 98.37%
2026-03-16 00:23:21 - __main__ - INFO - Val:   loss 1.5707 acc1 69.78% precision 71.03% recall 69.92% f1 69.79%
2026-03-16 00:23:21 - __main__ - INFO - saved best: 69.78%
2026-03-16 00:23:21 - __main__ - INFO - 
Epoch 101/200 | lr 0.052018
2026-03-16 00:24:22 - __main__ - INFO - Train: loss 0.0443 acc1 98.78% precision 98.78% recall 98.78% f1 98.78%
2026-03-16 00:24:22 - __main__ - INFO - Val:   loss 1.6557 acc1 69.70% precision 71.11% recall 69.82% f1 69.40%
2026-03-16 00:24:22 - __main__ - INFO - 
Epoch 102/200 | lr 0.051213
2026-03-16 00:25:23 - __main__ - INFO - Train: loss 0.0418 acc1 98.84% precision 98.84% recall 98.84% f1 98.84%
2026-03-16 00:25:23 - __main__ - INFO - Val:   loss 1.5524 acc1 70.22% precision 71.29% recall 70.43% f1 70.16%
2026-03-16 00:25:23 - __main__ - INFO - saved best: 70.22%
2026-03-16 00:25:23 - __main__ - INFO - 
Epoch 103/200 | lr 0.050408
2026-03-16 00:26:24 - __main__ - INFO - Train: loss 0.0389 acc1 98.96% precision 98.96% recall 98.96% f1 98.96%
2026-03-16 00:26:24 - __main__ - INFO - Val:   loss 1.5555 acc1 70.68% precision 70.98% recall 70.81% f1 70.20%
2026-03-16 00:26:24 - __main__ - INFO - saved best: 70.68%
2026-03-16 00:26:24 - __main__ - INFO - 
Epoch 104/200 | lr 0.049602
2026-03-16 00:27:24 - __main__ - INFO - Train: loss 0.0351 acc1 99.11% precision 99.11% recall 99.10% f1 99.10%
2026-03-16 00:27:24 - __main__ - INFO - Val:   loss 1.5278 acc1 71.15% precision 71.83% recall 71.40% f1 71.03%
2026-03-16 00:27:24 - __main__ - INFO - saved best: 71.15%
2026-03-16 00:27:24 - __main__ - INFO - 
Epoch 105/200 | lr 0.048797
2026-03-16 00:28:25 - __main__ - INFO - Train: loss 0.0212 acc1 99.53% precision 99.53% recall 99.53% f1 99.53%
2026-03-16 00:28:25 - __main__ - INFO - Val:   loss 1.4978 acc1 71.55% precision 71.93% recall 71.62% f1 71.14%
2026-03-16 00:28:25 - __main__ - INFO - saved best: 71.55%
2026-03-16 00:28:25 - __main__ - INFO - 
Epoch 106/200 | lr 0.047992
2026-03-16 00:29:26 - __main__ - INFO - Train: loss 0.0212 acc1 99.53% precision 99.53% recall 99.53% f1 99.53%
2026-03-16 00:29:26 - __main__ - INFO - Val:   loss 1.5048 acc1 71.82% precision 72.62% recall 72.03% f1 71.70%
2026-03-16 00:29:26 - __main__ - INFO - saved best: 71.82%
2026-03-16 00:29:26 - __main__ - INFO - 
Epoch 107/200 | lr 0.047187
2026-03-16 00:30:27 - __main__ - INFO - Train: loss 0.0168 acc1 99.66% precision 99.66% recall 99.66% f1 99.66%
2026-03-16 00:30:27 - __main__ - INFO - Val:   loss 1.4452 acc1 72.12% precision 72.86% recall 72.23% f1 72.09%
2026-03-16 00:30:27 - __main__ - INFO - saved best: 72.12%
2026-03-16 00:30:27 - __main__ - INFO - 
Epoch 108/200 | lr 0.046384
2026-03-16 00:31:28 - __main__ - INFO - Train: loss 0.0123 acc1 99.77% precision 99.77% recall 99.77% f1 99.77%
2026-03-16 00:31:28 - __main__ - INFO - Val:   loss 1.4479 acc1 71.95% precision 72.34% recall 72.11% f1 71.69%
2026-03-16 00:31:28 - __main__ - INFO - 
Epoch 109/200 | lr 0.045581
2026-03-16 00:32:28 - __main__ - INFO - Train: loss 0.0068 acc1 99.92% precision 99.92% recall 99.92% f1 99.92%
2026-03-16 00:32:28 - __main__ - INFO - Val:   loss 1.3899 acc1 73.34% precision 73.57% recall 73.49% f1 73.04%
2026-03-16 00:32:28 - __main__ - INFO - saved best: 73.34%
2026-03-16 00:32:28 - __main__ - INFO - 
Epoch 110/200 | lr 0.044779
2026-03-16 00:33:29 - __main__ - INFO - Train: loss 0.0083 acc1 99.86% precision 99.86% recall 99.86% f1 99.86%
2026-03-16 00:33:29 - __main__ - INFO - Val:   loss 1.3718 acc1 72.97% precision 73.27% recall 73.25% f1 72.90%
2026-03-16 00:33:29 - __main__ - INFO - 
Epoch 111/200 | lr 0.043979
2026-03-16 00:34:30 - __main__ - INFO - Train: loss 0.0091 acc1 99.84% precision 99.85% recall 99.85% f1 99.85%
2026-03-16 00:34:30 - __main__ - INFO - Val:   loss 1.3856 acc1 72.60% precision 72.98% recall 72.93% f1 72.51%
2026-03-16 00:34:30 - __main__ - INFO - 
Epoch 112/200 | lr 0.043180
2026-03-16 00:35:31 - __main__ - INFO - Train: loss 0.0077 acc1 99.88% precision 99.88% recall 99.88% f1 99.88%
2026-03-16 00:35:31 - __main__ - INFO - Val:   loss 1.3456 acc1 73.14% precision 73.30% recall 73.35% f1 73.02%
2026-03-16 00:35:31 - __main__ - INFO - 
Epoch 113/200 | lr 0.042383
2026-03-16 00:36:31 - __main__ - INFO - Train: loss 0.0051 acc1 99.95% precision 99.95% recall 99.95% f1 99.95%
2026-03-16 00:36:31 - __main__ - INFO - Val:   loss 1.3085 acc1 73.62% precision 73.64% recall 73.83% f1 73.41%
2026-03-16 00:36:31 - __main__ - INFO - saved best: 73.62%
2026-03-16 00:36:31 - __main__ - INFO - 
Epoch 114/200 | lr 0.041588
2026-03-16 00:37:32 - __main__ - INFO - Train: loss 0.0045 acc1 99.94% precision 99.95% recall 99.95% f1 99.95%
2026-03-16 00:37:32 - __main__ - INFO - Val:   loss 1.2914 acc1 74.03% precision 74.04% recall 74.21% f1 73.77%
2026-03-16 00:37:32 - __main__ - INFO - saved best: 74.03%
2026-03-16 00:37:32 - __main__ - INFO - 
Epoch 115/200 | lr 0.040795
2026-03-16 00:38:33 - __main__ - INFO - Train: loss 0.0049 acc1 99.95% precision 99.95% recall 99.95% f1 99.95%
2026-03-16 00:38:33 - __main__ - INFO - Val:   loss 1.3116 acc1 73.22% precision 73.23% recall 73.39% f1 72.92%
2026-03-16 00:38:33 - __main__ - INFO - 
Epoch 116/200 | lr 0.040005
2026-03-16 00:39:34 - __main__ - INFO - Train: loss 0.0053 acc1 99.93% precision 99.93% recall 99.93% f1 99.93%
2026-03-16 00:39:34 - __main__ - INFO - Val:   loss 1.2922 acc1 73.15% precision 73.31% recall 73.37% f1 73.00%
2026-03-16 00:39:34 - __main__ - INFO - 
Epoch 117/200 | lr 0.039217
2026-03-16 00:40:34 - __main__ - INFO - Train: loss 0.0052 acc1 99.93% precision 99.93% recall 99.93% f1 99.93%
2026-03-16 00:40:34 - __main__ - INFO - Val:   loss 1.2756 acc1 74.04% precision 74.07% recall 74.15% f1 73.77%
2026-03-16 00:40:35 - __main__ - INFO - saved best: 74.04%
2026-03-16 00:40:35 - __main__ - INFO - 
Epoch 118/200 | lr 0.038432
2026-03-16 00:41:35 - __main__ - INFO - Train: loss 0.0038 acc1 99.96% precision 99.96% recall 99.96% f1 99.96%
2026-03-16 00:41:35 - __main__ - INFO - Val:   loss 1.2750 acc1 74.30% precision 74.48% recall 74.43% f1 74.08%
2026-03-16 00:41:35 - __main__ - INFO - saved best: 74.30%
2026-03-16 00:41:35 - __main__ - INFO - 
Epoch 119/200 | lr 0.037650
2026-03-16 00:42:36 - __main__ - INFO - Train: loss 0.0036 acc1 99.94% precision 99.94% recall 99.94% f1 99.94%
2026-03-16 00:42:36 - __main__ - INFO - Val:   loss 1.2477 acc1 74.15% precision 74.09% recall 74.33% f1 73.86%
2026-03-16 00:42:36 - __main__ - INFO - 
Epoch 120/200 | lr 0.036871
2026-03-16 00:43:37 - __main__ - INFO - Train: loss 0.0031 acc1 99.97% precision 99.97% recall 99.97% f1 99.97%
2026-03-16 00:43:37 - __main__ - INFO - Val:   loss 1.2600 acc1 74.29% precision 74.29% recall 74.53% f1 74.02%
2026-03-16 00:43:37 - __main__ - INFO - 
Epoch 121/200 | lr 0.036096
2026-03-16 00:44:38 - __main__ - INFO - Train: loss 0.0030 acc1 99.97% precision 99.97% recall 99.97% f1 99.97%
2026-03-16 00:44:38 - __main__ - INFO - Val:   loss 1.2305 acc1 74.77% precision 74.72% recall 74.96% f1 74.50%
2026-03-16 00:44:38 - __main__ - INFO - saved best: 74.77%
2026-03-16 00:44:38 - __main__ - INFO - 
Epoch 122/200 | lr 0.035324
2026-03-16 00:45:39 - __main__ - INFO - Train: loss 0.0024 acc1 99.99% precision 99.99% recall 99.99% f1 99.99%
2026-03-16 00:45:39 - __main__ - INFO - Val:   loss 1.2082 acc1 74.73% precision 74.66% recall 74.90% f1 74.46%
2026-03-16 00:45:39 - __main__ - INFO - 
Epoch 123/200 | lr 0.034556
2026-03-16 00:46:39 - __main__ - INFO - Train: loss 0.0024 acc1 99.97% precision 99.97% recall 99.97% f1 99.97%
2026-03-16 00:46:39 - __main__ - INFO - Val:   loss 1.1955 acc1 74.77% precision 74.69% recall 74.94% f1 74.58%
2026-03-16 00:46:39 - __main__ - INFO - 
Epoch 124/200 | lr 0.033792
2026-03-16 00:47:40 - __main__ - INFO - Train: loss 0.0025 acc1 99.97% precision 99.97% recall 99.97% f1 99.97%
2026-03-16 00:47:40 - __main__ - INFO - Val:   loss 1.1989 acc1 74.46% precision 74.43% recall 74.65% f1 74.24%
2026-03-16 00:47:40 - __main__ - INFO - 
Epoch 125/200 | lr 0.033032
2026-03-16 00:48:41 - __main__ - INFO - Train: loss 0.0029 acc1 99.97% precision 99.97% recall 99.97% f1 99.97%
2026-03-16 00:48:41 - __main__ - INFO - Val:   loss 1.1916 acc1 74.92% precision 74.91% recall 75.11% f1 74.66%
2026-03-16 00:48:41 - __main__ - INFO - saved best: 74.92%
2026-03-16 00:48:41 - __main__ - INFO - 
Epoch 126/200 | lr 0.032277
2026-03-16 00:49:42 - __main__ - INFO - Train: loss 0.0029 acc1 99.98% precision 99.98% recall 99.98% f1 99.98%
2026-03-16 00:49:42 - __main__ - INFO - Val:   loss 1.1649 acc1 74.94% precision 74.89% recall 75.14% f1 74.73%
2026-03-16 00:49:42 - __main__ - INFO - saved best: 74.94%
2026-03-16 00:49:42 - __main__ - INFO - 
Epoch 127/200 | lr 0.031526
2026-03-16 00:50:42 - __main__ - INFO - Train: loss 0.0024 acc1 99.99% precision 99.99% recall 99.99% f1 99.99%
2026-03-16 00:50:42 - __main__ - INFO - Val:   loss 1.1662 acc1 74.84% precision 74.71% recall 74.98% f1 74.58%
2026-03-16 00:50:42 - __main__ - INFO - 
Epoch 128/200 | lr 0.030780
2026-03-16 00:51:43 - __main__ - INFO - Train: loss 0.0025 acc1 99.98% precision 99.98% recall 99.98% f1 99.98%
2026-03-16 00:51:43 - __main__ - INFO - Val:   loss 1.1630 acc1 74.73% precision 74.66% recall 74.92% f1 74.45%
2026-03-16 00:51:43 - __main__ - INFO - 
Epoch 129/200 | lr 0.030039
2026-03-16 00:52:44 - __main__ - INFO - Train: loss 0.0028 acc1 99.97% precision 99.97% recall 99.97% f1 99.97%
2026-03-16 00:52:44 - __main__ - INFO - Val:   loss 1.1600 acc1 74.80% precision 74.84% recall 74.99% f1 74.61%
2026-03-16 00:52:44 - __main__ - INFO - 
Epoch 130/200 | lr 0.029303
2026-03-16 00:53:45 - __main__ - INFO - Train: loss 0.0030 acc1 99.97% precision 99.97% recall 99.97% f1 99.97%
2026-03-16 00:53:45 - __main__ - INFO - Val:   loss 1.1535 acc1 75.02% precision 75.14% recall 75.27% f1 74.86%
2026-03-16 00:53:45 - __main__ - INFO - saved best: 75.02%
2026-03-16 00:53:45 - __main__ - INFO - 
Epoch 131/200 | lr 0.028573
2026-03-16 00:54:46 - __main__ - INFO - Train: loss 0.0025 acc1 99.99% precision 99.99% recall 99.99% f1 99.99%
2026-03-16 00:54:46 - __main__ - INFO - Val:   loss 1.1274 acc1 75.25% precision 75.39% recall 75.49% f1 75.16%
2026-03-16 00:54:46 - __main__ - INFO - saved best: 75.25%
2026-03-16 00:54:46 - __main__ - INFO - 
Epoch 132/200 | lr 0.027848
2026-03-16 00:55:47 - __main__ - INFO - Train: loss 0.0028 acc1 99.97% precision 99.97% recall 99.97% f1 99.97%
2026-03-16 00:55:47 - __main__ - INFO - Val:   loss 1.1392 acc1 74.82% precision 74.75% recall 75.02% f1 74.59%
2026-03-16 00:55:47 - __main__ - INFO - 
Epoch 133/200 | lr 0.027129
2026-03-16 00:56:47 - __main__ - INFO - Train: loss 0.0023 acc1 99.98% precision 99.98% recall 99.98% f1 99.98%
2026-03-16 00:56:47 - __main__ - INFO - Val:   loss 1.1313 acc1 75.07% precision 75.13% recall 75.30% f1 74.91%
2026-03-16 00:56:47 - __main__ - INFO - 
Epoch 134/200 | lr 0.026415
2026-03-16 00:57:48 - __main__ - INFO - Train: loss 0.0025 acc1 99.98% precision 99.98% recall 99.98% f1 99.98%
2026-03-16 00:57:48 - __main__ - INFO - Val:   loss 1.1298 acc1 75.39% precision 75.52% recall 75.58% f1 75.27%
2026-03-16 00:57:48 - __main__ - INFO - saved best: 75.39%
2026-03-16 00:57:48 - __main__ - INFO - 
Epoch 135/200 | lr 0.025708
2026-03-16 00:58:49 - __main__ - INFO - Train: loss 0.0024 acc1 99.97% precision 99.97% recall 99.97% f1 99.97%
2026-03-16 00:58:49 - __main__ - INFO - Val:   loss 1.1207 acc1 75.36% precision 75.39% recall 75.60% f1 75.21%
2026-03-16 00:58:49 - __main__ - INFO - 
Epoch 136/200 | lr 0.025008
2026-03-16 00:59:50 - __main__ - INFO - Train: loss 0.0024 acc1 99.98% precision 99.98% recall 99.98% f1 99.98%
2026-03-16 00:59:50 - __main__ - INFO - Val:   loss 1.1192 acc1 75.41% precision 75.42% recall 75.61% f1 75.22%
2026-03-16 00:59:50 - __main__ - INFO - saved best: 75.41%
2026-03-16 00:59:50 - __main__ - INFO - 
Epoch 137/200 | lr 0.024313
2026-03-16 01:00:50 - __main__ - INFO - Train: loss 0.0022 acc1 99.99% precision 99.99% recall 99.99% f1 99.99%
2026-03-16 01:00:50 - __main__ - INFO - Val:   loss 1.1246 acc1 75.17% precision 75.11% recall 75.38% f1 74.95%
2026-03-16 01:00:50 - __main__ - INFO - 
Epoch 138/200 | lr 0.023626
2026-03-16 01:01:51 - __main__ - INFO - Train: loss 0.0024 acc1 99.98% precision 99.98% recall 99.98% f1 99.98%
2026-03-16 01:01:51 - __main__ - INFO - Val:   loss 1.1113 acc1 75.29% precision 75.33% recall 75.48% f1 75.15%
2026-03-16 01:01:51 - __main__ - INFO - 
Epoch 139/200 | lr 0.022945
2026-03-16 01:02:52 - __main__ - INFO - Train: loss 0.0025 acc1 99.98% precision 99.98% recall 99.98% f1 99.98%
2026-03-16 01:02:52 - __main__ - INFO - Val:   loss 1.1097 acc1 75.45% precision 75.39% recall 75.66% f1 75.23%
2026-03-16 01:02:52 - __main__ - INFO - saved best: 75.45%
2026-03-16 01:02:52 - __main__ - INFO - 
Epoch 140/200 | lr 0.022271
2026-03-16 01:03:53 - __main__ - INFO - Train: loss 0.0025 acc1 99.98% precision 99.98% recall 99.98% f1 99.98%
2026-03-16 01:03:53 - __main__ - INFO - Val:   loss 1.1102 acc1 75.10% precision 75.17% recall 75.34% f1 74.95%
2026-03-16 01:03:53 - __main__ - INFO - 
Epoch 141/200 | lr 0.021605
2026-03-16 01:04:54 - __main__ - INFO - Train: loss 0.0025 acc1 99.98% precision 99.98% recall 99.98% f1 99.98%
2026-03-16 01:04:54 - __main__ - INFO - Val:   loss 1.0993 acc1 75.40% precision 75.35% recall 75.62% f1 75.21%
2026-03-16 01:04:54 - __main__ - INFO - 
Epoch 142/200 | lr 0.020945
2026-03-16 01:05:54 - __main__ - INFO - Train: loss 0.0025 acc1 99.97% precision 99.97% recall 99.97% f1 99.97%
2026-03-16 01:05:54 - __main__ - INFO - Val:   loss 1.1003 acc1 75.44% precision 75.34% recall 75.60% f1 75.18%
2026-03-16 01:05:54 - __main__ - INFO - 
Epoch 143/200 | lr 0.020294
2026-03-16 01:06:55 - __main__ - INFO - Train: loss 0.0024 acc1 99.99% precision 99.99% recall 99.99% f1 99.99%
2026-03-16 01:06:55 - __main__ - INFO - Val:   loss 1.0970 acc1 75.65% precision 75.79% recall 75.87% f1 75.50%
2026-03-16 01:06:55 - __main__ - INFO - saved best: 75.65%
2026-03-16 01:06:55 - __main__ - INFO - 
Epoch 144/200 | lr 0.019650
2026-03-16 01:07:56 - __main__ - INFO - Train: loss 0.0028 acc1 99.98% precision 99.98% recall 99.98% f1 99.98%
2026-03-16 01:07:56 - __main__ - INFO - Val:   loss 1.1004 acc1 75.22% precision 75.33% recall 75.53% f1 75.13%
2026-03-16 01:07:56 - __main__ - INFO - 
Epoch 145/200 | lr 0.019014
2026-03-16 01:08:57 - __main__ - INFO - Train: loss 0.0025 acc1 99.98% precision 99.98% recall 99.98% f1 99.98%
2026-03-16 01:08:57 - __main__ - INFO - Val:   loss 1.0871 acc1 75.76% precision 75.76% recall 75.92% f1 75.55%
2026-03-16 01:08:57 - __main__ - INFO - saved best: 75.76%
2026-03-16 01:08:57 - __main__ - INFO - 
Epoch 146/200 | lr 0.018386
2026-03-16 01:09:58 - __main__ - INFO - Train: loss 0.0023 acc1 99.98% precision 99.98% recall 99.98% f1 99.98%
2026-03-16 01:09:58 - __main__ - INFO - Val:   loss 1.0941 acc1 75.57% precision 75.57% recall 75.74% f1 75.33%
2026-03-16 01:09:58 - __main__ - INFO - 
Epoch 147/200 | lr 0.017766
2026-03-16 01:10:58 - __main__ - INFO - Train: loss 0.0023 acc1 99.98% precision 99.98% recall 99.98% f1 99.98%
2026-03-16 01:10:58 - __main__ - INFO - Val:   loss 1.0890 acc1 75.58% precision 75.60% recall 75.79% f1 75.41%
2026-03-16 01:10:58 - __main__ - INFO - 
Epoch 148/200 | lr 0.017155
2026-03-16 01:11:59 - __main__ - INFO - Train: loss 0.0024 acc1 99.98% precision 99.98% recall 99.98% f1 99.98%
2026-03-16 01:11:59 - __main__ - INFO - Val:   loss 1.0899 acc1 75.67% precision 75.64% recall 75.84% f1 75.45%
2026-03-16 01:11:59 - __main__ - INFO - 
Epoch 149/200 | lr 0.016552
2026-03-16 01:13:00 - __main__ - INFO - Train: loss 0.0022 acc1 99.99% precision 99.99% recall 99.99% f1 99.99%
2026-03-16 01:13:00 - __main__ - INFO - Val:   loss 1.0891 acc1 75.40% precision 75.35% recall 75.57% f1 75.20%
2026-03-16 01:13:00 - __main__ - INFO - 
Epoch 150/200 | lr 0.015958
2026-03-16 01:14:01 - __main__ - INFO - Train: loss 0.0023 acc1 99.99% precision 99.99% recall 99.99% f1 99.99%
2026-03-16 01:14:01 - __main__ - INFO - Val:   loss 1.0907 acc1 75.27% precision 75.24% recall 75.44% f1 75.06%
2026-03-16 01:14:01 - __main__ - INFO - 
Epoch 151/200 | lr 0.015372
2026-03-16 01:15:01 - __main__ - INFO - Train: loss 0.0025 acc1 99.98% precision 99.98% recall 99.98% f1 99.98%
2026-03-16 01:15:01 - __main__ - INFO - Val:   loss 1.0827 acc1 75.80% precision 75.74% recall 75.93% f1 75.58%
2026-03-16 01:15:01 - __main__ - INFO - saved best: 75.80%
2026-03-16 01:15:01 - __main__ - INFO - 
Epoch 152/200 | lr 0.014796
2026-03-16 01:16:02 - __main__ - INFO - Train: loss 0.0022 acc1 99.99% precision 99.98% recall 99.99% f1 99.99%
2026-03-16 01:16:02 - __main__ - INFO - Val:   loss 1.0837 acc1 75.60% precision 75.62% recall 75.80% f1 75.43%
2026-03-16 01:16:02 - __main__ - INFO - 
Epoch 153/200 | lr 0.014229
2026-03-16 01:17:03 - __main__ - INFO - Train: loss 0.0022 acc1 99.98% precision 99.98% recall 99.98% f1 99.98%
2026-03-16 01:17:03 - __main__ - INFO - Val:   loss 1.0837 acc1 75.72% precision 75.77% recall 75.98% f1 75.59%
2026-03-16 01:17:03 - __main__ - INFO - 
Epoch 154/200 | lr 0.013671
2026-03-16 01:18:04 - __main__ - INFO - Train: loss 0.0023 acc1 99.99% precision 99.99% recall 99.99% f1 99.99%
2026-03-16 01:18:04 - __main__ - INFO - Val:   loss 1.0870 acc1 75.67% precision 75.65% recall 75.92% f1 75.48%
2026-03-16 01:18:04 - __main__ - INFO - 
Epoch 155/200 | lr 0.013122
2026-03-16 01:19:05 - __main__ - INFO - Train: loss 0.0023 acc1 99.99% precision 99.99% recall 99.99% f1 99.99%
2026-03-16 01:19:05 - __main__ - INFO - Val:   loss 1.0844 acc1 75.28% precision 75.29% recall 75.48% f1 75.08%
2026-03-16 01:19:05 - __main__ - INFO - 
Epoch 156/200 | lr 0.012583
2026-03-16 01:20:05 - __main__ - INFO - Train: loss 0.0023 acc1 99.98% precision 99.98% recall 99.98% f1 99.98%
2026-03-16 01:20:05 - __main__ - INFO - Val:   loss 1.0816 acc1 75.47% precision 75.52% recall 75.63% f1 75.31%
2026-03-16 01:20:05 - __main__ - INFO - 
Epoch 157/200 | lr 0.012054
2026-03-16 01:21:06 - __main__ - INFO - Train: loss 0.0023 acc1 99.98% precision 99.98% recall 99.98% f1 99.98%
2026-03-16 01:21:06 - __main__ - INFO - Val:   loss 1.0831 acc1 75.65% precision 75.69% recall 75.85% f1 75.52%
2026-03-16 01:21:06 - __main__ - INFO - 
Epoch 158/200 | lr 0.011535
2026-03-16 01:22:07 - __main__ - INFO - Train: loss 0.0021 acc1 99.99% precision 99.99% recall 99.99% f1 99.99%
2026-03-16 01:22:07 - __main__ - INFO - Val:   loss 1.0842 acc1 75.55% precision 75.59% recall 75.71% f1 75.37%
2026-03-16 01:22:07 - __main__ - INFO - 
Epoch 159/200 | lr 0.011025
2026-03-16 01:23:08 - __main__ - INFO - Train: loss 0.0021 acc1 99.99% precision 99.99% recall 99.99% f1 99.99%
2026-03-16 01:23:08 - __main__ - INFO - Val:   loss 1.0737 acc1 75.57% precision 75.63% recall 75.80% f1 75.45%
2026-03-16 01:23:08 - __main__ - INFO - 
Epoch 160/200 | lr 0.010526
2026-03-16 01:24:09 - __main__ - INFO - Train: loss 0.0021 acc1 99.99% precision 99.99% recall 99.99% f1 99.99%
2026-03-16 01:24:09 - __main__ - INFO - Val:   loss 1.0756 acc1 75.99% precision 75.99% recall 76.17% f1 75.80%
2026-03-16 01:24:09 - __main__ - INFO - saved best: 75.99%
2026-03-16 01:24:09 - __main__ - INFO - 
Epoch 161/200 | lr 0.010037
2026-03-16 01:25:09 - __main__ - INFO - Train: loss 0.0022 acc1 99.99% precision 99.99% recall 99.99% f1 99.99%
2026-03-16 01:25:09 - __main__ - INFO - Val:   loss 1.0839 acc1 75.66% precision 75.64% recall 75.86% f1 75.45%
2026-03-16 01:25:09 - __main__ - INFO - 
Epoch 162/200 | lr 0.009558
2026-03-16 01:26:10 - __main__ - INFO - Train: loss 0.0022 acc1 99.98% precision 99.98% recall 99.98% f1 99.98%
2026-03-16 01:26:10 - __main__ - INFO - Val:   loss 1.0782 acc1 75.95% precision 75.94% recall 76.12% f1 75.76%
2026-03-16 01:26:10 - __main__ - INFO - 
Epoch 163/200 | lr 0.009090
2026-03-16 01:27:11 - __main__ - INFO - Train: loss 0.0021 acc1 99.99% precision 99.99% recall 99.99% f1 99.99%
2026-03-16 01:27:11 - __main__ - INFO - Val:   loss 1.0745 acc1 75.84% precision 75.86% recall 76.01% f1 75.66%
2026-03-16 01:27:11 - __main__ - INFO - 
Epoch 164/200 | lr 0.008632
2026-03-16 01:28:12 - __main__ - INFO - Train: loss 0.0021 acc1 99.99% precision 99.99% recall 99.99% f1 99.99%
2026-03-16 01:28:12 - __main__ - INFO - Val:   loss 1.0759 acc1 75.62% precision 75.53% recall 75.80% f1 75.40%
2026-03-16 01:28:12 - __main__ - INFO - 
Epoch 165/200 | lr 0.008186
2026-03-16 01:29:13 - __main__ - INFO - Train: loss 0.0020 acc1 99.99% precision 99.99% recall 99.99% f1 99.99%
2026-03-16 01:29:13 - __main__ - INFO - Val:   loss 1.0822 acc1 75.47% precision 75.46% recall 75.67% f1 75.25%
2026-03-16 01:29:13 - __main__ - INFO - 
Epoch 166/200 | lr 0.007750
2026-03-16 01:30:13 - __main__ - INFO - Train: loss 0.0020 acc1 99.99% precision 99.99% recall 99.99% f1 99.99%
2026-03-16 01:30:13 - __main__ - INFO - Val:   loss 1.0807 acc1 75.57% precision 75.52% recall 75.74% f1 75.34%
2026-03-16 01:30:13 - __main__ - INFO - 
Epoch 167/200 | lr 0.007325
2026-03-16 01:31:14 - __main__ - INFO - Train: loss 0.0021 acc1 99.99% precision 99.99% recall 99.99% f1 99.99%
2026-03-16 01:31:14 - __main__ - INFO - Val:   loss 1.0716 acc1 75.98% precision 76.01% recall 76.16% f1 75.80%
2026-03-16 01:31:14 - __main__ - INFO - 
Epoch 168/200 | lr 0.006911
2026-03-16 01:32:15 - __main__ - INFO - Train: loss 0.0021 acc1 99.99% precision 99.99% recall 99.99% f1 99.99%
2026-03-16 01:32:15 - __main__ - INFO - Val:   loss 1.0788 acc1 75.64% precision 75.59% recall 75.83% f1 75.43%
2026-03-16 01:32:15 - __main__ - INFO - 
Epoch 169/200 | lr 0.006508
2026-03-16 01:33:16 - __main__ - INFO - Train: loss 0.0020 acc1 99.99% precision 99.99% recall 99.99% f1 99.99%
2026-03-16 01:33:16 - __main__ - INFO - Val:   loss 1.0764 acc1 75.77% precision 75.72% recall 75.97% f1 75.60%
2026-03-16 01:33:16 - __main__ - INFO - 
Epoch 170/200 | lr 0.006117
2026-03-16 01:34:17 - __main__ - INFO - Train: loss 0.0020 acc1 99.99% precision 99.99% recall 99.99% f1 99.99%
2026-03-16 01:34:17 - __main__ - INFO - Val:   loss 1.0745 acc1 75.83% precision 75.74% recall 75.99% f1 75.60%
2026-03-16 01:34:17 - __main__ - INFO - 
Epoch 171/200 | lr 0.005737
2026-03-16 01:35:17 - __main__ - INFO - Train: loss 0.0019 acc1 100.00% precision 100.00% recall 100.00% f1 100.00%
2026-03-16 01:35:17 - __main__ - INFO - Val:   loss 1.0781 acc1 75.82% precision 75.85% recall 76.01% f1 75.65%
2026-03-16 01:35:17 - __main__ - INFO - 
Epoch 172/200 | lr 0.005368
2026-03-16 01:36:18 - __main__ - INFO - Train: loss 0.0020 acc1 99.99% precision 99.99% recall 99.99% f1 99.99%
2026-03-16 01:36:18 - __main__ - INFO - Val:   loss 1.0787 acc1 75.48% precision 75.42% recall 75.67% f1 75.26%
2026-03-16 01:36:18 - __main__ - INFO - 
Epoch 173/200 | lr 0.005011
2026-03-16 01:37:19 - __main__ - INFO - Train: loss 0.0020 acc1 99.99% precision 99.99% recall 99.99% f1 99.99%
2026-03-16 01:37:19 - __main__ - INFO - Val:   loss 1.0755 acc1 75.86% precision 75.88% recall 76.02% f1 75.68%
2026-03-16 01:37:19 - __main__ - INFO - 
Epoch 174/200 | lr 0.004666
2026-03-16 01:38:20 - __main__ - INFO - Train: loss 0.0020 acc1 99.99% precision 99.99% recall 99.99% f1 99.99%
2026-03-16 01:38:20 - __main__ - INFO - Val:   loss 1.0759 acc1 75.80% precision 75.80% recall 75.99% f1 75.60%
2026-03-16 01:38:20 - __main__ - INFO - 
Epoch 175/200 | lr 0.004332
2026-03-16 01:39:21 - __main__ - INFO - Train: loss 0.0020 acc1 100.00% precision 100.00% recall 100.00% f1 100.00%
2026-03-16 01:39:21 - __main__ - INFO - Val:   loss 1.0759 acc1 75.75% precision 75.82% recall 75.91% f1 75.58%
2026-03-16 01:39:21 - __main__ - INFO - 
Epoch 176/200 | lr 0.004011
2026-03-16 01:40:21 - __main__ - INFO - Train: loss 0.0019 acc1 99.99% precision 99.99% recall 99.99% f1 99.99%
2026-03-16 01:40:21 - __main__ - INFO - Val:   loss 1.0756 acc1 75.75% precision 75.68% recall 75.93% f1 75.53%
2026-03-16 01:40:21 - __main__ - INFO - 
Epoch 177/200 | lr 0.003701
2026-03-16 01:41:22 - __main__ - INFO - Train: loss 0.0020 acc1 99.99% precision 99.99% recall 99.99% f1 99.99%
2026-03-16 01:41:22 - __main__ - INFO - Val:   loss 1.0758 acc1 75.72% precision 75.67% recall 75.90% f1 75.53%
2026-03-16 01:41:22 - __main__ - INFO - 
Epoch 178/200 | lr 0.003403
2026-03-16 01:42:23 - __main__ - INFO - Train: loss 0.0020 acc1 99.99% precision 99.99% recall 99.99% f1 99.99%
2026-03-16 01:42:23 - __main__ - INFO - Val:   loss 1.0833 acc1 75.67% precision 75.61% recall 75.86% f1 75.44%
2026-03-16 01:42:23 - __main__ - INFO - 
Epoch 179/200 | lr 0.003118
2026-03-16 01:43:24 - __main__ - INFO - Train: loss 0.0019 acc1 100.00% precision 100.00% recall 100.00% f1 100.00%
2026-03-16 01:43:24 - __main__ - INFO - Val:   loss 1.0721 acc1 75.79% precision 75.80% recall 75.94% f1 75.61%
2026-03-16 01:43:24 - __main__ - INFO - 
Epoch 180/200 | lr 0.002844
2026-03-16 01:44:25 - __main__ - INFO - Train: loss 0.0019 acc1 99.99% precision 99.99% recall 99.99% f1 99.99%
2026-03-16 01:44:25 - __main__ - INFO - Val:   loss 1.0788 acc1 75.83% precision 75.87% recall 76.02% f1 75.64%
2026-03-16 01:44:25 - __main__ - INFO - 
Epoch 181/200 | lr 0.002583
2026-03-16 01:45:25 - __main__ - INFO - Train: loss 0.0019 acc1 99.99% precision 99.99% recall 99.99% f1 99.99%
2026-03-16 01:45:25 - __main__ - INFO - Val:   loss 1.0742 acc1 75.85% precision 75.83% recall 76.03% f1 75.67%
2026-03-16 01:45:25 - __main__ - INFO - 
Epoch 182/200 | lr 0.002334
2026-03-16 01:46:26 - __main__ - INFO - Train: loss 0.0019 acc1 100.00% precision 100.00% recall 99.99% f1 100.00%
2026-03-16 01:46:26 - __main__ - INFO - Val:   loss 1.0778 acc1 75.71% precision 75.68% recall 75.88% f1 75.51%
2026-03-16 01:46:26 - __main__ - INFO - 
Epoch 183/200 | lr 0.002097
2026-03-16 01:47:27 - __main__ - INFO - Train: loss 0.0019 acc1 99.99% precision 99.99% recall 99.99% f1 99.99%
2026-03-16 01:47:27 - __main__ - INFO - Val:   loss 1.0791 acc1 75.78% precision 75.76% recall 75.98% f1 75.58%
2026-03-16 01:47:27 - __main__ - INFO - 
Epoch 184/200 | lr 0.001873
2026-03-16 01:48:28 - __main__ - INFO - Train: loss 0.0019 acc1 99.99% precision 99.99% recall 99.99% f1 99.99%
2026-03-16 01:48:28 - __main__ - INFO - Val:   loss 1.0733 acc1 75.69% precision 75.68% recall 75.81% f1 75.46%
2026-03-16 01:48:28 - __main__ - INFO - 
Epoch 185/200 | lr 0.001662
2026-03-16 01:49:28 - __main__ - INFO - Train: loss 0.0020 acc1 99.99% precision 99.99% recall 99.99% f1 99.99%
2026-03-16 01:49:28 - __main__ - INFO - Val:   loss 1.0760 acc1 75.79% precision 75.79% recall 75.98% f1 75.60%
2026-03-16 01:49:28 - __main__ - INFO - 
Epoch 186/200 | lr 0.001463
2026-03-16 01:50:29 - __main__ - INFO - Train: loss 0.0019 acc1 99.99% precision 99.99% recall 99.99% f1 99.99%
2026-03-16 01:50:29 - __main__ - INFO - Val:   loss 1.0728 acc1 75.87% precision 75.82% recall 76.01% f1 75.65%
2026-03-16 01:50:29 - __main__ - INFO - 
Epoch 187/200 | lr 0.001276
2026-03-16 01:51:30 - __main__ - INFO - Train: loss 0.0019 acc1 99.99% precision 99.99% recall 99.99% f1 99.99%
2026-03-16 01:51:30 - __main__ - INFO - Val:   loss 1.0722 acc1 75.92% precision 75.96% recall 76.09% f1 75.74%
2026-03-16 01:51:30 - __main__ - INFO - 
Epoch 188/200 | lr 0.001103
2026-03-16 01:52:31 - __main__ - INFO - Train: loss 0.0019 acc1 99.99% precision 99.99% recall 99.99% f1 99.99%
2026-03-16 01:52:31 - __main__ - INFO - Val:   loss 1.0798 acc1 75.73% precision 75.72% recall 75.93% f1 75.53%
2026-03-16 01:52:31 - __main__ - INFO - 
Epoch 189/200 | lr 0.000941
2026-03-16 01:53:32 - __main__ - INFO - Train: loss 0.0019 acc1 99.99% precision 99.99% recall 99.99% f1 99.99%
2026-03-16 01:53:32 - __main__ - INFO - Val:   loss 1.0740 acc1 75.82% precision 75.75% recall 75.96% f1 75.59%
2026-03-16 01:53:32 - __main__ - INFO - 
Epoch 190/200 | lr 0.000793
2026-03-16 01:54:32 - __main__ - INFO - Train: loss 0.0020 acc1 99.99% precision 99.99% recall 99.99% f1 99.99%
2026-03-16 01:54:32 - __main__ - INFO - Val:   loss 1.0743 acc1 75.93% precision 75.95% recall 76.10% f1 75.74%
2026-03-16 01:54:32 - __main__ - INFO - 
Epoch 191/200 | lr 0.000657
2026-03-16 01:55:33 - __main__ - INFO - Train: loss 0.0019 acc1 100.00% precision 100.00% recall 100.00% f1 100.00%
2026-03-16 01:55:33 - __main__ - INFO - Val:   loss 1.0727 acc1 75.98% precision 75.96% recall 76.13% f1 75.78%
2026-03-16 01:55:33 - __main__ - INFO - 
Epoch 192/200 | lr 0.000535
2026-03-16 01:56:34 - __main__ - INFO - Train: loss 0.0019 acc1 99.99% precision 99.99% recall 99.99% f1 99.99%
2026-03-16 01:56:34 - __main__ - INFO - Val:   loss 1.0744 acc1 75.99% precision 75.90% recall 76.11% f1 75.74%
2026-03-16 01:56:34 - __main__ - INFO - saved best: 75.99%
2026-03-16 01:56:34 - __main__ - INFO - 
Epoch 193/200 | lr 0.000425
2026-03-16 01:57:35 - __main__ - INFO - Train: loss 0.0019 acc1 99.99% precision 99.99% recall 99.99% f1 99.99%
2026-03-16 01:57:35 - __main__ - INFO - Val:   loss 1.0734 acc1 75.84% precision 75.80% recall 76.00% f1 75.63%
2026-03-16 01:57:35 - __main__ - INFO - 
Epoch 194/200 | lr 0.000328
2026-03-16 01:58:36 - __main__ - INFO - Train: loss 0.0019 acc1 99.99% precision 99.99% recall 99.99% f1 99.99%
2026-03-16 01:58:36 - __main__ - INFO - Val:   loss 1.0730 acc1 75.95% precision 75.89% recall 76.09% f1 75.73%
2026-03-16 01:58:36 - __main__ - INFO - 
Epoch 195/200 | lr 0.000243
2026-03-16 01:59:36 - __main__ - INFO - Train: loss 0.0018 acc1 99.99% precision 99.99% recall 99.99% f1 99.99%
2026-03-16 01:59:36 - __main__ - INFO - Val:   loss 1.0800 acc1 75.83% precision 75.86% recall 76.01% f1 75.62%
2026-03-16 01:59:36 - __main__ - INFO - 
Epoch 196/200 | lr 0.000172
2026-03-16 02:00:37 - __main__ - INFO - Train: loss 0.0019 acc1 100.00% precision 99.99% recall 100.00% f1 100.00%
2026-03-16 02:00:37 - __main__ - INFO - Val:   loss 1.0774 acc1 75.68% precision 75.71% recall 75.88% f1 75.50%
2026-03-16 02:00:37 - __main__ - INFO - 
Epoch 197/200 | lr 0.000114
2026-03-16 02:01:38 - __main__ - INFO - Train: loss 0.0019 acc1 99.99% precision 99.99% recall 99.99% f1 99.99%
2026-03-16 02:01:38 - __main__ - INFO - Val:   loss 1.0765 acc1 75.63% precision 75.65% recall 75.85% f1 75.46%
2026-03-16 02:01:38 - __main__ - INFO - 
Epoch 198/200 | lr 0.000068
2026-03-16 02:02:39 - __main__ - INFO - Train: loss 0.0019 acc1 99.99% precision 99.99% recall 99.99% f1 99.99%
2026-03-16 02:02:39 - __main__ - INFO - Val:   loss 1.0794 acc1 75.66% precision 75.68% recall 75.84% f1 75.47%
2026-03-16 02:02:39 - __main__ - INFO - 
Epoch 199/200 | lr 0.000036
2026-03-16 02:03:40 - __main__ - INFO - Train: loss 0.0019 acc1 99.99% precision 99.99% recall 99.99% f1 99.99%
2026-03-16 02:03:40 - __main__ - INFO - Val:   loss 1.0711 acc1 75.97% precision 75.91% recall 76.12% f1 75.75%
2026-03-16 02:03:40 - __main__ - INFO - 
Epoch 200/200 | lr 0.000016
2026-03-16 02:04:40 - __main__ - INFO - Train: loss 0.0019 acc1 100.00% precision 100.00% recall 100.00% f1 100.00%
2026-03-16 02:04:40 - __main__ - INFO - Val:   loss 1.0710 acc1 75.70% precision 75.59% recall 75.87% f1 75.46%
2026-03-16 02:04:40 - __main__ - INFO - Loaded best checkpoint weights for final test evaluation.
2026-03-16 02:04:45 - __main__ - INFO - 
Best tracked (val): 75.99%
2026-03-16 02:04:45 - __main__ - INFO - Final test: loss 1.0311 acc1 76.35% precision 76.05% recall 75.93% f1 75.84%
2026-03-16 02:04:46 - __main__ - INFO - Variant [original] done — test acc 76.35%, test F1 75.84%, test loss 1.0311
2026-03-16 02:04:46 - __main__ - INFO - 
============================================================
2026-03-16 02:04:46 - __main__ - INFO - Training output model: resnet50 [low_saliency]
2026-03-16 02:04:46 - __main__ - INFO -   Resolved config → lr=0.1, wd=0.0001, bs=128, epochs=200, scheduler=cosine, warmup=5
2026-03-16 02:04:46 - __main__ - INFO - ============================================================
2026-03-16 02:04:46 - __main__ - INFO -   Validation during training uses variant split with val_split=0.1
2026-03-16 02:04:46 - __main__ - INFO -   Final test uses low_saliency variant test split
2026-03-16 02:04:46 - __main__ - INFO - device: cuda | cuda: True | gpu: NVIDIA L4
2026-03-16 02:04:47 - __main__ - INFO - Model: resnet50 | Dataset: cifar100 | Classes: 100
2026-03-16 02:04:47 - __main__ - INFO - 
Epoch 1/200 | lr 0.000100
2026-03-16 02:05:48 - __main__ - INFO - Train: loss 4.5969 acc1 1.30% precision 1.18% recall 1.30% f1 0.83%
2026-03-16 02:05:48 - __main__ - INFO - Val:   loss 4.5400 acc1 2.05% precision 1.80% recall 2.11% f1 1.23%
2026-03-16 02:05:48 - __main__ - INFO - saved best: 2.05%
2026-03-16 02:05:48 - __main__ - INFO - 
Epoch 2/200 | lr 0.020080
2026-03-16 02:06:49 - __main__ - INFO - Train: loss 4.4948 acc1 4.46% precision 4.21% recall 4.46% f1 3.90%
2026-03-16 02:06:49 - __main__ - INFO - Val:   loss 3.9211 acc1 8.36% precision 7.67% recall 8.51% f1 4.76%
2026-03-16 02:06:49 - __main__ - INFO - saved best: 8.36%
2026-03-16 02:06:49 - __main__ - INFO - 
Epoch 3/200 | lr 0.040060
2026-03-16 02:07:50 - __main__ - INFO - Train: loss 3.7580 acc1 11.48% precision 9.73% recall 11.48% f1 9.87%
2026-03-16 02:07:50 - __main__ - INFO - Val:   loss 3.5823 acc1 14.39% precision 15.68% recall 14.69% f1 11.74%
2026-03-16 02:07:50 - __main__ - INFO - saved best: 14.39%
2026-03-16 02:07:50 - __main__ - INFO - 
Epoch 4/200 | lr 0.060040
2026-03-16 02:08:51 - __main__ - INFO - Train: loss 3.3287 acc1 18.67% precision 16.79% recall 18.68% f1 17.21%
2026-03-16 02:08:51 - __main__ - INFO - Val:   loss 3.1750 acc1 21.99% precision 25.99% recall 22.20% f1 19.75%
2026-03-16 02:08:51 - __main__ - INFO - saved best: 21.99%
2026-03-16 02:08:51 - __main__ - INFO - 
Epoch 5/200 | lr 0.080020
2026-03-16 02:09:52 - __main__ - INFO - Train: loss 2.8596 acc1 27.39% precision 25.77% recall 27.37% f1 26.21%
2026-03-16 02:09:52 - __main__ - INFO - Val:   loss 2.7100 acc1 31.08% precision 38.47% recall 31.34% f1 29.85%
2026-03-16 02:09:52 - __main__ - INFO - saved best: 31.08%
2026-03-16 02:09:52 - __main__ - INFO - 
Epoch 6/200 | lr 0.100000
2026-03-16 02:10:53 - __main__ - INFO - Train: loss 2.4059 acc1 36.63% precision 35.43% recall 36.63% f1 35.79%
2026-03-16 02:10:53 - __main__ - INFO - Val:   loss 4.7719 acc1 14.48% precision 24.12% recall 14.45% f1 13.58%
2026-03-16 02:10:53 - __main__ - INFO - 
Epoch 7/200 | lr 0.099994
2026-03-16 02:11:54 - __main__ - INFO - Train: loss 2.0241 acc1 45.11% precision 44.23% recall 45.07% f1 44.52%
2026-03-16 02:11:54 - __main__ - INFO - Val:   loss 2.2568 acc1 41.07% precision 51.65% recall 41.22% f1 40.62%
2026-03-16 02:11:54 - __main__ - INFO - saved best: 41.07%
2026-03-16 02:11:54 - __main__ - INFO - 
Epoch 8/200 | lr 0.099974
2026-03-16 02:12:55 - __main__ - INFO - Train: loss 1.7409 acc1 51.38% precision 50.76% recall 51.39% f1 50.98%
2026-03-16 02:12:55 - __main__ - INFO - Val:   loss 1.9284 acc1 47.79% precision 54.54% recall 47.86% f1 47.00%
2026-03-16 02:12:55 - __main__ - INFO - saved best: 47.79%
2026-03-16 02:12:55 - __main__ - INFO - 
Epoch 9/200 | lr 0.099942
2026-03-16 02:13:56 - __main__ - INFO - Train: loss 1.5551 acc1 56.21% precision 55.63% recall 56.21% f1 55.84%
2026-03-16 02:13:56 - __main__ - INFO - Val:   loss 1.8308 acc1 50.69% precision 57.65% recall 51.38% f1 50.15%
2026-03-16 02:13:56 - __main__ - INFO - saved best: 50.69%
2026-03-16 02:13:56 - __main__ - INFO - 
Epoch 10/200 | lr 0.099896
2026-03-16 02:14:57 - __main__ - INFO - Train: loss 1.3912 acc1 60.31% precision 59.89% recall 60.30% f1 60.03%
2026-03-16 02:14:57 - __main__ - INFO - Val:   loss 1.5950 acc1 55.74% precision 59.56% recall 56.09% f1 55.44%
2026-03-16 02:14:57 - __main__ - INFO - saved best: 55.74%
2026-03-16 02:14:57 - __main__ - INFO - 
Epoch 11/200 | lr 0.099838
2026-03-16 02:15:57 - __main__ - INFO - Train: loss 1.2701 acc1 63.44% precision 63.10% recall 63.47% f1 63.23%
2026-03-16 02:15:57 - __main__ - INFO - Val:   loss 1.6053 acc1 54.29% precision 60.84% recall 54.80% f1 54.24%
2026-03-16 02:15:57 - __main__ - INFO - 
Epoch 12/200 | lr 0.099767
2026-03-16 02:16:58 - __main__ - INFO - Train: loss 1.1665 acc1 66.14% precision 65.86% recall 66.14% f1 65.95%
2026-03-16 02:16:58 - __main__ - INFO - Val:   loss 1.5649 acc1 56.96% precision 63.46% recall 57.02% f1 56.17%
2026-03-16 02:16:58 - __main__ - INFO - saved best: 56.96%
2026-03-16 02:16:58 - __main__ - INFO - 
Epoch 13/200 | lr 0.099682
2026-03-16 02:17:59 - __main__ - INFO - Train: loss 1.0738 acc1 68.42% precision 68.18% recall 68.44% f1 68.27%
2026-03-16 02:17:59 - __main__ - INFO - Val:   loss 1.3820 acc1 61.41% precision 65.20% recall 61.47% f1 61.52%
2026-03-16 02:17:59 - __main__ - INFO - saved best: 61.41%
2026-03-16 02:17:59 - __main__ - INFO - 
Epoch 14/200 | lr 0.099585
2026-03-16 02:19:00 - __main__ - INFO - Train: loss 0.9996 acc1 70.28% precision 70.08% recall 70.29% f1 70.14%
2026-03-16 02:19:00 - __main__ - INFO - Val:   loss 1.4476 acc1 60.69% precision 64.96% recall 60.69% f1 60.33%
2026-03-16 02:19:00 - __main__ - INFO - 
Epoch 15/200 | lr 0.099475
2026-03-16 02:20:01 - __main__ - INFO - Train: loss 0.9361 acc1 71.99% precision 71.83% recall 71.99% f1 71.89%
2026-03-16 02:20:01 - __main__ - INFO - Val:   loss 1.3974 acc1 61.51% precision 66.89% recall 61.63% f1 61.85%
2026-03-16 02:20:01 - __main__ - INFO - saved best: 61.51%
2026-03-16 02:20:01 - __main__ - INFO - 
Epoch 16/200 | lr 0.099353
2026-03-16 02:21:02 - __main__ - INFO - Train: loss 0.8692 acc1 73.65% precision 73.54% recall 73.67% f1 73.58%
2026-03-16 02:21:02 - __main__ - INFO - Val:   loss 1.4041 acc1 61.36% precision 65.64% recall 61.47% f1 61.30%
2026-03-16 02:21:02 - __main__ - INFO - 
Epoch 17/200 | lr 0.099217
2026-03-16 02:22:03 - __main__ - INFO - Train: loss 0.8134 acc1 74.92% precision 74.85% recall 74.95% f1 74.88%
2026-03-16 02:22:03 - __main__ - INFO - Val:   loss 1.4773 acc1 61.65% precision 66.87% recall 61.74% f1 61.79%
2026-03-16 02:22:03 - __main__ - INFO - saved best: 61.65%
2026-03-16 02:22:03 - __main__ - INFO - 
Epoch 18/200 | lr 0.099069
2026-03-16 02:23:04 - __main__ - INFO - Train: loss 0.7655 acc1 76.46% precision 76.41% recall 76.49% f1 76.43%
2026-03-16 02:23:04 - __main__ - INFO - Val:   loss 1.3969 acc1 62.85% precision 67.65% recall 63.04% f1 63.29%
2026-03-16 02:23:04 - __main__ - INFO - saved best: 62.85%
2026-03-16 02:23:04 - __main__ - INFO - 
Epoch 19/200 | lr 0.098907
2026-03-16 02:24:05 - __main__ - INFO - Train: loss 0.7170 acc1 77.51% precision 77.43% recall 77.52% f1 77.46%
2026-03-16 02:24:05 - __main__ - INFO - Val:   loss 1.3057 acc1 64.79% precision 68.01% recall 65.04% f1 64.71%
2026-03-16 02:24:05 - __main__ - INFO - saved best: 64.79%
2026-03-16 02:24:05 - __main__ - INFO - 
Epoch 20/200 | lr 0.098734
2026-03-16 02:25:06 - __main__ - INFO - Train: loss 0.6810 acc1 78.88% precision 78.87% recall 78.92% f1 78.88%
2026-03-16 02:25:06 - __main__ - INFO - Val:   loss 1.3334 acc1 65.43% precision 69.72% recall 65.67% f1 65.84%
2026-03-16 02:25:06 - __main__ - INFO - saved best: 65.43%
2026-03-16 02:25:06 - __main__ - INFO - 
Epoch 21/200 | lr 0.098547
2026-03-16 02:26:07 - __main__ - INFO - Train: loss 0.6420 acc1 79.85% precision 79.84% recall 79.87% f1 79.84%
2026-03-16 02:26:07 - __main__ - INFO - Val:   loss 1.4010 acc1 63.96% precision 68.38% recall 64.26% f1 64.03%
2026-03-16 02:26:07 - __main__ - INFO - 
Epoch 22/200 | lr 0.098348
2026-03-16 02:27:07 - __main__ - INFO - Train: loss 0.5907 acc1 81.34% precision 81.31% recall 81.37% f1 81.33%
2026-03-16 02:27:07 - __main__ - INFO - Val:   loss 1.3345 acc1 65.12% precision 68.46% recall 65.60% f1 65.13%
2026-03-16 02:27:07 - __main__ - INFO - 
Epoch 23/200 | lr 0.098137
2026-03-16 02:28:08 - __main__ - INFO - Train: loss 0.5683 acc1 81.97% precision 81.96% recall 81.98% f1 81.96%
2026-03-16 02:28:08 - __main__ - INFO - Val:   loss 1.3188 acc1 65.12% precision 68.96% recall 65.60% f1 65.68%
2026-03-16 02:28:08 - __main__ - INFO - 
Epoch 24/200 | lr 0.097913
2026-03-16 02:29:09 - __main__ - INFO - Train: loss 0.5328 acc1 83.02% precision 83.03% recall 83.06% f1 83.03%
2026-03-16 02:29:09 - __main__ - INFO - Val:   loss 1.3669 acc1 66.20% precision 70.63% recall 66.70% f1 66.78%
2026-03-16 02:29:09 - __main__ - INFO - saved best: 66.20%
2026-03-16 02:29:09 - __main__ - INFO - 
Epoch 25/200 | lr 0.097676
2026-03-16 02:30:10 - __main__ - INFO - Train: loss 0.4990 acc1 84.16% precision 84.14% recall 84.16% f1 84.14%
2026-03-16 02:30:10 - __main__ - INFO - Val:   loss 1.3989 acc1 65.35% precision 69.55% recall 65.60% f1 64.96%
2026-03-16 02:30:10 - __main__ - INFO - 
Epoch 26/200 | lr 0.097427
2026-03-16 02:31:11 - __main__ - INFO - Train: loss 0.4729 acc1 84.90% precision 84.89% recall 84.90% f1 84.89%
2026-03-16 02:31:11 - __main__ - INFO - Val:   loss 1.2887 acc1 67.08% precision 69.80% recall 67.43% f1 67.16%
2026-03-16 02:31:11 - __main__ - INFO - saved best: 67.08%
2026-03-16 02:31:11 - __main__ - INFO - 
Epoch 27/200 | lr 0.097166
2026-03-16 02:32:12 - __main__ - INFO - Train: loss 0.4416 acc1 85.76% precision 85.78% recall 85.78% f1 85.77%
2026-03-16 02:32:12 - __main__ - INFO - Val:   loss 1.3310 acc1 66.89% precision 70.36% recall 67.17% f1 67.12%
2026-03-16 02:32:12 - __main__ - INFO - 
Epoch 28/200 | lr 0.096892
2026-03-16 02:33:13 - __main__ - INFO - Train: loss 0.4118 acc1 86.73% precision 86.74% recall 86.75% f1 86.73%
2026-03-16 02:33:13 - __main__ - INFO - Val:   loss 1.3406 acc1 67.27% precision 69.87% recall 67.52% f1 67.23%
2026-03-16 02:33:13 - __main__ - INFO - saved best: 67.27%
2026-03-16 02:33:13 - __main__ - INFO - 
Epoch 29/200 | lr 0.096607
2026-03-16 02:34:14 - __main__ - INFO - Train: loss 0.3920 acc1 87.29% precision 87.28% recall 87.29% f1 87.28%
2026-03-16 02:34:14 - __main__ - INFO - Val:   loss 1.3704 acc1 66.84% precision 71.19% recall 67.09% f1 67.50%
2026-03-16 02:34:14 - __main__ - INFO - 
Epoch 30/200 | lr 0.096309
2026-03-16 02:35:14 - __main__ - INFO - Train: loss 0.3790 acc1 87.72% precision 87.74% recall 87.74% f1 87.73%
2026-03-16 02:35:14 - __main__ - INFO - Val:   loss 1.4922 acc1 65.24% precision 68.98% recall 65.62% f1 65.19%
2026-03-16 02:35:14 - __main__ - INFO - 
Epoch 31/200 | lr 0.095999
2026-03-16 02:36:15 - __main__ - INFO - Train: loss 0.3711 acc1 87.94% precision 87.95% recall 87.96% f1 87.94%
2026-03-16 02:36:15 - __main__ - INFO - Val:   loss 1.3107 acc1 67.52% precision 70.38% recall 67.70% f1 67.44%
2026-03-16 02:36:15 - __main__ - INFO - saved best: 67.52%
2026-03-16 02:36:15 - __main__ - INFO - 
Epoch 32/200 | lr 0.095678
2026-03-16 02:37:16 - __main__ - INFO - Train: loss 0.3398 acc1 88.80% precision 88.82% recall 88.83% f1 88.82%
2026-03-16 02:37:16 - __main__ - INFO - Val:   loss 1.2895 acc1 68.66% precision 70.50% recall 68.95% f1 68.51%
2026-03-16 02:37:16 - __main__ - INFO - saved best: 68.66%
2026-03-16 02:37:16 - __main__ - INFO - 
Epoch 33/200 | lr 0.095344
2026-03-16 02:38:17 - __main__ - INFO - Train: loss 0.3244 acc1 89.49% precision 89.50% recall 89.50% f1 89.49%
2026-03-16 02:38:17 - __main__ - INFO - Val:   loss 1.2934 acc1 68.62% precision 70.94% recall 68.87% f1 68.45%
2026-03-16 02:38:17 - __main__ - INFO - 
Epoch 34/200 | lr 0.094999
2026-03-16 02:39:18 - __main__ - INFO - Train: loss 0.3106 acc1 89.92% precision 89.93% recall 89.93% f1 89.92%
2026-03-16 02:39:18 - __main__ - INFO - Val:   loss 1.4168 acc1 68.02% precision 71.29% recall 68.46% f1 67.94%
2026-03-16 02:39:18 - __main__ - INFO - 
Epoch 35/200 | lr 0.094642
2026-03-16 02:40:19 - __main__ - INFO - Train: loss 0.3019 acc1 90.16% precision 90.19% recall 90.18% f1 90.18%
2026-03-16 02:40:19 - __main__ - INFO - Val:   loss 1.4105 acc1 66.82% precision 70.21% recall 67.18% f1 66.77%
2026-03-16 02:40:19 - __main__ - INFO - 
Epoch 36/200 | lr 0.094273
2026-03-16 02:41:19 - __main__ - INFO - Train: loss 0.2871 acc1 90.68% precision 90.67% recall 90.67% f1 90.67%
2026-03-16 02:41:19 - __main__ - INFO - Val:   loss 1.2931 acc1 68.43% precision 71.54% recall 68.58% f1 68.75%
2026-03-16 02:41:19 - __main__ - INFO - 
Epoch 37/200 | lr 0.093893
2026-03-16 02:42:20 - __main__ - INFO - Train: loss 0.2684 acc1 91.25% precision 91.28% recall 91.27% f1 91.27%
2026-03-16 02:42:20 - __main__ - INFO - Val:   loss 1.3677 acc1 69.96% precision 72.17% recall 70.32% f1 69.65%
2026-03-16 02:42:20 - __main__ - INFO - saved best: 69.96%
2026-03-16 02:42:20 - __main__ - INFO - 
Epoch 38/200 | lr 0.093502
2026-03-16 02:43:21 - __main__ - INFO - Train: loss 0.2757 acc1 91.07% precision 91.08% recall 91.07% f1 91.07%
2026-03-16 02:43:21 - __main__ - INFO - Val:   loss 1.4084 acc1 69.05% precision 72.52% recall 69.53% f1 69.44%
2026-03-16 02:43:21 - __main__ - INFO - 
Epoch 39/200 | lr 0.093099
2026-03-16 02:44:22 - __main__ - INFO - Train: loss 0.2657 acc1 91.31% precision 91.33% recall 91.32% f1 91.32%
2026-03-16 02:44:22 - __main__ - INFO - Val:   loss 1.5670 acc1 65.76% precision 69.05% recall 66.21% f1 65.77%
2026-03-16 02:44:22 - __main__ - INFO - 
Epoch 40/200 | lr 0.092685
2026-03-16 02:45:23 - __main__ - INFO - Train: loss 0.2473 acc1 91.93% precision 91.96% recall 91.95% f1 91.95%
2026-03-16 02:45:23 - __main__ - INFO - Val:   loss 1.3536 acc1 68.69% precision 72.51% recall 68.82% f1 68.92%
2026-03-16 02:45:23 - __main__ - INFO - 
Epoch 41/200 | lr 0.092260
2026-03-16 02:46:24 - __main__ - INFO - Train: loss 0.2441 acc1 92.09% precision 92.10% recall 92.10% f1 92.10%
2026-03-16 02:46:24 - __main__ - INFO - Val:   loss 1.4552 acc1 67.16% precision 70.35% recall 67.42% f1 67.48%
2026-03-16 02:46:24 - __main__ - INFO - 
Epoch 42/200 | lr 0.091824
2026-03-16 02:47:24 - __main__ - INFO - Train: loss 0.2372 acc1 92.26% precision 92.28% recall 92.28% f1 92.28%
2026-03-16 02:47:24 - __main__ - INFO - Val:   loss 1.4232 acc1 67.20% precision 70.32% recall 67.69% f1 67.79%
2026-03-16 02:47:24 - __main__ - INFO - 
Epoch 43/200 | lr 0.091378
2026-03-16 02:48:25 - __main__ - INFO - Train: loss 0.2311 acc1 92.49% precision 92.51% recall 92.50% f1 92.50%
2026-03-16 02:48:25 - __main__ - INFO - Val:   loss 1.5398 acc1 66.00% precision 69.72% recall 66.15% f1 66.10%
2026-03-16 02:48:25 - __main__ - INFO - 
Epoch 44/200 | lr 0.090920
2026-03-16 02:49:26 - __main__ - INFO - Train: loss 0.2063 acc1 93.39% precision 93.40% recall 93.39% f1 93.39%
2026-03-16 02:49:26 - __main__ - INFO - Val:   loss 1.4365 acc1 68.81% precision 72.12% recall 69.17% f1 69.46%
2026-03-16 02:49:26 - __main__ - INFO - 
Epoch 45/200 | lr 0.090452
2026-03-16 02:50:27 - __main__ - INFO - Train: loss 0.2240 acc1 92.81% precision 92.83% recall 92.82% f1 92.82%
2026-03-16 02:50:27 - __main__ - INFO - Val:   loss 1.3430 acc1 69.78% precision 72.46% recall 70.02% f1 69.94%
2026-03-16 02:50:27 - __main__ - INFO - 
Epoch 46/200 | lr 0.089973
2026-03-16 02:51:27 - __main__ - INFO - Train: loss 0.2285 acc1 92.51% precision 92.53% recall 92.53% f1 92.53%
2026-03-16 02:51:27 - __main__ - INFO - Val:   loss 1.2824 acc1 69.47% precision 71.35% recall 69.90% f1 69.57%
2026-03-16 02:51:27 - __main__ - INFO - 
Epoch 47/200 | lr 0.089484
2026-03-16 02:52:28 - __main__ - INFO - Train: loss 0.2107 acc1 93.18% precision 93.18% recall 93.17% f1 93.17%
2026-03-16 02:52:28 - __main__ - INFO - Val:   loss 1.3623 acc1 68.99% precision 72.08% recall 69.31% f1 69.12%
2026-03-16 02:52:28 - __main__ - INFO - 
Epoch 48/200 | lr 0.088985
2026-03-16 02:53:29 - __main__ - INFO - Train: loss 0.2093 acc1 93.19% precision 93.22% recall 93.21% f1 93.21%
2026-03-16 02:53:29 - __main__ - INFO - Val:   loss 1.4025 acc1 68.32% precision 71.22% recall 68.44% f1 68.40%
2026-03-16 02:53:29 - __main__ - INFO - 
Epoch 49/200 | lr 0.088475
2026-03-16 02:54:30 - __main__ - INFO - Train: loss 0.2129 acc1 93.04% precision 93.07% recall 93.06% f1 93.06%
2026-03-16 02:54:30 - __main__ - INFO - Val:   loss 1.3059 acc1 69.64% precision 71.64% recall 70.00% f1 69.72%
2026-03-16 02:54:30 - __main__ - INFO - 
Epoch 50/200 | lr 0.087956
2026-03-16 02:55:31 - __main__ - INFO - Train: loss 0.1904 acc1 93.93% precision 93.95% recall 93.95% f1 93.95%
2026-03-16 02:55:31 - __main__ - INFO - Val:   loss 1.4176 acc1 69.25% precision 71.86% recall 69.50% f1 69.49%
2026-03-16 02:55:31 - __main__ - INFO - 
Epoch 51/200 | lr 0.087427
2026-03-16 02:56:31 - __main__ - INFO - Train: loss 0.1938 acc1 93.70% precision 93.71% recall 93.71% f1 93.71%
2026-03-16 02:56:31 - __main__ - INFO - Val:   loss 1.4484 acc1 69.71% precision 72.13% recall 69.96% f1 69.69%
2026-03-16 02:56:31 - __main__ - INFO - 
Epoch 52/200 | lr 0.086888
2026-03-16 02:57:32 - __main__ - INFO - Train: loss 0.1887 acc1 93.96% precision 93.98% recall 93.98% f1 93.98%
2026-03-16 02:57:32 - __main__ - INFO - Val:   loss 1.3660 acc1 68.72% precision 72.03% recall 69.09% f1 68.96%
2026-03-16 02:57:32 - __main__ - INFO - 
Epoch 53/200 | lr 0.086339
2026-03-16 02:58:33 - __main__ - INFO - Train: loss 0.1871 acc1 94.01% precision 94.01% recall 94.01% f1 94.01%
2026-03-16 02:58:33 - __main__ - INFO - Val:   loss 1.3543 acc1 70.29% precision 73.10% recall 70.77% f1 70.69%
2026-03-16 02:58:33 - __main__ - INFO - saved best: 70.29%
2026-03-16 02:58:33 - __main__ - INFO - 
Epoch 54/200 | lr 0.085781
2026-03-16 02:59:34 - __main__ - INFO - Train: loss 0.1802 acc1 94.19% precision 94.20% recall 94.20% f1 94.20%
2026-03-16 02:59:34 - __main__ - INFO - Val:   loss 1.3887 acc1 68.46% precision 71.66% recall 68.42% f1 68.92%
2026-03-16 02:59:34 - __main__ - INFO - 
Epoch 55/200 | lr 0.085214
2026-03-16 03:00:35 - __main__ - INFO - Train: loss 0.1801 acc1 94.30% precision 94.31% recall 94.31% f1 94.31%
2026-03-16 03:00:35 - __main__ - INFO - Val:   loss 1.4264 acc1 69.15% precision 71.67% recall 69.65% f1 69.12%
2026-03-16 03:00:35 - __main__ - INFO - 
Epoch 56/200 | lr 0.084638
2026-03-16 03:01:35 - __main__ - INFO - Train: loss 0.1711 acc1 94.58% precision 94.59% recall 94.59% f1 94.59%
2026-03-16 03:01:35 - __main__ - INFO - Val:   loss 1.6056 acc1 66.90% precision 71.30% recall 67.03% f1 67.31%
2026-03-16 03:01:35 - __main__ - INFO - 
Epoch 57/200 | lr 0.084052
2026-03-16 03:02:36 - __main__ - INFO - Train: loss 0.1704 acc1 94.58% precision 94.59% recall 94.58% f1 94.58%
2026-03-16 03:02:36 - __main__ - INFO - Val:   loss 1.3700 acc1 69.39% precision 72.58% recall 69.51% f1 69.53%
2026-03-16 03:02:36 - __main__ - INFO - 
Epoch 58/200 | lr 0.083458
2026-03-16 03:03:37 - __main__ - INFO - Train: loss 0.1648 acc1 94.72% precision 94.74% recall 94.74% f1 94.73%
2026-03-16 03:03:37 - __main__ - INFO - Val:   loss 1.3941 acc1 70.67% precision 72.93% recall 70.78% f1 70.74%
2026-03-16 03:03:37 - __main__ - INFO - saved best: 70.67%
2026-03-16 03:03:37 - __main__ - INFO - 
Epoch 59/200 | lr 0.082855
2026-03-16 03:04:38 - __main__ - INFO - Train: loss 0.1746 acc1 94.47% precision 94.48% recall 94.48% f1 94.48%
2026-03-16 03:04:38 - __main__ - INFO - Val:   loss 1.2679 acc1 71.50% precision 73.17% recall 71.53% f1 71.12%
2026-03-16 03:04:38 - __main__ - INFO - saved best: 71.50%
2026-03-16 03:04:38 - __main__ - INFO - 
Epoch 60/200 | lr 0.082244
2026-03-16 03:05:39 - __main__ - INFO - Train: loss 0.1414 acc1 95.50% precision 95.53% recall 95.52% f1 95.52%
2026-03-16 03:05:39 - __main__ - INFO - Val:   loss 1.4123 acc1 69.28% precision 71.44% recall 69.55% f1 69.16%
2026-03-16 03:05:39 - __main__ - INFO - 
Epoch 61/200 | lr 0.081624
2026-03-16 03:06:40 - __main__ - INFO - Train: loss 0.1711 acc1 94.53% precision 94.55% recall 94.55% f1 94.55%
2026-03-16 03:06:40 - __main__ - INFO - Val:   loss 1.3712 acc1 69.21% precision 71.94% recall 69.42% f1 69.43%
2026-03-16 03:06:40 - __main__ - INFO - 
Epoch 62/200 | lr 0.080996
2026-03-16 03:07:41 - __main__ - INFO - Train: loss 0.1669 acc1 94.71% precision 94.72% recall 94.71% f1 94.71%
2026-03-16 03:07:41 - __main__ - INFO - Val:   loss 1.4564 acc1 68.54% precision 71.56% recall 68.91% f1 68.59%
2026-03-16 03:07:41 - __main__ - INFO - 
Epoch 63/200 | lr 0.080360
2026-03-16 03:08:41 - __main__ - INFO - Train: loss 0.1554 acc1 95.18% precision 95.18% recall 95.18% f1 95.18%
2026-03-16 03:08:41 - __main__ - INFO - Val:   loss 1.3687 acc1 69.69% precision 72.31% recall 69.94% f1 70.07%
2026-03-16 03:08:41 - __main__ - INFO - 
Epoch 64/200 | lr 0.079716
2026-03-16 03:09:42 - __main__ - INFO - Train: loss 0.1590 acc1 94.97% precision 94.97% recall 94.97% f1 94.97%
2026-03-16 03:09:42 - __main__ - INFO - Val:   loss 1.3443 acc1 69.97% precision 71.86% recall 70.34% f1 70.08%
2026-03-16 03:09:42 - __main__ - INFO - 
Epoch 65/200 | lr 0.079065
2026-03-16 03:10:43 - __main__ - INFO - Train: loss 0.1311 acc1 95.81% precision 95.82% recall 95.82% f1 95.82%
2026-03-16 03:10:43 - __main__ - INFO - Val:   loss 1.4354 acc1 69.07% precision 72.17% recall 69.44% f1 69.17%
2026-03-16 03:10:43 - __main__ - INFO - 
Epoch 66/200 | lr 0.078405
2026-03-16 03:11:44 - __main__ - INFO - Train: loss 0.1348 acc1 95.78% precision 95.79% recall 95.78% f1 95.78%
2026-03-16 03:11:44 - __main__ - INFO - Val:   loss 1.3195 acc1 71.02% precision 73.23% recall 71.33% f1 71.19%
2026-03-16 03:11:44 - __main__ - INFO - 
Epoch 67/200 | lr 0.077739
2026-03-16 03:12:45 - __main__ - INFO - Train: loss 0.1394 acc1 95.50% precision 95.52% recall 95.52% f1 95.52%
2026-03-16 03:12:45 - __main__ - INFO - Val:   loss 1.4208 acc1 69.04% precision 72.51% recall 69.27% f1 69.44%
2026-03-16 03:12:45 - __main__ - INFO - 
Epoch 68/200 | lr 0.077065
2026-03-16 03:13:46 - __main__ - INFO - Train: loss 0.1480 acc1 95.19% precision 95.21% recall 95.20% f1 95.20%
2026-03-16 03:13:46 - __main__ - INFO - Val:   loss 1.3835 acc1 69.65% precision 71.52% recall 70.07% f1 69.53%
2026-03-16 03:13:46 - __main__ - INFO - 
Epoch 69/200 | lr 0.076384
2026-03-16 03:14:47 - __main__ - INFO - Train: loss 0.1441 acc1 95.50% precision 95.51% recall 95.50% f1 95.50%
2026-03-16 03:14:47 - __main__ - INFO - Val:   loss 1.3178 acc1 70.84% precision 72.54% recall 71.06% f1 70.67%
2026-03-16 03:14:47 - __main__ - INFO - 
Epoch 70/200 | lr 0.075697
2026-03-16 03:15:47 - __main__ - INFO - Train: loss 0.1288 acc1 95.97% precision 95.99% recall 95.99% f1 95.99%
2026-03-16 03:15:47 - __main__ - INFO - Val:   loss 1.3911 acc1 70.76% precision 72.68% recall 71.11% f1 70.71%
2026-03-16 03:15:47 - __main__ - INFO - 
Epoch 71/200 | lr 0.075003
2026-03-16 03:16:48 - __main__ - INFO - Train: loss 0.1292 acc1 95.94% precision 95.94% recall 95.94% f1 95.94%
2026-03-16 03:16:48 - __main__ - INFO - Val:   loss 1.3031 acc1 72.07% precision 73.59% recall 72.47% f1 72.16%
2026-03-16 03:16:48 - __main__ - INFO - saved best: 72.07%
2026-03-16 03:16:48 - __main__ - INFO - 
Epoch 72/200 | lr 0.074302
2026-03-16 03:17:49 - __main__ - INFO - Train: loss 0.1287 acc1 95.93% precision 95.94% recall 95.94% f1 95.94%
2026-03-16 03:17:49 - __main__ - INFO - Val:   loss 1.3440 acc1 71.11% precision 72.97% recall 71.32% f1 71.05%
2026-03-16 03:17:49 - __main__ - INFO - 
Epoch 73/200 | lr 0.073595
2026-03-16 03:18:50 - __main__ - INFO - Train: loss 0.1175 acc1 96.37% precision 96.39% recall 96.39% f1 96.39%
2026-03-16 03:18:50 - __main__ - INFO - Val:   loss 1.4222 acc1 69.74% precision 72.39% recall 70.04% f1 69.82%
2026-03-16 03:18:50 - __main__ - INFO - 
Epoch 74/200 | lr 0.072881
2026-03-16 03:19:51 - __main__ - INFO - Train: loss 0.1044 acc1 96.81% precision 96.81% recall 96.81% f1 96.81%
2026-03-16 03:19:51 - __main__ - INFO - Val:   loss 1.3088 acc1 71.89% precision 73.45% recall 72.06% f1 71.87%
2026-03-16 03:19:51 - __main__ - INFO - 
Epoch 75/200 | lr 0.072162
2026-03-16 03:20:51 - __main__ - INFO - Train: loss 0.1088 acc1 96.62% precision 96.63% recall 96.63% f1 96.63%
2026-03-16 03:20:51 - __main__ - INFO - Val:   loss 1.3501 acc1 70.56% precision 72.61% recall 70.67% f1 70.64%
2026-03-16 03:20:51 - __main__ - INFO - 
Epoch 76/200 | lr 0.071437
2026-03-16 03:21:52 - __main__ - INFO - Train: loss 0.1218 acc1 96.12% precision 96.13% recall 96.12% f1 96.12%
2026-03-16 03:21:52 - __main__ - INFO - Val:   loss 1.4225 acc1 69.95% precision 72.10% recall 70.26% f1 70.07%
2026-03-16 03:21:52 - __main__ - INFO - 
Epoch 77/200 | lr 0.070707
2026-03-16 03:22:53 - __main__ - INFO - Train: loss 0.0946 acc1 97.16% precision 97.18% recall 97.18% f1 97.18%
2026-03-16 03:22:53 - __main__ - INFO - Val:   loss 1.3605 acc1 70.90% precision 73.09% recall 71.26% f1 70.92%
2026-03-16 03:22:53 - __main__ - INFO - 
Epoch 78/200 | lr 0.069971
2026-03-16 03:23:54 - __main__ - INFO - Train: loss 0.1095 acc1 96.65% precision 96.66% recall 96.66% f1 96.66%
2026-03-16 03:23:54 - __main__ - INFO - Val:   loss 1.3832 acc1 70.38% precision 72.93% recall 70.70% f1 70.71%
2026-03-16 03:23:54 - __main__ - INFO - 
Epoch 79/200 | lr 0.069230
2026-03-16 03:24:55 - __main__ - INFO - Train: loss 0.1197 acc1 96.30% precision 96.30% recall 96.30% f1 96.30%
2026-03-16 03:24:55 - __main__ - INFO - Val:   loss 1.4613 acc1 70.38% precision 72.53% recall 70.41% f1 70.42%
2026-03-16 03:24:55 - __main__ - INFO - 
Epoch 80/200 | lr 0.068484
2026-03-16 03:25:56 - __main__ - INFO - Train: loss 0.1305 acc1 95.90% precision 95.91% recall 95.91% f1 95.91%
2026-03-16 03:25:56 - __main__ - INFO - Val:   loss 1.3845 acc1 70.28% precision 72.39% recall 70.57% f1 70.39%
2026-03-16 03:25:56 - __main__ - INFO - 
Epoch 81/200 | lr 0.067733
2026-03-16 03:26:56 - __main__ - INFO - Train: loss 0.1158 acc1 96.42% precision 96.43% recall 96.43% f1 96.43%
2026-03-16 03:26:56 - __main__ - INFO - Val:   loss 1.3681 acc1 70.67% precision 73.14% recall 70.78% f1 70.74%
2026-03-16 03:26:56 - __main__ - INFO - 
Epoch 82/200 | lr 0.066978
2026-03-16 03:27:57 - __main__ - INFO - Train: loss 0.0978 acc1 97.04% precision 97.05% recall 97.04% f1 97.04%
2026-03-16 03:27:57 - __main__ - INFO - Val:   loss 1.3374 acc1 70.67% precision 72.28% recall 70.92% f1 70.64%
2026-03-16 03:27:57 - __main__ - INFO - 
Epoch 83/200 | lr 0.066218
2026-03-16 03:28:58 - __main__ - INFO - Train: loss 0.0847 acc1 97.45% precision 97.46% recall 97.46% f1 97.46%
2026-03-16 03:28:58 - __main__ - INFO - Val:   loss 1.2912 acc1 72.54% precision 74.15% recall 72.66% f1 72.52%
2026-03-16 03:28:58 - __main__ - INFO - saved best: 72.54%
2026-03-16 03:28:58 - __main__ - INFO - 
Epoch 84/200 | lr 0.065454
2026-03-16 03:29:59 - __main__ - INFO - Train: loss 0.0900 acc1 97.26% precision 97.27% recall 97.27% f1 97.27%
2026-03-16 03:29:59 - __main__ - INFO - Val:   loss 1.3586 acc1 70.85% precision 72.76% recall 70.89% f1 71.01%
2026-03-16 03:29:59 - __main__ - INFO - 
Epoch 85/200 | lr 0.064686
2026-03-16 03:31:00 - __main__ - INFO - Train: loss 0.0908 acc1 97.19% precision 97.19% recall 97.19% f1 97.19%
2026-03-16 03:31:00 - __main__ - INFO - Val:   loss 1.2900 acc1 72.30% precision 73.31% recall 72.53% f1 71.96%
2026-03-16 03:31:00 - __main__ - INFO - 
Epoch 86/200 | lr 0.063914
2026-03-16 03:32:01 - __main__ - INFO - Train: loss 0.0818 acc1 97.62% precision 97.62% recall 97.62% f1 97.62%
2026-03-16 03:32:01 - __main__ - INFO - Val:   loss 1.3312 acc1 71.84% precision 73.43% recall 72.14% f1 71.70%
2026-03-16 03:32:01 - __main__ - INFO - 
Epoch 87/200 | lr 0.063139
2026-03-16 03:33:01 - __main__ - INFO - Train: loss 0.0863 acc1 97.35% precision 97.36% recall 97.35% f1 97.36%
2026-03-16 03:33:01 - __main__ - INFO - Val:   loss 1.2395 acc1 73.23% precision 74.27% recall 73.38% f1 72.97%
2026-03-16 03:33:01 - __main__ - INFO - saved best: 73.23%
2026-03-16 03:33:01 - __main__ - INFO - 
Epoch 88/200 | lr 0.062360
2026-03-16 03:34:02 - __main__ - INFO - Train: loss 0.0784 acc1 97.62% precision 97.62% recall 97.62% f1 97.62%
2026-03-16 03:34:02 - __main__ - INFO - Val:   loss 1.2497 acc1 72.10% precision 73.89% recall 72.20% f1 72.22%
2026-03-16 03:34:02 - __main__ - INFO - 
Epoch 89/200 | lr 0.061578
2026-03-16 03:35:03 - __main__ - INFO - Train: loss 0.0834 acc1 97.53% precision 97.54% recall 97.53% f1 97.53%
2026-03-16 03:35:03 - __main__ - INFO - Val:   loss 1.2738 acc1 72.62% precision 74.60% recall 72.91% f1 72.80%
2026-03-16 03:35:03 - __main__ - INFO - 
Epoch 90/200 | lr 0.060793
2026-03-16 03:36:04 - __main__ - INFO - Train: loss 0.0891 acc1 97.28% precision 97.29% recall 97.28% f1 97.28%
2026-03-16 03:36:04 - __main__ - INFO - Val:   loss 1.2906 acc1 72.32% precision 73.89% recall 72.53% f1 72.29%
2026-03-16 03:36:04 - __main__ - INFO - 
Epoch 91/200 | lr 0.060005
2026-03-16 03:37:05 - __main__ - INFO - Train: loss 0.0788 acc1 97.75% precision 97.76% recall 97.76% f1 97.76%
2026-03-16 03:37:05 - __main__ - INFO - Val:   loss 1.2299 acc1 73.09% precision 73.96% recall 73.22% f1 73.05%
2026-03-16 03:37:05 - __main__ - INFO - 
Epoch 92/200 | lr 0.059215
2026-03-16 03:38:05 - __main__ - INFO - Train: loss 0.0771 acc1 97.74% precision 97.74% recall 97.74% f1 97.74%
2026-03-16 03:38:05 - __main__ - INFO - Val:   loss 1.3354 acc1 71.39% precision 73.16% recall 71.78% f1 71.56%
2026-03-16 03:38:05 - __main__ - INFO - 
Epoch 93/200 | lr 0.058422
2026-03-16 03:39:06 - __main__ - INFO - Train: loss 0.0760 acc1 97.82% precision 97.82% recall 97.82% f1 97.82%
2026-03-16 03:39:06 - __main__ - INFO - Val:   loss 1.2890 acc1 73.51% precision 74.81% recall 73.74% f1 73.56%
2026-03-16 03:39:06 - __main__ - INFO - saved best: 73.51%
2026-03-16 03:39:06 - __main__ - INFO - 
Epoch 94/200 | lr 0.057627
2026-03-16 03:40:07 - __main__ - INFO - Train: loss 0.0600 acc1 98.31% precision 98.32% recall 98.32% f1 98.32%
2026-03-16 03:40:07 - __main__ - INFO - Val:   loss 1.2127 acc1 74.03% precision 75.01% recall 74.22% f1 73.90%
2026-03-16 03:40:07 - __main__ - INFO - saved best: 74.03%
2026-03-16 03:40:07 - __main__ - INFO - 
Epoch 95/200 | lr 0.056830
2026-03-16 03:41:08 - __main__ - INFO - Train: loss 0.0584 acc1 98.29% precision 98.29% recall 98.29% f1 98.29%
2026-03-16 03:41:08 - __main__ - INFO - Val:   loss 1.2554 acc1 73.61% precision 75.13% recall 73.92% f1 73.76%
2026-03-16 03:41:08 - __main__ - INFO - 
Epoch 96/200 | lr 0.056031
2026-03-16 03:42:09 - __main__ - INFO - Train: loss 0.0629 acc1 98.21% precision 98.21% recall 98.21% f1 98.21%
2026-03-16 03:42:09 - __main__ - INFO - Val:   loss 1.3031 acc1 72.55% precision 74.49% recall 72.73% f1 72.68%
2026-03-16 03:42:09 - __main__ - INFO - 
Epoch 97/200 | lr 0.055231
2026-03-16 03:43:10 - __main__ - INFO - Train: loss 0.0649 acc1 98.05% precision 98.07% recall 98.07% f1 98.07%
2026-03-16 03:43:10 - __main__ - INFO - Val:   loss 1.3666 acc1 71.99% precision 73.34% recall 72.35% f1 71.85%
2026-03-16 03:43:10 - __main__ - INFO - 
Epoch 98/200 | lr 0.054429
2026-03-16 03:44:10 - __main__ - INFO - Train: loss 0.0559 acc1 98.43% precision 98.43% recall 98.42% f1 98.42%
2026-03-16 03:44:10 - __main__ - INFO - Val:   loss 1.2161 acc1 73.62% precision 75.53% recall 73.78% f1 73.90%
2026-03-16 03:44:10 - __main__ - INFO - 
Epoch 99/200 | lr 0.053626
2026-03-16 03:45:11 - __main__ - INFO - Train: loss 0.0431 acc1 98.86% precision 98.86% recall 98.86% f1 98.86%
2026-03-16 03:45:11 - __main__ - INFO - Val:   loss 1.1970 acc1 74.49% precision 75.31% recall 74.82% f1 74.46%
2026-03-16 03:45:11 - __main__ - INFO - saved best: 74.49%
2026-03-16 03:45:11 - __main__ - INFO - 
Epoch 100/200 | lr 0.052823
2026-03-16 03:46:12 - __main__ - INFO - Train: loss 0.0404 acc1 98.94% precision 98.94% recall 98.94% f1 98.94%
2026-03-16 03:46:12 - __main__ - INFO - Val:   loss 1.2128 acc1 73.72% precision 75.27% recall 74.03% f1 73.85%
2026-03-16 03:46:12 - __main__ - INFO - 
Epoch 101/200 | lr 0.052018
2026-03-16 03:47:13 - __main__ - INFO - Train: loss 0.0463 acc1 98.71% precision 98.71% recall 98.71% f1 98.71%
2026-03-16 03:47:13 - __main__ - INFO - Val:   loss 1.2898 acc1 73.28% precision 74.28% recall 73.54% f1 72.98%
2026-03-16 03:47:13 - __main__ - INFO - 
Epoch 102/200 | lr 0.051213
2026-03-16 03:48:14 - __main__ - INFO - Train: loss 0.0398 acc1 98.90% precision 98.90% recall 98.90% f1 98.90%
2026-03-16 03:48:14 - __main__ - INFO - Val:   loss 1.1590 acc1 75.29% precision 76.17% recall 75.49% f1 75.15%
2026-03-16 03:48:14 - __main__ - INFO - saved best: 75.29%
2026-03-16 03:48:14 - __main__ - INFO - 
Epoch 103/200 | lr 0.050408
2026-03-16 03:49:14 - __main__ - INFO - Train: loss 0.0263 acc1 99.42% precision 99.42% recall 99.42% f1 99.42%
2026-03-16 03:49:14 - __main__ - INFO - Val:   loss 1.1221 acc1 75.69% precision 76.18% recall 75.83% f1 75.48%
2026-03-16 03:49:14 - __main__ - INFO - saved best: 75.69%
2026-03-16 03:49:14 - __main__ - INFO - 
Epoch 104/200 | lr 0.049602
2026-03-16 03:50:15 - __main__ - INFO - Train: loss 0.0211 acc1 99.52% precision 99.52% recall 99.52% f1 99.52%
2026-03-16 03:50:15 - __main__ - INFO - Val:   loss 1.1080 acc1 76.24% precision 76.79% recall 76.39% f1 76.03%
2026-03-16 03:50:15 - __main__ - INFO - saved best: 76.24%
2026-03-16 03:50:15 - __main__ - INFO - 
Epoch 105/200 | lr 0.048797
2026-03-16 03:51:16 - __main__ - INFO - Train: loss 0.0221 acc1 99.55% precision 99.55% recall 99.55% f1 99.55%
2026-03-16 03:51:16 - __main__ - INFO - Val:   loss 1.1228 acc1 75.54% precision 75.93% recall 75.57% f1 75.36%
2026-03-16 03:51:16 - __main__ - INFO - 
Epoch 106/200 | lr 0.047992
2026-03-16 03:52:17 - __main__ - INFO - Train: loss 0.0160 acc1 99.68% precision 99.68% recall 99.68% f1 99.68%
2026-03-16 03:52:17 - __main__ - INFO - Val:   loss 1.0891 acc1 76.31% precision 76.75% recall 76.51% f1 76.20%
2026-03-16 03:52:17 - __main__ - INFO - saved best: 76.31%
2026-03-16 03:52:17 - __main__ - INFO - 
Epoch 107/200 | lr 0.047187
2026-03-16 03:53:18 - __main__ - INFO - Train: loss 0.0124 acc1 99.78% precision 99.78% recall 99.78% f1 99.78%
2026-03-16 03:53:18 - __main__ - INFO - Val:   loss 1.0061 acc1 77.72% precision 78.02% recall 78.01% f1 77.69%
2026-03-16 03:53:18 - __main__ - INFO - saved best: 77.72%
2026-03-16 03:53:18 - __main__ - INFO - 
Epoch 108/200 | lr 0.046384
2026-03-16 03:54:19 - __main__ - INFO - Train: loss 0.0101 acc1 99.81% precision 99.81% recall 99.81% f1 99.81%
2026-03-16 03:54:19 - __main__ - INFO - Val:   loss 1.0277 acc1 77.50% precision 77.87% recall 77.77% f1 77.47%
2026-03-16 03:54:19 - __main__ - INFO - 
Epoch 109/200 | lr 0.045581
2026-03-16 03:55:20 - __main__ - INFO - Train: loss 0.0081 acc1 99.87% precision 99.87% recall 99.87% f1 99.87%
2026-03-16 03:55:20 - __main__ - INFO - Val:   loss 1.0014 acc1 78.03% precision 78.24% recall 78.35% f1 77.95%
2026-03-16 03:55:20 - __main__ - INFO - saved best: 78.03%
2026-03-16 03:55:20 - __main__ - INFO - 
Epoch 110/200 | lr 0.044779
2026-03-16 03:56:20 - __main__ - INFO - Train: loss 0.0081 acc1 99.85% precision 99.85% recall 99.85% f1 99.85%
2026-03-16 03:56:20 - __main__ - INFO - Val:   loss 1.0000 acc1 78.07% precision 78.45% recall 78.25% f1 77.93%
2026-03-16 03:56:20 - __main__ - INFO - saved best: 78.07%
2026-03-16 03:56:20 - __main__ - INFO - 
Epoch 111/200 | lr 0.043979
2026-03-16 03:57:21 - __main__ - INFO - Train: loss 0.0081 acc1 99.87% precision 99.87% recall 99.87% f1 99.87%
2026-03-16 03:57:21 - __main__ - INFO - Val:   loss 0.9582 acc1 78.58% precision 78.85% recall 78.84% f1 78.51%
2026-03-16 03:57:21 - __main__ - INFO - saved best: 78.58%
2026-03-16 03:57:21 - __main__ - INFO - 
Epoch 112/200 | lr 0.043180
2026-03-16 03:58:22 - __main__ - INFO - Train: loss 0.0046 acc1 99.94% precision 99.94% recall 99.94% f1 99.94%
2026-03-16 03:58:22 - __main__ - INFO - Val:   loss 0.9518 acc1 78.33% precision 78.57% recall 78.63% f1 78.28%
2026-03-16 03:58:22 - __main__ - INFO - 
Epoch 113/200 | lr 0.042383
2026-03-16 03:59:23 - __main__ - INFO - Train: loss 0.0043 acc1 99.95% precision 99.95% recall 99.95% f1 99.95%
2026-03-16 03:59:23 - __main__ - INFO - Val:   loss 0.9240 acc1 79.28% precision 79.31% recall 79.44% f1 79.11%
2026-03-16 03:59:23 - __main__ - INFO - saved best: 79.28%
2026-03-16 03:59:23 - __main__ - INFO - 
Epoch 114/200 | lr 0.041588
2026-03-16 04:00:24 - __main__ - INFO - Train: loss 0.0030 acc1 99.97% precision 99.97% recall 99.97% f1 99.97%
2026-03-16 04:00:24 - __main__ - INFO - Val:   loss 0.9041 acc1 78.88% precision 78.95% recall 79.17% f1 78.75%
2026-03-16 04:00:24 - __main__ - INFO - 
Epoch 115/200 | lr 0.040795
2026-03-16 04:01:25 - __main__ - INFO - Train: loss 0.0035 acc1 99.96% precision 99.96% recall 99.96% f1 99.96%
2026-03-16 04:01:25 - __main__ - INFO - Val:   loss 0.9098 acc1 78.90% precision 78.91% recall 79.15% f1 78.74%
2026-03-16 04:01:25 - __main__ - INFO - 
Epoch 116/200 | lr 0.040005
2026-03-16 04:02:25 - __main__ - INFO - Train: loss 0.0034 acc1 99.96% precision 99.96% recall 99.96% f1 99.96%
2026-03-16 04:02:25 - __main__ - INFO - Val:   loss 0.9068 acc1 78.81% precision 78.87% recall 79.09% f1 78.70%
2026-03-16 04:02:25 - __main__ - INFO - 
Epoch 117/200 | lr 0.039217
2026-03-16 04:03:26 - __main__ - INFO - Train: loss 0.0031 acc1 99.98% precision 99.98% recall 99.98% f1 99.98%
2026-03-16 04:03:26 - __main__ - INFO - Val:   loss 0.8804 acc1 79.12% precision 79.15% recall 79.41% f1 79.07%
2026-03-16 04:03:26 - __main__ - INFO - 
Epoch 118/200 | lr 0.038432
2026-03-16 04:04:27 - __main__ - INFO - Train: loss 0.0022 acc1 99.99% precision 99.99% recall 99.99% f1 99.99%
2026-03-16 04:04:27 - __main__ - INFO - Val:   loss 0.8688 acc1 79.22% precision 79.10% recall 79.43% f1 79.05%
2026-03-16 04:04:27 - __main__ - INFO - 
Epoch 119/200 | lr 0.037650
2026-03-16 04:05:28 - __main__ - INFO - Train: loss 0.0021 acc1 99.99% precision 99.99% recall 99.99% f1 99.99%
2026-03-16 04:05:28 - __main__ - INFO - Val:   loss 0.8534 acc1 79.42% precision 79.36% recall 79.66% f1 79.28%
2026-03-16 04:05:28 - __main__ - INFO - saved best: 79.42%
2026-03-16 04:05:28 - __main__ - INFO - 
Epoch 120/200 | lr 0.036871
2026-03-16 04:06:29 - __main__ - INFO - Train: loss 0.0025 acc1 99.98% precision 99.98% recall 99.98% f1 99.98%
2026-03-16 04:06:29 - __main__ - INFO - Val:   loss 0.8569 acc1 79.83% precision 79.85% recall 80.10% f1 79.71%
2026-03-16 04:06:29 - __main__ - INFO - saved best: 79.83%
2026-03-16 04:06:29 - __main__ - INFO - 
Epoch 121/200 | lr 0.036096
2026-03-16 04:07:30 - __main__ - INFO - Train: loss 0.0023 acc1 99.99% precision 99.99% recall 99.99% f1 99.99%
2026-03-16 04:07:30 - __main__ - INFO - Val:   loss 0.8488 acc1 79.40% precision 79.40% recall 79.65% f1 79.31%
2026-03-16 04:07:30 - __main__ - INFO - 
Epoch 122/200 | lr 0.035324
2026-03-16 04:08:30 - __main__ - INFO - Train: loss 0.0022 acc1 99.99% precision 99.99% recall 99.99% f1 99.99%
2026-03-16 04:08:30 - __main__ - INFO - Val:   loss 0.8388 acc1 80.20% precision 80.03% recall 80.29% f1 79.93%
2026-03-16 04:08:30 - __main__ - INFO - saved best: 80.20%
2026-03-16 04:08:30 - __main__ - INFO - 
Epoch 123/200 | lr 0.034556
2026-03-16 04:09:31 - __main__ - INFO - Train: loss 0.0022 acc1 99.99% precision 99.99% recall 99.99% f1 99.99%
2026-03-16 04:09:31 - __main__ - INFO - Val:   loss 0.8345 acc1 79.78% precision 79.79% recall 80.00% f1 79.68%
2026-03-16 04:09:31 - __main__ - INFO - 
Epoch 124/200 | lr 0.033792
2026-03-16 04:10:32 - __main__ - INFO - Train: loss 0.0022 acc1 99.99% precision 99.99% recall 99.99% f1 99.99%
2026-03-16 04:10:32 - __main__ - INFO - Val:   loss 0.8280 acc1 80.17% precision 80.11% recall 80.41% f1 80.05%
2026-03-16 04:10:32 - __main__ - INFO - 
Epoch 125/200 | lr 0.033032
2026-03-16 04:11:33 - __main__ - INFO - Train: loss 0.0023 acc1 99.99% precision 99.99% recall 99.99% f1 99.99%
2026-03-16 04:11:33 - __main__ - INFO - Val:   loss 0.8263 acc1 79.96% precision 79.88% recall 80.19% f1 79.81%
2026-03-16 04:11:33 - __main__ - INFO - 
Epoch 126/200 | lr 0.032277
2026-03-16 04:12:34 - __main__ - INFO - Train: loss 0.0021 acc1 99.99% precision 99.99% recall 99.99% f1 99.99%
2026-03-16 04:12:34 - __main__ - INFO - Val:   loss 0.8196 acc1 80.33% precision 80.28% recall 80.54% f1 80.22%
2026-03-16 04:12:34 - __main__ - INFO - saved best: 80.33%
2026-03-16 04:12:34 - __main__ - INFO - 
Epoch 127/200 | lr 0.031526
2026-03-16 04:13:35 - __main__ - INFO - Train: loss 0.0020 acc1 99.99% precision 99.99% recall 99.99% f1 99.99%
2026-03-16 04:13:35 - __main__ - INFO - Val:   loss 0.8211 acc1 80.27% precision 80.17% recall 80.51% f1 80.11%
2026-03-16 04:13:35 - __main__ - INFO - 
Epoch 128/200 | lr 0.030780
2026-03-16 04:14:36 - __main__ - INFO - Train: loss 0.0022 acc1 99.99% precision 99.99% recall 99.99% f1 99.99%
2026-03-16 04:14:36 - __main__ - INFO - Val:   loss 0.8170 acc1 80.14% precision 80.11% recall 80.42% f1 80.01%
2026-03-16 04:14:36 - __main__ - INFO - 
Epoch 129/200 | lr 0.030039
2026-03-16 04:15:36 - __main__ - INFO - Train: loss 0.0022 acc1 99.99% precision 99.99% recall 99.99% f1 99.99%
2026-03-16 04:15:36 - __main__ - INFO - Val:   loss 0.8261 acc1 80.29% precision 80.24% recall 80.48% f1 80.15%
2026-03-16 04:15:36 - __main__ - INFO - 
Epoch 130/200 | lr 0.029303
2026-03-16 04:16:37 - __main__ - INFO - Train: loss 0.0022 acc1 99.99% precision 99.99% recall 99.99% f1 99.99%
2026-03-16 04:16:37 - __main__ - INFO - Val:   loss 0.8142 acc1 79.64% precision 79.55% recall 79.86% f1 79.47%
2026-03-16 04:16:37 - __main__ - INFO - 
Epoch 131/200 | lr 0.028573
2026-03-16 04:17:38 - __main__ - INFO - Train: loss 0.0021 acc1 99.99% precision 99.99% recall 99.99% f1 99.99%
2026-03-16 04:17:38 - __main__ - INFO - Val:   loss 0.8116 acc1 80.14% precision 80.13% recall 80.38% f1 80.02%
2026-03-16 04:17:38 - __main__ - INFO - 
Epoch 132/200 | lr 0.027848
2026-03-16 04:18:39 - __main__ - INFO - Train: loss 0.0023 acc1 99.99% precision 99.99% recall 99.99% f1 99.99%
2026-03-16 04:18:39 - __main__ - INFO - Val:   loss 0.8178 acc1 80.10% precision 80.01% recall 80.35% f1 79.94%
2026-03-16 04:18:39 - __main__ - INFO - 
Epoch 133/200 | lr 0.027129
2026-03-16 04:19:40 - __main__ - INFO - Train: loss 0.0022 acc1 99.98% precision 99.98% recall 99.98% f1 99.98%
2026-03-16 04:19:40 - __main__ - INFO - Val:   loss 0.8005 acc1 80.25% precision 80.17% recall 80.49% f1 80.13%
2026-03-16 04:19:40 - __main__ - INFO - 
Epoch 134/200 | lr 0.026415
2026-03-16 04:20:41 - __main__ - INFO - Train: loss 0.0022 acc1 99.99% precision 99.99% recall 99.99% f1 99.99%
2026-03-16 04:20:41 - __main__ - INFO - Val:   loss 0.8055 acc1 80.18% precision 80.12% recall 80.40% f1 80.03%
2026-03-16 04:20:41 - __main__ - INFO - 
Epoch 135/200 | lr 0.025708
2026-03-16 04:21:41 - __main__ - INFO - Train: loss 0.0022 acc1 99.98% precision 99.98% recall 99.98% f1 99.98%
2026-03-16 04:21:41 - __main__ - INFO - Val:   loss 0.8005 acc1 80.17% precision 79.95% recall 80.34% f1 79.94%
2026-03-16 04:21:41 - __main__ - INFO - 
Epoch 136/200 | lr 0.025008
2026-03-16 04:22:42 - __main__ - INFO - Train: loss 0.0022 acc1 99.99% precision 99.99% recall 99.99% f1 99.99%
2026-03-16 04:22:42 - __main__ - INFO - Val:   loss 0.8002 acc1 80.43% precision 80.27% recall 80.60% f1 80.22%
2026-03-16 04:22:42 - __main__ - INFO - saved best: 80.43%
2026-03-16 04:22:42 - __main__ - INFO - 
Epoch 137/200 | lr 0.024313
2026-03-16 04:23:43 - __main__ - INFO - Train: loss 0.0022 acc1 99.99% precision 99.99% recall 99.99% f1 99.99%
2026-03-16 04:23:43 - __main__ - INFO - Val:   loss 0.8013 acc1 80.07% precision 79.92% recall 80.28% f1 79.88%
2026-03-16 04:23:43 - __main__ - INFO - 
Epoch 138/200 | lr 0.023626
2026-03-16 04:24:44 - __main__ - INFO - Train: loss 0.0021 acc1 99.99% precision 99.99% recall 99.99% f1 99.99%
2026-03-16 04:24:44 - __main__ - INFO - Val:   loss 0.7982 acc1 80.20% precision 80.06% recall 80.38% f1 80.02%
2026-03-16 04:24:44 - __main__ - INFO - 
Epoch 139/200 | lr 0.022945
2026-03-16 04:25:45 - __main__ - INFO - Train: loss 0.0023 acc1 99.99% precision 99.99% recall 99.99% f1 99.99%
2026-03-16 04:25:45 - __main__ - INFO - Val:   loss 0.7979 acc1 80.38% precision 80.23% recall 80.53% f1 80.15%
2026-03-16 04:25:45 - __main__ - INFO - 
Epoch 140/200 | lr 0.022271
2026-03-16 04:26:45 - __main__ - INFO - Train: loss 0.0022 acc1 99.99% precision 99.99% recall 99.99% f1 99.99%
2026-03-16 04:26:45 - __main__ - INFO - Val:   loss 0.8043 acc1 80.29% precision 80.16% recall 80.48% f1 80.09%
2026-03-16 04:26:45 - __main__ - INFO - 
Epoch 141/200 | lr 0.021605
2026-03-16 04:27:46 - __main__ - INFO - Train: loss 0.0022 acc1 100.00% precision 99.99% recall 100.00% f1 100.00%
2026-03-16 04:27:46 - __main__ - INFO - Val:   loss 0.7997 acc1 79.94% precision 79.76% recall 80.20% f1 79.75%
2026-03-16 04:27:46 - __main__ - INFO - 
Epoch 142/200 | lr 0.020945
2026-03-16 04:28:47 - __main__ - INFO - Train: loss 0.0022 acc1 99.99% precision 99.99% recall 99.99% f1 99.99%
2026-03-16 04:28:47 - __main__ - INFO - Val:   loss 0.7979 acc1 80.43% precision 80.29% recall 80.62% f1 80.28%
2026-03-16 04:28:47 - __main__ - INFO - saved best: 80.43%
2026-03-16 04:28:47 - __main__ - INFO - 
Epoch 143/200 | lr 0.020294
2026-03-16 04:29:48 - __main__ - INFO - Train: loss 0.0022 acc1 99.99% precision 99.99% recall 99.99% f1 99.99%
2026-03-16 04:29:48 - __main__ - INFO - Val:   loss 0.7997 acc1 80.09% precision 79.94% recall 80.26% f1 79.91%
2026-03-16 04:29:48 - __main__ - INFO - 
Epoch 144/200 | lr 0.019650
2026-03-16 04:30:49 - __main__ - INFO - Train: loss 0.0023 acc1 99.99% precision 99.99% recall 99.99% f1 99.99%
2026-03-16 04:30:49 - __main__ - INFO - Val:   loss 0.7961 acc1 80.37% precision 80.28% recall 80.60% f1 80.23%
2026-03-16 04:30:49 - __main__ - INFO - 
Epoch 145/200 | lr 0.019014
2026-03-16 04:31:50 - __main__ - INFO - Train: loss 0.0022 acc1 100.00% precision 100.00% recall 99.99% f1 100.00%
2026-03-16 04:31:50 - __main__ - INFO - Val:   loss 0.7983 acc1 80.31% precision 80.22% recall 80.54% f1 80.17%
2026-03-16 04:31:50 - __main__ - INFO - 
Epoch 146/200 | lr 0.018386
2026-03-16 04:32:50 - __main__ - INFO - Train: loss 0.0022 acc1 99.99% precision 99.99% recall 99.99% f1 99.99%
2026-03-16 04:32:50 - __main__ - INFO - Val:   loss 0.8013 acc1 80.22% precision 80.09% recall 80.41% f1 80.03%
2026-03-16 04:32:50 - __main__ - INFO - 
Epoch 147/200 | lr 0.017766
2026-03-16 04:33:51 - __main__ - INFO - Train: loss 0.0021 acc1 99.99% precision 99.99% recall 99.99% f1 99.99%
2026-03-16 04:33:51 - __main__ - INFO - Val:   loss 0.8002 acc1 80.15% precision 79.99% recall 80.32% f1 79.97%
2026-03-16 04:33:51 - __main__ - INFO - 
Epoch 148/200 | lr 0.017155
2026-03-16 04:34:52 - __main__ - INFO - Train: loss 0.0021 acc1 99.99% precision 99.99% recall 99.99% f1 99.99%
2026-03-16 04:34:52 - __main__ - INFO - Val:   loss 0.7991 acc1 80.53% precision 80.46% recall 80.70% f1 80.38%
2026-03-16 04:34:52 - __main__ - INFO - saved best: 80.53%
2026-03-16 04:34:52 - __main__ - INFO - 
Epoch 149/200 | lr 0.016552
2026-03-16 04:35:53 - __main__ - INFO - Train: loss 0.0021 acc1 99.99% precision 99.99% recall 99.99% f1 99.99%
2026-03-16 04:35:53 - __main__ - INFO - Val:   loss 0.8003 acc1 80.44% precision 80.31% recall 80.61% f1 80.24%
2026-03-16 04:35:53 - __main__ - INFO - 
Epoch 150/200 | lr 0.015958
2026-03-16 04:36:54 - __main__ - INFO - Train: loss 0.0023 acc1 99.99% precision 99.99% recall 99.99% f1 99.99%
2026-03-16 04:36:54 - __main__ - INFO - Val:   loss 0.8066 acc1 79.99% precision 79.83% recall 80.16% f1 79.79%
2026-03-16 04:36:54 - __main__ - INFO - 
Epoch 151/200 | lr 0.015372
2026-03-16 04:37:55 - __main__ - INFO - Train: loss 0.0023 acc1 99.99% precision 99.99% recall 99.99% f1 99.99%
2026-03-16 04:37:55 - __main__ - INFO - Val:   loss 0.7951 acc1 80.38% precision 80.23% recall 80.55% f1 80.18%
2026-03-16 04:37:55 - __main__ - INFO - 
Epoch 152/200 | lr 0.014796
2026-03-16 04:38:55 - __main__ - INFO - Train: loss 0.0021 acc1 99.99% precision 99.99% recall 99.99% f1 99.99%
2026-03-16 04:38:55 - __main__ - INFO - Val:   loss 0.7968 acc1 80.18% precision 79.98% recall 80.35% f1 79.96%
2026-03-16 04:38:55 - __main__ - INFO - 
Epoch 153/200 | lr 0.014229
2026-03-16 04:39:56 - __main__ - INFO - Train: loss 0.0020 acc1 99.99% precision 99.99% recall 99.99% f1 99.99%
2026-03-16 04:39:56 - __main__ - INFO - Val:   loss 0.7919 acc1 80.61% precision 80.32% recall 80.76% f1 80.38%
2026-03-16 04:39:56 - __main__ - INFO - saved best: 80.61%
2026-03-16 04:39:56 - __main__ - INFO - 
Epoch 154/200 | lr 0.013671
2026-03-16 04:40:57 - __main__ - INFO - Train: loss 0.0021 acc1 99.99% precision 99.99% recall 99.99% f1 99.99%
2026-03-16 04:40:57 - __main__ - INFO - Val:   loss 0.7984 acc1 80.20% precision 79.95% recall 80.34% f1 79.94%
2026-03-16 04:40:57 - __main__ - INFO - 
Epoch 155/200 | lr 0.013122
2026-03-16 04:41:58 - __main__ - INFO - Train: loss 0.0020 acc1 100.00% precision 99.99% recall 99.99% f1 99.99%
2026-03-16 04:41:58 - __main__ - INFO - Val:   loss 0.7934 acc1 80.54% precision 80.35% recall 80.68% f1 80.31%
2026-03-16 04:41:58 - __main__ - INFO - 
Epoch 156/200 | lr 0.012583
2026-03-16 04:42:59 - __main__ - INFO - Train: loss 0.0021 acc1 99.99% precision 99.99% recall 99.99% f1 99.99%
2026-03-16 04:42:59 - __main__ - INFO - Val:   loss 0.7946 acc1 80.64% precision 80.47% recall 80.78% f1 80.43%
2026-03-16 04:42:59 - __main__ - INFO - saved best: 80.64%
2026-03-16 04:42:59 - __main__ - INFO - 
Epoch 157/200 | lr 0.012054
2026-03-16 04:44:00 - __main__ - INFO - Train: loss 0.0021 acc1 99.99% precision 99.99% recall 99.99% f1 99.99%
2026-03-16 04:44:00 - __main__ - INFO - Val:   loss 0.7929 acc1 80.53% precision 80.43% recall 80.75% f1 80.33%
2026-03-16 04:44:00 - __main__ - INFO - 
Epoch 158/200 | lr 0.011535
2026-03-16 04:45:00 - __main__ - INFO - Train: loss 0.0021 acc1 99.99% precision 99.99% recall 99.99% f1 99.99%
2026-03-16 04:45:00 - __main__ - INFO - Val:   loss 0.7970 acc1 80.53% precision 80.46% recall 80.71% f1 80.35%
2026-03-16 04:45:00 - __main__ - INFO - 
Epoch 159/200 | lr 0.011025
2026-03-16 04:46:01 - __main__ - INFO - Train: loss 0.0020 acc1 99.99% precision 99.99% recall 99.99% f1 99.99%
2026-03-16 04:46:01 - __main__ - INFO - Val:   loss 0.7945 acc1 80.42% precision 80.31% recall 80.58% f1 80.23%
2026-03-16 04:46:01 - __main__ - INFO - 
Epoch 160/200 | lr 0.010526
2026-03-16 04:47:02 - __main__ - INFO - Train: loss 0.0020 acc1 100.00% precision 100.00% recall 100.00% f1 100.00%
2026-03-16 04:47:02 - __main__ - INFO - Val:   loss 0.7933 acc1 80.70% precision 80.54% recall 80.87% f1 80.50%
2026-03-16 04:47:02 - __main__ - INFO - saved best: 80.70%
2026-03-16 04:47:02 - __main__ - INFO - 
Epoch 161/200 | lr 0.010037
2026-03-16 04:48:03 - __main__ - INFO - Train: loss 0.0021 acc1 99.99% precision 99.99% recall 99.99% f1 99.99%
2026-03-16 04:48:03 - __main__ - INFO - Val:   loss 0.7984 acc1 80.55% precision 80.39% recall 80.74% f1 80.33%
2026-03-16 04:48:03 - __main__ - INFO - 
Epoch 162/200 | lr 0.009558
2026-03-16 04:49:04 - __main__ - INFO - Train: loss 0.0021 acc1 99.99% precision 99.99% recall 99.99% f1 99.99%
2026-03-16 04:49:04 - __main__ - INFO - Val:   loss 0.7924 acc1 80.96% precision 80.77% recall 81.12% f1 80.75%
2026-03-16 04:49:04 - __main__ - INFO - saved best: 80.96%
2026-03-16 04:49:04 - __main__ - INFO - 
Epoch 163/200 | lr 0.009090
2026-03-16 04:50:04 - __main__ - INFO - Train: loss 0.0021 acc1 99.99% precision 99.99% recall 99.99% f1 99.99%
2026-03-16 04:50:04 - __main__ - INFO - Val:   loss 0.7930 acc1 80.47% precision 80.35% recall 80.66% f1 80.28%
2026-03-16 04:50:04 - __main__ - INFO - 
Epoch 164/200 | lr 0.008632
2026-03-16 04:51:05 - __main__ - INFO - Train: loss 0.0021 acc1 99.99% precision 99.99% recall 99.99% f1 99.99%
2026-03-16 04:51:05 - __main__ - INFO - Val:   loss 0.7981 acc1 80.45% precision 80.34% recall 80.62% f1 80.27%
2026-03-16 04:51:05 - __main__ - INFO - 
Epoch 165/200 | lr 0.008186
2026-03-16 04:52:06 - __main__ - INFO - Train: loss 0.0020 acc1 99.99% precision 99.99% recall 99.99% f1 99.99%
2026-03-16 04:52:06 - __main__ - INFO - Val:   loss 0.8006 acc1 80.48% precision 80.36% recall 80.68% f1 80.31%
2026-03-16 04:52:06 - __main__ - INFO - 
Epoch 166/200 | lr 0.007750
2026-03-16 04:53:07 - __main__ - INFO - Train: loss 0.0019 acc1 99.99% precision 99.99% recall 99.99% f1 99.99%
2026-03-16 04:53:07 - __main__ - INFO - Val:   loss 0.8005 acc1 80.52% precision 80.38% recall 80.67% f1 80.30%
2026-03-16 04:53:07 - __main__ - INFO - 
Epoch 167/200 | lr 0.007325
2026-03-16 04:54:08 - __main__ - INFO - Train: loss 0.0021 acc1 99.99% precision 99.99% recall 99.99% f1 99.99%
2026-03-16 04:54:08 - __main__ - INFO - Val:   loss 0.7950 acc1 80.47% precision 80.33% recall 80.65% f1 80.29%
2026-03-16 04:54:08 - __main__ - INFO - 
Epoch 168/200 | lr 0.006911
2026-03-16 04:55:08 - __main__ - INFO - Train: loss 0.0020 acc1 99.99% precision 99.99% recall 99.99% f1 99.99%
2026-03-16 04:55:08 - __main__ - INFO - Val:   loss 0.8010 acc1 80.23% precision 80.04% recall 80.43% f1 79.99%
2026-03-16 04:55:08 - __main__ - INFO - 
Epoch 169/200 | lr 0.006508
2026-03-16 04:56:09 - __main__ - INFO - Train: loss 0.0020 acc1 99.99% precision 99.99% recall 99.99% f1 99.99%
2026-03-16 04:56:09 - __main__ - INFO - Val:   loss 0.7975 acc1 80.36% precision 80.20% recall 80.53% f1 80.15%
2026-03-16 04:56:09 - __main__ - INFO - 
Epoch 170/200 | lr 0.006117
2026-03-16 04:57:10 - __main__ - INFO - Train: loss 0.0020 acc1 99.99% precision 99.99% recall 99.99% f1 99.99%
2026-03-16 04:57:10 - __main__ - INFO - Val:   loss 0.7937 acc1 80.64% precision 80.45% recall 80.80% f1 80.42%
2026-03-16 04:57:10 - __main__ - INFO - 
Epoch 171/200 | lr 0.005737
2026-03-16 04:58:11 - __main__ - INFO - Train: loss 0.0019 acc1 100.00% precision 100.00% recall 100.00% f1 100.00%
2026-03-16 04:58:11 - __main__ - INFO - Val:   loss 0.7953 acc1 80.45% precision 80.36% recall 80.65% f1 80.27%
2026-03-16 04:58:11 - __main__ - INFO - 
Epoch 172/200 | lr 0.005368
2026-03-16 04:59:12 - __main__ - INFO - Train: loss 0.0019 acc1 100.00% precision 100.00% recall 100.00% f1 100.00%
2026-03-16 04:59:12 - __main__ - INFO - Val:   loss 0.7995 acc1 80.64% precision 80.55% recall 80.88% f1 80.51%
2026-03-16 04:59:12 - __main__ - INFO - 
Epoch 173/200 | lr 0.005011
2026-03-16 05:00:13 - __main__ - INFO - Train: loss 0.0020 acc1 99.99% precision 99.99% recall 99.99% f1 99.99%
2026-03-16 05:00:13 - __main__ - INFO - Val:   loss 0.7962 acc1 80.68% precision 80.52% recall 80.85% f1 80.49%
2026-03-16 05:00:13 - __main__ - INFO - 
Epoch 174/200 | lr 0.004666
2026-03-16 05:01:13 - __main__ - INFO - Train: loss 0.0019 acc1 99.99% precision 99.99% recall 99.99% f1 99.99%
2026-03-16 05:01:13 - __main__ - INFO - Val:   loss 0.7946 acc1 80.61% precision 80.40% recall 80.76% f1 80.38%
2026-03-16 05:01:13 - __main__ - INFO - 
Epoch 175/200 | lr 0.004332
2026-03-16 05:02:14 - __main__ - INFO - Train: loss 0.0019 acc1 100.00% precision 100.00% recall 100.00% f1 100.00%
2026-03-16 05:02:14 - __main__ - INFO - Val:   loss 0.7979 acc1 80.61% precision 80.47% recall 80.75% f1 80.40%
2026-03-16 05:02:14 - __main__ - INFO - 
Epoch 176/200 | lr 0.004011
2026-03-16 05:03:15 - __main__ - INFO - Train: loss 0.0019 acc1 100.00% precision 100.00% recall 100.00% f1 100.00%
2026-03-16 05:03:15 - __main__ - INFO - Val:   loss 0.7971 acc1 80.77% precision 80.62% recall 80.93% f1 80.56%
2026-03-16 05:03:15 - __main__ - INFO - 
Epoch 177/200 | lr 0.003701
2026-03-16 05:04:16 - __main__ - INFO - Train: loss 0.0019 acc1 99.99% precision 99.99% recall 99.99% f1 99.99%
2026-03-16 05:04:16 - __main__ - INFO - Val:   loss 0.7940 acc1 80.57% precision 80.42% recall 80.70% f1 80.36%
2026-03-16 05:04:16 - __main__ - INFO - 
Epoch 178/200 | lr 0.003403
2026-03-16 05:05:17 - __main__ - INFO - Train: loss 0.0020 acc1 99.99% precision 99.99% recall 99.99% f1 99.99%
2026-03-16 05:05:17 - __main__ - INFO - Val:   loss 0.7988 acc1 80.72% precision 80.48% recall 80.88% f1 80.47%
2026-03-16 05:05:17 - __main__ - INFO - 
Epoch 179/200 | lr 0.003118
2026-03-16 05:06:17 - __main__ - INFO - Train: loss 0.0019 acc1 100.00% precision 100.00% recall 100.00% f1 100.00%
2026-03-16 05:06:17 - __main__ - INFO - Val:   loss 0.7952 acc1 80.75% precision 80.57% recall 80.93% f1 80.54%
2026-03-16 05:06:17 - __main__ - INFO - 
Epoch 180/200 | lr 0.002844
2026-03-16 05:07:18 - __main__ - INFO - Train: loss 0.0019 acc1 100.00% precision 100.00% recall 100.00% f1 100.00%
2026-03-16 05:07:18 - __main__ - INFO - Val:   loss 0.7974 acc1 80.79% precision 80.65% recall 80.95% f1 80.59%
2026-03-16 05:07:18 - __main__ - INFO - 
Epoch 181/200 | lr 0.002583
2026-03-16 05:08:19 - __main__ - INFO - Train: loss 0.0019 acc1 99.99% precision 99.99% recall 99.99% f1 99.99%
2026-03-16 05:08:19 - __main__ - INFO - Val:   loss 0.7939 acc1 80.92% precision 80.77% recall 81.10% f1 80.74%
2026-03-16 05:08:19 - __main__ - INFO - 
Epoch 182/200 | lr 0.002334
2026-03-16 05:09:20 - __main__ - INFO - Train: loss 0.0019 acc1 100.00% precision 100.00% recall 100.00% f1 100.00%
2026-03-16 05:09:20 - __main__ - INFO - Val:   loss 0.8003 acc1 80.78% precision 80.58% recall 80.93% f1 80.54%
2026-03-16 05:09:20 - __main__ - INFO - 
Epoch 183/200 | lr 0.002097
2026-03-16 05:10:21 - __main__ - INFO - Train: loss 0.0019 acc1 99.99% precision 99.99% recall 99.99% f1 99.99%
2026-03-16 05:10:21 - __main__ - INFO - Val:   loss 0.7985 acc1 80.54% precision 80.39% recall 80.75% f1 80.35%
2026-03-16 05:10:21 - __main__ - INFO - 
Epoch 184/200 | lr 0.001873
2026-03-16 05:11:21 - __main__ - INFO - Train: loss 0.0019 acc1 99.99% precision 99.99% recall 99.99% f1 99.99%
2026-03-16 05:11:21 - __main__ - INFO - Val:   loss 0.7919 acc1 80.62% precision 80.46% recall 80.80% f1 80.44%
2026-03-16 05:11:21 - __main__ - INFO - 
Epoch 185/200 | lr 0.001662
2026-03-16 05:12:22 - __main__ - INFO - Train: loss 0.0019 acc1 99.99% precision 99.99% recall 99.99% f1 99.99%
2026-03-16 05:12:22 - __main__ - INFO - Val:   loss 0.7940 acc1 80.57% precision 80.42% recall 80.75% f1 80.38%
2026-03-16 05:12:22 - __main__ - INFO - 
Epoch 186/200 | lr 0.001463
2026-03-16 05:13:23 - __main__ - INFO - Train: loss 0.0019 acc1 99.99% precision 99.99% recall 99.99% f1 99.99%
2026-03-16 05:13:23 - __main__ - INFO - Val:   loss 0.7955 acc1 80.58% precision 80.47% recall 80.79% f1 80.41%
2026-03-16 05:13:23 - __main__ - INFO - 
Epoch 187/200 | lr 0.001276
2026-03-16 05:14:24 - __main__ - INFO - Train: loss 0.0019 acc1 99.99% precision 99.99% recall 99.99% f1 99.99%
2026-03-16 05:14:24 - __main__ - INFO - Val:   loss 0.7937 acc1 80.60% precision 80.45% recall 80.78% f1 80.42%
2026-03-16 05:14:24 - __main__ - INFO - 
Epoch 188/200 | lr 0.001103
2026-03-16 05:15:25 - __main__ - INFO - Train: loss 0.0018 acc1 99.99% precision 99.99% recall 99.99% f1 99.99%
2026-03-16 05:15:25 - __main__ - INFO - Val:   loss 0.7988 acc1 80.64% precision 80.51% recall 80.83% f1 80.44%
2026-03-16 05:15:25 - __main__ - INFO - 
Epoch 189/200 | lr 0.000941
2026-03-16 05:16:26 - __main__ - INFO - Train: loss 0.0019 acc1 99.99% precision 99.99% recall 99.99% f1 99.99%
2026-03-16 05:16:26 - __main__ - INFO - Val:   loss 0.7974 acc1 80.60% precision 80.50% recall 80.80% f1 80.44%
2026-03-16 05:16:26 - __main__ - INFO - 
Epoch 190/200 | lr 0.000793
2026-03-16 05:17:26 - __main__ - INFO - Train: loss 0.0019 acc1 99.99% precision 99.99% recall 99.99% f1 99.99%
2026-03-16 05:17:26 - __main__ - INFO - Val:   loss 0.7954 acc1 80.41% precision 80.27% recall 80.61% f1 80.23%
2026-03-16 05:17:26 - __main__ - INFO - 
Epoch 191/200 | lr 0.000657
2026-03-16 05:18:27 - __main__ - INFO - Train: loss 0.0019 acc1 100.00% precision 100.00% recall 100.00% f1 100.00%
2026-03-16 05:18:27 - __main__ - INFO - Val:   loss 0.7950 acc1 80.63% precision 80.54% recall 80.82% f1 80.47%
2026-03-16 05:18:27 - __main__ - INFO - 
Epoch 192/200 | lr 0.000535
2026-03-16 05:19:28 - __main__ - INFO - Train: loss 0.0019 acc1 99.99% precision 99.99% recall 99.99% f1 99.99%
2026-03-16 05:19:28 - __main__ - INFO - Val:   loss 0.7961 acc1 80.47% precision 80.35% recall 80.68% f1 80.29%
2026-03-16 05:19:28 - __main__ - INFO - 
Epoch 193/200 | lr 0.000425
2026-03-16 05:20:29 - __main__ - INFO - Train: loss 0.0019 acc1 99.99% precision 99.99% recall 99.99% f1 99.99%
2026-03-16 05:20:29 - __main__ - INFO - Val:   loss 0.7952 acc1 80.49% precision 80.33% recall 80.68% f1 80.28%
2026-03-16 05:20:29 - __main__ - INFO - 
Epoch 194/200 | lr 0.000328
2026-03-16 05:21:30 - __main__ - INFO - Train: loss 0.0019 acc1 99.99% precision 99.99% recall 99.99% f1 99.99%
2026-03-16 05:21:30 - __main__ - INFO - Val:   loss 0.7974 acc1 80.71% precision 80.64% recall 80.92% f1 80.58%
2026-03-16 05:21:30 - __main__ - INFO - 
Epoch 195/200 | lr 0.000243
2026-03-16 05:22:30 - __main__ - INFO - Train: loss 0.0019 acc1 99.99% precision 99.99% recall 99.99% f1 99.99%
2026-03-16 05:22:30 - __main__ - INFO - Val:   loss 0.7970 acc1 80.46% precision 80.25% recall 80.63% f1 80.24%
2026-03-16 05:22:30 - __main__ - INFO - 
Epoch 196/200 | lr 0.000172
2026-03-16 05:23:31 - __main__ - INFO - Train: loss 0.0019 acc1 100.00% precision 99.99% recall 100.00% f1 100.00%
2026-03-16 05:23:31 - __main__ - INFO - Val:   loss 0.7974 acc1 80.68% precision 80.51% recall 80.86% f1 80.46%
2026-03-16 05:23:31 - __main__ - INFO - 
Epoch 197/200 | lr 0.000114
2026-03-16 05:24:32 - __main__ - INFO - Train: loss 0.0019 acc1 99.99% precision 99.99% recall 99.99% f1 99.99%
2026-03-16 05:24:32 - __main__ - INFO - Val:   loss 0.7949 acc1 80.51% precision 80.43% recall 80.73% f1 80.35%
2026-03-16 05:24:32 - __main__ - INFO - 
Epoch 198/200 | lr 0.000068
2026-03-16 05:25:33 - __main__ - INFO - Train: loss 0.0019 acc1 99.99% precision 99.99% recall 99.99% f1 99.99%
2026-03-16 05:25:33 - __main__ - INFO - Val:   loss 0.7982 acc1 80.58% precision 80.40% recall 80.75% f1 80.36%
2026-03-16 05:25:33 - __main__ - INFO - 
Epoch 199/200 | lr 0.000036
2026-03-16 05:26:34 - __main__ - INFO - Train: loss 0.0019 acc1 99.99% precision 99.99% recall 99.99% f1 99.99%
2026-03-16 05:26:34 - __main__ - INFO - Val:   loss 0.7970 acc1 80.82% precision 80.71% recall 81.01% f1 80.65%
2026-03-16 05:26:34 - __main__ - INFO - 
Epoch 200/200 | lr 0.000016
2026-03-16 05:27:35 - __main__ - INFO - Train: loss 0.0019 acc1 99.99% precision 99.99% recall 99.99% f1 99.99%
2026-03-16 05:27:35 - __main__ - INFO - Val:   loss 0.7949 acc1 80.75% precision 80.58% recall 80.94% f1 80.54%
2026-03-16 05:27:35 - __main__ - INFO - Loaded best checkpoint weights for final test evaluation.
2026-03-16 05:27:40 - __main__ - INFO - 
Best tracked (val): 80.96%
2026-03-16 05:27:40 - __main__ - INFO - Final test: loss 1.1770 acc1 75.49% precision 75.40% recall 75.20% f1 75.04%
2026-03-16 05:27:40 - __main__ - INFO - Variant [low_saliency] done — test acc 75.49%, test F1 75.04%, test loss 1.1770
2026-03-16 05:27:40 - __main__ - INFO - 
Starting output model sweep: densenet121
2026-03-16 05:27:40 - __main__ - INFO - 
============================================================
2026-03-16 05:27:40 - __main__ - INFO - Training output model: densenet121 [original]
2026-03-16 05:27:40 - __main__ - INFO -   Resolved config → lr=0.1, wd=0.0001, bs=128, epochs=200, scheduler=cosine, warmup=5
2026-03-16 05:27:40 - __main__ - INFO - ============================================================
2026-03-16 05:27:40 - __main__ - INFO -   Validation during training uses variant split with val_split=0.1
2026-03-16 05:27:40 - __main__ - INFO -   Final test remains on original test split for fair comparability
2026-03-16 05:27:40 - __main__ - INFO - device: cuda | cuda: True | gpu: NVIDIA L4
2026-03-16 05:27:41 - __main__ - INFO - Model: densenet121 | Dataset: cifar100 | Classes: 100
2026-03-16 05:27:41 - __main__ - INFO - 
Epoch 1/200 | lr 0.000100
2026-03-16 05:28:03 - __main__ - INFO - Train: loss 4.6334 acc1 1.42% precision 1.45% recall 1.42% f1 1.10%
2026-03-16 05:28:03 - __main__ - INFO - Val:   loss 4.5689 acc1 2.08% precision 2.30% recall 2.13% f1 1.69%
2026-03-16 05:28:03 - __main__ - INFO - saved best: 2.08%
2026-03-16 05:28:03 - __main__ - INFO - 
Epoch 2/200 | lr 0.020080
2026-03-16 05:28:24 - __main__ - INFO - Train: loss 3.8497 acc1 11.10% precision 9.86% recall 11.09% f1 10.01%
2026-03-16 05:28:24 - __main__ - INFO - Val:   loss 3.4626 acc1 18.06% precision 20.28% recall 18.34% f1 15.83%
2026-03-16 05:28:24 - __main__ - INFO - saved best: 18.06%
2026-03-16 05:28:24 - __main__ - INFO - 
Epoch 3/200 | lr 0.040060
2026-03-16 05:28:46 - __main__ - INFO - Train: loss 3.3628 acc1 19.26% precision 17.78% recall 19.26% f1 18.16%
2026-03-16 05:28:46 - __main__ - INFO - Val:   loss 3.2606 acc1 21.49% precision 23.67% recall 21.62% f1 19.82%
2026-03-16 05:28:46 - __main__ - INFO - saved best: 21.49%
2026-03-16 05:28:46 - __main__ - INFO - 
Epoch 4/200 | lr 0.060040
2026-03-16 05:29:08 - __main__ - INFO - Train: loss 3.0119 acc1 25.09% precision 23.78% recall 25.10% f1 24.15%
2026-03-16 05:29:08 - __main__ - INFO - Val:   loss 3.0032 acc1 25.76% precision 31.37% recall 25.74% f1 24.36%
2026-03-16 05:29:08 - __main__ - INFO - saved best: 25.76%
2026-03-16 05:29:08 - __main__ - INFO - 
Epoch 5/200 | lr 0.080020
2026-03-16 05:29:29 - __main__ - INFO - Train: loss 2.7158 acc1 30.57% precision 29.36% recall 30.58% f1 29.71%
2026-03-16 05:29:29 - __main__ - INFO - Val:   loss 2.6698 acc1 32.01% precision 34.58% recall 32.07% f1 30.41%
2026-03-16 05:29:29 - __main__ - INFO - saved best: 32.01%
2026-03-16 05:29:29 - __main__ - INFO - 
Epoch 6/200 | lr 0.100000
2026-03-16 05:29:51 - __main__ - INFO - Train: loss 2.4854 acc1 35.09% precision 34.04% recall 35.11% f1 34.37%
2026-03-16 05:29:51 - __main__ - INFO - Val:   loss 2.6526 acc1 33.20% precision 37.43% recall 33.55% f1 31.93%
2026-03-16 05:29:51 - __main__ - INFO - saved best: 33.20%
2026-03-16 05:29:51 - __main__ - INFO - 
Epoch 7/200 | lr 0.099994
2026-03-16 05:30:13 - __main__ - INFO - Train: loss 2.2353 acc1 40.41% precision 39.48% recall 40.41% f1 39.77%
2026-03-16 05:30:13 - __main__ - INFO - Val:   loss 2.3530 acc1 39.08% precision 42.67% recall 39.42% f1 38.06%
2026-03-16 05:30:13 - __main__ - INFO - saved best: 39.08%
2026-03-16 05:30:13 - __main__ - INFO - 
Epoch 8/200 | lr 0.099974
2026-03-16 05:30:35 - __main__ - INFO - Train: loss 2.0729 acc1 43.82% precision 42.96% recall 43.83% f1 43.23%
2026-03-16 05:30:35 - __main__ - INFO - Val:   loss 2.2900 acc1 40.25% precision 43.30% recall 40.48% f1 39.74%
2026-03-16 05:30:35 - __main__ - INFO - saved best: 40.25%
2026-03-16 05:30:35 - __main__ - INFO - 
Epoch 9/200 | lr 0.099942
2026-03-16 05:30:56 - __main__ - INFO - Train: loss 1.9351 acc1 47.04% precision 46.36% recall 47.06% f1 46.59%
2026-03-16 05:30:56 - __main__ - INFO - Val:   loss 2.2075 acc1 42.70% precision 44.43% recall 43.04% f1 41.72%
2026-03-16 05:30:56 - __main__ - INFO - saved best: 42.70%
2026-03-16 05:30:56 - __main__ - INFO - 
Epoch 10/200 | lr 0.099896
2026-03-16 05:31:17 - __main__ - INFO - Train: loss 1.8097 acc1 49.62% precision 48.99% recall 49.63% f1 49.19%
2026-03-16 05:31:17 - __main__ - INFO - Val:   loss 2.2259 acc1 41.37% precision 44.18% recall 41.64% f1 40.52%
2026-03-16 05:31:17 - __main__ - INFO - 
Epoch 11/200 | lr 0.099838
2026-03-16 05:31:39 - __main__ - INFO - Train: loss 1.7100 acc1 52.13% precision 51.59% recall 52.15% f1 51.78%
2026-03-16 05:31:39 - __main__ - INFO - Val:   loss 2.0348 acc1 45.72% precision 48.80% recall 46.05% f1 45.51%
2026-03-16 05:31:39 - __main__ - INFO - saved best: 45.72%
2026-03-16 05:31:39 - __main__ - INFO - 
Epoch 12/200 | lr 0.099767
2026-03-16 05:32:01 - __main__ - INFO - Train: loss 1.6264 acc1 54.25% precision 53.77% recall 54.29% f1 53.94%
2026-03-16 05:32:01 - __main__ - INFO - Val:   loss 2.0293 acc1 46.77% precision 48.84% recall 46.98% f1 46.03%
2026-03-16 05:32:01 - __main__ - INFO - saved best: 46.77%
2026-03-16 05:32:01 - __main__ - INFO - 
Epoch 13/200 | lr 0.099682
2026-03-16 05:32:23 - __main__ - INFO - Train: loss 1.5439 acc1 55.90% precision 55.48% recall 55.93% f1 55.62%
2026-03-16 05:32:23 - __main__ - INFO - Val:   loss 2.0402 acc1 47.34% precision 49.90% recall 47.55% f1 47.02%
2026-03-16 05:32:23 - __main__ - INFO - saved best: 47.34%
2026-03-16 05:32:23 - __main__ - INFO - 
Epoch 14/200 | lr 0.099585
2026-03-16 05:32:44 - __main__ - INFO - Train: loss 1.4714 acc1 57.80% precision 57.45% recall 57.83% f1 57.58%
2026-03-16 05:32:44 - __main__ - INFO - Val:   loss 2.0099 acc1 47.66% precision 48.96% recall 47.77% f1 46.91%
2026-03-16 05:32:44 - __main__ - INFO - saved best: 47.66%
2026-03-16 05:32:44 - __main__ - INFO - 
Epoch 15/200 | lr 0.099475
2026-03-16 05:33:06 - __main__ - INFO - Train: loss 1.3997 acc1 59.77% precision 59.45% recall 59.79% f1 59.56%
2026-03-16 05:33:06 - __main__ - INFO - Val:   loss 1.9726 acc1 49.22% precision 51.12% recall 49.41% f1 48.96%
2026-03-16 05:33:06 - __main__ - INFO - saved best: 49.22%
2026-03-16 05:33:06 - __main__ - INFO - 
Epoch 16/200 | lr 0.099353
2026-03-16 05:33:28 - __main__ - INFO - Train: loss 1.3412 acc1 60.81% precision 60.50% recall 60.82% f1 60.61%
2026-03-16 05:33:28 - __main__ - INFO - Val:   loss 1.9938 acc1 49.31% precision 51.92% recall 49.37% f1 48.98%
2026-03-16 05:33:28 - __main__ - INFO - saved best: 49.31%
2026-03-16 05:33:28 - __main__ - INFO - 
Epoch 17/200 | lr 0.099217
2026-03-16 05:33:49 - __main__ - INFO - Train: loss 1.2812 acc1 62.46% precision 62.20% recall 62.50% f1 62.29%
2026-03-16 05:33:49 - __main__ - INFO - Val:   loss 1.9942 acc1 49.22% precision 51.10% recall 49.33% f1 48.88%
2026-03-16 05:33:49 - __main__ - INFO - 
Epoch 18/200 | lr 0.099069
2026-03-16 05:34:10 - __main__ - INFO - Train: loss 1.2265 acc1 63.90% precision 63.67% recall 63.93% f1 63.76%
2026-03-16 05:34:10 - __main__ - INFO - Val:   loss 2.0115 acc1 48.78% precision 51.40% recall 48.88% f1 48.50%
2026-03-16 05:34:10 - __main__ - INFO - 
Epoch 19/200 | lr 0.098907
2026-03-16 05:34:32 - __main__ - INFO - Train: loss 1.1711 acc1 65.39% precision 65.18% recall 65.41% f1 65.25%
2026-03-16 05:34:32 - __main__ - INFO - Val:   loss 2.0670 acc1 47.99% precision 51.15% recall 47.94% f1 47.69%
2026-03-16 05:34:32 - __main__ - INFO - 
Epoch 20/200 | lr 0.098734
2026-03-16 05:34:54 - __main__ - INFO - Train: loss 1.1195 acc1 66.47% precision 66.31% recall 66.49% f1 66.36%
2026-03-16 05:34:54 - __main__ - INFO - Val:   loss 2.0219 acc1 50.95% precision 52.60% recall 51.00% f1 50.44%
2026-03-16 05:34:54 - __main__ - INFO - saved best: 50.95%
2026-03-16 05:34:54 - __main__ - INFO - 
Epoch 21/200 | lr 0.098547
2026-03-16 05:35:15 - __main__ - INFO - Train: loss 1.0665 acc1 68.03% precision 67.87% recall 68.06% f1 67.93%
2026-03-16 05:35:15 - __main__ - INFO - Val:   loss 1.9306 acc1 51.53% precision 53.25% recall 51.55% f1 51.08%
2026-03-16 05:35:15 - __main__ - INFO - saved best: 51.53%
2026-03-16 05:35:15 - __main__ - INFO - 
Epoch 22/200 | lr 0.098348
2026-03-16 05:35:37 - __main__ - INFO - Train: loss 1.0262 acc1 68.75% precision 68.60% recall 68.78% f1 68.66%
2026-03-16 05:35:37 - __main__ - INFO - Val:   loss 2.0531 acc1 49.85% precision 52.71% recall 49.97% f1 49.59%
2026-03-16 05:35:37 - __main__ - INFO - 
Epoch 23/200 | lr 0.098137
2026-03-16 05:35:59 - __main__ - INFO - Train: loss 0.9860 acc1 70.00% precision 69.89% recall 70.03% f1 69.93%
2026-03-16 05:35:59 - __main__ - INFO - Val:   loss 2.0148 acc1 50.67% precision 54.36% recall 50.95% f1 50.81%
2026-03-16 05:35:59 - __main__ - INFO - 
Epoch 24/200 | lr 0.097913
2026-03-16 05:36:20 - __main__ - INFO - Train: loss 0.9417 acc1 71.42% precision 71.32% recall 71.44% f1 71.36%
2026-03-16 05:36:20 - __main__ - INFO - Val:   loss 2.0962 acc1 50.23% precision 52.26% recall 50.70% f1 49.65%
2026-03-16 05:36:20 - __main__ - INFO - 
Epoch 25/200 | lr 0.097676
2026-03-16 05:36:42 - __main__ - INFO - Train: loss 0.8970 acc1 72.29% precision 72.26% recall 72.35% f1 72.28%
2026-03-16 05:36:42 - __main__ - INFO - Val:   loss 2.0911 acc1 50.85% precision 53.31% recall 50.94% f1 50.75%
2026-03-16 05:36:42 - __main__ - INFO - 
Epoch 26/200 | lr 0.097427
2026-03-16 05:37:03 - __main__ - INFO - Train: loss 0.8778 acc1 72.89% precision 72.83% recall 72.91% f1 72.85%
2026-03-16 05:37:03 - __main__ - INFO - Val:   loss 2.0185 acc1 51.09% precision 53.74% recall 51.43% f1 51.31%
2026-03-16 05:37:03 - __main__ - INFO - 
Epoch 27/200 | lr 0.097166
2026-03-16 05:37:24 - __main__ - INFO - Train: loss 0.8319 acc1 74.32% precision 74.30% recall 74.35% f1 74.31%
2026-03-16 05:37:24 - __main__ - INFO - Val:   loss 2.0764 acc1 50.47% precision 52.65% recall 50.73% f1 50.35%
2026-03-16 05:37:24 - __main__ - INFO - 
Epoch 28/200 | lr 0.096892
2026-03-16 05:37:46 - __main__ - INFO - Train: loss 0.7949 acc1 75.24% precision 75.19% recall 75.27% f1 75.21%
2026-03-16 05:37:46 - __main__ - INFO - Val:   loss 2.1344 acc1 50.80% precision 53.02% recall 51.08% f1 50.80%
2026-03-16 05:37:46 - __main__ - INFO - 
Epoch 29/200 | lr 0.096607
2026-03-16 05:38:08 - __main__ - INFO - Train: loss 0.7793 acc1 75.60% precision 75.57% recall 75.61% f1 75.58%
2026-03-16 05:38:08 - __main__ - INFO - Val:   loss 2.2107 acc1 49.89% precision 51.62% recall 50.14% f1 49.51%
2026-03-16 05:38:08 - __main__ - INFO - 
Epoch 30/200 | lr 0.096309
2026-03-16 05:38:29 - __main__ - INFO - Train: loss 0.7345 acc1 76.84% precision 76.80% recall 76.87% f1 76.82%
2026-03-16 05:38:29 - __main__ - INFO - Val:   loss 2.0793 acc1 51.55% precision 54.41% recall 51.98% f1 51.89%
2026-03-16 05:38:29 - __main__ - INFO - saved best: 51.55%
2026-03-16 05:38:29 - __main__ - INFO - 
Epoch 31/200 | lr 0.095999
2026-03-16 05:38:51 - __main__ - INFO - Train: loss 0.7020 acc1 78.00% precision 77.98% recall 78.02% f1 77.99%
2026-03-16 05:38:51 - __main__ - INFO - Val:   loss 2.1967 acc1 51.30% precision 54.04% recall 51.39% f1 51.20%
2026-03-16 05:38:51 - __main__ - INFO - 
Epoch 32/200 | lr 0.095678
2026-03-16 05:39:13 - __main__ - INFO - Train: loss 0.6741 acc1 78.59% precision 78.61% recall 78.63% f1 78.61%
2026-03-16 05:39:13 - __main__ - INFO - Val:   loss 2.2503 acc1 50.64% precision 53.49% recall 50.97% f1 50.68%
2026-03-16 05:39:13 - __main__ - INFO - 
Epoch 33/200 | lr 0.095344
2026-03-16 05:39:34 - __main__ - INFO - Train: loss 0.6503 acc1 79.30% precision 79.31% recall 79.32% f1 79.31%
2026-03-16 05:39:34 - __main__ - INFO - Val:   loss 2.2494 acc1 51.14% precision 52.81% recall 51.55% f1 50.94%
2026-03-16 05:39:34 - __main__ - INFO - 
Epoch 34/200 | lr 0.094999
2026-03-16 05:39:56 - __main__ - INFO - Train: loss 0.6319 acc1 79.69% precision 79.71% recall 79.73% f1 79.71%
2026-03-16 05:39:56 - __main__ - INFO - Val:   loss 2.2719 acc1 51.27% precision 53.15% recall 51.47% f1 51.03%
2026-03-16 05:39:56 - __main__ - INFO - 
Epoch 35/200 | lr 0.094642
2026-03-16 05:40:18 - __main__ - INFO - Train: loss 0.6126 acc1 80.49% precision 80.52% recall 80.52% f1 80.51%
2026-03-16 05:40:18 - __main__ - INFO - Val:   loss 2.3625 acc1 51.55% precision 53.55% recall 51.83% f1 51.18%
2026-03-16 05:40:18 - __main__ - INFO - saved best: 51.55%
2026-03-16 05:40:18 - __main__ - INFO - 
Epoch 36/200 | lr 0.094273
2026-03-16 05:40:39 - __main__ - INFO - Train: loss 0.5835 acc1 81.24% precision 81.25% recall 81.27% f1 81.25%
2026-03-16 05:40:39 - __main__ - INFO - Val:   loss 2.2170 acc1 51.96% precision 53.92% recall 52.16% f1 51.97%
2026-03-16 05:40:39 - __main__ - INFO - saved best: 51.96%
2026-03-16 05:40:39 - __main__ - INFO - 
Epoch 37/200 | lr 0.093893
2026-03-16 05:41:01 - __main__ - INFO - Train: loss 0.5613 acc1 81.92% precision 81.93% recall 81.95% f1 81.93%
2026-03-16 05:41:01 - __main__ - INFO - Val:   loss 2.2130 acc1 51.52% precision 53.19% recall 51.79% f1 51.48%
2026-03-16 05:41:01 - __main__ - INFO - 
Epoch 38/200 | lr 0.093502
2026-03-16 05:41:23 - __main__ - INFO - Train: loss 0.5237 acc1 83.23% precision 83.27% recall 83.27% f1 83.26%
2026-03-16 05:41:23 - __main__ - INFO - Val:   loss 2.3191 acc1 52.82% precision 54.61% recall 52.99% f1 52.67%
2026-03-16 05:41:23 - __main__ - INFO - saved best: 52.82%
2026-03-16 05:41:23 - __main__ - INFO - 
Epoch 39/200 | lr 0.093099
2026-03-16 05:41:45 - __main__ - INFO - Train: loss 0.5237 acc1 83.32% precision 83.35% recall 83.36% f1 83.34%
2026-03-16 05:41:45 - __main__ - INFO - Val:   loss 2.3370 acc1 51.65% precision 53.20% recall 51.87% f1 51.28%
2026-03-16 05:41:45 - __main__ - INFO - 
Epoch 40/200 | lr 0.092685
2026-03-16 05:42:07 - __main__ - INFO - Train: loss 0.5331 acc1 82.93% precision 82.94% recall 82.94% f1 82.93%
2026-03-16 05:42:07 - __main__ - INFO - Val:   loss 2.3491 acc1 52.78% precision 54.88% recall 53.10% f1 52.52%
2026-03-16 05:42:07 - __main__ - INFO - 
Epoch 41/200 | lr 0.092260
2026-03-16 05:42:29 - __main__ - INFO - Train: loss 0.4931 acc1 84.17% precision 84.17% recall 84.18% f1 84.17%
2026-03-16 05:42:29 - __main__ - INFO - Val:   loss 2.4515 acc1 50.83% precision 53.06% recall 51.33% f1 50.71%
2026-03-16 05:42:29 - __main__ - INFO - 
Epoch 42/200 | lr 0.091824
2026-03-16 05:42:50 - __main__ - INFO - Train: loss 0.4910 acc1 84.08% precision 84.09% recall 84.10% f1 84.09%
2026-03-16 05:42:50 - __main__ - INFO - Val:   loss 2.3544 acc1 51.82% precision 53.07% recall 51.86% f1 51.51%
2026-03-16 05:42:50 - __main__ - INFO - 
Epoch 43/200 | lr 0.091378
2026-03-16 05:43:12 - __main__ - INFO - Train: loss 0.4728 acc1 84.79% precision 84.81% recall 84.81% f1 84.80%
2026-03-16 05:43:12 - __main__ - INFO - Val:   loss 2.3987 acc1 51.02% precision 53.65% recall 51.05% f1 50.92%
2026-03-16 05:43:12 - __main__ - INFO - 
Epoch 44/200 | lr 0.090920
2026-03-16 05:43:33 - __main__ - INFO - Train: loss 0.4488 acc1 85.43% precision 85.44% recall 85.44% f1 85.44%
2026-03-16 05:43:33 - __main__ - INFO - Val:   loss 2.4770 acc1 51.20% precision 53.22% recall 51.55% f1 51.15%
2026-03-16 05:43:33 - __main__ - INFO - 
Epoch 45/200 | lr 0.090452
2026-03-16 05:43:55 - __main__ - INFO - Train: loss 0.4327 acc1 85.95% precision 85.97% recall 85.98% f1 85.97%
2026-03-16 05:43:55 - __main__ - INFO - Val:   loss 2.4165 acc1 50.87% precision 52.43% recall 50.93% f1 50.59%
2026-03-16 05:43:55 - __main__ - INFO - 
Epoch 46/200 | lr 0.089973
2026-03-16 05:44:16 - __main__ - INFO - Train: loss 0.4318 acc1 86.17% precision 86.19% recall 86.18% f1 86.18%
2026-03-16 05:44:16 - __main__ - INFO - Val:   loss 2.5104 acc1 50.61% precision 53.60% recall 50.93% f1 50.92%
2026-03-16 05:44:16 - __main__ - INFO - 
Epoch 47/200 | lr 0.089484
2026-03-16 05:44:38 - __main__ - INFO - Train: loss 0.4184 acc1 86.32% precision 86.37% recall 86.36% f1 86.36%
2026-03-16 05:44:38 - __main__ - INFO - Val:   loss 2.3775 acc1 53.18% precision 54.70% recall 53.41% f1 53.06%
2026-03-16 05:44:38 - __main__ - INFO - saved best: 53.18%
2026-03-16 05:44:38 - __main__ - INFO - 
Epoch 48/200 | lr 0.088985
2026-03-16 05:45:00 - __main__ - INFO - Train: loss 0.4192 acc1 86.47% precision 86.48% recall 86.48% f1 86.47%
2026-03-16 05:45:00 - __main__ - INFO - Val:   loss 2.4682 acc1 51.48% precision 53.65% recall 51.71% f1 51.43%
2026-03-16 05:45:00 - __main__ - INFO - 
Epoch 49/200 | lr 0.088475
2026-03-16 05:45:21 - __main__ - INFO - Train: loss 0.3781 acc1 87.86% precision 87.89% recall 87.89% f1 87.88%
2026-03-16 05:45:21 - __main__ - INFO - Val:   loss 2.4373 acc1 53.90% precision 55.47% recall 53.99% f1 53.63%
2026-03-16 05:45:21 - __main__ - INFO - saved best: 53.90%
2026-03-16 05:45:21 - __main__ - INFO - 
Epoch 50/200 | lr 0.087956
2026-03-16 05:45:43 - __main__ - INFO - Train: loss 0.3770 acc1 87.80% precision 87.80% recall 87.80% f1 87.80%
2026-03-16 05:45:43 - __main__ - INFO - Val:   loss 2.4156 acc1 51.91% precision 53.76% recall 52.19% f1 51.83%
2026-03-16 05:45:43 - __main__ - INFO - 
Epoch 51/200 | lr 0.087427
2026-03-16 05:46:04 - __main__ - INFO - Train: loss 0.3738 acc1 87.73% precision 87.75% recall 87.74% f1 87.74%
2026-03-16 05:46:04 - __main__ - INFO - Val:   loss 2.5106 acc1 52.52% precision 54.49% recall 52.64% f1 52.37%
2026-03-16 05:46:04 - __main__ - INFO - 
Epoch 52/200 | lr 0.086888
2026-03-16 05:46:26 - __main__ - INFO - Train: loss 0.3477 acc1 88.76% precision 88.77% recall 88.77% f1 88.76%
2026-03-16 05:46:26 - __main__ - INFO - Val:   loss 2.4174 acc1 51.69% precision 52.89% recall 52.02% f1 51.43%
2026-03-16 05:46:26 - __main__ - INFO - 
Epoch 53/200 | lr 0.086339
2026-03-16 05:46:48 - __main__ - INFO - Train: loss 0.3554 acc1 88.45% precision 88.46% recall 88.46% f1 88.45%
2026-03-16 05:46:48 - __main__ - INFO - Val:   loss 2.5123 acc1 51.23% precision 52.74% recall 51.47% f1 50.87%
2026-03-16 05:46:48 - __main__ - INFO - 
Epoch 54/200 | lr 0.085781
2026-03-16 05:47:10 - __main__ - INFO - Train: loss 0.3387 acc1 89.15% precision 89.18% recall 89.17% f1 89.17%
2026-03-16 05:47:10 - __main__ - INFO - Val:   loss 2.4564 acc1 52.62% precision 53.94% recall 52.66% f1 52.26%
2026-03-16 05:47:10 - __main__ - INFO - 
Epoch 55/200 | lr 0.085214
2026-03-16 05:47:32 - __main__ - INFO - Train: loss 0.3458 acc1 88.83% precision 88.85% recall 88.85% f1 88.84%
2026-03-16 05:47:32 - __main__ - INFO - Val:   loss 2.3685 acc1 53.83% precision 54.80% recall 54.01% f1 53.53%
2026-03-16 05:47:32 - __main__ - INFO - 
Epoch 56/200 | lr 0.084638
2026-03-16 05:47:53 - __main__ - INFO - Train: loss 0.3183 acc1 89.95% precision 89.96% recall 89.96% f1 89.95%
2026-03-16 05:47:53 - __main__ - INFO - Val:   loss 2.5667 acc1 52.19% precision 54.31% recall 52.57% f1 52.37%
2026-03-16 05:47:53 - __main__ - INFO - 
Epoch 57/200 | lr 0.084052
2026-03-16 05:48:15 - __main__ - INFO - Train: loss 0.3181 acc1 89.68% precision 89.70% recall 89.69% f1 89.69%
2026-03-16 05:48:15 - __main__ - INFO - Val:   loss 2.3994 acc1 52.62% precision 54.04% recall 52.92% f1 52.58%
2026-03-16 05:48:15 - __main__ - INFO - 
Epoch 58/200 | lr 0.083458
2026-03-16 05:48:37 - __main__ - INFO - Train: loss 0.3128 acc1 89.96% precision 89.96% recall 89.96% f1 89.96%
2026-03-16 05:48:37 - __main__ - INFO - Val:   loss 2.4693 acc1 52.39% precision 54.18% recall 52.58% f1 52.28%
2026-03-16 05:48:37 - __main__ - INFO - 
Epoch 59/200 | lr 0.082855
2026-03-16 05:48:58 - __main__ - INFO - Train: loss 0.3111 acc1 89.93% precision 89.95% recall 89.94% f1 89.94%
2026-03-16 05:48:58 - __main__ - INFO - Val:   loss 2.4625 acc1 52.85% precision 54.50% recall 53.04% f1 52.88%
2026-03-16 05:48:58 - __main__ - INFO - 
Epoch 60/200 | lr 0.082244
2026-03-16 05:49:20 - __main__ - INFO - Train: loss 0.3062 acc1 90.15% precision 90.19% recall 90.18% f1 90.18%
2026-03-16 05:49:20 - __main__ - INFO - Val:   loss 2.4760 acc1 52.97% precision 54.69% recall 53.35% f1 52.93%
2026-03-16 05:49:20 - __main__ - INFO - 
Epoch 61/200 | lr 0.081624
2026-03-16 05:49:42 - __main__ - INFO - Train: loss 0.2793 acc1 90.89% precision 90.91% recall 90.91% f1 90.90%
2026-03-16 05:49:42 - __main__ - INFO - Val:   loss 2.4662 acc1 52.93% precision 54.64% recall 53.41% f1 53.10%
2026-03-16 05:49:42 - __main__ - INFO - 
Epoch 62/200 | lr 0.080996
2026-03-16 05:50:03 - __main__ - INFO - Train: loss 0.2953 acc1 90.36% precision 90.37% recall 90.37% f1 90.36%
2026-03-16 05:50:03 - __main__ - INFO - Val:   loss 2.5254 acc1 53.18% precision 54.70% recall 53.43% f1 52.83%
2026-03-16 05:50:03 - __main__ - INFO - 
Epoch 63/200 | lr 0.080360
2026-03-16 05:50:25 - __main__ - INFO - Train: loss 0.2771 acc1 90.91% precision 90.95% recall 90.94% f1 90.94%
2026-03-16 05:50:25 - __main__ - INFO - Val:   loss 2.5546 acc1 52.24% precision 53.66% recall 52.50% f1 51.98%
2026-03-16 05:50:25 - __main__ - INFO - 
Epoch 64/200 | lr 0.079716
2026-03-16 05:50:47 - __main__ - INFO - Train: loss 0.2810 acc1 91.01% precision 91.05% recall 91.04% f1 91.04%
2026-03-16 05:50:47 - __main__ - INFO - Val:   loss 2.5067 acc1 53.39% precision 55.19% recall 53.56% f1 53.40%
2026-03-16 05:50:47 - __main__ - INFO - 
Epoch 65/200 | lr 0.079065
2026-03-16 05:51:08 - __main__ - INFO - Train: loss 0.2717 acc1 91.24% precision 91.26% recall 91.25% f1 91.25%
2026-03-16 05:51:08 - __main__ - INFO - Val:   loss 2.4547 acc1 53.00% precision 54.13% recall 53.13% f1 52.85%
2026-03-16 05:51:08 - __main__ - INFO - 
Epoch 66/200 | lr 0.078405
2026-03-16 05:51:30 - __main__ - INFO - Train: loss 0.2649 acc1 91.37% precision 91.39% recall 91.39% f1 91.39%
2026-03-16 05:51:30 - __main__ - INFO - Val:   loss 2.5323 acc1 52.98% precision 54.69% recall 53.36% f1 52.97%
2026-03-16 05:51:30 - __main__ - INFO - 
Epoch 67/200 | lr 0.077739
2026-03-16 05:51:52 - __main__ - INFO - Train: loss 0.2548 acc1 91.74% precision 91.77% recall 91.76% f1 91.76%
2026-03-16 05:51:52 - __main__ - INFO - Val:   loss 2.5188 acc1 52.79% precision 54.96% recall 52.95% f1 52.78%
2026-03-16 05:51:52 - __main__ - INFO - 
Epoch 68/200 | lr 0.077065
2026-03-16 05:52:14 - __main__ - INFO - Train: loss 0.2506 acc1 91.96% precision 91.97% recall 91.97% f1 91.97%
2026-03-16 05:52:14 - __main__ - INFO - Val:   loss 2.5405 acc1 53.49% precision 54.71% recall 53.80% f1 52.91%
2026-03-16 05:52:14 - __main__ - INFO - 
Epoch 69/200 | lr 0.076384
2026-03-16 05:52:36 - __main__ - INFO - Train: loss 0.2462 acc1 92.10% precision 92.12% recall 92.11% f1 92.11%
2026-03-16 05:52:36 - __main__ - INFO - Val:   loss 2.5349 acc1 52.89% precision 53.85% recall 53.11% f1 52.50%
2026-03-16 05:52:36 - __main__ - INFO - 
Epoch 70/200 | lr 0.075697
2026-03-16 05:52:58 - __main__ - INFO - Train: loss 0.2385 acc1 92.42% precision 92.44% recall 92.44% f1 92.43%
2026-03-16 05:52:58 - __main__ - INFO - Val:   loss 2.5782 acc1 52.39% precision 53.60% recall 52.80% f1 52.08%
2026-03-16 05:52:58 - __main__ - INFO - 
Epoch 71/200 | lr 0.075003
2026-03-16 05:53:19 - __main__ - INFO - Train: loss 0.2440 acc1 92.17% precision 92.17% recall 92.17% f1 92.17%
2026-03-16 05:53:19 - __main__ - INFO - Val:   loss 2.5276 acc1 52.71% precision 54.19% recall 52.93% f1 52.61%
2026-03-16 05:53:19 - __main__ - INFO - 
Epoch 72/200 | lr 0.074302
2026-03-16 05:53:41 - __main__ - INFO - Train: loss 0.2111 acc1 93.36% precision 93.40% recall 93.39% f1 93.39%
2026-03-16 05:53:41 - __main__ - INFO - Val:   loss 2.4840 acc1 54.57% precision 55.75% recall 54.83% f1 54.35%
2026-03-16 05:53:41 - __main__ - INFO - saved best: 54.57%
2026-03-16 05:53:41 - __main__ - INFO - 
Epoch 73/200 | lr 0.073595
2026-03-16 05:54:03 - __main__ - INFO - Train: loss 0.2116 acc1 93.34% precision 93.35% recall 93.34% f1 93.34%
2026-03-16 05:54:03 - __main__ - INFO - Val:   loss 2.4818 acc1 53.54% precision 55.16% recall 53.79% f1 53.56%
2026-03-16 05:54:03 - __main__ - INFO - 
Epoch 74/200 | lr 0.072881
2026-03-16 05:54:24 - __main__ - INFO - Train: loss 0.2135 acc1 93.24% precision 93.25% recall 93.25% f1 93.25%
2026-03-16 05:54:24 - __main__ - INFO - Val:   loss 2.5433 acc1 53.45% precision 55.49% recall 53.71% f1 53.39%
2026-03-16 05:54:24 - __main__ - INFO - 
Epoch 75/200 | lr 0.072162
2026-03-16 05:54:45 - __main__ - INFO - Train: loss 0.2116 acc1 93.28% precision 93.30% recall 93.30% f1 93.30%
2026-03-16 05:54:45 - __main__ - INFO - Val:   loss 2.5536 acc1 53.10% precision 54.66% recall 53.32% f1 53.11%
2026-03-16 05:54:45 - __main__ - INFO - 
Epoch 76/200 | lr 0.071437
2026-03-16 05:55:07 - __main__ - INFO - Train: loss 0.2000 acc1 93.51% precision 93.54% recall 93.53% f1 93.53%
2026-03-16 05:55:07 - __main__ - INFO - Val:   loss 2.5135 acc1 53.03% precision 54.11% recall 53.26% f1 52.87%
2026-03-16 05:55:07 - __main__ - INFO - 
Epoch 77/200 | lr 0.070707
2026-03-16 05:55:28 - __main__ - INFO - Train: loss 0.2057 acc1 93.47% precision 93.48% recall 93.48% f1 93.48%
2026-03-16 05:55:28 - __main__ - INFO - Val:   loss 2.6108 acc1 52.06% precision 53.41% recall 52.37% f1 51.76%
2026-03-16 05:55:28 - __main__ - INFO - 
Epoch 78/200 | lr 0.069971
2026-03-16 05:55:50 - __main__ - INFO - Train: loss 0.1915 acc1 94.03% precision 94.03% recall 94.03% f1 94.03%
2026-03-16 05:55:50 - __main__ - INFO - Val:   loss 2.5505 acc1 53.03% precision 54.42% recall 53.09% f1 52.75%
2026-03-16 05:55:50 - __main__ - INFO - 
Epoch 79/200 | lr 0.069230
2026-03-16 05:56:12 - __main__ - INFO - Train: loss 0.1868 acc1 94.02% precision 94.05% recall 94.04% f1 94.04%
2026-03-16 05:56:12 - __main__ - INFO - Val:   loss 2.6173 acc1 52.49% precision 55.10% recall 52.56% f1 52.56%
2026-03-16 05:56:12 - __main__ - INFO - 
Epoch 80/200 | lr 0.068484
2026-03-16 05:56:34 - __main__ - INFO - Train: loss 0.1824 acc1 94.17% precision 94.20% recall 94.18% f1 94.19%
2026-03-16 05:56:34 - __main__ - INFO - Val:   loss 2.5433 acc1 53.90% precision 54.69% recall 53.94% f1 53.54%
2026-03-16 05:56:34 - __main__ - INFO - 
Epoch 81/200 | lr 0.067733
2026-03-16 05:56:55 - __main__ - INFO - Train: loss 0.1782 acc1 94.29% precision 94.33% recall 94.32% f1 94.32%
2026-03-16 05:56:55 - __main__ - INFO - Val:   loss 2.5509 acc1 53.64% precision 55.32% recall 53.87% f1 53.73%
2026-03-16 05:56:55 - __main__ - INFO - 
Epoch 82/200 | lr 0.066978
2026-03-16 05:57:17 - __main__ - INFO - Train: loss 0.1940 acc1 93.80% precision 93.82% recall 93.81% f1 93.81%
2026-03-16 05:57:17 - __main__ - INFO - Val:   loss 2.5276 acc1 53.53% precision 54.25% recall 53.68% f1 53.07%
2026-03-16 05:57:17 - __main__ - INFO - 
Epoch 83/200 | lr 0.066218
2026-03-16 05:57:39 - __main__ - INFO - Train: loss 0.1731 acc1 94.63% precision 94.65% recall 94.64% f1 94.64%
2026-03-16 05:57:39 - __main__ - INFO - Val:   loss 2.5433 acc1 53.92% precision 55.06% recall 54.03% f1 53.69%
2026-03-16 05:57:39 - __main__ - INFO - 
Epoch 84/200 | lr 0.065454
2026-03-16 05:58:01 - __main__ - INFO - Train: loss 0.1826 acc1 94.27% precision 94.28% recall 94.28% f1 94.27%
2026-03-16 05:58:01 - __main__ - INFO - Val:   loss 2.4668 acc1 54.04% precision 54.61% recall 54.12% f1 53.64%
2026-03-16 05:58:01 - __main__ - INFO - 
Epoch 85/200 | lr 0.064686
2026-03-16 05:58:22 - __main__ - INFO - Train: loss 0.1659 acc1 94.87% precision 94.87% recall 94.87% f1 94.86%
2026-03-16 05:58:22 - __main__ - INFO - Val:   loss 2.5213 acc1 53.74% precision 55.20% recall 53.96% f1 53.79%
2026-03-16 05:58:22 - __main__ - INFO - 
Epoch 86/200 | lr 0.063914
2026-03-16 05:58:44 - __main__ - INFO - Train: loss 0.1531 acc1 95.20% precision 95.20% recall 95.20% f1 95.20%
2026-03-16 05:58:44 - __main__ - INFO - Val:   loss 2.5363 acc1 53.98% precision 55.49% recall 54.32% f1 53.85%
2026-03-16 05:58:44 - __main__ - INFO - 
Epoch 87/200 | lr 0.063139
2026-03-16 05:59:06 - __main__ - INFO - Train: loss 0.1484 acc1 95.44% precision 95.47% recall 95.46% f1 95.46%
2026-03-16 05:59:06 - __main__ - INFO - Val:   loss 2.5534 acc1 53.73% precision 54.74% recall 54.07% f1 53.46%
2026-03-16 05:59:06 - __main__ - INFO - 
Epoch 88/200 | lr 0.062360
2026-03-16 05:59:28 - __main__ - INFO - Train: loss 0.1490 acc1 95.45% precision 95.46% recall 95.46% f1 95.46%
2026-03-16 05:59:28 - __main__ - INFO - Val:   loss 2.4125 acc1 56.15% precision 57.54% recall 56.37% f1 55.94%
2026-03-16 05:59:28 - __main__ - INFO - saved best: 56.15%
2026-03-16 05:59:28 - __main__ - INFO - 
Epoch 89/200 | lr 0.061578
2026-03-16 05:59:49 - __main__ - INFO - Train: loss 0.1396 acc1 95.68% precision 95.68% recall 95.68% f1 95.68%
2026-03-16 05:59:49 - __main__ - INFO - Val:   loss 2.5196 acc1 54.40% precision 55.56% recall 54.56% f1 54.11%
2026-03-16 05:59:49 - __main__ - INFO - 
Epoch 90/200 | lr 0.060793
2026-03-16 06:00:11 - __main__ - INFO - Train: loss 0.1346 acc1 95.98% precision 95.99% recall 95.98% f1 95.98%
2026-03-16 06:00:11 - __main__ - INFO - Val:   loss 2.5073 acc1 54.30% precision 55.17% recall 54.55% f1 53.84%
2026-03-16 06:00:11 - __main__ - INFO - 
Epoch 91/200 | lr 0.060005
2026-03-16 06:00:33 - __main__ - INFO - Train: loss 0.1170 acc1 96.48% precision 96.49% recall 96.49% f1 96.49%
2026-03-16 06:00:33 - __main__ - INFO - Val:   loss 2.5336 acc1 54.16% precision 54.80% recall 54.59% f1 53.94%
2026-03-16 06:00:33 - __main__ - INFO - 
Epoch 92/200 | lr 0.059215
2026-03-16 06:00:54 - __main__ - INFO - Train: loss 0.1288 acc1 95.93% precision 95.94% recall 95.94% f1 95.94%
2026-03-16 06:00:54 - __main__ - INFO - Val:   loss 2.4886 acc1 54.78% precision 55.72% recall 54.98% f1 54.53%
2026-03-16 06:00:54 - __main__ - INFO - 
Epoch 93/200 | lr 0.058422
2026-03-16 06:01:16 - __main__ - INFO - Train: loss 0.1295 acc1 95.92% precision 95.94% recall 95.94% f1 95.94%
2026-03-16 06:01:16 - __main__ - INFO - Val:   loss 2.5234 acc1 53.65% precision 54.93% recall 53.95% f1 53.45%
2026-03-16 06:01:16 - __main__ - INFO - 
Epoch 94/200 | lr 0.057627
2026-03-16 06:01:38 - __main__ - INFO - Train: loss 0.1298 acc1 96.06% precision 96.07% recall 96.06% f1 96.06%
2026-03-16 06:01:38 - __main__ - INFO - Val:   loss 2.4779 acc1 54.93% precision 55.48% recall 55.04% f1 54.58%
2026-03-16 06:01:38 - __main__ - INFO - 
Epoch 95/200 | lr 0.056830
2026-03-16 06:02:00 - __main__ - INFO - Train: loss 0.1275 acc1 96.06% precision 96.08% recall 96.07% f1 96.07%
2026-03-16 06:02:00 - __main__ - INFO - Val:   loss 2.4779 acc1 55.07% precision 55.79% recall 55.13% f1 54.80%
2026-03-16 06:02:00 - __main__ - INFO - 
Epoch 96/200 | lr 0.056031
2026-03-16 06:02:22 - __main__ - INFO - Train: loss 0.1263 acc1 96.15% precision 96.17% recall 96.17% f1 96.17%
2026-03-16 06:02:22 - __main__ - INFO - Val:   loss 2.4411 acc1 55.99% precision 56.74% recall 56.14% f1 55.74%
2026-03-16 06:02:22 - __main__ - INFO - 
Epoch 97/200 | lr 0.055231
2026-03-16 06:02:43 - __main__ - INFO - Train: loss 0.1107 acc1 96.68% precision 96.69% recall 96.68% f1 96.68%
2026-03-16 06:02:43 - __main__ - INFO - Val:   loss 2.4580 acc1 54.44% precision 55.58% recall 54.57% f1 54.29%
2026-03-16 06:02:43 - __main__ - INFO - 
Epoch 98/200 | lr 0.054429
2026-03-16 06:03:05 - __main__ - INFO - Train: loss 0.1023 acc1 96.89% precision 96.91% recall 96.91% f1 96.91%
2026-03-16 06:03:05 - __main__ - INFO - Val:   loss 2.4925 acc1 54.72% precision 55.52% recall 54.71% f1 54.33%
2026-03-16 06:03:05 - __main__ - INFO - 
Epoch 99/200 | lr 0.053626
2026-03-16 06:03:27 - __main__ - INFO - Train: loss 0.0927 acc1 97.35% precision 97.37% recall 97.36% f1 97.36%
2026-03-16 06:03:27 - __main__ - INFO - Val:   loss 2.4434 acc1 55.62% precision 55.87% recall 55.85% f1 55.18%
2026-03-16 06:03:27 - __main__ - INFO - 
Epoch 100/200 | lr 0.052823
2026-03-16 06:03:49 - __main__ - INFO - Train: loss 0.0858 acc1 97.58% precision 97.59% recall 97.58% f1 97.58%
2026-03-16 06:03:49 - __main__ - INFO - Val:   loss 2.4003 acc1 55.50% precision 56.38% recall 55.61% f1 55.23%
2026-03-16 06:03:49 - __main__ - INFO - 
Epoch 101/200 | lr 0.052018
2026-03-16 06:04:10 - __main__ - INFO - Train: loss 0.0782 acc1 97.81% precision 97.83% recall 97.82% f1 97.82%
2026-03-16 06:04:10 - __main__ - INFO - Val:   loss 2.4786 acc1 54.24% precision 55.51% recall 54.35% f1 54.21%
2026-03-16 06:04:10 - __main__ - INFO - 
Epoch 102/200 | lr 0.051213
2026-03-16 06:04:32 - __main__ - INFO - Train: loss 0.0862 acc1 97.48% precision 97.49% recall 97.49% f1 97.48%
2026-03-16 06:04:32 - __main__ - INFO - Val:   loss 2.4648 acc1 54.98% precision 55.68% recall 55.25% f1 54.76%
2026-03-16 06:04:32 - __main__ - INFO - 
Epoch 103/200 | lr 0.050408
2026-03-16 06:04:54 - __main__ - INFO - Train: loss 0.0847 acc1 97.58% precision 97.60% recall 97.59% f1 97.59%
2026-03-16 06:04:54 - __main__ - INFO - Val:   loss 2.3375 acc1 56.77% precision 57.64% recall 57.02% f1 56.72%
2026-03-16 06:04:54 - __main__ - INFO - saved best: 56.77%
2026-03-16 06:04:54 - __main__ - INFO - 
Epoch 104/200 | lr 0.049602
2026-03-16 06:05:15 - __main__ - INFO - Train: loss 0.0819 acc1 97.67% precision 97.68% recall 97.68% f1 97.68%
2026-03-16 06:05:15 - __main__ - INFO - Val:   loss 2.3868 acc1 55.72% precision 56.53% recall 55.85% f1 55.52%
2026-03-16 06:05:15 - __main__ - INFO - 
Epoch 105/200 | lr 0.048797
2026-03-16 06:05:37 - __main__ - INFO - Train: loss 0.0723 acc1 97.99% precision 98.00% recall 97.99% f1 97.99%
2026-03-16 06:05:37 - __main__ - INFO - Val:   loss 2.3958 acc1 55.92% precision 56.72% recall 56.09% f1 55.77%
2026-03-16 06:05:37 - __main__ - INFO - 
Epoch 106/200 | lr 0.047992
2026-03-16 06:05:58 - __main__ - INFO - Train: loss 0.0643 acc1 98.22% precision 98.22% recall 98.22% f1 98.22%
2026-03-16 06:05:58 - __main__ - INFO - Val:   loss 2.4117 acc1 56.18% precision 56.74% recall 56.30% f1 55.97%
2026-03-16 06:05:58 - __main__ - INFO - 
Epoch 107/200 | lr 0.047187
2026-03-16 06:06:20 - __main__ - INFO - Train: loss 0.0555 acc1 98.53% precision 98.53% recall 98.53% f1 98.53%
2026-03-16 06:06:20 - __main__ - INFO - Val:   loss 2.4098 acc1 56.41% precision 56.76% recall 56.76% f1 56.07%
2026-03-16 06:06:20 - __main__ - INFO - 
Epoch 108/200 | lr 0.046384
2026-03-16 06:06:42 - __main__ - INFO - Train: loss 0.0512 acc1 98.65% precision 98.65% recall 98.65% f1 98.65%
2026-03-16 06:06:42 - __main__ - INFO - Val:   loss 2.3889 acc1 55.90% precision 56.30% recall 55.92% f1 55.45%
2026-03-16 06:06:42 - __main__ - INFO - 
Epoch 109/200 | lr 0.045581
2026-03-16 06:07:04 - __main__ - INFO - Train: loss 0.0482 acc1 98.72% precision 98.72% recall 98.72% f1 98.72%
2026-03-16 06:07:04 - __main__ - INFO - Val:   loss 2.3668 acc1 55.96% precision 56.35% recall 56.19% f1 55.80%
2026-03-16 06:07:04 - __main__ - INFO - 
Epoch 110/200 | lr 0.044779
2026-03-16 06:07:25 - __main__ - INFO - Train: loss 0.0379 acc1 99.07% precision 99.08% recall 99.08% f1 99.08%
2026-03-16 06:07:25 - __main__ - INFO - Val:   loss 2.3178 acc1 57.63% precision 57.92% recall 57.86% f1 57.24%
2026-03-16 06:07:26 - __main__ - INFO - saved best: 57.63%
2026-03-16 06:07:26 - __main__ - INFO - 
Epoch 111/200 | lr 0.043979
2026-03-16 06:07:47 - __main__ - INFO - Train: loss 0.0368 acc1 99.10% precision 99.10% recall 99.10% f1 99.10%
2026-03-16 06:07:47 - __main__ - INFO - Val:   loss 2.3197 acc1 57.29% precision 57.55% recall 57.44% f1 56.84%
2026-03-16 06:07:47 - __main__ - INFO - 
Epoch 112/200 | lr 0.043180
2026-03-16 06:08:09 - __main__ - INFO - Train: loss 0.0312 acc1 99.28% precision 99.29% recall 99.28% f1 99.28%
2026-03-16 06:08:09 - __main__ - INFO - Val:   loss 2.3404 acc1 56.87% precision 57.60% recall 57.14% f1 56.81%
2026-03-16 06:08:09 - __main__ - INFO - 
Epoch 113/200 | lr 0.042383
2026-03-16 06:08:31 - __main__ - INFO - Train: loss 0.0302 acc1 99.31% precision 99.31% recall 99.31% f1 99.31%
2026-03-16 06:08:31 - __main__ - INFO - Val:   loss 2.2793 acc1 57.25% precision 57.82% recall 57.51% f1 57.10%
2026-03-16 06:08:31 - __main__ - INFO - 
Epoch 114/200 | lr 0.041588
2026-03-16 06:08:52 - __main__ - INFO - Train: loss 0.0283 acc1 99.41% precision 99.41% recall 99.41% f1 99.41%
2026-03-16 06:08:52 - __main__ - INFO - Val:   loss 2.2626 acc1 57.53% precision 57.98% recall 57.67% f1 57.10%
2026-03-16 06:08:52 - __main__ - INFO - 
Epoch 115/200 | lr 0.040795
2026-03-16 06:09:14 - __main__ - INFO - Train: loss 0.0251 acc1 99.46% precision 99.48% recall 99.48% f1 99.48%
2026-03-16 06:09:14 - __main__ - INFO - Val:   loss 2.2755 acc1 56.89% precision 57.16% recall 57.05% f1 56.51%
2026-03-16 06:09:14 - __main__ - INFO - 
Epoch 116/200 | lr 0.040005
2026-03-16 06:09:36 - __main__ - INFO - Train: loss 0.0311 acc1 99.31% precision 99.31% recall 99.31% f1 99.31%
2026-03-16 06:09:36 - __main__ - INFO - Val:   loss 2.2610 acc1 57.55% precision 57.90% recall 57.79% f1 57.35%
2026-03-16 06:09:36 - __main__ - INFO - 
Epoch 117/200 | lr 0.039217
2026-03-16 06:09:58 - __main__ - INFO - Train: loss 0.0242 acc1 99.50% precision 99.50% recall 99.50% f1 99.50%
2026-03-16 06:09:58 - __main__ - INFO - Val:   loss 2.2504 acc1 57.54% precision 57.63% recall 57.70% f1 57.22%
2026-03-16 06:09:58 - __main__ - INFO - 
Epoch 118/200 | lr 0.038432
2026-03-16 06:10:19 - __main__ - INFO - Train: loss 0.0167 acc1 99.72% precision 99.72% recall 99.72% f1 99.72%
2026-03-16 06:10:19 - __main__ - INFO - Val:   loss 2.2078 acc1 58.27% precision 58.18% recall 58.50% f1 57.91%
2026-03-16 06:10:19 - __main__ - INFO - saved best: 58.27%
2026-03-16 06:10:19 - __main__ - INFO - 
Epoch 119/200 | lr 0.037650
2026-03-16 06:10:41 - __main__ - INFO - Train: loss 0.0136 acc1 99.80% precision 99.80% recall 99.80% f1 99.80%
2026-03-16 06:10:41 - __main__ - INFO - Val:   loss 2.1753 acc1 58.59% precision 58.40% recall 58.80% f1 58.13%
2026-03-16 06:10:41 - __main__ - INFO - saved best: 58.59%
2026-03-16 06:10:41 - __main__ - INFO - 
Epoch 120/200 | lr 0.036871
2026-03-16 06:11:03 - __main__ - INFO - Train: loss 0.0120 acc1 99.79% precision 99.79% recall 99.79% f1 99.79%
2026-03-16 06:11:03 - __main__ - INFO - Val:   loss 2.1825 acc1 57.79% precision 57.72% recall 57.90% f1 57.29%
2026-03-16 06:11:03 - __main__ - INFO - 
Epoch 121/200 | lr 0.036096
2026-03-16 06:11:25 - __main__ - INFO - Train: loss 0.0095 acc1 99.87% precision 99.87% recall 99.87% f1 99.87%
2026-03-16 06:11:25 - __main__ - INFO - Val:   loss 2.1394 acc1 59.17% precision 58.90% recall 59.37% f1 58.72%
2026-03-16 06:11:25 - __main__ - INFO - saved best: 59.17%
2026-03-16 06:11:25 - __main__ - INFO - 
Epoch 122/200 | lr 0.035324
2026-03-16 06:11:47 - __main__ - INFO - Train: loss 0.0092 acc1 99.88% precision 99.88% recall 99.88% f1 99.88%
2026-03-16 06:11:47 - __main__ - INFO - Val:   loss 2.1459 acc1 58.91% precision 58.54% recall 59.14% f1 58.40%
2026-03-16 06:11:47 - __main__ - INFO - 
Epoch 123/200 | lr 0.034556
2026-03-16 06:12:08 - __main__ - INFO - Train: loss 0.0096 acc1 99.86% precision 99.86% recall 99.86% f1 99.86%
2026-03-16 06:12:08 - __main__ - INFO - Val:   loss 2.1312 acc1 58.93% precision 58.82% recall 59.10% f1 58.53%
2026-03-16 06:12:08 - __main__ - INFO - 
Epoch 124/200 | lr 0.033792
2026-03-16 06:12:30 - __main__ - INFO - Train: loss 0.0094 acc1 99.86% precision 99.86% recall 99.86% f1 99.86%
2026-03-16 06:12:30 - __main__ - INFO - Val:   loss 2.1109 acc1 58.88% precision 58.54% recall 59.17% f1 58.34%
2026-03-16 06:12:30 - __main__ - INFO - 
Epoch 125/200 | lr 0.033032
2026-03-16 06:12:52 - __main__ - INFO - Train: loss 0.0073 acc1 99.92% precision 99.92% recall 99.92% f1 99.92%
2026-03-16 06:12:52 - __main__ - INFO - Val:   loss 2.0826 acc1 59.58% precision 59.23% recall 59.75% f1 59.05%
2026-03-16 06:12:52 - __main__ - INFO - saved best: 59.58%
2026-03-16 06:12:52 - __main__ - INFO - 
Epoch 126/200 | lr 0.032277
2026-03-16 06:13:14 - __main__ - INFO - Train: loss 0.0063 acc1 99.94% precision 99.94% recall 99.94% f1 99.94%
2026-03-16 06:13:14 - __main__ - INFO - Val:   loss 2.0665 acc1 59.40% precision 59.11% recall 59.56% f1 58.93%
2026-03-16 06:13:14 - __main__ - INFO - 
Epoch 127/200 | lr 0.031526
2026-03-16 06:13:36 - __main__ - INFO - Train: loss 0.0060 acc1 99.95% precision 99.95% recall 99.95% f1 99.95%
2026-03-16 06:13:36 - __main__ - INFO - Val:   loss 2.0569 acc1 59.88% precision 59.40% recall 60.05% f1 59.35%
2026-03-16 06:13:36 - __main__ - INFO - saved best: 59.88%
2026-03-16 06:13:36 - __main__ - INFO - 
Epoch 128/200 | lr 0.030780
2026-03-16 06:13:58 - __main__ - INFO - Train: loss 0.0050 acc1 99.95% precision 99.95% recall 99.95% f1 99.95%
2026-03-16 06:13:58 - __main__ - INFO - Val:   loss 2.0443 acc1 59.75% precision 59.37% recall 60.02% f1 59.31%
2026-03-16 06:13:58 - __main__ - INFO - 
Epoch 129/200 | lr 0.030039
2026-03-16 06:14:20 - __main__ - INFO - Train: loss 0.0047 acc1 99.95% precision 99.95% recall 99.95% f1 99.95%
2026-03-16 06:14:20 - __main__ - INFO - Val:   loss 2.0341 acc1 59.97% precision 59.60% recall 60.09% f1 59.55%
2026-03-16 06:14:20 - __main__ - INFO - saved best: 59.97%
2026-03-16 06:14:20 - __main__ - INFO - 
Epoch 130/200 | lr 0.029303
2026-03-16 06:14:42 - __main__ - INFO - Train: loss 0.0039 acc1 99.96% precision 99.96% recall 99.96% f1 99.96%
2026-03-16 06:14:42 - __main__ - INFO - Val:   loss 2.0206 acc1 59.82% precision 59.45% recall 60.05% f1 59.39%
2026-03-16 06:14:42 - __main__ - INFO - 
Epoch 131/200 | lr 0.028573
2026-03-16 06:15:03 - __main__ - INFO - Train: loss 0.0039 acc1 99.96% precision 99.96% recall 99.96% f1 99.96%
2026-03-16 06:15:03 - __main__ - INFO - Val:   loss 2.0111 acc1 60.22% precision 59.73% recall 60.43% f1 59.69%
2026-03-16 06:15:03 - __main__ - INFO - saved best: 60.22%
2026-03-16 06:15:03 - __main__ - INFO - 
Epoch 132/200 | lr 0.027848
2026-03-16 06:15:25 - __main__ - INFO - Train: loss 0.0042 acc1 99.95% precision 99.95% recall 99.95% f1 99.95%
2026-03-16 06:15:25 - __main__ - INFO - Val:   loss 1.9972 acc1 60.33% precision 59.71% recall 60.51% f1 59.76%
2026-03-16 06:15:25 - __main__ - INFO - saved best: 60.33%
2026-03-16 06:15:25 - __main__ - INFO - 
Epoch 133/200 | lr 0.027129
2026-03-16 06:15:47 - __main__ - INFO - Train: loss 0.0038 acc1 99.95% precision 99.96% recall 99.96% f1 99.96%
2026-03-16 06:15:47 - __main__ - INFO - Val:   loss 1.9816 acc1 60.44% precision 60.02% recall 60.66% f1 59.95%
2026-03-16 06:15:47 - __main__ - INFO - saved best: 60.44%
2026-03-16 06:15:47 - __main__ - INFO - 
Epoch 134/200 | lr 0.026415
2026-03-16 06:16:08 - __main__ - INFO - Train: loss 0.0045 acc1 99.96% precision 99.96% recall 99.96% f1 99.96%
2026-03-16 06:16:08 - __main__ - INFO - Val:   loss 1.9845 acc1 59.82% precision 59.50% recall 60.03% f1 59.34%
2026-03-16 06:16:08 - __main__ - INFO - 
Epoch 135/200 | lr 0.025708
2026-03-16 06:16:30 - __main__ - INFO - Train: loss 0.0042 acc1 99.95% precision 99.95% recall 99.95% f1 99.95%
2026-03-16 06:16:30 - __main__ - INFO - Val:   loss 1.9615 acc1 60.39% precision 59.89% recall 60.55% f1 59.82%
2026-03-16 06:16:30 - __main__ - INFO - 
Epoch 136/200 | lr 0.025008
2026-03-16 06:16:52 - __main__ - INFO - Train: loss 0.0038 acc1 99.96% precision 99.96% recall 99.96% f1 99.96%
2026-03-16 06:16:52 - __main__ - INFO - Val:   loss 1.9571 acc1 60.26% precision 59.80% recall 60.44% f1 59.73%
2026-03-16 06:16:52 - __main__ - INFO - 
Epoch 137/200 | lr 0.024313
2026-03-16 06:17:14 - __main__ - INFO - Train: loss 0.0034 acc1 99.97% precision 99.97% recall 99.97% f1 99.97%
2026-03-16 06:17:14 - __main__ - INFO - Val:   loss 1.9504 acc1 60.08% precision 59.70% recall 60.28% f1 59.61%
2026-03-16 06:17:14 - __main__ - INFO - 
Epoch 138/200 | lr 0.023626
2026-03-16 06:17:35 - __main__ - INFO - Train: loss 0.0037 acc1 99.96% precision 99.96% recall 99.96% f1 99.96%
2026-03-16 06:17:35 - __main__ - INFO - Val:   loss 1.9419 acc1 60.33% precision 59.94% recall 60.61% f1 59.91%
2026-03-16 06:17:35 - __main__ - INFO - 
Epoch 139/200 | lr 0.022945
2026-03-16 06:17:57 - __main__ - INFO - Train: loss 0.0033 acc1 99.96% precision 99.96% recall 99.96% f1 99.96%
2026-03-16 06:17:57 - __main__ - INFO - Val:   loss 1.9514 acc1 60.20% precision 59.86% recall 60.46% f1 59.72%
2026-03-16 06:17:57 - __main__ - INFO - 
Epoch 140/200 | lr 0.022271
2026-03-16 06:18:19 - __main__ - INFO - Train: loss 0.0033 acc1 99.98% precision 99.98% recall 99.98% f1 99.98%
2026-03-16 06:18:19 - __main__ - INFO - Val:   loss 1.9291 acc1 59.79% precision 59.32% recall 60.05% f1 59.29%
2026-03-16 06:18:19 - __main__ - INFO - 
Epoch 141/200 | lr 0.021605
2026-03-16 06:18:41 - __main__ - INFO - Train: loss 0.0035 acc1 99.96% precision 99.96% recall 99.96% f1 99.96%
2026-03-16 06:18:41 - __main__ - INFO - Val:   loss 1.9232 acc1 60.28% precision 59.84% recall 60.50% f1 59.75%
2026-03-16 06:18:41 - __main__ - INFO - 
Epoch 142/200 | lr 0.020945
2026-03-16 06:19:02 - __main__ - INFO - Train: loss 0.0034 acc1 99.96% precision 99.96% recall 99.96% f1 99.96%
2026-03-16 06:19:02 - __main__ - INFO - Val:   loss 1.9181 acc1 60.68% precision 60.51% recall 60.86% f1 60.29%
2026-03-16 06:19:02 - __main__ - INFO - saved best: 60.68%
2026-03-16 06:19:02 - __main__ - INFO - 
Epoch 143/200 | lr 0.020294
2026-03-16 06:19:24 - __main__ - INFO - Train: loss 0.0034 acc1 99.96% precision 99.96% recall 99.96% f1 99.96%
2026-03-16 06:19:24 - __main__ - INFO - Val:   loss 1.9130 acc1 60.27% precision 59.79% recall 60.45% f1 59.74%
2026-03-16 06:19:24 - __main__ - INFO - 
Epoch 144/200 | lr 0.019650
2026-03-16 06:19:46 - __main__ - INFO - Train: loss 0.0036 acc1 99.95% precision 99.95% recall 99.95% f1 99.95%
2026-03-16 06:19:46 - __main__ - INFO - Val:   loss 1.9042 acc1 60.60% precision 60.15% recall 60.78% f1 60.14%
2026-03-16 06:19:46 - __main__ - INFO - 
Epoch 145/200 | lr 0.019014
2026-03-16 06:20:08 - __main__ - INFO - Train: loss 0.0033 acc1 99.97% precision 99.97% recall 99.97% f1 99.97%
2026-03-16 06:20:08 - __main__ - INFO - Val:   loss 1.9087 acc1 60.21% precision 59.92% recall 60.42% f1 59.78%
2026-03-16 06:20:08 - __main__ - INFO - 
Epoch 146/200 | lr 0.018386
2026-03-16 06:20:29 - __main__ - INFO - Train: loss 0.0032 acc1 99.96% precision 99.96% recall 99.96% f1 99.96%
2026-03-16 06:20:29 - __main__ - INFO - Val:   loss 1.8943 acc1 60.75% precision 60.27% recall 60.97% f1 60.30%
2026-03-16 06:20:29 - __main__ - INFO - saved best: 60.75%
2026-03-16 06:20:29 - __main__ - INFO - 
Epoch 147/200 | lr 0.017766
2026-03-16 06:20:51 - __main__ - INFO - Train: loss 0.0034 acc1 99.97% precision 99.97% recall 99.97% f1 99.97%
2026-03-16 06:20:51 - __main__ - INFO - Val:   loss 1.8827 acc1 60.77% precision 60.33% recall 60.98% f1 60.30%
2026-03-16 06:20:51 - __main__ - INFO - saved best: 60.77%
2026-03-16 06:20:51 - __main__ - INFO - 
Epoch 148/200 | lr 0.017155
2026-03-16 06:21:13 - __main__ - INFO - Train: loss 0.0034 acc1 99.96% precision 99.97% recall 99.97% f1 99.97%
2026-03-16 06:21:13 - __main__ - INFO - Val:   loss 1.8903 acc1 60.25% precision 59.81% recall 60.47% f1 59.78%
2026-03-16 06:21:13 - __main__ - INFO - 
Epoch 149/200 | lr 0.016552
2026-03-16 06:21:35 - __main__ - INFO - Train: loss 0.0041 acc1 99.95% precision 99.96% recall 99.96% f1 99.96%
2026-03-16 06:21:35 - __main__ - INFO - Val:   loss 1.8777 acc1 60.56% precision 60.12% recall 60.76% f1 60.11%
2026-03-16 06:21:35 - __main__ - INFO - 
Epoch 150/200 | lr 0.015958
2026-03-16 06:21:56 - __main__ - INFO - Train: loss 0.0036 acc1 99.98% precision 99.98% recall 99.98% f1 99.98%
2026-03-16 06:21:56 - __main__ - INFO - Val:   loss 1.8853 acc1 60.74% precision 60.30% recall 60.99% f1 60.26%
2026-03-16 06:21:56 - __main__ - INFO - 
Epoch 151/200 | lr 0.015372
2026-03-16 06:22:18 - __main__ - INFO - Train: loss 0.0034 acc1 99.96% precision 99.96% recall 99.96% f1 99.96%
2026-03-16 06:22:18 - __main__ - INFO - Val:   loss 1.8849 acc1 60.53% precision 60.02% recall 60.74% f1 60.02%
2026-03-16 06:22:18 - __main__ - INFO - 
Epoch 152/200 | lr 0.014796
2026-03-16 06:22:40 - __main__ - INFO - Train: loss 0.0032 acc1 99.98% precision 99.98% recall 99.98% f1 99.98%
2026-03-16 06:22:40 - __main__ - INFO - Val:   loss 1.8880 acc1 60.37% precision 59.95% recall 60.60% f1 59.86%
2026-03-16 06:22:40 - __main__ - INFO - 
Epoch 153/200 | lr 0.014229
2026-03-16 06:23:02 - __main__ - INFO - Train: loss 0.0034 acc1 99.97% precision 99.97% recall 99.97% f1 99.97%
2026-03-16 06:23:02 - __main__ - INFO - Val:   loss 1.8843 acc1 60.26% precision 59.85% recall 60.56% f1 59.84%
2026-03-16 06:23:02 - __main__ - INFO - 
Epoch 154/200 | lr 0.013671
2026-03-16 06:23:23 - __main__ - INFO - Train: loss 0.0034 acc1 99.96% precision 99.96% recall 99.96% f1 99.96%
2026-03-16 06:23:23 - __main__ - INFO - Val:   loss 1.8664 acc1 60.47% precision 60.03% recall 60.67% f1 60.02%
2026-03-16 06:23:23 - __main__ - INFO - 
Epoch 155/200 | lr 0.013122
2026-03-16 06:23:45 - __main__ - INFO - Train: loss 0.0033 acc1 99.96% precision 99.96% recall 99.96% f1 99.96%
2026-03-16 06:23:45 - __main__ - INFO - Val:   loss 1.8755 acc1 60.52% precision 60.31% recall 60.76% f1 60.12%
2026-03-16 06:23:45 - __main__ - INFO - 
Epoch 156/200 | lr 0.012583
2026-03-16 06:24:06 - __main__ - INFO - Train: loss 0.0030 acc1 99.98% precision 99.98% recall 99.98% f1 99.98%
2026-03-16 06:24:06 - __main__ - INFO - Val:   loss 1.8659 acc1 60.50% precision 60.11% recall 60.69% f1 60.05%
2026-03-16 06:24:06 - __main__ - INFO - 
Epoch 157/200 | lr 0.012054
2026-03-16 06:24:28 - __main__ - INFO - Train: loss 0.0032 acc1 99.97% precision 99.97% recall 99.97% f1 99.97%
2026-03-16 06:24:28 - __main__ - INFO - Val:   loss 1.8620 acc1 60.87% precision 60.57% recall 61.10% f1 60.48%
2026-03-16 06:24:28 - __main__ - INFO - saved best: 60.87%
2026-03-16 06:24:28 - __main__ - INFO - 
Epoch 158/200 | lr 0.011535
2026-03-16 06:24:50 - __main__ - INFO - Train: loss 0.0030 acc1 99.97% precision 99.97% recall 99.97% f1 99.97%
2026-03-16 06:24:50 - __main__ - INFO - Val:   loss 1.8695 acc1 60.82% precision 60.47% recall 61.06% f1 60.40%
2026-03-16 06:24:50 - __main__ - INFO - 
Epoch 159/200 | lr 0.011025
2026-03-16 06:25:12 - __main__ - INFO - Train: loss 0.0030 acc1 99.97% precision 99.97% recall 99.97% f1 99.97%
2026-03-16 06:25:12 - __main__ - INFO - Val:   loss 1.8721 acc1 60.88% precision 60.68% recall 61.12% f1 60.52%
2026-03-16 06:25:12 - __main__ - INFO - saved best: 60.88%
2026-03-16 06:25:12 - __main__ - INFO - 
Epoch 160/200 | lr 0.010526
2026-03-16 06:25:34 - __main__ - INFO - Train: loss 0.0030 acc1 99.97% precision 99.97% recall 99.97% f1 99.97%
2026-03-16 06:25:34 - __main__ - INFO - Val:   loss 1.8557 acc1 60.88% precision 60.50% recall 61.09% f1 60.44%
2026-03-16 06:25:34 - __main__ - INFO - 
Epoch 161/200 | lr 0.010037
2026-03-16 06:25:55 - __main__ - INFO - Train: loss 0.0028 acc1 99.98% precision 99.98% recall 99.98% f1 99.98%
2026-03-16 06:25:55 - __main__ - INFO - Val:   loss 1.8515 acc1 60.88% precision 60.53% recall 61.12% f1 60.46%
2026-03-16 06:25:55 - __main__ - INFO - 
Epoch 162/200 | lr 0.009558
2026-03-16 06:26:17 - __main__ - INFO - Train: loss 0.0028 acc1 99.98% precision 99.98% recall 99.98% f1 99.98%
2026-03-16 06:26:17 - __main__ - INFO - Val:   loss 1.8558 acc1 60.62% precision 60.16% recall 60.83% f1 60.18%
2026-03-16 06:26:17 - __main__ - INFO - 
Epoch 163/200 | lr 0.009090
2026-03-16 06:26:39 - __main__ - INFO - Train: loss 0.0030 acc1 99.98% precision 99.98% recall 99.98% f1 99.98%
2026-03-16 06:26:39 - __main__ - INFO - Val:   loss 1.8542 acc1 60.75% precision 60.40% recall 61.00% f1 60.34%
2026-03-16 06:26:39 - __main__ - INFO - 
Epoch 164/200 | lr 0.008632
2026-03-16 06:27:01 - __main__ - INFO - Train: loss 0.0029 acc1 99.97% precision 99.97% recall 99.97% f1 99.97%
2026-03-16 06:27:01 - __main__ - INFO - Val:   loss 1.8550 acc1 60.90% precision 60.47% recall 61.11% f1 60.48%
2026-03-16 06:27:01 - __main__ - INFO - saved best: 60.90%
2026-03-16 06:27:01 - __main__ - INFO - 
Epoch 165/200 | lr 0.008186
2026-03-16 06:27:22 - __main__ - INFO - Train: loss 0.0029 acc1 99.98% precision 99.98% recall 99.98% f1 99.98%
2026-03-16 06:27:22 - __main__ - INFO - Val:   loss 1.8546 acc1 60.86% precision 60.48% recall 61.07% f1 60.43%
2026-03-16 06:27:22 - __main__ - INFO - 
Epoch 166/200 | lr 0.007750
2026-03-16 06:27:44 - __main__ - INFO - Train: loss 0.0029 acc1 99.97% precision 99.98% recall 99.98% f1 99.98%
2026-03-16 06:27:44 - __main__ - INFO - Val:   loss 1.8452 acc1 60.79% precision 60.43% recall 61.00% f1 60.43%
2026-03-16 06:27:44 - __main__ - INFO - 
Epoch 167/200 | lr 0.007325
2026-03-16 06:28:05 - __main__ - INFO - Train: loss 0.0031 acc1 99.97% precision 99.97% recall 99.97% f1 99.97%
2026-03-16 06:28:05 - __main__ - INFO - Val:   loss 1.8475 acc1 60.96% precision 60.66% recall 61.24% f1 60.63%
2026-03-16 06:28:06 - __main__ - INFO - saved best: 60.96%
2026-03-16 06:28:06 - __main__ - INFO - 
Epoch 168/200 | lr 0.006911
2026-03-16 06:28:27 - __main__ - INFO - Train: loss 0.0029 acc1 99.98% precision 99.98% recall 99.98% f1 99.98%
2026-03-16 06:28:27 - __main__ - INFO - Val:   loss 1.8456 acc1 60.52% precision 60.15% recall 60.76% f1 60.09%
2026-03-16 06:28:27 - __main__ - INFO - 
Epoch 169/200 | lr 0.006508
2026-03-16 06:28:49 - __main__ - INFO - Train: loss 0.0029 acc1 99.98% precision 99.98% recall 99.98% f1 99.98%
2026-03-16 06:28:49 - __main__ - INFO - Val:   loss 1.8471 acc1 60.60% precision 60.23% recall 60.88% f1 60.17%
2026-03-16 06:28:49 - __main__ - INFO - 
Epoch 170/200 | lr 0.006117
2026-03-16 06:29:11 - __main__ - INFO - Train: loss 0.0028 acc1 99.98% precision 99.98% recall 99.98% f1 99.98%
2026-03-16 06:29:11 - __main__ - INFO - Val:   loss 1.8515 acc1 60.60% precision 60.16% recall 60.85% f1 60.13%
2026-03-16 06:29:11 - __main__ - INFO - 
Epoch 171/200 | lr 0.005737
2026-03-16 06:29:32 - __main__ - INFO - Train: loss 0.0030 acc1 99.97% precision 99.97% recall 99.97% f1 99.97%
2026-03-16 06:29:32 - __main__ - INFO - Val:   loss 1.8472 acc1 60.56% precision 60.13% recall 60.78% f1 60.10%
2026-03-16 06:29:32 - __main__ - INFO - 
Epoch 172/200 | lr 0.005368
2026-03-16 06:29:54 - __main__ - INFO - Train: loss 0.0028 acc1 99.98% precision 99.98% recall 99.98% f1 99.98%
2026-03-16 06:29:54 - __main__ - INFO - Val:   loss 1.8524 acc1 60.60% precision 60.17% recall 60.86% f1 60.11%
2026-03-16 06:29:54 - __main__ - INFO - 
Epoch 173/200 | lr 0.005011
2026-03-16 06:30:15 - __main__ - INFO - Train: loss 0.0029 acc1 99.97% precision 99.97% recall 99.97% f1 99.97%
2026-03-16 06:30:15 - __main__ - INFO - Val:   loss 1.8458 acc1 60.43% precision 59.98% recall 60.64% f1 60.00%
2026-03-16 06:30:15 - __main__ - INFO - 
Epoch 174/200 | lr 0.004666
2026-03-16 06:30:37 - __main__ - INFO - Train: loss 0.0029 acc1 99.97% precision 99.97% recall 99.97% f1 99.97%
2026-03-16 06:30:37 - __main__ - INFO - Val:   loss 1.8450 acc1 60.65% precision 60.25% recall 60.88% f1 60.25%
2026-03-16 06:30:37 - __main__ - INFO - 
Epoch 175/200 | lr 0.004332
2026-03-16 06:30:59 - __main__ - INFO - Train: loss 0.0030 acc1 99.97% precision 99.97% recall 99.97% f1 99.97%
2026-03-16 06:30:59 - __main__ - INFO - Val:   loss 1.8487 acc1 60.63% precision 60.12% recall 60.89% f1 60.18%
2026-03-16 06:30:59 - __main__ - INFO - 
Epoch 176/200 | lr 0.004011
2026-03-16 06:31:20 - __main__ - INFO - Train: loss 0.0028 acc1 99.98% precision 99.98% recall 99.98% f1 99.98%
2026-03-16 06:31:20 - __main__ - INFO - Val:   loss 1.8386 acc1 60.58% precision 60.21% recall 60.82% f1 60.17%
2026-03-16 06:31:20 - __main__ - INFO - 
Epoch 177/200 | lr 0.003701
2026-03-16 06:31:42 - __main__ - INFO - Train: loss 0.0028 acc1 99.98% precision 99.98% recall 99.98% f1 99.98%
2026-03-16 06:31:42 - __main__ - INFO - Val:   loss 1.8444 acc1 60.60% precision 60.15% recall 60.87% f1 60.15%
2026-03-16 06:31:42 - __main__ - INFO - 
Epoch 178/200 | lr 0.003403
2026-03-16 06:32:03 - __main__ - INFO - Train: loss 0.0028 acc1 99.98% precision 99.98% recall 99.98% f1 99.98%
2026-03-16 06:32:03 - __main__ - INFO - Val:   loss 1.8374 acc1 60.64% precision 60.24% recall 60.90% f1 60.23%
2026-03-16 06:32:03 - __main__ - INFO - 
Epoch 179/200 | lr 0.003118
2026-03-16 06:32:25 - __main__ - INFO - Train: loss 0.0028 acc1 99.98% precision 99.98% recall 99.98% f1 99.98%
2026-03-16 06:32:25 - __main__ - INFO - Val:   loss 1.8332 acc1 60.82% precision 60.50% recall 61.07% f1 60.44%
2026-03-16 06:32:25 - __main__ - INFO - 
Epoch 180/200 | lr 0.002844
2026-03-16 06:32:46 - __main__ - INFO - Train: loss 0.0028 acc1 99.98% precision 99.98% recall 99.97% f1 99.98%
2026-03-16 06:32:46 - __main__ - INFO - Val:   loss 1.8386 acc1 60.75% precision 60.29% recall 60.99% f1 60.32%
2026-03-16 06:32:46 - __main__ - INFO - 
Epoch 181/200 | lr 0.002583
2026-03-16 06:33:08 - __main__ - INFO - Train: loss 0.0027 acc1 99.98% precision 99.98% recall 99.98% f1 99.98%
2026-03-16 06:33:08 - __main__ - INFO - Val:   loss 1.8337 acc1 60.82% precision 60.46% recall 61.06% f1 60.45%
2026-03-16 06:33:08 - __main__ - INFO - 
Epoch 182/200 | lr 0.002334
2026-03-16 06:33:30 - __main__ - INFO - Train: loss 0.0027 acc1 99.98% precision 99.98% recall 99.98% f1 99.98%
2026-03-16 06:33:30 - __main__ - INFO - Val:   loss 1.8379 acc1 60.62% precision 60.14% recall 60.87% f1 60.18%
2026-03-16 06:33:30 - __main__ - INFO - 
Epoch 183/200 | lr 0.002097
2026-03-16 06:33:51 - __main__ - INFO - Train: loss 0.0027 acc1 99.98% precision 99.98% recall 99.98% f1 99.98%
2026-03-16 06:33:51 - __main__ - INFO - Val:   loss 1.8374 acc1 60.64% precision 60.17% recall 60.93% f1 60.19%
2026-03-16 06:33:51 - __main__ - INFO - 
Epoch 184/200 | lr 0.001873
2026-03-16 06:34:12 - __main__ - INFO - Train: loss 0.0027 acc1 99.98% precision 99.98% recall 99.98% f1 99.98%
2026-03-16 06:34:12 - __main__ - INFO - Val:   loss 1.8404 acc1 60.77% precision 60.28% recall 60.99% f1 60.28%
2026-03-16 06:34:12 - __main__ - INFO - 
Epoch 185/200 | lr 0.001662
2026-03-16 06:34:34 - __main__ - INFO - Train: loss 0.0027 acc1 99.98% precision 99.98% recall 99.98% f1 99.98%
2026-03-16 06:34:34 - __main__ - INFO - Val:   loss 1.8447 acc1 60.83% precision 60.38% recall 61.03% f1 60.35%
2026-03-16 06:34:34 - __main__ - INFO - 
Epoch 186/200 | lr 0.001463
2026-03-16 06:34:56 - __main__ - INFO - Train: loss 0.0026 acc1 99.99% precision 99.99% recall 99.99% f1 99.99%
2026-03-16 06:34:56 - __main__ - INFO - Val:   loss 1.8326 acc1 60.81% precision 60.29% recall 61.03% f1 60.34%
2026-03-16 06:34:56 - __main__ - INFO - 
Epoch 187/200 | lr 0.001276
2026-03-16 06:35:18 - __main__ - INFO - Train: loss 0.0027 acc1 99.99% precision 99.99% recall 99.99% f1 99.99%
2026-03-16 06:35:18 - __main__ - INFO - Val:   loss 1.8354 acc1 60.71% precision 60.30% recall 60.96% f1 60.31%
2026-03-16 06:35:18 - __main__ - INFO - 
Epoch 188/200 | lr 0.001103
2026-03-16 06:35:39 - __main__ - INFO - Train: loss 0.0027 acc1 99.98% precision 99.98% recall 99.98% f1 99.98%
2026-03-16 06:35:39 - __main__ - INFO - Val:   loss 1.8295 acc1 60.88% precision 60.46% recall 61.05% f1 60.41%
2026-03-16 06:35:39 - __main__ - INFO - 
Epoch 189/200 | lr 0.000941
2026-03-16 06:36:01 - __main__ - INFO - Train: loss 0.0026 acc1 99.98% precision 99.98% recall 99.98% f1 99.98%
2026-03-16 06:36:01 - __main__ - INFO - Val:   loss 1.8347 acc1 60.80% precision 60.45% recall 61.02% f1 60.40%
2026-03-16 06:36:01 - __main__ - INFO - 
Epoch 190/200 | lr 0.000793
2026-03-16 06:36:23 - __main__ - INFO - Train: loss 0.0028 acc1 99.97% precision 99.98% recall 99.98% f1 99.98%
2026-03-16 06:36:23 - __main__ - INFO - Val:   loss 1.8368 acc1 61.01% precision 60.66% recall 61.26% f1 60.64%
2026-03-16 06:36:23 - __main__ - INFO - saved best: 61.01%
2026-03-16 06:36:23 - __main__ - INFO - 
Epoch 191/200 | lr 0.000657
2026-03-16 06:36:44 - __main__ - INFO - Train: loss 0.0026 acc1 99.98% precision 99.98% recall 99.98% f1 99.98%
2026-03-16 06:36:44 - __main__ - INFO - Val:   loss 1.8356 acc1 60.81% precision 60.35% recall 61.03% f1 60.37%
2026-03-16 06:36:44 - __main__ - INFO - 
Epoch 192/200 | lr 0.000535
2026-03-16 06:37:06 - __main__ - INFO - Train: loss 0.0026 acc1 99.98% precision 99.98% recall 99.98% f1 99.98%
2026-03-16 06:37:06 - __main__ - INFO - Val:   loss 1.8360 acc1 60.88% precision 60.50% recall 61.13% f1 60.47%
2026-03-16 06:37:06 - __main__ - INFO - 
Epoch 193/200 | lr 0.000425
2026-03-16 06:37:28 - __main__ - INFO - Train: loss 0.0028 acc1 99.98% precision 99.98% recall 99.98% f1 99.98%
2026-03-16 06:37:28 - __main__ - INFO - Val:   loss 1.8343 acc1 60.73% precision 60.25% recall 60.99% f1 60.25%
2026-03-16 06:37:28 - __main__ - INFO - 
Epoch 194/200 | lr 0.000328
2026-03-16 06:37:50 - __main__ - INFO - Train: loss 0.0026 acc1 99.99% precision 99.99% recall 99.99% f1 99.99%
2026-03-16 06:37:50 - __main__ - INFO - Val:   loss 1.8326 acc1 60.84% precision 60.46% recall 61.06% f1 60.42%
2026-03-16 06:37:50 - __main__ - INFO - 
Epoch 195/200 | lr 0.000243
2026-03-16 06:38:11 - __main__ - INFO - Train: loss 0.0026 acc1 100.00% precision 100.00% recall 100.00% f1 100.00%
2026-03-16 06:38:11 - __main__ - INFO - Val:   loss 1.8359 acc1 60.77% precision 60.36% recall 61.03% f1 60.34%
2026-03-16 06:38:11 - __main__ - INFO - 
Epoch 196/200 | lr 0.000172
2026-03-16 06:38:33 - __main__ - INFO - Train: loss 0.0028 acc1 99.97% precision 99.97% recall 99.97% f1 99.97%
2026-03-16 06:38:33 - __main__ - INFO - Val:   loss 1.8365 acc1 60.94% precision 60.56% recall 61.19% f1 60.46%
2026-03-16 06:38:33 - __main__ - INFO - 
Epoch 197/200 | lr 0.000114
2026-03-16 06:38:55 - __main__ - INFO - Train: loss 0.0027 acc1 99.98% precision 99.98% recall 99.98% f1 99.98%
2026-03-16 06:38:55 - __main__ - INFO - Val:   loss 1.8365 acc1 60.72% precision 60.28% recall 60.94% f1 60.27%
2026-03-16 06:38:55 - __main__ - INFO - 
Epoch 198/200 | lr 0.000068
2026-03-16 06:39:16 - __main__ - INFO - Train: loss 0.0026 acc1 99.99% precision 99.99% recall 99.98% f1 99.98%
2026-03-16 06:39:16 - __main__ - INFO - Val:   loss 1.8346 acc1 60.62% precision 60.28% recall 60.85% f1 60.20%
2026-03-16 06:39:16 - __main__ - INFO - 
Epoch 199/200 | lr 0.000036
2026-03-16 06:39:38 - __main__ - INFO - Train: loss 0.0027 acc1 99.98% precision 99.98% recall 99.98% f1 99.98%
2026-03-16 06:39:38 - __main__ - INFO - Val:   loss 1.8395 acc1 60.70% precision 60.17% recall 60.95% f1 60.20%
2026-03-16 06:39:38 - __main__ - INFO - 
Epoch 200/200 | lr 0.000016
2026-03-16 06:40:00 - __main__ - INFO - Train: loss 0.0026 acc1 99.99% precision 99.99% recall 99.99% f1 99.99%
2026-03-16 06:40:00 - __main__ - INFO - Val:   loss 1.8365 acc1 61.01% precision 60.52% recall 61.30% f1 60.58%
2026-03-16 06:40:00 - __main__ - INFO - Loaded best checkpoint weights for final test evaluation.
2026-03-16 06:40:02 - __main__ - INFO - 
Best tracked (val): 61.01%
2026-03-16 06:40:02 - __main__ - INFO - Final test: loss 1.7710 acc1 62.29% precision 61.27% recall 61.69% f1 61.22%
2026-03-16 06:40:03 - __main__ - INFO - Variant [original] done — test acc 62.29%, test F1 61.22%, test loss 1.7710
2026-03-16 06:40:03 - __main__ - INFO - 
============================================================
2026-03-16 06:40:03 - __main__ - INFO - Training output model: densenet121 [low_saliency]
2026-03-16 06:40:03 - __main__ - INFO -   Resolved config → lr=0.1, wd=0.0001, bs=128, epochs=200, scheduler=cosine, warmup=5
2026-03-16 06:40:03 - __main__ - INFO - ============================================================
2026-03-16 06:40:03 - __main__ - INFO -   Validation during training uses variant split with val_split=0.1
2026-03-16 06:40:03 - __main__ - INFO -   Final test uses low_saliency variant test split
2026-03-16 06:40:03 - __main__ - INFO - device: cuda | cuda: True | gpu: NVIDIA L4
2026-03-16 06:40:04 - __main__ - INFO - Model: densenet121 | Dataset: cifar100 | Classes: 100
2026-03-16 06:40:04 - __main__ - INFO - 
Epoch 1/200 | lr 0.000100
2026-03-16 06:40:25 - __main__ - INFO - Train: loss 4.6350 acc1 1.44% precision 1.62% recall 1.44% f1 1.11%
2026-03-16 06:40:25 - __main__ - INFO - Val:   loss 4.5755 acc1 1.95% precision 1.73% recall 2.03% f1 1.54%
2026-03-16 06:40:25 - __main__ - INFO - saved best: 1.95%
2026-03-16 06:40:25 - __main__ - INFO - 
Epoch 2/200 | lr 0.020080
2026-03-16 06:40:47 - __main__ - INFO - Train: loss 3.8563 acc1 10.74% precision 9.42% recall 10.73% f1 9.62%
2026-03-16 06:40:47 - __main__ - INFO - Val:   loss 3.4895 acc1 18.14% precision 18.86% recall 18.40% f1 16.26%
2026-03-16 06:40:47 - __main__ - INFO - saved best: 18.14%
2026-03-16 06:40:47 - __main__ - INFO - 
Epoch 3/200 | lr 0.040060
2026-03-16 06:41:09 - __main__ - INFO - Train: loss 3.3982 acc1 18.79% precision 17.28% recall 18.78% f1 17.67%
2026-03-16 06:41:09 - __main__ - INFO - Val:   loss 3.0751 acc1 24.92% precision 27.25% recall 25.14% f1 23.29%
2026-03-16 06:41:09 - __main__ - INFO - saved best: 24.92%
2026-03-16 06:41:09 - __main__ - INFO - 
Epoch 4/200 | lr 0.060040
2026-03-16 06:41:31 - __main__ - INFO - Train: loss 2.9981 acc1 26.00% precision 24.52% recall 25.99% f1 24.97%
2026-03-16 06:41:31 - __main__ - INFO - Val:   loss 2.9327 acc1 27.24% precision 29.03% recall 27.42% f1 25.42%
2026-03-16 06:41:31 - __main__ - INFO - saved best: 27.24%
2026-03-16 06:41:31 - __main__ - INFO - 
Epoch 5/200 | lr 0.080020
2026-03-16 06:41:52 - __main__ - INFO - Train: loss 2.6959 acc1 31.46% precision 30.21% recall 31.45% f1 30.60%
2026-03-16 06:41:52 - __main__ - INFO - Val:   loss 2.7549 acc1 30.87% precision 34.05% recall 31.16% f1 29.44%
2026-03-16 06:41:52 - __main__ - INFO - saved best: 30.87%
2026-03-16 06:41:52 - __main__ - INFO - 
Epoch 6/200 | lr 0.100000
2026-03-16 06:42:14 - __main__ - INFO - Train: loss 2.4490 acc1 36.25% precision 35.23% recall 36.26% f1 35.54%
2026-03-16 06:42:14 - __main__ - INFO - Val:   loss 2.6143 acc1 33.48% precision 38.22% recall 33.82% f1 32.46%
2026-03-16 06:42:14 - __main__ - INFO - saved best: 33.48%
2026-03-16 06:42:14 - __main__ - INFO - 
Epoch 7/200 | lr 0.099994
2026-03-16 06:42:36 - __main__ - INFO - Train: loss 2.2065 acc1 41.05% precision 40.18% recall 41.04% f1 40.46%
2026-03-16 06:42:36 - __main__ - INFO - Val:   loss 2.4075 acc1 38.29% precision 43.24% recall 38.74% f1 37.69%
2026-03-16 06:42:36 - __main__ - INFO - saved best: 38.29%
2026-03-16 06:42:36 - __main__ - INFO - 
Epoch 8/200 | lr 0.099974
2026-03-16 06:42:58 - __main__ - INFO - Train: loss 2.0273 acc1 45.21% precision 44.39% recall 45.20% f1 44.65%
2026-03-16 06:42:58 - __main__ - INFO - Val:   loss 2.2357 acc1 41.31% precision 44.90% recall 41.51% f1 40.96%
2026-03-16 06:42:58 - __main__ - INFO - saved best: 41.31%
2026-03-16 06:42:58 - __main__ - INFO - 
Epoch 9/200 | lr 0.099942
2026-03-16 06:43:19 - __main__ - INFO - Train: loss 1.8837 acc1 48.60% precision 47.94% recall 48.60% f1 48.16%
2026-03-16 06:43:19 - __main__ - INFO - Val:   loss 2.1185 acc1 43.84% precision 46.08% recall 44.25% f1 43.25%
2026-03-16 06:43:19 - __main__ - INFO - saved best: 43.84%
2026-03-16 06:43:19 - __main__ - INFO - 
Epoch 10/200 | lr 0.099896
2026-03-16 06:43:41 - __main__ - INFO - Train: loss 1.7687 acc1 50.87% precision 50.23% recall 50.87% f1 50.43%
2026-03-16 06:43:41 - __main__ - INFO - Val:   loss 2.0919 acc1 45.78% precision 48.27% recall 46.24% f1 45.09%
2026-03-16 06:43:41 - __main__ - INFO - saved best: 45.78%
2026-03-16 06:43:41 - __main__ - INFO - 
Epoch 11/200 | lr 0.099838
2026-03-16 06:44:03 - __main__ - INFO - Train: loss 1.6526 acc1 53.85% precision 53.35% recall 53.83% f1 53.51%
2026-03-16 06:44:03 - __main__ - INFO - Val:   loss 1.9648 acc1 48.66% precision 51.34% recall 48.96% f1 48.23%
2026-03-16 06:44:03 - __main__ - INFO - saved best: 48.66%
2026-03-16 06:44:03 - __main__ - INFO - 
Epoch 12/200 | lr 0.099767
2026-03-16 06:44:24 - __main__ - INFO - Train: loss 1.5595 acc1 56.11% precision 55.67% recall 56.13% f1 55.82%
2026-03-16 06:44:24 - __main__ - INFO - Val:   loss 2.0576 acc1 48.03% precision 49.92% recall 48.08% f1 47.10%
2026-03-16 06:44:24 - __main__ - INFO - 
Epoch 13/200 | lr 0.099682
2026-03-16 06:44:46 - __main__ - INFO - Train: loss 1.4847 acc1 57.79% precision 57.40% recall 57.78% f1 57.52%
2026-03-16 06:44:46 - __main__ - INFO - Val:   loss 1.8843 acc1 50.49% precision 53.58% recall 50.56% f1 50.47%
2026-03-16 06:44:46 - __main__ - INFO - saved best: 50.49%
2026-03-16 06:44:46 - __main__ - INFO - 
Epoch 14/200 | lr 0.099585
2026-03-16 06:45:07 - __main__ - INFO - Train: loss 1.3954 acc1 60.27% precision 59.96% recall 60.28% f1 60.06%
2026-03-16 06:45:07 - __main__ - INFO - Val:   loss 1.9775 acc1 49.34% precision 50.97% recall 49.66% f1 48.46%
2026-03-16 06:45:07 - __main__ - INFO - 
Epoch 15/200 | lr 0.099475
2026-03-16 06:45:29 - __main__ - INFO - Train: loss 1.3313 acc1 61.76% precision 61.50% recall 61.77% f1 61.58%
2026-03-16 06:45:29 - __main__ - INFO - Val:   loss 1.9485 acc1 49.60% precision 51.57% recall 50.07% f1 49.22%
2026-03-16 06:45:29 - __main__ - INFO - 
Epoch 16/200 | lr 0.099353
2026-03-16 06:45:51 - __main__ - INFO - Train: loss 1.2739 acc1 62.82% precision 62.61% recall 62.84% f1 62.69%
2026-03-16 06:45:51 - __main__ - INFO - Val:   loss 1.8799 acc1 51.87% precision 54.65% recall 52.21% f1 51.75%
2026-03-16 06:45:51 - __main__ - INFO - saved best: 51.87%
2026-03-16 06:45:51 - __main__ - INFO - 
Epoch 17/200 | lr 0.099217
2026-03-16 06:46:12 - __main__ - INFO - Train: loss 1.2140 acc1 64.32% precision 64.12% recall 64.35% f1 64.20%
2026-03-16 06:46:12 - __main__ - INFO - Val:   loss 1.8601 acc1 52.45% precision 54.60% recall 52.72% f1 52.28%
2026-03-16 06:46:12 - __main__ - INFO - saved best: 52.45%
2026-03-16 06:46:12 - __main__ - INFO - 
Epoch 18/200 | lr 0.099069
2026-03-16 06:46:34 - __main__ - INFO - Train: loss 1.1584 acc1 65.50% precision 65.31% recall 65.53% f1 65.38%
2026-03-16 06:46:34 - __main__ - INFO - Val:   loss 1.9643 acc1 50.53% precision 55.81% recall 50.87% f1 51.22%
2026-03-16 06:46:34 - __main__ - INFO - 
Epoch 19/200 | lr 0.098907
2026-03-16 06:46:56 - __main__ - INFO - Train: loss 1.1031 acc1 67.14% precision 66.99% recall 67.14% f1 67.03%
2026-03-16 06:46:56 - __main__ - INFO - Val:   loss 1.9289 acc1 51.73% precision 53.71% recall 51.85% f1 51.31%
2026-03-16 06:46:56 - __main__ - INFO - 
Epoch 20/200 | lr 0.098734
2026-03-16 06:47:18 - __main__ - INFO - Train: loss 1.0438 acc1 68.73% precision 68.59% recall 68.74% f1 68.63%
2026-03-16 06:47:18 - __main__ - INFO - Val:   loss 1.8429 acc1 53.78% precision 55.66% recall 54.08% f1 53.50%
2026-03-16 06:47:18 - __main__ - INFO - saved best: 53.78%
2026-03-16 06:47:18 - __main__ - INFO - 
Epoch 21/200 | lr 0.098547
2026-03-16 06:47:40 - __main__ - INFO - Train: loss 1.0071 acc1 69.72% precision 69.57% recall 69.72% f1 69.62%
2026-03-16 06:47:40 - __main__ - INFO - Val:   loss 1.8585 acc1 53.45% precision 56.44% recall 53.58% f1 53.71%
2026-03-16 06:47:40 - __main__ - INFO - 
Epoch 22/200 | lr 0.098348
2026-03-16 06:48:01 - __main__ - INFO - Train: loss 0.9578 acc1 71.26% precision 71.16% recall 71.29% f1 71.20%
2026-03-16 06:48:01 - __main__ - INFO - Val:   loss 1.8246 acc1 54.14% precision 56.06% recall 54.32% f1 54.09%
2026-03-16 06:48:01 - __main__ - INFO - saved best: 54.14%
2026-03-16 06:48:01 - __main__ - INFO - 
Epoch 23/200 | lr 0.098137
2026-03-16 06:48:23 - __main__ - INFO - Train: loss 0.9241 acc1 71.95% precision 71.84% recall 71.96% f1 71.88%
2026-03-16 06:48:23 - __main__ - INFO - Val:   loss 1.8568 acc1 53.72% precision 55.94% recall 54.08% f1 53.60%
2026-03-16 06:48:23 - __main__ - INFO - 
Epoch 24/200 | lr 0.097913
2026-03-16 06:48:45 - __main__ - INFO - Train: loss 0.8868 acc1 72.66% precision 72.58% recall 72.67% f1 72.60%
2026-03-16 06:48:45 - __main__ - INFO - Val:   loss 1.9705 acc1 52.31% precision 54.76% recall 52.76% f1 51.62%
2026-03-16 06:48:45 - __main__ - INFO - 
Epoch 25/200 | lr 0.097676
2026-03-16 06:49:07 - __main__ - INFO - Train: loss 0.8377 acc1 74.30% precision 74.26% recall 74.32% f1 74.27%
2026-03-16 06:49:07 - __main__ - INFO - Val:   loss 1.9286 acc1 54.03% precision 56.13% recall 54.39% f1 53.77%
2026-03-16 06:49:07 - __main__ - INFO - 
Epoch 26/200 | lr 0.097427
2026-03-16 06:49:29 - __main__ - INFO - Train: loss 0.8026 acc1 75.29% precision 75.27% recall 75.30% f1 75.27%
2026-03-16 06:49:29 - __main__ - INFO - Val:   loss 1.8620 acc1 55.51% precision 57.48% recall 55.87% f1 55.63%
2026-03-16 06:49:29 - __main__ - INFO - saved best: 55.51%
2026-03-16 06:49:29 - __main__ - INFO - 
Epoch 27/200 | lr 0.097166
2026-03-16 06:49:51 - __main__ - INFO - Train: loss 0.7738 acc1 75.96% precision 75.93% recall 75.98% f1 75.94%
2026-03-16 06:49:51 - __main__ - INFO - Val:   loss 1.9012 acc1 53.83% precision 56.47% recall 54.15% f1 53.91%
2026-03-16 06:49:51 - __main__ - INFO - 
Epoch 28/200 | lr 0.096892
2026-03-16 06:50:12 - __main__ - INFO - Train: loss 0.7413 acc1 76.95% precision 76.93% recall 76.97% f1 76.94%
2026-03-16 06:50:12 - __main__ - INFO - Val:   loss 1.9279 acc1 54.91% precision 56.83% recall 55.16% f1 54.85%
2026-03-16 06:50:12 - __main__ - INFO - 
Epoch 29/200 | lr 0.096607
2026-03-16 06:50:34 - __main__ - INFO - Train: loss 0.7077 acc1 77.78% precision 77.75% recall 77.80% f1 77.76%
2026-03-16 06:50:34 - __main__ - INFO - Val:   loss 2.0207 acc1 53.49% precision 55.56% recall 53.73% f1 53.09%
2026-03-16 06:50:34 - __main__ - INFO - 
Epoch 30/200 | lr 0.096309
2026-03-16 06:50:56 - __main__ - INFO - Train: loss 0.6919 acc1 78.33% precision 78.33% recall 78.36% f1 78.33%
2026-03-16 06:50:56 - __main__ - INFO - Val:   loss 1.9662 acc1 54.47% precision 56.84% recall 54.83% f1 54.74%
2026-03-16 06:50:56 - __main__ - INFO - 
Epoch 31/200 | lr 0.095999
2026-03-16 06:51:18 - __main__ - INFO - Train: loss 0.6571 acc1 79.34% precision 79.35% recall 79.35% f1 79.34%
2026-03-16 06:51:18 - __main__ - INFO - Val:   loss 1.9779 acc1 54.77% precision 56.54% recall 55.04% f1 54.34%
2026-03-16 06:51:18 - __main__ - INFO - 
Epoch 32/200 | lr 0.095678
2026-03-16 06:51:40 - __main__ - INFO - Train: loss 0.6166 acc1 80.43% precision 80.41% recall 80.45% f1 80.42%
2026-03-16 06:51:40 - __main__ - INFO - Val:   loss 2.0630 acc1 53.08% precision 55.79% recall 53.48% f1 53.19%
2026-03-16 06:51:40 - __main__ - INFO - 
Epoch 33/200 | lr 0.095344
2026-03-16 06:52:01 - __main__ - INFO - Train: loss 0.5991 acc1 81.02% precision 81.01% recall 81.03% f1 81.01%
2026-03-16 06:52:01 - __main__ - INFO - Val:   loss 2.0504 acc1 53.96% precision 55.61% recall 54.11% f1 53.69%
2026-03-16 06:52:01 - __main__ - INFO - 
Epoch 34/200 | lr 0.094999
2026-03-16 06:52:23 - __main__ - INFO - Train: loss 0.5867 acc1 81.25% precision 81.27% recall 81.27% f1 81.26%
2026-03-16 06:52:23 - __main__ - INFO - Val:   loss 1.9717 acc1 55.17% precision 56.31% recall 55.34% f1 54.75%
2026-03-16 06:52:23 - __main__ - INFO - 
Epoch 35/200 | lr 0.094642
2026-03-16 06:52:45 - __main__ - INFO - Train: loss 0.5583 acc1 82.21% precision 82.24% recall 82.24% f1 82.23%
2026-03-16 06:52:45 - __main__ - INFO - Val:   loss 2.0578 acc1 54.73% precision 56.89% recall 54.96% f1 54.65%
2026-03-16 06:52:45 - __main__ - INFO - 
Epoch 36/200 | lr 0.094273
2026-03-16 06:53:07 - __main__ - INFO - Train: loss 0.5543 acc1 82.09% precision 82.10% recall 82.12% f1 82.10%
2026-03-16 06:53:07 - __main__ - INFO - Val:   loss 2.0748 acc1 54.76% precision 57.26% recall 54.90% f1 54.81%
2026-03-16 06:53:07 - __main__ - INFO - 
Epoch 37/200 | lr 0.093893
2026-03-16 06:53:28 - __main__ - INFO - Train: loss 0.5388 acc1 82.68% precision 82.69% recall 82.70% f1 82.68%
2026-03-16 06:53:28 - __main__ - INFO - Val:   loss 2.1070 acc1 53.96% precision 56.88% recall 53.91% f1 54.01%
2026-03-16 06:53:28 - __main__ - INFO - 
Epoch 38/200 | lr 0.093502
2026-03-16 06:53:50 - __main__ - INFO - Train: loss 0.5018 acc1 84.01% precision 84.03% recall 84.02% f1 84.02%
2026-03-16 06:53:50 - __main__ - INFO - Val:   loss 2.1815 acc1 53.84% precision 56.18% recall 54.03% f1 53.78%
2026-03-16 06:53:50 - __main__ - INFO - 
Epoch 39/200 | lr 0.093099
2026-03-16 06:54:11 - __main__ - INFO - Train: loss 0.5058 acc1 83.75% precision 83.78% recall 83.78% f1 83.77%
2026-03-16 06:54:11 - __main__ - INFO - Val:   loss 2.1405 acc1 54.49% precision 56.40% recall 54.83% f1 54.18%
2026-03-16 06:54:11 - __main__ - INFO - 
Epoch 40/200 | lr 0.092685
2026-03-16 06:54:33 - __main__ - INFO - Train: loss 0.4686 acc1 84.99% precision 85.02% recall 85.02% f1 85.01%
2026-03-16 06:54:33 - __main__ - INFO - Val:   loss 2.1074 acc1 54.76% precision 56.36% recall 55.12% f1 54.60%
2026-03-16 06:54:33 - __main__ - INFO - 
Epoch 41/200 | lr 0.092260
2026-03-16 06:54:54 - __main__ - INFO - Train: loss 0.4525 acc1 85.51% precision 85.53% recall 85.53% f1 85.52%
2026-03-16 06:54:54 - __main__ - INFO - Val:   loss 2.0714 acc1 55.36% precision 56.49% recall 55.50% f1 55.03%
2026-03-16 06:54:54 - __main__ - INFO - 
Epoch 42/200 | lr 0.091824
2026-03-16 06:55:16 - __main__ - INFO - Train: loss 0.4561 acc1 85.35% precision 85.37% recall 85.36% f1 85.36%
2026-03-16 06:55:16 - __main__ - INFO - Val:   loss 2.0681 acc1 55.18% precision 57.12% recall 55.55% f1 55.24%
2026-03-16 06:55:16 - __main__ - INFO - 
Epoch 43/200 | lr 0.091378
2026-03-16 06:55:38 - __main__ - INFO - Train: loss 0.4322 acc1 86.21% precision 86.23% recall 86.23% f1 86.22%
2026-03-16 06:55:38 - __main__ - INFO - Val:   loss 2.2130 acc1 53.12% precision 54.71% recall 53.20% f1 52.92%
2026-03-16 06:55:38 - __main__ - INFO - 
Epoch 44/200 | lr 0.090920
2026-03-16 06:55:59 - __main__ - INFO - Train: loss 0.4206 acc1 86.56% precision 86.58% recall 86.57% f1 86.57%
2026-03-16 06:55:59 - __main__ - INFO - Val:   loss 2.2043 acc1 54.10% precision 56.01% recall 54.28% f1 53.97%
2026-03-16 06:55:59 - __main__ - INFO - 
Epoch 45/200 | lr 0.090452
2026-03-16 06:56:20 - __main__ - INFO - Train: loss 0.4130 acc1 86.82% precision 86.84% recall 86.84% f1 86.84%
2026-03-16 06:56:20 - __main__ - INFO - Val:   loss 2.1444 acc1 55.00% precision 56.26% recall 55.18% f1 54.68%
2026-03-16 06:56:20 - __main__ - INFO - 
Epoch 46/200 | lr 0.089973
2026-03-16 06:56:42 - __main__ - INFO - Train: loss 0.3816 acc1 87.69% precision 87.70% recall 87.70% f1 87.70%
2026-03-16 06:56:42 - __main__ - INFO - Val:   loss 2.1794 acc1 54.43% precision 56.56% recall 54.62% f1 54.39%
2026-03-16 06:56:42 - __main__ - INFO - 
Epoch 47/200 | lr 0.089484
2026-03-16 06:57:03 - __main__ - INFO - Train: loss 0.3930 acc1 87.09% precision 87.13% recall 87.11% f1 87.11%
2026-03-16 06:57:03 - __main__ - INFO - Val:   loss 2.1651 acc1 54.92% precision 56.36% recall 55.01% f1 54.70%
2026-03-16 06:57:03 - __main__ - INFO - 
Epoch 48/200 | lr 0.088985
2026-03-16 06:57:25 - __main__ - INFO - Train: loss 0.3801 acc1 87.82% precision 87.82% recall 87.82% f1 87.82%
2026-03-16 06:57:25 - __main__ - INFO - Val:   loss 2.1188 acc1 55.86% precision 57.14% recall 56.26% f1 55.70%
2026-03-16 06:57:25 - __main__ - INFO - saved best: 55.86%
2026-03-16 06:57:25 - __main__ - INFO - 
Epoch 49/200 | lr 0.088475
2026-03-16 06:57:47 - __main__ - INFO - Train: loss 0.3658 acc1 88.11% precision 88.13% recall 88.12% f1 88.12%
2026-03-16 06:57:47 - __main__ - INFO - Val:   loss 2.2113 acc1 54.95% precision 56.97% recall 55.16% f1 54.94%
2026-03-16 06:57:47 - __main__ - INFO - 
Epoch 50/200 | lr 0.087956
2026-03-16 06:58:08 - __main__ - INFO - Train: loss 0.3571 acc1 88.37% precision 88.42% recall 88.40% f1 88.40%
2026-03-16 06:58:08 - __main__ - INFO - Val:   loss 2.1699 acc1 55.59% precision 57.21% recall 55.91% f1 55.45%
2026-03-16 06:58:08 - __main__ - INFO - 
Epoch 51/200 | lr 0.087427
2026-03-16 06:58:30 - __main__ - INFO - Train: loss 0.3599 acc1 88.29% precision 88.32% recall 88.32% f1 88.32%
2026-03-16 06:58:30 - __main__ - INFO - Val:   loss 2.1496 acc1 55.17% precision 57.27% recall 55.44% f1 55.33%
2026-03-16 06:58:30 - __main__ - INFO - 
Epoch 52/200 | lr 0.086888
2026-03-16 06:58:52 - __main__ - INFO - Train: loss 0.3447 acc1 88.90% precision 88.91% recall 88.90% f1 88.90%
2026-03-16 06:58:52 - __main__ - INFO - Val:   loss 2.1642 acc1 56.74% precision 58.19% recall 56.91% f1 56.17%
2026-03-16 06:58:52 - __main__ - INFO - saved best: 56.74%
2026-03-16 06:58:52 - __main__ - INFO - 
Epoch 53/200 | lr 0.086339
2026-03-16 06:59:13 - __main__ - INFO - Train: loss 0.3303 acc1 89.40% precision 89.42% recall 89.42% f1 89.41%
2026-03-16 06:59:13 - __main__ - INFO - Val:   loss 2.2462 acc1 54.78% precision 55.94% recall 54.98% f1 54.54%
2026-03-16 06:59:13 - __main__ - INFO - 
Epoch 54/200 | lr 0.085781
2026-03-16 06:59:35 - __main__ - INFO - Train: loss 0.3335 acc1 89.11% precision 89.13% recall 89.13% f1 89.12%
2026-03-16 06:59:35 - __main__ - INFO - Val:   loss 2.2311 acc1 54.68% precision 56.71% recall 55.06% f1 54.65%
2026-03-16 06:59:35 - __main__ - INFO - 
Epoch 55/200 | lr 0.085214
2026-03-16 06:59:57 - __main__ - INFO - Train: loss 0.3286 acc1 89.60% precision 89.62% recall 89.61% f1 89.61%
2026-03-16 06:59:57 - __main__ - INFO - Val:   loss 2.1936 acc1 55.39% precision 56.47% recall 55.62% f1 55.19%
2026-03-16 06:59:57 - __main__ - INFO - 
Epoch 56/200 | lr 0.084638
2026-03-16 07:00:18 - __main__ - INFO - Train: loss 0.3084 acc1 90.11% precision 90.14% recall 90.13% f1 90.13%
2026-03-16 07:00:18 - __main__ - INFO - Val:   loss 2.2878 acc1 54.13% precision 55.56% recall 54.24% f1 53.60%
2026-03-16 07:00:18 - __main__ - INFO - 
Epoch 57/200 | lr 0.084052
2026-03-16 07:00:40 - __main__ - INFO - Train: loss 0.3109 acc1 90.05% precision 90.07% recall 90.07% f1 90.07%
2026-03-16 07:00:40 - __main__ - INFO - Val:   loss 2.1646 acc1 56.84% precision 58.33% recall 57.03% f1 56.77%
2026-03-16 07:00:40 - __main__ - INFO - saved best: 56.84%
2026-03-16 07:00:40 - __main__ - INFO - 
Epoch 58/200 | lr 0.083458
2026-03-16 07:01:02 - __main__ - INFO - Train: loss 0.3118 acc1 89.98% precision 89.99% recall 89.99% f1 89.99%
2026-03-16 07:01:02 - __main__ - INFO - Val:   loss 2.2054 acc1 55.24% precision 57.43% recall 55.49% f1 55.28%
2026-03-16 07:01:02 - __main__ - INFO - 
Epoch 59/200 | lr 0.082855
2026-03-16 07:01:23 - __main__ - INFO - Train: loss 0.2998 acc1 90.38% precision 90.39% recall 90.38% f1 90.38%
2026-03-16 07:01:23 - __main__ - INFO - Val:   loss 2.2167 acc1 56.27% precision 57.36% recall 56.72% f1 56.07%
2026-03-16 07:01:23 - __main__ - INFO - 
Epoch 60/200 | lr 0.082244
2026-03-16 07:01:45 - __main__ - INFO - Train: loss 0.2829 acc1 90.90% precision 90.94% recall 90.93% f1 90.93%
2026-03-16 07:01:45 - __main__ - INFO - Val:   loss 2.2430 acc1 55.76% precision 56.91% recall 56.08% f1 55.50%
2026-03-16 07:01:45 - __main__ - INFO - 
Epoch 61/200 | lr 0.081624
2026-03-16 07:02:07 - __main__ - INFO - Train: loss 0.2784 acc1 91.16% precision 91.19% recall 91.19% f1 91.19%
2026-03-16 07:02:07 - __main__ - INFO - Val:   loss 2.1604 acc1 56.75% precision 57.79% recall 57.06% f1 56.61%
2026-03-16 07:02:07 - __main__ - INFO - 
Epoch 62/200 | lr 0.080996
2026-03-16 07:02:29 - __main__ - INFO - Train: loss 0.2754 acc1 91.13% precision 91.14% recall 91.13% f1 91.13%
2026-03-16 07:02:29 - __main__ - INFO - Val:   loss 2.1522 acc1 57.27% precision 58.59% recall 57.62% f1 57.29%
2026-03-16 07:02:29 - __main__ - INFO - saved best: 57.27%
2026-03-16 07:02:29 - __main__ - INFO - 
Epoch 63/200 | lr 0.080360
2026-03-16 07:02:50 - __main__ - INFO - Train: loss 0.2500 acc1 92.07% precision 92.07% recall 92.07% f1 92.07%
2026-03-16 07:02:50 - __main__ - INFO - Val:   loss 2.2693 acc1 56.27% precision 57.17% recall 56.72% f1 55.76%
2026-03-16 07:02:50 - __main__ - INFO - 
Epoch 64/200 | lr 0.079716
2026-03-16 07:03:13 - __main__ - INFO - Train: loss 0.2593 acc1 91.70% precision 91.74% recall 91.73% f1 91.73%
2026-03-16 07:03:13 - __main__ - INFO - Val:   loss 2.2350 acc1 55.68% precision 57.08% recall 55.94% f1 55.54%
2026-03-16 07:03:13 - __main__ - INFO - 
Epoch 65/200 | lr 0.079065
2026-03-16 07:03:34 - __main__ - INFO - Train: loss 0.2641 acc1 91.45% precision 91.47% recall 91.46% f1 91.46%
2026-03-16 07:03:34 - __main__ - INFO - Val:   loss 2.2686 acc1 54.95% precision 55.89% recall 55.35% f1 54.55%
2026-03-16 07:03:34 - __main__ - INFO - 
Epoch 66/200 | lr 0.078405
2026-03-16 07:03:56 - __main__ - INFO - Train: loss 0.2620 acc1 91.57% precision 91.58% recall 91.58% f1 91.58%
2026-03-16 07:03:56 - __main__ - INFO - Val:   loss 2.1758 acc1 57.08% precision 58.28% recall 57.34% f1 57.03%
2026-03-16 07:03:56 - __main__ - INFO - 
Epoch 67/200 | lr 0.077739
2026-03-16 07:04:17 - __main__ - INFO - Train: loss 0.2529 acc1 91.85% precision 91.88% recall 91.87% f1 91.87%
2026-03-16 07:04:17 - __main__ - INFO - Val:   loss 2.2902 acc1 55.12% precision 56.85% recall 55.32% f1 54.73%
2026-03-16 07:04:17 - __main__ - INFO - 
Epoch 68/200 | lr 0.077065
2026-03-16 07:04:39 - __main__ - INFO - Train: loss 0.2368 acc1 92.52% precision 92.53% recall 92.52% f1 92.52%
2026-03-16 07:04:39 - __main__ - INFO - Val:   loss 2.2716 acc1 56.12% precision 57.38% recall 56.14% f1 55.70%
2026-03-16 07:04:39 - __main__ - INFO - 
Epoch 69/200 | lr 0.076384
2026-03-16 07:05:01 - __main__ - INFO - Train: loss 0.2316 acc1 92.65% precision 92.65% recall 92.65% f1 92.65%
2026-03-16 07:05:01 - __main__ - INFO - Val:   loss 2.2840 acc1 55.83% precision 58.02% recall 56.13% f1 56.10%
2026-03-16 07:05:01 - __main__ - INFO - 
Epoch 70/200 | lr 0.075697
2026-03-16 07:05:22 - __main__ - INFO - Train: loss 0.2302 acc1 92.60% precision 92.59% recall 92.59% f1 92.59%
2026-03-16 07:05:22 - __main__ - INFO - Val:   loss 2.1867 acc1 56.55% precision 58.41% recall 56.82% f1 56.62%
2026-03-16 07:05:22 - __main__ - INFO - 
Epoch 71/200 | lr 0.075003
2026-03-16 07:05:44 - __main__ - INFO - Train: loss 0.2176 acc1 93.05% precision 93.06% recall 93.05% f1 93.05%
2026-03-16 07:05:44 - __main__ - INFO - Val:   loss 2.3024 acc1 55.32% precision 57.30% recall 55.37% f1 55.36%
2026-03-16 07:05:44 - __main__ - INFO - 
Epoch 72/200 | lr 0.074302
2026-03-16 07:06:05 - __main__ - INFO - Train: loss 0.2152 acc1 93.06% precision 93.09% recall 93.09% f1 93.09%
2026-03-16 07:06:05 - __main__ - INFO - Val:   loss 2.3098 acc1 55.52% precision 56.97% recall 55.71% f1 55.43%
2026-03-16 07:06:05 - __main__ - INFO - 
Epoch 73/200 | lr 0.073595
2026-03-16 07:06:27 - __main__ - INFO - Train: loss 0.2145 acc1 93.22% precision 93.23% recall 93.23% f1 93.23%
2026-03-16 07:06:27 - __main__ - INFO - Val:   loss 2.2070 acc1 57.73% precision 58.44% recall 57.86% f1 57.25%
2026-03-16 07:06:27 - __main__ - INFO - saved best: 57.73%
2026-03-16 07:06:27 - __main__ - INFO - 
Epoch 74/200 | lr 0.072881
2026-03-16 07:06:48 - __main__ - INFO - Train: loss 0.2076 acc1 93.24% precision 93.27% recall 93.25% f1 93.26%
2026-03-16 07:06:48 - __main__ - INFO - Val:   loss 2.1942 acc1 57.62% precision 58.06% recall 57.72% f1 57.25%
2026-03-16 07:06:48 - __main__ - INFO - 
Epoch 75/200 | lr 0.072162
2026-03-16 07:07:10 - __main__ - INFO - Train: loss 0.2244 acc1 92.79% precision 92.80% recall 92.80% f1 92.79%
2026-03-16 07:07:10 - __main__ - INFO - Val:   loss 2.2903 acc1 55.61% precision 57.38% recall 55.81% f1 55.52%
2026-03-16 07:07:10 - __main__ - INFO - 
Epoch 76/200 | lr 0.071437
2026-03-16 07:07:31 - __main__ - INFO - Train: loss 0.2083 acc1 93.41% precision 93.42% recall 93.42% f1 93.42%
2026-03-16 07:07:31 - __main__ - INFO - Val:   loss 2.2127 acc1 57.05% precision 57.76% recall 57.30% f1 56.80%
2026-03-16 07:07:31 - __main__ - INFO - 
Epoch 77/200 | lr 0.070707
2026-03-16 07:07:53 - __main__ - INFO - Train: loss 0.2025 acc1 93.58% precision 93.59% recall 93.58% f1 93.59%
2026-03-16 07:07:53 - __main__ - INFO - Val:   loss 2.2520 acc1 55.99% precision 57.81% recall 56.19% f1 56.09%
2026-03-16 07:07:53 - __main__ - INFO - 
Epoch 78/200 | lr 0.069971
2026-03-16 07:08:15 - __main__ - INFO - Train: loss 0.1872 acc1 93.99% precision 94.01% recall 94.01% f1 94.01%
2026-03-16 07:08:15 - __main__ - INFO - Val:   loss 2.1738 acc1 58.73% precision 59.47% recall 58.82% f1 58.24%
2026-03-16 07:08:15 - __main__ - INFO - saved best: 58.73%
2026-03-16 07:08:15 - __main__ - INFO - 
Epoch 79/200 | lr 0.069230
2026-03-16 07:08:37 - __main__ - INFO - Train: loss 0.1679 acc1 94.68% precision 94.68% recall 94.68% f1 94.68%
2026-03-16 07:08:37 - __main__ - INFO - Val:   loss 2.2026 acc1 56.20% precision 58.08% recall 56.17% f1 56.21%
2026-03-16 07:08:37 - __main__ - INFO - 
Epoch 80/200 | lr 0.068484
2026-03-16 07:08:58 - __main__ - INFO - Train: loss 0.1743 acc1 94.48% precision 94.48% recall 94.49% f1 94.48%
2026-03-16 07:08:58 - __main__ - INFO - Val:   loss 2.2116 acc1 56.86% precision 57.93% recall 57.04% f1 56.79%
2026-03-16 07:08:58 - __main__ - INFO - 
Epoch 81/200 | lr 0.067733
2026-03-16 07:09:20 - __main__ - INFO - Train: loss 0.1714 acc1 94.63% precision 94.64% recall 94.64% f1 94.64%
2026-03-16 07:09:20 - __main__ - INFO - Val:   loss 2.2432 acc1 56.98% precision 58.38% recall 57.14% f1 56.82%
2026-03-16 07:09:20 - __main__ - INFO - 
Epoch 82/200 | lr 0.066978
2026-03-16 07:09:42 - __main__ - INFO - Train: loss 0.1716 acc1 94.50% precision 94.52% recall 94.52% f1 94.52%
2026-03-16 07:09:42 - __main__ - INFO - Val:   loss 2.2970 acc1 55.79% precision 57.01% recall 56.12% f1 55.60%
2026-03-16 07:09:42 - __main__ - INFO - 
Epoch 83/200 | lr 0.066218
2026-03-16 07:10:03 - __main__ - INFO - Train: loss 0.1699 acc1 94.68% precision 94.69% recall 94.68% f1 94.68%
2026-03-16 07:10:03 - __main__ - INFO - Val:   loss 2.2174 acc1 56.30% precision 57.45% recall 56.58% f1 56.16%
2026-03-16 07:10:03 - __main__ - INFO - 
Epoch 84/200 | lr 0.065454
2026-03-16 07:10:25 - __main__ - INFO - Train: loss 0.1596 acc1 94.98% precision 95.00% recall 94.99% f1 94.99%
2026-03-16 07:10:25 - __main__ - INFO - Val:   loss 2.2094 acc1 57.70% precision 58.92% recall 57.82% f1 57.38%
2026-03-16 07:10:25 - __main__ - INFO - 
Epoch 85/200 | lr 0.064686
2026-03-16 07:10:47 - __main__ - INFO - Train: loss 0.1547 acc1 95.21% precision 95.23% recall 95.23% f1 95.22%
2026-03-16 07:10:47 - __main__ - INFO - Val:   loss 2.2297 acc1 57.25% precision 59.30% recall 57.30% f1 57.28%
2026-03-16 07:10:47 - __main__ - INFO - 
Epoch 86/200 | lr 0.063914
2026-03-16 07:11:08 - __main__ - INFO - Train: loss 0.1596 acc1 95.07% precision 95.09% recall 95.09% f1 95.09%
2026-03-16 07:11:08 - __main__ - INFO - Val:   loss 2.2591 acc1 56.66% precision 57.69% recall 56.81% f1 56.62%
2026-03-16 07:11:08 - __main__ - INFO - 
Epoch 87/200 | lr 0.063139
2026-03-16 07:11:30 - __main__ - INFO - Train: loss 0.1393 acc1 95.72% precision 95.74% recall 95.74% f1 95.73%
2026-03-16 07:11:30 - __main__ - INFO - Val:   loss 2.2183 acc1 57.10% precision 57.76% recall 57.34% f1 56.91%
2026-03-16 07:11:30 - __main__ - INFO - 
Epoch 88/200 | lr 0.062360
2026-03-16 07:11:51 - __main__ - INFO - Train: loss 0.1500 acc1 95.27% precision 95.29% recall 95.29% f1 95.29%
2026-03-16 07:11:51 - __main__ - INFO - Val:   loss 2.1968 acc1 58.06% precision 58.55% recall 58.17% f1 57.56%
2026-03-16 07:11:51 - __main__ - INFO - 
Epoch 89/200 | lr 0.061578
2026-03-16 07:12:13 - __main__ - INFO - Train: loss 0.1516 acc1 95.32% precision 95.35% recall 95.34% f1 95.34%
2026-03-16 07:12:13 - __main__ - INFO - Val:   loss 2.2240 acc1 58.11% precision 58.71% recall 58.32% f1 57.77%
2026-03-16 07:12:13 - __main__ - INFO - 
Epoch 90/200 | lr 0.060793
2026-03-16 07:12:35 - __main__ - INFO - Train: loss 0.1341 acc1 95.86% precision 95.87% recall 95.87% f1 95.87%
2026-03-16 07:12:35 - __main__ - INFO - Val:   loss 2.2223 acc1 57.49% precision 58.27% recall 57.73% f1 57.24%
2026-03-16 07:12:35 - __main__ - INFO - 
Epoch 91/200 | lr 0.060005
2026-03-16 07:12:56 - __main__ - INFO - Train: loss 0.1324 acc1 95.94% precision 95.96% recall 95.96% f1 95.96%
2026-03-16 07:12:56 - __main__ - INFO - Val:   loss 2.1974 acc1 58.63% precision 59.29% recall 58.79% f1 58.28%
2026-03-16 07:12:56 - __main__ - INFO - 
Epoch 92/200 | lr 0.059215
2026-03-16 07:13:18 - __main__ - INFO - Train: loss 0.1293 acc1 95.93% precision 95.94% recall 95.94% f1 95.94%
2026-03-16 07:13:18 - __main__ - INFO - Val:   loss 2.1729 acc1 57.64% precision 58.49% recall 57.79% f1 57.39%
2026-03-16 07:13:18 - __main__ - INFO - 
Epoch 93/200 | lr 0.058422
2026-03-16 07:13:40 - __main__ - INFO - Train: loss 0.1299 acc1 95.98% precision 95.99% recall 95.98% f1 95.98%
2026-03-16 07:13:40 - __main__ - INFO - Val:   loss 2.2039 acc1 57.47% precision 58.46% recall 57.58% f1 57.15%
2026-03-16 07:13:40 - __main__ - INFO - 
Epoch 94/200 | lr 0.057627
2026-03-16 07:14:01 - __main__ - INFO - Train: loss 0.1298 acc1 95.97% precision 95.98% recall 95.98% f1 95.98%
2026-03-16 07:14:01 - __main__ - INFO - Val:   loss 2.1900 acc1 57.39% precision 58.24% recall 57.51% f1 57.12%
2026-03-16 07:14:01 - __main__ - INFO - 
Epoch 95/200 | lr 0.056830
2026-03-16 07:14:23 - __main__ - INFO - Train: loss 0.1174 acc1 96.46% precision 96.47% recall 96.47% f1 96.47%
2026-03-16 07:14:23 - __main__ - INFO - Val:   loss 2.1770 acc1 58.45% precision 59.69% recall 58.74% f1 58.31%
2026-03-16 07:14:23 - __main__ - INFO - 
Epoch 96/200 | lr 0.056031
2026-03-16 07:14:44 - __main__ - INFO - Train: loss 0.0955 acc1 97.18% precision 97.19% recall 97.18% f1 97.18%
2026-03-16 07:14:44 - __main__ - INFO - Val:   loss 2.1619 acc1 58.80% precision 59.00% recall 58.95% f1 58.30%
2026-03-16 07:14:44 - __main__ - INFO - saved best: 58.80%
2026-03-16 07:14:44 - __main__ - INFO - 
Epoch 97/200 | lr 0.055231
2026-03-16 07:15:06 - __main__ - INFO - Train: loss 0.0953 acc1 97.17% precision 97.18% recall 97.18% f1 97.18%
2026-03-16 07:15:06 - __main__ - INFO - Val:   loss 2.1023 acc1 59.64% precision 60.43% recall 59.85% f1 59.33%
2026-03-16 07:15:06 - __main__ - INFO - saved best: 59.64%
2026-03-16 07:15:06 - __main__ - INFO - 
Epoch 98/200 | lr 0.054429
2026-03-16 07:15:28 - __main__ - INFO - Train: loss 0.1079 acc1 96.70% precision 96.71% recall 96.71% f1 96.71%
2026-03-16 07:15:28 - __main__ - INFO - Val:   loss 2.1510 acc1 58.59% precision 59.33% recall 58.74% f1 58.37%
2026-03-16 07:15:28 - __main__ - INFO - 
Epoch 99/200 | lr 0.053626
2026-03-16 07:15:49 - __main__ - INFO - Train: loss 0.0990 acc1 97.07% precision 97.08% recall 97.08% f1 97.08%
2026-03-16 07:15:49 - __main__ - INFO - Val:   loss 2.1408 acc1 58.26% precision 58.71% recall 58.60% f1 58.20%
2026-03-16 07:15:49 - __main__ - INFO - 
Epoch 100/200 | lr 0.052823
2026-03-16 07:16:11 - __main__ - INFO - Train: loss 0.0884 acc1 97.43% precision 97.44% recall 97.44% f1 97.44%
2026-03-16 07:16:11 - __main__ - INFO - Val:   loss 2.2014 acc1 57.83% precision 58.47% recall 57.85% f1 57.33%
2026-03-16 07:16:11 - __main__ - INFO - 
Epoch 101/200 | lr 0.052018
2026-03-16 07:16:33 - __main__ - INFO - Train: loss 0.0843 acc1 97.51% precision 97.51% recall 97.51% f1 97.51%
2026-03-16 07:16:33 - __main__ - INFO - Val:   loss 2.1374 acc1 59.48% precision 60.58% recall 59.57% f1 59.34%
2026-03-16 07:16:33 - __main__ - INFO - 
Epoch 102/200 | lr 0.051213
2026-03-16 07:16:55 - __main__ - INFO - Train: loss 0.0753 acc1 97.91% precision 97.92% recall 97.92% f1 97.92%
2026-03-16 07:16:55 - __main__ - INFO - Val:   loss 2.1802 acc1 58.43% precision 59.84% recall 58.53% f1 58.34%
2026-03-16 07:16:55 - __main__ - INFO - 
Epoch 103/200 | lr 0.050408
2026-03-16 07:17:16 - __main__ - INFO - Train: loss 0.0811 acc1 97.70% precision 97.72% recall 97.71% f1 97.71%
2026-03-16 07:17:16 - __main__ - INFO - Val:   loss 2.1512 acc1 59.53% precision 60.58% recall 59.90% f1 59.57%
2026-03-16 07:17:16 - __main__ - INFO - 
Epoch 104/200 | lr 0.049602
2026-03-16 07:17:38 - __main__ - INFO - Train: loss 0.0760 acc1 97.82% precision 97.84% recall 97.83% f1 97.83%
2026-03-16 07:17:38 - __main__ - INFO - Val:   loss 2.0965 acc1 59.17% precision 59.79% recall 59.41% f1 59.01%
2026-03-16 07:17:38 - __main__ - INFO - 
Epoch 105/200 | lr 0.048797
2026-03-16 07:18:00 - __main__ - INFO - Train: loss 0.0698 acc1 98.04% precision 98.04% recall 98.04% f1 98.04%
2026-03-16 07:18:00 - __main__ - INFO - Val:   loss 2.1062 acc1 59.82% precision 60.03% recall 60.01% f1 59.42%
2026-03-16 07:18:00 - __main__ - INFO - saved best: 59.82%
2026-03-16 07:18:00 - __main__ - INFO - 
Epoch 106/200 | lr 0.047992
2026-03-16 07:18:22 - __main__ - INFO - Train: loss 0.0601 acc1 98.30% precision 98.31% recall 98.31% f1 98.31%
2026-03-16 07:18:22 - __main__ - INFO - Val:   loss 2.1424 acc1 59.36% precision 60.34% recall 59.63% f1 59.37%
2026-03-16 07:18:22 - __main__ - INFO - 
Epoch 107/200 | lr 0.047187
2026-03-16 07:18:44 - __main__ - INFO - Train: loss 0.0767 acc1 97.82% precision 97.83% recall 97.83% f1 97.83%
2026-03-16 07:18:44 - __main__ - INFO - Val:   loss 2.1637 acc1 58.57% precision 59.35% recall 58.81% f1 58.25%
2026-03-16 07:18:44 - __main__ - INFO - 
Epoch 108/200 | lr 0.046384
2026-03-16 07:19:06 - __main__ - INFO - Train: loss 0.0677 acc1 98.07% precision 98.08% recall 98.07% f1 98.08%
2026-03-16 07:19:06 - __main__ - INFO - Val:   loss 2.1031 acc1 59.35% precision 59.84% recall 59.60% f1 59.12%
2026-03-16 07:19:06 - __main__ - INFO - 
Epoch 109/200 | lr 0.045581
2026-03-16 07:19:27 - __main__ - INFO - Train: loss 0.0568 acc1 98.41% precision 98.41% recall 98.41% f1 98.41%
2026-03-16 07:19:27 - __main__ - INFO - Val:   loss 2.0844 acc1 59.86% precision 60.63% recall 60.06% f1 59.76%
2026-03-16 07:19:27 - __main__ - INFO - saved best: 59.86%
2026-03-16 07:19:27 - __main__ - INFO - 
Epoch 110/200 | lr 0.044779
2026-03-16 07:19:49 - __main__ - INFO - Train: loss 0.0458 acc1 98.85% precision 98.86% recall 98.85% f1 98.85%
2026-03-16 07:19:49 - __main__ - INFO - Val:   loss 2.0962 acc1 60.42% precision 60.69% recall 60.62% f1 60.08%
2026-03-16 07:19:49 - __main__ - INFO - saved best: 60.42%
2026-03-16 07:19:49 - __main__ - INFO - 
Epoch 111/200 | lr 0.043979
2026-03-16 07:20:11 - __main__ - INFO - Train: loss 0.0436 acc1 98.94% precision 98.93% recall 98.93% f1 98.93%
2026-03-16 07:20:11 - __main__ - INFO - Val:   loss 2.0773 acc1 59.80% precision 59.81% recall 60.00% f1 59.33%
2026-03-16 07:20:11 - __main__ - INFO - 
Epoch 112/200 | lr 0.043180
2026-03-16 07:20:33 - __main__ - INFO - Train: loss 0.0364 acc1 99.15% precision 99.16% recall 99.15% f1 99.16%
2026-03-16 07:20:33 - __main__ - INFO - Val:   loss 2.0697 acc1 60.95% precision 61.48% recall 61.16% f1 60.75%
2026-03-16 07:20:33 - __main__ - INFO - saved best: 60.95%
2026-03-16 07:20:33 - __main__ - INFO - 
Epoch 113/200 | lr 0.042383
2026-03-16 07:20:54 - __main__ - INFO - Train: loss 0.0332 acc1 99.27% precision 99.28% recall 99.28% f1 99.28%
2026-03-16 07:20:54 - __main__ - INFO - Val:   loss 2.0704 acc1 59.99% precision 60.24% recall 60.18% f1 59.74%
2026-03-16 07:20:54 - __main__ - INFO - 
Epoch 114/200 | lr 0.041588
2026-03-16 07:21:16 - __main__ - INFO - Train: loss 0.0320 acc1 99.29% precision 99.29% recall 99.29% f1 99.29%
2026-03-16 07:21:16 - __main__ - INFO - Val:   loss 2.0159 acc1 60.87% precision 61.16% recall 61.02% f1 60.56%
2026-03-16 07:21:16 - __main__ - INFO - 
Epoch 115/200 | lr 0.040795
2026-03-16 07:21:38 - __main__ - INFO - Train: loss 0.0246 acc1 99.47% precision 99.47% recall 99.47% f1 99.47%
2026-03-16 07:21:38 - __main__ - INFO - Val:   loss 2.0328 acc1 60.58% precision 60.40% recall 60.83% f1 60.02%
2026-03-16 07:21:38 - __main__ - INFO - 
Epoch 116/200 | lr 0.040005
2026-03-16 07:22:00 - __main__ - INFO - Train: loss 0.0201 acc1 99.62% precision 99.63% recall 99.63% f1 99.63%
2026-03-16 07:22:00 - __main__ - INFO - Val:   loss 1.9994 acc1 60.97% precision 61.05% recall 61.09% f1 60.52%
2026-03-16 07:22:00 - __main__ - INFO - saved best: 60.97%
2026-03-16 07:22:00 - __main__ - INFO - 
Epoch 117/200 | lr 0.039217
2026-03-16 07:22:21 - __main__ - INFO - Train: loss 0.0169 acc1 99.68% precision 99.68% recall 99.68% f1 99.68%
2026-03-16 07:22:21 - __main__ - INFO - Val:   loss 1.9770 acc1 61.33% precision 61.30% recall 61.43% f1 61.00%
2026-03-16 07:22:21 - __main__ - INFO - saved best: 61.33%
2026-03-16 07:22:21 - __main__ - INFO - 
Epoch 118/200 | lr 0.038432
2026-03-16 07:22:43 - __main__ - INFO - Train: loss 0.0130 acc1 99.77% precision 99.77% recall 99.77% f1 99.77%
2026-03-16 07:22:43 - __main__ - INFO - Val:   loss 1.9409 acc1 62.12% precision 61.78% recall 62.05% f1 61.53%
2026-03-16 07:22:43 - __main__ - INFO - saved best: 62.12%
2026-03-16 07:22:43 - __main__ - INFO - 
Epoch 119/200 | lr 0.037650
2026-03-16 07:23:05 - __main__ - INFO - Train: loss 0.0107 acc1 99.86% precision 99.86% recall 99.86% f1 99.86%
2026-03-16 07:23:05 - __main__ - INFO - Val:   loss 1.9084 acc1 61.97% precision 61.88% recall 62.20% f1 61.55%
2026-03-16 07:23:05 - __main__ - INFO - 
Epoch 120/200 | lr 0.036871
2026-03-16 07:23:26 - __main__ - INFO - Train: loss 0.0102 acc1 99.85% precision 99.85% recall 99.85% f1 99.85%
2026-03-16 07:23:26 - __main__ - INFO - Val:   loss 1.9112 acc1 61.55% precision 61.58% recall 61.70% f1 61.16%
2026-03-16 07:23:26 - __main__ - INFO - 
Epoch 121/200 | lr 0.036096
2026-03-16 07:23:48 - __main__ - INFO - Train: loss 0.0114 acc1 99.82% precision 99.82% recall 99.82% f1 99.82%
2026-03-16 07:23:48 - __main__ - INFO - Val:   loss 1.9193 acc1 61.16% precision 61.29% recall 61.42% f1 60.90%
2026-03-16 07:23:48 - __main__ - INFO - 
Epoch 122/200 | lr 0.035324
2026-03-16 07:24:10 - __main__ - INFO - Train: loss 0.0090 acc1 99.89% precision 99.89% recall 99.89% f1 99.89%
2026-03-16 07:24:10 - __main__ - INFO - Val:   loss 1.8878 acc1 61.96% precision 61.92% recall 62.23% f1 61.64%
2026-03-16 07:24:10 - __main__ - INFO - 
Epoch 123/200 | lr 0.034556
2026-03-16 07:24:31 - __main__ - INFO - Train: loss 0.0069 acc1 99.94% precision 99.94% recall 99.94% f1 99.94%
2026-03-16 07:24:31 - __main__ - INFO - Val:   loss 1.8340 acc1 62.81% precision 62.68% recall 62.99% f1 62.41%
2026-03-16 07:24:31 - __main__ - INFO - saved best: 62.81%
2026-03-16 07:24:31 - __main__ - INFO - 
Epoch 124/200 | lr 0.033792
2026-03-16 07:24:53 - __main__ - INFO - Train: loss 0.0058 acc1 99.96% precision 99.96% recall 99.96% f1 99.96%
2026-03-16 07:24:53 - __main__ - INFO - Val:   loss 1.8443 acc1 62.71% precision 62.50% recall 62.78% f1 62.27%
2026-03-16 07:24:53 - __main__ - INFO - 
Epoch 125/200 | lr 0.033032
2026-03-16 07:25:14 - __main__ - INFO - Train: loss 0.0070 acc1 99.91% precision 99.91% recall 99.91% f1 99.91%
2026-03-16 07:25:14 - __main__ - INFO - Val:   loss 1.8256 acc1 62.39% precision 62.25% recall 62.62% f1 61.98%
2026-03-16 07:25:14 - __main__ - INFO - 
Epoch 126/200 | lr 0.032277
2026-03-16 07:25:36 - __main__ - INFO - Train: loss 0.0063 acc1 99.95% precision 99.95% recall 99.95% f1 99.95%
2026-03-16 07:25:36 - __main__ - INFO - Val:   loss 1.7862 acc1 63.34% precision 63.33% recall 63.50% f1 63.01%
2026-03-16 07:25:36 - __main__ - INFO - saved best: 63.34%
2026-03-16 07:25:36 - __main__ - INFO - 
Epoch 127/200 | lr 0.031526
2026-03-16 07:25:58 - __main__ - INFO - Train: loss 0.0049 acc1 99.96% precision 99.96% recall 99.96% f1 99.96%
2026-03-16 07:25:58 - __main__ - INFO - Val:   loss 1.7937 acc1 63.45% precision 63.21% recall 63.69% f1 63.02%
2026-03-16 07:25:58 - __main__ - INFO - saved best: 63.45%
2026-03-16 07:25:58 - __main__ - INFO - 
Epoch 128/200 | lr 0.030780
2026-03-16 07:26:20 - __main__ - INFO - Train: loss 0.0046 acc1 99.95% precision 99.95% recall 99.95% f1 99.95%
2026-03-16 07:26:20 - __main__ - INFO - Val:   loss 1.7795 acc1 63.31% precision 63.05% recall 63.48% f1 62.74%
2026-03-16 07:26:20 - __main__ - INFO - 
Epoch 129/200 | lr 0.030039
2026-03-16 07:26:42 - __main__ - INFO - Train: loss 0.0043 acc1 99.98% precision 99.98% recall 99.98% f1 99.98%
2026-03-16 07:26:42 - __main__ - INFO - Val:   loss 1.7534 acc1 63.29% precision 63.20% recall 63.40% f1 62.82%
2026-03-16 07:26:42 - __main__ - INFO - 
Epoch 130/200 | lr 0.029303
2026-03-16 07:27:03 - __main__ - INFO - Train: loss 0.0041 acc1 99.98% precision 99.98% recall 99.98% f1 99.98%
2026-03-16 07:27:03 - __main__ - INFO - Val:   loss 1.7385 acc1 63.20% precision 63.06% recall 63.38% f1 62.82%
2026-03-16 07:27:03 - __main__ - INFO - 
Epoch 131/200 | lr 0.028573
2026-03-16 07:27:25 - __main__ - INFO - Train: loss 0.0041 acc1 99.97% precision 99.97% recall 99.97% f1 99.97%
2026-03-16 07:27:25 - __main__ - INFO - Val:   loss 1.7243 acc1 64.05% precision 63.74% recall 64.17% f1 63.54%
2026-03-16 07:27:25 - __main__ - INFO - saved best: 64.05%
2026-03-16 07:27:25 - __main__ - INFO - 
Epoch 132/200 | lr 0.027848
2026-03-16 07:27:47 - __main__ - INFO - Train: loss 0.0035 acc1 99.98% precision 99.98% recall 99.98% f1 99.98%
2026-03-16 07:27:47 - __main__ - INFO - Val:   loss 1.7239 acc1 63.54% precision 63.23% recall 63.63% f1 63.01%
2026-03-16 07:27:47 - __main__ - INFO - 
Epoch 133/200 | lr 0.027129
2026-03-16 07:28:08 - __main__ - INFO - Train: loss 0.0036 acc1 99.98% precision 99.98% recall 99.98% f1 99.98%
2026-03-16 07:28:08 - __main__ - INFO - Val:   loss 1.7103 acc1 63.47% precision 63.07% recall 63.60% f1 62.93%
2026-03-16 07:28:08 - __main__ - INFO - 
Epoch 134/200 | lr 0.026415
2026-03-16 07:28:30 - __main__ - INFO - Train: loss 0.0040 acc1 99.97% precision 99.97% recall 99.97% f1 99.97%
2026-03-16 07:28:30 - __main__ - INFO - Val:   loss 1.7069 acc1 63.78% precision 63.50% recall 63.95% f1 63.24%
2026-03-16 07:28:30 - __main__ - INFO - 
Epoch 135/200 | lr 0.025708
2026-03-16 07:28:52 - __main__ - INFO - Train: loss 0.0037 acc1 99.98% precision 99.98% recall 99.98% f1 99.98%
2026-03-16 07:28:52 - __main__ - INFO - Val:   loss 1.6980 acc1 64.03% precision 63.84% recall 64.31% f1 63.62%
2026-03-16 07:28:52 - __main__ - INFO - 
Epoch 136/200 | lr 0.025008
2026-03-16 07:29:13 - __main__ - INFO - Train: loss 0.0036 acc1 99.98% precision 99.98% recall 99.98% f1 99.98%
2026-03-16 07:29:13 - __main__ - INFO - Val:   loss 1.7043 acc1 63.90% precision 63.57% recall 64.14% f1 63.46%
2026-03-16 07:29:13 - __main__ - INFO - 
Epoch 137/200 | lr 0.024313
2026-03-16 07:29:35 - __main__ - INFO - Train: loss 0.0034 acc1 99.98% precision 99.98% recall 99.98% f1 99.98%
2026-03-16 07:29:35 - __main__ - INFO - Val:   loss 1.6767 acc1 64.09% precision 63.69% recall 64.26% f1 63.59%
2026-03-16 07:29:35 - __main__ - INFO - saved best: 64.09%
2026-03-16 07:29:35 - __main__ - INFO - 
Epoch 138/200 | lr 0.023626
2026-03-16 07:29:57 - __main__ - INFO - Train: loss 0.0033 acc1 99.99% precision 99.99% recall 99.99% f1 99.99%
2026-03-16 07:29:57 - __main__ - INFO - Val:   loss 1.6705 acc1 64.51% precision 64.06% recall 64.63% f1 64.00%
2026-03-16 07:29:57 - __main__ - INFO - saved best: 64.51%
2026-03-16 07:29:57 - __main__ - INFO - 
Epoch 139/200 | lr 0.022945
2026-03-16 07:30:18 - __main__ - INFO - Train: loss 0.0033 acc1 99.99% precision 99.99% recall 99.99% f1 99.99%
2026-03-16 07:30:18 - __main__ - INFO - Val:   loss 1.6728 acc1 64.19% precision 63.83% recall 64.40% f1 63.75%
2026-03-16 07:30:18 - __main__ - INFO - 
Epoch 140/200 | lr 0.022271
2026-03-16 07:30:40 - __main__ - INFO - Train: loss 0.0034 acc1 99.98% precision 99.98% recall 99.98% f1 99.98%
2026-03-16 07:30:40 - __main__ - INFO - Val:   loss 1.6663 acc1 64.01% precision 63.53% recall 64.19% f1 63.48%
2026-03-16 07:30:40 - __main__ - INFO - 
Epoch 141/200 | lr 0.021605
2026-03-16 07:31:02 - __main__ - INFO - Train: loss 0.0032 acc1 99.99% precision 99.99% recall 99.99% f1 99.99%
2026-03-16 07:31:02 - __main__ - INFO - Val:   loss 1.6532 acc1 64.09% precision 63.67% recall 64.22% f1 63.56%
2026-03-16 07:31:02 - __main__ - INFO - 
Epoch 142/200 | lr 0.020945
2026-03-16 07:31:23 - __main__ - INFO - Train: loss 0.0034 acc1 99.99% precision 99.99% recall 99.99% f1 99.99%
2026-03-16 07:31:23 - __main__ - INFO - Val:   loss 1.6549 acc1 64.26% precision 64.05% recall 64.43% f1 63.80%
2026-03-16 07:31:23 - __main__ - INFO - 
Epoch 143/200 | lr 0.020294
2026-03-16 07:31:46 - __main__ - INFO - Train: loss 0.0031 acc1 99.99% precision 99.99% recall 99.99% f1 99.99%
2026-03-16 07:31:46 - __main__ - INFO - Val:   loss 1.6448 acc1 64.08% precision 63.79% recall 64.26% f1 63.56%
2026-03-16 07:31:46 - __main__ - INFO - 
Epoch 144/200 | lr 0.019650
2026-03-16 07:32:07 - __main__ - INFO - Train: loss 0.0031 acc1 99.98% precision 99.98% recall 99.98% f1 99.98%
2026-03-16 07:32:07 - __main__ - INFO - Val:   loss 1.6388 acc1 64.45% precision 64.14% recall 64.61% f1 63.95%
2026-03-16 07:32:07 - __main__ - INFO - 
Epoch 145/200 | lr 0.019014
2026-03-16 07:32:29 - __main__ - INFO - Train: loss 0.0034 acc1 99.98% precision 99.98% recall 99.98% f1 99.98%
2026-03-16 07:32:29 - __main__ - INFO - Val:   loss 1.6416 acc1 64.20% precision 63.95% recall 64.36% f1 63.69%
2026-03-16 07:32:29 - __main__ - INFO - 
Epoch 146/200 | lr 0.018386
2026-03-16 07:32:51 - __main__ - INFO - Train: loss 0.0031 acc1 99.99% precision 99.99% recall 99.99% f1 99.99%
2026-03-16 07:32:51 - __main__ - INFO - Val:   loss 1.6360 acc1 64.36% precision 64.00% recall 64.53% f1 63.83%
2026-03-16 07:32:51 - __main__ - INFO - 
Epoch 147/200 | lr 0.017766
2026-03-16 07:33:13 - __main__ - INFO - Train: loss 0.0031 acc1 99.99% precision 99.99% recall 99.99% f1 99.99%
2026-03-16 07:33:13 - __main__ - INFO - Val:   loss 1.6368 acc1 64.33% precision 63.98% recall 64.57% f1 63.87%
2026-03-16 07:33:13 - __main__ - INFO - 
Epoch 148/200 | lr 0.017155
2026-03-16 07:33:34 - __main__ - INFO - Train: loss 0.0031 acc1 99.99% precision 99.99% recall 99.99% f1 99.99%
2026-03-16 07:33:34 - __main__ - INFO - Val:   loss 1.6363 acc1 64.14% precision 63.83% recall 64.31% f1 63.64%
2026-03-16 07:33:34 - __main__ - INFO - 
Epoch 149/200 | lr 0.016552
2026-03-16 07:33:56 - __main__ - INFO - Train: loss 0.0030 acc1 99.99% precision 99.99% recall 99.99% f1 99.99%
2026-03-16 07:33:56 - __main__ - INFO - Val:   loss 1.6310 acc1 63.92% precision 63.70% recall 64.09% f1 63.44%
2026-03-16 07:33:56 - __main__ - INFO - 
Epoch 150/200 | lr 0.015958
2026-03-16 07:34:18 - __main__ - INFO - Train: loss 0.0032 acc1 99.97% precision 99.98% recall 99.98% f1 99.98%
2026-03-16 07:34:18 - __main__ - INFO - Val:   loss 1.6225 acc1 64.04% precision 63.57% recall 64.16% f1 63.48%
2026-03-16 07:34:18 - __main__ - INFO - 
Epoch 151/200 | lr 0.015372
2026-03-16 07:34:39 - __main__ - INFO - Train: loss 0.0031 acc1 99.99% precision 99.99% recall 99.99% f1 99.99%
2026-03-16 07:34:39 - __main__ - INFO - Val:   loss 1.6285 acc1 64.23% precision 63.89% recall 64.41% f1 63.67%
2026-03-16 07:34:39 - __main__ - INFO - 
Epoch 152/200 | lr 0.014796
2026-03-16 07:35:01 - __main__ - INFO - Train: loss 0.0028 acc1 100.00% precision 99.99% recall 100.00% f1 100.00%
2026-03-16 07:35:01 - __main__ - INFO - Val:   loss 1.6271 acc1 64.17% precision 63.99% recall 64.34% f1 63.72%
2026-03-16 07:35:01 - __main__ - INFO - 
Epoch 153/200 | lr 0.014229
2026-03-16 07:35:23 - __main__ - INFO - Train: loss 0.0031 acc1 99.99% precision 99.99% recall 99.99% f1 99.99%
2026-03-16 07:35:23 - __main__ - INFO - Val:   loss 1.6171 acc1 64.08% precision 63.88% recall 64.27% f1 63.56%
2026-03-16 07:35:23 - __main__ - INFO - 
Epoch 154/200 | lr 0.013671
2026-03-16 07:35:44 - __main__ - INFO - Train: loss 0.0028 acc1 99.99% precision 99.99% recall 99.99% f1 99.99%
2026-03-16 07:35:44 - __main__ - INFO - Val:   loss 1.6123 acc1 64.34% precision 63.98% recall 64.46% f1 63.73%
2026-03-16 07:35:44 - __main__ - INFO - 
Epoch 155/200 | lr 0.013122
2026-03-16 07:36:06 - __main__ - INFO - Train: loss 0.0030 acc1 99.98% precision 99.98% recall 99.98% f1 99.98%
2026-03-16 07:36:06 - __main__ - INFO - Val:   loss 1.6052 acc1 64.34% precision 64.23% recall 64.47% f1 63.87%
2026-03-16 07:36:06 - __main__ - INFO - 
Epoch 156/200 | lr 0.012583
2026-03-16 07:36:28 - __main__ - INFO - Train: loss 0.0028 acc1 99.99% precision 99.99% recall 99.99% f1 99.99%
2026-03-16 07:36:28 - __main__ - INFO - Val:   loss 1.6078 acc1 64.39% precision 64.18% recall 64.54% f1 63.90%
2026-03-16 07:36:28 - __main__ - INFO - 
Epoch 157/200 | lr 0.012054
2026-03-16 07:36:49 - __main__ - INFO - Train: loss 0.0030 acc1 99.99% precision 99.99% recall 99.99% f1 99.99%
2026-03-16 07:36:49 - __main__ - INFO - Val:   loss 1.6170 acc1 64.10% precision 63.91% recall 64.29% f1 63.63%
2026-03-16 07:36:49 - __main__ - INFO - 
Epoch 158/200 | lr 0.011535
2026-03-16 07:37:11 - __main__ - INFO - Train: loss 0.0028 acc1 99.99% precision 99.99% recall 99.99% f1 99.99%
2026-03-16 07:37:11 - __main__ - INFO - Val:   loss 1.6148 acc1 63.84% precision 63.53% recall 64.03% f1 63.31%
2026-03-16 07:37:11 - __main__ - INFO - 
Epoch 159/200 | lr 0.011025
2026-03-16 07:37:33 - __main__ - INFO - Train: loss 0.0028 acc1 99.99% precision 99.99% recall 99.99% f1 99.99%
2026-03-16 07:37:33 - __main__ - INFO - Val:   loss 1.6069 acc1 64.12% precision 63.93% recall 64.28% f1 63.72%
2026-03-16 07:37:33 - __main__ - INFO - 
Epoch 160/200 | lr 0.010526
2026-03-16 07:37:55 - __main__ - INFO - Train: loss 0.0028 acc1 99.99% precision 99.99% recall 99.99% f1 99.99%
2026-03-16 07:37:55 - __main__ - INFO - Val:   loss 1.6100 acc1 64.03% precision 63.68% recall 64.14% f1 63.42%
2026-03-16 07:37:55 - __main__ - INFO - 
Epoch 161/200 | lr 0.010037
2026-03-16 07:38:17 - __main__ - INFO - Train: loss 0.0028 acc1 99.99% precision 99.99% recall 99.99% f1 99.99%
2026-03-16 07:38:17 - __main__ - INFO - Val:   loss 1.6099 acc1 64.14% precision 63.96% recall 64.34% f1 63.68%
2026-03-16 07:38:17 - __main__ - INFO - 
Epoch 162/200 | lr 0.009558
2026-03-16 07:38:38 - __main__ - INFO - Train: loss 0.0028 acc1 99.99% precision 99.99% recall 99.99% f1 99.99%
2026-03-16 07:38:38 - __main__ - INFO - Val:   loss 1.6071 acc1 64.05% precision 63.82% recall 64.21% f1 63.53%
2026-03-16 07:38:38 - __main__ - INFO - 
Epoch 163/200 | lr 0.009090
2026-03-16 07:39:00 - __main__ - INFO - Train: loss 0.0028 acc1 99.99% precision 99.99% recall 99.99% f1 99.99%
2026-03-16 07:39:00 - __main__ - INFO - Val:   loss 1.6036 acc1 63.81% precision 63.49% recall 63.97% f1 63.28%
2026-03-16 07:39:00 - __main__ - INFO - 
Epoch 164/200 | lr 0.008632
2026-03-16 07:39:22 - __main__ - INFO - Train: loss 0.0027 acc1 99.99% precision 99.99% recall 99.99% f1 99.99%
2026-03-16 07:39:22 - __main__ - INFO - Val:   loss 1.6036 acc1 63.89% precision 63.70% recall 64.08% f1 63.48%
2026-03-16 07:39:22 - __main__ - INFO - 
Epoch 165/200 | lr 0.008186
2026-03-16 07:39:43 - __main__ - INFO - Train: loss 0.0027 acc1 99.99% precision 99.99% recall 99.99% f1 99.99%
2026-03-16 07:39:43 - __main__ - INFO - Val:   loss 1.5932 acc1 64.01% precision 63.74% recall 64.17% f1 63.51%
2026-03-16 07:39:43 - __main__ - INFO - 
Epoch 166/200 | lr 0.007750
2026-03-16 07:40:05 - __main__ - INFO - Train: loss 0.0026 acc1 99.99% precision 99.99% recall 99.99% f1 99.99%
2026-03-16 07:40:05 - __main__ - INFO - Val:   loss 1.5969 acc1 64.04% precision 63.88% recall 64.23% f1 63.63%
2026-03-16 07:40:05 - __main__ - INFO - 
Epoch 167/200 | lr 0.007325
2026-03-16 07:40:27 - __main__ - INFO - Train: loss 0.0028 acc1 99.98% precision 99.98% recall 99.98% f1 99.98%
2026-03-16 07:40:27 - __main__ - INFO - Val:   loss 1.5959 acc1 64.17% precision 63.90% recall 64.32% f1 63.64%
2026-03-16 07:40:27 - __main__ - INFO - 
Epoch 168/200 | lr 0.006911
2026-03-16 07:40:48 - __main__ - INFO - Train: loss 0.0026 acc1 99.99% precision 99.99% recall 99.99% f1 99.99%
2026-03-16 07:40:48 - __main__ - INFO - Val:   loss 1.5951 acc1 64.20% precision 63.91% recall 64.35% f1 63.67%
2026-03-16 07:40:48 - __main__ - INFO - 
Epoch 169/200 | lr 0.006508
2026-03-16 07:41:10 - __main__ - INFO - Train: loss 0.0028 acc1 99.99% precision 99.99% recall 99.99% f1 99.99%
2026-03-16 07:41:10 - __main__ - INFO - Val:   loss 1.5909 acc1 64.40% precision 64.04% recall 64.60% f1 63.88%
2026-03-16 07:41:10 - __main__ - INFO - 
Epoch 170/200 | lr 0.006117
2026-03-16 07:41:32 - __main__ - INFO - Train: loss 0.0026 acc1 99.99% precision 99.99% recall 99.99% f1 99.99%
2026-03-16 07:41:32 - __main__ - INFO - Val:   loss 1.5976 acc1 64.19% precision 63.93% recall 64.42% f1 63.72%
2026-03-16 07:41:32 - __main__ - INFO - 
Epoch 171/200 | lr 0.005737
2026-03-16 07:41:54 - __main__ - INFO - Train: loss 0.0026 acc1 99.99% precision 99.99% recall 99.99% f1 99.99%
2026-03-16 07:41:54 - __main__ - INFO - Val:   loss 1.5975 acc1 64.37% precision 64.06% recall 64.58% f1 63.85%
2026-03-16 07:41:54 - __main__ - INFO - 
Epoch 172/200 | lr 0.005368
2026-03-16 07:42:15 - __main__ - INFO - Train: loss 0.0028 acc1 99.99% precision 99.99% recall 99.99% f1 99.99%
2026-03-16 07:42:15 - __main__ - INFO - Val:   loss 1.6001 acc1 64.05% precision 63.82% recall 64.24% f1 63.52%
2026-03-16 07:42:15 - __main__ - INFO - 
Epoch 173/200 | lr 0.005011
2026-03-16 07:42:37 - __main__ - INFO - Train: loss 0.0027 acc1 99.99% precision 99.99% recall 99.99% f1 99.99%
2026-03-16 07:42:37 - __main__ - INFO - Val:   loss 1.5913 acc1 64.04% precision 63.72% recall 64.19% f1 63.53%
2026-03-16 07:42:37 - __main__ - INFO - 
Epoch 174/200 | lr 0.004666
2026-03-16 07:42:59 - __main__ - INFO - Train: loss 0.0026 acc1 99.99% precision 99.99% recall 99.99% f1 99.99%
2026-03-16 07:42:59 - __main__ - INFO - Val:   loss 1.5890 acc1 64.47% precision 64.18% recall 64.57% f1 63.95%
2026-03-16 07:42:59 - __main__ - INFO - 
Epoch 175/200 | lr 0.004332
2026-03-16 07:43:21 - __main__ - INFO - Train: loss 0.0027 acc1 99.99% precision 99.99% recall 99.99% f1 99.99%
2026-03-16 07:43:21 - __main__ - INFO - Val:   loss 1.5987 acc1 64.22% precision 63.79% recall 64.38% f1 63.63%
2026-03-16 07:43:21 - __main__ - INFO - 
Epoch 176/200 | lr 0.004011
2026-03-16 07:43:43 - __main__ - INFO - Train: loss 0.0026 acc1 100.00% precision 100.00% recall 100.00% f1 100.00%
2026-03-16 07:43:43 - __main__ - INFO - Val:   loss 1.5907 acc1 64.37% precision 64.03% recall 64.47% f1 63.83%
2026-03-16 07:43:43 - __main__ - INFO - 
Epoch 177/200 | lr 0.003701
2026-03-16 07:44:05 - __main__ - INFO - Train: loss 0.0027 acc1 99.99% precision 99.99% recall 99.99% f1 99.99%
2026-03-16 07:44:05 - __main__ - INFO - Val:   loss 1.5937 acc1 64.20% precision 63.87% recall 64.34% f1 63.68%
2026-03-16 07:44:05 - __main__ - INFO - 
Epoch 178/200 | lr 0.003403
2026-03-16 07:44:26 - __main__ - INFO - Train: loss 0.0025 acc1 99.99% precision 99.99% recall 99.99% f1 99.99%
2026-03-16 07:44:26 - __main__ - INFO - Val:   loss 1.5869 acc1 64.60% precision 64.28% recall 64.77% f1 64.09%
2026-03-16 07:44:26 - __main__ - INFO - saved best: 64.60%
2026-03-16 07:44:26 - __main__ - INFO - 
Epoch 179/200 | lr 0.003118
2026-03-16 07:44:48 - __main__ - INFO - Train: loss 0.0026 acc1 99.99% precision 99.99% recall 99.99% f1 99.99%
2026-03-16 07:44:48 - __main__ - INFO - Val:   loss 1.5890 acc1 64.53% precision 64.24% recall 64.65% f1 64.00%
2026-03-16 07:44:48 - __main__ - INFO - 
Epoch 180/200 | lr 0.002844
2026-03-16 07:45:10 - __main__ - INFO - Train: loss 0.0026 acc1 99.99% precision 99.99% recall 99.99% f1 99.99%
2026-03-16 07:45:10 - __main__ - INFO - Val:   loss 1.5893 acc1 64.18% precision 63.83% recall 64.30% f1 63.60%
2026-03-16 07:45:10 - __main__ - INFO - 
Epoch 181/200 | lr 0.002583
2026-03-16 07:45:32 - __main__ - INFO - Train: loss 0.0025 acc1 99.99% precision 99.99% recall 99.99% f1 99.99%
2026-03-16 07:45:32 - __main__ - INFO - Val:   loss 1.5845 acc1 64.47% precision 64.21% recall 64.63% f1 63.96%
2026-03-16 07:45:32 - __main__ - INFO - 
Epoch 182/200 | lr 0.002334
2026-03-16 07:45:53 - __main__ - INFO - Train: loss 0.0027 acc1 99.99% precision 99.99% recall 99.99% f1 99.99%
2026-03-16 07:45:53 - __main__ - INFO - Val:   loss 1.5923 acc1 64.30% precision 64.16% recall 64.44% f1 63.82%
2026-03-16 07:45:53 - __main__ - INFO - 
Epoch 183/200 | lr 0.002097
2026-03-16 07:46:15 - __main__ - INFO - Train: loss 0.0026 acc1 99.99% precision 99.99% recall 99.99% f1 99.99%
2026-03-16 07:46:15 - __main__ - INFO - Val:   loss 1.5877 acc1 64.33% precision 64.06% recall 64.51% f1 63.82%
2026-03-16 07:46:15 - __main__ - INFO - 
Epoch 184/200 | lr 0.001873
2026-03-16 07:46:37 - __main__ - INFO - Train: loss 0.0026 acc1 99.99% precision 99.99% recall 99.99% f1 99.99%
2026-03-16 07:46:37 - __main__ - INFO - Val:   loss 1.5884 acc1 64.37% precision 64.03% recall 64.52% f1 63.83%
2026-03-16 07:46:37 - __main__ - INFO - 
Epoch 185/200 | lr 0.001662
2026-03-16 07:46:58 - __main__ - INFO - Train: loss 0.0025 acc1 99.99% precision 99.99% recall 99.99% f1 99.99%
2026-03-16 07:46:58 - __main__ - INFO - Val:   loss 1.5892 acc1 64.24% precision 63.89% recall 64.38% f1 63.70%
2026-03-16 07:46:58 - __main__ - INFO - 
Epoch 186/200 | lr 0.001463
2026-03-16 07:47:20 - __main__ - INFO - Train: loss 0.0026 acc1 99.99% precision 99.99% recall 99.99% f1 99.99%
2026-03-16 07:47:20 - __main__ - INFO - Val:   loss 1.5858 acc1 64.42% precision 64.05% recall 64.56% f1 63.86%
2026-03-16 07:47:20 - __main__ - INFO - 
Epoch 187/200 | lr 0.001276
2026-03-16 07:47:42 - __main__ - INFO - Train: loss 0.0025 acc1 100.00% precision 100.00% recall 100.00% f1 100.00%
2026-03-16 07:47:42 - __main__ - INFO - Val:   loss 1.5819 acc1 64.40% precision 64.08% recall 64.58% f1 63.91%
2026-03-16 07:47:42 - __main__ - INFO - 
Epoch 188/200 | lr 0.001103
2026-03-16 07:48:03 - __main__ - INFO - Train: loss 0.0026 acc1 99.99% precision 99.99% recall 99.99% f1 99.99%
2026-03-16 07:48:03 - __main__ - INFO - Val:   loss 1.5812 acc1 64.56% precision 64.29% recall 64.68% f1 64.08%
2026-03-16 07:48:03 - __main__ - INFO - 
Epoch 189/200 | lr 0.000941
2026-03-16 07:48:25 - __main__ - INFO - Train: loss 0.0025 acc1 99.99% precision 99.99% recall 99.99% f1 99.99%
2026-03-16 07:48:25 - __main__ - INFO - Val:   loss 1.5808 acc1 64.53% precision 64.23% recall 64.61% f1 64.01%
2026-03-16 07:48:25 - __main__ - INFO - 
Epoch 190/200 | lr 0.000793
2026-03-16 07:48:46 - __main__ - INFO - Train: loss 0.0026 acc1 99.99% precision 99.99% recall 99.99% f1 99.99%
2026-03-16 07:48:46 - __main__ - INFO - Val:   loss 1.5832 acc1 64.38% precision 63.98% recall 64.44% f1 63.80%
2026-03-16 07:48:46 - __main__ - INFO - 
Epoch 191/200 | lr 0.000657
2026-03-16 07:49:07 - __main__ - INFO - Train: loss 0.0025 acc1 99.99% precision 99.99% recall 99.99% f1 99.99%
2026-03-16 07:49:07 - __main__ - INFO - Val:   loss 1.5847 acc1 64.32% precision 63.94% recall 64.45% f1 63.75%
2026-03-16 07:49:07 - __main__ - INFO - 
Epoch 192/200 | lr 0.000535
2026-03-16 07:49:29 - __main__ - INFO - Train: loss 0.0026 acc1 99.99% precision 99.99% recall 99.99% f1 99.99%
2026-03-16 07:49:29 - __main__ - INFO - Val:   loss 1.5804 acc1 64.50% precision 64.14% recall 64.63% f1 63.98%
2026-03-16 07:49:29 - __main__ - INFO - 
Epoch 193/200 | lr 0.000425
2026-03-16 07:49:51 - __main__ - INFO - Train: loss 0.0025 acc1 99.99% precision 99.99% recall 99.99% f1 99.99%
2026-03-16 07:49:51 - __main__ - INFO - Val:   loss 1.5862 acc1 64.30% precision 63.92% recall 64.46% f1 63.72%
2026-03-16 07:49:51 - __main__ - INFO - 
Epoch 194/200 | lr 0.000328
2026-03-16 07:50:12 - __main__ - INFO - Train: loss 0.0025 acc1 100.00% precision 100.00% recall 100.00% f1 100.00%
2026-03-16 07:50:12 - __main__ - INFO - Val:   loss 1.5862 acc1 64.27% precision 63.94% recall 64.46% f1 63.75%
2026-03-16 07:50:12 - __main__ - INFO - 
Epoch 195/200 | lr 0.000243
2026-03-16 07:50:34 - __main__ - INFO - Train: loss 0.0025 acc1 99.99% precision 99.99% recall 99.99% f1 99.99%
2026-03-16 07:50:34 - __main__ - INFO - Val:   loss 1.5866 acc1 64.47% precision 64.09% recall 64.58% f1 63.91%
2026-03-16 07:50:34 - __main__ - INFO - 
Epoch 196/200 | lr 0.000172
2026-03-16 07:50:55 - __main__ - INFO - Train: loss 0.0025 acc1 100.00% precision 100.00% recall 100.00% f1 100.00%
2026-03-16 07:50:55 - __main__ - INFO - Val:   loss 1.5873 acc1 64.17% precision 63.79% recall 64.31% f1 63.58%
2026-03-16 07:50:55 - __main__ - INFO - 
Epoch 197/200 | lr 0.000114
2026-03-16 07:51:16 - __main__ - INFO - Train: loss 0.0026 acc1 100.00% precision 99.99% recall 100.00% f1 100.00%
2026-03-16 07:51:16 - __main__ - INFO - Val:   loss 1.5901 acc1 64.29% precision 63.90% recall 64.40% f1 63.72%
2026-03-16 07:51:16 - __main__ - INFO - 
Epoch 198/200 | lr 0.000068
2026-03-16 07:51:38 - __main__ - INFO - Train: loss 0.0025 acc1 99.99% precision 99.99% recall 99.99% f1 99.99%
2026-03-16 07:51:38 - __main__ - INFO - Val:   loss 1.5782 acc1 64.20% precision 63.76% recall 64.34% f1 63.65%
2026-03-16 07:51:38 - __main__ - INFO - 
Epoch 199/200 | lr 0.000036
2026-03-16 07:52:00 - __main__ - INFO - Train: loss 0.0027 acc1 99.98% precision 99.99% recall 99.99% f1 99.99%
2026-03-16 07:52:00 - __main__ - INFO - Val:   loss 1.5867 acc1 64.13% precision 63.63% recall 64.33% f1 63.53%
2026-03-16 07:52:00 - __main__ - INFO - 
Epoch 200/200 | lr 0.000016
2026-03-16 07:52:21 - __main__ - INFO - Train: loss 0.0025 acc1 99.99% precision 99.99% recall 99.99% f1 99.99%
2026-03-16 07:52:21 - __main__ - INFO - Val:   loss 1.5874 acc1 64.44% precision 64.19% recall 64.66% f1 63.99%
2026-03-16 07:52:21 - __main__ - INFO - Loaded best checkpoint weights for final test evaluation.
2026-03-16 07:52:22 - __main__ - INFO - 
Best tracked (val): 64.60%
2026-03-16 07:52:22 - __main__ - INFO - Final test: loss 1.8582 acc1 62.11% precision 61.43% recall 61.65% f1 61.19%
2026-03-16 07:52:23 - __main__ - INFO - Variant [low_saliency] done — test acc 62.11%, test F1 61.19%, test loss 1.8582
2026-03-16 07:52:23 - __main__ - INFO - 
Results saved to ./runs/cifar100_2026_03/15/comparison_results.json
2026-03-16 07:52:23 - __main__ - INFO - 
========================================================================
2026-03-16 07:52:23 - __main__ - INFO - COMPARISON RESULTS — output model: resnet50
2026-03-16 07:52:23 - __main__ - INFO - ========================================================================
2026-03-16 07:52:23 - __main__ - INFO - Variant              Accuracy         F1       Loss
2026-03-16 07:52:23 - __main__ - INFO - ------------------ ---------- ---------- ----------
2026-03-16 07:52:23 - __main__ - INFO - original               76.35%     75.84%     1.0311
2026-03-16 07:52:23 - __main__ - INFO - low_saliency           75.49%     75.04%     1.1770
2026-03-16 07:52:23 - __main__ - INFO - ========================================================================
2026-03-16 07:52:23 - __main__ - INFO - 
========================================================================
2026-03-16 07:52:23 - __main__ - INFO - COMPARISON RESULTS — output model: densenet121
2026-03-16 07:52:23 - __main__ - INFO - ========================================================================
2026-03-16 07:52:23 - __main__ - INFO - Variant              Accuracy         F1       Loss
2026-03-16 07:52:23 - __main__ - INFO - ------------------ ---------- ---------- ----------
2026-03-16 07:52:23 - __main__ - INFO - original               62.29%     61.22%     1.7710
2026-03-16 07:52:23 - __main__ - INFO - low_saliency           62.11%     61.19%     1.8582
2026-03-16 07:52:23 - __main__ - INFO - ========================================================================
