2026-05-20 05:49:33 - __main__ - INFO - Comparison pipeline | device=cuda | out_dir=./runs/cifar100_2026_05/20 | args={"adamw_betas": [0.9, 0.999], "adamw_eps": 1e-08, "amp": false, "batch_size": 128, "cam_layer": "auto", "config": "/content/CAMRegularization/configs.json", "data_dir": "./data", "dataset": "cifar100", "enable_random_control": false, "enable_shuffled_cam_control": false, "epochs": 100, "gamma": 0.1, "input_models": ["resnet18"], "label_smoothing": 0.0, "log_every": 100, "lr": 0.1, "mask_top_of_threshold": false, "milestones": "60,80", "min_lr": 1e-05, "momentum": 0.9, "nesterov": false, "num_workers": 2, "optimizer": "sgd", "out_dir": "./runs/cifar100_2026_05/20", "output_models": ["resnet34", "densenet121", "efficientnet_b0", "mobilenet_v3_small", "convnext_tiny"], "run_name": "", "scheduler": "cosine", "seed": 40, "threshold": 0.15, "val_split": 0.1, "warmup_epochs": 5, "weight_decay": 0.0005}
2026-05-20 05:49:33 - __main__ - INFO - Enabled variants: ['original', 'low_saliency']
2026-05-20 05:49:33 - __main__ - INFO - 
============================================================
2026-05-20 05:49:33 - __main__ - INFO - Training input model: resnet18
2026-05-20 05:49:33 - __main__ - INFO -   Resolved config → opt=sgd, lr=0.1, wd=0.0005, bs=128, epochs=100, scheduler=cosine, warmup=5
2026-05-20 05:49:33 - __main__ - INFO - ============================================================
2026-05-20 05:49:33 - __main__ - INFO -   Retry policy: training input resnet18 with batch_size=128, amp=False
2026-05-20 05:49:33 - __main__ - INFO - device: cuda | cuda: True | gpu: NVIDIA L4
2026-05-20 05:49:57 - __main__ - INFO - Model: resnet18 | Dataset: cifar100 | Classes: 100 | Optimizer: sgd
2026-05-20 05:49:57 - __main__ - INFO - 
Epoch 1/100 | lr 0.000100
2026-05-20 05:50:15 - __main__ - INFO - Train: loss 4.6293 acc1 1.86%
2026-05-20 05:50:15 - __main__ - INFO - Val:   loss 4.5469 acc1 3.02%
2026-05-20 05:50:15 - __main__ - INFO - saved best: 3.02%
2026-05-20 05:50:15 - __main__ - INFO - 
Epoch 2/100 | lr 0.020080
2026-05-20 05:50:31 - __main__ - INFO - Train: loss 3.7145 acc1 13.22%
2026-05-20 05:50:31 - __main__ - INFO - Val:   loss 3.3052 acc1 19.49%
2026-05-20 05:50:31 - __main__ - INFO - saved best: 19.49%
2026-05-20 05:50:31 - __main__ - INFO - 
Epoch 3/100 | lr 0.040060
2026-05-20 05:50:47 - __main__ - INFO - Train: loss 3.0700 acc1 23.98%
2026-05-20 05:50:47 - __main__ - INFO - Val:   loss 2.7942 acc1 29.22%
2026-05-20 05:50:47 - __main__ - INFO - saved best: 29.22%
2026-05-20 05:50:47 - __main__ - INFO - 
Epoch 4/100 | lr 0.060040
2026-05-20 05:51:03 - __main__ - INFO - Train: loss 2.5567 acc1 33.64%
2026-05-20 05:51:03 - __main__ - INFO - Val:   loss 2.7090 acc1 33.56%
2026-05-20 05:51:03 - __main__ - INFO - saved best: 33.56%
2026-05-20 05:51:03 - __main__ - INFO - 
Epoch 5/100 | lr 0.080020
2026-05-20 05:51:19 - __main__ - INFO - Train: loss 2.1904 acc1 41.14%
2026-05-20 05:51:19 - __main__ - INFO - Val:   loss 2.2749 acc1 41.01%
2026-05-20 05:51:19 - __main__ - INFO - saved best: 41.01%
2026-05-20 05:51:19 - __main__ - INFO - 
Epoch 6/100 | lr 0.100000
2026-05-20 05:51:36 - __main__ - INFO - Train: loss 1.9612 acc1 46.14%
2026-05-20 05:51:36 - __main__ - INFO - Val:   loss 2.6112 acc1 34.76%
2026-05-20 05:51:36 - __main__ - INFO - 
Epoch 7/100 | lr 0.099973
2026-05-20 05:51:52 - __main__ - INFO - Train: loss 1.7402 acc1 51.54%
2026-05-20 05:51:52 - __main__ - INFO - Val:   loss 1.8127 acc1 49.89%
2026-05-20 05:51:52 - __main__ - INFO - saved best: 49.89%
2026-05-20 05:51:52 - __main__ - INFO - 
Epoch 8/100 | lr 0.099891
2026-05-20 05:52:09 - __main__ - INFO - Train: loss 1.6005 acc1 54.72%
2026-05-20 05:52:09 - __main__ - INFO - Val:   loss 1.8219 acc1 51.22%
2026-05-20 05:52:09 - __main__ - INFO - saved best: 51.22%
2026-05-20 05:52:09 - __main__ - INFO - 
Epoch 9/100 | lr 0.099754
2026-05-20 05:52:25 - __main__ - INFO - Train: loss 1.4998 acc1 57.30%
2026-05-20 05:52:25 - __main__ - INFO - Val:   loss 1.8571 acc1 50.20%
2026-05-20 05:52:25 - __main__ - INFO - 
Epoch 10/100 | lr 0.099563
2026-05-20 05:52:42 - __main__ - INFO - Train: loss 1.4328 acc1 59.15%
2026-05-20 05:52:42 - __main__ - INFO - Val:   loss 1.7656 acc1 52.76%
2026-05-20 05:52:42 - __main__ - INFO - saved best: 52.76%
2026-05-20 05:52:42 - __main__ - INFO - 
Epoch 11/100 | lr 0.099318
2026-05-20 05:52:58 - __main__ - INFO - Train: loss 1.3802 acc1 60.53%
2026-05-20 05:52:58 - __main__ - INFO - Val:   loss 2.0364 acc1 46.59%
2026-05-20 05:52:58 - __main__ - INFO - 
Epoch 12/100 | lr 0.099019
2026-05-20 05:53:15 - __main__ - INFO - Train: loss 1.3386 acc1 61.46%
2026-05-20 05:53:15 - __main__ - INFO - Val:   loss 1.7361 acc1 54.31%
2026-05-20 05:53:15 - __main__ - INFO - saved best: 54.31%
2026-05-20 05:53:15 - __main__ - INFO - 
Epoch 13/100 | lr 0.098666
2026-05-20 05:53:31 - __main__ - INFO - Train: loss 1.2956 acc1 62.73%
2026-05-20 05:53:31 - __main__ - INFO - Val:   loss 1.7039 acc1 55.28%
2026-05-20 05:53:31 - __main__ - INFO - saved best: 55.28%
2026-05-20 05:53:31 - __main__ - INFO - 
Epoch 14/100 | lr 0.098261
2026-05-20 05:53:47 - __main__ - INFO - Train: loss 1.2623 acc1 63.48%
2026-05-20 05:53:47 - __main__ - INFO - Val:   loss 1.8173 acc1 52.28%
2026-05-20 05:53:47 - __main__ - INFO - 
Epoch 15/100 | lr 0.097802
2026-05-20 05:54:04 - __main__ - INFO - Train: loss 1.2390 acc1 64.22%
2026-05-20 05:54:04 - __main__ - INFO - Val:   loss 1.7221 acc1 53.62%
2026-05-20 05:54:04 - __main__ - INFO - 
Epoch 16/100 | lr 0.097291
2026-05-20 05:54:20 - __main__ - INFO - Train: loss 1.2005 acc1 65.38%
2026-05-20 05:54:20 - __main__ - INFO - Val:   loss 1.6813 acc1 55.67%
2026-05-20 05:54:20 - __main__ - INFO - saved best: 55.67%
2026-05-20 05:54:20 - __main__ - INFO - 
Epoch 17/100 | lr 0.096729
2026-05-20 05:54:37 - __main__ - INFO - Train: loss 1.1772 acc1 65.87%
2026-05-20 05:54:37 - __main__ - INFO - Val:   loss 1.8599 acc1 52.82%
2026-05-20 05:54:37 - __main__ - INFO - 
Epoch 18/100 | lr 0.096115
2026-05-20 05:54:53 - __main__ - INFO - Train: loss 1.1432 acc1 66.75%
2026-05-20 05:54:53 - __main__ - INFO - Val:   loss 1.7122 acc1 56.11%
2026-05-20 05:54:53 - __main__ - INFO - saved best: 56.11%
2026-05-20 05:54:53 - __main__ - INFO - 
Epoch 19/100 | lr 0.095451
2026-05-20 05:55:10 - __main__ - INFO - Train: loss 1.1241 acc1 67.12%
2026-05-20 05:55:10 - __main__ - INFO - Val:   loss 1.6860 acc1 56.59%
2026-05-20 05:55:10 - __main__ - INFO - saved best: 56.59%
2026-05-20 05:55:10 - __main__ - INFO - 
Epoch 20/100 | lr 0.094737
2026-05-20 05:55:26 - __main__ - INFO - Train: loss 1.1091 acc1 67.57%
2026-05-20 05:55:26 - __main__ - INFO - Val:   loss 1.6526 acc1 55.64%
2026-05-20 05:55:26 - __main__ - INFO - 
Epoch 21/100 | lr 0.093974
2026-05-20 05:55:43 - __main__ - INFO - Train: loss 1.0805 acc1 68.10%
2026-05-20 05:55:43 - __main__ - INFO - Val:   loss 1.6294 acc1 57.24%
2026-05-20 05:55:43 - __main__ - INFO - saved best: 57.24%
2026-05-20 05:55:43 - __main__ - INFO - 
Epoch 22/100 | lr 0.093164
2026-05-20 05:55:59 - __main__ - INFO - Train: loss 1.0657 acc1 68.67%
2026-05-20 05:55:59 - __main__ - INFO - Val:   loss 1.7863 acc1 53.00%
2026-05-20 05:55:59 - __main__ - INFO - 
Epoch 23/100 | lr 0.092306
2026-05-20 05:56:16 - __main__ - INFO - Train: loss 1.0491 acc1 69.24%
2026-05-20 05:56:16 - __main__ - INFO - Val:   loss 1.6130 acc1 57.26%
2026-05-20 05:56:16 - __main__ - INFO - saved best: 57.26%
2026-05-20 05:56:16 - __main__ - INFO - 
Epoch 24/100 | lr 0.091401
2026-05-20 05:56:32 - __main__ - INFO - Train: loss 1.0388 acc1 69.39%
2026-05-20 05:56:32 - __main__ - INFO - Val:   loss 1.5514 acc1 58.69%
2026-05-20 05:56:32 - __main__ - INFO - saved best: 58.69%
2026-05-20 05:56:32 - __main__ - INFO - 
Epoch 25/100 | lr 0.090452
2026-05-20 05:56:49 - __main__ - INFO - Train: loss 1.0156 acc1 69.90%
2026-05-20 05:56:49 - __main__ - INFO - Val:   loss 1.6626 acc1 57.53%
2026-05-20 05:56:49 - __main__ - INFO - 
Epoch 26/100 | lr 0.089458
2026-05-20 05:57:05 - __main__ - INFO - Train: loss 1.0011 acc1 70.67%
2026-05-20 05:57:05 - __main__ - INFO - Val:   loss 1.7079 acc1 56.66%
2026-05-20 05:57:05 - __main__ - INFO - 
Epoch 27/100 | lr 0.088421
2026-05-20 05:57:21 - __main__ - INFO - Train: loss 0.9772 acc1 71.15%
2026-05-20 05:57:21 - __main__ - INFO - Val:   loss 1.6945 acc1 56.77%
2026-05-20 05:57:21 - __main__ - INFO - 
Epoch 28/100 | lr 0.087342
2026-05-20 05:57:38 - __main__ - INFO - Train: loss 0.9715 acc1 71.21%
2026-05-20 05:57:38 - __main__ - INFO - Val:   loss 1.6713 acc1 57.69%
2026-05-20 05:57:38 - __main__ - INFO - 
Epoch 29/100 | lr 0.086223
2026-05-20 05:57:54 - __main__ - INFO - Train: loss 0.9467 acc1 71.95%
2026-05-20 05:57:54 - __main__ - INFO - Val:   loss 1.6250 acc1 58.11%
2026-05-20 05:57:54 - __main__ - INFO - 
Epoch 30/100 | lr 0.085063
2026-05-20 05:58:11 - __main__ - INFO - Train: loss 0.9283 acc1 72.33%
2026-05-20 05:58:11 - __main__ - INFO - Val:   loss 1.5902 acc1 59.32%
2026-05-20 05:58:11 - __main__ - INFO - saved best: 59.32%
2026-05-20 05:58:11 - __main__ - INFO - 
Epoch 31/100 | lr 0.083866
2026-05-20 05:58:27 - __main__ - INFO - Train: loss 0.9268 acc1 72.59%
2026-05-20 05:58:27 - __main__ - INFO - Val:   loss 1.7663 acc1 55.51%
2026-05-20 05:58:27 - __main__ - INFO - 
Epoch 32/100 | lr 0.082631
2026-05-20 05:58:44 - __main__ - INFO - Train: loss 0.8984 acc1 73.26%
2026-05-20 05:58:44 - __main__ - INFO - Val:   loss 1.5657 acc1 59.44%
2026-05-20 05:58:44 - __main__ - INFO - saved best: 59.44%
2026-05-20 05:58:44 - __main__ - INFO - 
Epoch 33/100 | lr 0.081361
2026-05-20 05:59:00 - __main__ - INFO - Train: loss 0.8847 acc1 73.71%
2026-05-20 05:59:00 - __main__ - INFO - Val:   loss 1.5909 acc1 58.52%
2026-05-20 05:59:00 - __main__ - INFO - 
Epoch 34/100 | lr 0.080056
2026-05-20 05:59:17 - __main__ - INFO - Train: loss 0.8753 acc1 73.91%
2026-05-20 05:59:17 - __main__ - INFO - Val:   loss 1.7033 acc1 57.14%
2026-05-20 05:59:17 - __main__ - INFO - 
Epoch 35/100 | lr 0.078719
2026-05-20 05:59:33 - __main__ - INFO - Train: loss 0.8467 acc1 74.56%
2026-05-20 05:59:33 - __main__ - INFO - Val:   loss 1.5512 acc1 60.78%
2026-05-20 05:59:33 - __main__ - INFO - saved best: 60.78%
2026-05-20 05:59:33 - __main__ - INFO - 
Epoch 36/100 | lr 0.077350
2026-05-20 05:59:49 - __main__ - INFO - Train: loss 0.8445 acc1 74.46%
2026-05-20 05:59:49 - __main__ - INFO - Val:   loss 1.5998 acc1 59.20%
2026-05-20 05:59:49 - __main__ - INFO - 
Epoch 37/100 | lr 0.075951
2026-05-20 06:00:06 - __main__ - INFO - Train: loss 0.8254 acc1 75.40%
2026-05-20 06:00:06 - __main__ - INFO - Val:   loss 1.4762 acc1 61.73%
2026-05-20 06:00:06 - __main__ - INFO - saved best: 61.73%
2026-05-20 06:00:06 - __main__ - INFO - 
Epoch 38/100 | lr 0.074524
2026-05-20 06:00:22 - __main__ - INFO - Train: loss 0.8057 acc1 75.93%
2026-05-20 06:00:22 - __main__ - INFO - Val:   loss 1.5484 acc1 60.05%
2026-05-20 06:00:22 - __main__ - INFO - 
Epoch 39/100 | lr 0.073070
2026-05-20 06:00:39 - __main__ - INFO - Train: loss 0.7785 acc1 76.30%
2026-05-20 06:00:39 - __main__ - INFO - Val:   loss 1.7409 acc1 57.06%
2026-05-20 06:00:39 - __main__ - INFO - 
Epoch 40/100 | lr 0.071591
2026-05-20 06:00:55 - __main__ - INFO - Train: loss 0.7815 acc1 76.33%
2026-05-20 06:00:55 - __main__ - INFO - Val:   loss 1.6217 acc1 57.91%
2026-05-20 06:00:55 - __main__ - INFO - 
Epoch 41/100 | lr 0.070088
2026-05-20 06:01:12 - __main__ - INFO - Train: loss 0.7547 acc1 77.23%
2026-05-20 06:01:12 - __main__ - INFO - Val:   loss 1.5705 acc1 59.59%
2026-05-20 06:01:12 - __main__ - INFO - 
Epoch 42/100 | lr 0.068563
2026-05-20 06:01:28 - __main__ - INFO - Train: loss 0.7307 acc1 77.98%
2026-05-20 06:01:28 - __main__ - INFO - Val:   loss 1.4926 acc1 61.55%
2026-05-20 06:01:28 - __main__ - INFO - 
Epoch 43/100 | lr 0.067018
2026-05-20 06:01:44 - __main__ - INFO - Train: loss 0.7227 acc1 78.20%
2026-05-20 06:01:44 - __main__ - INFO - Val:   loss 1.4874 acc1 61.77%
2026-05-20 06:01:44 - __main__ - INFO - saved best: 61.77%
2026-05-20 06:01:44 - __main__ - INFO - 
Epoch 44/100 | lr 0.065454
2026-05-20 06:02:01 - __main__ - INFO - Train: loss 0.7080 acc1 78.65%
2026-05-20 06:02:01 - __main__ - INFO - Val:   loss 1.7564 acc1 56.53%
2026-05-20 06:02:01 - __main__ - INFO - 
Epoch 45/100 | lr 0.063874
2026-05-20 06:02:17 - __main__ - INFO - Train: loss 0.6899 acc1 79.02%
2026-05-20 06:02:17 - __main__ - INFO - Val:   loss 1.3908 acc1 63.56%
2026-05-20 06:02:17 - __main__ - INFO - saved best: 63.56%
2026-05-20 06:02:17 - __main__ - INFO - 
Epoch 46/100 | lr 0.062278
2026-05-20 06:02:34 - __main__ - INFO - Train: loss 0.6643 acc1 79.72%
2026-05-20 06:02:34 - __main__ - INFO - Val:   loss 1.4861 acc1 62.11%
2026-05-20 06:02:34 - __main__ - INFO - 
Epoch 47/100 | lr 0.060669
2026-05-20 06:02:50 - __main__ - INFO - Train: loss 0.6476 acc1 79.92%
2026-05-20 06:02:50 - __main__ - INFO - Val:   loss 1.5887 acc1 61.81%
2026-05-20 06:02:50 - __main__ - INFO - 
Epoch 48/100 | lr 0.059048
2026-05-20 06:03:06 - __main__ - INFO - Train: loss 0.6292 acc1 80.74%
2026-05-20 06:03:06 - __main__ - INFO - Val:   loss 1.4249 acc1 62.59%
2026-05-20 06:03:06 - __main__ - INFO - 
Epoch 49/100 | lr 0.057417
2026-05-20 06:03:23 - __main__ - INFO - Train: loss 0.6037 acc1 81.56%
2026-05-20 06:03:23 - __main__ - INFO - Val:   loss 1.4802 acc1 62.32%
2026-05-20 06:03:23 - __main__ - INFO - 
Epoch 50/100 | lr 0.055779
2026-05-20 06:03:39 - __main__ - INFO - Train: loss 0.5872 acc1 81.98%
2026-05-20 06:03:39 - __main__ - INFO - Val:   loss 1.4805 acc1 63.01%
2026-05-20 06:03:39 - __main__ - INFO - 
Epoch 51/100 | lr 0.054134
2026-05-20 06:03:56 - __main__ - INFO - Train: loss 0.5680 acc1 82.44%
2026-05-20 06:03:56 - __main__ - INFO - Val:   loss 1.4903 acc1 63.15%
2026-05-20 06:03:56 - __main__ - INFO - 
Epoch 52/100 | lr 0.052484
2026-05-20 06:04:12 - __main__ - INFO - Train: loss 0.5481 acc1 83.07%
2026-05-20 06:04:12 - __main__ - INFO - Val:   loss 1.6472 acc1 60.12%
2026-05-20 06:04:12 - __main__ - INFO - 
Epoch 53/100 | lr 0.050832
2026-05-20 06:04:28 - __main__ - INFO - Train: loss 0.5309 acc1 83.50%
2026-05-20 06:04:28 - __main__ - INFO - Val:   loss 1.4711 acc1 63.19%
2026-05-20 06:04:28 - __main__ - INFO - 
Epoch 54/100 | lr 0.049178
2026-05-20 06:04:45 - __main__ - INFO - Train: loss 0.5126 acc1 84.14%
2026-05-20 06:04:45 - __main__ - INFO - Val:   loss 1.4765 acc1 63.45%
2026-05-20 06:04:45 - __main__ - INFO - 
Epoch 55/100 | lr 0.047526
2026-05-20 06:05:01 - __main__ - INFO - Train: loss 0.4890 acc1 84.78%
2026-05-20 06:05:01 - __main__ - INFO - Val:   loss 1.4877 acc1 62.82%
2026-05-20 06:05:01 - __main__ - INFO - 
Epoch 56/100 | lr 0.045876
2026-05-20 06:05:18 - __main__ - INFO - Train: loss 0.4576 acc1 85.94%
2026-05-20 06:05:18 - __main__ - INFO - Val:   loss 1.4899 acc1 63.53%
2026-05-20 06:05:18 - __main__ - INFO - 
Epoch 57/100 | lr 0.044231
2026-05-20 06:05:34 - __main__ - INFO - Train: loss 0.4392 acc1 86.48%
2026-05-20 06:05:34 - __main__ - INFO - Val:   loss 1.4841 acc1 64.13%
2026-05-20 06:05:34 - __main__ - INFO - saved best: 64.13%
2026-05-20 06:05:34 - __main__ - INFO - 
Epoch 58/100 | lr 0.042593
2026-05-20 06:05:50 - __main__ - INFO - Train: loss 0.4172 acc1 87.02%
2026-05-20 06:05:50 - __main__ - INFO - Val:   loss 1.5116 acc1 64.10%
2026-05-20 06:05:50 - __main__ - INFO - 
Epoch 59/100 | lr 0.040962
2026-05-20 06:06:07 - __main__ - INFO - Train: loss 0.3875 acc1 88.03%
2026-05-20 06:06:07 - __main__ - INFO - Val:   loss 1.3775 acc1 65.54%
2026-05-20 06:06:07 - __main__ - INFO - saved best: 65.54%
2026-05-20 06:06:07 - __main__ - INFO - 
Epoch 60/100 | lr 0.039341
2026-05-20 06:06:23 - __main__ - INFO - Train: loss 0.3637 acc1 88.84%
2026-05-20 06:06:23 - __main__ - INFO - Val:   loss 1.3836 acc1 66.33%
2026-05-20 06:06:23 - __main__ - INFO - saved best: 66.33%
2026-05-20 06:06:23 - __main__ - INFO - 
Epoch 61/100 | lr 0.037732
2026-05-20 06:06:40 - __main__ - INFO - Train: loss 0.3417 acc1 89.38%
2026-05-20 06:06:40 - __main__ - INFO - Val:   loss 1.3911 acc1 66.09%
2026-05-20 06:06:40 - __main__ - INFO - 
Epoch 62/100 | lr 0.036136
2026-05-20 06:06:56 - __main__ - INFO - Train: loss 0.3294 acc1 89.77%
2026-05-20 06:06:56 - __main__ - INFO - Val:   loss 1.4138 acc1 65.44%
2026-05-20 06:06:56 - __main__ - INFO - 
Epoch 63/100 | lr 0.034556
2026-05-20 06:07:12 - __main__ - INFO - Train: loss 0.3005 acc1 90.82%
2026-05-20 06:07:12 - __main__ - INFO - Val:   loss 1.4402 acc1 65.82%
2026-05-20 06:07:12 - __main__ - INFO - 
Epoch 64/100 | lr 0.032992
2026-05-20 06:07:29 - __main__ - INFO - Train: loss 0.2803 acc1 91.43%
2026-05-20 06:07:29 - __main__ - INFO - Val:   loss 1.3881 acc1 66.98%
2026-05-20 06:07:29 - __main__ - INFO - saved best: 66.98%
2026-05-20 06:07:29 - __main__ - INFO - 
Epoch 65/100 | lr 0.031447
2026-05-20 06:07:45 - __main__ - INFO - Train: loss 0.2616 acc1 91.94%
2026-05-20 06:07:45 - __main__ - INFO - Val:   loss 1.3662 acc1 67.14%
2026-05-20 06:07:45 - __main__ - INFO - saved best: 67.14%
2026-05-20 06:07:45 - __main__ - INFO - 
Epoch 66/100 | lr 0.029922
2026-05-20 06:08:02 - __main__ - INFO - Train: loss 0.2287 acc1 93.23%
2026-05-20 06:08:02 - __main__ - INFO - Val:   loss 1.3192 acc1 68.29%
2026-05-20 06:08:02 - __main__ - INFO - saved best: 68.29%
2026-05-20 06:08:02 - __main__ - INFO - 
Epoch 67/100 | lr 0.028419
2026-05-20 06:08:18 - __main__ - INFO - Train: loss 0.2086 acc1 93.80%
2026-05-20 06:08:18 - __main__ - INFO - Val:   loss 1.3215 acc1 67.40%
2026-05-20 06:08:18 - __main__ - INFO - 
Epoch 68/100 | lr 0.026940
2026-05-20 06:08:34 - __main__ - INFO - Train: loss 0.1911 acc1 94.41%
2026-05-20 06:08:34 - __main__ - INFO - Val:   loss 1.3348 acc1 67.75%
2026-05-20 06:08:34 - __main__ - INFO - 
Epoch 69/100 | lr 0.025486
2026-05-20 06:08:51 - __main__ - INFO - Train: loss 0.1698 acc1 95.15%
2026-05-20 06:08:51 - __main__ - INFO - Val:   loss 1.1996 acc1 70.94%
2026-05-20 06:08:51 - __main__ - INFO - saved best: 70.94%
2026-05-20 06:08:51 - __main__ - INFO - 
Epoch 70/100 | lr 0.024059
2026-05-20 06:09:07 - __main__ - INFO - Train: loss 0.1433 acc1 96.06%
2026-05-20 06:09:07 - __main__ - INFO - Val:   loss 1.1989 acc1 71.32%
2026-05-20 06:09:07 - __main__ - INFO - saved best: 71.32%
2026-05-20 06:09:07 - __main__ - INFO - 
Epoch 71/100 | lr 0.022660
2026-05-20 06:09:23 - __main__ - INFO - Train: loss 0.1183 acc1 96.84%
2026-05-20 06:09:23 - __main__ - INFO - Val:   loss 1.1757 acc1 71.66%
2026-05-20 06:09:23 - __main__ - INFO - saved best: 71.66%
2026-05-20 06:09:23 - __main__ - INFO - 
Epoch 72/100 | lr 0.021291
2026-05-20 06:09:40 - __main__ - INFO - Train: loss 0.1020 acc1 97.35%
2026-05-20 06:09:40 - __main__ - INFO - Val:   loss 1.2585 acc1 70.63%
2026-05-20 06:09:40 - __main__ - INFO - 
Epoch 73/100 | lr 0.019954
2026-05-20 06:09:56 - __main__ - INFO - Train: loss 0.0858 acc1 97.94%
2026-05-20 06:09:56 - __main__ - INFO - Val:   loss 1.1159 acc1 72.77%
2026-05-20 06:09:56 - __main__ - INFO - saved best: 72.77%
2026-05-20 06:09:56 - __main__ - INFO - 
Epoch 74/100 | lr 0.018649
2026-05-20 06:10:13 - __main__ - INFO - Train: loss 0.0650 acc1 98.61%
2026-05-20 06:10:13 - __main__ - INFO - Val:   loss 1.1151 acc1 72.88%
2026-05-20 06:10:13 - __main__ - INFO - saved best: 72.88%
2026-05-20 06:10:13 - __main__ - INFO - 
Epoch 75/100 | lr 0.017379
2026-05-20 06:10:29 - __main__ - INFO - Train: loss 0.0565 acc1 98.82%
2026-05-20 06:10:29 - __main__ - INFO - Val:   loss 1.0776 acc1 74.55%
2026-05-20 06:10:29 - __main__ - INFO - saved best: 74.55%
2026-05-20 06:10:29 - __main__ - INFO - 
Epoch 76/100 | lr 0.016144
2026-05-20 06:10:45 - __main__ - INFO - Train: loss 0.0419 acc1 99.28%
2026-05-20 06:10:45 - __main__ - INFO - Val:   loss 1.0488 acc1 74.98%
2026-05-20 06:10:45 - __main__ - INFO - saved best: 74.98%
2026-05-20 06:10:45 - __main__ - INFO - 
Epoch 77/100 | lr 0.014947
2026-05-20 06:11:02 - __main__ - INFO - Train: loss 0.0331 acc1 99.52%
2026-05-20 06:11:02 - __main__ - INFO - Val:   loss 1.0363 acc1 75.33%
2026-05-20 06:11:02 - __main__ - INFO - saved best: 75.33%
2026-05-20 06:11:02 - __main__ - INFO - 
Epoch 78/100 | lr 0.013787
2026-05-20 06:11:18 - __main__ - INFO - Train: loss 0.0265 acc1 99.66%
2026-05-20 06:11:18 - __main__ - INFO - Val:   loss 1.0188 acc1 75.50%
2026-05-20 06:11:18 - __main__ - INFO - saved best: 75.50%
2026-05-20 06:11:18 - __main__ - INFO - 
Epoch 79/100 | lr 0.012668
2026-05-20 06:11:35 - __main__ - INFO - Train: loss 0.0230 acc1 99.71%
2026-05-20 06:11:35 - __main__ - INFO - Val:   loss 0.9749 acc1 75.67%
2026-05-20 06:11:35 - __main__ - INFO - saved best: 75.67%
2026-05-20 06:11:35 - __main__ - INFO - 
Epoch 80/100 | lr 0.011589
2026-05-20 06:11:51 - __main__ - INFO - Train: loss 0.0196 acc1 99.82%
2026-05-20 06:11:51 - __main__ - INFO - Val:   loss 0.9585 acc1 76.16%
2026-05-20 06:11:51 - __main__ - INFO - saved best: 76.16%
2026-05-20 06:11:51 - __main__ - INFO - 
Epoch 81/100 | lr 0.010552
2026-05-20 06:12:07 - __main__ - INFO - Train: loss 0.0166 acc1 99.89%
2026-05-20 06:12:07 - __main__ - INFO - Val:   loss 0.9459 acc1 76.94%
2026-05-20 06:12:07 - __main__ - INFO - saved best: 76.94%
2026-05-20 06:12:07 - __main__ - INFO - 
Epoch 82/100 | lr 0.009558
2026-05-20 06:12:24 - __main__ - INFO - Train: loss 0.0152 acc1 99.90%
2026-05-20 06:12:24 - __main__ - INFO - Val:   loss 0.9423 acc1 76.46%
2026-05-20 06:12:24 - __main__ - INFO - 
Epoch 83/100 | lr 0.008609
2026-05-20 06:12:40 - __main__ - INFO - Train: loss 0.0139 acc1 99.93%
2026-05-20 06:12:40 - __main__ - INFO - Val:   loss 0.9304 acc1 77.03%
2026-05-20 06:12:40 - __main__ - INFO - saved best: 77.03%
2026-05-20 06:12:40 - __main__ - INFO - 
Epoch 84/100 | lr 0.007704
2026-05-20 06:12:57 - __main__ - INFO - Train: loss 0.0128 acc1 99.94%
2026-05-20 06:12:57 - __main__ - INFO - Val:   loss 0.9240 acc1 76.80%
2026-05-20 06:12:57 - __main__ - INFO - 
Epoch 85/100 | lr 0.006846
2026-05-20 06:13:13 - __main__ - INFO - Train: loss 0.0130 acc1 99.93%
2026-05-20 06:13:13 - __main__ - INFO - Val:   loss 0.9208 acc1 76.56%
2026-05-20 06:13:13 - __main__ - INFO - 
Epoch 86/100 | lr 0.006036
2026-05-20 06:13:29 - __main__ - INFO - Train: loss 0.0122 acc1 99.93%
2026-05-20 06:13:29 - __main__ - INFO - Val:   loss 0.9134 acc1 77.32%
2026-05-20 06:13:29 - __main__ - INFO - saved best: 77.32%
2026-05-20 06:13:29 - __main__ - INFO - 
Epoch 87/100 | lr 0.005273
2026-05-20 06:13:46 - __main__ - INFO - Train: loss 0.0117 acc1 99.96%
2026-05-20 06:13:46 - __main__ - INFO - Val:   loss 0.9150 acc1 76.95%
2026-05-20 06:13:46 - __main__ - INFO - 
Epoch 88/100 | lr 0.004559
2026-05-20 06:14:02 - __main__ - INFO - Train: loss 0.0114 acc1 99.96%
2026-05-20 06:14:02 - __main__ - INFO - Val:   loss 0.9043 acc1 77.03%
2026-05-20 06:14:02 - __main__ - INFO - 
Epoch 89/100 | lr 0.003895
2026-05-20 06:14:19 - __main__ - INFO - Train: loss 0.0112 acc1 99.95%
2026-05-20 06:14:19 - __main__ - INFO - Val:   loss 0.9034 acc1 77.38%
2026-05-20 06:14:19 - __main__ - INFO - saved best: 77.38%
2026-05-20 06:14:19 - __main__ - INFO - 
Epoch 90/100 | lr 0.003281
2026-05-20 06:14:35 - __main__ - INFO - Train: loss 0.0111 acc1 99.95%
2026-05-20 06:14:35 - __main__ - INFO - Val:   loss 0.9034 acc1 77.23%
2026-05-20 06:14:35 - __main__ - INFO - 
Epoch 91/100 | lr 0.002719
2026-05-20 06:14:51 - __main__ - INFO - Train: loss 0.0105 acc1 99.98%
2026-05-20 06:14:51 - __main__ - INFO - Val:   loss 0.8983 acc1 77.34%
2026-05-20 06:14:51 - __main__ - INFO - 
Epoch 92/100 | lr 0.002208
2026-05-20 06:15:08 - __main__ - INFO - Train: loss 0.0109 acc1 99.96%
2026-05-20 06:15:08 - __main__ - INFO - Val:   loss 0.9037 acc1 77.17%
2026-05-20 06:15:08 - __main__ - INFO - 
Epoch 93/100 | lr 0.001749
2026-05-20 06:15:24 - __main__ - INFO - Train: loss 0.0103 acc1 99.96%
2026-05-20 06:15:24 - __main__ - INFO - Val:   loss 0.9015 acc1 77.03%
2026-05-20 06:15:24 - __main__ - INFO - 
Epoch 94/100 | lr 0.001344
2026-05-20 06:15:41 - __main__ - INFO - Train: loss 0.0101 acc1 99.97%
2026-05-20 06:15:41 - __main__ - INFO - Val:   loss 0.8998 acc1 77.01%
2026-05-20 06:15:41 - __main__ - INFO - 
Epoch 95/100 | lr 0.000991
2026-05-20 06:15:57 - __main__ - INFO - Train: loss 0.0103 acc1 99.98%
2026-05-20 06:15:57 - __main__ - INFO - Val:   loss 0.8983 acc1 76.93%
2026-05-20 06:15:57 - __main__ - INFO - 
Epoch 96/100 | lr 0.000692
2026-05-20 06:16:13 - __main__ - INFO - Train: loss 0.0102 acc1 99.97%
2026-05-20 06:16:13 - __main__ - INFO - Val:   loss 0.8986 acc1 76.97%
2026-05-20 06:16:13 - __main__ - INFO - 
Epoch 97/100 | lr 0.000447
2026-05-20 06:16:30 - __main__ - INFO - Train: loss 0.0103 acc1 99.98%
2026-05-20 06:16:30 - __main__ - INFO - Val:   loss 0.8987 acc1 77.21%
2026-05-20 06:16:30 - __main__ - INFO - 
Epoch 98/100 | lr 0.000256
2026-05-20 06:16:46 - __main__ - INFO - Train: loss 0.0100 acc1 99.98%
2026-05-20 06:16:46 - __main__ - INFO - Val:   loss 0.8985 acc1 77.11%
2026-05-20 06:16:46 - __main__ - INFO - 
Epoch 99/100 | lr 0.000119
2026-05-20 06:17:03 - __main__ - INFO - Train: loss 0.0103 acc1 99.98%
2026-05-20 06:17:03 - __main__ - INFO - Val:   loss 0.8996 acc1 77.03%
2026-05-20 06:17:03 - __main__ - INFO - 
Epoch 100/100 | lr 0.000037
2026-05-20 06:17:19 - __main__ - INFO - Train: loss 0.0101 acc1 99.97%
2026-05-20 06:17:19 - __main__ - INFO - Val:   loss 0.8941 acc1 77.11%
2026-05-20 06:17:19 - __main__ - INFO - Loaded best checkpoint weights for final test evaluation.
2026-05-20 06:17:20 - __main__ - INFO - 
Best tracked (val): 77.38%
2026-05-20 06:17:20 - __main__ - INFO - Final test: loss 0.9353 acc1 76.63%
2026-05-20 06:17:21 - __main__ - INFO -   Final training settings for input resnet18: batch_size=128, amp=False
2026-05-20 06:17:21 - __main__ - INFO - Input model resnet18 done — test acc 76.63%, test loss 0.9353
2026-05-20 06:17:21 - __main__ - INFO - 
Preparing eval dataloaders for HiResCAM computation …
2026-05-20 06:17:24 - __main__ - INFO - 
Saving variant datasets to data/comparison_cifar100_2026_05/20
2026-05-20 06:17:24 - __main__ - INFO - Generating train variants → data/comparison_cifar100_2026_05/20
2026-05-20 06:17:26 - __main__ - INFO -   [train] processed 1280 images …
2026-05-20 06:17:27 - __main__ - INFO -   [train] processed 2560 images …
2026-05-20 06:17:29 - __main__ - INFO -   [train] processed 3840 images …
2026-05-20 06:17:31 - __main__ - INFO -   [train] processed 5120 images …
2026-05-20 06:17:32 - __main__ - INFO -   [train] processed 6400 images …
2026-05-20 06:17:34 - __main__ - INFO -   [train] processed 7680 images …
2026-05-20 06:17:35 - __main__ - INFO -   [train] processed 8960 images …
2026-05-20 06:17:37 - __main__ - INFO -   [train] processed 10240 images …
2026-05-20 06:17:38 - __main__ - INFO -   [train] processed 11520 images …
2026-05-20 06:17:40 - __main__ - INFO -   [train] processed 12800 images …
2026-05-20 06:17:42 - __main__ - INFO -   [train] processed 14080 images …
2026-05-20 06:17:43 - __main__ - INFO -   [train] processed 15360 images …
2026-05-20 06:17:45 - __main__ - INFO -   [train] processed 16640 images …
2026-05-20 06:17:46 - __main__ - INFO -   [train] processed 17920 images …
2026-05-20 06:17:48 - __main__ - INFO -   [train] processed 19200 images …
2026-05-20 06:17:50 - __main__ - INFO -   [train] processed 20480 images …
2026-05-20 06:17:51 - __main__ - INFO -   [train] processed 21760 images …
2026-05-20 06:17:53 - __main__ - INFO -   [train] processed 23040 images …
2026-05-20 06:17:54 - __main__ - INFO -   [train] processed 24320 images …
2026-05-20 06:17:56 - __main__ - INFO -   [train] processed 25600 images …
2026-05-20 06:17:58 - __main__ - INFO -   [train] processed 26880 images …
2026-05-20 06:17:59 - __main__ - INFO -   [train] processed 28160 images …
2026-05-20 06:18:01 - __main__ - INFO -   [train] processed 29440 images …
2026-05-20 06:18:02 - __main__ - INFO -   [train] processed 30720 images …
2026-05-20 06:18:04 - __main__ - INFO -   [train] processed 32000 images …
2026-05-20 06:18:06 - __main__ - INFO -   [train] processed 33280 images …
2026-05-20 06:18:07 - __main__ - INFO -   [train] processed 34560 images …
2026-05-20 06:18:09 - __main__ - INFO -   [train] processed 35840 images …
2026-05-20 06:18:10 - __main__ - INFO -   [train] processed 37120 images …
2026-05-20 06:18:12 - __main__ - INFO -   [train] processed 38400 images …
2026-05-20 06:18:13 - __main__ - INFO -   [train] processed 39680 images …
2026-05-20 06:18:15 - __main__ - INFO -   [train] processed 40960 images …
2026-05-20 06:18:17 - __main__ - INFO -   [train] processed 42240 images …
2026-05-20 06:18:18 - __main__ - INFO -   [train] processed 43520 images …
2026-05-20 06:18:20 - __main__ - INFO -   [train] processed 44800 images …
2026-05-20 06:18:20 - __main__ - INFO -   [train] processed 45000 images …
2026-05-20 06:18:20 - __main__ - INFO -   [train] saved 45000 images for all 2 variants
2026-05-20 06:18:20 - __main__ - INFO - Generating test variants → data/comparison_cifar100_2026_05/20
2026-05-20 06:18:22 - __main__ - INFO -   [test] processed 1280 images …
2026-05-20 06:18:23 - __main__ - INFO -   [test] processed 2560 images …
2026-05-20 06:18:25 - __main__ - INFO -   [test] processed 3840 images …
2026-05-20 06:18:26 - __main__ - INFO -   [test] processed 5120 images …
2026-05-20 06:18:28 - __main__ - INFO -   [test] processed 6400 images …
2026-05-20 06:18:30 - __main__ - INFO -   [test] processed 7680 images …
2026-05-20 06:18:31 - __main__ - INFO -   [test] processed 8960 images …
2026-05-20 06:18:32 - __main__ - INFO -   [test] processed 10000 images …
2026-05-20 06:18:32 - __main__ - INFO -   [test] saved 10000 images for all 2 variants
2026-05-20 06:18:33 - __main__ - INFO - 
Starting output model sweep: resnet34
2026-05-20 06:18:33 - __main__ - INFO - 
============================================================
2026-05-20 06:18:33 - __main__ - INFO - Training output model: resnet34 [original]
2026-05-20 06:18:33 - __main__ - INFO -   Resolved config → opt=sgd, lr=0.1, wd=0.0005, bs=128, epochs=100, scheduler=cosine, warmup=5
2026-05-20 06:18:33 - __main__ - INFO - ============================================================
2026-05-20 06:18:33 - __main__ - INFO -   Validation during training uses variant split with val_split=0.1
2026-05-20 06:18:33 - __main__ - INFO -   Final test uses original test split
2026-05-20 06:18:33 - __main__ - INFO -   Retry policy: training output resnet34 [original] with batch_size=128, amp=False
2026-05-20 06:18:33 - __main__ - INFO - device: cuda | cuda: True | gpu: NVIDIA L4
2026-05-20 06:18:33 - __main__ - INFO - Model: resnet34 | Dataset: cifar100 | Classes: 100 | Optimizer: sgd
2026-05-20 06:18:33 - __main__ - INFO - 
Epoch 1/100 | lr 0.000100
2026-05-20 06:19:00 - __main__ - INFO - Train: loss 4.6304 acc1 1.49%
2026-05-20 06:19:00 - __main__ - INFO - Val:   loss 4.5635 acc1 2.06%
2026-05-20 06:19:00 - __main__ - INFO - saved best: 2.06%
2026-05-20 06:19:00 - __main__ - INFO - 
Epoch 2/100 | lr 0.020080
2026-05-20 06:19:26 - __main__ - INFO - Train: loss 3.9213 acc1 9.67%
2026-05-20 06:19:26 - __main__ - INFO - Val:   loss 3.5801 acc1 14.38%
2026-05-20 06:19:26 - __main__ - INFO - saved best: 14.38%
2026-05-20 06:19:26 - __main__ - INFO - 
Epoch 3/100 | lr 0.040060
2026-05-20 06:19:52 - __main__ - INFO - Train: loss 3.3500 acc1 18.73%
2026-05-20 06:19:52 - __main__ - INFO - Val:   loss 3.1383 acc1 23.42%
2026-05-20 06:19:52 - __main__ - INFO - saved best: 23.42%
2026-05-20 06:19:52 - __main__ - INFO - 
Epoch 4/100 | lr 0.060040
2026-05-20 06:20:17 - __main__ - INFO - Train: loss 2.8743 acc1 27.23%
2026-05-20 06:20:17 - __main__ - INFO - Val:   loss 2.7323 acc1 29.28%
2026-05-20 06:20:17 - __main__ - INFO - saved best: 29.28%
2026-05-20 06:20:17 - __main__ - INFO - 
Epoch 5/100 | lr 0.080020
2026-05-20 06:20:43 - __main__ - INFO - Train: loss 2.4670 acc1 34.73%
2026-05-20 06:20:43 - __main__ - INFO - Val:   loss 2.4868 acc1 35.72%
2026-05-20 06:20:43 - __main__ - INFO - saved best: 35.72%
2026-05-20 06:20:43 - __main__ - INFO - 
Epoch 6/100 | lr 0.100000
2026-05-20 06:21:09 - __main__ - INFO - Train: loss 2.1830 acc1 40.83%
2026-05-20 06:21:09 - __main__ - INFO - Val:   loss 2.2400 acc1 41.50%
2026-05-20 06:21:09 - __main__ - INFO - saved best: 41.50%
2026-05-20 06:21:09 - __main__ - INFO - 
Epoch 7/100 | lr 0.099973
2026-05-20 06:21:35 - __main__ - INFO - Train: loss 1.9238 acc1 47.04%
2026-05-20 06:21:35 - __main__ - INFO - Val:   loss 2.5560 acc1 36.35%
2026-05-20 06:21:35 - __main__ - INFO - 
Epoch 8/100 | lr 0.099891
2026-05-20 06:22:01 - __main__ - INFO - Train: loss 1.7537 acc1 50.78%
2026-05-20 06:22:01 - __main__ - INFO - Val:   loss 1.9685 acc1 46.91%
2026-05-20 06:22:01 - __main__ - INFO - saved best: 46.91%
2026-05-20 06:22:01 - __main__ - INFO - 
Epoch 9/100 | lr 0.099754
2026-05-20 06:22:27 - __main__ - INFO - Train: loss 1.6206 acc1 54.28%
2026-05-20 06:22:27 - __main__ - INFO - Val:   loss 1.8224 acc1 49.85%
2026-05-20 06:22:27 - __main__ - INFO - saved best: 49.85%
2026-05-20 06:22:27 - __main__ - INFO - 
Epoch 10/100 | lr 0.099563
2026-05-20 06:22:53 - __main__ - INFO - Train: loss 1.5291 acc1 56.44%
2026-05-20 06:22:53 - __main__ - INFO - Val:   loss 1.9133 acc1 48.89%
2026-05-20 06:22:53 - __main__ - INFO - 
Epoch 11/100 | lr 0.099318
2026-05-20 06:23:18 - __main__ - INFO - Train: loss 1.4560 acc1 58.49%
2026-05-20 06:23:18 - __main__ - INFO - Val:   loss 1.7182 acc1 52.64%
2026-05-20 06:23:18 - __main__ - INFO - saved best: 52.64%
2026-05-20 06:23:18 - __main__ - INFO - 
Epoch 12/100 | lr 0.099019
2026-05-20 06:23:44 - __main__ - INFO - Train: loss 1.3983 acc1 59.96%
2026-05-20 06:23:44 - __main__ - INFO - Val:   loss 1.9428 acc1 49.36%
2026-05-20 06:23:44 - __main__ - INFO - 
Epoch 13/100 | lr 0.098666
2026-05-20 06:24:10 - __main__ - INFO - Train: loss 1.3553 acc1 60.95%
2026-05-20 06:24:10 - __main__ - INFO - Val:   loss 2.1148 acc1 47.72%
2026-05-20 06:24:10 - __main__ - INFO - 
Epoch 14/100 | lr 0.098261
2026-05-20 06:24:36 - __main__ - INFO - Train: loss 1.3062 acc1 62.30%
2026-05-20 06:24:36 - __main__ - INFO - Val:   loss 1.7426 acc1 53.45%
2026-05-20 06:24:36 - __main__ - INFO - saved best: 53.45%
2026-05-20 06:24:36 - __main__ - INFO - 
Epoch 15/100 | lr 0.097802
2026-05-20 06:25:02 - __main__ - INFO - Train: loss 1.2695 acc1 63.02%
2026-05-20 06:25:02 - __main__ - INFO - Val:   loss 1.7522 acc1 54.15%
2026-05-20 06:25:02 - __main__ - INFO - saved best: 54.15%
2026-05-20 06:25:02 - __main__ - INFO - 
Epoch 16/100 | lr 0.097291
2026-05-20 06:25:27 - __main__ - INFO - Train: loss 1.2316 acc1 64.10%
2026-05-20 06:25:27 - __main__ - INFO - Val:   loss 1.6534 acc1 54.97%
2026-05-20 06:25:27 - __main__ - INFO - saved best: 54.97%
2026-05-20 06:25:27 - __main__ - INFO - 
Epoch 17/100 | lr 0.096729
2026-05-20 06:25:53 - __main__ - INFO - Train: loss 1.2029 acc1 64.77%
2026-05-20 06:25:53 - __main__ - INFO - Val:   loss 1.9525 acc1 50.70%
2026-05-20 06:25:53 - __main__ - INFO - 
Epoch 18/100 | lr 0.096115
2026-05-20 06:26:19 - __main__ - INFO - Train: loss 1.1631 acc1 65.84%
2026-05-20 06:26:19 - __main__ - INFO - Val:   loss 1.7761 acc1 53.09%
2026-05-20 06:26:19 - __main__ - INFO - 
Epoch 19/100 | lr 0.095451
2026-05-20 06:26:45 - __main__ - INFO - Train: loss 1.1469 acc1 66.23%
2026-05-20 06:26:45 - __main__ - INFO - Val:   loss 1.7050 acc1 54.62%
2026-05-20 06:26:45 - __main__ - INFO - 
Epoch 20/100 | lr 0.094737
2026-05-20 06:27:11 - __main__ - INFO - Train: loss 1.1189 acc1 67.25%
2026-05-20 06:27:11 - __main__ - INFO - Val:   loss 1.6864 acc1 54.64%
2026-05-20 06:27:11 - __main__ - INFO - 
Epoch 21/100 | lr 0.093974
2026-05-20 06:27:36 - __main__ - INFO - Train: loss 1.0905 acc1 68.00%
2026-05-20 06:27:36 - __main__ - INFO - Val:   loss 1.6801 acc1 55.02%
2026-05-20 06:27:36 - __main__ - INFO - saved best: 55.02%
2026-05-20 06:27:36 - __main__ - INFO - 
Epoch 22/100 | lr 0.093164
2026-05-20 06:28:02 - __main__ - INFO - Train: loss 1.0663 acc1 68.51%
2026-05-20 06:28:02 - __main__ - INFO - Val:   loss 1.6423 acc1 55.96%
2026-05-20 06:28:02 - __main__ - INFO - saved best: 55.96%
2026-05-20 06:28:02 - __main__ - INFO - 
Epoch 23/100 | lr 0.092306
2026-05-20 06:28:28 - __main__ - INFO - Train: loss 1.0394 acc1 69.19%
2026-05-20 06:28:28 - __main__ - INFO - Val:   loss 1.7223 acc1 55.36%
2026-05-20 06:28:28 - __main__ - INFO - 
Epoch 24/100 | lr 0.091401
2026-05-20 06:28:54 - __main__ - INFO - Train: loss 1.0351 acc1 69.56%
2026-05-20 06:28:54 - __main__ - INFO - Val:   loss 1.4751 acc1 59.10%
2026-05-20 06:28:54 - __main__ - INFO - saved best: 59.10%
2026-05-20 06:28:54 - __main__ - INFO - 
Epoch 25/100 | lr 0.090452
2026-05-20 06:29:19 - __main__ - INFO - Train: loss 0.9974 acc1 70.33%
2026-05-20 06:29:19 - __main__ - INFO - Val:   loss 1.6375 acc1 56.75%
2026-05-20 06:29:19 - __main__ - INFO - 
Epoch 26/100 | lr 0.089458
2026-05-20 06:29:45 - __main__ - INFO - Train: loss 0.9858 acc1 70.70%
2026-05-20 06:29:45 - __main__ - INFO - Val:   loss 1.6486 acc1 57.48%
2026-05-20 06:29:45 - __main__ - INFO - 
Epoch 27/100 | lr 0.088421
2026-05-20 06:30:11 - __main__ - INFO - Train: loss 0.9580 acc1 71.52%
2026-05-20 06:30:11 - __main__ - INFO - Val:   loss 1.5908 acc1 57.74%
2026-05-20 06:30:11 - __main__ - INFO - 
Epoch 28/100 | lr 0.087342
2026-05-20 06:30:37 - __main__ - INFO - Train: loss 0.9492 acc1 71.75%
2026-05-20 06:30:37 - __main__ - INFO - Val:   loss 1.7637 acc1 55.72%
2026-05-20 06:30:37 - __main__ - INFO - 
Epoch 29/100 | lr 0.086223
2026-05-20 06:31:02 - __main__ - INFO - Train: loss 0.9328 acc1 72.04%
2026-05-20 06:31:02 - __main__ - INFO - Val:   loss 1.6133 acc1 57.50%
2026-05-20 06:31:02 - __main__ - INFO - 
Epoch 30/100 | lr 0.085063
2026-05-20 06:31:28 - __main__ - INFO - Train: loss 0.9178 acc1 72.75%
2026-05-20 06:31:28 - __main__ - INFO - Val:   loss 1.4950 acc1 59.66%
2026-05-20 06:31:28 - __main__ - INFO - saved best: 59.66%
2026-05-20 06:31:28 - __main__ - INFO - 
Epoch 31/100 | lr 0.083866
2026-05-20 06:31:54 - __main__ - INFO - Train: loss 0.8861 acc1 73.30%
2026-05-20 06:31:54 - __main__ - INFO - Val:   loss 1.5863 acc1 58.19%
2026-05-20 06:31:54 - __main__ - INFO - 
Epoch 32/100 | lr 0.082631
2026-05-20 06:32:20 - __main__ - INFO - Train: loss 0.8799 acc1 73.47%
2026-05-20 06:32:20 - __main__ - INFO - Val:   loss 1.6429 acc1 56.74%
2026-05-20 06:32:20 - __main__ - INFO - 
Epoch 33/100 | lr 0.081361
2026-05-20 06:32:45 - __main__ - INFO - Train: loss 0.8600 acc1 74.24%
2026-05-20 06:32:45 - __main__ - INFO - Val:   loss 1.5158 acc1 59.86%
2026-05-20 06:32:45 - __main__ - INFO - saved best: 59.86%
2026-05-20 06:32:45 - __main__ - INFO - 
Epoch 34/100 | lr 0.080056
2026-05-20 06:33:11 - __main__ - INFO - Train: loss 0.8393 acc1 74.70%
2026-05-20 06:33:11 - __main__ - INFO - Val:   loss 1.4181 acc1 61.87%
2026-05-20 06:33:11 - __main__ - INFO - saved best: 61.87%
2026-05-20 06:33:11 - __main__ - INFO - 
Epoch 35/100 | lr 0.078719
2026-05-20 06:33:37 - __main__ - INFO - Train: loss 0.8180 acc1 75.31%
2026-05-20 06:33:37 - __main__ - INFO - Val:   loss 1.5153 acc1 60.86%
2026-05-20 06:33:37 - __main__ - INFO - 
Epoch 36/100 | lr 0.077350
2026-05-20 06:34:03 - __main__ - INFO - Train: loss 0.8106 acc1 75.58%
2026-05-20 06:34:03 - __main__ - INFO - Val:   loss 1.5725 acc1 59.70%
2026-05-20 06:34:03 - __main__ - INFO - 
Epoch 37/100 | lr 0.075951
2026-05-20 06:34:28 - __main__ - INFO - Train: loss 0.7818 acc1 76.29%
2026-05-20 06:34:28 - __main__ - INFO - Val:   loss 1.5159 acc1 61.97%
2026-05-20 06:34:28 - __main__ - INFO - saved best: 61.97%
2026-05-20 06:34:28 - __main__ - INFO - 
Epoch 38/100 | lr 0.074524
2026-05-20 06:34:54 - __main__ - INFO - Train: loss 0.7713 acc1 76.61%
2026-05-20 06:34:54 - __main__ - INFO - Val:   loss 1.4710 acc1 63.11%
2026-05-20 06:34:54 - __main__ - INFO - saved best: 63.11%
2026-05-20 06:34:54 - __main__ - INFO - 
Epoch 39/100 | lr 0.073070
2026-05-20 06:35:20 - __main__ - INFO - Train: loss 0.7592 acc1 76.76%
2026-05-20 06:35:20 - __main__ - INFO - Val:   loss 1.3625 acc1 63.28%
2026-05-20 06:35:20 - __main__ - INFO - saved best: 63.28%
2026-05-20 06:35:20 - __main__ - INFO - 
Epoch 40/100 | lr 0.071591
2026-05-20 06:35:46 - __main__ - INFO - Train: loss 0.7287 acc1 77.83%
2026-05-20 06:35:46 - __main__ - INFO - Val:   loss 1.5107 acc1 61.56%
2026-05-20 06:35:46 - __main__ - INFO - 
Epoch 41/100 | lr 0.070088
2026-05-20 06:36:11 - __main__ - INFO - Train: loss 0.7091 acc1 78.38%
2026-05-20 06:36:11 - __main__ - INFO - Val:   loss 1.4855 acc1 61.16%
2026-05-20 06:36:11 - __main__ - INFO - 
Epoch 42/100 | lr 0.068563
2026-05-20 06:36:37 - __main__ - INFO - Train: loss 0.7010 acc1 78.43%
2026-05-20 06:36:37 - __main__ - INFO - Val:   loss 1.5068 acc1 61.18%
2026-05-20 06:36:37 - __main__ - INFO - 
Epoch 43/100 | lr 0.067018
2026-05-20 06:37:03 - __main__ - INFO - Train: loss 0.6759 acc1 79.17%
2026-05-20 06:37:03 - __main__ - INFO - Val:   loss 1.5692 acc1 60.95%
2026-05-20 06:37:03 - __main__ - INFO - 
Epoch 44/100 | lr 0.065454
2026-05-20 06:37:29 - __main__ - INFO - Train: loss 0.6676 acc1 79.29%
2026-05-20 06:37:29 - __main__ - INFO - Val:   loss 1.5688 acc1 61.21%
2026-05-20 06:37:29 - __main__ - INFO - 
Epoch 45/100 | lr 0.063874
2026-05-20 06:37:54 - __main__ - INFO - Train: loss 0.6392 acc1 80.24%
2026-05-20 06:37:54 - __main__ - INFO - Val:   loss 1.7355 acc1 58.26%
2026-05-20 06:37:54 - __main__ - INFO - 
Epoch 46/100 | lr 0.062278
2026-05-20 06:38:20 - __main__ - INFO - Train: loss 0.6370 acc1 80.20%
2026-05-20 06:38:20 - __main__ - INFO - Val:   loss 1.4694 acc1 62.36%
2026-05-20 06:38:20 - __main__ - INFO - 
Epoch 47/100 | lr 0.060669
2026-05-20 06:38:46 - __main__ - INFO - Train: loss 0.5924 acc1 81.78%
2026-05-20 06:38:46 - __main__ - INFO - Val:   loss 1.6289 acc1 60.48%
2026-05-20 06:38:46 - __main__ - INFO - 
Epoch 48/100 | lr 0.059048
2026-05-20 06:39:12 - __main__ - INFO - Train: loss 0.5842 acc1 81.96%
2026-05-20 06:39:12 - __main__ - INFO - Val:   loss 1.5190 acc1 62.05%
2026-05-20 06:39:12 - __main__ - INFO - 
Epoch 49/100 | lr 0.057417
2026-05-20 06:39:37 - __main__ - INFO - Train: loss 0.5608 acc1 82.43%
2026-05-20 06:39:37 - __main__ - INFO - Val:   loss 1.6730 acc1 60.06%
2026-05-20 06:39:37 - __main__ - INFO - 
Epoch 50/100 | lr 0.055779
2026-05-20 06:40:03 - __main__ - INFO - Train: loss 0.5389 acc1 83.09%
2026-05-20 06:40:03 - __main__ - INFO - Val:   loss 1.6224 acc1 60.66%
2026-05-20 06:40:03 - __main__ - INFO - 
Epoch 51/100 | lr 0.054134
2026-05-20 06:40:29 - __main__ - INFO - Train: loss 0.5212 acc1 83.83%
2026-05-20 06:40:29 - __main__ - INFO - Val:   loss 1.5688 acc1 61.86%
2026-05-20 06:40:29 - __main__ - INFO - 
Epoch 52/100 | lr 0.052484
2026-05-20 06:40:55 - __main__ - INFO - Train: loss 0.5113 acc1 84.09%
2026-05-20 06:40:55 - __main__ - INFO - Val:   loss 1.5300 acc1 63.56%
2026-05-20 06:40:55 - __main__ - INFO - saved best: 63.56%
2026-05-20 06:40:55 - __main__ - INFO - 
Epoch 53/100 | lr 0.050832
2026-05-20 06:41:20 - __main__ - INFO - Train: loss 0.4757 acc1 85.29%
2026-05-20 06:41:20 - __main__ - INFO - Val:   loss 1.5181 acc1 63.48%
2026-05-20 06:41:20 - __main__ - INFO - 
Epoch 54/100 | lr 0.049178
2026-05-20 06:41:46 - __main__ - INFO - Train: loss 0.4678 acc1 85.30%
2026-05-20 06:41:46 - __main__ - INFO - Val:   loss 1.4919 acc1 63.22%
2026-05-20 06:41:46 - __main__ - INFO - 
Epoch 55/100 | lr 0.047526
2026-05-20 06:42:12 - __main__ - INFO - Train: loss 0.4282 acc1 86.46%
2026-05-20 06:42:12 - __main__ - INFO - Val:   loss 1.5366 acc1 63.30%
2026-05-20 06:42:12 - __main__ - INFO - 
Epoch 56/100 | lr 0.045876
2026-05-20 06:42:38 - __main__ - INFO - Train: loss 0.4183 acc1 86.82%
2026-05-20 06:42:38 - __main__ - INFO - Val:   loss 1.4864 acc1 63.57%
2026-05-20 06:42:38 - __main__ - INFO - saved best: 63.57%
2026-05-20 06:42:38 - __main__ - INFO - 
Epoch 57/100 | lr 0.044231
2026-05-20 06:43:03 - __main__ - INFO - Train: loss 0.4000 acc1 87.43%
2026-05-20 06:43:03 - __main__ - INFO - Val:   loss 1.4734 acc1 63.42%
2026-05-20 06:43:03 - __main__ - INFO - 
Epoch 58/100 | lr 0.042593
2026-05-20 06:43:29 - __main__ - INFO - Train: loss 0.3786 acc1 88.07%
2026-05-20 06:43:29 - __main__ - INFO - Val:   loss 1.4291 acc1 66.67%
2026-05-20 06:43:29 - __main__ - INFO - saved best: 66.67%
2026-05-20 06:43:29 - __main__ - INFO - 
Epoch 59/100 | lr 0.040962
2026-05-20 06:43:55 - __main__ - INFO - Train: loss 0.3578 acc1 88.70%
2026-05-20 06:43:55 - __main__ - INFO - Val:   loss 1.4777 acc1 65.45%
2026-05-20 06:43:55 - __main__ - INFO - 
Epoch 60/100 | lr 0.039341
2026-05-20 06:44:20 - __main__ - INFO - Train: loss 0.3291 acc1 89.83%
2026-05-20 06:44:20 - __main__ - INFO - Val:   loss 1.3971 acc1 66.49%
2026-05-20 06:44:20 - __main__ - INFO - 
Epoch 61/100 | lr 0.037732
2026-05-20 06:44:46 - __main__ - INFO - Train: loss 0.3106 acc1 90.37%
2026-05-20 06:44:46 - __main__ - INFO - Val:   loss 1.4068 acc1 66.15%
2026-05-20 06:44:46 - __main__ - INFO - 
Epoch 62/100 | lr 0.036136
2026-05-20 06:45:12 - __main__ - INFO - Train: loss 0.2729 acc1 91.56%
2026-05-20 06:45:12 - __main__ - INFO - Val:   loss 1.3248 acc1 67.68%
2026-05-20 06:45:12 - __main__ - INFO - saved best: 67.68%
2026-05-20 06:45:12 - __main__ - INFO - 
Epoch 63/100 | lr 0.034556
2026-05-20 06:45:38 - __main__ - INFO - Train: loss 0.2505 acc1 92.26%
2026-05-20 06:45:38 - __main__ - INFO - Val:   loss 1.3830 acc1 68.13%
2026-05-20 06:45:38 - __main__ - INFO - saved best: 68.13%
2026-05-20 06:45:38 - __main__ - INFO - 
Epoch 64/100 | lr 0.032992
2026-05-20 06:46:03 - __main__ - INFO - Train: loss 0.2356 acc1 92.69%
2026-05-20 06:46:03 - __main__ - INFO - Val:   loss 1.3728 acc1 67.88%
2026-05-20 06:46:03 - __main__ - INFO - 
Epoch 65/100 | lr 0.031447
2026-05-20 06:46:29 - __main__ - INFO - Train: loss 0.2252 acc1 93.10%
2026-05-20 06:46:29 - __main__ - INFO - Val:   loss 1.3539 acc1 68.68%
2026-05-20 06:46:29 - __main__ - INFO - saved best: 68.68%
2026-05-20 06:46:29 - __main__ - INFO - 
Epoch 66/100 | lr 0.029922
2026-05-20 06:46:55 - __main__ - INFO - Train: loss 0.2116 acc1 93.49%
2026-05-20 06:46:55 - __main__ - INFO - Val:   loss 1.4452 acc1 66.81%
2026-05-20 06:46:55 - __main__ - INFO - 
Epoch 67/100 | lr 0.028419
2026-05-20 06:47:20 - __main__ - INFO - Train: loss 0.1803 acc1 94.56%
2026-05-20 06:47:20 - __main__ - INFO - Val:   loss 1.3000 acc1 69.97%
2026-05-20 06:47:20 - __main__ - INFO - saved best: 69.97%
2026-05-20 06:47:20 - __main__ - INFO - 
Epoch 68/100 | lr 0.026940
2026-05-20 06:47:46 - __main__ - INFO - Train: loss 0.1533 acc1 95.43%
2026-05-20 06:47:46 - __main__ - INFO - Val:   loss 1.3328 acc1 69.15%
2026-05-20 06:47:46 - __main__ - INFO - 
Epoch 69/100 | lr 0.025486
2026-05-20 06:48:12 - __main__ - INFO - Train: loss 0.1381 acc1 96.02%
2026-05-20 06:48:12 - __main__ - INFO - Val:   loss 1.3001 acc1 70.56%
2026-05-20 06:48:12 - __main__ - INFO - saved best: 70.56%
2026-05-20 06:48:12 - __main__ - INFO - 
Epoch 70/100 | lr 0.024059
2026-05-20 06:48:37 - __main__ - INFO - Train: loss 0.1088 acc1 96.89%
2026-05-20 06:48:37 - __main__ - INFO - Val:   loss 1.2288 acc1 71.07%
2026-05-20 06:48:37 - __main__ - INFO - saved best: 71.07%
2026-05-20 06:48:37 - __main__ - INFO - 
Epoch 71/100 | lr 0.022660
2026-05-20 06:49:03 - __main__ - INFO - Train: loss 0.1051 acc1 97.00%
2026-05-20 06:49:03 - __main__ - INFO - Val:   loss 1.2632 acc1 70.45%
2026-05-20 06:49:03 - __main__ - INFO - 
Epoch 72/100 | lr 0.021291
2026-05-20 06:49:29 - __main__ - INFO - Train: loss 0.0894 acc1 97.58%
2026-05-20 06:49:29 - __main__ - INFO - Val:   loss 1.2174 acc1 71.38%
2026-05-20 06:49:29 - __main__ - INFO - saved best: 71.38%
2026-05-20 06:49:29 - __main__ - INFO - 
Epoch 73/100 | lr 0.019954
2026-05-20 06:49:55 - __main__ - INFO - Train: loss 0.0677 acc1 98.30%
2026-05-20 06:49:55 - __main__ - INFO - Val:   loss 1.2112 acc1 72.07%
2026-05-20 06:49:55 - __main__ - INFO - saved best: 72.07%
2026-05-20 06:49:55 - __main__ - INFO - 
Epoch 74/100 | lr 0.018649
2026-05-20 06:50:20 - __main__ - INFO - Train: loss 0.0531 acc1 98.74%
2026-05-20 06:50:20 - __main__ - INFO - Val:   loss 1.1981 acc1 72.31%
2026-05-20 06:50:20 - __main__ - INFO - saved best: 72.31%
2026-05-20 06:50:20 - __main__ - INFO - 
Epoch 75/100 | lr 0.017379
2026-05-20 06:50:46 - __main__ - INFO - Train: loss 0.0436 acc1 99.04%
2026-05-20 06:50:46 - __main__ - INFO - Val:   loss 1.1209 acc1 74.49%
2026-05-20 06:50:46 - __main__ - INFO - saved best: 74.49%
2026-05-20 06:50:46 - __main__ - INFO - 
Epoch 76/100 | lr 0.016144
2026-05-20 06:51:12 - __main__ - INFO - Train: loss 0.0356 acc1 99.29%
2026-05-20 06:51:12 - __main__ - INFO - Val:   loss 1.1309 acc1 73.85%
2026-05-20 06:51:12 - __main__ - INFO - 
Epoch 77/100 | lr 0.014947
2026-05-20 06:51:37 - __main__ - INFO - Train: loss 0.0243 acc1 99.62%
2026-05-20 06:51:37 - __main__ - INFO - Val:   loss 1.0794 acc1 74.59%
2026-05-20 06:51:37 - __main__ - INFO - saved best: 74.59%
2026-05-20 06:51:37 - __main__ - INFO - 
Epoch 78/100 | lr 0.013787
2026-05-20 06:52:03 - __main__ - INFO - Train: loss 0.0185 acc1 99.74%
2026-05-20 06:52:03 - __main__ - INFO - Val:   loss 1.0534 acc1 75.23%
2026-05-20 06:52:03 - __main__ - INFO - saved best: 75.23%
2026-05-20 06:52:03 - __main__ - INFO - 
Epoch 79/100 | lr 0.012668
2026-05-20 06:52:29 - __main__ - INFO - Train: loss 0.0167 acc1 99.78%
2026-05-20 06:52:29 - __main__ - INFO - Val:   loss 1.0356 acc1 75.75%
2026-05-20 06:52:29 - __main__ - INFO - saved best: 75.75%
2026-05-20 06:52:29 - __main__ - INFO - 
Epoch 80/100 | lr 0.011589
2026-05-20 06:52:54 - __main__ - INFO - Train: loss 0.0142 acc1 99.84%
2026-05-20 06:52:54 - __main__ - INFO - Val:   loss 1.0338 acc1 75.94%
2026-05-20 06:52:54 - __main__ - INFO - saved best: 75.94%
2026-05-20 06:52:54 - __main__ - INFO - 
Epoch 81/100 | lr 0.010552
2026-05-20 06:53:20 - __main__ - INFO - Train: loss 0.0122 acc1 99.87%
2026-05-20 06:53:20 - __main__ - INFO - Val:   loss 1.0052 acc1 76.32%
2026-05-20 06:53:20 - __main__ - INFO - saved best: 76.32%
2026-05-20 06:53:20 - __main__ - INFO - 
Epoch 82/100 | lr 0.009558
2026-05-20 06:53:46 - __main__ - INFO - Train: loss 0.0103 acc1 99.92%
2026-05-20 06:53:46 - __main__ - INFO - Val:   loss 1.0032 acc1 76.48%
2026-05-20 06:53:46 - __main__ - INFO - saved best: 76.48%
2026-05-20 06:53:46 - __main__ - INFO - 
Epoch 83/100 | lr 0.008609
2026-05-20 06:54:12 - __main__ - INFO - Train: loss 0.0092 acc1 99.94%
2026-05-20 06:54:12 - __main__ - INFO - Val:   loss 0.9881 acc1 76.74%
2026-05-20 06:54:12 - __main__ - INFO - saved best: 76.74%
2026-05-20 06:54:12 - __main__ - INFO - 
Epoch 84/100 | lr 0.007704
2026-05-20 06:54:37 - __main__ - INFO - Train: loss 0.0093 acc1 99.94%
2026-05-20 06:54:37 - __main__ - INFO - Val:   loss 0.9819 acc1 76.27%
2026-05-20 06:54:37 - __main__ - INFO - 
Epoch 85/100 | lr 0.006846
2026-05-20 06:55:03 - __main__ - INFO - Train: loss 0.0083 acc1 99.96%
2026-05-20 06:55:03 - __main__ - INFO - Val:   loss 0.9726 acc1 77.04%
2026-05-20 06:55:03 - __main__ - INFO - saved best: 77.04%
2026-05-20 06:55:03 - __main__ - INFO - 
Epoch 86/100 | lr 0.006036
2026-05-20 06:55:29 - __main__ - INFO - Train: loss 0.0077 acc1 99.95%
2026-05-20 06:55:29 - __main__ - INFO - Val:   loss 0.9659 acc1 76.71%
2026-05-20 06:55:29 - __main__ - INFO - 
Epoch 87/100 | lr 0.005273
2026-05-20 06:55:54 - __main__ - INFO - Train: loss 0.0076 acc1 99.96%
2026-05-20 06:55:54 - __main__ - INFO - Val:   loss 0.9683 acc1 77.13%
2026-05-20 06:55:54 - __main__ - INFO - saved best: 77.13%
2026-05-20 06:55:54 - __main__ - INFO - 
Epoch 88/100 | lr 0.004559
2026-05-20 06:56:20 - __main__ - INFO - Train: loss 0.0076 acc1 99.96%
2026-05-20 06:56:20 - __main__ - INFO - Val:   loss 0.9644 acc1 76.92%
2026-05-20 06:56:20 - __main__ - INFO - 
Epoch 89/100 | lr 0.003895
2026-05-20 06:56:46 - __main__ - INFO - Train: loss 0.0073 acc1 99.97%
2026-05-20 06:56:46 - __main__ - INFO - Val:   loss 0.9650 acc1 76.74%
2026-05-20 06:56:46 - __main__ - INFO - 
Epoch 90/100 | lr 0.003281
2026-05-20 06:57:12 - __main__ - INFO - Train: loss 0.0074 acc1 99.96%
2026-05-20 06:57:12 - __main__ - INFO - Val:   loss 0.9587 acc1 77.32%
2026-05-20 06:57:12 - __main__ - INFO - saved best: 77.32%
2026-05-20 06:57:12 - __main__ - INFO - 
Epoch 91/100 | lr 0.002719
2026-05-20 06:57:37 - __main__ - INFO - Train: loss 0.0072 acc1 99.98%
2026-05-20 06:57:37 - __main__ - INFO - Val:   loss 0.9565 acc1 77.19%
2026-05-20 06:57:37 - __main__ - INFO - 
Epoch 92/100 | lr 0.002208
2026-05-20 06:58:03 - __main__ - INFO - Train: loss 0.0072 acc1 99.97%
2026-05-20 06:58:03 - __main__ - INFO - Val:   loss 0.9565 acc1 77.21%
2026-05-20 06:58:03 - __main__ - INFO - 
Epoch 93/100 | lr 0.001749
2026-05-20 06:58:29 - __main__ - INFO - Train: loss 0.0069 acc1 99.98%
2026-05-20 06:58:29 - __main__ - INFO - Val:   loss 0.9528 acc1 76.88%
2026-05-20 06:58:29 - __main__ - INFO - 
Epoch 94/100 | lr 0.001344
2026-05-20 06:58:54 - __main__ - INFO - Train: loss 0.0069 acc1 99.97%
2026-05-20 06:58:54 - __main__ - INFO - Val:   loss 0.9524 acc1 76.96%
2026-05-20 06:58:54 - __main__ - INFO - 
Epoch 95/100 | lr 0.000991
2026-05-20 06:59:20 - __main__ - INFO - Train: loss 0.0072 acc1 99.96%
2026-05-20 06:59:20 - __main__ - INFO - Val:   loss 0.9542 acc1 76.96%
2026-05-20 06:59:20 - __main__ - INFO - 
Epoch 96/100 | lr 0.000692
2026-05-20 06:59:46 - __main__ - INFO - Train: loss 0.0073 acc1 99.97%
2026-05-20 06:59:46 - __main__ - INFO - Val:   loss 0.9495 acc1 77.11%
2026-05-20 06:59:46 - __main__ - INFO - 
Epoch 97/100 | lr 0.000447
2026-05-20 07:00:11 - __main__ - INFO - Train: loss 0.0069 acc1 99.98%
2026-05-20 07:00:11 - __main__ - INFO - Val:   loss 0.9520 acc1 77.20%
2026-05-20 07:00:11 - __main__ - INFO - 
Epoch 98/100 | lr 0.000256
2026-05-20 07:00:37 - __main__ - INFO - Train: loss 0.0069 acc1 99.97%
2026-05-20 07:00:37 - __main__ - INFO - Val:   loss 0.9490 acc1 77.07%
2026-05-20 07:00:37 - __main__ - INFO - 
Epoch 99/100 | lr 0.000119
2026-05-20 07:01:03 - __main__ - INFO - Train: loss 0.0071 acc1 99.95%
2026-05-20 07:01:03 - __main__ - INFO - Val:   loss 0.9526 acc1 77.18%
2026-05-20 07:01:03 - __main__ - INFO - 
Epoch 100/100 | lr 0.000037
2026-05-20 07:01:28 - __main__ - INFO - Train: loss 0.0068 acc1 99.97%
2026-05-20 07:01:28 - __main__ - INFO - Val:   loss 0.9512 acc1 77.14%
2026-05-20 07:01:28 - __main__ - INFO - Loaded best checkpoint weights for final test evaluation.
2026-05-20 07:01:30 - __main__ - INFO - 
Best tracked (val): 77.32%
2026-05-20 07:01:30 - __main__ - INFO - Final test: loss 0.9506 acc1 76.62%
2026-05-20 07:01:30 - __main__ - INFO -   Final training settings for output resnet34 [original]: batch_size=128, amp=False
2026-05-20 07:01:34 - __main__ - INFO - Variant [original] done — test acc 76.62%, test loss 0.9506
2026-05-20 07:01:34 - __main__ - INFO - 
============================================================
2026-05-20 07:01:34 - __main__ - INFO - Training output model: resnet34 [low_saliency]
2026-05-20 07:01:34 - __main__ - INFO -   Resolved config → opt=sgd, lr=0.1, wd=0.0005, bs=128, epochs=100, scheduler=cosine, warmup=5
2026-05-20 07:01:34 - __main__ - INFO - ============================================================
2026-05-20 07:01:34 - __main__ - INFO -   Validation during training uses variant split with val_split=0.1
2026-05-20 07:01:34 - __main__ - INFO -   Final test uses low_saliency variant test split
2026-05-20 07:01:34 - __main__ - INFO -   Retry policy: training output resnet34 [low_saliency] with batch_size=128, amp=False
2026-05-20 07:01:35 - __main__ - INFO - device: cuda | cuda: True | gpu: NVIDIA L4
2026-05-20 07:01:35 - __main__ - INFO - Model: resnet34 | Dataset: cifar100 | Classes: 100 | Optimizer: sgd
2026-05-20 07:01:35 - __main__ - INFO - 
Epoch 1/100 | lr 0.000100
2026-05-20 07:02:01 - __main__ - INFO - Train: loss 4.6330 acc1 1.41%
2026-05-20 07:02:01 - __main__ - INFO - Val:   loss 4.5683 acc1 1.95%
2026-05-20 07:02:01 - __main__ - INFO - saved best: 1.95%
2026-05-20 07:02:01 - __main__ - INFO - 
Epoch 2/100 | lr 0.020080
2026-05-20 07:02:27 - __main__ - INFO - Train: loss 3.8980 acc1 10.02%
2026-05-20 07:02:27 - __main__ - INFO - Val:   loss 3.4847 acc1 16.72%
2026-05-20 07:02:27 - __main__ - INFO - saved best: 16.72%
2026-05-20 07:02:27 - __main__ - INFO - 
Epoch 3/100 | lr 0.040060
2026-05-20 07:02:53 - __main__ - INFO - Train: loss 3.2684 acc1 19.96%
2026-05-20 07:02:53 - __main__ - INFO - Val:   loss 2.9690 acc1 25.21%
2026-05-20 07:02:53 - __main__ - INFO - saved best: 25.21%
2026-05-20 07:02:53 - __main__ - INFO - 
Epoch 4/100 | lr 0.060040
2026-05-20 07:03:19 - __main__ - INFO - Train: loss 2.7317 acc1 29.85%
2026-05-20 07:03:19 - __main__ - INFO - Val:   loss 2.6331 acc1 32.11%
2026-05-20 07:03:19 - __main__ - INFO - saved best: 32.11%
2026-05-20 07:03:19 - __main__ - INFO - 
Epoch 5/100 | lr 0.080020
2026-05-20 07:03:45 - __main__ - INFO - Train: loss 2.3555 acc1 37.33%
2026-05-20 07:03:45 - __main__ - INFO - Val:   loss 2.4537 acc1 37.34%
2026-05-20 07:03:45 - __main__ - INFO - saved best: 37.34%
2026-05-20 07:03:45 - __main__ - INFO - 
Epoch 6/100 | lr 0.100000
2026-05-20 07:04:11 - __main__ - INFO - Train: loss 2.0724 acc1 43.51%
2026-05-20 07:04:11 - __main__ - INFO - Val:   loss 2.4152 acc1 41.20%
2026-05-20 07:04:11 - __main__ - INFO - saved best: 41.20%
2026-05-20 07:04:11 - __main__ - INFO - 
Epoch 7/100 | lr 0.099973
2026-05-20 07:04:37 - __main__ - INFO - Train: loss 1.8120 acc1 49.55%
2026-05-20 07:04:37 - __main__ - INFO - Val:   loss 2.2994 acc1 41.28%
2026-05-20 07:04:37 - __main__ - INFO - saved best: 41.28%
2026-05-20 07:04:37 - __main__ - INFO - 
Epoch 8/100 | lr 0.099891
2026-05-20 07:05:03 - __main__ - INFO - Train: loss 1.6377 acc1 53.99%
2026-05-20 07:05:03 - __main__ - INFO - Val:   loss 1.8297 acc1 50.34%
2026-05-20 07:05:03 - __main__ - INFO - saved best: 50.34%
2026-05-20 07:05:03 - __main__ - INFO - 
Epoch 9/100 | lr 0.099754
2026-05-20 07:05:29 - __main__ - INFO - Train: loss 1.5155 acc1 56.74%
2026-05-20 07:05:29 - __main__ - INFO - Val:   loss 1.8564 acc1 50.08%
2026-05-20 07:05:29 - __main__ - INFO - 
Epoch 10/100 | lr 0.099563
2026-05-20 07:05:54 - __main__ - INFO - Train: loss 1.4298 acc1 59.09%
2026-05-20 07:05:54 - __main__ - INFO - Val:   loss 1.7589 acc1 52.44%
2026-05-20 07:05:54 - __main__ - INFO - saved best: 52.44%
2026-05-20 07:05:54 - __main__ - INFO - 
Epoch 11/100 | lr 0.099318
2026-05-20 07:06:20 - __main__ - INFO - Train: loss 1.3511 acc1 61.12%
2026-05-20 07:06:20 - __main__ - INFO - Val:   loss 1.8265 acc1 51.18%
2026-05-20 07:06:20 - __main__ - INFO - 
Epoch 12/100 | lr 0.099019
2026-05-20 07:06:46 - __main__ - INFO - Train: loss 1.3050 acc1 62.08%
2026-05-20 07:06:46 - __main__ - INFO - Val:   loss 1.7561 acc1 53.53%
2026-05-20 07:06:46 - __main__ - INFO - saved best: 53.53%
2026-05-20 07:06:46 - __main__ - INFO - 
Epoch 13/100 | lr 0.098666
2026-05-20 07:07:12 - __main__ - INFO - Train: loss 1.2504 acc1 63.92%
2026-05-20 07:07:12 - __main__ - INFO - Val:   loss 1.8184 acc1 51.97%
2026-05-20 07:07:12 - __main__ - INFO - 
Epoch 14/100 | lr 0.098261
2026-05-20 07:07:38 - __main__ - INFO - Train: loss 1.2130 acc1 64.54%
2026-05-20 07:07:38 - __main__ - INFO - Val:   loss 1.7639 acc1 53.95%
2026-05-20 07:07:38 - __main__ - INFO - saved best: 53.95%
2026-05-20 07:07:38 - __main__ - INFO - 
Epoch 15/100 | lr 0.097802
2026-05-20 07:08:03 - __main__ - INFO - Train: loss 1.1704 acc1 65.84%
2026-05-20 07:08:03 - __main__ - INFO - Val:   loss 1.5535 acc1 58.11%
2026-05-20 07:08:03 - __main__ - INFO - saved best: 58.11%
2026-05-20 07:08:03 - __main__ - INFO - 
Epoch 16/100 | lr 0.097291
2026-05-20 07:08:29 - __main__ - INFO - Train: loss 1.1329 acc1 66.72%
2026-05-20 07:08:29 - __main__ - INFO - Val:   loss 1.6766 acc1 55.49%
2026-05-20 07:08:29 - __main__ - INFO - 
Epoch 17/100 | lr 0.096729
2026-05-20 07:08:55 - __main__ - INFO - Train: loss 1.1024 acc1 67.36%
2026-05-20 07:08:55 - __main__ - INFO - Val:   loss 1.5857 acc1 56.68%
2026-05-20 07:08:55 - __main__ - INFO - 
Epoch 18/100 | lr 0.096115
2026-05-20 07:09:21 - __main__ - INFO - Train: loss 1.0759 acc1 68.18%
2026-05-20 07:09:21 - __main__ - INFO - Val:   loss 1.6748 acc1 55.53%
2026-05-20 07:09:21 - __main__ - INFO - 
Epoch 19/100 | lr 0.095451
2026-05-20 07:09:46 - __main__ - INFO - Train: loss 1.0527 acc1 68.93%
2026-05-20 07:09:46 - __main__ - INFO - Val:   loss 1.6565 acc1 55.78%
2026-05-20 07:09:46 - __main__ - INFO - 
Epoch 20/100 | lr 0.094737
2026-05-20 07:10:12 - __main__ - INFO - Train: loss 1.0208 acc1 69.81%
2026-05-20 07:10:12 - __main__ - INFO - Val:   loss 1.7044 acc1 55.40%
2026-05-20 07:10:12 - __main__ - INFO - 
Epoch 21/100 | lr 0.093974
2026-05-20 07:10:38 - __main__ - INFO - Train: loss 1.0012 acc1 70.20%
2026-05-20 07:10:38 - __main__ - INFO - Val:   loss 1.6412 acc1 56.47%
2026-05-20 07:10:38 - __main__ - INFO - 
Epoch 22/100 | lr 0.093164
2026-05-20 07:11:04 - __main__ - INFO - Train: loss 0.9766 acc1 70.92%
2026-05-20 07:11:04 - __main__ - INFO - Val:   loss 1.5632 acc1 58.45%
2026-05-20 07:11:04 - __main__ - INFO - saved best: 58.45%
2026-05-20 07:11:04 - __main__ - INFO - 
Epoch 23/100 | lr 0.092306
2026-05-20 07:11:29 - __main__ - INFO - Train: loss 0.9610 acc1 71.18%
2026-05-20 07:11:29 - __main__ - INFO - Val:   loss 1.4566 acc1 61.01%
2026-05-20 07:11:29 - __main__ - INFO - saved best: 61.01%
2026-05-20 07:11:29 - __main__ - INFO - 
Epoch 24/100 | lr 0.091401
2026-05-20 07:11:55 - __main__ - INFO - Train: loss 0.9442 acc1 71.95%
2026-05-20 07:11:55 - __main__ - INFO - Val:   loss 1.4563 acc1 60.25%
2026-05-20 07:11:55 - __main__ - INFO - 
Epoch 25/100 | lr 0.090452
2026-05-20 07:12:21 - __main__ - INFO - Train: loss 0.9198 acc1 72.55%
2026-05-20 07:12:21 - __main__ - INFO - Val:   loss 1.9511 acc1 52.52%
2026-05-20 07:12:21 - __main__ - INFO - 
Epoch 26/100 | lr 0.089458
2026-05-20 07:12:46 - __main__ - INFO - Train: loss 0.9037 acc1 72.89%
2026-05-20 07:12:46 - __main__ - INFO - Val:   loss 1.4426 acc1 60.52%
2026-05-20 07:12:46 - __main__ - INFO - 
Epoch 27/100 | lr 0.088421
2026-05-20 07:13:12 - __main__ - INFO - Train: loss 0.8826 acc1 73.56%
2026-05-20 07:13:12 - __main__ - INFO - Val:   loss 1.4937 acc1 60.10%
2026-05-20 07:13:12 - __main__ - INFO - 
Epoch 28/100 | lr 0.087342
2026-05-20 07:13:38 - __main__ - INFO - Train: loss 0.8689 acc1 73.90%
2026-05-20 07:13:38 - __main__ - INFO - Val:   loss 1.4989 acc1 60.16%
2026-05-20 07:13:38 - __main__ - INFO - 
Epoch 29/100 | lr 0.086223
2026-05-20 07:14:03 - __main__ - INFO - Train: loss 0.8468 acc1 74.61%
2026-05-20 07:14:03 - __main__ - INFO - Val:   loss 1.8396 acc1 54.27%
2026-05-20 07:14:03 - __main__ - INFO - 
Epoch 30/100 | lr 0.085063
2026-05-20 07:14:29 - __main__ - INFO - Train: loss 0.8300 acc1 74.88%
2026-05-20 07:14:29 - __main__ - INFO - Val:   loss 1.3852 acc1 61.96%
2026-05-20 07:14:29 - __main__ - INFO - saved best: 61.96%
2026-05-20 07:14:29 - __main__ - INFO - 
Epoch 31/100 | lr 0.083866
2026-05-20 07:14:55 - __main__ - INFO - Train: loss 0.8183 acc1 75.27%
2026-05-20 07:14:55 - __main__ - INFO - Val:   loss 1.5888 acc1 58.22%
2026-05-20 07:14:55 - __main__ - INFO - 
Epoch 32/100 | lr 0.082631
2026-05-20 07:15:20 - __main__ - INFO - Train: loss 0.7925 acc1 76.07%
2026-05-20 07:15:20 - __main__ - INFO - Val:   loss 1.4348 acc1 62.65%
2026-05-20 07:15:20 - __main__ - INFO - saved best: 62.65%
2026-05-20 07:15:20 - __main__ - INFO - 
Epoch 33/100 | lr 0.081361
2026-05-20 07:15:46 - __main__ - INFO - Train: loss 0.7880 acc1 76.05%
2026-05-20 07:15:46 - __main__ - INFO - Val:   loss 1.4341 acc1 61.57%
2026-05-20 07:15:46 - __main__ - INFO - 
Epoch 34/100 | lr 0.080056
2026-05-20 07:16:12 - __main__ - INFO - Train: loss 0.7659 acc1 76.61%
2026-05-20 07:16:12 - __main__ - INFO - Val:   loss 1.4701 acc1 60.51%
2026-05-20 07:16:12 - __main__ - INFO - 
Epoch 35/100 | lr 0.078719
2026-05-20 07:16:37 - __main__ - INFO - Train: loss 0.7432 acc1 77.27%
2026-05-20 07:16:37 - __main__ - INFO - Val:   loss 1.6122 acc1 59.04%
2026-05-20 07:16:37 - __main__ - INFO - 
Epoch 36/100 | lr 0.077350
2026-05-20 07:17:03 - __main__ - INFO - Train: loss 0.7305 acc1 77.57%
2026-05-20 07:17:03 - __main__ - INFO - Val:   loss 1.4714 acc1 61.59%
2026-05-20 07:17:03 - __main__ - INFO - 
Epoch 37/100 | lr 0.075951
2026-05-20 07:17:29 - __main__ - INFO - Train: loss 0.7180 acc1 78.08%
2026-05-20 07:17:29 - __main__ - INFO - Val:   loss 1.3727 acc1 64.18%
2026-05-20 07:17:29 - __main__ - INFO - saved best: 64.18%
2026-05-20 07:17:29 - __main__ - INFO - 
Epoch 38/100 | lr 0.074524
2026-05-20 07:17:54 - __main__ - INFO - Train: loss 0.6985 acc1 78.42%
2026-05-20 07:17:54 - __main__ - INFO - Val:   loss 1.5171 acc1 60.99%
2026-05-20 07:17:54 - __main__ - INFO - 
Epoch 39/100 | lr 0.073070
2026-05-20 07:18:20 - __main__ - INFO - Train: loss 0.6873 acc1 78.93%
2026-05-20 07:18:20 - __main__ - INFO - Val:   loss 1.4046 acc1 63.56%
2026-05-20 07:18:20 - __main__ - INFO - 
Epoch 40/100 | lr 0.071591
2026-05-20 07:18:46 - __main__ - INFO - Train: loss 0.6681 acc1 79.25%
2026-05-20 07:18:46 - __main__ - INFO - Val:   loss 1.5158 acc1 62.77%
2026-05-20 07:18:46 - __main__ - INFO - 
Epoch 41/100 | lr 0.070088
2026-05-20 07:19:11 - __main__ - INFO - Train: loss 0.6491 acc1 80.06%
2026-05-20 07:19:11 - __main__ - INFO - Val:   loss 1.3254 acc1 65.77%
2026-05-20 07:19:11 - __main__ - INFO - saved best: 65.77%
2026-05-20 07:19:11 - __main__ - INFO - 
Epoch 42/100 | lr 0.068563
2026-05-20 07:19:37 - __main__ - INFO - Train: loss 0.6321 acc1 80.39%
2026-05-20 07:19:37 - __main__ - INFO - Val:   loss 1.3982 acc1 63.24%
2026-05-20 07:19:37 - __main__ - INFO - 
Epoch 43/100 | lr 0.067018
2026-05-20 07:20:03 - __main__ - INFO - Train: loss 0.6199 acc1 81.02%
2026-05-20 07:20:03 - __main__ - INFO - Val:   loss 1.4611 acc1 62.66%
2026-05-20 07:20:03 - __main__ - INFO - 
Epoch 44/100 | lr 0.065454
2026-05-20 07:20:29 - __main__ - INFO - Train: loss 0.5906 acc1 81.72%
2026-05-20 07:20:29 - __main__ - INFO - Val:   loss 1.4644 acc1 63.14%
2026-05-20 07:20:29 - __main__ - INFO - 
Epoch 45/100 | lr 0.063874
2026-05-20 07:20:54 - __main__ - INFO - Train: loss 0.5900 acc1 81.89%
2026-05-20 07:20:54 - __main__ - INFO - Val:   loss 1.4766 acc1 62.47%
2026-05-20 07:20:54 - __main__ - INFO - 
Epoch 46/100 | lr 0.062278
2026-05-20 07:21:20 - __main__ - INFO - Train: loss 0.5705 acc1 82.29%
2026-05-20 07:21:20 - __main__ - INFO - Val:   loss 1.3688 acc1 64.55%
2026-05-20 07:21:20 - __main__ - INFO - 
Epoch 47/100 | lr 0.060669
2026-05-20 07:21:46 - __main__ - INFO - Train: loss 0.5407 acc1 83.10%
2026-05-20 07:21:46 - __main__ - INFO - Val:   loss 1.7087 acc1 59.63%
2026-05-20 07:21:46 - __main__ - INFO - 
Epoch 48/100 | lr 0.059048
2026-05-20 07:22:11 - __main__ - INFO - Train: loss 0.5274 acc1 83.62%
2026-05-20 07:22:11 - __main__ - INFO - Val:   loss 1.4743 acc1 63.05%
2026-05-20 07:22:11 - __main__ - INFO - 
Epoch 49/100 | lr 0.057417
2026-05-20 07:22:37 - __main__ - INFO - Train: loss 0.5026 acc1 84.34%
2026-05-20 07:22:37 - __main__ - INFO - Val:   loss 1.4392 acc1 64.27%
2026-05-20 07:22:37 - __main__ - INFO - 
Epoch 50/100 | lr 0.055779
2026-05-20 07:23:03 - __main__ - INFO - Train: loss 0.4837 acc1 84.95%
2026-05-20 07:23:03 - __main__ - INFO - Val:   loss 1.3542 acc1 65.78%
2026-05-20 07:23:03 - __main__ - INFO - saved best: 65.78%
2026-05-20 07:23:03 - __main__ - INFO - 
Epoch 51/100 | lr 0.054134
2026-05-20 07:23:28 - __main__ - INFO - Train: loss 0.4729 acc1 85.29%
2026-05-20 07:23:28 - __main__ - INFO - Val:   loss 1.4028 acc1 64.49%
2026-05-20 07:23:28 - __main__ - INFO - 
Epoch 52/100 | lr 0.052484
2026-05-20 07:23:54 - __main__ - INFO - Train: loss 0.4497 acc1 85.92%
2026-05-20 07:23:54 - __main__ - INFO - Val:   loss 1.3353 acc1 66.99%
2026-05-20 07:23:54 - __main__ - INFO - saved best: 66.99%
2026-05-20 07:23:54 - __main__ - INFO - 
Epoch 53/100 | lr 0.050832
2026-05-20 07:24:20 - __main__ - INFO - Train: loss 0.4364 acc1 86.42%
2026-05-20 07:24:20 - __main__ - INFO - Val:   loss 1.3745 acc1 66.10%
2026-05-20 07:24:20 - __main__ - INFO - 
Epoch 54/100 | lr 0.049178
2026-05-20 07:24:45 - __main__ - INFO - Train: loss 0.4151 acc1 87.09%
2026-05-20 07:24:45 - __main__ - INFO - Val:   loss 1.3581 acc1 65.38%
2026-05-20 07:24:45 - __main__ - INFO - 
Epoch 55/100 | lr 0.047526
2026-05-20 07:25:11 - __main__ - INFO - Train: loss 0.3890 acc1 87.78%
2026-05-20 07:25:11 - __main__ - INFO - Val:   loss 1.4085 acc1 66.49%
2026-05-20 07:25:11 - __main__ - INFO - 
Epoch 56/100 | lr 0.045876
2026-05-20 07:25:37 - __main__ - INFO - Train: loss 0.3728 acc1 88.21%
2026-05-20 07:25:37 - __main__ - INFO - Val:   loss 1.3179 acc1 67.24%
2026-05-20 07:25:37 - __main__ - INFO - saved best: 67.24%
2026-05-20 07:25:37 - __main__ - INFO - 
Epoch 57/100 | lr 0.044231
2026-05-20 07:26:02 - __main__ - INFO - Train: loss 0.3453 acc1 89.14%
2026-05-20 07:26:02 - __main__ - INFO - Val:   loss 1.4927 acc1 64.56%
2026-05-20 07:26:02 - __main__ - INFO - 
Epoch 58/100 | lr 0.042593
2026-05-20 07:26:28 - __main__ - INFO - Train: loss 0.3340 acc1 89.51%
2026-05-20 07:26:28 - __main__ - INFO - Val:   loss 1.3711 acc1 66.97%
2026-05-20 07:26:28 - __main__ - INFO - 
Epoch 59/100 | lr 0.040962
2026-05-20 07:26:54 - __main__ - INFO - Train: loss 0.3100 acc1 90.28%
2026-05-20 07:26:54 - __main__ - INFO - Val:   loss 1.2825 acc1 68.75%
2026-05-20 07:26:54 - __main__ - INFO - saved best: 68.75%
2026-05-20 07:26:54 - __main__ - INFO - 
Epoch 60/100 | lr 0.039341
2026-05-20 07:27:20 - __main__ - INFO - Train: loss 0.2876 acc1 91.08%
2026-05-20 07:27:20 - __main__ - INFO - Val:   loss 1.2684 acc1 68.46%
2026-05-20 07:27:20 - __main__ - INFO - 
Epoch 61/100 | lr 0.037732
2026-05-20 07:27:45 - __main__ - INFO - Train: loss 0.2728 acc1 91.57%
2026-05-20 07:27:45 - __main__ - INFO - Val:   loss 1.2361 acc1 69.65%
2026-05-20 07:27:45 - __main__ - INFO - saved best: 69.65%
2026-05-20 07:27:45 - __main__ - INFO - 
Epoch 62/100 | lr 0.036136
2026-05-20 07:28:11 - __main__ - INFO - Train: loss 0.2498 acc1 92.32%
2026-05-20 07:28:11 - __main__ - INFO - Val:   loss 1.2174 acc1 70.69%
2026-05-20 07:28:11 - __main__ - INFO - saved best: 70.69%
2026-05-20 07:28:11 - __main__ - INFO - 
Epoch 63/100 | lr 0.034556
2026-05-20 07:28:37 - __main__ - INFO - Train: loss 0.2325 acc1 92.81%
2026-05-20 07:28:37 - __main__ - INFO - Val:   loss 1.2574 acc1 70.27%
2026-05-20 07:28:37 - __main__ - INFO - 
Epoch 64/100 | lr 0.032992
2026-05-20 07:29:02 - __main__ - INFO - Train: loss 0.2168 acc1 93.36%
2026-05-20 07:29:02 - __main__ - INFO - Val:   loss 1.2293 acc1 70.59%
2026-05-20 07:29:02 - __main__ - INFO - 
Epoch 65/100 | lr 0.031447
2026-05-20 07:29:28 - __main__ - INFO - Train: loss 0.1990 acc1 93.89%
2026-05-20 07:29:28 - __main__ - INFO - Val:   loss 1.1697 acc1 71.97%
2026-05-20 07:29:28 - __main__ - INFO - saved best: 71.97%
2026-05-20 07:29:28 - __main__ - INFO - 
Epoch 66/100 | lr 0.029922
2026-05-20 07:29:54 - __main__ - INFO - Train: loss 0.1768 acc1 94.63%
2026-05-20 07:29:54 - __main__ - INFO - Val:   loss 1.1624 acc1 71.31%
2026-05-20 07:29:54 - __main__ - INFO - 
Epoch 67/100 | lr 0.028419
2026-05-20 07:30:19 - __main__ - INFO - Train: loss 0.1546 acc1 95.46%
2026-05-20 07:30:19 - __main__ - INFO - Val:   loss 1.1566 acc1 71.90%
2026-05-20 07:30:19 - __main__ - INFO - 
Epoch 68/100 | lr 0.026940
2026-05-20 07:30:45 - __main__ - INFO - Train: loss 0.1385 acc1 95.92%
2026-05-20 07:30:45 - __main__ - INFO - Val:   loss 1.1302 acc1 72.85%
2026-05-20 07:30:45 - __main__ - INFO - saved best: 72.85%
2026-05-20 07:30:45 - __main__ - INFO - 
Epoch 69/100 | lr 0.025486
2026-05-20 07:31:11 - __main__ - INFO - Train: loss 0.1289 acc1 96.27%
2026-05-20 07:31:11 - __main__ - INFO - Val:   loss 1.1154 acc1 72.44%
2026-05-20 07:31:11 - __main__ - INFO - 
Epoch 70/100 | lr 0.024059
2026-05-20 07:31:37 - __main__ - INFO - Train: loss 0.1082 acc1 97.07%
2026-05-20 07:31:37 - __main__ - INFO - Val:   loss 1.0792 acc1 74.43%
2026-05-20 07:31:37 - __main__ - INFO - saved best: 74.43%
2026-05-20 07:31:37 - __main__ - INFO - 
Epoch 71/100 | lr 0.022660
2026-05-20 07:32:02 - __main__ - INFO - Train: loss 0.0864 acc1 97.67%
2026-05-20 07:32:02 - __main__ - INFO - Val:   loss 1.0681 acc1 74.25%
2026-05-20 07:32:02 - __main__ - INFO - 
Epoch 72/100 | lr 0.021291
2026-05-20 07:32:28 - __main__ - INFO - Train: loss 0.0840 acc1 97.80%
2026-05-20 07:32:28 - __main__ - INFO - Val:   loss 1.0544 acc1 73.68%
2026-05-20 07:32:28 - __main__ - INFO - 
Epoch 73/100 | lr 0.019954
2026-05-20 07:32:54 - __main__ - INFO - Train: loss 0.0571 acc1 98.67%
2026-05-20 07:32:54 - __main__ - INFO - Val:   loss 1.0058 acc1 75.49%
2026-05-20 07:32:54 - __main__ - INFO - saved best: 75.49%
2026-05-20 07:32:54 - __main__ - INFO - 
Epoch 74/100 | lr 0.018649
2026-05-20 07:33:20 - __main__ - INFO - Train: loss 0.0448 acc1 99.00%
2026-05-20 07:33:20 - __main__ - INFO - Val:   loss 1.0049 acc1 75.70%
2026-05-20 07:33:20 - __main__ - INFO - saved best: 75.70%
2026-05-20 07:33:20 - __main__ - INFO - 
Epoch 75/100 | lr 0.017379
2026-05-20 07:33:45 - __main__ - INFO - Train: loss 0.0357 acc1 99.31%
2026-05-20 07:33:45 - __main__ - INFO - Val:   loss 0.9327 acc1 77.27%
2026-05-20 07:33:45 - __main__ - INFO - saved best: 77.27%
2026-05-20 07:33:45 - __main__ - INFO - 
Epoch 76/100 | lr 0.016144
2026-05-20 07:34:11 - __main__ - INFO - Train: loss 0.0278 acc1 99.45%
2026-05-20 07:34:11 - __main__ - INFO - Val:   loss 0.9479 acc1 76.88%
2026-05-20 07:34:11 - __main__ - INFO - 
Epoch 77/100 | lr 0.014947
2026-05-20 07:34:37 - __main__ - INFO - Train: loss 0.0216 acc1 99.65%
2026-05-20 07:34:37 - __main__ - INFO - Val:   loss 0.9087 acc1 78.20%
2026-05-20 07:34:37 - __main__ - INFO - saved best: 78.20%
2026-05-20 07:34:37 - __main__ - INFO - 
Epoch 78/100 | lr 0.013787
2026-05-20 07:35:02 - __main__ - INFO - Train: loss 0.0177 acc1 99.73%
2026-05-20 07:35:02 - __main__ - INFO - Val:   loss 0.9097 acc1 78.22%
2026-05-20 07:35:02 - __main__ - INFO - saved best: 78.22%
2026-05-20 07:35:02 - __main__ - INFO - 
Epoch 79/100 | lr 0.012668
2026-05-20 07:35:28 - __main__ - INFO - Train: loss 0.0144 acc1 99.83%
2026-05-20 07:35:28 - __main__ - INFO - Val:   loss 0.8726 acc1 78.59%
2026-05-20 07:35:28 - __main__ - INFO - saved best: 78.59%
2026-05-20 07:35:28 - __main__ - INFO - 
Epoch 80/100 | lr 0.011589
2026-05-20 07:35:54 - __main__ - INFO - Train: loss 0.0127 acc1 99.86%
2026-05-20 07:35:54 - __main__ - INFO - Val:   loss 0.8600 acc1 79.12%
2026-05-20 07:35:54 - __main__ - INFO - saved best: 79.12%
2026-05-20 07:35:54 - __main__ - INFO - 
Epoch 81/100 | lr 0.010552
2026-05-20 07:36:19 - __main__ - INFO - Train: loss 0.0104 acc1 99.91%
2026-05-20 07:36:19 - __main__ - INFO - Val:   loss 0.8594 acc1 78.84%
2026-05-20 07:36:19 - __main__ - INFO - 
Epoch 82/100 | lr 0.009558
2026-05-20 07:36:45 - __main__ - INFO - Train: loss 0.0098 acc1 99.92%
2026-05-20 07:36:45 - __main__ - INFO - Val:   loss 0.8426 acc1 79.57%
2026-05-20 07:36:45 - __main__ - INFO - saved best: 79.57%
2026-05-20 07:36:45 - __main__ - INFO - 
Epoch 83/100 | lr 0.008609
2026-05-20 07:37:11 - __main__ - INFO - Train: loss 0.0086 acc1 99.95%
2026-05-20 07:37:11 - __main__ - INFO - Val:   loss 0.8291 acc1 79.24%
2026-05-20 07:37:11 - __main__ - INFO - 
Epoch 84/100 | lr 0.007704
2026-05-20 07:37:36 - __main__ - INFO - Train: loss 0.0084 acc1 99.94%
2026-05-20 07:37:36 - __main__ - INFO - Val:   loss 0.8250 acc1 79.65%
2026-05-20 07:37:36 - __main__ - INFO - saved best: 79.65%
2026-05-20 07:37:36 - __main__ - INFO - 
Epoch 85/100 | lr 0.006846
2026-05-20 07:38:02 - __main__ - INFO - Train: loss 0.0078 acc1 99.97%
2026-05-20 07:38:02 - __main__ - INFO - Val:   loss 0.8169 acc1 80.02%
2026-05-20 07:38:02 - __main__ - INFO - saved best: 80.02%
2026-05-20 07:38:02 - __main__ - INFO - 
Epoch 86/100 | lr 0.006036
2026-05-20 07:38:28 - __main__ - INFO - Train: loss 0.0072 acc1 99.96%
2026-05-20 07:38:28 - __main__ - INFO - Val:   loss 0.8133 acc1 79.81%
2026-05-20 07:38:28 - __main__ - INFO - 
Epoch 87/100 | lr 0.005273
2026-05-20 07:38:54 - __main__ - INFO - Train: loss 0.0073 acc1 99.97%
2026-05-20 07:38:54 - __main__ - INFO - Val:   loss 0.8100 acc1 79.71%
2026-05-20 07:38:54 - __main__ - INFO - 
Epoch 88/100 | lr 0.004559
2026-05-20 07:39:19 - __main__ - INFO - Train: loss 0.0070 acc1 99.97%
2026-05-20 07:39:19 - __main__ - INFO - Val:   loss 0.8088 acc1 79.87%
2026-05-20 07:39:19 - __main__ - INFO - 
Epoch 89/100 | lr 0.003895
2026-05-20 07:39:45 - __main__ - INFO - Train: loss 0.0071 acc1 99.97%
2026-05-20 07:39:45 - __main__ - INFO - Val:   loss 0.8109 acc1 79.78%
2026-05-20 07:39:45 - __main__ - INFO - 
Epoch 90/100 | lr 0.003281
2026-05-20 07:40:11 - __main__ - INFO - Train: loss 0.0071 acc1 99.96%
2026-05-20 07:40:11 - __main__ - INFO - Val:   loss 0.8093 acc1 79.75%
2026-05-20 07:40:11 - __main__ - INFO - 
Epoch 91/100 | lr 0.002719
2026-05-20 07:40:36 - __main__ - INFO - Train: loss 0.0067 acc1 99.99%
2026-05-20 07:40:36 - __main__ - INFO - Val:   loss 0.8007 acc1 79.80%
2026-05-20 07:40:36 - __main__ - INFO - 
Epoch 92/100 | lr 0.002208
2026-05-20 07:41:02 - __main__ - INFO - Train: loss 0.0068 acc1 99.98%
2026-05-20 07:41:02 - __main__ - INFO - Val:   loss 0.8019 acc1 80.00%
2026-05-20 07:41:02 - __main__ - INFO - 
Epoch 93/100 | lr 0.001749
2026-05-20 07:41:28 - __main__ - INFO - Train: loss 0.0066 acc1 99.98%
2026-05-20 07:41:28 - __main__ - INFO - Val:   loss 0.8001 acc1 79.87%
2026-05-20 07:41:28 - __main__ - INFO - 
Epoch 94/100 | lr 0.001344
2026-05-20 07:41:54 - __main__ - INFO - Train: loss 0.0065 acc1 99.98%
2026-05-20 07:41:54 - __main__ - INFO - Val:   loss 0.7954 acc1 79.97%
2026-05-20 07:41:54 - __main__ - INFO - 
Epoch 95/100 | lr 0.000991
2026-05-20 07:42:19 - __main__ - INFO - Train: loss 0.0067 acc1 99.98%
2026-05-20 07:42:19 - __main__ - INFO - Val:   loss 0.7990 acc1 79.93%
2026-05-20 07:42:19 - __main__ - INFO - 
Epoch 96/100 | lr 0.000692
2026-05-20 07:42:45 - __main__ - INFO - Train: loss 0.0067 acc1 99.98%
2026-05-20 07:42:45 - __main__ - INFO - Val:   loss 0.8004 acc1 80.23%
2026-05-20 07:42:45 - __main__ - INFO - saved best: 80.23%
2026-05-20 07:42:45 - __main__ - INFO - 
Epoch 97/100 | lr 0.000447
2026-05-20 07:43:11 - __main__ - INFO - Train: loss 0.0066 acc1 99.99%
2026-05-20 07:43:11 - __main__ - INFO - Val:   loss 0.7994 acc1 80.04%
2026-05-20 07:43:11 - __main__ - INFO - 
Epoch 98/100 | lr 0.000256
2026-05-20 07:43:36 - __main__ - INFO - Train: loss 0.0066 acc1 99.98%
2026-05-20 07:43:36 - __main__ - INFO - Val:   loss 0.7984 acc1 80.00%
2026-05-20 07:43:36 - __main__ - INFO - 
Epoch 99/100 | lr 0.000119
2026-05-20 07:44:02 - __main__ - INFO - Train: loss 0.0066 acc1 99.98%
2026-05-20 07:44:02 - __main__ - INFO - Val:   loss 0.8010 acc1 79.97%
2026-05-20 07:44:02 - __main__ - INFO - 
Epoch 100/100 | lr 0.000037
2026-05-20 07:44:28 - __main__ - INFO - Train: loss 0.0066 acc1 99.98%
2026-05-20 07:44:28 - __main__ - INFO - Val:   loss 0.7992 acc1 79.89%
2026-05-20 07:44:28 - __main__ - INFO - Loaded best checkpoint weights for final test evaluation.
2026-05-20 07:44:29 - __main__ - INFO - 
Best tracked (val): 80.23%
2026-05-20 07:44:29 - __main__ - INFO - Final test: loss 1.1308 acc1 75.09%
2026-05-20 07:44:30 - __main__ - INFO -   Final training settings for output resnet34 [low_saliency]: batch_size=128, amp=False
2026-05-20 07:44:34 - __main__ - INFO - Variant [low_saliency] done — test acc 75.09%, test loss 1.1308
2026-05-20 07:44:34 - __main__ - INFO - Saved validation comparison plot: runs/cifar100_2026_05/20/output_models/resnet34/validation_comparison_plot.png
2026-05-20 07:44:34 - __main__ - INFO - 
Starting output model sweep: densenet121
2026-05-20 07:44:34 - __main__ - INFO - 
============================================================
2026-05-20 07:44:34 - __main__ - INFO - Training output model: densenet121 [original]
2026-05-20 07:44:34 - __main__ - INFO -   Resolved config → opt=sgd, lr=0.1, wd=0.0001, bs=128, epochs=100, scheduler=cosine, warmup=5
2026-05-20 07:44:34 - __main__ - INFO - ============================================================
2026-05-20 07:44:34 - __main__ - INFO -   Validation during training uses variant split with val_split=0.1
2026-05-20 07:44:34 - __main__ - INFO -   Final test uses original test split
2026-05-20 07:44:34 - __main__ - INFO -   Retry policy: training output densenet121 [original] with batch_size=128, amp=False
2026-05-20 07:44:35 - __main__ - INFO - device: cuda | cuda: True | gpu: NVIDIA L4
2026-05-20 07:44:35 - __main__ - INFO - Model: densenet121 | Dataset: cifar100 | Classes: 100 | Optimizer: sgd
2026-05-20 07:44:35 - __main__ - INFO - 
Epoch 1/100 | lr 0.000100
2026-05-20 07:44:56 - __main__ - INFO - Train: loss 4.6322 acc1 1.44%
2026-05-20 07:44:56 - __main__ - INFO - Val:   loss 4.5816 acc1 1.71%
2026-05-20 07:44:56 - __main__ - INFO - saved best: 1.71%
2026-05-20 07:44:56 - __main__ - INFO - 
Epoch 2/100 | lr 0.020080
2026-05-20 07:45:17 - __main__ - INFO - Train: loss 3.8391 acc1 11.20%
2026-05-20 07:45:17 - __main__ - INFO - Val:   loss 3.5500 acc1 16.69%
2026-05-20 07:45:17 - __main__ - INFO - saved best: 16.69%
2026-05-20 07:45:17 - __main__ - INFO - 
Epoch 3/100 | lr 0.040060
2026-05-20 07:45:38 - __main__ - INFO - Train: loss 3.3900 acc1 18.41%
2026-05-20 07:45:38 - __main__ - INFO - Val:   loss 3.2169 acc1 21.91%
2026-05-20 07:45:38 - __main__ - INFO - saved best: 21.91%
2026-05-20 07:45:38 - __main__ - INFO - 
Epoch 4/100 | lr 0.060040
2026-05-20 07:45:59 - __main__ - INFO - Train: loss 3.0484 acc1 24.55%
2026-05-20 07:45:59 - __main__ - INFO - Val:   loss 2.9421 acc1 27.84%
2026-05-20 07:45:59 - __main__ - INFO - saved best: 27.84%
2026-05-20 07:45:59 - __main__ - INFO - 
Epoch 5/100 | lr 0.080020
2026-05-20 07:46:20 - __main__ - INFO - Train: loss 2.7579 acc1 29.56%
2026-05-20 07:46:20 - __main__ - INFO - Val:   loss 2.8700 acc1 30.16%
2026-05-20 07:46:20 - __main__ - INFO - saved best: 30.16%
2026-05-20 07:46:20 - __main__ - INFO - 
Epoch 6/100 | lr 0.100000
2026-05-20 07:46:41 - __main__ - INFO - Train: loss 2.5079 acc1 34.79%
2026-05-20 07:46:41 - __main__ - INFO - Val:   loss 2.4763 acc1 37.05%
2026-05-20 07:46:41 - __main__ - INFO - saved best: 37.05%
2026-05-20 07:46:41 - __main__ - INFO - 
Epoch 7/100 | lr 0.099973
2026-05-20 07:47:03 - __main__ - INFO - Train: loss 2.2713 acc1 39.44%
2026-05-20 07:47:03 - __main__ - INFO - Val:   loss 2.3141 acc1 39.87%
2026-05-20 07:47:03 - __main__ - INFO - saved best: 39.87%
2026-05-20 07:47:03 - __main__ - INFO - 
Epoch 8/100 | lr 0.099891
2026-05-20 07:47:24 - __main__ - INFO - Train: loss 2.0909 acc1 43.63%
2026-05-20 07:47:24 - __main__ - INFO - Val:   loss 2.2925 acc1 40.76%
2026-05-20 07:47:24 - __main__ - INFO - saved best: 40.76%
2026-05-20 07:47:24 - __main__ - INFO - 
Epoch 9/100 | lr 0.099754
2026-05-20 07:47:45 - __main__ - INFO - Train: loss 1.9523 acc1 46.67%
2026-05-20 07:47:45 - __main__ - INFO - Val:   loss 2.1453 acc1 44.08%
2026-05-20 07:47:45 - __main__ - INFO - saved best: 44.08%
2026-05-20 07:47:45 - __main__ - INFO - 
Epoch 10/100 | lr 0.099563
2026-05-20 07:48:06 - __main__ - INFO - Train: loss 1.8363 acc1 49.48%
2026-05-20 07:48:06 - __main__ - INFO - Val:   loss 2.0871 acc1 45.53%
2026-05-20 07:48:06 - __main__ - INFO - saved best: 45.53%
2026-05-20 07:48:06 - __main__ - INFO - 
Epoch 11/100 | lr 0.099318
2026-05-20 07:48:26 - __main__ - INFO - Train: loss 1.7365 acc1 51.83%
2026-05-20 07:48:26 - __main__ - INFO - Val:   loss 2.0073 acc1 45.90%
2026-05-20 07:48:27 - __main__ - INFO - saved best: 45.90%
2026-05-20 07:48:27 - __main__ - INFO - 
Epoch 12/100 | lr 0.099019
2026-05-20 07:48:47 - __main__ - INFO - Train: loss 1.6338 acc1 54.01%
2026-05-20 07:48:47 - __main__ - INFO - Val:   loss 2.0331 acc1 46.38%
2026-05-20 07:48:47 - __main__ - INFO - saved best: 46.38%
2026-05-20 07:48:47 - __main__ - INFO - 
Epoch 13/100 | lr 0.098666
2026-05-20 07:49:08 - __main__ - INFO - Train: loss 1.5566 acc1 55.75%
2026-05-20 07:49:08 - __main__ - INFO - Val:   loss 2.1287 acc1 46.10%
2026-05-20 07:49:08 - __main__ - INFO - 
Epoch 14/100 | lr 0.098261
2026-05-20 07:49:29 - __main__ - INFO - Train: loss 1.4894 acc1 57.31%
2026-05-20 07:49:29 - __main__ - INFO - Val:   loss 1.9618 acc1 48.78%
2026-05-20 07:49:29 - __main__ - INFO - saved best: 48.78%
2026-05-20 07:49:29 - __main__ - INFO - 
Epoch 15/100 | lr 0.097802
2026-05-20 07:49:50 - __main__ - INFO - Train: loss 1.4081 acc1 59.31%
2026-05-20 07:49:50 - __main__ - INFO - Val:   loss 1.9192 acc1 49.01%
2026-05-20 07:49:50 - __main__ - INFO - saved best: 49.01%
2026-05-20 07:49:50 - __main__ - INFO - 
Epoch 16/100 | lr 0.097291
2026-05-20 07:50:11 - __main__ - INFO - Train: loss 1.3341 acc1 60.87%
2026-05-20 07:50:11 - __main__ - INFO - Val:   loss 1.9396 acc1 50.75%
2026-05-20 07:50:11 - __main__ - INFO - saved best: 50.75%
2026-05-20 07:50:11 - __main__ - INFO - 
Epoch 17/100 | lr 0.096729
2026-05-20 07:50:33 - __main__ - INFO - Train: loss 1.2741 acc1 62.48%
2026-05-20 07:50:33 - __main__ - INFO - Val:   loss 1.9807 acc1 49.83%
2026-05-20 07:50:33 - __main__ - INFO - 
Epoch 18/100 | lr 0.096115
2026-05-20 07:50:54 - __main__ - INFO - Train: loss 1.2126 acc1 64.33%
2026-05-20 07:50:54 - __main__ - INFO - Val:   loss 1.9363 acc1 51.84%
2026-05-20 07:50:54 - __main__ - INFO - saved best: 51.84%
2026-05-20 07:50:54 - __main__ - INFO - 
Epoch 19/100 | lr 0.095451
2026-05-20 07:51:15 - __main__ - INFO - Train: loss 1.1592 acc1 65.31%
2026-05-20 07:51:15 - __main__ - INFO - Val:   loss 1.8711 acc1 51.83%
2026-05-20 07:51:15 - __main__ - INFO - 
Epoch 20/100 | lr 0.094737
2026-05-20 07:51:36 - __main__ - INFO - Train: loss 1.1038 acc1 67.00%
2026-05-20 07:51:36 - __main__ - INFO - Val:   loss 1.9644 acc1 51.72%
2026-05-20 07:51:36 - __main__ - INFO - 
Epoch 21/100 | lr 0.093974
2026-05-20 07:51:58 - __main__ - INFO - Train: loss 1.0461 acc1 68.58%
2026-05-20 07:51:58 - __main__ - INFO - Val:   loss 1.9745 acc1 51.41%
2026-05-20 07:51:58 - __main__ - INFO - 
Epoch 22/100 | lr 0.093164
2026-05-20 07:52:18 - __main__ - INFO - Train: loss 0.9946 acc1 69.97%
2026-05-20 07:52:18 - __main__ - INFO - Val:   loss 1.9985 acc1 51.55%
2026-05-20 07:52:18 - __main__ - INFO - 
Epoch 23/100 | lr 0.092306
2026-05-20 07:52:39 - __main__ - INFO - Train: loss 0.9536 acc1 70.57%
2026-05-20 07:52:39 - __main__ - INFO - Val:   loss 2.0435 acc1 51.22%
2026-05-20 07:52:39 - __main__ - INFO - 
Epoch 24/100 | lr 0.091401
2026-05-20 07:53:00 - __main__ - INFO - Train: loss 0.9094 acc1 72.01%
2026-05-20 07:53:00 - __main__ - INFO - Val:   loss 2.0547 acc1 50.99%
2026-05-20 07:53:00 - __main__ - INFO - 
Epoch 25/100 | lr 0.090452
2026-05-20 07:53:21 - __main__ - INFO - Train: loss 0.8521 acc1 73.72%
2026-05-20 07:53:21 - __main__ - INFO - Val:   loss 2.1287 acc1 50.30%
2026-05-20 07:53:21 - __main__ - INFO - 
Epoch 26/100 | lr 0.089458
2026-05-20 07:53:41 - __main__ - INFO - Train: loss 0.8173 acc1 74.66%
2026-05-20 07:53:41 - __main__ - INFO - Val:   loss 2.0876 acc1 51.37%
2026-05-20 07:53:41 - __main__ - INFO - 
Epoch 27/100 | lr 0.088421
2026-05-20 07:54:02 - __main__ - INFO - Train: loss 0.7798 acc1 75.73%
2026-05-20 07:54:02 - __main__ - INFO - Val:   loss 2.0726 acc1 51.66%
2026-05-20 07:54:02 - __main__ - INFO - 
Epoch 28/100 | lr 0.087342
2026-05-20 07:54:23 - __main__ - INFO - Train: loss 0.7249 acc1 77.40%
2026-05-20 07:54:23 - __main__ - INFO - Val:   loss 2.0966 acc1 52.75%
2026-05-20 07:54:23 - __main__ - INFO - saved best: 52.75%
2026-05-20 07:54:23 - __main__ - INFO - 
Epoch 29/100 | lr 0.086223
2026-05-20 07:54:44 - __main__ - INFO - Train: loss 0.6934 acc1 78.14%
2026-05-20 07:54:44 - __main__ - INFO - Val:   loss 2.1445 acc1 51.81%
2026-05-20 07:54:44 - __main__ - INFO - 
Epoch 30/100 | lr 0.085063
2026-05-20 07:55:05 - __main__ - INFO - Train: loss 0.6599 acc1 78.95%
2026-05-20 07:55:05 - __main__ - INFO - Val:   loss 2.1974 acc1 51.05%
2026-05-20 07:55:05 - __main__ - INFO - 
Epoch 31/100 | lr 0.083866
2026-05-20 07:55:25 - __main__ - INFO - Train: loss 0.6091 acc1 80.57%
2026-05-20 07:55:25 - __main__ - INFO - Val:   loss 2.1614 acc1 52.07%
2026-05-20 07:55:25 - __main__ - INFO - 
Epoch 32/100 | lr 0.082631
2026-05-20 07:55:46 - __main__ - INFO - Train: loss 0.5856 acc1 81.37%
2026-05-20 07:55:46 - __main__ - INFO - Val:   loss 2.1943 acc1 53.18%
2026-05-20 07:55:46 - __main__ - INFO - saved best: 53.18%
2026-05-20 07:55:46 - __main__ - INFO - 
Epoch 33/100 | lr 0.081361
2026-05-20 07:56:07 - __main__ - INFO - Train: loss 0.5514 acc1 82.30%
2026-05-20 07:56:07 - __main__ - INFO - Val:   loss 2.2485 acc1 52.10%
2026-05-20 07:56:07 - __main__ - INFO - 
Epoch 34/100 | lr 0.080056
2026-05-20 07:56:28 - __main__ - INFO - Train: loss 0.5406 acc1 82.72%
2026-05-20 07:56:28 - __main__ - INFO - Val:   loss 2.1485 acc1 53.36%
2026-05-20 07:56:28 - __main__ - INFO - saved best: 53.36%
2026-05-20 07:56:28 - __main__ - INFO - 
Epoch 35/100 | lr 0.078719
2026-05-20 07:56:49 - __main__ - INFO - Train: loss 0.5079 acc1 83.72%
2026-05-20 07:56:49 - __main__ - INFO - Val:   loss 2.2817 acc1 52.18%
2026-05-20 07:56:49 - __main__ - INFO - 
Epoch 36/100 | lr 0.077350
2026-05-20 07:57:10 - __main__ - INFO - Train: loss 0.4677 acc1 84.77%
2026-05-20 07:57:10 - __main__ - INFO - Val:   loss 2.4615 acc1 50.77%
2026-05-20 07:57:10 - __main__ - INFO - 
Epoch 37/100 | lr 0.075951
2026-05-20 07:57:31 - __main__ - INFO - Train: loss 0.4481 acc1 85.55%
2026-05-20 07:57:31 - __main__ - INFO - Val:   loss 2.3408 acc1 52.50%
2026-05-20 07:57:31 - __main__ - INFO - 
Epoch 38/100 | lr 0.074524
2026-05-20 07:57:52 - __main__ - INFO - Train: loss 0.4134 acc1 86.55%
2026-05-20 07:57:52 - __main__ - INFO - Val:   loss 2.2572 acc1 52.86%
2026-05-20 07:57:52 - __main__ - INFO - 
Epoch 39/100 | lr 0.073070
2026-05-20 07:58:12 - __main__ - INFO - Train: loss 0.3930 acc1 87.27%
2026-05-20 07:58:12 - __main__ - INFO - Val:   loss 2.2845 acc1 53.63%
2026-05-20 07:58:12 - __main__ - INFO - saved best: 53.63%
2026-05-20 07:58:12 - __main__ - INFO - 
Epoch 40/100 | lr 0.071591
2026-05-20 07:58:33 - __main__ - INFO - Train: loss 0.3539 acc1 88.47%
2026-05-20 07:58:33 - __main__ - INFO - Val:   loss 2.3546 acc1 53.99%
2026-05-20 07:58:33 - __main__ - INFO - saved best: 53.99%
2026-05-20 07:58:33 - __main__ - INFO - 
Epoch 41/100 | lr 0.070088
2026-05-20 07:58:53 - __main__ - INFO - Train: loss 0.3364 acc1 89.18%
2026-05-20 07:58:53 - __main__ - INFO - Val:   loss 2.4159 acc1 52.57%
2026-05-20 07:58:53 - __main__ - INFO - 
Epoch 42/100 | lr 0.068563
2026-05-20 07:59:14 - __main__ - INFO - Train: loss 0.3008 acc1 90.21%
2026-05-20 07:59:14 - __main__ - INFO - Val:   loss 2.3170 acc1 54.33%
2026-05-20 07:59:14 - __main__ - INFO - saved best: 54.33%
2026-05-20 07:59:14 - __main__ - INFO - 
Epoch 43/100 | lr 0.067018
2026-05-20 07:59:35 - __main__ - INFO - Train: loss 0.2852 acc1 90.94%
2026-05-20 07:59:35 - __main__ - INFO - Val:   loss 2.3269 acc1 54.23%
2026-05-20 07:59:35 - __main__ - INFO - 
Epoch 44/100 | lr 0.065454
2026-05-20 07:59:55 - __main__ - INFO - Train: loss 0.2718 acc1 91.25%
2026-05-20 07:59:55 - __main__ - INFO - Val:   loss 2.2900 acc1 54.69%
2026-05-20 07:59:55 - __main__ - INFO - saved best: 54.69%
2026-05-20 07:59:55 - __main__ - INFO - 
Epoch 45/100 | lr 0.063874
2026-05-20 08:00:16 - __main__ - INFO - Train: loss 0.2570 acc1 91.86%
2026-05-20 08:00:16 - __main__ - INFO - Val:   loss 2.4038 acc1 53.70%
2026-05-20 08:00:16 - __main__ - INFO - 
Epoch 46/100 | lr 0.062278
2026-05-20 08:00:36 - __main__ - INFO - Train: loss 0.2255 acc1 92.84%
2026-05-20 08:00:36 - __main__ - INFO - Val:   loss 2.3797 acc1 53.52%
2026-05-20 08:00:36 - __main__ - INFO - 
Epoch 47/100 | lr 0.060669
2026-05-20 08:00:57 - __main__ - INFO - Train: loss 0.2196 acc1 92.89%
2026-05-20 08:00:57 - __main__ - INFO - Val:   loss 2.4014 acc1 54.67%
2026-05-20 08:00:57 - __main__ - INFO - 
Epoch 48/100 | lr 0.059048
2026-05-20 08:01:18 - __main__ - INFO - Train: loss 0.2059 acc1 93.40%
2026-05-20 08:01:18 - __main__ - INFO - Val:   loss 2.4087 acc1 54.94%
2026-05-20 08:01:18 - __main__ - INFO - saved best: 54.94%
2026-05-20 08:01:18 - __main__ - INFO - 
Epoch 49/100 | lr 0.057417
2026-05-20 08:01:38 - __main__ - INFO - Train: loss 0.1874 acc1 94.09%
2026-05-20 08:01:38 - __main__ - INFO - Val:   loss 2.4056 acc1 55.14%
2026-05-20 08:01:38 - __main__ - INFO - saved best: 55.14%
2026-05-20 08:01:38 - __main__ - INFO - 
Epoch 50/100 | lr 0.055779
2026-05-20 08:01:59 - __main__ - INFO - Train: loss 0.1668 acc1 94.75%
2026-05-20 08:01:59 - __main__ - INFO - Val:   loss 2.4191 acc1 55.74%
2026-05-20 08:01:59 - __main__ - INFO - saved best: 55.74%
2026-05-20 08:01:59 - __main__ - INFO - 
Epoch 51/100 | lr 0.054134
2026-05-20 08:02:20 - __main__ - INFO - Train: loss 0.1637 acc1 94.88%
2026-05-20 08:02:20 - __main__ - INFO - Val:   loss 2.3642 acc1 55.36%
2026-05-20 08:02:20 - __main__ - INFO - 
Epoch 52/100 | lr 0.052484
2026-05-20 08:02:41 - __main__ - INFO - Train: loss 0.1330 acc1 95.96%
2026-05-20 08:02:41 - __main__ - INFO - Val:   loss 2.3499 acc1 55.69%
2026-05-20 08:02:41 - __main__ - INFO - 
Epoch 53/100 | lr 0.050832
2026-05-20 08:03:01 - __main__ - INFO - Train: loss 0.1176 acc1 96.38%
2026-05-20 08:03:01 - __main__ - INFO - Val:   loss 2.3900 acc1 56.02%
2026-05-20 08:03:01 - __main__ - INFO - saved best: 56.02%
2026-05-20 08:03:01 - __main__ - INFO - 
Epoch 54/100 | lr 0.049178
2026-05-20 08:03:22 - __main__ - INFO - Train: loss 0.1153 acc1 96.59%
2026-05-20 08:03:22 - __main__ - INFO - Val:   loss 2.3792 acc1 55.34%
2026-05-20 08:03:22 - __main__ - INFO - 
Epoch 55/100 | lr 0.047526
2026-05-20 08:03:42 - __main__ - INFO - Train: loss 0.0984 acc1 97.24%
2026-05-20 08:03:42 - __main__ - INFO - Val:   loss 2.3750 acc1 55.70%
2026-05-20 08:03:42 - __main__ - INFO - 
Epoch 56/100 | lr 0.045876
2026-05-20 08:04:03 - __main__ - INFO - Train: loss 0.0934 acc1 97.27%
2026-05-20 08:04:03 - __main__ - INFO - Val:   loss 2.3089 acc1 56.75%
2026-05-20 08:04:03 - __main__ - INFO - saved best: 56.75%
2026-05-20 08:04:03 - __main__ - INFO - 
Epoch 57/100 | lr 0.044231
2026-05-20 08:04:24 - __main__ - INFO - Train: loss 0.0718 acc1 98.01%
2026-05-20 08:04:24 - __main__ - INFO - Val:   loss 2.3398 acc1 56.66%
2026-05-20 08:04:24 - __main__ - INFO - 
Epoch 58/100 | lr 0.042593
2026-05-20 08:04:44 - __main__ - INFO - Train: loss 0.0606 acc1 98.39%
2026-05-20 08:04:44 - __main__ - INFO - Val:   loss 2.2740 acc1 57.74%
2026-05-20 08:04:44 - __main__ - INFO - saved best: 57.74%
2026-05-20 08:04:44 - __main__ - INFO - 
Epoch 59/100 | lr 0.040962
2026-05-20 08:05:05 - __main__ - INFO - Train: loss 0.0489 acc1 98.79%
2026-05-20 08:05:05 - __main__ - INFO - Val:   loss 2.2987 acc1 57.15%
2026-05-20 08:05:05 - __main__ - INFO - 
Epoch 60/100 | lr 0.039341
2026-05-20 08:05:26 - __main__ - INFO - Train: loss 0.0430 acc1 98.97%
2026-05-20 08:05:26 - __main__ - INFO - Val:   loss 2.2997 acc1 57.67%
2026-05-20 08:05:26 - __main__ - INFO - 
Epoch 61/100 | lr 0.037732
2026-05-20 08:05:46 - __main__ - INFO - Train: loss 0.0395 acc1 99.08%
2026-05-20 08:05:46 - __main__ - INFO - Val:   loss 2.2999 acc1 57.87%
2026-05-20 08:05:46 - __main__ - INFO - saved best: 57.87%
2026-05-20 08:05:46 - __main__ - INFO - 
Epoch 62/100 | lr 0.036136
2026-05-20 08:06:07 - __main__ - INFO - Train: loss 0.0290 acc1 99.43%
2026-05-20 08:06:07 - __main__ - INFO - Val:   loss 2.2282 acc1 58.49%
2026-05-20 08:06:07 - __main__ - INFO - saved best: 58.49%
2026-05-20 08:06:07 - __main__ - INFO - 
Epoch 63/100 | lr 0.034556
2026-05-20 08:06:28 - __main__ - INFO - Train: loss 0.0231 acc1 99.58%
2026-05-20 08:06:28 - __main__ - INFO - Val:   loss 2.2319 acc1 58.91%
2026-05-20 08:06:28 - __main__ - INFO - saved best: 58.91%
2026-05-20 08:06:28 - __main__ - INFO - 
Epoch 64/100 | lr 0.032992
2026-05-20 08:06:48 - __main__ - INFO - Train: loss 0.0200 acc1 99.63%
2026-05-20 08:06:48 - __main__ - INFO - Val:   loss 2.1811 acc1 58.99%
2026-05-20 08:06:48 - __main__ - INFO - saved best: 58.99%
2026-05-20 08:06:48 - __main__ - INFO - 
Epoch 65/100 | lr 0.031447
2026-05-20 08:07:09 - __main__ - INFO - Train: loss 0.0181 acc1 99.69%
2026-05-20 08:07:09 - __main__ - INFO - Val:   loss 2.1723 acc1 59.31%
2026-05-20 08:07:09 - __main__ - INFO - saved best: 59.31%
2026-05-20 08:07:09 - __main__ - INFO - 
Epoch 66/100 | lr 0.029922
2026-05-20 08:07:30 - __main__ - INFO - Train: loss 0.0136 acc1 99.81%
2026-05-20 08:07:30 - __main__ - INFO - Val:   loss 2.1643 acc1 59.62%
2026-05-20 08:07:30 - __main__ - INFO - saved best: 59.62%
2026-05-20 08:07:30 - __main__ - INFO - 
Epoch 67/100 | lr 0.028419
2026-05-20 08:07:51 - __main__ - INFO - Train: loss 0.0138 acc1 99.78%
2026-05-20 08:07:51 - __main__ - INFO - Val:   loss 2.1476 acc1 60.01%
2026-05-20 08:07:51 - __main__ - INFO - saved best: 60.01%
2026-05-20 08:07:51 - __main__ - INFO - 
Epoch 68/100 | lr 0.026940
2026-05-20 08:08:11 - __main__ - INFO - Train: loss 0.0124 acc1 99.83%
2026-05-20 08:08:11 - __main__ - INFO - Val:   loss 2.1485 acc1 59.87%
2026-05-20 08:08:11 - __main__ - INFO - 
Epoch 69/100 | lr 0.025486
2026-05-20 08:08:32 - __main__ - INFO - Train: loss 0.0115 acc1 99.83%
2026-05-20 08:08:32 - __main__ - INFO - Val:   loss 2.1271 acc1 59.79%
2026-05-20 08:08:32 - __main__ - INFO - 
Epoch 70/100 | lr 0.024059
2026-05-20 08:08:53 - __main__ - INFO - Train: loss 0.0111 acc1 99.84%
2026-05-20 08:08:53 - __main__ - INFO - Val:   loss 2.1196 acc1 59.91%
2026-05-20 08:08:53 - __main__ - INFO - 
Epoch 71/100 | lr 0.022660
2026-05-20 08:09:13 - __main__ - INFO - Train: loss 0.0094 acc1 99.87%
2026-05-20 08:09:13 - __main__ - INFO - Val:   loss 2.1038 acc1 60.23%
2026-05-20 08:09:13 - __main__ - INFO - saved best: 60.23%
2026-05-20 08:09:13 - __main__ - INFO - 
Epoch 72/100 | lr 0.021291
2026-05-20 08:09:34 - __main__ - INFO - Train: loss 0.0090 acc1 99.91%
2026-05-20 08:09:34 - __main__ - INFO - Val:   loss 2.0846 acc1 60.36%
2026-05-20 08:09:34 - __main__ - INFO - saved best: 60.36%
2026-05-20 08:09:34 - __main__ - INFO - 
Epoch 73/100 | lr 0.019954
2026-05-20 08:09:54 - __main__ - INFO - Train: loss 0.0078 acc1 99.90%
2026-05-20 08:09:54 - __main__ - INFO - Val:   loss 2.0837 acc1 59.72%
2026-05-20 08:09:54 - __main__ - INFO - 
Epoch 74/100 | lr 0.018649
2026-05-20 08:10:15 - __main__ - INFO - Train: loss 0.0075 acc1 99.91%
2026-05-20 08:10:15 - __main__ - INFO - Val:   loss 2.0850 acc1 59.98%
2026-05-20 08:10:15 - __main__ - INFO - 
Epoch 75/100 | lr 0.017379
2026-05-20 08:10:36 - __main__ - INFO - Train: loss 0.0075 acc1 99.92%
2026-05-20 08:10:36 - __main__ - INFO - Val:   loss 2.0737 acc1 59.93%
2026-05-20 08:10:36 - __main__ - INFO - 
Epoch 76/100 | lr 0.016144
2026-05-20 08:10:56 - __main__ - INFO - Train: loss 0.0071 acc1 99.92%
2026-05-20 08:10:56 - __main__ - INFO - Val:   loss 2.0658 acc1 59.72%
2026-05-20 08:10:56 - __main__ - INFO - 
Epoch 77/100 | lr 0.014947
2026-05-20 08:11:17 - __main__ - INFO - Train: loss 0.0065 acc1 99.92%
2026-05-20 08:11:17 - __main__ - INFO - Val:   loss 2.0499 acc1 59.97%
2026-05-20 08:11:17 - __main__ - INFO - 
Epoch 78/100 | lr 0.013787
2026-05-20 08:11:38 - __main__ - INFO - Train: loss 0.0067 acc1 99.93%
2026-05-20 08:11:38 - __main__ - INFO - Val:   loss 2.0372 acc1 60.44%
2026-05-20 08:11:38 - __main__ - INFO - saved best: 60.44%
2026-05-20 08:11:38 - __main__ - INFO - 
Epoch 79/100 | lr 0.012668
2026-05-20 08:11:58 - __main__ - INFO - Train: loss 0.0061 acc1 99.93%
2026-05-20 08:11:58 - __main__ - INFO - Val:   loss 2.0336 acc1 60.38%
2026-05-20 08:11:58 - __main__ - INFO - 
Epoch 80/100 | lr 0.011589
2026-05-20 08:12:19 - __main__ - INFO - Train: loss 0.0060 acc1 99.94%
2026-05-20 08:12:19 - __main__ - INFO - Val:   loss 2.0235 acc1 60.55%
2026-05-20 08:12:19 - __main__ - INFO - saved best: 60.55%
2026-05-20 08:12:19 - __main__ - INFO - 
Epoch 81/100 | lr 0.010552
2026-05-20 08:12:39 - __main__ - INFO - Train: loss 0.0056 acc1 99.94%
2026-05-20 08:12:39 - __main__ - INFO - Val:   loss 2.0207 acc1 60.59%
2026-05-20 08:12:40 - __main__ - INFO - saved best: 60.59%
2026-05-20 08:12:40 - __main__ - INFO - 
Epoch 82/100 | lr 0.009558
2026-05-20 08:13:00 - __main__ - INFO - Train: loss 0.0056 acc1 99.93%
2026-05-20 08:13:00 - __main__ - INFO - Val:   loss 2.0251 acc1 60.41%
2026-05-20 08:13:00 - __main__ - INFO - 
Epoch 83/100 | lr 0.008609
2026-05-20 08:13:21 - __main__ - INFO - Train: loss 0.0051 acc1 99.96%
2026-05-20 08:13:21 - __main__ - INFO - Val:   loss 2.0147 acc1 60.30%
2026-05-20 08:13:21 - __main__ - INFO - 
Epoch 84/100 | lr 0.007704
2026-05-20 08:13:42 - __main__ - INFO - Train: loss 0.0054 acc1 99.95%
2026-05-20 08:13:42 - __main__ - INFO - Val:   loss 2.0134 acc1 60.25%
2026-05-20 08:13:42 - __main__ - INFO - 
Epoch 85/100 | lr 0.006846
2026-05-20 08:14:03 - __main__ - INFO - Train: loss 0.0051 acc1 99.95%
2026-05-20 08:14:03 - __main__ - INFO - Val:   loss 2.0098 acc1 60.46%
2026-05-20 08:14:03 - __main__ - INFO - 
Epoch 86/100 | lr 0.006036
2026-05-20 08:14:24 - __main__ - INFO - Train: loss 0.0051 acc1 99.95%
2026-05-20 08:14:24 - __main__ - INFO - Val:   loss 2.0028 acc1 60.53%
2026-05-20 08:14:24 - __main__ - INFO - 
Epoch 87/100 | lr 0.005273
2026-05-20 08:14:45 - __main__ - INFO - Train: loss 0.0049 acc1 99.96%
2026-05-20 08:14:45 - __main__ - INFO - Val:   loss 1.9941 acc1 60.72%
2026-05-20 08:14:45 - __main__ - INFO - saved best: 60.72%
2026-05-20 08:14:45 - __main__ - INFO - 
Epoch 88/100 | lr 0.004559
2026-05-20 08:15:06 - __main__ - INFO - Train: loss 0.0047 acc1 99.96%
2026-05-20 08:15:06 - __main__ - INFO - Val:   loss 2.0012 acc1 60.75%
2026-05-20 08:15:06 - __main__ - INFO - saved best: 60.75%
2026-05-20 08:15:06 - __main__ - INFO - 
Epoch 89/100 | lr 0.003895
2026-05-20 08:15:26 - __main__ - INFO - Train: loss 0.0047 acc1 99.96%
2026-05-20 08:15:26 - __main__ - INFO - Val:   loss 1.9956 acc1 60.53%
2026-05-20 08:15:26 - __main__ - INFO - 
Epoch 90/100 | lr 0.003281
2026-05-20 08:15:47 - __main__ - INFO - Train: loss 0.0049 acc1 99.95%
2026-05-20 08:15:47 - __main__ - INFO - Val:   loss 1.9926 acc1 60.64%
2026-05-20 08:15:47 - __main__ - INFO - 
Epoch 91/100 | lr 0.002719
2026-05-20 08:16:08 - __main__ - INFO - Train: loss 0.0048 acc1 99.95%
2026-05-20 08:16:08 - __main__ - INFO - Val:   loss 1.9968 acc1 60.94%
2026-05-20 08:16:08 - __main__ - INFO - saved best: 60.94%
2026-05-20 08:16:08 - __main__ - INFO - 
Epoch 92/100 | lr 0.002208
2026-05-20 08:16:28 - __main__ - INFO - Train: loss 0.0047 acc1 99.96%
2026-05-20 08:16:28 - __main__ - INFO - Val:   loss 1.9969 acc1 60.66%
2026-05-20 08:16:28 - __main__ - INFO - 
Epoch 93/100 | lr 0.001749
2026-05-20 08:16:49 - __main__ - INFO - Train: loss 0.0045 acc1 99.95%
2026-05-20 08:16:49 - __main__ - INFO - Val:   loss 2.0026 acc1 60.36%
2026-05-20 08:16:49 - __main__ - INFO - 
Epoch 94/100 | lr 0.001344
2026-05-20 08:17:10 - __main__ - INFO - Train: loss 0.0045 acc1 99.97%
2026-05-20 08:17:10 - __main__ - INFO - Val:   loss 1.9994 acc1 60.50%
2026-05-20 08:17:10 - __main__ - INFO - 
Epoch 95/100 | lr 0.000991
2026-05-20 08:17:31 - __main__ - INFO - Train: loss 0.0049 acc1 99.96%
2026-05-20 08:17:31 - __main__ - INFO - Val:   loss 1.9982 acc1 60.27%
2026-05-20 08:17:31 - __main__ - INFO - 
Epoch 96/100 | lr 0.000692
2026-05-20 08:17:52 - __main__ - INFO - Train: loss 0.0046 acc1 99.97%
2026-05-20 08:17:52 - __main__ - INFO - Val:   loss 1.9955 acc1 60.46%
2026-05-20 08:17:52 - __main__ - INFO - 
Epoch 97/100 | lr 0.000447
2026-05-20 08:18:13 - __main__ - INFO - Train: loss 0.0046 acc1 99.96%
2026-05-20 08:18:13 - __main__ - INFO - Val:   loss 1.9964 acc1 60.51%
2026-05-20 08:18:13 - __main__ - INFO - 
Epoch 98/100 | lr 0.000256
2026-05-20 08:18:33 - __main__ - INFO - Train: loss 0.0045 acc1 99.96%
2026-05-20 08:18:33 - __main__ - INFO - Val:   loss 1.9902 acc1 60.77%
2026-05-20 08:18:33 - __main__ - INFO - 
Epoch 99/100 | lr 0.000119
2026-05-20 08:18:54 - __main__ - INFO - Train: loss 0.0045 acc1 99.97%
2026-05-20 08:18:54 - __main__ - INFO - Val:   loss 1.9923 acc1 60.57%
2026-05-20 08:18:54 - __main__ - INFO - 
Epoch 100/100 | lr 0.000037
2026-05-20 08:19:15 - __main__ - INFO - Train: loss 0.0045 acc1 99.97%
2026-05-20 08:19:15 - __main__ - INFO - Val:   loss 1.9903 acc1 60.77%
2026-05-20 08:19:15 - __main__ - INFO - Loaded best checkpoint weights for final test evaluation.
2026-05-20 08:19:17 - __main__ - INFO - 
Best tracked (val): 60.94%
2026-05-20 08:19:17 - __main__ - INFO - Final test: loss 2.0332 acc1 60.32%
2026-05-20 08:19:17 - __main__ - INFO -   Final training settings for output densenet121 [original]: batch_size=128, amp=False
2026-05-20 08:19:21 - __main__ - INFO - Variant [original] done — test acc 60.32%, test loss 2.0332
2026-05-20 08:19:21 - __main__ - INFO - 
============================================================
2026-05-20 08:19:21 - __main__ - INFO - Training output model: densenet121 [low_saliency]
2026-05-20 08:19:21 - __main__ - INFO -   Resolved config → opt=sgd, lr=0.1, wd=0.0001, bs=128, epochs=100, scheduler=cosine, warmup=5
2026-05-20 08:19:21 - __main__ - INFO - ============================================================
2026-05-20 08:19:21 - __main__ - INFO -   Validation during training uses variant split with val_split=0.1
2026-05-20 08:19:21 - __main__ - INFO -   Final test uses low_saliency variant test split
2026-05-20 08:19:21 - __main__ - INFO -   Retry policy: training output densenet121 [low_saliency] with batch_size=128, amp=False
2026-05-20 08:19:21 - __main__ - INFO - device: cuda | cuda: True | gpu: NVIDIA L4
2026-05-20 08:19:22 - __main__ - INFO - Model: densenet121 | Dataset: cifar100 | Classes: 100 | Optimizer: sgd
2026-05-20 08:19:22 - __main__ - INFO - 
Epoch 1/100 | lr 0.000100
2026-05-20 08:19:43 - __main__ - INFO - Train: loss 4.6313 acc1 1.44%
2026-05-20 08:19:43 - __main__ - INFO - Val:   loss 4.5815 acc1 2.08%
2026-05-20 08:19:43 - __main__ - INFO - saved best: 2.08%
2026-05-20 08:19:43 - __main__ - INFO - 
Epoch 2/100 | lr 0.020080
2026-05-20 08:20:04 - __main__ - INFO - Train: loss 3.8550 acc1 11.09%
2026-05-20 08:20:04 - __main__ - INFO - Val:   loss 3.4953 acc1 16.69%
2026-05-20 08:20:04 - __main__ - INFO - saved best: 16.69%
2026-05-20 08:20:04 - __main__ - INFO - 
Epoch 3/100 | lr 0.040060
2026-05-20 08:20:25 - __main__ - INFO - Train: loss 3.3982 acc1 18.53%
2026-05-20 08:20:25 - __main__ - INFO - Val:   loss 3.1888 acc1 22.53%
2026-05-20 08:20:25 - __main__ - INFO - saved best: 22.53%
2026-05-20 08:20:25 - __main__ - INFO - 
Epoch 4/100 | lr 0.060040
2026-05-20 08:20:46 - __main__ - INFO - Train: loss 3.0409 acc1 24.70%
2026-05-20 08:20:46 - __main__ - INFO - Val:   loss 2.9816 acc1 27.13%
2026-05-20 08:20:46 - __main__ - INFO - saved best: 27.13%
2026-05-20 08:20:46 - __main__ - INFO - 
Epoch 5/100 | lr 0.080020
2026-05-20 08:21:07 - __main__ - INFO - Train: loss 2.7351 acc1 30.18%
2026-05-20 08:21:07 - __main__ - INFO - Val:   loss 2.6184 acc1 33.79%
2026-05-20 08:21:07 - __main__ - INFO - saved best: 33.79%
2026-05-20 08:21:07 - __main__ - INFO - 
Epoch 6/100 | lr 0.100000
2026-05-20 08:21:28 - __main__ - INFO - Train: loss 2.4881 acc1 35.02%
2026-05-20 08:21:28 - __main__ - INFO - Val:   loss 2.4573 acc1 35.91%
2026-05-20 08:21:28 - __main__ - INFO - saved best: 35.91%
2026-05-20 08:21:28 - __main__ - INFO - 
Epoch 7/100 | lr 0.099973
2026-05-20 08:21:49 - __main__ - INFO - Train: loss 2.2440 acc1 40.49%
2026-05-20 08:21:49 - __main__ - INFO - Val:   loss 2.2583 acc1 40.40%
2026-05-20 08:21:49 - __main__ - INFO - saved best: 40.40%
2026-05-20 08:21:49 - __main__ - INFO - 
Epoch 8/100 | lr 0.099891
2026-05-20 08:22:10 - __main__ - INFO - Train: loss 2.0438 acc1 44.60%
2026-05-20 08:22:10 - __main__ - INFO - Val:   loss 2.1994 acc1 41.98%
2026-05-20 08:22:10 - __main__ - INFO - saved best: 41.98%
2026-05-20 08:22:10 - __main__ - INFO - 
Epoch 9/100 | lr 0.099754
2026-05-20 08:22:31 - __main__ - INFO - Train: loss 1.9022 acc1 47.92%
2026-05-20 08:22:31 - __main__ - INFO - Val:   loss 2.1100 acc1 44.91%
2026-05-20 08:22:31 - __main__ - INFO - saved best: 44.91%
2026-05-20 08:22:31 - __main__ - INFO - 
Epoch 10/100 | lr 0.099563
2026-05-20 08:22:52 - __main__ - INFO - Train: loss 1.7757 acc1 50.99%
2026-05-20 08:22:52 - __main__ - INFO - Val:   loss 2.0154 acc1 46.78%
2026-05-20 08:22:52 - __main__ - INFO - saved best: 46.78%
2026-05-20 08:22:52 - __main__ - INFO - 
Epoch 11/100 | lr 0.099318
2026-05-20 08:23:12 - __main__ - INFO - Train: loss 1.6685 acc1 53.17%
2026-05-20 08:23:12 - __main__ - INFO - Val:   loss 1.9476 acc1 47.57%
2026-05-20 08:23:12 - __main__ - INFO - saved best: 47.57%
2026-05-20 08:23:12 - __main__ - INFO - 
Epoch 12/100 | lr 0.099019
2026-05-20 08:23:33 - __main__ - INFO - Train: loss 1.5712 acc1 55.99%
2026-05-20 08:23:33 - __main__ - INFO - Val:   loss 1.8384 acc1 51.48%
2026-05-20 08:23:33 - __main__ - INFO - saved best: 51.48%
2026-05-20 08:23:33 - __main__ - INFO - 
Epoch 13/100 | lr 0.098666
2026-05-20 08:23:54 - __main__ - INFO - Train: loss 1.4922 acc1 57.57%
2026-05-20 08:23:54 - __main__ - INFO - Val:   loss 1.8541 acc1 51.13%
2026-05-20 08:23:54 - __main__ - INFO - 
Epoch 14/100 | lr 0.098261
2026-05-20 08:24:15 - __main__ - INFO - Train: loss 1.4163 acc1 58.97%
2026-05-20 08:24:15 - __main__ - INFO - Val:   loss 1.8671 acc1 51.40%
2026-05-20 08:24:15 - __main__ - INFO - 
Epoch 15/100 | lr 0.097802
2026-05-20 08:24:36 - __main__ - INFO - Train: loss 1.3504 acc1 60.82%
2026-05-20 08:24:36 - __main__ - INFO - Val:   loss 1.8563 acc1 50.66%
2026-05-20 08:24:36 - __main__ - INFO - 
Epoch 16/100 | lr 0.097291
2026-05-20 08:24:57 - __main__ - INFO - Train: loss 1.2729 acc1 62.94%
2026-05-20 08:24:57 - __main__ - INFO - Val:   loss 1.8906 acc1 50.84%
2026-05-20 08:24:57 - __main__ - INFO - 
Epoch 17/100 | lr 0.096729
2026-05-20 08:25:17 - __main__ - INFO - Train: loss 1.2155 acc1 64.13%
2026-05-20 08:25:17 - __main__ - INFO - Val:   loss 1.8509 acc1 51.95%
2026-05-20 08:25:17 - __main__ - INFO - saved best: 51.95%
2026-05-20 08:25:17 - __main__ - INFO - 
Epoch 18/100 | lr 0.096115
2026-05-20 08:25:38 - __main__ - INFO - Train: loss 1.1518 acc1 65.99%
2026-05-20 08:25:38 - __main__ - INFO - Val:   loss 1.7458 acc1 54.24%
2026-05-20 08:25:38 - __main__ - INFO - saved best: 54.24%
2026-05-20 08:25:38 - __main__ - INFO - 
Epoch 19/100 | lr 0.095451
2026-05-20 08:25:59 - __main__ - INFO - Train: loss 1.1105 acc1 66.76%
2026-05-20 08:25:59 - __main__ - INFO - Val:   loss 1.7133 acc1 54.97%
2026-05-20 08:25:59 - __main__ - INFO - saved best: 54.97%
2026-05-20 08:25:59 - __main__ - INFO - 
Epoch 20/100 | lr 0.094737
2026-05-20 08:26:20 - __main__ - INFO - Train: loss 1.0529 acc1 68.32%
2026-05-20 08:26:20 - __main__ - INFO - Val:   loss 1.8199 acc1 53.10%
2026-05-20 08:26:20 - __main__ - INFO - 
Epoch 21/100 | lr 0.093974
2026-05-20 08:26:40 - __main__ - INFO - Train: loss 1.0032 acc1 69.76%
2026-05-20 08:26:40 - __main__ - INFO - Val:   loss 1.7907 acc1 55.01%
2026-05-20 08:26:40 - __main__ - INFO - saved best: 55.01%
2026-05-20 08:26:40 - __main__ - INFO - 
Epoch 22/100 | lr 0.093164
2026-05-20 08:27:01 - __main__ - INFO - Train: loss 0.9560 acc1 71.12%
2026-05-20 08:27:01 - __main__ - INFO - Val:   loss 1.7034 acc1 56.35%
2026-05-20 08:27:01 - __main__ - INFO - saved best: 56.35%
2026-05-20 08:27:01 - __main__ - INFO - 
Epoch 23/100 | lr 0.092306
2026-05-20 08:27:22 - __main__ - INFO - Train: loss 0.9119 acc1 72.13%
2026-05-20 08:27:22 - __main__ - INFO - Val:   loss 1.8011 acc1 56.01%
2026-05-20 08:27:22 - __main__ - INFO - 
Epoch 24/100 | lr 0.091401
2026-05-20 08:27:43 - __main__ - INFO - Train: loss 0.8659 acc1 73.21%
2026-05-20 08:27:43 - __main__ - INFO - Val:   loss 1.8650 acc1 53.33%
2026-05-20 08:27:43 - __main__ - INFO - 
Epoch 25/100 | lr 0.090452
2026-05-20 08:28:03 - __main__ - INFO - Train: loss 0.8202 acc1 74.53%
2026-05-20 08:28:03 - __main__ - INFO - Val:   loss 1.9352 acc1 54.05%
2026-05-20 08:28:03 - __main__ - INFO - 
Epoch 26/100 | lr 0.089458
2026-05-20 08:28:24 - __main__ - INFO - Train: loss 0.7877 acc1 75.35%
2026-05-20 08:28:24 - __main__ - INFO - Val:   loss 1.9121 acc1 54.76%
2026-05-20 08:28:24 - __main__ - INFO - 
Epoch 27/100 | lr 0.088421
2026-05-20 08:28:45 - __main__ - INFO - Train: loss 0.7416 acc1 76.79%
2026-05-20 08:28:45 - __main__ - INFO - Val:   loss 1.9002 acc1 54.90%
2026-05-20 08:28:45 - __main__ - INFO - 
Epoch 28/100 | lr 0.087342
2026-05-20 08:29:06 - __main__ - INFO - Train: loss 0.7051 acc1 77.78%
2026-05-20 08:29:06 - __main__ - INFO - Val:   loss 1.9025 acc1 55.27%
2026-05-20 08:29:06 - __main__ - INFO - 
Epoch 29/100 | lr 0.086223
2026-05-20 08:29:26 - __main__ - INFO - Train: loss 0.6771 acc1 78.72%
2026-05-20 08:29:26 - __main__ - INFO - Val:   loss 1.9508 acc1 55.10%
2026-05-20 08:29:26 - __main__ - INFO - 
Epoch 30/100 | lr 0.085063
2026-05-20 08:29:47 - __main__ - INFO - Train: loss 0.6389 acc1 79.81%
2026-05-20 08:29:47 - __main__ - INFO - Val:   loss 1.9201 acc1 54.87%
2026-05-20 08:29:47 - __main__ - INFO - 
Epoch 31/100 | lr 0.083866
2026-05-20 08:30:08 - __main__ - INFO - Train: loss 0.5996 acc1 80.91%
2026-05-20 08:30:08 - __main__ - INFO - Val:   loss 1.9531 acc1 55.60%
2026-05-20 08:30:08 - __main__ - INFO - 
Epoch 32/100 | lr 0.082631
2026-05-20 08:30:28 - __main__ - INFO - Train: loss 0.5659 acc1 81.89%
2026-05-20 08:30:28 - __main__ - INFO - Val:   loss 1.9914 acc1 55.01%
2026-05-20 08:30:28 - __main__ - INFO - 
Epoch 33/100 | lr 0.081361
2026-05-20 08:30:49 - __main__ - INFO - Train: loss 0.5416 acc1 82.36%
2026-05-20 08:30:49 - __main__ - INFO - Val:   loss 1.9593 acc1 56.61%
2026-05-20 08:30:49 - __main__ - INFO - saved best: 56.61%
2026-05-20 08:30:49 - __main__ - INFO - 
Epoch 34/100 | lr 0.080056
2026-05-20 08:31:10 - __main__ - INFO - Train: loss 0.5049 acc1 83.72%
2026-05-20 08:31:10 - __main__ - INFO - Val:   loss 1.9262 acc1 57.39%
2026-05-20 08:31:10 - __main__ - INFO - saved best: 57.39%
2026-05-20 08:31:10 - __main__ - INFO - 
Epoch 35/100 | lr 0.078719
2026-05-20 08:31:31 - __main__ - INFO - Train: loss 0.4852 acc1 84.50%
2026-05-20 08:31:31 - __main__ - INFO - Val:   loss 1.9600 acc1 56.60%
2026-05-20 08:31:31 - __main__ - INFO - 
Epoch 36/100 | lr 0.077350
2026-05-20 08:31:51 - __main__ - INFO - Train: loss 0.4494 acc1 85.57%
2026-05-20 08:31:51 - __main__ - INFO - Val:   loss 2.0125 acc1 56.58%
2026-05-20 08:31:51 - __main__ - INFO - 
Epoch 37/100 | lr 0.075951
2026-05-20 08:32:12 - __main__ - INFO - Train: loss 0.4332 acc1 86.03%
2026-05-20 08:32:12 - __main__ - INFO - Val:   loss 2.0766 acc1 55.70%
2026-05-20 08:32:12 - __main__ - INFO - 
Epoch 38/100 | lr 0.074524
2026-05-20 08:32:33 - __main__ - INFO - Train: loss 0.4013 acc1 87.10%
2026-05-20 08:32:33 - __main__ - INFO - Val:   loss 1.9839 acc1 56.44%
2026-05-20 08:32:33 - __main__ - INFO - 
Epoch 39/100 | lr 0.073070
2026-05-20 08:32:54 - __main__ - INFO - Train: loss 0.3750 acc1 87.89%
2026-05-20 08:32:54 - __main__ - INFO - Val:   loss 2.0185 acc1 56.87%
2026-05-20 08:32:54 - __main__ - INFO - 
Epoch 40/100 | lr 0.071591
2026-05-20 08:33:14 - __main__ - INFO - Train: loss 0.3520 acc1 88.65%
2026-05-20 08:33:14 - __main__ - INFO - Val:   loss 2.0292 acc1 56.88%
2026-05-20 08:33:14 - __main__ - INFO - 
Epoch 41/100 | lr 0.070088
2026-05-20 08:33:35 - __main__ - INFO - Train: loss 0.3402 acc1 88.98%
2026-05-20 08:33:35 - __main__ - INFO - Val:   loss 2.1021 acc1 56.24%
2026-05-20 08:33:35 - __main__ - INFO - 
Epoch 42/100 | lr 0.068563
2026-05-20 08:33:56 - __main__ - INFO - Train: loss 0.3145 acc1 89.80%
2026-05-20 08:33:56 - __main__ - INFO - Val:   loss 2.1023 acc1 57.22%
2026-05-20 08:33:56 - __main__ - INFO - 
Epoch 43/100 | lr 0.067018
2026-05-20 08:34:17 - __main__ - INFO - Train: loss 0.2881 acc1 90.67%
2026-05-20 08:34:17 - __main__ - INFO - Val:   loss 2.0423 acc1 56.91%
2026-05-20 08:34:17 - __main__ - INFO - 
Epoch 44/100 | lr 0.065454
2026-05-20 08:34:38 - __main__ - INFO - Train: loss 0.2703 acc1 91.43%
2026-05-20 08:34:38 - __main__ - INFO - Val:   loss 2.0810 acc1 57.65%
2026-05-20 08:34:38 - __main__ - INFO - saved best: 57.65%
2026-05-20 08:34:38 - __main__ - INFO - 
Epoch 45/100 | lr 0.063874
2026-05-20 08:34:58 - __main__ - INFO - Train: loss 0.2542 acc1 91.84%
2026-05-20 08:34:58 - __main__ - INFO - Val:   loss 2.1119 acc1 56.78%
2026-05-20 08:34:58 - __main__ - INFO - 
Epoch 46/100 | lr 0.062278
2026-05-20 08:35:19 - __main__ - INFO - Train: loss 0.2310 acc1 92.55%
2026-05-20 08:35:19 - __main__ - INFO - Val:   loss 2.0437 acc1 58.60%
2026-05-20 08:35:19 - __main__ - INFO - saved best: 58.60%
2026-05-20 08:35:19 - __main__ - INFO - 
Epoch 47/100 | lr 0.060669
2026-05-20 08:35:40 - __main__ - INFO - Train: loss 0.2235 acc1 92.82%
2026-05-20 08:35:40 - __main__ - INFO - Val:   loss 2.1069 acc1 57.63%
2026-05-20 08:35:40 - __main__ - INFO - 
Epoch 48/100 | lr 0.059048
2026-05-20 08:36:01 - __main__ - INFO - Train: loss 0.2127 acc1 93.26%
2026-05-20 08:36:01 - __main__ - INFO - Val:   loss 2.0870 acc1 59.15%
2026-05-20 08:36:01 - __main__ - INFO - saved best: 59.15%
2026-05-20 08:36:01 - __main__ - INFO - 
Epoch 49/100 | lr 0.057417
2026-05-20 08:36:21 - __main__ - INFO - Train: loss 0.1838 acc1 94.20%
2026-05-20 08:36:21 - __main__ - INFO - Val:   loss 2.0778 acc1 58.25%
2026-05-20 08:36:21 - __main__ - INFO - 
Epoch 50/100 | lr 0.055779
2026-05-20 08:36:42 - __main__ - INFO - Train: loss 0.1696 acc1 94.75%
2026-05-20 08:36:42 - __main__ - INFO - Val:   loss 2.0749 acc1 59.11%
2026-05-20 08:36:42 - __main__ - INFO - 
Epoch 51/100 | lr 0.054134
2026-05-20 08:37:03 - __main__ - INFO - Train: loss 0.1536 acc1 95.21%
2026-05-20 08:37:03 - __main__ - INFO - Val:   loss 2.1066 acc1 59.10%
2026-05-20 08:37:03 - __main__ - INFO - 
Epoch 52/100 | lr 0.052484
2026-05-20 08:37:24 - __main__ - INFO - Train: loss 0.1355 acc1 96.02%
2026-05-20 08:37:24 - __main__ - INFO - Val:   loss 2.0686 acc1 58.85%
2026-05-20 08:37:24 - __main__ - INFO - 
Epoch 53/100 | lr 0.050832
2026-05-20 08:37:45 - __main__ - INFO - Train: loss 0.1186 acc1 96.42%
2026-05-20 08:37:45 - __main__ - INFO - Val:   loss 2.1075 acc1 58.98%
2026-05-20 08:37:45 - __main__ - INFO - 
Epoch 54/100 | lr 0.049178
2026-05-20 08:38:05 - __main__ - INFO - Train: loss 0.1148 acc1 96.56%
2026-05-20 08:38:05 - __main__ - INFO - Val:   loss 2.1126 acc1 59.14%
2026-05-20 08:38:05 - __main__ - INFO - 
Epoch 55/100 | lr 0.047526
2026-05-20 08:38:26 - __main__ - INFO - Train: loss 0.1040 acc1 96.87%
2026-05-20 08:38:26 - __main__ - INFO - Val:   loss 2.0774 acc1 59.22%
2026-05-20 08:38:26 - __main__ - INFO - saved best: 59.22%
2026-05-20 08:38:26 - __main__ - INFO - 
Epoch 56/100 | lr 0.045876
2026-05-20 08:38:47 - __main__ - INFO - Train: loss 0.0928 acc1 97.37%
2026-05-20 08:38:47 - __main__ - INFO - Val:   loss 2.0612 acc1 59.43%
2026-05-20 08:38:47 - __main__ - INFO - saved best: 59.43%
2026-05-20 08:38:47 - __main__ - INFO - 
Epoch 57/100 | lr 0.044231
2026-05-20 08:39:07 - __main__ - INFO - Train: loss 0.0717 acc1 97.99%
2026-05-20 08:39:07 - __main__ - INFO - Val:   loss 2.0283 acc1 60.05%
2026-05-20 08:39:07 - __main__ - INFO - saved best: 60.05%
2026-05-20 08:39:07 - __main__ - INFO - 
Epoch 58/100 | lr 0.042593
2026-05-20 08:39:28 - __main__ - INFO - Train: loss 0.0649 acc1 98.25%
2026-05-20 08:39:28 - __main__ - INFO - Val:   loss 2.0292 acc1 61.32%
2026-05-20 08:39:28 - __main__ - INFO - saved best: 61.32%
2026-05-20 08:39:28 - __main__ - INFO - 
Epoch 59/100 | lr 0.040962
2026-05-20 08:39:49 - __main__ - INFO - Train: loss 0.0617 acc1 98.31%
2026-05-20 08:39:49 - __main__ - INFO - Val:   loss 2.0037 acc1 61.21%
2026-05-20 08:39:49 - __main__ - INFO - 
Epoch 60/100 | lr 0.039341
2026-05-20 08:40:10 - __main__ - INFO - Train: loss 0.0552 acc1 98.53%
2026-05-20 08:40:10 - __main__ - INFO - Val:   loss 1.9923 acc1 60.89%
2026-05-20 08:40:10 - __main__ - INFO - 
Epoch 61/100 | lr 0.037732
2026-05-20 08:40:30 - __main__ - INFO - Train: loss 0.0481 acc1 98.81%
2026-05-20 08:40:30 - __main__ - INFO - Val:   loss 1.9651 acc1 61.55%
2026-05-20 08:40:30 - __main__ - INFO - saved best: 61.55%
2026-05-20 08:40:30 - __main__ - INFO - 
Epoch 62/100 | lr 0.036136
2026-05-20 08:40:51 - __main__ - INFO - Train: loss 0.0371 acc1 99.16%
2026-05-20 08:40:51 - __main__ - INFO - Val:   loss 1.9529 acc1 62.15%
2026-05-20 08:40:51 - __main__ - INFO - saved best: 62.15%
2026-05-20 08:40:51 - __main__ - INFO - 
Epoch 63/100 | lr 0.034556
2026-05-20 08:41:12 - __main__ - INFO - Train: loss 0.0280 acc1 99.41%
2026-05-20 08:41:12 - __main__ - INFO - Val:   loss 1.9363 acc1 61.65%
2026-05-20 08:41:12 - __main__ - INFO - 
Epoch 64/100 | lr 0.032992
2026-05-20 08:41:33 - __main__ - INFO - Train: loss 0.0253 acc1 99.51%
2026-05-20 08:41:33 - __main__ - INFO - Val:   loss 1.9536 acc1 62.37%
2026-05-20 08:41:33 - __main__ - INFO - saved best: 62.37%
2026-05-20 08:41:33 - __main__ - INFO - 
Epoch 65/100 | lr 0.031447
2026-05-20 08:41:53 - __main__ - INFO - Train: loss 0.0217 acc1 99.59%
2026-05-20 08:41:53 - __main__ - INFO - Val:   loss 1.9097 acc1 62.21%
2026-05-20 08:41:53 - __main__ - INFO - 
Epoch 66/100 | lr 0.029922
2026-05-20 08:42:14 - __main__ - INFO - Train: loss 0.0193 acc1 99.64%
2026-05-20 08:42:14 - __main__ - INFO - Val:   loss 1.9113 acc1 62.35%
2026-05-20 08:42:14 - __main__ - INFO - 
Epoch 67/100 | lr 0.028419
2026-05-20 08:42:35 - __main__ - INFO - Train: loss 0.0154 acc1 99.79%
2026-05-20 08:42:35 - __main__ - INFO - Val:   loss 1.8591 acc1 62.57%
2026-05-20 08:42:35 - __main__ - INFO - saved best: 62.57%
2026-05-20 08:42:35 - __main__ - INFO - 
Epoch 68/100 | lr 0.026940
2026-05-20 08:42:55 - __main__ - INFO - Train: loss 0.0129 acc1 99.82%
2026-05-20 08:42:55 - __main__ - INFO - Val:   loss 1.8331 acc1 63.08%
2026-05-20 08:42:55 - __main__ - INFO - saved best: 63.08%
2026-05-20 08:42:55 - __main__ - INFO - 
Epoch 69/100 | lr 0.025486
2026-05-20 08:43:16 - __main__ - INFO - Train: loss 0.0110 acc1 99.87%
2026-05-20 08:43:16 - __main__ - INFO - Val:   loss 1.8367 acc1 63.62%
2026-05-20 08:43:16 - __main__ - INFO - saved best: 63.62%
2026-05-20 08:43:16 - __main__ - INFO - 
Epoch 70/100 | lr 0.024059
2026-05-20 08:43:37 - __main__ - INFO - Train: loss 0.0115 acc1 99.84%
2026-05-20 08:43:37 - __main__ - INFO - Val:   loss 1.8213 acc1 64.02%
2026-05-20 08:43:37 - __main__ - INFO - saved best: 64.02%
2026-05-20 08:43:37 - __main__ - INFO - 
Epoch 71/100 | lr 0.022660
2026-05-20 08:43:58 - __main__ - INFO - Train: loss 0.0094 acc1 99.89%
2026-05-20 08:43:58 - __main__ - INFO - Val:   loss 1.7935 acc1 63.48%
2026-05-20 08:43:58 - __main__ - INFO - 
Epoch 72/100 | lr 0.021291
2026-05-20 08:44:19 - __main__ - INFO - Train: loss 0.0092 acc1 99.89%
2026-05-20 08:44:19 - __main__ - INFO - Val:   loss 1.7824 acc1 63.50%
2026-05-20 08:44:19 - __main__ - INFO - 
Epoch 73/100 | lr 0.019954
2026-05-20 08:44:39 - __main__ - INFO - Train: loss 0.0079 acc1 99.93%
2026-05-20 08:44:39 - __main__ - INFO - Val:   loss 1.7751 acc1 63.58%
2026-05-20 08:44:39 - __main__ - INFO - 
Epoch 74/100 | lr 0.018649
2026-05-20 08:45:00 - __main__ - INFO - Train: loss 0.0083 acc1 99.90%
2026-05-20 08:45:00 - __main__ - INFO - Val:   loss 1.7655 acc1 64.12%
2026-05-20 08:45:00 - __main__ - INFO - saved best: 64.12%
2026-05-20 08:45:00 - __main__ - INFO - 
Epoch 75/100 | lr 0.017379
2026-05-20 08:45:21 - __main__ - INFO - Train: loss 0.0070 acc1 99.94%
2026-05-20 08:45:21 - __main__ - INFO - Val:   loss 1.7696 acc1 64.18%
2026-05-20 08:45:21 - __main__ - INFO - saved best: 64.18%
2026-05-20 08:45:21 - __main__ - INFO - 
Epoch 76/100 | lr 0.016144
2026-05-20 08:45:42 - __main__ - INFO - Train: loss 0.0073 acc1 99.90%
2026-05-20 08:45:42 - __main__ - INFO - Val:   loss 1.7590 acc1 64.25%
2026-05-20 08:45:42 - __main__ - INFO - saved best: 64.25%
2026-05-20 08:45:42 - __main__ - INFO - 
Epoch 77/100 | lr 0.014947
2026-05-20 08:46:02 - __main__ - INFO - Train: loss 0.0065 acc1 99.95%
2026-05-20 08:46:02 - __main__ - INFO - Val:   loss 1.7631 acc1 64.05%
2026-05-20 08:46:02 - __main__ - INFO - 
Epoch 78/100 | lr 0.013787
2026-05-20 08:46:23 - __main__ - INFO - Train: loss 0.0068 acc1 99.93%
2026-05-20 08:46:23 - __main__ - INFO - Val:   loss 1.7654 acc1 63.80%
2026-05-20 08:46:23 - __main__ - INFO - 
Epoch 79/100 | lr 0.012668
2026-05-20 08:46:43 - __main__ - INFO - Train: loss 0.0064 acc1 99.92%
2026-05-20 08:46:43 - __main__ - INFO - Val:   loss 1.7484 acc1 64.33%
2026-05-20 08:46:43 - __main__ - INFO - saved best: 64.33%
2026-05-20 08:46:43 - __main__ - INFO - 
Epoch 80/100 | lr 0.011589
2026-05-20 08:47:04 - __main__ - INFO - Train: loss 0.0061 acc1 99.95%
2026-05-20 08:47:04 - __main__ - INFO - Val:   loss 1.7489 acc1 64.33%
2026-05-20 08:47:04 - __main__ - INFO - 
Epoch 81/100 | lr 0.010552
2026-05-20 08:47:25 - __main__ - INFO - Train: loss 0.0060 acc1 99.94%
2026-05-20 08:47:25 - __main__ - INFO - Val:   loss 1.7413 acc1 64.60%
2026-05-20 08:47:25 - __main__ - INFO - saved best: 64.60%
2026-05-20 08:47:25 - __main__ - INFO - 
Epoch 82/100 | lr 0.009558
2026-05-20 08:47:46 - __main__ - INFO - Train: loss 0.0053 acc1 99.97%
2026-05-20 08:47:46 - __main__ - INFO - Val:   loss 1.7395 acc1 64.11%
2026-05-20 08:47:46 - __main__ - INFO - 
Epoch 83/100 | lr 0.008609
2026-05-20 08:48:07 - __main__ - INFO - Train: loss 0.0051 acc1 99.95%
2026-05-20 08:48:07 - __main__ - INFO - Val:   loss 1.7341 acc1 64.05%
2026-05-20 08:48:07 - __main__ - INFO - 
Epoch 84/100 | lr 0.007704
2026-05-20 08:48:29 - __main__ - INFO - Train: loss 0.0054 acc1 99.96%
2026-05-20 08:48:29 - __main__ - INFO - Val:   loss 1.7363 acc1 64.28%
2026-05-20 08:48:29 - __main__ - INFO - 
Epoch 85/100 | lr 0.006846
2026-05-20 08:48:50 - __main__ - INFO - Train: loss 0.0052 acc1 99.95%
2026-05-20 08:48:50 - __main__ - INFO - Val:   loss 1.7336 acc1 64.01%
2026-05-20 08:48:50 - __main__ - INFO - 
Epoch 86/100 | lr 0.006036
2026-05-20 08:49:11 - __main__ - INFO - Train: loss 0.0053 acc1 99.95%
2026-05-20 08:49:11 - __main__ - INFO - Val:   loss 1.7345 acc1 64.55%
2026-05-20 08:49:11 - __main__ - INFO - 
Epoch 87/100 | lr 0.005273
2026-05-20 08:49:32 - __main__ - INFO - Train: loss 0.0050 acc1 99.97%
2026-05-20 08:49:32 - __main__ - INFO - Val:   loss 1.7255 acc1 64.64%
2026-05-20 08:49:32 - __main__ - INFO - saved best: 64.64%
2026-05-20 08:49:32 - __main__ - INFO - 
Epoch 88/100 | lr 0.004559
2026-05-20 08:49:53 - __main__ - INFO - Train: loss 0.0050 acc1 99.97%
2026-05-20 08:49:53 - __main__ - INFO - Val:   loss 1.7290 acc1 64.88%
2026-05-20 08:49:53 - __main__ - INFO - saved best: 64.88%
2026-05-20 08:49:53 - __main__ - INFO - 
Epoch 89/100 | lr 0.003895
2026-05-20 08:50:14 - __main__ - INFO - Train: loss 0.0049 acc1 99.96%
2026-05-20 08:50:14 - __main__ - INFO - Val:   loss 1.7306 acc1 64.54%
2026-05-20 08:50:14 - __main__ - INFO - 
Epoch 90/100 | lr 0.003281
2026-05-20 08:50:35 - __main__ - INFO - Train: loss 0.0050 acc1 99.96%
2026-05-20 08:50:35 - __main__ - INFO - Val:   loss 1.7230 acc1 64.95%
2026-05-20 08:50:35 - __main__ - INFO - saved best: 64.95%
2026-05-20 08:50:35 - __main__ - INFO - 
Epoch 91/100 | lr 0.002719
2026-05-20 08:50:56 - __main__ - INFO - Train: loss 0.0049 acc1 99.95%
2026-05-20 08:50:56 - __main__ - INFO - Val:   loss 1.7243 acc1 64.92%
2026-05-20 08:50:56 - __main__ - INFO - 
Epoch 92/100 | lr 0.002208
2026-05-20 08:51:17 - __main__ - INFO - Train: loss 0.0049 acc1 99.97%
2026-05-20 08:51:17 - __main__ - INFO - Val:   loss 1.7242 acc1 64.50%
2026-05-20 08:51:17 - __main__ - INFO - 
Epoch 93/100 | lr 0.001749
2026-05-20 08:51:38 - __main__ - INFO - Train: loss 0.0046 acc1 99.97%
2026-05-20 08:51:38 - __main__ - INFO - Val:   loss 1.7243 acc1 64.97%
2026-05-20 08:51:38 - __main__ - INFO - saved best: 64.97%
2026-05-20 08:51:38 - __main__ - INFO - 
Epoch 94/100 | lr 0.001344
2026-05-20 08:51:58 - __main__ - INFO - Train: loss 0.0047 acc1 99.96%
2026-05-20 08:51:58 - __main__ - INFO - Val:   loss 1.7189 acc1 64.35%
2026-05-20 08:51:58 - __main__ - INFO - 
Epoch 95/100 | lr 0.000991
2026-05-20 08:52:19 - __main__ - INFO - Train: loss 0.0048 acc1 99.95%
2026-05-20 08:52:19 - __main__ - INFO - Val:   loss 1.7243 acc1 64.81%
2026-05-20 08:52:19 - __main__ - INFO - 
Epoch 96/100 | lr 0.000692
2026-05-20 08:52:40 - __main__ - INFO - Train: loss 0.0046 acc1 99.97%
2026-05-20 08:52:40 - __main__ - INFO - Val:   loss 1.7205 acc1 64.46%
2026-05-20 08:52:40 - __main__ - INFO - 
Epoch 97/100 | lr 0.000447
2026-05-20 08:53:01 - __main__ - INFO - Train: loss 0.0047 acc1 99.97%
2026-05-20 08:53:01 - __main__ - INFO - Val:   loss 1.7185 acc1 65.08%
2026-05-20 08:53:01 - __main__ - INFO - saved best: 65.08%
2026-05-20 08:53:01 - __main__ - INFO - 
Epoch 98/100 | lr 0.000256
2026-05-20 08:53:22 - __main__ - INFO - Train: loss 0.0044 acc1 99.98%
2026-05-20 08:53:22 - __main__ - INFO - Val:   loss 1.7238 acc1 64.85%
2026-05-20 08:53:22 - __main__ - INFO - 
Epoch 99/100 | lr 0.000119
2026-05-20 08:53:44 - __main__ - INFO - Train: loss 0.0045 acc1 99.98%
2026-05-20 08:53:44 - __main__ - INFO - Val:   loss 1.7184 acc1 64.63%
2026-05-20 08:53:44 - __main__ - INFO - 
Epoch 100/100 | lr 0.000037
2026-05-20 08:54:05 - __main__ - INFO - Train: loss 0.0046 acc1 99.96%
2026-05-20 08:54:05 - __main__ - INFO - Val:   loss 1.7132 acc1 64.88%
2026-05-20 08:54:05 - __main__ - INFO - Loaded best checkpoint weights for final test evaluation.
2026-05-20 08:54:07 - __main__ - INFO - 
Best tracked (val): 65.08%
2026-05-20 08:54:07 - __main__ - INFO - Final test: loss 2.0585 acc1 61.66%
2026-05-20 08:54:07 - __main__ - INFO -   Final training settings for output densenet121 [low_saliency]: batch_size=128, amp=False
2026-05-20 08:54:11 - __main__ - INFO - Variant [low_saliency] done — test acc 61.66%, test loss 2.0585
2026-05-20 08:54:12 - __main__ - INFO - Saved validation comparison plot: runs/cifar100_2026_05/20/output_models/densenet121/validation_comparison_plot.png
2026-05-20 08:54:12 - __main__ - INFO - 
Starting output model sweep: efficientnet_b0
2026-05-20 08:54:12 - __main__ - INFO - 
============================================================
2026-05-20 08:54:12 - __main__ - INFO - Training output model: efficientnet_b0 [original]
2026-05-20 08:54:12 - __main__ - INFO -   Resolved config → opt=sgd, lr=0.05, wd=0.0001, bs=128, epochs=100, scheduler=cosine, warmup=5
2026-05-20 08:54:12 - __main__ - INFO - ============================================================
2026-05-20 08:54:12 - __main__ - INFO -   Validation during training uses variant split with val_split=0.1
2026-05-20 08:54:12 - __main__ - INFO -   Final test uses original test split
2026-05-20 08:54:12 - __main__ - INFO -   Retry policy: training output efficientnet_b0 [original] with batch_size=128, amp=False
2026-05-20 08:54:12 - __main__ - INFO - device: cuda | cuda: True | gpu: NVIDIA L4
2026-05-20 08:54:12 - __main__ - INFO - Model: efficientnet_b0 | Dataset: cifar100 | Classes: 100 | Optimizer: sgd
2026-05-20 08:54:12 - __main__ - INFO - 
Epoch 1/100 | lr 0.000050
2026-05-20 08:54:25 - __main__ - INFO - Train: loss 4.6684 acc1 1.08%
2026-05-20 08:54:25 - __main__ - INFO - Val:   loss 4.9318 acc1 1.30%
2026-05-20 08:54:25 - __main__ - INFO - saved best: 1.30%
2026-05-20 08:54:25 - __main__ - INFO - 
Epoch 2/100 | lr 0.010040
2026-05-20 08:54:37 - __main__ - INFO - Train: loss 4.4547 acc1 3.26%
2026-05-20 08:54:37 - __main__ - INFO - Val:   loss 4.2182 acc1 5.65%
2026-05-20 08:54:37 - __main__ - INFO - saved best: 5.65%
2026-05-20 08:54:37 - __main__ - INFO - 
Epoch 3/100 | lr 0.020030
2026-05-20 08:54:49 - __main__ - INFO - Train: loss 4.0074 acc1 7.56%
2026-05-20 08:54:49 - __main__ - INFO - Val:   loss 3.7886 acc1 10.15%
2026-05-20 08:54:49 - __main__ - INFO - saved best: 10.15%
2026-05-20 08:54:49 - __main__ - INFO - 
Epoch 4/100 | lr 0.030020
2026-05-20 08:55:01 - __main__ - INFO - Train: loss 3.7475 acc1 11.05%
2026-05-20 08:55:01 - __main__ - INFO - Val:   loss 3.6595 acc1 12.44%
2026-05-20 08:55:01 - __main__ - INFO - saved best: 12.44%
2026-05-20 08:55:01 - __main__ - INFO - 
Epoch 5/100 | lr 0.040010
2026-05-20 08:55:13 - __main__ - INFO - Train: loss 3.5476 acc1 14.12%
2026-05-20 08:55:13 - __main__ - INFO - Val:   loss 3.4304 acc1 15.52%
2026-05-20 08:55:13 - __main__ - INFO - saved best: 15.52%
2026-05-20 08:55:13 - __main__ - INFO - 
Epoch 6/100 | lr 0.050000
2026-05-20 08:55:25 - __main__ - INFO - Train: loss 3.3623 acc1 17.57%
2026-05-20 08:55:25 - __main__ - INFO - Val:   loss 3.2408 acc1 19.88%
2026-05-20 08:55:26 - __main__ - INFO - saved best: 19.88%
2026-05-20 08:55:26 - __main__ - INFO - 
Epoch 7/100 | lr 0.049986
2026-05-20 08:55:37 - __main__ - INFO - Train: loss 3.1688 acc1 20.96%
2026-05-20 08:55:37 - __main__ - INFO - Val:   loss 3.0786 acc1 23.28%
2026-05-20 08:55:37 - __main__ - INFO - saved best: 23.28%
2026-05-20 08:55:37 - __main__ - INFO - 
Epoch 8/100 | lr 0.049945
2026-05-20 08:55:49 - __main__ - INFO - Train: loss 3.0148 acc1 24.18%
2026-05-20 08:55:49 - __main__ - INFO - Val:   loss 2.9113 acc1 26.55%
2026-05-20 08:55:49 - __main__ - INFO - saved best: 26.55%
2026-05-20 08:55:49 - __main__ - INFO - 
Epoch 9/100 | lr 0.049877
2026-05-20 08:56:01 - __main__ - INFO - Train: loss 2.8892 acc1 26.66%
2026-05-20 08:56:01 - __main__ - INFO - Val:   loss 2.8505 acc1 27.40%
2026-05-20 08:56:01 - __main__ - INFO - saved best: 27.40%
2026-05-20 08:56:01 - __main__ - INFO - 
Epoch 10/100 | lr 0.049782
2026-05-20 08:56:13 - __main__ - INFO - Train: loss 2.7755 acc1 28.90%
2026-05-20 08:56:13 - __main__ - INFO - Val:   loss 2.7369 acc1 30.56%
2026-05-20 08:56:13 - __main__ - INFO - saved best: 30.56%
2026-05-20 08:56:13 - __main__ - INFO - 
Epoch 11/100 | lr 0.049659
2026-05-20 08:56:25 - __main__ - INFO - Train: loss 2.6740 acc1 30.98%
2026-05-20 08:56:25 - __main__ - INFO - Val:   loss 2.7132 acc1 30.67%
2026-05-20 08:56:25 - __main__ - INFO - saved best: 30.67%
2026-05-20 08:56:25 - __main__ - INFO - 
Epoch 12/100 | lr 0.049510
2026-05-20 08:56:37 - __main__ - INFO - Train: loss 2.6567 acc1 31.19%
2026-05-20 08:56:37 - __main__ - INFO - Val:   loss 2.5808 acc1 33.20%
2026-05-20 08:56:38 - __main__ - INFO - saved best: 33.20%
2026-05-20 08:56:38 - __main__ - INFO - 
Epoch 13/100 | lr 0.049333
2026-05-20 08:56:50 - __main__ - INFO - Train: loss 2.5316 acc1 33.60%
2026-05-20 08:56:50 - __main__ - INFO - Val:   loss 2.4983 acc1 34.80%
2026-05-20 08:56:50 - __main__ - INFO - saved best: 34.80%
2026-05-20 08:56:50 - __main__ - INFO - 
Epoch 14/100 | lr 0.049130
2026-05-20 08:57:02 - __main__ - INFO - Train: loss 2.4970 acc1 34.65%
2026-05-20 08:57:02 - __main__ - INFO - Val:   loss 2.8015 acc1 29.38%
2026-05-20 08:57:02 - __main__ - INFO - 
Epoch 15/100 | lr 0.048901
2026-05-20 08:57:14 - __main__ - INFO - Train: loss 2.6429 acc1 31.63%
2026-05-20 08:57:14 - __main__ - INFO - Val:   loss 2.7469 acc1 31.47%
2026-05-20 08:57:14 - __main__ - INFO - 
Epoch 16/100 | lr 0.048646
2026-05-20 08:57:27 - __main__ - INFO - Train: loss 2.4572 acc1 35.45%
2026-05-20 08:57:27 - __main__ - INFO - Val:   loss 2.3834 acc1 36.71%
2026-05-20 08:57:27 - __main__ - INFO - saved best: 36.71%
2026-05-20 08:57:27 - __main__ - INFO - 
Epoch 17/100 | lr 0.048364
2026-05-20 08:57:39 - __main__ - INFO - Train: loss 2.4272 acc1 36.11%
2026-05-20 08:57:39 - __main__ - INFO - Val:   loss 2.7296 acc1 30.77%
2026-05-20 08:57:39 - __main__ - INFO - 
Epoch 18/100 | lr 0.048058
2026-05-20 08:57:51 - __main__ - INFO - Train: loss 2.3989 acc1 36.56%
2026-05-20 08:57:51 - __main__ - INFO - Val:   loss 2.3124 acc1 38.70%
2026-05-20 08:57:51 - __main__ - INFO - saved best: 38.70%
2026-05-20 08:57:51 - __main__ - INFO - 
Epoch 19/100 | lr 0.047726
2026-05-20 08:58:04 - __main__ - INFO - Train: loss 2.3734 acc1 37.31%
2026-05-20 08:58:04 - __main__ - INFO - Val:   loss 2.3339 acc1 38.87%
2026-05-20 08:58:04 - __main__ - INFO - saved best: 38.87%
2026-05-20 08:58:04 - __main__ - INFO - 
Epoch 20/100 | lr 0.047369
2026-05-20 08:58:16 - __main__ - INFO - Train: loss 2.2487 acc1 39.37%
2026-05-20 08:58:16 - __main__ - INFO - Val:   loss 2.2377 acc1 40.56%
2026-05-20 08:58:16 - __main__ - INFO - saved best: 40.56%
2026-05-20 08:58:16 - __main__ - INFO - 
Epoch 21/100 | lr 0.046987
2026-05-20 08:58:28 - __main__ - INFO - Train: loss 2.1170 acc1 42.41%
2026-05-20 08:58:28 - __main__ - INFO - Val:   loss 2.1631 acc1 42.24%
2026-05-20 08:58:28 - __main__ - INFO - saved best: 42.24%
2026-05-20 08:58:28 - __main__ - INFO - 
Epoch 22/100 | lr 0.046582
2026-05-20 08:58:40 - __main__ - INFO - Train: loss 2.0830 acc1 43.39%
2026-05-20 08:58:40 - __main__ - INFO - Val:   loss 2.1601 acc1 41.81%
2026-05-20 08:58:40 - __main__ - INFO - 
Epoch 23/100 | lr 0.046153
2026-05-20 08:58:52 - __main__ - INFO - Train: loss 2.1634 acc1 41.57%
2026-05-20 08:58:52 - __main__ - INFO - Val:   loss 2.2726 acc1 40.31%
2026-05-20 08:58:52 - __main__ - INFO - 
Epoch 24/100 | lr 0.045701
2026-05-20 08:59:04 - __main__ - INFO - Train: loss 2.2252 acc1 40.30%
2026-05-20 08:59:04 - __main__ - INFO - Val:   loss 2.1718 acc1 42.06%
2026-05-20 08:59:04 - __main__ - INFO - 
Epoch 25/100 | lr 0.045226
2026-05-20 08:59:16 - __main__ - INFO - Train: loss 2.1347 acc1 42.50%
2026-05-20 08:59:16 - __main__ - INFO - Val:   loss 2.2230 acc1 41.62%
2026-05-20 08:59:16 - __main__ - INFO - 
Epoch 26/100 | lr 0.044730
2026-05-20 08:59:28 - __main__ - INFO - Train: loss 2.0476 acc1 44.12%
2026-05-20 08:59:28 - __main__ - INFO - Val:   loss 2.1504 acc1 42.56%
2026-05-20 08:59:28 - __main__ - INFO - saved best: 42.56%
2026-05-20 08:59:28 - __main__ - INFO - 
Epoch 27/100 | lr 0.044211
2026-05-20 08:59:40 - __main__ - INFO - Train: loss 2.0777 acc1 43.57%
2026-05-20 08:59:40 - __main__ - INFO - Val:   loss 2.2954 acc1 40.04%
2026-05-20 08:59:40 - __main__ - INFO - 
Epoch 28/100 | lr 0.043672
2026-05-20 08:59:52 - __main__ - INFO - Train: loss 1.9687 acc1 45.85%
2026-05-20 08:59:52 - __main__ - INFO - Val:   loss 2.0484 acc1 45.06%
2026-05-20 08:59:52 - __main__ - INFO - saved best: 45.06%
2026-05-20 08:59:52 - __main__ - INFO - 
Epoch 29/100 | lr 0.043112
2026-05-20 09:00:04 - __main__ - INFO - Train: loss 1.8502 acc1 48.63%
2026-05-20 09:00:04 - __main__ - INFO - Val:   loss 2.2260 acc1 43.76%
2026-05-20 09:00:04 - __main__ - INFO - 
Epoch 30/100 | lr 0.042532
2026-05-20 09:00:16 - __main__ - INFO - Train: loss 1.8546 acc1 48.59%
2026-05-20 09:00:16 - __main__ - INFO - Val:   loss 2.0095 acc1 45.57%
2026-05-20 09:00:16 - __main__ - INFO - saved best: 45.57%
2026-05-20 09:00:16 - __main__ - INFO - 
Epoch 31/100 | lr 0.041934
2026-05-20 09:00:28 - __main__ - INFO - Train: loss 1.7614 acc1 50.50%
2026-05-20 09:00:28 - __main__ - INFO - Val:   loss 1.9798 acc1 46.45%
2026-05-20 09:00:28 - __main__ - INFO - saved best: 46.45%
2026-05-20 09:00:28 - __main__ - INFO - 
Epoch 32/100 | lr 0.041316
2026-05-20 09:00:40 - __main__ - INFO - Train: loss 1.7331 acc1 51.32%
2026-05-20 09:00:40 - __main__ - INFO - Val:   loss 2.0388 acc1 45.49%
2026-05-20 09:00:40 - __main__ - INFO - 
Epoch 33/100 | lr 0.040681
2026-05-20 09:00:52 - __main__ - INFO - Train: loss 1.8701 acc1 48.31%
2026-05-20 09:00:52 - __main__ - INFO - Val:   loss 2.1356 acc1 43.42%
2026-05-20 09:00:52 - __main__ - INFO - 
Epoch 34/100 | lr 0.040029
2026-05-20 09:01:04 - __main__ - INFO - Train: loss 1.7809 acc1 50.08%
2026-05-20 09:01:04 - __main__ - INFO - Val:   loss 2.0112 acc1 46.49%
2026-05-20 09:01:04 - __main__ - INFO - saved best: 46.49%
2026-05-20 09:01:04 - __main__ - INFO - 
Epoch 35/100 | lr 0.039360
2026-05-20 09:01:17 - __main__ - INFO - Train: loss 1.7409 acc1 51.17%
2026-05-20 09:01:17 - __main__ - INFO - Val:   loss 2.2956 acc1 40.92%
2026-05-20 09:01:17 - __main__ - INFO - 
Epoch 36/100 | lr 0.038676
2026-05-20 09:01:29 - __main__ - INFO - Train: loss 1.7644 acc1 50.46%
2026-05-20 09:01:29 - __main__ - INFO - Val:   loss 2.0781 acc1 44.77%
2026-05-20 09:01:29 - __main__ - INFO - 
Epoch 37/100 | lr 0.037977
2026-05-20 09:01:42 - __main__ - INFO - Train: loss 1.7993 acc1 49.65%
2026-05-20 09:01:42 - __main__ - INFO - Val:   loss 2.0574 acc1 46.40%
2026-05-20 09:01:42 - __main__ - INFO - 
Epoch 38/100 | lr 0.037263
2026-05-20 09:01:54 - __main__ - INFO - Train: loss 1.6187 acc1 53.92%
2026-05-20 09:01:54 - __main__ - INFO - Val:   loss 1.9941 acc1 47.17%
2026-05-20 09:01:54 - __main__ - INFO - saved best: 47.17%
2026-05-20 09:01:54 - __main__ - INFO - 
Epoch 39/100 | lr 0.036536
2026-05-20 09:02:06 - __main__ - INFO - Train: loss 1.5518 acc1 55.63%
2026-05-20 09:02:06 - __main__ - INFO - Val:   loss 2.7446 acc1 42.08%
2026-05-20 09:02:06 - __main__ - INFO - 
Epoch 40/100 | lr 0.035797
2026-05-20 09:02:18 - __main__ - INFO - Train: loss 1.4892 acc1 56.88%
2026-05-20 09:02:18 - __main__ - INFO - Val:   loss 1.9548 acc1 49.74%
2026-05-20 09:02:18 - __main__ - INFO - saved best: 49.74%
2026-05-20 09:02:18 - __main__ - INFO - 
Epoch 41/100 | lr 0.035045
2026-05-20 09:02:29 - __main__ - INFO - Train: loss 1.4579 acc1 57.88%
2026-05-20 09:02:29 - __main__ - INFO - Val:   loss 2.0197 acc1 47.95%
2026-05-20 09:02:29 - __main__ - INFO - 
Epoch 42/100 | lr 0.034283
2026-05-20 09:02:42 - __main__ - INFO - Train: loss 1.4406 acc1 58.47%
2026-05-20 09:02:42 - __main__ - INFO - Val:   loss 1.9490 acc1 49.80%
2026-05-20 09:02:42 - __main__ - INFO - saved best: 49.80%
2026-05-20 09:02:42 - __main__ - INFO - 
Epoch 43/100 | lr 0.033511
2026-05-20 09:02:54 - __main__ - INFO - Train: loss 1.3700 acc1 59.88%
2026-05-20 09:02:54 - __main__ - INFO - Val:   loss 1.9661 acc1 49.88%
2026-05-20 09:02:54 - __main__ - INFO - saved best: 49.88%
2026-05-20 09:02:54 - __main__ - INFO - 
Epoch 44/100 | lr 0.032729
2026-05-20 09:03:07 - __main__ - INFO - Train: loss 1.3158 acc1 61.47%
2026-05-20 09:03:07 - __main__ - INFO - Val:   loss 2.0183 acc1 48.52%
2026-05-20 09:03:07 - __main__ - INFO - 
Epoch 45/100 | lr 0.031939
2026-05-20 09:03:19 - __main__ - INFO - Train: loss 1.2794 acc1 62.01%
2026-05-20 09:03:19 - __main__ - INFO - Val:   loss 2.0213 acc1 49.23%
2026-05-20 09:03:19 - __main__ - INFO - 
Epoch 46/100 | lr 0.031141
2026-05-20 09:03:31 - __main__ - INFO - Train: loss 1.2332 acc1 63.21%
2026-05-20 09:03:31 - __main__ - INFO - Val:   loss 2.0361 acc1 49.46%
2026-05-20 09:03:31 - __main__ - INFO - 
Epoch 47/100 | lr 0.030336
2026-05-20 09:03:44 - __main__ - INFO - Train: loss 1.2009 acc1 64.11%
2026-05-20 09:03:44 - __main__ - INFO - Val:   loss 2.0618 acc1 48.53%
2026-05-20 09:03:44 - __main__ - INFO - 
Epoch 48/100 | lr 0.029526
2026-05-20 09:03:56 - __main__ - INFO - Train: loss 1.1671 acc1 65.10%
2026-05-20 09:03:56 - __main__ - INFO - Val:   loss 2.0365 acc1 49.69%
2026-05-20 09:03:56 - __main__ - INFO - 
Epoch 49/100 | lr 0.028711
2026-05-20 09:04:09 - __main__ - INFO - Train: loss 1.1212 acc1 66.24%
2026-05-20 09:04:09 - __main__ - INFO - Val:   loss 2.0781 acc1 49.87%
2026-05-20 09:04:09 - __main__ - INFO - 
Epoch 50/100 | lr 0.027892
2026-05-20 09:04:21 - __main__ - INFO - Train: loss 1.0715 acc1 67.40%
2026-05-20 09:04:21 - __main__ - INFO - Val:   loss 2.1740 acc1 48.26%
2026-05-20 09:04:21 - __main__ - INFO - 
Epoch 51/100 | lr 0.027069
2026-05-20 09:04:33 - __main__ - INFO - Train: loss 1.0768 acc1 67.35%
2026-05-20 09:04:33 - __main__ - INFO - Val:   loss 2.0479 acc1 49.70%
2026-05-20 09:04:33 - __main__ - INFO - 
Epoch 52/100 | lr 0.026244
2026-05-20 09:04:46 - __main__ - INFO - Train: loss 0.9907 acc1 70.04%
2026-05-20 09:04:46 - __main__ - INFO - Val:   loss 2.1006 acc1 49.98%
2026-05-20 09:04:46 - __main__ - INFO - saved best: 49.98%
2026-05-20 09:04:46 - __main__ - INFO - 
Epoch 53/100 | lr 0.025418
2026-05-20 09:04:57 - __main__ - INFO - Train: loss 0.9495 acc1 70.77%
2026-05-20 09:04:57 - __main__ - INFO - Val:   loss 2.1231 acc1 49.67%
2026-05-20 09:04:57 - __main__ - INFO - 
Epoch 54/100 | lr 0.024592
2026-05-20 09:05:10 - __main__ - INFO - Train: loss 0.9187 acc1 71.64%
2026-05-20 09:05:10 - __main__ - INFO - Val:   loss 2.3290 acc1 46.94%
2026-05-20 09:05:10 - __main__ - INFO - 
Epoch 55/100 | lr 0.023766
2026-05-20 09:05:22 - __main__ - INFO - Train: loss 0.8981 acc1 72.26%
2026-05-20 09:05:22 - __main__ - INFO - Val:   loss 2.1776 acc1 50.15%
2026-05-20 09:05:22 - __main__ - INFO - saved best: 50.15%
2026-05-20 09:05:22 - __main__ - INFO - 
Epoch 56/100 | lr 0.022941
2026-05-20 09:05:34 - __main__ - INFO - Train: loss 0.8365 acc1 73.89%
2026-05-20 09:05:34 - __main__ - INFO - Val:   loss 2.1678 acc1 50.20%
2026-05-20 09:05:34 - __main__ - INFO - saved best: 50.20%
2026-05-20 09:05:34 - __main__ - INFO - 
Epoch 57/100 | lr 0.022118
2026-05-20 09:05:46 - __main__ - INFO - Train: loss 0.7995 acc1 74.96%
2026-05-20 09:05:46 - __main__ - INFO - Val:   loss 2.2053 acc1 50.90%
2026-05-20 09:05:46 - __main__ - INFO - saved best: 50.90%
2026-05-20 09:05:46 - __main__ - INFO - 
Epoch 58/100 | lr 0.021299
2026-05-20 09:05:58 - __main__ - INFO - Train: loss 0.7706 acc1 75.74%
2026-05-20 09:05:58 - __main__ - INFO - Val:   loss 2.1925 acc1 50.87%
2026-05-20 09:05:58 - __main__ - INFO - 
Epoch 59/100 | lr 0.020484
2026-05-20 09:06:11 - __main__ - INFO - Train: loss 0.7337 acc1 76.77%
2026-05-20 09:06:11 - __main__ - INFO - Val:   loss 2.2677 acc1 49.72%
2026-05-20 09:06:11 - __main__ - INFO - 
Epoch 60/100 | lr 0.019674
2026-05-20 09:06:23 - __main__ - INFO - Train: loss 0.6888 acc1 78.01%
2026-05-20 09:06:23 - __main__ - INFO - Val:   loss 2.2633 acc1 50.72%
2026-05-20 09:06:23 - __main__ - INFO - 
Epoch 61/100 | lr 0.018869
2026-05-20 09:06:35 - __main__ - INFO - Train: loss 0.6470 acc1 79.71%
2026-05-20 09:06:35 - __main__ - INFO - Val:   loss 2.3002 acc1 50.01%
2026-05-20 09:06:35 - __main__ - INFO - 
Epoch 62/100 | lr 0.018071
2026-05-20 09:06:47 - __main__ - INFO - Train: loss 0.6126 acc1 80.46%
2026-05-20 09:06:47 - __main__ - INFO - Val:   loss 2.3036 acc1 50.80%
2026-05-20 09:06:47 - __main__ - INFO - 
Epoch 63/100 | lr 0.017281
2026-05-20 09:06:59 - __main__ - INFO - Train: loss 0.5734 acc1 81.72%
2026-05-20 09:06:59 - __main__ - INFO - Val:   loss 2.3661 acc1 50.52%
2026-05-20 09:06:59 - __main__ - INFO - 
Epoch 64/100 | lr 0.016499
2026-05-20 09:07:11 - __main__ - INFO - Train: loss 0.5381 acc1 82.63%
2026-05-20 09:07:11 - __main__ - INFO - Val:   loss 2.3483 acc1 52.17%
2026-05-20 09:07:11 - __main__ - INFO - saved best: 52.17%
2026-05-20 09:07:11 - __main__ - INFO - 
Epoch 65/100 | lr 0.015727
2026-05-20 09:07:23 - __main__ - INFO - Train: loss 0.5083 acc1 83.67%
2026-05-20 09:07:23 - __main__ - INFO - Val:   loss 2.3794 acc1 50.95%
2026-05-20 09:07:23 - __main__ - INFO - 
Epoch 66/100 | lr 0.014965
2026-05-20 09:07:35 - __main__ - INFO - Train: loss 0.4730 acc1 84.71%
2026-05-20 09:07:35 - __main__ - INFO - Val:   loss 2.4380 acc1 50.54%
2026-05-20 09:07:35 - __main__ - INFO - 
Epoch 67/100 | lr 0.014213
2026-05-20 09:07:48 - __main__ - INFO - Train: loss 0.4329 acc1 86.19%
2026-05-20 09:07:48 - __main__ - INFO - Val:   loss 2.4200 acc1 50.95%
2026-05-20 09:07:48 - __main__ - INFO - 
Epoch 68/100 | lr 0.013474
2026-05-20 09:08:01 - __main__ - INFO - Train: loss 0.4105 acc1 86.99%
2026-05-20 09:08:01 - __main__ - INFO - Val:   loss 2.4705 acc1 51.32%
2026-05-20 09:08:01 - __main__ - INFO - 
Epoch 69/100 | lr 0.012747
2026-05-20 09:08:12 - __main__ - INFO - Train: loss 0.3805 acc1 88.02%
2026-05-20 09:08:12 - __main__ - INFO - Val:   loss 2.4818 acc1 52.17%
2026-05-20 09:08:12 - __main__ - INFO - 
Epoch 70/100 | lr 0.012033
2026-05-20 09:08:25 - __main__ - INFO - Train: loss 0.3506 acc1 88.80%
2026-05-20 09:08:25 - __main__ - INFO - Val:   loss 2.5121 acc1 51.29%
2026-05-20 09:08:25 - __main__ - INFO - 
Epoch 71/100 | lr 0.011334
2026-05-20 09:08:37 - __main__ - INFO - Train: loss 0.3280 acc1 89.56%
2026-05-20 09:08:37 - __main__ - INFO - Val:   loss 2.5326 acc1 50.89%
2026-05-20 09:08:37 - __main__ - INFO - 
Epoch 72/100 | lr 0.010650
2026-05-20 09:08:49 - __main__ - INFO - Train: loss 0.3014 acc1 90.51%
2026-05-20 09:08:49 - __main__ - INFO - Val:   loss 2.5627 acc1 51.70%
2026-05-20 09:08:49 - __main__ - INFO - 
Epoch 73/100 | lr 0.009981
2026-05-20 09:09:02 - __main__ - INFO - Train: loss 0.2844 acc1 90.88%
2026-05-20 09:09:02 - __main__ - INFO - Val:   loss 2.5254 acc1 51.96%
2026-05-20 09:09:02 - __main__ - INFO - 
Epoch 74/100 | lr 0.009329
2026-05-20 09:09:14 - __main__ - INFO - Train: loss 0.2597 acc1 91.88%
2026-05-20 09:09:14 - __main__ - INFO - Val:   loss 2.5392 acc1 51.75%
2026-05-20 09:09:14 - __main__ - INFO - 
Epoch 75/100 | lr 0.008694
2026-05-20 09:09:26 - __main__ - INFO - Train: loss 0.2422 acc1 92.35%
2026-05-20 09:09:26 - __main__ - INFO - Val:   loss 2.6119 acc1 50.85%
2026-05-20 09:09:26 - __main__ - INFO - 
Epoch 76/100 | lr 0.008076
2026-05-20 09:09:39 - __main__ - INFO - Train: loss 0.2113 acc1 93.49%
2026-05-20 09:09:39 - __main__ - INFO - Val:   loss 2.6246 acc1 51.48%
2026-05-20 09:09:39 - __main__ - INFO - 
Epoch 77/100 | lr 0.007478
2026-05-20 09:09:51 - __main__ - INFO - Train: loss 0.2006 acc1 93.85%
2026-05-20 09:09:51 - __main__ - INFO - Val:   loss 2.5802 acc1 52.04%
2026-05-20 09:09:51 - __main__ - INFO - 
Epoch 78/100 | lr 0.006898
2026-05-20 09:10:04 - __main__ - INFO - Train: loss 0.1883 acc1 94.28%
2026-05-20 09:10:04 - __main__ - INFO - Val:   loss 2.6064 acc1 51.95%
2026-05-20 09:10:04 - __main__ - INFO - 
Epoch 79/100 | lr 0.006338
2026-05-20 09:10:16 - __main__ - INFO - Train: loss 0.1744 acc1 94.77%
2026-05-20 09:10:16 - __main__ - INFO - Val:   loss 2.6094 acc1 52.17%
2026-05-20 09:10:16 - __main__ - INFO - 
Epoch 80/100 | lr 0.005799
2026-05-20 09:10:29 - __main__ - INFO - Train: loss 0.1605 acc1 95.28%
2026-05-20 09:10:29 - __main__ - INFO - Val:   loss 2.6501 acc1 51.09%
2026-05-20 09:10:29 - __main__ - INFO - 
Epoch 81/100 | lr 0.005280
2026-05-20 09:10:42 - __main__ - INFO - Train: loss 0.1527 acc1 95.59%
2026-05-20 09:10:42 - __main__ - INFO - Val:   loss 2.6011 acc1 52.13%
2026-05-20 09:10:42 - __main__ - INFO - 
Epoch 82/100 | lr 0.004784
2026-05-20 09:10:54 - __main__ - INFO - Train: loss 0.1374 acc1 96.10%
2026-05-20 09:10:54 - __main__ - INFO - Val:   loss 2.6228 acc1 52.14%
2026-05-20 09:10:54 - __main__ - INFO - 
Epoch 83/100 | lr 0.004309
2026-05-20 09:11:06 - __main__ - INFO - Train: loss 0.1317 acc1 96.23%
2026-05-20 09:11:06 - __main__ - INFO - Val:   loss 2.6004 acc1 52.19%
2026-05-20 09:11:06 - __main__ - INFO - saved best: 52.19%
2026-05-20 09:11:06 - __main__ - INFO - 
Epoch 84/100 | lr 0.003857
2026-05-20 09:11:18 - __main__ - INFO - Train: loss 0.1248 acc1 96.53%
2026-05-20 09:11:18 - __main__ - INFO - Val:   loss 2.6509 acc1 52.01%
2026-05-20 09:11:18 - __main__ - INFO - 
Epoch 85/100 | lr 0.003428
2026-05-20 09:11:31 - __main__ - INFO - Train: loss 0.1154 acc1 96.83%
2026-05-20 09:11:31 - __main__ - INFO - Val:   loss 2.6435 acc1 52.47%
2026-05-20 09:11:31 - __main__ - INFO - saved best: 52.47%
2026-05-20 09:11:31 - __main__ - INFO - 
Epoch 86/100 | lr 0.003023
2026-05-20 09:11:43 - __main__ - INFO - Train: loss 0.1113 acc1 96.95%
2026-05-20 09:11:43 - __main__ - INFO - Val:   loss 2.6251 acc1 51.95%
2026-05-20 09:11:43 - __main__ - INFO - 
Epoch 87/100 | lr 0.002641
2026-05-20 09:11:55 - __main__ - INFO - Train: loss 0.1055 acc1 97.10%
2026-05-20 09:11:55 - __main__ - INFO - Val:   loss 2.6413 acc1 51.65%
2026-05-20 09:11:55 - __main__ - INFO - 
Epoch 88/100 | lr 0.002284
2026-05-20 09:12:08 - __main__ - INFO - Train: loss 0.1014 acc1 97.30%
2026-05-20 09:12:08 - __main__ - INFO - Val:   loss 2.6453 acc1 51.91%
2026-05-20 09:12:08 - __main__ - INFO - 
Epoch 89/100 | lr 0.001952
2026-05-20 09:12:20 - __main__ - INFO - Train: loss 0.0956 acc1 97.52%
2026-05-20 09:12:20 - __main__ - INFO - Val:   loss 2.6368 acc1 52.37%
2026-05-20 09:12:20 - __main__ - INFO - 
Epoch 90/100 | lr 0.001646
2026-05-20 09:12:33 - __main__ - INFO - Train: loss 0.0898 acc1 97.66%
2026-05-20 09:12:33 - __main__ - INFO - Val:   loss 2.6176 acc1 53.09%
2026-05-20 09:12:33 - __main__ - INFO - saved best: 53.09%
2026-05-20 09:12:33 - __main__ - INFO - 
Epoch 91/100 | lr 0.001364
2026-05-20 09:12:45 - __main__ - INFO - Train: loss 0.0889 acc1 97.76%
2026-05-20 09:12:45 - __main__ - INFO - Val:   loss 2.6354 acc1 52.66%
2026-05-20 09:12:45 - __main__ - INFO - 
Epoch 92/100 | lr 0.001109
2026-05-20 09:12:57 - __main__ - INFO - Train: loss 0.0875 acc1 97.83%
2026-05-20 09:12:57 - __main__ - INFO - Val:   loss 2.6470 acc1 52.70%
2026-05-20 09:12:57 - __main__ - INFO - 
Epoch 93/100 | lr 0.000880
2026-05-20 09:13:09 - __main__ - INFO - Train: loss 0.0858 acc1 97.77%
2026-05-20 09:13:09 - __main__ - INFO - Val:   loss 2.6283 acc1 52.57%
2026-05-20 09:13:09 - __main__ - INFO - 
Epoch 94/100 | lr 0.000677
2026-05-20 09:13:21 - __main__ - INFO - Train: loss 0.0833 acc1 97.89%
2026-05-20 09:13:21 - __main__ - INFO - Val:   loss 2.6369 acc1 53.03%
2026-05-20 09:13:21 - __main__ - INFO - 
Epoch 95/100 | lr 0.000500
2026-05-20 09:13:34 - __main__ - INFO - Train: loss 0.0842 acc1 97.77%
2026-05-20 09:13:34 - __main__ - INFO - Val:   loss 2.6418 acc1 52.96%
2026-05-20 09:13:34 - __main__ - INFO - 
Epoch 96/100 | lr 0.000351
2026-05-20 09:13:46 - __main__ - INFO - Train: loss 0.0824 acc1 97.93%
2026-05-20 09:13:46 - __main__ - INFO - Val:   loss 2.6352 acc1 53.05%
2026-05-20 09:13:46 - __main__ - INFO - 
Epoch 97/100 | lr 0.000228
2026-05-20 09:13:58 - __main__ - INFO - Train: loss 0.0814 acc1 97.98%
2026-05-20 09:13:58 - __main__ - INFO - Val:   loss 2.6365 acc1 53.20%
2026-05-20 09:13:58 - __main__ - INFO - saved best: 53.20%
2026-05-20 09:13:58 - __main__ - INFO - 
Epoch 98/100 | lr 0.000133
2026-05-20 09:14:11 - __main__ - INFO - Train: loss 0.0801 acc1 98.00%
2026-05-20 09:14:11 - __main__ - INFO - Val:   loss 2.6455 acc1 52.57%
2026-05-20 09:14:11 - __main__ - INFO - 
Epoch 99/100 | lr 0.000065
2026-05-20 09:14:23 - __main__ - INFO - Train: loss 0.0791 acc1 98.01%
2026-05-20 09:14:23 - __main__ - INFO - Val:   loss 2.6417 acc1 53.11%
2026-05-20 09:14:23 - __main__ - INFO - 
Epoch 100/100 | lr 0.000024
2026-05-20 09:14:35 - __main__ - INFO - Train: loss 0.0802 acc1 98.00%
2026-05-20 09:14:35 - __main__ - INFO - Val:   loss 2.6238 acc1 53.16%
2026-05-20 09:14:35 - __main__ - INFO - Loaded best checkpoint weights for final test evaluation.
2026-05-20 09:14:37 - __main__ - INFO - 
Best tracked (val): 53.20%
2026-05-20 09:14:37 - __main__ - INFO - Final test: loss 2.6336 acc1 53.22%
2026-05-20 09:14:37 - __main__ - INFO -   Final training settings for output efficientnet_b0 [original]: batch_size=128, amp=False
2026-05-20 09:14:41 - __main__ - INFO - Variant [original] done — test acc 53.22%, test loss 2.6336
2026-05-20 09:14:41 - __main__ - INFO - 
============================================================
2026-05-20 09:14:41 - __main__ - INFO - Training output model: efficientnet_b0 [low_saliency]
2026-05-20 09:14:41 - __main__ - INFO -   Resolved config → opt=sgd, lr=0.05, wd=0.0001, bs=128, epochs=100, scheduler=cosine, warmup=5
2026-05-20 09:14:41 - __main__ - INFO - ============================================================
2026-05-20 09:14:41 - __main__ - INFO -   Validation during training uses variant split with val_split=0.1
2026-05-20 09:14:41 - __main__ - INFO -   Final test uses low_saliency variant test split
2026-05-20 09:14:41 - __main__ - INFO -   Retry policy: training output efficientnet_b0 [low_saliency] with batch_size=128, amp=False
2026-05-20 09:14:41 - __main__ - INFO - device: cuda | cuda: True | gpu: NVIDIA L4
2026-05-20 09:14:41 - __main__ - INFO - Model: efficientnet_b0 | Dataset: cifar100 | Classes: 100 | Optimizer: sgd
2026-05-20 09:14:41 - __main__ - INFO - 
Epoch 1/100 | lr 0.000050
2026-05-20 09:14:54 - __main__ - INFO - Train: loss 4.6718 acc1 1.11%
2026-05-20 09:14:54 - __main__ - INFO - Val:   loss 4.7062 acc1 1.38%
2026-05-20 09:14:54 - __main__ - INFO - saved best: 1.38%
2026-05-20 09:14:54 - __main__ - INFO - 
Epoch 2/100 | lr 0.010040
2026-05-20 09:15:06 - __main__ - INFO - Train: loss 4.4633 acc1 3.10%
2026-05-20 09:15:06 - __main__ - INFO - Val:   loss 4.1687 acc1 6.01%
2026-05-20 09:15:06 - __main__ - INFO - saved best: 6.01%
2026-05-20 09:15:06 - __main__ - INFO - 
Epoch 3/100 | lr 0.020030
2026-05-20 09:15:19 - __main__ - INFO - Train: loss 4.0136 acc1 7.36%
2026-05-20 09:15:19 - __main__ - INFO - Val:   loss 3.8492 acc1 9.97%
2026-05-20 09:15:19 - __main__ - INFO - saved best: 9.97%
2026-05-20 09:15:19 - __main__ - INFO - 
Epoch 4/100 | lr 0.030020
2026-05-20 09:15:31 - __main__ - INFO - Train: loss 3.7554 acc1 11.03%
2026-05-20 09:15:31 - __main__ - INFO - Val:   loss 3.5967 acc1 12.83%
2026-05-20 09:15:31 - __main__ - INFO - saved best: 12.83%
2026-05-20 09:15:31 - __main__ - INFO - 
Epoch 5/100 | lr 0.040010
2026-05-20 09:15:43 - __main__ - INFO - Train: loss 3.5624 acc1 13.94%
2026-05-20 09:15:43 - __main__ - INFO - Val:   loss 3.4640 acc1 15.93%
2026-05-20 09:15:43 - __main__ - INFO - saved best: 15.93%
2026-05-20 09:15:43 - __main__ - INFO - 
Epoch 6/100 | lr 0.050000
2026-05-20 09:15:55 - __main__ - INFO - Train: loss 3.3770 acc1 17.21%
2026-05-20 09:15:55 - __main__ - INFO - Val:   loss 3.2846 acc1 18.82%
2026-05-20 09:15:55 - __main__ - INFO - saved best: 18.82%
2026-05-20 09:15:55 - __main__ - INFO - 
Epoch 7/100 | lr 0.049986
2026-05-20 09:16:08 - __main__ - INFO - Train: loss 3.1638 acc1 21.30%
2026-05-20 09:16:08 - __main__ - INFO - Val:   loss 3.1370 acc1 22.92%
2026-05-20 09:16:08 - __main__ - INFO - saved best: 22.92%
2026-05-20 09:16:08 - __main__ - INFO - 
Epoch 8/100 | lr 0.049945
2026-05-20 09:16:20 - __main__ - INFO - Train: loss 3.0240 acc1 24.01%
2026-05-20 09:16:20 - __main__ - INFO - Val:   loss 3.0285 acc1 25.33%
2026-05-20 09:16:20 - __main__ - INFO - saved best: 25.33%
2026-05-20 09:16:20 - __main__ - INFO - 
Epoch 9/100 | lr 0.049877
2026-05-20 09:16:33 - __main__ - INFO - Train: loss 2.9401 acc1 26.32%
2026-05-20 09:16:33 - __main__ - INFO - Val:   loss 3.0817 acc1 23.99%
2026-05-20 09:16:33 - __main__ - INFO - 
Epoch 10/100 | lr 0.049782
2026-05-20 09:16:45 - __main__ - INFO - Train: loss 2.8294 acc1 28.04%
2026-05-20 09:16:45 - __main__ - INFO - Val:   loss 2.7453 acc1 29.81%
2026-05-20 09:16:45 - __main__ - INFO - saved best: 29.81%
2026-05-20 09:16:45 - __main__ - INFO - 
Epoch 11/100 | lr 0.049659
2026-05-20 09:16:57 - __main__ - INFO - Train: loss 2.7680 acc1 29.46%
2026-05-20 09:16:57 - __main__ - INFO - Val:   loss 2.6844 acc1 31.51%
2026-05-20 09:16:57 - __main__ - INFO - saved best: 31.51%
2026-05-20 09:16:57 - __main__ - INFO - 
Epoch 12/100 | lr 0.049510
2026-05-20 09:17:09 - __main__ - INFO - Train: loss 2.5768 acc1 33.11%
2026-05-20 09:17:09 - __main__ - INFO - Val:   loss 2.4610 acc1 35.26%
2026-05-20 09:17:09 - __main__ - INFO - saved best: 35.26%
2026-05-20 09:17:09 - __main__ - INFO - 
Epoch 13/100 | lr 0.049333
2026-05-20 09:17:22 - __main__ - INFO - Train: loss 2.5010 acc1 34.69%
2026-05-20 09:17:22 - __main__ - INFO - Val:   loss 2.5080 acc1 34.71%
2026-05-20 09:17:22 - __main__ - INFO - 
Epoch 14/100 | lr 0.049130
2026-05-20 09:17:34 - __main__ - INFO - Train: loss 2.4046 acc1 36.45%
2026-05-20 09:17:34 - __main__ - INFO - Val:   loss 2.3649 acc1 37.96%
2026-05-20 09:17:34 - __main__ - INFO - saved best: 37.96%
2026-05-20 09:17:34 - __main__ - INFO - 
Epoch 15/100 | lr 0.048901
2026-05-20 09:17:46 - __main__ - INFO - Train: loss 2.3172 acc1 38.11%
2026-05-20 09:17:46 - __main__ - INFO - Val:   loss 2.4265 acc1 36.41%
2026-05-20 09:17:46 - __main__ - INFO - 
Epoch 16/100 | lr 0.048646
2026-05-20 09:17:59 - __main__ - INFO - Train: loss 2.3391 acc1 38.23%
2026-05-20 09:17:59 - __main__ - INFO - Val:   loss 2.3533 acc1 38.67%
2026-05-20 09:17:59 - __main__ - INFO - saved best: 38.67%
2026-05-20 09:17:59 - __main__ - INFO - 
Epoch 17/100 | lr 0.048364
2026-05-20 09:18:11 - __main__ - INFO - Train: loss 2.3504 acc1 38.15%
2026-05-20 09:18:11 - __main__ - INFO - Val:   loss 2.4327 acc1 36.75%
2026-05-20 09:18:11 - __main__ - INFO - 
Epoch 18/100 | lr 0.048058
2026-05-20 09:18:23 - __main__ - INFO - Train: loss 2.4736 acc1 35.61%
2026-05-20 09:18:23 - __main__ - INFO - Val:   loss 2.3505 acc1 38.57%
2026-05-20 09:18:23 - __main__ - INFO - 
Epoch 19/100 | lr 0.047726
2026-05-20 09:18:35 - __main__ - INFO - Train: loss 2.2570 acc1 39.99%
2026-05-20 09:18:35 - __main__ - INFO - Val:   loss 2.4649 acc1 36.15%
2026-05-20 09:18:35 - __main__ - INFO - 
Epoch 20/100 | lr 0.047369
2026-05-20 09:18:47 - __main__ - INFO - Train: loss 2.2939 acc1 39.35%
2026-05-20 09:18:47 - __main__ - INFO - Val:   loss 2.7665 acc1 31.10%
2026-05-20 09:18:47 - __main__ - INFO - 
Epoch 21/100 | lr 0.046987
2026-05-20 09:18:59 - __main__ - INFO - Train: loss 2.2421 acc1 40.22%
2026-05-20 09:18:59 - __main__ - INFO - Val:   loss 2.1491 acc1 42.73%
2026-05-20 09:18:59 - __main__ - INFO - saved best: 42.73%
2026-05-20 09:18:59 - __main__ - INFO - 
Epoch 22/100 | lr 0.046582
2026-05-20 09:19:11 - __main__ - INFO - Train: loss 2.1246 acc1 42.83%
2026-05-20 09:19:11 - __main__ - INFO - Val:   loss 2.1944 acc1 41.37%
2026-05-20 09:19:11 - __main__ - INFO - 
Epoch 23/100 | lr 0.046153
2026-05-20 09:19:23 - __main__ - INFO - Train: loss 2.0992 acc1 43.23%
2026-05-20 09:19:23 - __main__ - INFO - Val:   loss 2.0775 acc1 44.44%
2026-05-20 09:19:23 - __main__ - INFO - saved best: 44.44%
2026-05-20 09:19:23 - __main__ - INFO - 
Epoch 24/100 | lr 0.045701
2026-05-20 09:19:35 - __main__ - INFO - Train: loss 1.9845 acc1 45.82%
2026-05-20 09:19:35 - __main__ - INFO - Val:   loss 2.1636 acc1 43.44%
2026-05-20 09:19:35 - __main__ - INFO - 
Epoch 25/100 | lr 0.045226
2026-05-20 09:19:47 - __main__ - INFO - Train: loss 1.9888 acc1 45.80%
2026-05-20 09:19:47 - __main__ - INFO - Val:   loss 2.1757 acc1 42.58%
2026-05-20 09:19:47 - __main__ - INFO - 
Epoch 26/100 | lr 0.044730
2026-05-20 09:19:59 - __main__ - INFO - Train: loss 1.9009 acc1 47.78%
2026-05-20 09:19:59 - __main__ - INFO - Val:   loss 2.0115 acc1 45.99%
2026-05-20 09:19:59 - __main__ - INFO - saved best: 45.99%
2026-05-20 09:19:59 - __main__ - INFO - 
Epoch 27/100 | lr 0.044211
2026-05-20 09:20:11 - __main__ - INFO - Train: loss 1.8546 acc1 48.66%
2026-05-20 09:20:11 - __main__ - INFO - Val:   loss 2.4244 acc1 38.67%
2026-05-20 09:20:11 - __main__ - INFO - 
Epoch 28/100 | lr 0.043672
2026-05-20 09:20:24 - __main__ - INFO - Train: loss 1.8030 acc1 49.77%
2026-05-20 09:20:24 - __main__ - INFO - Val:   loss 2.0095 acc1 46.31%
2026-05-20 09:20:24 - __main__ - INFO - saved best: 46.31%
2026-05-20 09:20:24 - __main__ - INFO - 
Epoch 29/100 | lr 0.043112
2026-05-20 09:20:36 - __main__ - INFO - Train: loss 1.8267 acc1 49.35%
2026-05-20 09:20:36 - __main__ - INFO - Val:   loss 1.9439 acc1 47.26%
2026-05-20 09:20:36 - __main__ - INFO - saved best: 47.26%
2026-05-20 09:20:36 - __main__ - INFO - 
Epoch 30/100 | lr 0.042532
2026-05-20 09:20:48 - __main__ - INFO - Train: loss 1.8072 acc1 49.88%
2026-05-20 09:20:48 - __main__ - INFO - Val:   loss 2.3827 acc1 39.43%
2026-05-20 09:20:48 - __main__ - INFO - 
Epoch 31/100 | lr 0.041934
2026-05-20 09:21:00 - __main__ - INFO - Train: loss 1.8113 acc1 49.43%
2026-05-20 09:21:00 - __main__ - INFO - Val:   loss 1.9840 acc1 47.73%
2026-05-20 09:21:00 - __main__ - INFO - saved best: 47.73%
2026-05-20 09:21:00 - __main__ - INFO - 
Epoch 32/100 | lr 0.041316
2026-05-20 09:21:12 - __main__ - INFO - Train: loss 1.6769 acc1 52.66%
2026-05-20 09:21:12 - __main__ - INFO - Val:   loss 1.9119 acc1 49.28%
2026-05-20 09:21:12 - __main__ - INFO - saved best: 49.28%
2026-05-20 09:21:12 - __main__ - INFO - 
Epoch 33/100 | lr 0.040681
2026-05-20 09:21:25 - __main__ - INFO - Train: loss 1.6741 acc1 52.83%
2026-05-20 09:21:25 - __main__ - INFO - Val:   loss 2.0574 acc1 46.41%
2026-05-20 09:21:25 - __main__ - INFO - 
Epoch 34/100 | lr 0.040029
2026-05-20 09:21:37 - __main__ - INFO - Train: loss 1.6058 acc1 54.25%
2026-05-20 09:21:37 - __main__ - INFO - Val:   loss 1.9836 acc1 48.48%
2026-05-20 09:21:37 - __main__ - INFO - 
Epoch 35/100 | lr 0.039360
2026-05-20 09:21:49 - __main__ - INFO - Train: loss 1.5970 acc1 54.57%
2026-05-20 09:21:49 - __main__ - INFO - Val:   loss 2.3867 acc1 40.02%
2026-05-20 09:21:49 - __main__ - INFO - 
Epoch 36/100 | lr 0.038676
2026-05-20 09:22:02 - __main__ - INFO - Train: loss 1.6285 acc1 53.88%
2026-05-20 09:22:02 - __main__ - INFO - Val:   loss 1.8940 acc1 49.36%
2026-05-20 09:22:02 - __main__ - INFO - saved best: 49.36%
2026-05-20 09:22:02 - __main__ - INFO - 
Epoch 37/100 | lr 0.037977
2026-05-20 09:22:15 - __main__ - INFO - Train: loss 1.5069 acc1 56.59%
2026-05-20 09:22:15 - __main__ - INFO - Val:   loss 1.8834 acc1 50.06%
2026-05-20 09:22:15 - __main__ - INFO - saved best: 50.06%
2026-05-20 09:22:15 - __main__ - INFO - 
Epoch 38/100 | lr 0.037263
2026-05-20 09:22:27 - __main__ - INFO - Train: loss 1.4614 acc1 57.68%
2026-05-20 09:22:27 - __main__ - INFO - Val:   loss 2.0342 acc1 47.31%
2026-05-20 09:22:27 - __main__ - INFO - 
Epoch 39/100 | lr 0.036536
2026-05-20 09:22:39 - __main__ - INFO - Train: loss 1.4467 acc1 58.22%
2026-05-20 09:22:39 - __main__ - INFO - Val:   loss 1.9060 acc1 50.31%
2026-05-20 09:22:39 - __main__ - INFO - saved best: 50.31%
2026-05-20 09:22:39 - __main__ - INFO - 
Epoch 40/100 | lr 0.035797
2026-05-20 09:22:51 - __main__ - INFO - Train: loss 1.3842 acc1 59.60%
2026-05-20 09:22:51 - __main__ - INFO - Val:   loss 1.8471 acc1 52.09%
2026-05-20 09:22:51 - __main__ - INFO - saved best: 52.09%
2026-05-20 09:22:51 - __main__ - INFO - 
Epoch 41/100 | lr 0.035045
2026-05-20 09:23:03 - __main__ - INFO - Train: loss 1.3564 acc1 60.45%
2026-05-20 09:23:03 - __main__ - INFO - Val:   loss 1.8723 acc1 51.34%
2026-05-20 09:23:03 - __main__ - INFO - 
Epoch 42/100 | lr 0.034283
2026-05-20 09:23:15 - __main__ - INFO - Train: loss 1.3434 acc1 60.69%
2026-05-20 09:23:15 - __main__ - INFO - Val:   loss 1.9429 acc1 50.01%
2026-05-20 09:23:15 - __main__ - INFO - 
Epoch 43/100 | lr 0.033511
2026-05-20 09:23:27 - __main__ - INFO - Train: loss 1.2880 acc1 62.21%
2026-05-20 09:23:27 - __main__ - INFO - Val:   loss 1.8941 acc1 50.99%
2026-05-20 09:23:27 - __main__ - INFO - 
Epoch 44/100 | lr 0.032729
2026-05-20 09:23:40 - __main__ - INFO - Train: loss 1.2493 acc1 63.25%
2026-05-20 09:23:40 - __main__ - INFO - Val:   loss 1.9049 acc1 51.81%
2026-05-20 09:23:40 - __main__ - INFO - 
Epoch 45/100 | lr 0.031939
2026-05-20 09:23:53 - __main__ - INFO - Train: loss 1.2171 acc1 63.88%
2026-05-20 09:23:53 - __main__ - INFO - Val:   loss 1.9318 acc1 51.05%
2026-05-20 09:23:53 - __main__ - INFO - 
Epoch 46/100 | lr 0.031141
2026-05-20 09:24:05 - __main__ - INFO - Train: loss 1.1721 acc1 64.93%
2026-05-20 09:24:05 - __main__ - INFO - Val:   loss 1.9455 acc1 50.74%
2026-05-20 09:24:05 - __main__ - INFO - 
Epoch 47/100 | lr 0.030336
2026-05-20 09:24:18 - __main__ - INFO - Train: loss 1.1417 acc1 65.68%
2026-05-20 09:24:18 - __main__ - INFO - Val:   loss 2.0683 acc1 49.06%
2026-05-20 09:24:18 - __main__ - INFO - 
Epoch 48/100 | lr 0.029526
2026-05-20 09:24:31 - __main__ - INFO - Train: loss 1.1003 acc1 67.05%
2026-05-20 09:24:31 - __main__ - INFO - Val:   loss 1.8874 acc1 51.93%
2026-05-20 09:24:31 - __main__ - INFO - 
Epoch 49/100 | lr 0.028711
2026-05-20 09:24:43 - __main__ - INFO - Train: loss 1.0746 acc1 67.61%
2026-05-20 09:24:43 - __main__ - INFO - Val:   loss 1.9538 acc1 52.73%
2026-05-20 09:24:43 - __main__ - INFO - saved best: 52.73%
2026-05-20 09:24:43 - __main__ - INFO - 
Epoch 50/100 | lr 0.027892
2026-05-20 09:24:56 - __main__ - INFO - Train: loss 1.0377 acc1 68.88%
2026-05-20 09:24:56 - __main__ - INFO - Val:   loss 1.9920 acc1 52.16%
2026-05-20 09:24:56 - __main__ - INFO - 
Epoch 51/100 | lr 0.027069
2026-05-20 09:25:09 - __main__ - INFO - Train: loss 1.0232 acc1 68.71%
2026-05-20 09:25:09 - __main__ - INFO - Val:   loss 2.0044 acc1 51.01%
2026-05-20 09:25:09 - __main__ - INFO - 
Epoch 52/100 | lr 0.026244
2026-05-20 09:25:21 - __main__ - INFO - Train: loss 0.9791 acc1 70.15%
2026-05-20 09:25:21 - __main__ - INFO - Val:   loss 1.8972 acc1 53.84%
2026-05-20 09:25:21 - __main__ - INFO - saved best: 53.84%
2026-05-20 09:25:21 - __main__ - INFO - 
Epoch 53/100 | lr 0.025418
2026-05-20 09:25:34 - __main__ - INFO - Train: loss 0.9364 acc1 71.29%
2026-05-20 09:25:34 - __main__ - INFO - Val:   loss 1.9563 acc1 52.62%
2026-05-20 09:25:34 - __main__ - INFO - 
Epoch 54/100 | lr 0.024592
2026-05-20 09:25:46 - __main__ - INFO - Train: loss 0.8765 acc1 72.94%
2026-05-20 09:25:46 - __main__ - INFO - Val:   loss 1.9854 acc1 52.32%
2026-05-20 09:25:46 - __main__ - INFO - 
Epoch 55/100 | lr 0.023766
2026-05-20 09:25:59 - __main__ - INFO - Train: loss 0.8549 acc1 73.41%
2026-05-20 09:25:59 - __main__ - INFO - Val:   loss 2.2011 acc1 49.07%
2026-05-20 09:25:59 - __main__ - INFO - 
Epoch 56/100 | lr 0.022941
2026-05-20 09:26:12 - __main__ - INFO - Train: loss 0.8272 acc1 74.38%
2026-05-20 09:26:12 - __main__ - INFO - Val:   loss 2.0402 acc1 52.92%
2026-05-20 09:26:12 - __main__ - INFO - 
Epoch 57/100 | lr 0.022118
2026-05-20 09:26:25 - __main__ - INFO - Train: loss 0.7835 acc1 75.41%
2026-05-20 09:26:25 - __main__ - INFO - Val:   loss 2.1269 acc1 51.56%
2026-05-20 09:26:25 - __main__ - INFO - 
Epoch 58/100 | lr 0.021299
2026-05-20 09:26:37 - __main__ - INFO - Train: loss 0.7434 acc1 76.67%
2026-05-20 09:26:37 - __main__ - INFO - Val:   loss 2.1040 acc1 52.43%
2026-05-20 09:26:37 - __main__ - INFO - 
Epoch 59/100 | lr 0.020484
2026-05-20 09:26:49 - __main__ - INFO - Train: loss 0.7081 acc1 77.66%
2026-05-20 09:26:49 - __main__ - INFO - Val:   loss 2.0889 acc1 53.01%
2026-05-20 09:26:49 - __main__ - INFO - 
Epoch 60/100 | lr 0.019674
2026-05-20 09:27:02 - __main__ - INFO - Train: loss 0.6671 acc1 78.80%
2026-05-20 09:27:02 - __main__ - INFO - Val:   loss 2.1557 acc1 52.64%
2026-05-20 09:27:02 - __main__ - INFO - 
Epoch 61/100 | lr 0.018869
2026-05-20 09:27:14 - __main__ - INFO - Train: loss 0.6383 acc1 79.73%
2026-05-20 09:27:14 - __main__ - INFO - Val:   loss 2.2086 acc1 52.15%
2026-05-20 09:27:14 - __main__ - INFO - 
Epoch 62/100 | lr 0.018071
2026-05-20 09:27:26 - __main__ - INFO - Train: loss 0.6068 acc1 80.55%
2026-05-20 09:27:26 - __main__ - INFO - Val:   loss 2.2074 acc1 51.87%
2026-05-20 09:27:26 - __main__ - INFO - 
Epoch 63/100 | lr 0.017281
2026-05-20 09:27:38 - __main__ - INFO - Train: loss 0.5722 acc1 81.75%
2026-05-20 09:27:38 - __main__ - INFO - Val:   loss 2.1615 acc1 52.69%
2026-05-20 09:27:38 - __main__ - INFO - 
Epoch 64/100 | lr 0.016499
2026-05-20 09:27:50 - __main__ - INFO - Train: loss 0.5433 acc1 82.56%
2026-05-20 09:27:50 - __main__ - INFO - Val:   loss 2.1779 acc1 53.50%
2026-05-20 09:27:50 - __main__ - INFO - 
Epoch 65/100 | lr 0.015727
2026-05-20 09:28:03 - __main__ - INFO - Train: loss 0.5041 acc1 83.79%
2026-05-20 09:28:03 - __main__ - INFO - Val:   loss 2.2014 acc1 53.45%
2026-05-20 09:28:03 - __main__ - INFO - 
Epoch 66/100 | lr 0.014965
2026-05-20 09:28:15 - __main__ - INFO - Train: loss 0.4796 acc1 84.74%
2026-05-20 09:28:15 - __main__ - INFO - Val:   loss 2.2591 acc1 52.90%
2026-05-20 09:28:15 - __main__ - INFO - 
Epoch 67/100 | lr 0.014213
2026-05-20 09:28:27 - __main__ - INFO - Train: loss 0.4469 acc1 85.85%
2026-05-20 09:28:27 - __main__ - INFO - Val:   loss 2.2291 acc1 53.55%
2026-05-20 09:28:27 - __main__ - INFO - 
Epoch 68/100 | lr 0.013474
2026-05-20 09:28:40 - __main__ - INFO - Train: loss 0.4298 acc1 86.20%
2026-05-20 09:28:40 - __main__ - INFO - Val:   loss 2.2715 acc1 52.93%
2026-05-20 09:28:40 - __main__ - INFO - 
Epoch 69/100 | lr 0.012747
2026-05-20 09:28:52 - __main__ - INFO - Train: loss 0.3956 acc1 87.47%
2026-05-20 09:28:52 - __main__ - INFO - Val:   loss 2.3906 acc1 52.64%
2026-05-20 09:28:52 - __main__ - INFO - 
Epoch 70/100 | lr 0.012033
2026-05-20 09:29:05 - __main__ - INFO - Train: loss 0.3600 acc1 88.64%
2026-05-20 09:29:05 - __main__ - INFO - Val:   loss 2.3401 acc1 52.74%
2026-05-20 09:29:05 - __main__ - INFO - 
Epoch 71/100 | lr 0.011334
2026-05-20 09:29:17 - __main__ - INFO - Train: loss 0.3442 acc1 88.97%
2026-05-20 09:29:17 - __main__ - INFO - Val:   loss 2.3810 acc1 53.26%
2026-05-20 09:29:17 - __main__ - INFO - 
Epoch 72/100 | lr 0.010650
2026-05-20 09:29:29 - __main__ - INFO - Train: loss 0.3210 acc1 89.78%
2026-05-20 09:29:29 - __main__ - INFO - Val:   loss 2.4657 acc1 53.87%
2026-05-20 09:29:29 - __main__ - INFO - saved best: 53.87%
2026-05-20 09:29:29 - __main__ - INFO - 
Epoch 73/100 | lr 0.009981
2026-05-20 09:29:41 - __main__ - INFO - Train: loss 0.2957 acc1 90.63%
2026-05-20 09:29:41 - __main__ - INFO - Val:   loss 2.3490 acc1 53.99%
2026-05-20 09:29:41 - __main__ - INFO - saved best: 53.99%
2026-05-20 09:29:41 - __main__ - INFO - 
Epoch 74/100 | lr 0.009329
2026-05-20 09:29:54 - __main__ - INFO - Train: loss 0.2657 acc1 91.68%
2026-05-20 09:29:54 - __main__ - INFO - Val:   loss 2.4790 acc1 53.75%
2026-05-20 09:29:54 - __main__ - INFO - 
Epoch 75/100 | lr 0.008694
2026-05-20 09:30:06 - __main__ - INFO - Train: loss 0.2478 acc1 92.14%
2026-05-20 09:30:06 - __main__ - INFO - Val:   loss 2.4410 acc1 54.08%
2026-05-20 09:30:06 - __main__ - INFO - saved best: 54.08%
2026-05-20 09:30:06 - __main__ - INFO - 
Epoch 76/100 | lr 0.008076
2026-05-20 09:30:19 - __main__ - INFO - Train: loss 0.2352 acc1 92.71%
2026-05-20 09:30:19 - __main__ - INFO - Val:   loss 2.7836 acc1 52.96%
2026-05-20 09:30:19 - __main__ - INFO - 
Epoch 77/100 | lr 0.007478
2026-05-20 09:30:31 - __main__ - INFO - Train: loss 0.2148 acc1 93.34%
2026-05-20 09:30:31 - __main__ - INFO - Val:   loss 2.6372 acc1 53.30%
2026-05-20 09:30:31 - __main__ - INFO - 
Epoch 78/100 | lr 0.006898
2026-05-20 09:30:44 - __main__ - INFO - Train: loss 0.2013 acc1 93.89%
2026-05-20 09:30:44 - __main__ - INFO - Val:   loss 2.5823 acc1 53.88%
2026-05-20 09:30:44 - __main__ - INFO - 
Epoch 79/100 | lr 0.006338
2026-05-20 09:30:56 - __main__ - INFO - Train: loss 0.1858 acc1 94.41%
2026-05-20 09:30:56 - __main__ - INFO - Val:   loss 2.6168 acc1 54.17%
2026-05-20 09:30:56 - __main__ - INFO - saved best: 54.17%
2026-05-20 09:30:56 - __main__ - INFO - 
Epoch 80/100 | lr 0.005799
2026-05-20 09:31:08 - __main__ - INFO - Train: loss 0.1748 acc1 94.72%
2026-05-20 09:31:08 - __main__ - INFO - Val:   loss 2.4416 acc1 54.51%
2026-05-20 09:31:08 - __main__ - INFO - saved best: 54.51%
2026-05-20 09:31:08 - __main__ - INFO - 
Epoch 81/100 | lr 0.005280
2026-05-20 09:31:21 - __main__ - INFO - Train: loss 0.1659 acc1 95.17%
2026-05-20 09:31:21 - __main__ - INFO - Val:   loss 2.8360 acc1 54.25%
2026-05-20 09:31:21 - __main__ - INFO - 
Epoch 82/100 | lr 0.004784
2026-05-20 09:31:33 - __main__ - INFO - Train: loss 0.1518 acc1 95.64%
2026-05-20 09:31:33 - __main__ - INFO - Val:   loss 2.4921 acc1 55.02%
2026-05-20 09:31:33 - __main__ - INFO - saved best: 55.02%
2026-05-20 09:31:33 - __main__ - INFO - 
Epoch 83/100 | lr 0.004309
2026-05-20 09:31:45 - __main__ - INFO - Train: loss 0.1414 acc1 96.00%
2026-05-20 09:31:45 - __main__ - INFO - Val:   loss 2.4734 acc1 55.06%
2026-05-20 09:31:45 - __main__ - INFO - saved best: 55.06%
2026-05-20 09:31:45 - __main__ - INFO - 
Epoch 84/100 | lr 0.003857
2026-05-20 09:31:58 - __main__ - INFO - Train: loss 0.1378 acc1 96.06%
2026-05-20 09:31:58 - __main__ - INFO - Val:   loss 2.4956 acc1 54.18%
2026-05-20 09:31:58 - __main__ - INFO - 
Epoch 85/100 | lr 0.003428
2026-05-20 09:32:10 - __main__ - INFO - Train: loss 0.1291 acc1 96.20%
2026-05-20 09:32:10 - __main__ - INFO - Val:   loss 2.5725 acc1 55.05%
2026-05-20 09:32:10 - __main__ - INFO - 
Epoch 86/100 | lr 0.003023
2026-05-20 09:32:23 - __main__ - INFO - Train: loss 0.1199 acc1 96.65%
2026-05-20 09:32:23 - __main__ - INFO - Val:   loss 2.5236 acc1 54.70%
2026-05-20 09:32:23 - __main__ - INFO - 
Epoch 87/100 | lr 0.002641
2026-05-20 09:32:35 - __main__ - INFO - Train: loss 0.1197 acc1 96.56%
2026-05-20 09:32:35 - __main__ - INFO - Val:   loss 2.4718 acc1 54.89%
2026-05-20 09:32:35 - __main__ - INFO - 
Epoch 88/100 | lr 0.002284
2026-05-20 09:32:46 - __main__ - INFO - Train: loss 0.1114 acc1 96.87%
2026-05-20 09:32:46 - __main__ - INFO - Val:   loss 2.6338 acc1 54.99%
2026-05-20 09:32:46 - __main__ - INFO - 
Epoch 89/100 | lr 0.001952
2026-05-20 09:32:59 - __main__ - INFO - Train: loss 0.1047 acc1 97.27%
2026-05-20 09:32:59 - __main__ - INFO - Val:   loss 2.5674 acc1 55.47%
2026-05-20 09:32:59 - __main__ - INFO - saved best: 55.47%
2026-05-20 09:32:59 - __main__ - INFO - 
Epoch 90/100 | lr 0.001646
2026-05-20 09:33:11 - __main__ - INFO - Train: loss 0.1026 acc1 97.26%
2026-05-20 09:33:11 - __main__ - INFO - Val:   loss 2.7445 acc1 55.00%
2026-05-20 09:33:11 - __main__ - INFO - 
Epoch 91/100 | lr 0.001364
2026-05-20 09:33:23 - __main__ - INFO - Train: loss 0.1003 acc1 97.39%
2026-05-20 09:33:23 - __main__ - INFO - Val:   loss 2.5306 acc1 54.90%
2026-05-20 09:33:23 - __main__ - INFO - 
Epoch 92/100 | lr 0.001109
2026-05-20 09:33:35 - __main__ - INFO - Train: loss 0.0939 acc1 97.61%
2026-05-20 09:33:35 - __main__ - INFO - Val:   loss 2.7237 acc1 54.51%
2026-05-20 09:33:35 - __main__ - INFO - 
Epoch 93/100 | lr 0.000880
2026-05-20 09:33:47 - __main__ - INFO - Train: loss 0.0960 acc1 97.46%
2026-05-20 09:33:47 - __main__ - INFO - Val:   loss 2.5550 acc1 55.27%
2026-05-20 09:33:47 - __main__ - INFO - 
Epoch 94/100 | lr 0.000677
2026-05-20 09:33:59 - __main__ - INFO - Train: loss 0.0914 acc1 97.62%
2026-05-20 09:33:59 - __main__ - INFO - Val:   loss 2.5311 acc1 55.13%
2026-05-20 09:33:59 - __main__ - INFO - 
Epoch 95/100 | lr 0.000500
2026-05-20 09:34:11 - __main__ - INFO - Train: loss 0.0908 acc1 97.67%
2026-05-20 09:34:11 - __main__ - INFO - Val:   loss 2.5326 acc1 55.24%
2026-05-20 09:34:11 - __main__ - INFO - 
Epoch 96/100 | lr 0.000351
2026-05-20 09:34:23 - __main__ - INFO - Train: loss 0.0890 acc1 97.74%
2026-05-20 09:34:23 - __main__ - INFO - Val:   loss 2.5324 acc1 55.10%
2026-05-20 09:34:23 - __main__ - INFO - 
Epoch 97/100 | lr 0.000228
2026-05-20 09:34:35 - __main__ - INFO - Train: loss 0.0913 acc1 97.66%
2026-05-20 09:34:35 - __main__ - INFO - Val:   loss 2.5545 acc1 54.75%
2026-05-20 09:34:35 - __main__ - INFO - 
Epoch 98/100 | lr 0.000133
2026-05-20 09:34:47 - __main__ - INFO - Train: loss 0.0898 acc1 97.69%
2026-05-20 09:34:47 - __main__ - INFO - Val:   loss 2.6596 acc1 54.73%
2026-05-20 09:34:47 - __main__ - INFO - 
Epoch 99/100 | lr 0.000065
2026-05-20 09:34:59 - __main__ - INFO - Train: loss 0.0861 acc1 97.79%
2026-05-20 09:34:59 - __main__ - INFO - Val:   loss 2.6730 acc1 54.97%
2026-05-20 09:34:59 - __main__ - INFO - 
Epoch 100/100 | lr 0.000024
2026-05-20 09:35:12 - __main__ - INFO - Train: loss 0.0923 acc1 97.69%
2026-05-20 09:35:12 - __main__ - INFO - Val:   loss 2.8424 acc1 55.02%
2026-05-20 09:35:12 - __main__ - INFO - Loaded best checkpoint weights for final test evaluation.
2026-05-20 09:35:13 - __main__ - INFO - 
Best tracked (val): 55.47%
2026-05-20 09:35:13 - __main__ - INFO - Final test: loss 2.8740 acc1 53.24%
2026-05-20 09:35:14 - __main__ - INFO -   Final training settings for output efficientnet_b0 [low_saliency]: batch_size=128, amp=False
2026-05-20 09:35:17 - __main__ - INFO - Variant [low_saliency] done — test acc 53.24%, test loss 2.8740
2026-05-20 09:35:17 - __main__ - INFO - Saved validation comparison plot: runs/cifar100_2026_05/20/output_models/efficientnet_b0/validation_comparison_plot.png
2026-05-20 09:35:17 - __main__ - INFO - 
Starting output model sweep: mobilenet_v3_small
2026-05-20 09:35:17 - __main__ - INFO - 
============================================================
2026-05-20 09:35:17 - __main__ - INFO - Training output model: mobilenet_v3_small [original]
2026-05-20 09:35:17 - __main__ - INFO -   Resolved config → opt=sgd, lr=0.01, wd=1e-05, bs=128, epochs=100, scheduler=cosine, warmup=5
2026-05-20 09:35:17 - __main__ - INFO - ============================================================
2026-05-20 09:35:17 - __main__ - INFO -   Validation during training uses variant split with val_split=0.1
2026-05-20 09:35:17 - __main__ - INFO -   Final test uses original test split
2026-05-20 09:35:17 - __main__ - INFO -   Retry policy: training output mobilenet_v3_small [original] with batch_size=128, amp=False
2026-05-20 09:35:18 - __main__ - INFO - device: cuda | cuda: True | gpu: NVIDIA L4
2026-05-20 09:35:18 - __main__ - INFO - Model: mobilenet_v3_small | Dataset: cifar100 | Classes: 100 | Optimizer: sgd
2026-05-20 09:35:18 - __main__ - INFO - 
Epoch 1/100 | lr 0.000010
2026-05-20 09:35:27 - __main__ - INFO - Train: loss 4.6084 acc1 1.00%
2026-05-20 09:35:27 - __main__ - INFO - Val:   loss 4.6055 acc1 1.06%
2026-05-20 09:35:27 - __main__ - INFO - saved best: 1.06%
2026-05-20 09:35:27 - __main__ - INFO - 
Epoch 2/100 | lr 0.002008
2026-05-20 09:35:35 - __main__ - INFO - Train: loss 4.5467 acc1 1.88%
2026-05-20 09:35:35 - __main__ - INFO - Val:   loss 4.5956 acc1 1.30%
2026-05-20 09:35:35 - __main__ - INFO - saved best: 1.30%
2026-05-20 09:35:35 - __main__ - INFO - 
Epoch 3/100 | lr 0.004006
2026-05-20 09:35:43 - __main__ - INFO - Train: loss 4.4211 acc1 2.60%
2026-05-20 09:35:43 - __main__ - INFO - Val:   loss 4.4228 acc1 2.48%
2026-05-20 09:35:43 - __main__ - INFO - saved best: 2.48%
2026-05-20 09:35:43 - __main__ - INFO - 
Epoch 4/100 | lr 0.006004
2026-05-20 09:35:51 - __main__ - INFO - Train: loss 4.1900 acc1 4.96%
2026-05-20 09:35:51 - __main__ - INFO - Val:   loss 4.2570 acc1 5.68%
2026-05-20 09:35:51 - __main__ - INFO - saved best: 5.68%
2026-05-20 09:35:51 - __main__ - INFO - 
Epoch 5/100 | lr 0.008002
2026-05-20 09:36:00 - __main__ - INFO - Train: loss 3.9532 acc1 7.88%
2026-05-20 09:36:00 - __main__ - INFO - Val:   loss 4.2692 acc1 7.68%
2026-05-20 09:36:00 - __main__ - INFO - saved best: 7.68%
2026-05-20 09:36:00 - __main__ - INFO - 
Epoch 6/100 | lr 0.010000
2026-05-20 09:36:09 - __main__ - INFO - Train: loss 3.7789 acc1 10.55%
2026-05-20 09:36:09 - __main__ - INFO - Val:   loss 3.9193 acc1 9.73%
2026-05-20 09:36:09 - __main__ - INFO - saved best: 9.73%
2026-05-20 09:36:09 - __main__ - INFO - 
Epoch 7/100 | lr 0.009997
2026-05-20 09:36:17 - __main__ - INFO - Train: loss 3.6364 acc1 12.82%
2026-05-20 09:36:17 - __main__ - INFO - Val:   loss 3.6927 acc1 12.58%
2026-05-20 09:36:17 - __main__ - INFO - saved best: 12.58%
2026-05-20 09:36:17 - __main__ - INFO - 
Epoch 8/100 | lr 0.009989
2026-05-20 09:36:26 - __main__ - INFO - Train: loss 3.5249 acc1 14.76%
2026-05-20 09:36:26 - __main__ - INFO - Val:   loss 3.5322 acc1 15.03%
2026-05-20 09:36:26 - __main__ - INFO - saved best: 15.03%
2026-05-20 09:36:26 - __main__ - INFO - 
Epoch 9/100 | lr 0.009975
2026-05-20 09:36:34 - __main__ - INFO - Train: loss 3.4209 acc1 16.72%
2026-05-20 09:36:34 - __main__ - INFO - Val:   loss 3.4785 acc1 15.95%
2026-05-20 09:36:34 - __main__ - INFO - saved best: 15.95%
2026-05-20 09:36:34 - __main__ - INFO - 
Epoch 10/100 | lr 0.009956
2026-05-20 09:36:43 - __main__ - INFO - Train: loss 3.3336 acc1 18.36%
2026-05-20 09:36:43 - __main__ - INFO - Val:   loss 3.3207 acc1 20.10%
2026-05-20 09:36:43 - __main__ - INFO - saved best: 20.10%
2026-05-20 09:36:43 - __main__ - INFO - 
Epoch 11/100 | lr 0.009932
2026-05-20 09:36:52 - __main__ - INFO - Train: loss 3.2584 acc1 19.45%
2026-05-20 09:36:52 - __main__ - INFO - Val:   loss 3.2181 acc1 20.16%
2026-05-20 09:36:52 - __main__ - INFO - saved best: 20.16%
2026-05-20 09:36:52 - __main__ - INFO - 
Epoch 12/100 | lr 0.009902
2026-05-20 09:37:00 - __main__ - INFO - Train: loss 3.1897 acc1 21.10%
2026-05-20 09:37:00 - __main__ - INFO - Val:   loss 3.1895 acc1 21.62%
2026-05-20 09:37:00 - __main__ - INFO - saved best: 21.62%
2026-05-20 09:37:00 - __main__ - INFO - 
Epoch 13/100 | lr 0.009867
2026-05-20 09:37:08 - __main__ - INFO - Train: loss 3.1327 acc1 22.05%
2026-05-20 09:37:08 - __main__ - INFO - Val:   loss 3.0954 acc1 22.15%
2026-05-20 09:37:08 - __main__ - INFO - saved best: 22.15%
2026-05-20 09:37:08 - __main__ - INFO - 
Epoch 14/100 | lr 0.009826
2026-05-20 09:37:16 - __main__ - INFO - Train: loss 3.0825 acc1 22.99%
2026-05-20 09:37:16 - __main__ - INFO - Val:   loss 3.0733 acc1 24.85%
2026-05-20 09:37:16 - __main__ - INFO - saved best: 24.85%
2026-05-20 09:37:16 - __main__ - INFO - 
Epoch 15/100 | lr 0.009780
2026-05-20 09:37:24 - __main__ - INFO - Train: loss 3.0349 acc1 23.70%
2026-05-20 09:37:24 - __main__ - INFO - Val:   loss 3.0404 acc1 24.99%
2026-05-20 09:37:24 - __main__ - INFO - saved best: 24.99%
2026-05-20 09:37:24 - __main__ - INFO - 
Epoch 16/100 | lr 0.009729
2026-05-20 09:37:32 - __main__ - INFO - Train: loss 2.9798 acc1 25.14%
2026-05-20 09:37:32 - __main__ - INFO - Val:   loss 3.0113 acc1 25.20%
2026-05-20 09:37:32 - __main__ - INFO - saved best: 25.20%
2026-05-20 09:37:32 - __main__ - INFO - 
Epoch 17/100 | lr 0.009673
2026-05-20 09:37:40 - __main__ - INFO - Train: loss 2.9415 acc1 25.85%
2026-05-20 09:37:40 - __main__ - INFO - Val:   loss 2.9516 acc1 26.48%
2026-05-20 09:37:40 - __main__ - INFO - saved best: 26.48%
2026-05-20 09:37:40 - __main__ - INFO - 
Epoch 18/100 | lr 0.009612
2026-05-20 09:37:48 - __main__ - INFO - Train: loss 2.8999 acc1 26.64%
2026-05-20 09:37:48 - __main__ - INFO - Val:   loss 2.9229 acc1 26.69%
2026-05-20 09:37:49 - __main__ - INFO - saved best: 26.69%
2026-05-20 09:37:49 - __main__ - INFO - 
Epoch 19/100 | lr 0.009545
2026-05-20 09:37:57 - __main__ - INFO - Train: loss 2.8651 acc1 27.60%
2026-05-20 09:37:57 - __main__ - INFO - Val:   loss 2.8828 acc1 27.96%
2026-05-20 09:37:57 - __main__ - INFO - saved best: 27.96%
2026-05-20 09:37:57 - __main__ - INFO - 
Epoch 20/100 | lr 0.009474
2026-05-20 09:38:05 - __main__ - INFO - Train: loss 2.8291 acc1 27.98%
2026-05-20 09:38:05 - __main__ - INFO - Val:   loss 2.8669 acc1 27.91%
2026-05-20 09:38:05 - __main__ - INFO - 
Epoch 21/100 | lr 0.009398
2026-05-20 09:38:13 - __main__ - INFO - Train: loss 2.7894 acc1 28.82%
2026-05-20 09:38:13 - __main__ - INFO - Val:   loss 2.8083 acc1 30.13%
2026-05-20 09:38:13 - __main__ - INFO - saved best: 30.13%
2026-05-20 09:38:13 - __main__ - INFO - 
Epoch 22/100 | lr 0.009317
2026-05-20 09:38:22 - __main__ - INFO - Train: loss 2.7561 acc1 29.48%
2026-05-20 09:38:22 - __main__ - INFO - Val:   loss 2.8086 acc1 28.69%
2026-05-20 09:38:22 - __main__ - INFO - 
Epoch 23/100 | lr 0.009231
2026-05-20 09:38:30 - __main__ - INFO - Train: loss 2.7200 acc1 30.56%
2026-05-20 09:38:30 - __main__ - INFO - Val:   loss 2.8510 acc1 28.71%
2026-05-20 09:38:30 - __main__ - INFO - 
Epoch 24/100 | lr 0.009141
2026-05-20 09:38:39 - __main__ - INFO - Train: loss 2.6865 acc1 30.94%
2026-05-20 09:38:39 - __main__ - INFO - Val:   loss 2.7712 acc1 30.08%
2026-05-20 09:38:39 - __main__ - INFO - 
Epoch 25/100 | lr 0.009046
2026-05-20 09:38:47 - __main__ - INFO - Train: loss 2.6605 acc1 31.47%
2026-05-20 09:38:47 - __main__ - INFO - Val:   loss 2.7614 acc1 30.55%
2026-05-20 09:38:47 - __main__ - INFO - saved best: 30.55%
2026-05-20 09:38:47 - __main__ - INFO - 
Epoch 26/100 | lr 0.008947
2026-05-20 09:38:56 - __main__ - INFO - Train: loss 2.6309 acc1 32.12%
2026-05-20 09:38:56 - __main__ - INFO - Val:   loss 2.7714 acc1 30.69%
2026-05-20 09:38:56 - __main__ - INFO - saved best: 30.69%
2026-05-20 09:38:56 - __main__ - INFO - 
Epoch 27/100 | lr 0.008843
2026-05-20 09:39:04 - __main__ - INFO - Train: loss 2.5973 acc1 32.78%
2026-05-20 09:39:04 - __main__ - INFO - Val:   loss 2.7288 acc1 31.22%
2026-05-20 09:39:04 - __main__ - INFO - saved best: 31.22%
2026-05-20 09:39:04 - __main__ - INFO - 
Epoch 28/100 | lr 0.008735
2026-05-20 09:39:13 - __main__ - INFO - Train: loss 2.5736 acc1 33.36%
2026-05-20 09:39:13 - __main__ - INFO - Val:   loss 2.7363 acc1 31.05%
2026-05-20 09:39:13 - __main__ - INFO - 
Epoch 29/100 | lr 0.008624
2026-05-20 09:39:20 - __main__ - INFO - Train: loss 2.5377 acc1 34.01%
2026-05-20 09:39:20 - __main__ - INFO - Val:   loss 2.7363 acc1 31.02%
2026-05-20 09:39:20 - __main__ - INFO - 
Epoch 30/100 | lr 0.008508
2026-05-20 09:39:29 - __main__ - INFO - Train: loss 2.5217 acc1 34.40%
2026-05-20 09:39:29 - __main__ - INFO - Val:   loss 2.7268 acc1 32.10%
2026-05-20 09:39:29 - __main__ - INFO - saved best: 32.10%
2026-05-20 09:39:29 - __main__ - INFO - 
Epoch 31/100 | lr 0.008388
2026-05-20 09:39:37 - __main__ - INFO - Train: loss 2.4772 acc1 35.26%
2026-05-20 09:39:37 - __main__ - INFO - Val:   loss 2.6686 acc1 32.85%
2026-05-20 09:39:37 - __main__ - INFO - saved best: 32.85%
2026-05-20 09:39:37 - __main__ - INFO - 
Epoch 32/100 | lr 0.008265
2026-05-20 09:39:45 - __main__ - INFO - Train: loss 2.4600 acc1 35.31%
2026-05-20 09:39:45 - __main__ - INFO - Val:   loss 2.6526 acc1 33.09%
2026-05-20 09:39:45 - __main__ - INFO - saved best: 33.09%
2026-05-20 09:39:45 - __main__ - INFO - 
Epoch 33/100 | lr 0.008138
2026-05-20 09:39:53 - __main__ - INFO - Train: loss 2.4260 acc1 36.59%
2026-05-20 09:39:53 - __main__ - INFO - Val:   loss 2.6192 acc1 33.86%
2026-05-20 09:39:53 - __main__ - INFO - saved best: 33.86%
2026-05-20 09:39:53 - __main__ - INFO - 
Epoch 34/100 | lr 0.008007
2026-05-20 09:40:02 - __main__ - INFO - Train: loss 2.4044 acc1 36.61%
2026-05-20 09:40:02 - __main__ - INFO - Val:   loss 2.6002 acc1 34.12%
2026-05-20 09:40:02 - __main__ - INFO - saved best: 34.12%
2026-05-20 09:40:02 - __main__ - INFO - 
Epoch 35/100 | lr 0.007874
2026-05-20 09:40:11 - __main__ - INFO - Train: loss 2.3851 acc1 37.18%
2026-05-20 09:40:11 - __main__ - INFO - Val:   loss 2.6162 acc1 34.42%
2026-05-20 09:40:11 - __main__ - INFO - saved best: 34.42%
2026-05-20 09:40:11 - __main__ - INFO - 
Epoch 36/100 | lr 0.007737
2026-05-20 09:40:20 - __main__ - INFO - Train: loss 2.3615 acc1 37.85%
2026-05-20 09:40:20 - __main__ - INFO - Val:   loss 2.6284 acc1 34.51%
2026-05-20 09:40:20 - __main__ - INFO - saved best: 34.51%
2026-05-20 09:40:20 - __main__ - INFO - 
Epoch 37/100 | lr 0.007597
2026-05-20 09:40:29 - __main__ - INFO - Train: loss 2.3276 acc1 38.49%
2026-05-20 09:40:29 - __main__ - INFO - Val:   loss 2.6612 acc1 33.35%
2026-05-20 09:40:29 - __main__ - INFO - 
Epoch 38/100 | lr 0.007455
2026-05-20 09:40:36 - __main__ - INFO - Train: loss 2.3085 acc1 38.75%
2026-05-20 09:40:36 - __main__ - INFO - Val:   loss 2.5538 acc1 35.82%
2026-05-20 09:40:36 - __main__ - INFO - saved best: 35.82%
2026-05-20 09:40:36 - __main__ - INFO - 
Epoch 39/100 | lr 0.007309
2026-05-20 09:40:45 - __main__ - INFO - Train: loss 2.2835 acc1 39.53%
2026-05-20 09:40:45 - __main__ - INFO - Val:   loss 2.5620 acc1 34.57%
2026-05-20 09:40:45 - __main__ - INFO - 
Epoch 40/100 | lr 0.007162
2026-05-20 09:40:54 - __main__ - INFO - Train: loss 2.2512 acc1 40.15%
2026-05-20 09:40:54 - __main__ - INFO - Val:   loss 2.5707 acc1 35.31%
2026-05-20 09:40:54 - __main__ - INFO - 
Epoch 41/100 | lr 0.007011
2026-05-20 09:41:02 - __main__ - INFO - Train: loss 2.2204 acc1 40.47%
2026-05-20 09:41:02 - __main__ - INFO - Val:   loss 2.6493 acc1 34.09%
2026-05-20 09:41:02 - __main__ - INFO - 
Epoch 42/100 | lr 0.006859
2026-05-20 09:41:11 - __main__ - INFO - Train: loss 2.2073 acc1 40.58%
2026-05-20 09:41:11 - __main__ - INFO - Val:   loss 2.5736 acc1 35.37%
2026-05-20 09:41:11 - __main__ - INFO - 
Epoch 43/100 | lr 0.006705
2026-05-20 09:41:20 - __main__ - INFO - Train: loss 2.1740 acc1 41.74%
2026-05-20 09:41:20 - __main__ - INFO - Val:   loss 2.5449 acc1 36.66%
2026-05-20 09:41:20 - __main__ - INFO - saved best: 36.66%
2026-05-20 09:41:20 - __main__ - INFO - 
Epoch 44/100 | lr 0.006549
2026-05-20 09:41:29 - __main__ - INFO - Train: loss 2.1523 acc1 42.06%
2026-05-20 09:41:29 - __main__ - INFO - Val:   loss 2.5360 acc1 36.58%
2026-05-20 09:41:29 - __main__ - INFO - 
Epoch 45/100 | lr 0.006391
2026-05-20 09:41:38 - __main__ - INFO - Train: loss 2.1261 acc1 42.71%
2026-05-20 09:41:38 - __main__ - INFO - Val:   loss 2.5690 acc1 35.69%
2026-05-20 09:41:38 - __main__ - INFO - 
Epoch 46/100 | lr 0.006231
2026-05-20 09:41:46 - __main__ - INFO - Train: loss 2.1012 acc1 43.30%
2026-05-20 09:41:46 - __main__ - INFO - Val:   loss 2.5881 acc1 35.36%
2026-05-20 09:41:46 - __main__ - INFO - 
Epoch 47/100 | lr 0.006070
2026-05-20 09:41:55 - __main__ - INFO - Train: loss 2.0745 acc1 43.66%
2026-05-20 09:41:55 - __main__ - INFO - Val:   loss 2.5582 acc1 36.56%
2026-05-20 09:41:55 - __main__ - INFO - 
Epoch 48/100 | lr 0.005908
2026-05-20 09:42:04 - __main__ - INFO - Train: loss 2.0552 acc1 43.97%
2026-05-20 09:42:04 - __main__ - INFO - Val:   loss 2.4980 acc1 37.42%
2026-05-20 09:42:04 - __main__ - INFO - saved best: 37.42%
2026-05-20 09:42:04 - __main__ - INFO - 
Epoch 49/100 | lr 0.005746
2026-05-20 09:42:12 - __main__ - INFO - Train: loss 2.0190 acc1 44.86%
2026-05-20 09:42:12 - __main__ - INFO - Val:   loss 2.5132 acc1 37.37%
2026-05-20 09:42:12 - __main__ - INFO - 
Epoch 50/100 | lr 0.005582
2026-05-20 09:42:20 - __main__ - INFO - Train: loss 2.0047 acc1 45.21%
2026-05-20 09:42:20 - __main__ - INFO - Val:   loss 2.5981 acc1 35.75%
2026-05-20 09:42:20 - __main__ - INFO - 
Epoch 51/100 | lr 0.005417
2026-05-20 09:42:29 - __main__ - INFO - Train: loss 1.9904 acc1 45.47%
2026-05-20 09:42:29 - __main__ - INFO - Val:   loss 2.4905 acc1 37.40%
2026-05-20 09:42:29 - __main__ - INFO - 
Epoch 52/100 | lr 0.005253
2026-05-20 09:42:37 - __main__ - INFO - Train: loss 1.9621 acc1 45.99%
2026-05-20 09:42:37 - __main__ - INFO - Val:   loss 2.5321 acc1 36.40%
2026-05-20 09:42:37 - __main__ - INFO - 
Epoch 53/100 | lr 0.005088
2026-05-20 09:42:46 - __main__ - INFO - Train: loss 1.9379 acc1 46.65%
2026-05-20 09:42:46 - __main__ - INFO - Val:   loss 2.4783 acc1 38.91%
2026-05-20 09:42:46 - __main__ - INFO - saved best: 38.91%
2026-05-20 09:42:46 - __main__ - INFO - 
Epoch 54/100 | lr 0.004922
2026-05-20 09:42:54 - __main__ - INFO - Train: loss 1.9164 acc1 47.07%
2026-05-20 09:42:54 - __main__ - INFO - Val:   loss 2.5298 acc1 37.48%
2026-05-20 09:42:54 - __main__ - INFO - 
Epoch 55/100 | lr 0.004757
2026-05-20 09:43:03 - __main__ - INFO - Train: loss 1.8882 acc1 47.98%
2026-05-20 09:43:03 - __main__ - INFO - Val:   loss 2.4900 acc1 38.25%
2026-05-20 09:43:03 - __main__ - INFO - 
Epoch 56/100 | lr 0.004593
2026-05-20 09:43:12 - __main__ - INFO - Train: loss 1.8743 acc1 47.98%
2026-05-20 09:43:12 - __main__ - INFO - Val:   loss 2.5141 acc1 37.87%
2026-05-20 09:43:12 - __main__ - INFO - 
Epoch 57/100 | lr 0.004428
2026-05-20 09:43:20 - __main__ - INFO - Train: loss 1.8485 acc1 48.68%
2026-05-20 09:43:20 - __main__ - INFO - Val:   loss 2.4981 acc1 37.81%
2026-05-20 09:43:20 - __main__ - INFO - 
Epoch 58/100 | lr 0.004264
2026-05-20 09:43:29 - __main__ - INFO - Train: loss 1.8226 acc1 49.55%
2026-05-20 09:43:29 - __main__ - INFO - Val:   loss 2.5385 acc1 37.64%
2026-05-20 09:43:29 - __main__ - INFO - 
Epoch 59/100 | lr 0.004102
2026-05-20 09:43:37 - __main__ - INFO - Train: loss 1.8061 acc1 49.60%
2026-05-20 09:43:37 - __main__ - INFO - Val:   loss 2.5810 acc1 38.32%
2026-05-20 09:43:37 - __main__ - INFO - 
Epoch 60/100 | lr 0.003940
2026-05-20 09:43:46 - __main__ - INFO - Train: loss 1.7744 acc1 50.41%
2026-05-20 09:43:46 - __main__ - INFO - Val:   loss 2.5820 acc1 38.00%
2026-05-20 09:43:46 - __main__ - INFO - 
Epoch 61/100 | lr 0.003779
2026-05-20 09:43:54 - __main__ - INFO - Train: loss 1.7653 acc1 50.66%
2026-05-20 09:43:54 - __main__ - INFO - Val:   loss 2.5597 acc1 38.31%
2026-05-20 09:43:54 - __main__ - INFO - 
Epoch 62/100 | lr 0.003619
2026-05-20 09:44:02 - __main__ - INFO - Train: loss 1.7401 acc1 51.11%
2026-05-20 09:44:02 - __main__ - INFO - Val:   loss 2.5835 acc1 37.67%
2026-05-20 09:44:02 - __main__ - INFO - 
Epoch 63/100 | lr 0.003461
2026-05-20 09:44:11 - __main__ - INFO - Train: loss 1.7221 acc1 51.78%
2026-05-20 09:44:11 - __main__ - INFO - Val:   loss 2.5407 acc1 38.11%
2026-05-20 09:44:11 - __main__ - INFO - 
Epoch 64/100 | lr 0.003305
2026-05-20 09:44:19 - __main__ - INFO - Train: loss 1.7012 acc1 52.19%
2026-05-20 09:44:19 - __main__ - INFO - Val:   loss 2.5385 acc1 39.12%
2026-05-20 09:44:19 - __main__ - INFO - saved best: 39.12%
2026-05-20 09:44:19 - __main__ - INFO - 
Epoch 65/100 | lr 0.003151
2026-05-20 09:44:27 - __main__ - INFO - Train: loss 1.6770 acc1 52.69%
2026-05-20 09:44:27 - __main__ - INFO - Val:   loss 2.5319 acc1 39.68%
2026-05-20 09:44:27 - __main__ - INFO - saved best: 39.68%
2026-05-20 09:44:27 - __main__ - INFO - 
Epoch 66/100 | lr 0.002999
2026-05-20 09:44:37 - __main__ - INFO - Train: loss 1.6615 acc1 53.00%
2026-05-20 09:44:37 - __main__ - INFO - Val:   loss 2.5466 acc1 39.04%
2026-05-20 09:44:37 - __main__ - INFO - 
Epoch 67/100 | lr 0.002848
2026-05-20 09:44:45 - __main__ - INFO - Train: loss 1.6409 acc1 53.65%
2026-05-20 09:44:45 - __main__ - INFO - Val:   loss 2.5619 acc1 38.82%
2026-05-20 09:44:45 - __main__ - INFO - 
Epoch 68/100 | lr 0.002701
2026-05-20 09:44:54 - __main__ - INFO - Train: loss 1.6293 acc1 53.99%
2026-05-20 09:44:54 - __main__ - INFO - Val:   loss 2.5467 acc1 39.57%
2026-05-20 09:44:54 - __main__ - INFO - 
Epoch 69/100 | lr 0.002555
2026-05-20 09:45:02 - __main__ - INFO - Train: loss 1.6056 acc1 54.70%
2026-05-20 09:45:02 - __main__ - INFO - Val:   loss 2.5817 acc1 38.36%
2026-05-20 09:45:02 - __main__ - INFO - 
Epoch 70/100 | lr 0.002413
2026-05-20 09:45:11 - __main__ - INFO - Train: loss 1.5857 acc1 54.79%
2026-05-20 09:45:11 - __main__ - INFO - Val:   loss 2.6000 acc1 38.87%
2026-05-20 09:45:11 - __main__ - INFO - 
Epoch 71/100 | lr 0.002273
2026-05-20 09:45:20 - __main__ - INFO - Train: loss 1.5637 acc1 55.54%
2026-05-20 09:45:20 - __main__ - INFO - Val:   loss 2.5695 acc1 38.95%
2026-05-20 09:45:20 - __main__ - INFO - 
Epoch 72/100 | lr 0.002136
2026-05-20 09:45:29 - __main__ - INFO - Train: loss 1.5535 acc1 55.58%
2026-05-20 09:45:29 - __main__ - INFO - Val:   loss 2.5943 acc1 39.32%
2026-05-20 09:45:29 - __main__ - INFO - 
Epoch 73/100 | lr 0.002003
2026-05-20 09:45:37 - __main__ - INFO - Train: loss 1.5262 acc1 56.43%
2026-05-20 09:45:37 - __main__ - INFO - Val:   loss 2.5789 acc1 39.11%
2026-05-20 09:45:37 - __main__ - INFO - 
Epoch 74/100 | lr 0.001872
2026-05-20 09:45:45 - __main__ - INFO - Train: loss 1.5171 acc1 56.94%
2026-05-20 09:45:45 - __main__ - INFO - Val:   loss 2.6011 acc1 39.11%
2026-05-20 09:45:45 - __main__ - INFO - 
Epoch 75/100 | lr 0.001745
2026-05-20 09:45:54 - __main__ - INFO - Train: loss 1.4933 acc1 57.20%
2026-05-20 09:45:54 - __main__ - INFO - Val:   loss 2.5761 acc1 39.50%
2026-05-20 09:45:54 - __main__ - INFO - 
Epoch 76/100 | lr 0.001622
2026-05-20 09:46:02 - __main__ - INFO - Train: loss 1.4751 acc1 57.75%
2026-05-20 09:46:02 - __main__ - INFO - Val:   loss 2.6176 acc1 38.73%
2026-05-20 09:46:02 - __main__ - INFO - 
Epoch 77/100 | lr 0.001502
2026-05-20 09:46:11 - __main__ - INFO - Train: loss 1.4618 acc1 58.08%
2026-05-20 09:46:11 - __main__ - INFO - Val:   loss 2.5988 acc1 38.89%
2026-05-20 09:46:11 - __main__ - INFO - 
Epoch 78/100 | lr 0.001386
2026-05-20 09:46:19 - __main__ - INFO - Train: loss 1.4440 acc1 58.83%
2026-05-20 09:46:19 - __main__ - INFO - Val:   loss 2.5964 acc1 39.91%
2026-05-20 09:46:19 - __main__ - INFO - saved best: 39.91%
2026-05-20 09:46:19 - __main__ - INFO - 
Epoch 79/100 | lr 0.001275
2026-05-20 09:46:28 - __main__ - INFO - Train: loss 1.4419 acc1 58.62%
2026-05-20 09:46:28 - __main__ - INFO - Val:   loss 2.6118 acc1 39.13%
2026-05-20 09:46:28 - __main__ - INFO - 
Epoch 80/100 | lr 0.001167
2026-05-20 09:46:36 - __main__ - INFO - Train: loss 1.4293 acc1 59.07%
2026-05-20 09:46:36 - __main__ - INFO - Val:   loss 2.6281 acc1 39.50%
2026-05-20 09:46:36 - __main__ - INFO - 
Epoch 81/100 | lr 0.001063
2026-05-20 09:46:45 - __main__ - INFO - Train: loss 1.4085 acc1 59.41%
2026-05-20 09:46:45 - __main__ - INFO - Val:   loss 2.6425 acc1 39.57%
2026-05-20 09:46:45 - __main__ - INFO - 
Epoch 82/100 | lr 0.000964
2026-05-20 09:46:53 - __main__ - INFO - Train: loss 1.4022 acc1 59.75%
2026-05-20 09:46:53 - __main__ - INFO - Val:   loss 2.6240 acc1 39.60%
2026-05-20 09:46:53 - __main__ - INFO - 
Epoch 83/100 | lr 0.000869
2026-05-20 09:47:01 - __main__ - INFO - Train: loss 1.3825 acc1 60.10%
2026-05-20 09:47:01 - __main__ - INFO - Val:   loss 2.6337 acc1 39.46%
2026-05-20 09:47:01 - __main__ - INFO - 
Epoch 84/100 | lr 0.000779
2026-05-20 09:47:09 - __main__ - INFO - Train: loss 1.3661 acc1 60.44%
2026-05-20 09:47:09 - __main__ - INFO - Val:   loss 2.6333 acc1 39.44%
2026-05-20 09:47:09 - __main__ - INFO - 
Epoch 85/100 | lr 0.000693
2026-05-20 09:47:18 - __main__ - INFO - Train: loss 1.3518 acc1 60.89%
2026-05-20 09:47:18 - __main__ - INFO - Val:   loss 2.6432 acc1 39.11%
2026-05-20 09:47:18 - __main__ - INFO - 
Epoch 86/100 | lr 0.000612
2026-05-20 09:47:26 - __main__ - INFO - Train: loss 1.3499 acc1 60.84%
2026-05-20 09:47:26 - __main__ - INFO - Val:   loss 2.6426 acc1 39.07%
2026-05-20 09:47:26 - __main__ - INFO - 
Epoch 87/100 | lr 0.000536
2026-05-20 09:47:35 - __main__ - INFO - Train: loss 1.3448 acc1 61.15%
2026-05-20 09:47:35 - __main__ - INFO - Val:   loss 2.6273 acc1 39.28%
2026-05-20 09:47:35 - __main__ - INFO - 
Epoch 88/100 | lr 0.000465
2026-05-20 09:47:43 - __main__ - INFO - Train: loss 1.3227 acc1 61.78%
2026-05-20 09:47:43 - __main__ - INFO - Val:   loss 2.6667 acc1 38.97%
2026-05-20 09:47:43 - __main__ - INFO - 
Epoch 89/100 | lr 0.000398
2026-05-20 09:47:52 - __main__ - INFO - Train: loss 1.3297 acc1 61.68%
2026-05-20 09:47:52 - __main__ - INFO - Val:   loss 2.6411 acc1 39.22%
2026-05-20 09:47:52 - __main__ - INFO - 
Epoch 90/100 | lr 0.000337
2026-05-20 09:48:01 - __main__ - INFO - Train: loss 1.3220 acc1 61.80%
2026-05-20 09:48:01 - __main__ - INFO - Val:   loss 2.6470 acc1 39.46%
2026-05-20 09:48:01 - __main__ - INFO - 
Epoch 91/100 | lr 0.000281
2026-05-20 09:48:08 - __main__ - INFO - Train: loss 1.3118 acc1 62.12%
2026-05-20 09:48:08 - __main__ - INFO - Val:   loss 2.6644 acc1 39.44%
2026-05-20 09:48:08 - __main__ - INFO - 
Epoch 92/100 | lr 0.000230
2026-05-20 09:48:17 - __main__ - INFO - Train: loss 1.3047 acc1 62.07%
2026-05-20 09:48:17 - __main__ - INFO - Val:   loss 2.6484 acc1 39.28%
2026-05-20 09:48:17 - __main__ - INFO - 
Epoch 93/100 | lr 0.000184
2026-05-20 09:48:25 - __main__ - INFO - Train: loss 1.2919 acc1 62.75%
2026-05-20 09:48:25 - __main__ - INFO - Val:   loss 2.6520 acc1 39.50%
2026-05-20 09:48:25 - __main__ - INFO - 
Epoch 94/100 | lr 0.000143
2026-05-20 09:48:33 - __main__ - INFO - Train: loss 1.2990 acc1 62.31%
2026-05-20 09:48:33 - __main__ - INFO - Val:   loss 2.6577 acc1 39.31%
2026-05-20 09:48:33 - __main__ - INFO - 
Epoch 95/100 | lr 0.000108
2026-05-20 09:48:41 - __main__ - INFO - Train: loss 1.2870 acc1 62.94%
2026-05-20 09:48:41 - __main__ - INFO - Val:   loss 2.6659 acc1 39.11%
2026-05-20 09:48:41 - __main__ - INFO - 
Epoch 96/100 | lr 0.000078
2026-05-20 09:48:50 - __main__ - INFO - Train: loss 1.2897 acc1 62.57%
2026-05-20 09:48:50 - __main__ - INFO - Val:   loss 2.6595 acc1 39.35%
2026-05-20 09:48:50 - __main__ - INFO - 
Epoch 97/100 | lr 0.000054
2026-05-20 09:48:58 - __main__ - INFO - Train: loss 1.2812 acc1 62.82%
2026-05-20 09:48:58 - __main__ - INFO - Val:   loss 2.6649 acc1 39.37%
2026-05-20 09:48:58 - __main__ - INFO - 
Epoch 98/100 | lr 0.000035
2026-05-20 09:49:06 - __main__ - INFO - Train: loss 1.2799 acc1 63.00%
2026-05-20 09:49:06 - __main__ - INFO - Val:   loss 2.6655 acc1 39.50%
2026-05-20 09:49:06 - __main__ - INFO - 
Epoch 99/100 | lr 0.000021
2026-05-20 09:49:16 - __main__ - INFO - Train: loss 1.2809 acc1 62.85%
2026-05-20 09:49:16 - __main__ - INFO - Val:   loss 2.6637 acc1 39.52%
2026-05-20 09:49:16 - __main__ - INFO - 
Epoch 100/100 | lr 0.000013
2026-05-20 09:49:23 - __main__ - INFO - Train: loss 1.2794 acc1 63.04%
2026-05-20 09:49:23 - __main__ - INFO - Val:   loss 2.6601 acc1 39.54%
2026-05-20 09:49:23 - __main__ - INFO - Loaded best checkpoint weights for final test evaluation.
2026-05-20 09:49:25 - __main__ - INFO - 
Best tracked (val): 39.91%
2026-05-20 09:49:25 - __main__ - INFO - Final test: loss 2.5684 acc1 39.20%
2026-05-20 09:49:25 - __main__ - INFO -   Final training settings for output mobilenet_v3_small [original]: batch_size=128, amp=False
2026-05-20 09:49:29 - __main__ - INFO - Variant [original] done — test acc 39.20%, test loss 2.5684
2026-05-20 09:49:29 - __main__ - INFO - 
============================================================
2026-05-20 09:49:29 - __main__ - INFO - Training output model: mobilenet_v3_small [low_saliency]
2026-05-20 09:49:29 - __main__ - INFO -   Resolved config → opt=sgd, lr=0.01, wd=1e-05, bs=128, epochs=100, scheduler=cosine, warmup=5
2026-05-20 09:49:29 - __main__ - INFO - ============================================================
2026-05-20 09:49:29 - __main__ - INFO -   Validation during training uses variant split with val_split=0.1
2026-05-20 09:49:29 - __main__ - INFO -   Final test uses low_saliency variant test split
2026-05-20 09:49:29 - __main__ - INFO -   Retry policy: training output mobilenet_v3_small [low_saliency] with batch_size=128, amp=False
2026-05-20 09:49:29 - __main__ - INFO - device: cuda | cuda: True | gpu: NVIDIA L4
2026-05-20 09:49:29 - __main__ - INFO - Model: mobilenet_v3_small | Dataset: cifar100 | Classes: 100 | Optimizer: sgd
2026-05-20 09:49:29 - __main__ - INFO - 
Epoch 1/100 | lr 0.000010
2026-05-20 09:49:39 - __main__ - INFO - Train: loss 4.6082 acc1 1.07%
2026-05-20 09:49:39 - __main__ - INFO - Val:   loss 4.6055 acc1 1.06%
2026-05-20 09:49:39 - __main__ - INFO - saved best: 1.06%
2026-05-20 09:49:39 - __main__ - INFO - 
Epoch 2/100 | lr 0.002008
2026-05-20 09:49:48 - __main__ - INFO - Train: loss 4.5432 acc1 1.98%
2026-05-20 09:49:48 - __main__ - INFO - Val:   loss 4.5788 acc1 1.74%
2026-05-20 09:49:48 - __main__ - INFO - saved best: 1.74%
2026-05-20 09:49:48 - __main__ - INFO - 
Epoch 3/100 | lr 0.004006
2026-05-20 09:49:56 - __main__ - INFO - Train: loss 4.3978 acc1 2.86%
2026-05-20 09:49:56 - __main__ - INFO - Val:   loss 4.4193 acc1 3.08%
2026-05-20 09:49:56 - __main__ - INFO - saved best: 3.08%
2026-05-20 09:49:56 - __main__ - INFO - 
Epoch 4/100 | lr 0.006004
2026-05-20 09:50:05 - __main__ - INFO - Train: loss 4.1561 acc1 5.40%
2026-05-20 09:50:05 - __main__ - INFO - Val:   loss 4.1011 acc1 6.63%
2026-05-20 09:50:05 - __main__ - INFO - saved best: 6.63%
2026-05-20 09:50:05 - __main__ - INFO - 
Epoch 5/100 | lr 0.008002
2026-05-20 09:50:12 - __main__ - INFO - Train: loss 3.9415 acc1 8.16%
2026-05-20 09:50:12 - __main__ - INFO - Val:   loss 4.0872 acc1 7.07%
2026-05-20 09:50:12 - __main__ - INFO - saved best: 7.07%
2026-05-20 09:50:12 - __main__ - INFO - 
Epoch 6/100 | lr 0.010000
2026-05-20 09:50:21 - __main__ - INFO - Train: loss 3.7707 acc1 10.76%
2026-05-20 09:50:21 - __main__ - INFO - Val:   loss 3.8904 acc1 10.49%
2026-05-20 09:50:21 - __main__ - INFO - saved best: 10.49%
2026-05-20 09:50:21 - __main__ - INFO - 
Epoch 7/100 | lr 0.009997
2026-05-20 09:50:29 - __main__ - INFO - Train: loss 3.6193 acc1 13.37%
2026-05-20 09:50:29 - __main__ - INFO - Val:   loss 3.7253 acc1 12.05%
2026-05-20 09:50:29 - __main__ - INFO - saved best: 12.05%
2026-05-20 09:50:29 - __main__ - INFO - 
Epoch 8/100 | lr 0.009989
2026-05-20 09:50:37 - __main__ - INFO - Train: loss 3.5029 acc1 15.22%
2026-05-20 09:50:37 - __main__ - INFO - Val:   loss 3.5267 acc1 15.74%
2026-05-20 09:50:37 - __main__ - INFO - saved best: 15.74%
2026-05-20 09:50:37 - __main__ - INFO - 
Epoch 9/100 | lr 0.009975
2026-05-20 09:50:46 - __main__ - INFO - Train: loss 3.4053 acc1 16.67%
2026-05-20 09:50:46 - __main__ - INFO - Val:   loss 3.5084 acc1 16.28%
2026-05-20 09:50:46 - __main__ - INFO - saved best: 16.28%
2026-05-20 09:50:46 - __main__ - INFO - 
Epoch 10/100 | lr 0.009956
2026-05-20 09:50:54 - __main__ - INFO - Train: loss 3.3191 acc1 18.73%
2026-05-20 09:50:54 - __main__ - INFO - Val:   loss 3.3062 acc1 18.49%
2026-05-20 09:50:54 - __main__ - INFO - saved best: 18.49%
2026-05-20 09:50:54 - __main__ - INFO - 
Epoch 11/100 | lr 0.009932
2026-05-20 09:51:04 - __main__ - INFO - Train: loss 3.2383 acc1 19.94%
2026-05-20 09:51:04 - __main__ - INFO - Val:   loss 3.2121 acc1 19.88%
2026-05-20 09:51:04 - __main__ - INFO - saved best: 19.88%
2026-05-20 09:51:04 - __main__ - INFO - 
Epoch 12/100 | lr 0.009902
2026-05-20 09:51:12 - __main__ - INFO - Train: loss 3.1696 acc1 21.63%
2026-05-20 09:51:12 - __main__ - INFO - Val:   loss 3.2132 acc1 21.06%
2026-05-20 09:51:12 - __main__ - INFO - saved best: 21.06%
2026-05-20 09:51:12 - __main__ - INFO - 
Epoch 13/100 | lr 0.009867
2026-05-20 09:51:20 - __main__ - INFO - Train: loss 3.1123 acc1 22.39%
2026-05-20 09:51:20 - __main__ - INFO - Val:   loss 3.0847 acc1 23.16%
2026-05-20 09:51:20 - __main__ - INFO - saved best: 23.16%
2026-05-20 09:51:20 - __main__ - INFO - 
Epoch 14/100 | lr 0.009826
2026-05-20 09:51:29 - __main__ - INFO - Train: loss 3.0559 acc1 23.69%
2026-05-20 09:51:29 - __main__ - INFO - Val:   loss 3.0592 acc1 23.59%
2026-05-20 09:51:29 - __main__ - INFO - saved best: 23.59%
2026-05-20 09:51:29 - __main__ - INFO - 
Epoch 15/100 | lr 0.009780
2026-05-20 09:51:38 - __main__ - INFO - Train: loss 3.0030 acc1 24.42%
2026-05-20 09:51:38 - __main__ - INFO - Val:   loss 2.9737 acc1 25.57%
2026-05-20 09:51:38 - __main__ - INFO - saved best: 25.57%
2026-05-20 09:51:38 - __main__ - INFO - 
Epoch 16/100 | lr 0.009729
2026-05-20 09:51:47 - __main__ - INFO - Train: loss 2.9505 acc1 25.65%
2026-05-20 09:51:47 - __main__ - INFO - Val:   loss 2.9582 acc1 25.94%
2026-05-20 09:51:47 - __main__ - INFO - saved best: 25.94%
2026-05-20 09:51:47 - __main__ - INFO - 
Epoch 17/100 | lr 0.009673
2026-05-20 09:51:55 - __main__ - INFO - Train: loss 2.9079 acc1 26.52%
2026-05-20 09:51:55 - __main__ - INFO - Val:   loss 2.9004 acc1 27.59%
2026-05-20 09:51:55 - __main__ - INFO - saved best: 27.59%
2026-05-20 09:51:55 - __main__ - INFO - 
Epoch 18/100 | lr 0.009612
2026-05-20 09:52:04 - __main__ - INFO - Train: loss 2.8630 acc1 27.53%
2026-05-20 09:52:04 - __main__ - INFO - Val:   loss 2.8922 acc1 27.60%
2026-05-20 09:52:04 - __main__ - INFO - saved best: 27.60%
2026-05-20 09:52:04 - __main__ - INFO - 
Epoch 19/100 | lr 0.009545
2026-05-20 09:52:12 - __main__ - INFO - Train: loss 2.8218 acc1 28.20%
2026-05-20 09:52:12 - __main__ - INFO - Val:   loss 2.8054 acc1 29.35%
2026-05-20 09:52:12 - __main__ - INFO - saved best: 29.35%
2026-05-20 09:52:12 - __main__ - INFO - 
Epoch 20/100 | lr 0.009474
2026-05-20 09:52:20 - __main__ - INFO - Train: loss 2.7824 acc1 28.96%
2026-05-20 09:52:20 - __main__ - INFO - Val:   loss 2.8483 acc1 28.61%
2026-05-20 09:52:20 - __main__ - INFO - 
Epoch 21/100 | lr 0.009398
2026-05-20 09:52:29 - __main__ - INFO - Train: loss 2.7488 acc1 29.45%
2026-05-20 09:52:29 - __main__ - INFO - Val:   loss 2.7640 acc1 30.39%
2026-05-20 09:52:29 - __main__ - INFO - saved best: 30.39%
2026-05-20 09:52:29 - __main__ - INFO - 
Epoch 22/100 | lr 0.009317
2026-05-20 09:52:38 - __main__ - INFO - Train: loss 2.7056 acc1 30.47%
2026-05-20 09:52:38 - __main__ - INFO - Val:   loss 2.8692 acc1 28.55%
2026-05-20 09:52:38 - __main__ - INFO - 
Epoch 23/100 | lr 0.009231
2026-05-20 09:52:46 - __main__ - INFO - Train: loss 2.6712 acc1 31.22%
2026-05-20 09:52:46 - __main__ - INFO - Val:   loss 2.7255 acc1 31.45%
2026-05-20 09:52:46 - __main__ - INFO - saved best: 31.45%
2026-05-20 09:52:46 - __main__ - INFO - 
Epoch 24/100 | lr 0.009141
2026-05-20 09:52:54 - __main__ - INFO - Train: loss 2.6342 acc1 31.99%
2026-05-20 09:52:54 - __main__ - INFO - Val:   loss 2.7135 acc1 31.11%
2026-05-20 09:52:54 - __main__ - INFO - 
Epoch 25/100 | lr 0.009046
2026-05-20 09:53:02 - __main__ - INFO - Train: loss 2.6225 acc1 32.20%
2026-05-20 09:53:02 - __main__ - INFO - Val:   loss 2.6841 acc1 32.45%
2026-05-20 09:53:02 - __main__ - INFO - saved best: 32.45%
2026-05-20 09:53:02 - __main__ - INFO - 
Epoch 26/100 | lr 0.008947
2026-05-20 09:53:11 - __main__ - INFO - Train: loss 2.5828 acc1 33.12%
2026-05-20 09:53:11 - __main__ - INFO - Val:   loss 2.6848 acc1 32.22%
2026-05-20 09:53:11 - __main__ - INFO - 
Epoch 27/100 | lr 0.008843
2026-05-20 09:53:19 - __main__ - INFO - Train: loss 2.5539 acc1 33.64%
2026-05-20 09:53:19 - __main__ - INFO - Val:   loss 2.6627 acc1 32.66%
2026-05-20 09:53:19 - __main__ - INFO - saved best: 32.66%
2026-05-20 09:53:19 - __main__ - INFO - 
Epoch 28/100 | lr 0.008735
2026-05-20 09:53:27 - __main__ - INFO - Train: loss 2.5230 acc1 34.29%
2026-05-20 09:53:27 - __main__ - INFO - Val:   loss 2.6677 acc1 32.87%
2026-05-20 09:53:27 - __main__ - INFO - saved best: 32.87%
2026-05-20 09:53:27 - __main__ - INFO - 
Epoch 29/100 | lr 0.008624
2026-05-20 09:53:36 - __main__ - INFO - Train: loss 2.4915 acc1 34.93%
2026-05-20 09:53:36 - __main__ - INFO - Val:   loss 2.6651 acc1 32.38%
2026-05-20 09:53:36 - __main__ - INFO - 
Epoch 30/100 | lr 0.008508
2026-05-20 09:53:44 - __main__ - INFO - Train: loss 2.4636 acc1 35.78%
2026-05-20 09:53:44 - __main__ - INFO - Val:   loss 2.6273 acc1 33.06%
2026-05-20 09:53:44 - __main__ - INFO - saved best: 33.06%
2026-05-20 09:53:44 - __main__ - INFO - 
Epoch 31/100 | lr 0.008388
2026-05-20 09:53:52 - __main__ - INFO - Train: loss 2.4363 acc1 36.09%
2026-05-20 09:53:52 - __main__ - INFO - Val:   loss 2.6015 acc1 34.49%
2026-05-20 09:53:52 - __main__ - INFO - saved best: 34.49%
2026-05-20 09:53:52 - __main__ - INFO - 
Epoch 32/100 | lr 0.008265
2026-05-20 09:54:01 - __main__ - INFO - Train: loss 2.4103 acc1 36.60%
2026-05-20 09:54:01 - __main__ - INFO - Val:   loss 2.5813 acc1 34.62%
2026-05-20 09:54:01 - __main__ - INFO - saved best: 34.62%
2026-05-20 09:54:01 - __main__ - INFO - 
Epoch 33/100 | lr 0.008138
2026-05-20 09:54:10 - __main__ - INFO - Train: loss 2.3819 acc1 37.51%
2026-05-20 09:54:10 - __main__ - INFO - Val:   loss 2.5115 acc1 35.82%
2026-05-20 09:54:10 - __main__ - INFO - saved best: 35.82%
2026-05-20 09:54:10 - __main__ - INFO - 
Epoch 34/100 | lr 0.008007
2026-05-20 09:54:18 - __main__ - INFO - Train: loss 2.3603 acc1 37.43%
2026-05-20 09:54:18 - __main__ - INFO - Val:   loss 2.5068 acc1 36.53%
2026-05-20 09:54:18 - __main__ - INFO - saved best: 36.53%
2026-05-20 09:54:18 - __main__ - INFO - 
Epoch 35/100 | lr 0.007874
2026-05-20 09:54:26 - __main__ - INFO - Train: loss 2.3329 acc1 38.47%
2026-05-20 09:54:26 - __main__ - INFO - Val:   loss 2.5422 acc1 35.09%
2026-05-20 09:54:26 - __main__ - INFO - 
Epoch 36/100 | lr 0.007737
2026-05-20 09:54:35 - __main__ - INFO - Train: loss 2.3142 acc1 38.63%
2026-05-20 09:54:35 - __main__ - INFO - Val:   loss 2.5267 acc1 35.03%
2026-05-20 09:54:35 - __main__ - INFO - 
Epoch 37/100 | lr 0.007597
2026-05-20 09:54:43 - __main__ - INFO - Train: loss 2.2786 acc1 39.37%
2026-05-20 09:54:43 - __main__ - INFO - Val:   loss 2.5321 acc1 36.37%
2026-05-20 09:54:43 - __main__ - INFO - 
Epoch 38/100 | lr 0.007455
2026-05-20 09:54:51 - __main__ - INFO - Train: loss 2.2534 acc1 40.11%
2026-05-20 09:54:51 - __main__ - INFO - Val:   loss 2.4946 acc1 36.31%
2026-05-20 09:54:51 - __main__ - INFO - 
Epoch 39/100 | lr 0.007309
2026-05-20 09:54:59 - __main__ - INFO - Train: loss 2.2249 acc1 40.64%
2026-05-20 09:54:59 - __main__ - INFO - Val:   loss 2.4977 acc1 36.53%
2026-05-20 09:54:59 - __main__ - INFO - 
Epoch 40/100 | lr 0.007162
2026-05-20 09:55:08 - __main__ - INFO - Train: loss 2.2006 acc1 41.25%
2026-05-20 09:55:08 - __main__ - INFO - Val:   loss 2.4724 acc1 37.45%
2026-05-20 09:55:08 - __main__ - INFO - saved best: 37.45%
2026-05-20 09:55:08 - __main__ - INFO - 
Epoch 41/100 | lr 0.007011
2026-05-20 09:55:16 - __main__ - INFO - Train: loss 2.1810 acc1 41.49%
2026-05-20 09:55:16 - __main__ - INFO - Val:   loss 2.4588 acc1 38.15%
2026-05-20 09:55:16 - __main__ - INFO - saved best: 38.15%
2026-05-20 09:55:16 - __main__ - INFO - 
Epoch 42/100 | lr 0.006859
2026-05-20 09:55:26 - __main__ - INFO - Train: loss 2.1577 acc1 41.83%
2026-05-20 09:55:26 - __main__ - INFO - Val:   loss 2.4315 acc1 38.44%
2026-05-20 09:55:26 - __main__ - INFO - saved best: 38.44%
2026-05-20 09:55:26 - __main__ - INFO - 
Epoch 43/100 | lr 0.006705
2026-05-20 09:55:34 - __main__ - INFO - Train: loss 2.1360 acc1 42.65%
2026-05-20 09:55:34 - __main__ - INFO - Val:   loss 2.4684 acc1 37.79%
2026-05-20 09:55:34 - __main__ - INFO - 
Epoch 44/100 | lr 0.006549
2026-05-20 09:55:43 - __main__ - INFO - Train: loss 2.1072 acc1 43.38%
2026-05-20 09:55:43 - __main__ - INFO - Val:   loss 2.4555 acc1 38.15%
2026-05-20 09:55:43 - __main__ - INFO - 
Epoch 45/100 | lr 0.006391
2026-05-20 09:55:51 - __main__ - INFO - Train: loss 2.0872 acc1 43.97%
2026-05-20 09:55:51 - __main__ - INFO - Val:   loss 2.4806 acc1 37.42%
2026-05-20 09:55:51 - __main__ - INFO - 
Epoch 46/100 | lr 0.006231
2026-05-20 09:55:59 - __main__ - INFO - Train: loss 2.0587 acc1 44.11%
2026-05-20 09:55:59 - __main__ - INFO - Val:   loss 2.4465 acc1 38.41%
2026-05-20 09:55:59 - __main__ - INFO - 
Epoch 47/100 | lr 0.006070
2026-05-20 09:56:07 - __main__ - INFO - Train: loss 2.0378 acc1 44.72%
2026-05-20 09:56:07 - __main__ - INFO - Val:   loss 2.4388 acc1 37.96%
2026-05-20 09:56:07 - __main__ - INFO - 
Epoch 48/100 | lr 0.005908
2026-05-20 09:56:15 - __main__ - INFO - Train: loss 2.0160 acc1 45.02%
2026-05-20 09:56:15 - __main__ - INFO - Val:   loss 2.4573 acc1 38.73%
2026-05-20 09:56:15 - __main__ - INFO - saved best: 38.73%
2026-05-20 09:56:15 - __main__ - INFO - 
Epoch 49/100 | lr 0.005746
2026-05-20 09:56:23 - __main__ - INFO - Train: loss 1.9951 acc1 45.79%
2026-05-20 09:56:23 - __main__ - INFO - Val:   loss 2.4362 acc1 39.14%
2026-05-20 09:56:23 - __main__ - INFO - saved best: 39.14%
2026-05-20 09:56:23 - __main__ - INFO - 
Epoch 50/100 | lr 0.005582
2026-05-20 09:56:32 - __main__ - INFO - Train: loss 1.9638 acc1 46.27%
2026-05-20 09:56:32 - __main__ - INFO - Val:   loss 2.4245 acc1 39.02%
2026-05-20 09:56:32 - __main__ - INFO - 
Epoch 51/100 | lr 0.005417
2026-05-20 09:56:41 - __main__ - INFO - Train: loss 1.9474 acc1 46.55%
2026-05-20 09:56:41 - __main__ - INFO - Val:   loss 2.4336 acc1 37.87%
2026-05-20 09:56:41 - __main__ - INFO - 
Epoch 52/100 | lr 0.005253
2026-05-20 09:56:49 - __main__ - INFO - Train: loss 1.9257 acc1 47.33%
2026-05-20 09:56:49 - __main__ - INFO - Val:   loss 2.4480 acc1 38.87%
2026-05-20 09:56:49 - __main__ - INFO - 
Epoch 53/100 | lr 0.005088
2026-05-20 09:56:57 - __main__ - INFO - Train: loss 1.9021 acc1 47.89%
2026-05-20 09:56:57 - __main__ - INFO - Val:   loss 2.4015 acc1 38.80%
2026-05-20 09:56:57 - __main__ - INFO - 
Epoch 54/100 | lr 0.004922
2026-05-20 09:57:06 - __main__ - INFO - Train: loss 1.8813 acc1 48.23%
2026-05-20 09:57:06 - __main__ - INFO - Val:   loss 2.4184 acc1 39.92%
2026-05-20 09:57:06 - __main__ - INFO - saved best: 39.92%
2026-05-20 09:57:06 - __main__ - INFO - 
Epoch 55/100 | lr 0.004757
2026-05-20 09:57:15 - __main__ - INFO - Train: loss 1.8613 acc1 48.60%
2026-05-20 09:57:15 - __main__ - INFO - Val:   loss 2.3784 acc1 40.62%
2026-05-20 09:57:15 - __main__ - INFO - saved best: 40.62%
2026-05-20 09:57:15 - __main__ - INFO - 
Epoch 56/100 | lr 0.004593
2026-05-20 09:57:24 - __main__ - INFO - Train: loss 1.8345 acc1 49.08%
2026-05-20 09:57:24 - __main__ - INFO - Val:   loss 2.4098 acc1 40.02%
2026-05-20 09:57:24 - __main__ - INFO - 
Epoch 57/100 | lr 0.004428
2026-05-20 09:57:32 - __main__ - INFO - Train: loss 1.8220 acc1 49.57%
2026-05-20 09:57:32 - __main__ - INFO - Val:   loss 2.3850 acc1 40.57%
2026-05-20 09:57:32 - __main__ - INFO - 
Epoch 58/100 | lr 0.004264
2026-05-20 09:57:41 - __main__ - INFO - Train: loss 1.7930 acc1 50.56%
2026-05-20 09:57:41 - __main__ - INFO - Val:   loss 2.4032 acc1 40.07%
2026-05-20 09:57:41 - __main__ - INFO - 
Epoch 59/100 | lr 0.004102
2026-05-20 09:57:49 - __main__ - INFO - Train: loss 1.7755 acc1 50.49%
2026-05-20 09:57:49 - __main__ - INFO - Val:   loss 2.3903 acc1 40.97%
2026-05-20 09:57:49 - __main__ - INFO - saved best: 40.97%
2026-05-20 09:57:49 - __main__ - INFO - 
Epoch 60/100 | lr 0.003940
2026-05-20 09:57:57 - __main__ - INFO - Train: loss 1.7507 acc1 51.18%
2026-05-20 09:57:57 - __main__ - INFO - Val:   loss 2.4054 acc1 40.32%
2026-05-20 09:57:57 - __main__ - INFO - 
Epoch 61/100 | lr 0.003779
2026-05-20 09:58:06 - __main__ - INFO - Train: loss 1.7365 acc1 51.30%
2026-05-20 09:58:06 - __main__ - INFO - Val:   loss 2.3919 acc1 41.00%
2026-05-20 09:58:06 - __main__ - INFO - saved best: 41.00%
2026-05-20 09:58:06 - __main__ - INFO - 
Epoch 62/100 | lr 0.003619
2026-05-20 09:58:15 - __main__ - INFO - Train: loss 1.7118 acc1 52.33%
2026-05-20 09:58:15 - __main__ - INFO - Val:   loss 2.3846 acc1 40.91%
2026-05-20 09:58:15 - __main__ - INFO - 
Epoch 63/100 | lr 0.003461
2026-05-20 09:58:23 - __main__ - INFO - Train: loss 1.6992 acc1 52.41%
2026-05-20 09:58:23 - __main__ - INFO - Val:   loss 2.3862 acc1 40.93%
2026-05-20 09:58:23 - __main__ - INFO - 
Epoch 64/100 | lr 0.003305
2026-05-20 09:58:31 - __main__ - INFO - Train: loss 1.6747 acc1 53.09%
2026-05-20 09:58:31 - __main__ - INFO - Val:   loss 2.4190 acc1 40.69%
2026-05-20 09:58:31 - __main__ - INFO - 
Epoch 65/100 | lr 0.003151
2026-05-20 09:58:39 - __main__ - INFO - Train: loss 1.6601 acc1 53.46%
2026-05-20 09:58:39 - __main__ - INFO - Val:   loss 2.4207 acc1 40.89%
2026-05-20 09:58:39 - __main__ - INFO - 
Epoch 66/100 | lr 0.002999
2026-05-20 09:58:47 - __main__ - INFO - Train: loss 1.6446 acc1 54.01%
2026-05-20 09:58:47 - __main__ - INFO - Val:   loss 2.4367 acc1 40.42%
2026-05-20 09:58:47 - __main__ - INFO - 
Epoch 67/100 | lr 0.002848
2026-05-20 09:58:55 - __main__ - INFO - Train: loss 1.6269 acc1 54.34%
2026-05-20 09:58:55 - __main__ - INFO - Val:   loss 2.4148 acc1 41.09%
2026-05-20 09:58:55 - __main__ - INFO - saved best: 41.09%
2026-05-20 09:58:55 - __main__ - INFO - 
Epoch 68/100 | lr 0.002701
2026-05-20 09:59:04 - __main__ - INFO - Train: loss 1.6008 acc1 55.05%
2026-05-20 09:59:04 - __main__ - INFO - Val:   loss 2.4104 acc1 41.71%
2026-05-20 09:59:04 - __main__ - INFO - saved best: 41.71%
2026-05-20 09:59:04 - __main__ - INFO - 
Epoch 69/100 | lr 0.002555
2026-05-20 09:59:12 - __main__ - INFO - Train: loss 1.5869 acc1 55.26%
2026-05-20 09:59:12 - __main__ - INFO - Val:   loss 2.4144 acc1 41.65%
2026-05-20 09:59:12 - __main__ - INFO - 
Epoch 70/100 | lr 0.002413
2026-05-20 09:59:20 - __main__ - INFO - Train: loss 1.5675 acc1 55.57%
2026-05-20 09:59:20 - __main__ - INFO - Val:   loss 2.4512 acc1 40.95%
2026-05-20 09:59:20 - __main__ - INFO - 
Epoch 71/100 | lr 0.002273
2026-05-20 09:59:28 - __main__ - INFO - Train: loss 1.5500 acc1 56.05%
2026-05-20 09:59:28 - __main__ - INFO - Val:   loss 2.4498 acc1 40.81%
2026-05-20 09:59:28 - __main__ - INFO - 
Epoch 72/100 | lr 0.002136
2026-05-20 09:59:36 - __main__ - INFO - Train: loss 1.5316 acc1 56.38%
2026-05-20 09:59:36 - __main__ - INFO - Val:   loss 2.4663 acc1 41.12%
2026-05-20 09:59:36 - __main__ - INFO - 
Epoch 73/100 | lr 0.002003
2026-05-20 09:59:45 - __main__ - INFO - Train: loss 1.5113 acc1 57.25%
2026-05-20 09:59:45 - __main__ - INFO - Val:   loss 2.4617 acc1 41.66%
2026-05-20 09:59:45 - __main__ - INFO - 
Epoch 74/100 | lr 0.001872
2026-05-20 09:59:53 - __main__ - INFO - Train: loss 1.4974 acc1 57.39%
2026-05-20 09:59:53 - __main__ - INFO - Val:   loss 2.4751 acc1 41.25%
2026-05-20 09:59:53 - __main__ - INFO - 
Epoch 75/100 | lr 0.001745
2026-05-20 10:00:01 - __main__ - INFO - Train: loss 1.4766 acc1 58.02%
2026-05-20 10:00:01 - __main__ - INFO - Val:   loss 2.4597 acc1 41.35%
2026-05-20 10:00:01 - __main__ - INFO - 
Epoch 76/100 | lr 0.001622
2026-05-20 10:00:09 - __main__ - INFO - Train: loss 1.4572 acc1 58.68%
2026-05-20 10:00:09 - __main__ - INFO - Val:   loss 2.4514 acc1 41.38%
2026-05-20 10:00:09 - __main__ - INFO - 
Epoch 77/100 | lr 0.001502
2026-05-20 10:00:17 - __main__ - INFO - Train: loss 1.4544 acc1 58.68%
2026-05-20 10:00:17 - __main__ - INFO - Val:   loss 2.4650 acc1 41.67%
2026-05-20 10:00:17 - __main__ - INFO - 
Epoch 78/100 | lr 0.001386
2026-05-20 10:00:26 - __main__ - INFO - Train: loss 1.4304 acc1 59.46%
2026-05-20 10:00:26 - __main__ - INFO - Val:   loss 2.4663 acc1 41.30%
2026-05-20 10:00:26 - __main__ - INFO - 
Epoch 79/100 | lr 0.001275
2026-05-20 10:00:34 - __main__ - INFO - Train: loss 1.4153 acc1 59.39%
2026-05-20 10:00:34 - __main__ - INFO - Val:   loss 2.4923 acc1 41.87%
2026-05-20 10:00:34 - __main__ - INFO - saved best: 41.87%
2026-05-20 10:00:34 - __main__ - INFO - 
Epoch 80/100 | lr 0.001167
2026-05-20 10:00:42 - __main__ - INFO - Train: loss 1.4180 acc1 59.65%
2026-05-20 10:00:42 - __main__ - INFO - Val:   loss 2.5039 acc1 40.99%
2026-05-20 10:00:42 - __main__ - INFO - 
Epoch 81/100 | lr 0.001063
2026-05-20 10:00:51 - __main__ - INFO - Train: loss 1.3978 acc1 60.13%
2026-05-20 10:00:51 - __main__ - INFO - Val:   loss 2.4817 acc1 41.72%
2026-05-20 10:00:51 - __main__ - INFO - 
Epoch 82/100 | lr 0.000964
2026-05-20 10:01:01 - __main__ - INFO - Train: loss 1.3841 acc1 60.46%
2026-05-20 10:01:01 - __main__ - INFO - Val:   loss 2.5198 acc1 41.71%
2026-05-20 10:01:01 - __main__ - INFO - 
Epoch 83/100 | lr 0.000869
2026-05-20 10:01:10 - __main__ - INFO - Train: loss 1.3689 acc1 60.83%
2026-05-20 10:01:10 - __main__ - INFO - Val:   loss 2.5012 acc1 41.71%
2026-05-20 10:01:10 - __main__ - INFO - 
Epoch 84/100 | lr 0.000779
2026-05-20 10:01:19 - __main__ - INFO - Train: loss 1.3565 acc1 60.93%
2026-05-20 10:01:19 - __main__ - INFO - Val:   loss 2.5164 acc1 41.13%
2026-05-20 10:01:19 - __main__ - INFO - 
Epoch 85/100 | lr 0.000693
2026-05-20 10:01:27 - __main__ - INFO - Train: loss 1.3543 acc1 60.86%
2026-05-20 10:01:27 - __main__ - INFO - Val:   loss 2.5009 acc1 41.22%
2026-05-20 10:01:27 - __main__ - INFO - 
Epoch 86/100 | lr 0.000612
2026-05-20 10:01:36 - __main__ - INFO - Train: loss 1.3349 acc1 61.61%
2026-05-20 10:01:36 - __main__ - INFO - Val:   loss 2.5091 acc1 41.63%
2026-05-20 10:01:36 - __main__ - INFO - 
Epoch 87/100 | lr 0.000536
2026-05-20 10:01:45 - __main__ - INFO - Train: loss 1.3331 acc1 61.81%
2026-05-20 10:01:45 - __main__ - INFO - Val:   loss 2.5180 acc1 41.84%
2026-05-20 10:01:45 - __main__ - INFO - 
Epoch 88/100 | lr 0.000465
2026-05-20 10:01:53 - __main__ - INFO - Train: loss 1.3171 acc1 62.03%
2026-05-20 10:01:53 - __main__ - INFO - Val:   loss 2.5191 acc1 41.88%
2026-05-20 10:01:53 - __main__ - INFO - saved best: 41.88%
2026-05-20 10:01:53 - __main__ - INFO - 
Epoch 89/100 | lr 0.000398
2026-05-20 10:02:02 - __main__ - INFO - Train: loss 1.3184 acc1 62.04%
2026-05-20 10:02:02 - __main__ - INFO - Val:   loss 2.5195 acc1 41.58%
2026-05-20 10:02:02 - __main__ - INFO - 
Epoch 90/100 | lr 0.000337
2026-05-20 10:02:11 - __main__ - INFO - Train: loss 1.3086 acc1 62.25%
2026-05-20 10:02:11 - __main__ - INFO - Val:   loss 2.5286 acc1 41.75%
2026-05-20 10:02:11 - __main__ - INFO - 
Epoch 91/100 | lr 0.000281
2026-05-20 10:02:19 - __main__ - INFO - Train: loss 1.2948 acc1 62.60%
2026-05-20 10:02:19 - __main__ - INFO - Val:   loss 2.5276 acc1 41.58%
2026-05-20 10:02:19 - __main__ - INFO - 
Epoch 92/100 | lr 0.000230
2026-05-20 10:02:27 - __main__ - INFO - Train: loss 1.2890 acc1 62.93%
2026-05-20 10:02:27 - __main__ - INFO - Val:   loss 2.5216 acc1 41.52%
2026-05-20 10:02:27 - __main__ - INFO - 
Epoch 93/100 | lr 0.000184
2026-05-20 10:02:36 - __main__ - INFO - Train: loss 1.2787 acc1 62.73%
2026-05-20 10:02:36 - __main__ - INFO - Val:   loss 2.5210 acc1 41.77%
2026-05-20 10:02:36 - __main__ - INFO - 
Epoch 94/100 | lr 0.000143
2026-05-20 10:02:44 - __main__ - INFO - Train: loss 1.2844 acc1 63.02%
2026-05-20 10:02:44 - __main__ - INFO - Val:   loss 2.5208 acc1 41.71%
2026-05-20 10:02:44 - __main__ - INFO - 
Epoch 95/100 | lr 0.000108
2026-05-20 10:02:52 - __main__ - INFO - Train: loss 1.2866 acc1 63.00%
2026-05-20 10:02:52 - __main__ - INFO - Val:   loss 2.5327 acc1 41.49%
2026-05-20 10:02:52 - __main__ - INFO - 
Epoch 96/100 | lr 0.000078
2026-05-20 10:03:02 - __main__ - INFO - Train: loss 1.2774 acc1 63.21%
2026-05-20 10:03:02 - __main__ - INFO - Val:   loss 2.5307 acc1 41.68%
2026-05-20 10:03:02 - __main__ - INFO - 
Epoch 97/100 | lr 0.000054
2026-05-20 10:03:10 - __main__ - INFO - Train: loss 1.2757 acc1 63.14%
2026-05-20 10:03:10 - __main__ - INFO - Val:   loss 2.5303 acc1 41.55%
2026-05-20 10:03:10 - __main__ - INFO - 
Epoch 98/100 | lr 0.000035
2026-05-20 10:03:18 - __main__ - INFO - Train: loss 1.2830 acc1 63.07%
2026-05-20 10:03:18 - __main__ - INFO - Val:   loss 2.5320 acc1 41.49%
2026-05-20 10:03:18 - __main__ - INFO - 
Epoch 99/100 | lr 0.000021
2026-05-20 10:03:27 - __main__ - INFO - Train: loss 1.2743 acc1 63.28%
2026-05-20 10:03:27 - __main__ - INFO - Val:   loss 2.5331 acc1 41.47%
2026-05-20 10:03:27 - __main__ - INFO - 
Epoch 100/100 | lr 0.000013
2026-05-20 10:03:35 - __main__ - INFO - Train: loss 1.2699 acc1 63.55%
2026-05-20 10:03:35 - __main__ - INFO - Val:   loss 2.5301 acc1 41.62%
2026-05-20 10:03:35 - __main__ - INFO - Loaded best checkpoint weights for final test evaluation.
2026-05-20 10:03:36 - __main__ - INFO - 
Best tracked (val): 41.88%
2026-05-20 10:03:36 - __main__ - INFO - Final test: loss 2.6018 acc1 40.93%
2026-05-20 10:03:37 - __main__ - INFO -   Final training settings for output mobilenet_v3_small [low_saliency]: batch_size=128, amp=False
2026-05-20 10:03:40 - __main__ - INFO - Variant [low_saliency] done — test acc 40.93%, test loss 2.6018
2026-05-20 10:03:40 - __main__ - INFO - Saved validation comparison plot: runs/cifar100_2026_05/20/output_models/mobilenet_v3_small/validation_comparison_plot.png
2026-05-20 10:03:40 - __main__ - INFO - 
Starting output model sweep: convnext_tiny
2026-05-20 10:03:40 - __main__ - INFO - 
============================================================
2026-05-20 10:03:40 - __main__ - INFO - Training output model: convnext_tiny [original]
2026-05-20 10:03:40 - __main__ - INFO -   Resolved config → opt=adamw, lr=0.001, wd=0.05, bs=128, epochs=100, scheduler=cosine, warmup=10
2026-05-20 10:03:40 - __main__ - INFO - ============================================================
2026-05-20 10:03:40 - __main__ - INFO -   Validation during training uses variant split with val_split=0.1
2026-05-20 10:03:40 - __main__ - INFO -   Final test uses original test split
2026-05-20 10:03:40 - __main__ - INFO -   Retry policy: training output convnext_tiny [original] with batch_size=128, amp=False
2026-05-20 10:03:41 - __main__ - INFO - device: cuda | cuda: True | gpu: NVIDIA L4
2026-05-20 10:03:41 - __main__ - INFO - Model: convnext_tiny | Dataset: cifar100 | Classes: 100 | Optimizer: adamw
2026-05-20 10:03:41 - __main__ - INFO - 
Epoch 1/100 | lr 0.000001
2026-05-20 10:04:04 - __main__ - INFO - Train: loss 4.7115 acc1 1.25%
2026-05-20 10:04:04 - __main__ - INFO - Val:   loss 4.6396 acc1 2.00%
2026-05-20 10:04:04 - __main__ - INFO - saved best: 2.00%
2026-05-20 10:04:04 - __main__ - INFO - 
Epoch 2/100 | lr 0.000101
2026-05-20 10:04:17 - __main__ - INFO - Train: loss 4.1488 acc1 9.46%
2026-05-20 10:04:17 - __main__ - INFO - Val:   loss 3.9255 acc1 13.60%
2026-05-20 10:04:17 - __main__ - INFO - saved best: 13.60%
2026-05-20 10:04:17 - __main__ - INFO - 
Epoch 3/100 | lr 0.000201
2026-05-20 10:04:30 - __main__ - INFO - Train: loss 3.9147 acc1 13.07%
2026-05-20 10:04:30 - __main__ - INFO - Val:   loss 3.7034 acc1 17.00%
2026-05-20 10:04:30 - __main__ - INFO - saved best: 17.00%
2026-05-20 10:04:30 - __main__ - INFO - 
Epoch 4/100 | lr 0.000301
2026-05-20 10:04:42 - __main__ - INFO - Train: loss 3.7202 acc1 16.72%
2026-05-20 10:04:42 - __main__ - INFO - Val:   loss 3.5920 acc1 19.45%
2026-05-20 10:04:42 - __main__ - INFO - saved best: 19.45%
2026-05-20 10:04:42 - __main__ - INFO - 
Epoch 5/100 | lr 0.000401
2026-05-20 10:04:56 - __main__ - INFO - Train: loss 3.5842 acc1 19.58%
2026-05-20 10:04:56 - __main__ - INFO - Val:   loss 3.4984 acc1 22.64%
2026-05-20 10:04:56 - __main__ - INFO - saved best: 22.64%
2026-05-20 10:04:56 - __main__ - INFO - 
Epoch 6/100 | lr 0.000501
2026-05-20 10:05:08 - __main__ - INFO - Train: loss 3.4807 acc1 21.95%
2026-05-20 10:05:08 - __main__ - INFO - Val:   loss 3.3545 acc1 24.03%
2026-05-20 10:05:08 - __main__ - INFO - saved best: 24.03%
2026-05-20 10:05:08 - __main__ - INFO - 
Epoch 7/100 | lr 0.000600
2026-05-20 10:05:21 - __main__ - INFO - Train: loss 3.3823 acc1 24.16%
2026-05-20 10:05:21 - __main__ - INFO - Val:   loss 3.2923 acc1 26.58%
2026-05-20 10:05:21 - __main__ - INFO - saved best: 26.58%
2026-05-20 10:05:21 - __main__ - INFO - 
Epoch 8/100 | lr 0.000700
2026-05-20 10:05:33 - __main__ - INFO - Train: loss 3.3036 acc1 25.91%
2026-05-20 10:05:33 - __main__ - INFO - Val:   loss 3.2480 acc1 27.89%
2026-05-20 10:05:33 - __main__ - INFO - saved best: 27.89%
2026-05-20 10:05:33 - __main__ - INFO - 
Epoch 9/100 | lr 0.000800
2026-05-20 10:05:46 - __main__ - INFO - Train: loss 3.2147 acc1 28.15%
2026-05-20 10:05:46 - __main__ - INFO - Val:   loss 3.1716 acc1 29.14%
2026-05-20 10:05:46 - __main__ - INFO - saved best: 29.14%
2026-05-20 10:05:46 - __main__ - INFO - 
Epoch 10/100 | lr 0.000900
2026-05-20 10:05:58 - __main__ - INFO - Train: loss 3.1508 acc1 29.59%
2026-05-20 10:05:58 - __main__ - INFO - Val:   loss 3.1177 acc1 30.04%
2026-05-20 10:05:58 - __main__ - INFO - saved best: 30.04%
2026-05-20 10:05:58 - __main__ - INFO - 
Epoch 11/100 | lr 0.001000
2026-05-20 10:06:11 - __main__ - INFO - Train: loss 3.0789 acc1 31.04%
2026-05-20 10:06:11 - __main__ - INFO - Val:   loss 3.0908 acc1 31.25%
2026-05-20 10:06:11 - __main__ - INFO - saved best: 31.25%
2026-05-20 10:06:11 - __main__ - INFO - 
Epoch 12/100 | lr 0.001000
2026-05-20 10:06:24 - __main__ - INFO - Train: loss 2.9744 acc1 33.70%
2026-05-20 10:06:24 - __main__ - INFO - Val:   loss 3.0526 acc1 32.13%
2026-05-20 10:06:24 - __main__ - INFO - saved best: 32.13%
2026-05-20 10:06:24 - __main__ - INFO - 
Epoch 13/100 | lr 0.000999
2026-05-20 10:06:37 - __main__ - INFO - Train: loss 2.8751 acc1 36.23%
2026-05-20 10:06:37 - __main__ - INFO - Val:   loss 3.0191 acc1 33.69%
2026-05-20 10:06:37 - __main__ - INFO - saved best: 33.69%
2026-05-20 10:06:37 - __main__ - INFO - 
Epoch 14/100 | lr 0.000997
2026-05-20 10:06:49 - __main__ - INFO - Train: loss 2.7777 acc1 38.71%
2026-05-20 10:06:49 - __main__ - INFO - Val:   loss 2.9380 acc1 35.44%
2026-05-20 10:06:49 - __main__ - INFO - saved best: 35.44%
2026-05-20 10:06:49 - __main__ - INFO - 
Epoch 15/100 | lr 0.000995
2026-05-20 10:07:02 - __main__ - INFO - Train: loss 2.6841 acc1 41.32%
2026-05-20 10:07:02 - __main__ - INFO - Val:   loss 2.8892 acc1 37.30%
2026-05-20 10:07:02 - __main__ - INFO - saved best: 37.30%
2026-05-20 10:07:02 - __main__ - INFO - 
Epoch 16/100 | lr 0.000992
2026-05-20 10:07:14 - __main__ - INFO - Train: loss 2.5849 acc1 43.93%
2026-05-20 10:07:14 - __main__ - INFO - Val:   loss 2.8306 acc1 38.32%
2026-05-20 10:07:14 - __main__ - INFO - saved best: 38.32%
2026-05-20 10:07:14 - __main__ - INFO - 
Epoch 17/100 | lr 0.000989
2026-05-20 10:07:27 - __main__ - INFO - Train: loss 2.4796 acc1 46.78%
2026-05-20 10:07:27 - __main__ - INFO - Val:   loss 2.8571 acc1 37.35%
2026-05-20 10:07:27 - __main__ - INFO - 
Epoch 18/100 | lr 0.000985
2026-05-20 10:07:40 - __main__ - INFO - Train: loss 2.3906 acc1 49.16%
2026-05-20 10:07:40 - __main__ - INFO - Val:   loss 2.8291 acc1 39.01%
2026-05-20 10:07:40 - __main__ - INFO - saved best: 39.01%
2026-05-20 10:07:40 - __main__ - INFO - 
Epoch 19/100 | lr 0.000981
2026-05-20 10:07:53 - __main__ - INFO - Train: loss 2.2644 acc1 53.05%
2026-05-20 10:07:53 - __main__ - INFO - Val:   loss 2.8685 acc1 39.58%
2026-05-20 10:07:53 - __main__ - INFO - saved best: 39.58%
2026-05-20 10:07:53 - __main__ - INFO - 
Epoch 20/100 | lr 0.000976
2026-05-20 10:08:05 - __main__ - INFO - Train: loss 2.1459 acc1 56.62%
2026-05-20 10:08:05 - __main__ - INFO - Val:   loss 2.8384 acc1 40.71%
2026-05-20 10:08:05 - __main__ - INFO - saved best: 40.71%
2026-05-20 10:08:05 - __main__ - INFO - 
Epoch 21/100 | lr 0.000970
2026-05-20 10:08:18 - __main__ - INFO - Train: loss 2.0083 acc1 60.55%
2026-05-20 10:08:18 - __main__ - INFO - Val:   loss 2.9279 acc1 39.59%
2026-05-20 10:08:18 - __main__ - INFO - 
Epoch 22/100 | lr 0.000964
2026-05-20 10:08:31 - __main__ - INFO - Train: loss 1.8879 acc1 64.63%
2026-05-20 10:08:31 - __main__ - INFO - Val:   loss 2.9498 acc1 40.33%
2026-05-20 10:08:31 - __main__ - INFO - 
Epoch 23/100 | lr 0.000957
2026-05-20 10:08:43 - __main__ - INFO - Train: loss 1.7494 acc1 69.15%
2026-05-20 10:08:43 - __main__ - INFO - Val:   loss 3.0061 acc1 41.40%
2026-05-20 10:08:43 - __main__ - INFO - saved best: 41.40%
2026-05-20 10:08:43 - __main__ - INFO - 
Epoch 24/100 | lr 0.000949
2026-05-20 10:08:56 - __main__ - INFO - Train: loss 1.6308 acc1 73.15%
2026-05-20 10:08:56 - __main__ - INFO - Val:   loss 3.0188 acc1 41.13%
2026-05-20 10:08:56 - __main__ - INFO - 
Epoch 25/100 | lr 0.000942
2026-05-20 10:09:08 - __main__ - INFO - Train: loss 1.5224 acc1 76.94%
2026-05-20 10:09:08 - __main__ - INFO - Val:   loss 3.0289 acc1 41.61%
2026-05-20 10:09:08 - __main__ - INFO - saved best: 41.61%
2026-05-20 10:09:08 - __main__ - INFO - 
Epoch 26/100 | lr 0.000933
2026-05-20 10:09:21 - __main__ - INFO - Train: loss 1.4239 acc1 80.58%
2026-05-20 10:09:21 - __main__ - INFO - Val:   loss 3.0873 acc1 41.11%
2026-05-20 10:09:21 - __main__ - INFO - 
Epoch 27/100 | lr 0.000924
2026-05-20 10:09:33 - __main__ - INFO - Train: loss 1.3309 acc1 84.30%
2026-05-20 10:09:33 - __main__ - INFO - Val:   loss 3.1191 acc1 41.36%
2026-05-20 10:09:33 - __main__ - INFO - 
Epoch 28/100 | lr 0.000915
2026-05-20 10:09:46 - __main__ - INFO - Train: loss 1.2619 acc1 86.62%
2026-05-20 10:09:46 - __main__ - INFO - Val:   loss 3.0883 acc1 41.61%
2026-05-20 10:09:46 - __main__ - INFO - 
Epoch 29/100 | lr 0.000905
2026-05-20 10:09:58 - __main__ - INFO - Train: loss 1.2190 acc1 87.96%
2026-05-20 10:09:58 - __main__ - INFO - Val:   loss 3.1192 acc1 41.69%
2026-05-20 10:09:58 - __main__ - INFO - saved best: 41.69%
2026-05-20 10:09:58 - __main__ - INFO - 
Epoch 30/100 | lr 0.000894
2026-05-20 10:10:11 - __main__ - INFO - Train: loss 1.1678 acc1 89.92%
2026-05-20 10:10:11 - __main__ - INFO - Val:   loss 3.0989 acc1 41.94%
2026-05-20 10:10:11 - __main__ - INFO - saved best: 41.94%
2026-05-20 10:10:11 - __main__ - INFO - 
Epoch 31/100 | lr 0.000883
2026-05-20 10:10:23 - __main__ - INFO - Train: loss 1.1355 acc1 90.85%
2026-05-20 10:10:23 - __main__ - INFO - Val:   loss 3.1658 acc1 40.96%
2026-05-20 10:10:23 - __main__ - INFO - 
Epoch 32/100 | lr 0.000872
2026-05-20 10:10:36 - __main__ - INFO - Train: loss 1.1102 acc1 91.61%
2026-05-20 10:10:36 - __main__ - INFO - Val:   loss 3.1237 acc1 42.16%
2026-05-20 10:10:36 - __main__ - INFO - saved best: 42.16%
2026-05-20 10:10:36 - __main__ - INFO - 
Epoch 33/100 | lr 0.000860
2026-05-20 10:10:48 - __main__ - INFO - Train: loss 1.0906 acc1 92.18%
2026-05-20 10:10:48 - __main__ - INFO - Val:   loss 3.1282 acc1 41.42%
2026-05-20 10:10:48 - __main__ - INFO - 
Epoch 34/100 | lr 0.000847
2026-05-20 10:11:01 - __main__ - INFO - Train: loss 1.0854 acc1 92.09%
2026-05-20 10:11:01 - __main__ - INFO - Val:   loss 3.1171 acc1 41.35%
2026-05-20 10:11:01 - __main__ - INFO - 
Epoch 35/100 | lr 0.000835
2026-05-20 10:11:14 - __main__ - INFO - Train: loss 1.0572 acc1 92.99%
2026-05-20 10:11:14 - __main__ - INFO - Val:   loss 3.1910 acc1 40.77%
2026-05-20 10:11:14 - __main__ - INFO - 
Epoch 36/100 | lr 0.000822
2026-05-20 10:11:27 - __main__ - INFO - Train: loss 1.0557 acc1 92.63%
2026-05-20 10:11:27 - __main__ - INFO - Val:   loss 3.1792 acc1 42.68%
2026-05-20 10:11:27 - __main__ - INFO - saved best: 42.68%
2026-05-20 10:11:27 - __main__ - INFO - 
Epoch 37/100 | lr 0.000808
2026-05-20 10:11:39 - __main__ - INFO - Train: loss 1.0316 acc1 93.38%
2026-05-20 10:11:39 - __main__ - INFO - Val:   loss 3.1887 acc1 41.58%
2026-05-20 10:11:39 - __main__ - INFO - 
Epoch 38/100 | lr 0.000794
2026-05-20 10:11:52 - __main__ - INFO - Train: loss 1.0244 acc1 93.27%
2026-05-20 10:11:52 - __main__ - INFO - Val:   loss 3.2328 acc1 42.28%
2026-05-20 10:11:52 - __main__ - INFO - 
Epoch 39/100 | lr 0.000780
2026-05-20 10:12:05 - __main__ - INFO - Train: loss 1.0198 acc1 93.26%
2026-05-20 10:12:05 - __main__ - INFO - Val:   loss 3.3221 acc1 40.10%
2026-05-20 10:12:05 - __main__ - INFO - 
Epoch 40/100 | lr 0.000765
2026-05-20 10:12:18 - __main__ - INFO - Train: loss 1.0084 acc1 93.45%
2026-05-20 10:12:18 - __main__ - INFO - Val:   loss 3.2652 acc1 41.94%
2026-05-20 10:12:18 - __main__ - INFO - 
Epoch 41/100 | lr 0.000750
2026-05-20 10:12:30 - __main__ - INFO - Train: loss 0.9827 acc1 94.29%
2026-05-20 10:12:30 - __main__ - INFO - Val:   loss 3.3466 acc1 40.93%
2026-05-20 10:12:30 - __main__ - INFO - 
Epoch 42/100 | lr 0.000735
2026-05-20 10:12:43 - __main__ - INFO - Train: loss 0.9815 acc1 94.27%
2026-05-20 10:12:43 - __main__ - INFO - Val:   loss 3.3089 acc1 40.82%
2026-05-20 10:12:43 - __main__ - INFO - 
Epoch 43/100 | lr 0.000719
2026-05-20 10:12:56 - __main__ - INFO - Train: loss 0.9673 acc1 94.58%
2026-05-20 10:12:56 - __main__ - INFO - Val:   loss 3.3394 acc1 41.89%
2026-05-20 10:12:56 - __main__ - INFO - 
Epoch 44/100 | lr 0.000704
2026-05-20 10:13:08 - __main__ - INFO - Train: loss 0.9547 acc1 94.95%
2026-05-20 10:13:08 - __main__ - INFO - Val:   loss 3.3235 acc1 41.27%
2026-05-20 10:13:08 - __main__ - INFO - 
Epoch 45/100 | lr 0.000688
2026-05-20 10:13:21 - __main__ - INFO - Train: loss 0.9561 acc1 94.85%
2026-05-20 10:13:21 - __main__ - INFO - Val:   loss 3.3180 acc1 41.48%
2026-05-20 10:13:21 - __main__ - INFO - 
Epoch 46/100 | lr 0.000671
2026-05-20 10:13:34 - __main__ - INFO - Train: loss 0.9402 acc1 95.24%
2026-05-20 10:13:34 - __main__ - INFO - Val:   loss 3.3503 acc1 41.08%
2026-05-20 10:13:34 - __main__ - INFO - 
Epoch 47/100 | lr 0.000655
2026-05-20 10:13:46 - __main__ - INFO - Train: loss 0.9356 acc1 95.51%
2026-05-20 10:13:46 - __main__ - INFO - Val:   loss 3.3285 acc1 41.74%
2026-05-20 10:13:46 - __main__ - INFO - 
Epoch 48/100 | lr 0.000638
2026-05-20 10:13:59 - __main__ - INFO - Train: loss 0.9276 acc1 95.71%
2026-05-20 10:13:59 - __main__ - INFO - Val:   loss 3.3473 acc1 41.75%
2026-05-20 10:13:59 - __main__ - INFO - 
Epoch 49/100 | lr 0.000621
2026-05-20 10:14:11 - __main__ - INFO - Train: loss 0.9173 acc1 95.98%
2026-05-20 10:14:11 - __main__ - INFO - Val:   loss 3.3906 acc1 41.23%
2026-05-20 10:14:11 - __main__ - INFO - 
Epoch 50/100 | lr 0.000604
2026-05-20 10:14:24 - __main__ - INFO - Train: loss 0.9109 acc1 96.20%
2026-05-20 10:14:24 - __main__ - INFO - Val:   loss 3.4137 acc1 40.53%
2026-05-20 10:14:24 - __main__ - INFO - 
Epoch 51/100 | lr 0.000587
2026-05-20 10:14:37 - __main__ - INFO - Train: loss 0.8980 acc1 96.68%
2026-05-20 10:14:37 - __main__ - INFO - Val:   loss 3.3878 acc1 41.81%
2026-05-20 10:14:37 - __main__ - INFO - 
Epoch 52/100 | lr 0.000570
2026-05-20 10:14:50 - __main__ - INFO - Train: loss 0.8942 acc1 96.76%
2026-05-20 10:14:50 - __main__ - INFO - Val:   loss 3.3645 acc1 41.86%
2026-05-20 10:14:50 - __main__ - INFO - 
Epoch 53/100 | lr 0.000553
2026-05-20 10:15:03 - __main__ - INFO - Train: loss 0.8963 acc1 96.56%
2026-05-20 10:15:03 - __main__ - INFO - Val:   loss 3.4020 acc1 41.58%
2026-05-20 10:15:03 - __main__ - INFO - 
Epoch 54/100 | lr 0.000535
2026-05-20 10:15:15 - __main__ - INFO - Train: loss 0.8877 acc1 96.84%
2026-05-20 10:15:15 - __main__ - INFO - Val:   loss 3.3778 acc1 41.66%
2026-05-20 10:15:15 - __main__ - INFO - 
Epoch 55/100 | lr 0.000518
2026-05-20 10:15:28 - __main__ - INFO - Train: loss 0.8765 acc1 97.30%
2026-05-20 10:15:28 - __main__ - INFO - Val:   loss 3.3905 acc1 42.08%
2026-05-20 10:15:28 - __main__ - INFO - 
Epoch 56/100 | lr 0.000500
2026-05-20 10:15:41 - __main__ - INFO - Train: loss 0.8712 acc1 97.44%
2026-05-20 10:15:41 - __main__ - INFO - Val:   loss 3.3578 acc1 42.69%
2026-05-20 10:15:41 - __main__ - INFO - saved best: 42.69%
2026-05-20 10:15:41 - __main__ - INFO - 
Epoch 57/100 | lr 0.000483
2026-05-20 10:15:54 - __main__ - INFO - Train: loss 0.8656 acc1 97.60%
2026-05-20 10:15:54 - __main__ - INFO - Val:   loss 3.3762 acc1 42.57%
2026-05-20 10:15:54 - __main__ - INFO - 
Epoch 58/100 | lr 0.000466
2026-05-20 10:16:06 - __main__ - INFO - Train: loss 0.8686 acc1 97.53%
2026-05-20 10:16:06 - __main__ - INFO - Val:   loss 3.3982 acc1 42.58%
2026-05-20 10:16:06 - __main__ - INFO - 
Epoch 59/100 | lr 0.000448
2026-05-20 10:16:20 - __main__ - INFO - Train: loss 0.8602 acc1 97.76%
2026-05-20 10:16:20 - __main__ - INFO - Val:   loss 3.4351 acc1 41.67%
2026-05-20 10:16:20 - __main__ - INFO - 
Epoch 60/100 | lr 0.000431
2026-05-20 10:16:33 - __main__ - INFO - Train: loss 0.8545 acc1 97.98%
2026-05-20 10:16:33 - __main__ - INFO - Val:   loss 3.3959 acc1 42.60%
2026-05-20 10:16:33 - __main__ - INFO - 
Epoch 61/100 | lr 0.000414
2026-05-20 10:16:46 - __main__ - INFO - Train: loss 0.8516 acc1 98.01%
2026-05-20 10:16:46 - __main__ - INFO - Val:   loss 3.4559 acc1 41.53%
2026-05-20 10:16:46 - __main__ - INFO - 
Epoch 62/100 | lr 0.000397
2026-05-20 10:16:58 - __main__ - INFO - Train: loss 0.8435 acc1 98.33%
2026-05-20 10:16:58 - __main__ - INFO - Val:   loss 3.4153 acc1 41.92%
2026-05-20 10:16:58 - __main__ - INFO - 
Epoch 63/100 | lr 0.000380
2026-05-20 10:17:11 - __main__ - INFO - Train: loss 0.8386 acc1 98.48%
2026-05-20 10:17:11 - __main__ - INFO - Val:   loss 3.4526 acc1 41.15%
2026-05-20 10:17:11 - __main__ - INFO - 
Epoch 64/100 | lr 0.000363
2026-05-20 10:17:24 - __main__ - INFO - Train: loss 0.8392 acc1 98.39%
2026-05-20 10:17:24 - __main__ - INFO - Val:   loss 3.4369 acc1 41.89%
2026-05-20 10:17:24 - __main__ - INFO - 
Epoch 65/100 | lr 0.000346
2026-05-20 10:17:36 - __main__ - INFO - Train: loss 0.8408 acc1 98.37%
2026-05-20 10:17:36 - __main__ - INFO - Val:   loss 3.4304 acc1 41.97%
2026-05-20 10:17:36 - __main__ - INFO - 
Epoch 66/100 | lr 0.000330
2026-05-20 10:17:49 - __main__ - INFO - Train: loss 0.8297 acc1 98.76%
2026-05-20 10:17:49 - __main__ - INFO - Val:   loss 3.4374 acc1 41.60%
2026-05-20 10:17:49 - __main__ - INFO - 
Epoch 67/100 | lr 0.000313
2026-05-20 10:18:02 - __main__ - INFO - Train: loss 0.8288 acc1 98.71%
2026-05-20 10:18:02 - __main__ - INFO - Val:   loss 3.4375 acc1 42.17%
2026-05-20 10:18:02 - __main__ - INFO - 
Epoch 68/100 | lr 0.000297
2026-05-20 10:18:14 - __main__ - INFO - Train: loss 0.8298 acc1 98.75%
2026-05-20 10:18:14 - __main__ - INFO - Val:   loss 3.4611 acc1 41.52%
2026-05-20 10:18:14 - __main__ - INFO - 
Epoch 69/100 | lr 0.000282
2026-05-20 10:18:27 - __main__ - INFO - Train: loss 0.8212 acc1 98.95%
2026-05-20 10:18:27 - __main__ - INFO - Val:   loss 3.4508 acc1 42.26%
2026-05-20 10:18:27 - __main__ - INFO - 
Epoch 70/100 | lr 0.000266
2026-05-20 10:18:40 - __main__ - INFO - Train: loss 0.8205 acc1 98.95%
2026-05-20 10:18:40 - __main__ - INFO - Val:   loss 3.4586 acc1 42.23%
2026-05-20 10:18:40 - __main__ - INFO - 
Epoch 71/100 | lr 0.000251
2026-05-20 10:18:52 - __main__ - INFO - Train: loss 0.8172 acc1 99.10%
2026-05-20 10:18:52 - __main__ - INFO - Val:   loss 3.4851 acc1 42.11%
2026-05-20 10:18:52 - __main__ - INFO - 
Epoch 72/100 | lr 0.000236
2026-05-20 10:19:05 - __main__ - INFO - Train: loss 0.8169 acc1 99.08%
2026-05-20 10:19:05 - __main__ - INFO - Val:   loss 3.4369 acc1 42.71%
2026-05-20 10:19:05 - __main__ - INFO - saved best: 42.71%
2026-05-20 10:19:05 - __main__ - INFO - 
Epoch 73/100 | lr 0.000221
2026-05-20 10:19:18 - __main__ - INFO - Train: loss 0.8105 acc1 99.23%
2026-05-20 10:19:18 - __main__ - INFO - Val:   loss 3.4280 acc1 42.95%
2026-05-20 10:19:18 - __main__ - INFO - saved best: 42.95%
2026-05-20 10:19:18 - __main__ - INFO - 
Epoch 74/100 | lr 0.000207
2026-05-20 10:19:30 - __main__ - INFO - Train: loss 0.8079 acc1 99.36%
2026-05-20 10:19:30 - __main__ - INFO - Val:   loss 3.4591 acc1 42.36%
2026-05-20 10:19:30 - __main__ - INFO - 
Epoch 75/100 | lr 0.000193
2026-05-20 10:19:44 - __main__ - INFO - Train: loss 0.8072 acc1 99.36%
2026-05-20 10:19:44 - __main__ - INFO - Val:   loss 3.4920 acc1 41.58%
2026-05-20 10:19:44 - __main__ - INFO - 
Epoch 76/100 | lr 0.000179
2026-05-20 10:19:57 - __main__ - INFO - Train: loss 0.8053 acc1 99.42%
2026-05-20 10:19:57 - __main__ - INFO - Val:   loss 3.4604 acc1 42.86%
2026-05-20 10:19:57 - __main__ - INFO - 
Epoch 77/100 | lr 0.000166
2026-05-20 10:20:09 - __main__ - INFO - Train: loss 0.8040 acc1 99.45%
2026-05-20 10:20:09 - __main__ - INFO - Val:   loss 3.4766 acc1 42.34%
2026-05-20 10:20:09 - __main__ - INFO - 
Epoch 78/100 | lr 0.000154
2026-05-20 10:20:22 - __main__ - INFO - Train: loss 0.8020 acc1 99.46%
2026-05-20 10:20:22 - __main__ - INFO - Val:   loss 3.4583 acc1 42.70%
2026-05-20 10:20:22 - __main__ - INFO - 
Epoch 79/100 | lr 0.000141
2026-05-20 10:20:34 - __main__ - INFO - Train: loss 0.7994 acc1 99.55%
2026-05-20 10:20:34 - __main__ - INFO - Val:   loss 3.4875 acc1 42.27%
2026-05-20 10:20:34 - __main__ - INFO - 
Epoch 80/100 | lr 0.000129
2026-05-20 10:20:47 - __main__ - INFO - Train: loss 0.7994 acc1 99.59%
2026-05-20 10:20:47 - __main__ - INFO - Val:   loss 3.4444 acc1 42.97%
2026-05-20 10:20:47 - __main__ - INFO - saved best: 42.97%
2026-05-20 10:20:47 - __main__ - INFO - 
Epoch 81/100 | lr 0.000118
2026-05-20 10:21:00 - __main__ - INFO - Train: loss 0.7971 acc1 99.61%
2026-05-20 10:21:00 - __main__ - INFO - Val:   loss 3.4590 acc1 43.59%
2026-05-20 10:21:00 - __main__ - INFO - saved best: 43.59%
2026-05-20 10:21:00 - __main__ - INFO - 
Epoch 82/100 | lr 0.000107
2026-05-20 10:21:12 - __main__ - INFO - Train: loss 0.7968 acc1 99.61%
2026-05-20 10:21:12 - __main__ - INFO - Val:   loss 3.4486 acc1 43.26%
2026-05-20 10:21:12 - __main__ - INFO - 
Epoch 83/100 | lr 0.000096
2026-05-20 10:21:25 - __main__ - INFO - Train: loss 0.7939 acc1 99.73%
2026-05-20 10:21:25 - __main__ - INFO - Val:   loss 3.4636 acc1 43.09%
2026-05-20 10:21:25 - __main__ - INFO - 
Epoch 84/100 | lr 0.000086
2026-05-20 10:21:38 - __main__ - INFO - Train: loss 0.7949 acc1 99.68%
2026-05-20 10:21:38 - __main__ - INFO - Val:   loss 3.4814 acc1 43.12%
2026-05-20 10:21:38 - __main__ - INFO - 
Epoch 85/100 | lr 0.000077
2026-05-20 10:21:50 - __main__ - INFO - Train: loss 0.7938 acc1 99.72%
2026-05-20 10:21:50 - __main__ - INFO - Val:   loss 3.4533 acc1 43.49%
2026-05-20 10:21:50 - __main__ - INFO - 
Epoch 86/100 | lr 0.000068
2026-05-20 10:22:03 - __main__ - INFO - Train: loss 0.7921 acc1 99.76%
2026-05-20 10:22:03 - __main__ - INFO - Val:   loss 3.4661 acc1 42.99%
2026-05-20 10:22:03 - __main__ - INFO - 
Epoch 87/100 | lr 0.000059
2026-05-20 10:22:16 - __main__ - INFO - Train: loss 0.7906 acc1 99.81%
2026-05-20 10:22:16 - __main__ - INFO - Val:   loss 3.4643 acc1 43.23%
2026-05-20 10:22:16 - __main__ - INFO - 
Epoch 88/100 | lr 0.000052
2026-05-20 10:22:28 - __main__ - INFO - Train: loss 0.7907 acc1 99.81%
2026-05-20 10:22:28 - __main__ - INFO - Val:   loss 3.4743 acc1 43.42%
2026-05-20 10:22:28 - __main__ - INFO - 
Epoch 89/100 | lr 0.000044
2026-05-20 10:22:41 - __main__ - INFO - Train: loss 0.7904 acc1 99.81%
2026-05-20 10:22:41 - __main__ - INFO - Val:   loss 3.4806 acc1 43.40%
2026-05-20 10:22:41 - __main__ - INFO - 
Epoch 90/100 | lr 0.000037
2026-05-20 10:22:54 - __main__ - INFO - Train: loss 0.7901 acc1 99.78%
2026-05-20 10:22:54 - __main__ - INFO - Val:   loss 3.4765 acc1 43.45%
2026-05-20 10:22:54 - __main__ - INFO - 
Epoch 91/100 | lr 0.000031
2026-05-20 10:23:07 - __main__ - INFO - Train: loss 0.7896 acc1 99.82%
2026-05-20 10:23:07 - __main__ - INFO - Val:   loss 3.4807 acc1 43.02%
2026-05-20 10:23:07 - __main__ - INFO - 
Epoch 92/100 | lr 0.000025
2026-05-20 10:23:20 - __main__ - INFO - Train: loss 0.7882 acc1 99.84%
2026-05-20 10:23:20 - __main__ - INFO - Val:   loss 3.4770 acc1 43.24%
2026-05-20 10:23:20 - __main__ - INFO - 
Epoch 93/100 | lr 0.000020
2026-05-20 10:23:33 - __main__ - INFO - Train: loss 0.7894 acc1 99.83%
2026-05-20 10:23:33 - __main__ - INFO - Val:   loss 3.4678 acc1 43.41%
2026-05-20 10:23:33 - __main__ - INFO - 
Epoch 94/100 | lr 0.000016
2026-05-20 10:23:45 - __main__ - INFO - Train: loss 0.7891 acc1 99.81%
2026-05-20 10:23:45 - __main__ - INFO - Val:   loss 3.4649 acc1 43.68%
2026-05-20 10:23:45 - __main__ - INFO - saved best: 43.68%
2026-05-20 10:23:45 - __main__ - INFO - 
Epoch 95/100 | lr 0.000012
2026-05-20 10:23:58 - __main__ - INFO - Train: loss 0.7886 acc1 99.83%
2026-05-20 10:23:58 - __main__ - INFO - Val:   loss 3.4608 acc1 43.70%
2026-05-20 10:23:58 - __main__ - INFO - saved best: 43.70%
2026-05-20 10:23:58 - __main__ - INFO - 
Epoch 96/100 | lr 0.000009
2026-05-20 10:24:10 - __main__ - INFO - Train: loss 0.7875 acc1 99.85%
2026-05-20 10:24:10 - __main__ - INFO - Val:   loss 3.4580 acc1 43.88%
2026-05-20 10:24:11 - __main__ - INFO - saved best: 43.88%
2026-05-20 10:24:11 - __main__ - INFO - 
Epoch 97/100 | lr 0.000006
2026-05-20 10:24:23 - __main__ - INFO - Train: loss 0.7869 acc1 99.88%
2026-05-20 10:24:23 - __main__ - INFO - Val:   loss 3.4618 acc1 43.64%
2026-05-20 10:24:23 - __main__ - INFO - 
Epoch 98/100 | lr 0.000004
2026-05-20 10:24:36 - __main__ - INFO - Train: loss 0.7874 acc1 99.87%
2026-05-20 10:24:36 - __main__ - INFO - Val:   loss 3.4625 acc1 43.79%
2026-05-20 10:24:36 - __main__ - INFO - 
Epoch 99/100 | lr 0.000002
2026-05-20 10:24:49 - __main__ - INFO - Train: loss 0.7872 acc1 99.88%
2026-05-20 10:24:49 - __main__ - INFO - Val:   loss 3.4616 acc1 43.88%
2026-05-20 10:24:49 - __main__ - INFO - 
Epoch 100/100 | lr 0.000001
2026-05-20 10:25:01 - __main__ - INFO - Train: loss 0.7878 acc1 99.85%
2026-05-20 10:25:01 - __main__ - INFO - Val:   loss 3.4621 acc1 43.83%
2026-05-20 10:25:01 - __main__ - INFO - Loaded best checkpoint weights for final test evaluation.
2026-05-20 10:25:05 - __main__ - INFO - 
Best tracked (val): 43.88%
2026-05-20 10:25:05 - __main__ - INFO - Final test: loss 3.4348 acc1 43.32%
2026-05-20 10:25:06 - __main__ - INFO -   Final training settings for output convnext_tiny [original]: batch_size=128, amp=False
2026-05-20 10:25:09 - __main__ - INFO - Variant [original] done — test acc 43.32%, test loss 3.4348
2026-05-20 10:25:09 - __main__ - INFO - 
============================================================
2026-05-20 10:25:09 - __main__ - INFO - Training output model: convnext_tiny [low_saliency]
2026-05-20 10:25:09 - __main__ - INFO -   Resolved config → opt=adamw, lr=0.001, wd=0.05, bs=128, epochs=100, scheduler=cosine, warmup=10
2026-05-20 10:25:09 - __main__ - INFO - ============================================================
2026-05-20 10:25:09 - __main__ - INFO -   Validation during training uses variant split with val_split=0.1
2026-05-20 10:25:09 - __main__ - INFO -   Final test uses low_saliency variant test split
2026-05-20 10:25:09 - __main__ - INFO -   Retry policy: training output convnext_tiny [low_saliency] with batch_size=128, amp=False
2026-05-20 10:25:09 - __main__ - INFO - device: cuda | cuda: True | gpu: NVIDIA L4
2026-05-20 10:25:10 - __main__ - INFO - Model: convnext_tiny | Dataset: cifar100 | Classes: 100 | Optimizer: adamw
2026-05-20 10:25:10 - __main__ - INFO - 
Epoch 1/100 | lr 0.000001
2026-05-20 10:25:23 - __main__ - INFO - Train: loss 4.7153 acc1 1.21%
2026-05-20 10:25:23 - __main__ - INFO - Val:   loss 4.6521 acc1 1.74%
2026-05-20 10:25:23 - __main__ - INFO - saved best: 1.74%
2026-05-20 10:25:23 - __main__ - INFO - 
Epoch 2/100 | lr 0.000101
2026-05-20 10:25:36 - __main__ - INFO - Train: loss 4.1760 acc1 8.91%
2026-05-20 10:25:36 - __main__ - INFO - Val:   loss 3.9454 acc1 13.36%
2026-05-20 10:25:36 - __main__ - INFO - saved best: 13.36%
2026-05-20 10:25:36 - __main__ - INFO - 
Epoch 3/100 | lr 0.000201
2026-05-20 10:25:49 - __main__ - INFO - Train: loss 3.9356 acc1 12.92%
2026-05-20 10:25:49 - __main__ - INFO - Val:   loss 3.7047 acc1 17.06%
2026-05-20 10:25:49 - __main__ - INFO - saved best: 17.06%
2026-05-20 10:25:49 - __main__ - INFO - 
Epoch 4/100 | lr 0.000301
2026-05-20 10:26:02 - __main__ - INFO - Train: loss 3.7360 acc1 16.63%
2026-05-20 10:26:02 - __main__ - INFO - Val:   loss 3.6096 acc1 19.99%
2026-05-20 10:26:02 - __main__ - INFO - saved best: 19.99%
2026-05-20 10:26:02 - __main__ - INFO - 
Epoch 5/100 | lr 0.000401
2026-05-20 10:26:15 - __main__ - INFO - Train: loss 3.5839 acc1 19.58%
2026-05-20 10:26:15 - __main__ - INFO - Val:   loss 3.4254 acc1 24.40%
2026-05-20 10:26:15 - __main__ - INFO - saved best: 24.40%
2026-05-20 10:26:15 - __main__ - INFO - 
Epoch 6/100 | lr 0.000501
2026-05-20 10:26:27 - __main__ - INFO - Train: loss 3.4664 acc1 22.38%
2026-05-20 10:26:27 - __main__ - INFO - Val:   loss 3.3542 acc1 25.02%
2026-05-20 10:26:27 - __main__ - INFO - saved best: 25.02%
2026-05-20 10:26:27 - __main__ - INFO - 
Epoch 7/100 | lr 0.000600
2026-05-20 10:26:40 - __main__ - INFO - Train: loss 3.3673 acc1 24.48%
2026-05-20 10:26:40 - __main__ - INFO - Val:   loss 3.2756 acc1 26.17%
2026-05-20 10:26:40 - __main__ - INFO - saved best: 26.17%
2026-05-20 10:26:40 - __main__ - INFO - 
Epoch 8/100 | lr 0.000700
2026-05-20 10:26:53 - __main__ - INFO - Train: loss 3.2852 acc1 26.17%
2026-05-20 10:26:53 - __main__ - INFO - Val:   loss 3.2063 acc1 28.42%
2026-05-20 10:26:53 - __main__ - INFO - saved best: 28.42%
2026-05-20 10:26:53 - __main__ - INFO - 
Epoch 9/100 | lr 0.000800
2026-05-20 10:27:05 - __main__ - INFO - Train: loss 3.2007 acc1 28.57%
2026-05-20 10:27:05 - __main__ - INFO - Val:   loss 3.1968 acc1 29.47%
2026-05-20 10:27:05 - __main__ - INFO - saved best: 29.47%
2026-05-20 10:27:05 - __main__ - INFO - 
Epoch 10/100 | lr 0.000900
2026-05-20 10:27:19 - __main__ - INFO - Train: loss 3.1305 acc1 29.84%
2026-05-20 10:27:19 - __main__ - INFO - Val:   loss 3.0889 acc1 30.81%
2026-05-20 10:27:19 - __main__ - INFO - saved best: 30.81%
2026-05-20 10:27:19 - __main__ - INFO - 
Epoch 11/100 | lr 0.001000
2026-05-20 10:27:31 - __main__ - INFO - Train: loss 3.0691 acc1 31.72%
2026-05-20 10:27:31 - __main__ - INFO - Val:   loss 3.0726 acc1 32.87%
2026-05-20 10:27:31 - __main__ - INFO - saved best: 32.87%
2026-05-20 10:27:31 - __main__ - INFO - 
Epoch 12/100 | lr 0.001000
2026-05-20 10:27:44 - __main__ - INFO - Train: loss 2.9732 acc1 33.87%
2026-05-20 10:27:44 - __main__ - INFO - Val:   loss 3.0496 acc1 32.83%
2026-05-20 10:27:44 - __main__ - INFO - 
Epoch 13/100 | lr 0.000999
2026-05-20 10:27:57 - __main__ - INFO - Train: loss 2.8736 acc1 36.35%
2026-05-20 10:27:57 - __main__ - INFO - Val:   loss 2.9722 acc1 34.44%
2026-05-20 10:27:57 - __main__ - INFO - saved best: 34.44%
2026-05-20 10:27:57 - __main__ - INFO - 
Epoch 14/100 | lr 0.000997
2026-05-20 10:28:10 - __main__ - INFO - Train: loss 2.7866 acc1 38.56%
2026-05-20 10:28:10 - __main__ - INFO - Val:   loss 2.9214 acc1 36.25%
2026-05-20 10:28:10 - __main__ - INFO - saved best: 36.25%
2026-05-20 10:28:10 - __main__ - INFO - 
Epoch 15/100 | lr 0.000995
2026-05-20 10:28:23 - __main__ - INFO - Train: loss 2.6924 acc1 41.11%
2026-05-20 10:28:23 - __main__ - INFO - Val:   loss 2.8511 acc1 37.87%
2026-05-20 10:28:23 - __main__ - INFO - saved best: 37.87%
2026-05-20 10:28:23 - __main__ - INFO - 
Epoch 16/100 | lr 0.000992
2026-05-20 10:28:35 - __main__ - INFO - Train: loss 2.5976 acc1 43.53%
2026-05-20 10:28:35 - __main__ - INFO - Val:   loss 2.8415 acc1 38.33%
2026-05-20 10:28:35 - __main__ - INFO - saved best: 38.33%
2026-05-20 10:28:35 - __main__ - INFO - 
Epoch 17/100 | lr 0.000989
2026-05-20 10:28:48 - __main__ - INFO - Train: loss 2.5031 acc1 46.14%
2026-05-20 10:28:48 - __main__ - INFO - Val:   loss 2.8044 acc1 39.94%
2026-05-20 10:28:48 - __main__ - INFO - saved best: 39.94%
2026-05-20 10:28:48 - __main__ - INFO - 
Epoch 18/100 | lr 0.000985
2026-05-20 10:29:01 - __main__ - INFO - Train: loss 2.4071 acc1 48.71%
2026-05-20 10:29:01 - __main__ - INFO - Val:   loss 2.8113 acc1 40.46%
2026-05-20 10:29:01 - __main__ - INFO - saved best: 40.46%
2026-05-20 10:29:01 - __main__ - INFO - 
Epoch 19/100 | lr 0.000981
2026-05-20 10:29:14 - __main__ - INFO - Train: loss 2.3059 acc1 51.66%
2026-05-20 10:29:14 - __main__ - INFO - Val:   loss 2.7788 acc1 41.29%
2026-05-20 10:29:14 - __main__ - INFO - saved best: 41.29%
2026-05-20 10:29:14 - __main__ - INFO - 
Epoch 20/100 | lr 0.000976
2026-05-20 10:29:27 - __main__ - INFO - Train: loss 2.2013 acc1 54.69%
2026-05-20 10:29:27 - __main__ - INFO - Val:   loss 2.7770 acc1 42.02%
2026-05-20 10:29:27 - __main__ - INFO - saved best: 42.02%
2026-05-20 10:29:27 - __main__ - INFO - 
Epoch 21/100 | lr 0.000970
2026-05-20 10:29:39 - __main__ - INFO - Train: loss 2.0850 acc1 58.38%
2026-05-20 10:29:39 - __main__ - INFO - Val:   loss 2.8213 acc1 41.58%
2026-05-20 10:29:39 - __main__ - INFO - 
Epoch 22/100 | lr 0.000964
2026-05-20 10:29:52 - __main__ - INFO - Train: loss 1.9681 acc1 62.05%
2026-05-20 10:29:52 - __main__ - INFO - Val:   loss 2.8337 acc1 41.64%
2026-05-20 10:29:52 - __main__ - INFO - 
Epoch 23/100 | lr 0.000957
2026-05-20 10:30:05 - __main__ - INFO - Train: loss 1.8617 acc1 65.45%
2026-05-20 10:30:05 - __main__ - INFO - Val:   loss 2.8624 acc1 43.25%
2026-05-20 10:30:05 - __main__ - INFO - saved best: 43.25%
2026-05-20 10:30:05 - __main__ - INFO - 
Epoch 24/100 | lr 0.000949
2026-05-20 10:30:18 - __main__ - INFO - Train: loss 1.7555 acc1 68.81%
2026-05-20 10:30:18 - __main__ - INFO - Val:   loss 2.9155 acc1 41.15%
2026-05-20 10:30:18 - __main__ - INFO - 
Epoch 25/100 | lr 0.000942
2026-05-20 10:30:30 - __main__ - INFO - Train: loss 1.6476 acc1 73.00%
2026-05-20 10:30:30 - __main__ - INFO - Val:   loss 2.9040 acc1 43.26%
2026-05-20 10:30:30 - __main__ - INFO - saved best: 43.26%
2026-05-20 10:30:30 - __main__ - INFO - 
Epoch 26/100 | lr 0.000933
2026-05-20 10:30:43 - __main__ - INFO - Train: loss 1.5492 acc1 76.36%
2026-05-20 10:30:43 - __main__ - INFO - Val:   loss 2.9057 acc1 43.45%
2026-05-20 10:30:43 - __main__ - INFO - saved best: 43.45%
2026-05-20 10:30:43 - __main__ - INFO - 
Epoch 27/100 | lr 0.000924
2026-05-20 10:30:56 - __main__ - INFO - Train: loss 1.4598 acc1 79.67%
2026-05-20 10:30:56 - __main__ - INFO - Val:   loss 2.9973 acc1 42.80%
2026-05-20 10:30:56 - __main__ - INFO - 
Epoch 28/100 | lr 0.000915
2026-05-20 10:31:09 - __main__ - INFO - Train: loss 1.3822 acc1 82.31%
2026-05-20 10:31:09 - __main__ - INFO - Val:   loss 2.9633 acc1 43.86%
2026-05-20 10:31:09 - __main__ - INFO - saved best: 43.86%
2026-05-20 10:31:09 - __main__ - INFO - 
Epoch 29/100 | lr 0.000905
2026-05-20 10:31:22 - __main__ - INFO - Train: loss 1.3153 acc1 84.96%
2026-05-20 10:31:22 - __main__ - INFO - Val:   loss 3.0163 acc1 43.24%
2026-05-20 10:31:22 - __main__ - INFO - 
Epoch 30/100 | lr 0.000894
2026-05-20 10:31:34 - __main__ - INFO - Train: loss 1.2529 acc1 87.48%
2026-05-20 10:31:34 - __main__ - INFO - Val:   loss 3.0124 acc1 42.83%
2026-05-20 10:31:34 - __main__ - INFO - 
Epoch 31/100 | lr 0.000883
2026-05-20 10:31:47 - __main__ - INFO - Train: loss 1.2182 acc1 88.67%
2026-05-20 10:31:47 - __main__ - INFO - Val:   loss 3.0537 acc1 43.68%
2026-05-20 10:31:47 - __main__ - INFO - 
Epoch 32/100 | lr 0.000872
2026-05-20 10:32:00 - __main__ - INFO - Train: loss 1.1897 acc1 89.67%
2026-05-20 10:32:00 - __main__ - INFO - Val:   loss 2.9788 acc1 44.69%
2026-05-20 10:32:00 - __main__ - INFO - saved best: 44.69%
2026-05-20 10:32:00 - __main__ - INFO - 
Epoch 33/100 | lr 0.000860
2026-05-20 10:32:13 - __main__ - INFO - Train: loss 1.1513 acc1 91.01%
2026-05-20 10:32:13 - __main__ - INFO - Val:   loss 3.0175 acc1 43.99%
2026-05-20 10:32:13 - __main__ - INFO - 
Epoch 34/100 | lr 0.000847
2026-05-20 10:32:25 - __main__ - INFO - Train: loss 1.1286 acc1 91.72%
2026-05-20 10:32:25 - __main__ - INFO - Val:   loss 2.9919 acc1 44.44%
2026-05-20 10:32:25 - __main__ - INFO - 
Epoch 35/100 | lr 0.000835
2026-05-20 10:32:38 - __main__ - INFO - Train: loss 1.1088 acc1 92.38%
2026-05-20 10:32:38 - __main__ - INFO - Val:   loss 2.9990 acc1 44.02%
2026-05-20 10:32:38 - __main__ - INFO - 
Epoch 36/100 | lr 0.000822
2026-05-20 10:32:51 - __main__ - INFO - Train: loss 1.0880 acc1 92.98%
2026-05-20 10:32:51 - __main__ - INFO - Val:   loss 3.0886 acc1 43.29%
2026-05-20 10:32:51 - __main__ - INFO - 
Epoch 37/100 | lr 0.000808
2026-05-20 10:33:04 - __main__ - INFO - Train: loss 1.0720 acc1 93.26%
2026-05-20 10:33:04 - __main__ - INFO - Val:   loss 3.0406 acc1 43.71%
2026-05-20 10:33:04 - __main__ - INFO - 
Epoch 38/100 | lr 0.000794
2026-05-20 10:33:17 - __main__ - INFO - Train: loss 1.0455 acc1 94.10%
2026-05-20 10:33:17 - __main__ - INFO - Val:   loss 3.0113 acc1 44.61%
2026-05-20 10:33:17 - __main__ - INFO - 
Epoch 39/100 | lr 0.000780
2026-05-20 10:33:30 - __main__ - INFO - Train: loss 1.0362 acc1 94.20%
2026-05-20 10:33:30 - __main__ - INFO - Val:   loss 3.0453 acc1 43.26%
2026-05-20 10:33:30 - __main__ - INFO - 
Epoch 40/100 | lr 0.000765
2026-05-20 10:33:42 - __main__ - INFO - Train: loss 1.0248 acc1 94.40%
2026-05-20 10:33:42 - __main__ - INFO - Val:   loss 3.0775 acc1 43.58%
2026-05-20 10:33:42 - __main__ - INFO - 
Epoch 41/100 | lr 0.000750
2026-05-20 10:33:55 - __main__ - INFO - Train: loss 1.0161 acc1 94.38%
2026-05-20 10:33:55 - __main__ - INFO - Val:   loss 3.1226 acc1 42.82%
2026-05-20 10:33:55 - __main__ - INFO - 
Epoch 42/100 | lr 0.000735
2026-05-20 10:34:07 - __main__ - INFO - Train: loss 1.0106 acc1 94.36%
2026-05-20 10:34:07 - __main__ - INFO - Val:   loss 3.0899 acc1 43.27%
2026-05-20 10:34:07 - __main__ - INFO - 
Epoch 43/100 | lr 0.000719
2026-05-20 10:34:20 - __main__ - INFO - Train: loss 1.0113 acc1 94.04%
2026-05-20 10:34:20 - __main__ - INFO - Val:   loss 3.1104 acc1 43.55%
2026-05-20 10:34:20 - __main__ - INFO - 
Epoch 44/100 | lr 0.000704
2026-05-20 10:34:33 - __main__ - INFO - Train: loss 0.9739 acc1 95.43%
2026-05-20 10:34:33 - __main__ - INFO - Val:   loss 3.1197 acc1 43.88%
2026-05-20 10:34:33 - __main__ - INFO - 
Epoch 45/100 | lr 0.000688
2026-05-20 10:34:45 - __main__ - INFO - Train: loss 0.9696 acc1 95.42%
2026-05-20 10:34:45 - __main__ - INFO - Val:   loss 3.1185 acc1 44.46%
2026-05-20 10:34:45 - __main__ - INFO - 
Epoch 46/100 | lr 0.000671
2026-05-20 10:34:58 - __main__ - INFO - Train: loss 0.9582 acc1 95.68%
2026-05-20 10:34:58 - __main__ - INFO - Val:   loss 3.1677 acc1 42.68%
2026-05-20 10:34:58 - __main__ - INFO - 
Epoch 47/100 | lr 0.000655
2026-05-20 10:35:11 - __main__ - INFO - Train: loss 0.9588 acc1 95.52%
2026-05-20 10:35:11 - __main__ - INFO - Val:   loss 3.1201 acc1 44.33%
2026-05-20 10:35:11 - __main__ - INFO - 
Epoch 48/100 | lr 0.000638
2026-05-20 10:35:23 - __main__ - INFO - Train: loss 0.9422 acc1 95.91%
2026-05-20 10:35:23 - __main__ - INFO - Val:   loss 3.1685 acc1 43.77%
2026-05-20 10:35:23 - __main__ - INFO - 
Epoch 49/100 | lr 0.000621
2026-05-20 10:35:36 - __main__ - INFO - Train: loss 0.9309 acc1 96.19%
2026-05-20 10:35:36 - __main__ - INFO - Val:   loss 3.2100 acc1 43.14%
2026-05-20 10:35:36 - __main__ - INFO - 
Epoch 50/100 | lr 0.000604
2026-05-20 10:35:48 - __main__ - INFO - Train: loss 0.9331 acc1 96.05%
2026-05-20 10:35:48 - __main__ - INFO - Val:   loss 3.2011 acc1 43.05%
2026-05-20 10:35:48 - __main__ - INFO - 
Epoch 51/100 | lr 0.000587
2026-05-20 10:36:00 - __main__ - INFO - Train: loss 0.9224 acc1 96.39%
2026-05-20 10:36:00 - __main__ - INFO - Val:   loss 3.1890 acc1 43.74%
2026-05-20 10:36:00 - __main__ - INFO - 
Epoch 52/100 | lr 0.000570
2026-05-20 10:36:13 - __main__ - INFO - Train: loss 0.9034 acc1 96.99%
2026-05-20 10:36:13 - __main__ - INFO - Val:   loss 3.2347 acc1 42.45%
2026-05-20 10:36:13 - __main__ - INFO - 
Epoch 53/100 | lr 0.000553
2026-05-20 10:36:26 - __main__ - INFO - Train: loss 0.9012 acc1 97.04%
2026-05-20 10:36:26 - __main__ - INFO - Val:   loss 3.2428 acc1 43.37%
2026-05-20 10:36:26 - __main__ - INFO - 
Epoch 54/100 | lr 0.000535
2026-05-20 10:36:39 - __main__ - INFO - Train: loss 0.9024 acc1 96.91%
2026-05-20 10:36:39 - __main__ - INFO - Val:   loss 3.1912 acc1 44.15%
2026-05-20 10:36:39 - __main__ - INFO - 
Epoch 55/100 | lr 0.000518
2026-05-20 10:36:52 - __main__ - INFO - Train: loss 0.8986 acc1 96.98%
2026-05-20 10:36:52 - __main__ - INFO - Val:   loss 3.2519 acc1 43.07%
2026-05-20 10:36:52 - __main__ - INFO - 
Epoch 56/100 | lr 0.000500
2026-05-20 10:37:04 - __main__ - INFO - Train: loss 0.8871 acc1 97.36%
2026-05-20 10:37:04 - __main__ - INFO - Val:   loss 3.2477 acc1 43.75%
2026-05-20 10:37:04 - __main__ - INFO - 
Epoch 57/100 | lr 0.000483
2026-05-20 10:37:17 - __main__ - INFO - Train: loss 0.8768 acc1 97.68%
2026-05-20 10:37:17 - __main__ - INFO - Val:   loss 3.2895 acc1 43.02%
2026-05-20 10:37:17 - __main__ - INFO - 
Epoch 58/100 | lr 0.000466
2026-05-20 10:37:30 - __main__ - INFO - Train: loss 0.8699 acc1 97.97%
2026-05-20 10:37:30 - __main__ - INFO - Val:   loss 3.2208 acc1 43.80%
2026-05-20 10:37:30 - __main__ - INFO - 
Epoch 59/100 | lr 0.000448
2026-05-20 10:37:42 - __main__ - INFO - Train: loss 0.8650 acc1 98.08%
2026-05-20 10:37:42 - __main__ - INFO - Val:   loss 3.2211 acc1 44.66%
2026-05-20 10:37:42 - __main__ - INFO - 
Epoch 60/100 | lr 0.000431
2026-05-20 10:37:55 - __main__ - INFO - Train: loss 0.8635 acc1 98.01%
2026-05-20 10:37:55 - __main__ - INFO - Val:   loss 3.2487 acc1 43.83%
2026-05-20 10:37:55 - __main__ - INFO - 
Epoch 61/100 | lr 0.000414
2026-05-20 10:38:09 - __main__ - INFO - Train: loss 0.8659 acc1 97.94%
2026-05-20 10:38:09 - __main__ - INFO - Val:   loss 3.2498 acc1 43.78%
2026-05-20 10:38:09 - __main__ - INFO - 
Epoch 62/100 | lr 0.000397
2026-05-20 10:38:21 - __main__ - INFO - Train: loss 0.8632 acc1 97.99%
2026-05-20 10:38:21 - __main__ - INFO - Val:   loss 3.2623 acc1 43.99%
2026-05-20 10:38:21 - __main__ - INFO - 
Epoch 63/100 | lr 0.000380
2026-05-20 10:38:34 - __main__ - INFO - Train: loss 0.8499 acc1 98.45%
2026-05-20 10:38:34 - __main__ - INFO - Val:   loss 3.2255 acc1 44.37%
2026-05-20 10:38:34 - __main__ - INFO - 
Epoch 64/100 | lr 0.000363
2026-05-20 10:38:46 - __main__ - INFO - Train: loss 0.8449 acc1 98.63%
2026-05-20 10:38:46 - __main__ - INFO - Val:   loss 3.2488 acc1 44.20%
2026-05-20 10:38:46 - __main__ - INFO - 
Epoch 65/100 | lr 0.000346
2026-05-20 10:38:59 - __main__ - INFO - Train: loss 0.8423 acc1 98.61%
2026-05-20 10:38:59 - __main__ - INFO - Val:   loss 3.2437 acc1 43.69%
2026-05-20 10:38:59 - __main__ - INFO - 
Epoch 66/100 | lr 0.000330
2026-05-20 10:39:12 - __main__ - INFO - Train: loss 0.8393 acc1 98.70%
2026-05-20 10:39:12 - __main__ - INFO - Val:   loss 3.2604 acc1 43.97%
2026-05-20 10:39:12 - __main__ - INFO - 
Epoch 67/100 | lr 0.000313
2026-05-20 10:39:25 - __main__ - INFO - Train: loss 0.8327 acc1 98.91%
2026-05-20 10:39:25 - __main__ - INFO - Val:   loss 3.2359 acc1 44.85%
2026-05-20 10:39:25 - __main__ - INFO - saved best: 44.85%
2026-05-20 10:39:25 - __main__ - INFO - 
Epoch 68/100 | lr 0.000297
2026-05-20 10:39:37 - __main__ - INFO - Train: loss 0.8294 acc1 99.00%
2026-05-20 10:39:37 - __main__ - INFO - Val:   loss 3.2840 acc1 43.76%
2026-05-20 10:39:37 - __main__ - INFO - 
Epoch 69/100 | lr 0.000282
2026-05-20 10:39:50 - __main__ - INFO - Train: loss 0.8309 acc1 98.97%
2026-05-20 10:39:50 - __main__ - INFO - Val:   loss 3.2762 acc1 44.12%
2026-05-20 10:39:50 - __main__ - INFO - 
Epoch 70/100 | lr 0.000266
2026-05-20 10:40:03 - __main__ - INFO - Train: loss 0.8235 acc1 99.14%
2026-05-20 10:40:03 - __main__ - INFO - Val:   loss 3.2764 acc1 44.24%
2026-05-20 10:40:03 - __main__ - INFO - 
Epoch 71/100 | lr 0.000251
2026-05-20 10:40:16 - __main__ - INFO - Train: loss 0.8209 acc1 99.17%
2026-05-20 10:40:16 - __main__ - INFO - Val:   loss 3.2873 acc1 43.99%
2026-05-20 10:40:16 - __main__ - INFO - 
Epoch 72/100 | lr 0.000236
2026-05-20 10:40:29 - __main__ - INFO - Train: loss 0.8175 acc1 99.31%
2026-05-20 10:40:29 - __main__ - INFO - Val:   loss 3.2409 acc1 44.41%
2026-05-20 10:40:29 - __main__ - INFO - 
Epoch 73/100 | lr 0.000221
2026-05-20 10:40:42 - __main__ - INFO - Train: loss 0.8156 acc1 99.38%
2026-05-20 10:40:42 - __main__ - INFO - Val:   loss 3.2741 acc1 44.67%
2026-05-20 10:40:42 - __main__ - INFO - 
Epoch 74/100 | lr 0.000207
2026-05-20 10:40:55 - __main__ - INFO - Train: loss 0.8137 acc1 99.43%
2026-05-20 10:40:55 - __main__ - INFO - Val:   loss 3.2595 acc1 44.84%
2026-05-20 10:40:55 - __main__ - INFO - 
Epoch 75/100 | lr 0.000193
2026-05-20 10:41:07 - __main__ - INFO - Train: loss 0.8119 acc1 99.42%
2026-05-20 10:41:07 - __main__ - INFO - Val:   loss 3.2458 acc1 44.85%
2026-05-20 10:41:07 - __main__ - INFO - 
Epoch 76/100 | lr 0.000179
2026-05-20 10:41:20 - __main__ - INFO - Train: loss 0.8105 acc1 99.44%
2026-05-20 10:41:20 - __main__ - INFO - Val:   loss 3.2411 acc1 44.64%
2026-05-20 10:41:20 - __main__ - INFO - 
Epoch 77/100 | lr 0.000166
2026-05-20 10:41:33 - __main__ - INFO - Train: loss 0.8066 acc1 99.58%
2026-05-20 10:41:33 - __main__ - INFO - Val:   loss 3.2628 acc1 44.84%
2026-05-20 10:41:33 - __main__ - INFO - 
Epoch 78/100 | lr 0.000154
2026-05-20 10:41:45 - __main__ - INFO - Train: loss 0.8050 acc1 99.62%
2026-05-20 10:41:45 - __main__ - INFO - Val:   loss 3.2376 acc1 45.51%
2026-05-20 10:41:45 - __main__ - INFO - saved best: 45.51%
2026-05-20 10:41:45 - __main__ - INFO - 
Epoch 79/100 | lr 0.000141
2026-05-20 10:41:59 - __main__ - INFO - Train: loss 0.8020 acc1 99.70%
2026-05-20 10:41:59 - __main__ - INFO - Val:   loss 3.2504 acc1 46.04%
2026-05-20 10:41:59 - __main__ - INFO - saved best: 46.04%
2026-05-20 10:41:59 - __main__ - INFO - 
Epoch 80/100 | lr 0.000129
2026-05-20 10:42:11 - __main__ - INFO - Train: loss 0.8025 acc1 99.68%
2026-05-20 10:42:11 - __main__ - INFO - Val:   loss 3.2777 acc1 44.89%
2026-05-20 10:42:11 - __main__ - INFO - 
Epoch 81/100 | lr 0.000118
2026-05-20 10:42:24 - __main__ - INFO - Train: loss 0.8013 acc1 99.68%
2026-05-20 10:42:24 - __main__ - INFO - Val:   loss 3.2852 acc1 45.03%
2026-05-20 10:42:24 - __main__ - INFO - 
Epoch 82/100 | lr 0.000107
2026-05-20 10:42:37 - __main__ - INFO - Train: loss 0.7996 acc1 99.71%
2026-05-20 10:42:37 - __main__ - INFO - Val:   loss 3.2732 acc1 45.13%
2026-05-20 10:42:37 - __main__ - INFO - 
Epoch 83/100 | lr 0.000096
2026-05-20 10:42:49 - __main__ - INFO - Train: loss 0.7982 acc1 99.79%
2026-05-20 10:42:49 - __main__ - INFO - Val:   loss 3.2660 acc1 45.32%
2026-05-20 10:42:49 - __main__ - INFO - 
Epoch 84/100 | lr 0.000086
2026-05-20 10:43:02 - __main__ - INFO - Train: loss 0.7979 acc1 99.75%
2026-05-20 10:43:02 - __main__ - INFO - Val:   loss 3.2661 acc1 45.21%
2026-05-20 10:43:02 - __main__ - INFO - 
Epoch 85/100 | lr 0.000077
2026-05-20 10:43:15 - __main__ - INFO - Train: loss 0.7965 acc1 99.80%
2026-05-20 10:43:15 - __main__ - INFO - Val:   loss 3.2545 acc1 45.89%
2026-05-20 10:43:15 - __main__ - INFO - 
Epoch 86/100 | lr 0.000068
2026-05-20 10:43:27 - __main__ - INFO - Train: loss 0.7958 acc1 99.80%
2026-05-20 10:43:27 - __main__ - INFO - Val:   loss 3.2408 acc1 46.06%
2026-05-20 10:43:27 - __main__ - INFO - saved best: 46.06%
2026-05-20 10:43:27 - __main__ - INFO - 
Epoch 87/100 | lr 0.000059
2026-05-20 10:43:40 - __main__ - INFO - Train: loss 0.7946 acc1 99.83%
2026-05-20 10:43:40 - __main__ - INFO - Val:   loss 3.2432 acc1 45.86%
2026-05-20 10:43:40 - __main__ - INFO - 
Epoch 88/100 | lr 0.000052
2026-05-20 10:43:53 - __main__ - INFO - Train: loss 0.7943 acc1 99.84%
2026-05-20 10:43:53 - __main__ - INFO - Val:   loss 3.2331 acc1 46.58%
2026-05-20 10:43:53 - __main__ - INFO - saved best: 46.58%
2026-05-20 10:43:53 - __main__ - INFO - 
Epoch 89/100 | lr 0.000044
2026-05-20 10:44:06 - __main__ - INFO - Train: loss 0.7935 acc1 99.85%
2026-05-20 10:44:06 - __main__ - INFO - Val:   loss 3.2484 acc1 46.18%
2026-05-20 10:44:06 - __main__ - INFO - 
Epoch 90/100 | lr 0.000037
2026-05-20 10:44:19 - __main__ - INFO - Train: loss 0.7932 acc1 99.87%
2026-05-20 10:44:19 - __main__ - INFO - Val:   loss 3.2429 acc1 46.35%
2026-05-20 10:44:19 - __main__ - INFO - 
Epoch 91/100 | lr 0.000031
2026-05-20 10:44:31 - __main__ - INFO - Train: loss 0.7920 acc1 99.89%
2026-05-20 10:44:31 - __main__ - INFO - Val:   loss 3.2417 acc1 46.46%
2026-05-20 10:44:31 - __main__ - INFO - 
Epoch 92/100 | lr 0.000025
2026-05-20 10:44:44 - __main__ - INFO - Train: loss 0.7916 acc1 99.88%
2026-05-20 10:44:44 - __main__ - INFO - Val:   loss 3.2447 acc1 46.15%
2026-05-20 10:44:44 - __main__ - INFO - 
Epoch 93/100 | lr 0.000020
2026-05-20 10:44:57 - __main__ - INFO - Train: loss 0.7924 acc1 99.91%
2026-05-20 10:44:57 - __main__ - INFO - Val:   loss 3.2442 acc1 46.47%
2026-05-20 10:44:57 - __main__ - INFO - 
Epoch 94/100 | lr 0.000016
2026-05-20 10:45:10 - __main__ - INFO - Train: loss 0.7915 acc1 99.90%
2026-05-20 10:45:10 - __main__ - INFO - Val:   loss 3.2443 acc1 46.20%
2026-05-20 10:45:10 - __main__ - INFO - 
Epoch 95/100 | lr 0.000012
2026-05-20 10:45:22 - __main__ - INFO - Train: loss 0.7913 acc1 99.90%
2026-05-20 10:45:22 - __main__ - INFO - Val:   loss 3.2441 acc1 46.35%
2026-05-20 10:45:22 - __main__ - INFO - 
Epoch 96/100 | lr 0.000009
2026-05-20 10:45:35 - __main__ - INFO - Train: loss 0.7914 acc1 99.89%
2026-05-20 10:45:35 - __main__ - INFO - Val:   loss 3.2445 acc1 46.28%
2026-05-20 10:45:35 - __main__ - INFO - 
Epoch 97/100 | lr 0.000006
2026-05-20 10:45:48 - __main__ - INFO - Train: loss 0.7902 acc1 99.94%
2026-05-20 10:45:48 - __main__ - INFO - Val:   loss 3.2411 acc1 46.34%
2026-05-20 10:45:48 - __main__ - INFO - 
Epoch 98/100 | lr 0.000004
2026-05-20 10:46:01 - __main__ - INFO - Train: loss 0.7907 acc1 99.92%
2026-05-20 10:46:01 - __main__ - INFO - Val:   loss 3.2413 acc1 46.55%
2026-05-20 10:46:01 - __main__ - INFO - 
Epoch 99/100 | lr 0.000002
2026-05-20 10:46:13 - __main__ - INFO - Train: loss 0.7908 acc1 99.92%
2026-05-20 10:46:13 - __main__ - INFO - Val:   loss 3.2405 acc1 46.61%
2026-05-20 10:46:13 - __main__ - INFO - saved best: 46.61%
2026-05-20 10:46:13 - __main__ - INFO - 
Epoch 100/100 | lr 0.000001
2026-05-20 10:46:26 - __main__ - INFO - Train: loss 0.7910 acc1 99.91%
2026-05-20 10:46:26 - __main__ - INFO - Val:   loss 3.2402 acc1 46.63%
2026-05-20 10:46:26 - __main__ - INFO - saved best: 46.63%
2026-05-20 10:46:26 - __main__ - INFO - Loaded best checkpoint weights for final test evaluation.
2026-05-20 10:46:28 - __main__ - INFO - 
Best tracked (val): 46.63%
2026-05-20 10:46:28 - __main__ - INFO - Final test: loss 3.3432 acc1 44.86%
2026-05-20 10:46:28 - __main__ - INFO -   Final training settings for output convnext_tiny [low_saliency]: batch_size=128, amp=False
2026-05-20 10:46:32 - __main__ - INFO - Variant [low_saliency] done — test acc 44.86%, test loss 3.3432
2026-05-20 10:46:32 - __main__ - INFO - Saved validation comparison plot: runs/cifar100_2026_05/20/output_models/convnext_tiny/validation_comparison_plot.png
2026-05-20 10:46:32 - __main__ - INFO - 
Results saved to ./runs/cifar100_2026_05/20/comparison_results.json
2026-05-20 10:46:32 - __main__ - INFO - 
================================================================================================
2026-05-20 10:46:32 - __main__ - INFO - COMPARISON RESULTS — output model: resnet34
2026-05-20 10:46:32 - __main__ - INFO - ================================================================================================
2026-05-20 10:46:32 - __main__ - INFO - Variant            PrimaryAcc PrimaryLoss  OrigTestAcc OrigTestLoss
2026-05-20 10:46:32 - __main__ - INFO - ------------------ ---------- ---------- ------------ ------------
2026-05-20 10:46:32 - __main__ - INFO - original               76.62%     0.9506       76.62%       0.9506
2026-05-20 10:46:32 - __main__ - INFO - low_saliency           75.09%     1.1308       73.62%       1.1029
2026-05-20 10:46:32 - __main__ - INFO - Primary metrics use each variant's own test split; OrigTest* compares all variants on the same original test split.
2026-05-20 10:46:32 - __main__ - INFO - ================================================================================================
2026-05-20 10:46:32 - __main__ - INFO - CROSS-EVAL MATRIX — output model: resnet34
2026-05-20 10:46:32 - __main__ - INFO - Train / Test               original low_saliency
2026-05-20 10:46:32 - __main__ - INFO - ---------------------- ------------ ------------
2026-05-20 10:46:32 - __main__ - INFO - original                     76.62%       75.09%
2026-05-20 10:46:32 - __main__ - INFO - low_saliency                 73.62%       75.09%
2026-05-20 10:46:32 - __main__ - INFO - Interpretation: train(masked)->test(original) isolates augmentation transfer; train(original)->test(masked) isolates preprocessing effect.
2026-05-20 10:46:32 - __main__ - INFO - ================================================================================================
2026-05-20 10:46:32 - __main__ - INFO - 
================================================================================================
2026-05-20 10:46:32 - __main__ - INFO - COMPARISON RESULTS — output model: densenet121
2026-05-20 10:46:32 - __main__ - INFO - ================================================================================================
2026-05-20 10:46:32 - __main__ - INFO - Variant            PrimaryAcc PrimaryLoss  OrigTestAcc OrigTestLoss
2026-05-20 10:46:32 - __main__ - INFO - ------------------ ---------- ---------- ------------ ------------
2026-05-20 10:46:32 - __main__ - INFO - original               60.32%     2.0332       60.32%       2.0332
2026-05-20 10:46:32 - __main__ - INFO - low_saliency           61.66%     2.0585       56.92%       2.2439
2026-05-20 10:46:32 - __main__ - INFO - Primary metrics use each variant's own test split; OrigTest* compares all variants on the same original test split.
2026-05-20 10:46:32 - __main__ - INFO - ================================================================================================
2026-05-20 10:46:32 - __main__ - INFO - CROSS-EVAL MATRIX — output model: densenet121
2026-05-20 10:46:32 - __main__ - INFO - Train / Test               original low_saliency
2026-05-20 10:46:32 - __main__ - INFO - ---------------------- ------------ ------------
2026-05-20 10:46:32 - __main__ - INFO - original                     60.32%       55.43%
2026-05-20 10:46:32 - __main__ - INFO - low_saliency                 56.92%       61.66%
2026-05-20 10:46:32 - __main__ - INFO - Interpretation: train(masked)->test(original) isolates augmentation transfer; train(original)->test(masked) isolates preprocessing effect.
2026-05-20 10:46:32 - __main__ - INFO - ================================================================================================
2026-05-20 10:46:32 - __main__ - INFO - 
================================================================================================
2026-05-20 10:46:32 - __main__ - INFO - COMPARISON RESULTS — output model: efficientnet_b0
2026-05-20 10:46:32 - __main__ - INFO - ================================================================================================
2026-05-20 10:46:32 - __main__ - INFO - Variant            PrimaryAcc PrimaryLoss  OrigTestAcc OrigTestLoss
2026-05-20 10:46:32 - __main__ - INFO - ------------------ ---------- ---------- ------------ ------------
2026-05-20 10:46:32 - __main__ - INFO - original               53.22%     2.6336       53.22%       2.6336
2026-05-20 10:46:32 - __main__ - INFO - low_saliency           53.24%     2.8740       47.32%       3.2244
2026-05-20 10:46:32 - __main__ - INFO - Primary metrics use each variant's own test split; OrigTest* compares all variants on the same original test split.
2026-05-20 10:46:32 - __main__ - INFO - ================================================================================================
2026-05-20 10:46:32 - __main__ - INFO - CROSS-EVAL MATRIX — output model: efficientnet_b0
2026-05-20 10:46:32 - __main__ - INFO - Train / Test               original low_saliency
2026-05-20 10:46:32 - __main__ - INFO - ---------------------- ------------ ------------
2026-05-20 10:46:32 - __main__ - INFO - original                     53.22%       50.67%
2026-05-20 10:46:32 - __main__ - INFO - low_saliency                 47.32%       53.24%
2026-05-20 10:46:32 - __main__ - INFO - Interpretation: train(masked)->test(original) isolates augmentation transfer; train(original)->test(masked) isolates preprocessing effect.
2026-05-20 10:46:32 - __main__ - INFO - ================================================================================================
2026-05-20 10:46:32 - __main__ - INFO - 
================================================================================================
2026-05-20 10:46:32 - __main__ - INFO - COMPARISON RESULTS — output model: mobilenet_v3_small
2026-05-20 10:46:32 - __main__ - INFO - ================================================================================================
2026-05-20 10:46:32 - __main__ - INFO - Variant            PrimaryAcc PrimaryLoss  OrigTestAcc OrigTestLoss
2026-05-20 10:46:32 - __main__ - INFO - ------------------ ---------- ---------- ------------ ------------
2026-05-20 10:46:32 - __main__ - INFO - original               39.20%     2.5684       39.20%       2.5684
2026-05-20 10:46:32 - __main__ - INFO - low_saliency           40.93%     2.6018       34.22%       2.9974
2026-05-20 10:46:32 - __main__ - INFO - Primary metrics use each variant's own test split; OrigTest* compares all variants on the same original test split.
2026-05-20 10:46:32 - __main__ - INFO - ================================================================================================
2026-05-20 10:46:32 - __main__ - INFO - CROSS-EVAL MATRIX — output model: mobilenet_v3_small
2026-05-20 10:46:32 - __main__ - INFO - Train / Test               original low_saliency
2026-05-20 10:46:32 - __main__ - INFO - ---------------------- ------------ ------------
2026-05-20 10:46:32 - __main__ - INFO - original                     39.20%       36.15%
2026-05-20 10:46:32 - __main__ - INFO - low_saliency                 34.22%       40.93%
2026-05-20 10:46:32 - __main__ - INFO - Interpretation: train(masked)->test(original) isolates augmentation transfer; train(original)->test(masked) isolates preprocessing effect.
2026-05-20 10:46:32 - __main__ - INFO - ================================================================================================
2026-05-20 10:46:32 - __main__ - INFO - 
================================================================================================
2026-05-20 10:46:32 - __main__ - INFO - COMPARISON RESULTS — output model: convnext_tiny
2026-05-20 10:46:32 - __main__ - INFO - ================================================================================================
2026-05-20 10:46:32 - __main__ - INFO - Variant            PrimaryAcc PrimaryLoss  OrigTestAcc OrigTestLoss
2026-05-20 10:46:32 - __main__ - INFO - ------------------ ---------- ---------- ------------ ------------
2026-05-20 10:46:32 - __main__ - INFO - original               43.32%     3.4348       43.32%       3.0851
2026-05-20 10:46:32 - __main__ - INFO - low_saliency           44.86%     3.3432       39.44%       3.2802
2026-05-20 10:46:32 - __main__ - INFO - Primary metrics use each variant's own test split; OrigTest* compares all variants on the same original test split.
2026-05-20 10:46:32 - __main__ - INFO - ================================================================================================
2026-05-20 10:46:32 - __main__ - INFO - CROSS-EVAL MATRIX — output model: convnext_tiny
2026-05-20 10:46:32 - __main__ - INFO - Train / Test               original low_saliency
2026-05-20 10:46:32 - __main__ - INFO - ---------------------- ------------ ------------
2026-05-20 10:46:32 - __main__ - INFO - original                     43.32%       34.57%
2026-05-20 10:46:32 - __main__ - INFO - low_saliency                 39.44%       44.86%
2026-05-20 10:46:32 - __main__ - INFO - Interpretation: train(masked)->test(original) isolates augmentation transfer; train(original)->test(masked) isolates preprocessing effect.
2026-05-20 10:46:32 - __main__ - INFO - ================================================================================================
